"Time (s)","X (m/s^2)","Y (m/s^2)","Z (m/s^2)"
-5.109582562E-4,-1.225501556E0,2.756517792E0,8.954828339E0
9.465041803E-3,-1.292711792E0,2.841391296E0,9.129515076E0
1.944204164E-2,-1.377285919E0,2.972219238E0,9.347312164E0
2.941804170E-2,-1.392254791E0,2.983445892E0,9.550439758E0
3.939404176E-2,-1.484762421E0,2.974913635E0,9.575886841E0
4.937104159E-2,-1.515598297E0,2.938239899E0,9.659413147E0
5.934704165E-2,-1.465602264E0,2.902913361E0,9.699080658E0
6.932304171E-2,-1.412762146E0,2.883154449E0,9.876162415E0
7.930004178E-2,-1.409468994E0,2.887345734E0,1.002839584E1
8.927604160E-2,-1.380728760E0,2.855162659E0,9.791588287E0
9.925204166E-2,-1.194815369E0,2.723137207E0,9.143585815E0
1.092290417E-1,-1.156495056E0,2.580633545E0,9.882898407E0
1.192050418E-1,-1.055305481E0,2.333048401E0,9.669891357E0
1.291810416E-1,-1.014141083E0,2.180665283E0,9.295819244E0
1.391580417E-1,-9.265731812E-1,2.275118866E0,9.659562836E0
1.491340417E-1,-9.848020935E-1,2.337389374E0,9.630074158E0
1.591100418E-1,-8.885522461E-1,2.359243927E0,9.621392212E0
1.690870416E-1,-6.201603699E-1,1.974843292E0,9.856403503E0
1.790630417E-1,-4.927752686E-1,2.041454773E0,9.962233429E0
1.890390418E-1,-1.157991943E0,2.433489532E0,9.902956696E0
1.990160416E-1,-8.580157471E-1,2.382745056E0,9.916278992E0
2.089920416E-1,-5.842350769E-1,2.324366455E0,9.733059998E0
2.189680417E-1,-5.869294739E-1,2.402653656E0,9.948312378E0
2.289440418E-1,-3.808081055E-1,2.089953918E0,1.011776001E1
2.389210416E-1,-2.031275940E-1,1.818418579E0,1.035097504E1
2.488970417E-1,2.713856506E-1,1.445094910E0,1.041698776E1
2.588730417E-1,-2.543211365E-1,1.523232422E0,1.073477692E1
2.688500418E-1,-1.974394226E-1,1.339714050E0,1.053628967E1
2.788260416E-1,-1.642085266E-1,1.007854156E0,1.049512527E1
2.888020417E-1,1.556762695E-2,8.867559814E-1,1.058733353E1
2.987790417E-1,2.037263489E-1,1.411564636E0,1.067969147E1
3.087550418E-1,5.454656982E-1,1.444945221E0,1.082488953E1
3.187310416E-1,7.322772217E-1,1.221160583E0,1.097442856E1
3.287080417E-1,7.132667542E-1,1.071322174E0,1.099553467E1
3.386840418E-1,6.450086975E-1,7.933502197E-3,1.060424835E1
3.486600416E-1,7.226971436E-1,8.232879639E-2,1.030397278E1
3.586370416E-1,5.848338318E-1,6.002517700E-2,1.008497818E1
3.686130417E-1,7.372169495E-1,-7.093748474E-1,9.776020660E0
3.785890418E-1,1.006207581E0,-1.233135681E0,9.526639252E0
3.885660416E-1,3.975732422E-1,-1.733545074E0,9.088500366E0
3.985420417E-1,2.814147949E-2,-2.568808136E0,8.846753082E0
4.085180417E-1,-5.697152710E-1,-2.722538452E0,9.215137024E0
4.184950418E-1,1.057850189E0,-1.761237488E0,9.353449402E0
4.284710416E-1,2.699935455E0,-1.582060089E0,1.016880386E1
4.384470417E-1,2.867137756E0,-1.872156830E0,8.767118683E0
4.484240417E-1,2.736758881E0,-2.038311310E0,8.165819092E0
4.584000418E-1,2.071841583E0,-2.536026306E0,7.823630676E0
4.683760416E-1,1.636397095E0,-2.989433441E0,8.493338013E0
4.783530417E-1,2.444865875E0,-3.025059357E0,8.891360321E0
4.883290417E-1,2.900069275E0,-3.220103760E0,9.162895660E0
4.983050416E-1,3.157982941E0,-2.728226624E0,9.848170624E0
5.082820416E-1,3.238216095E0,-2.252515869E0,1.055889267E1
5.182580417E-1,4.316124573E0,-1.655407562E0,9.752968597E0
5.282340418E-1,4.175866241E0,-1.463506622E0,1.007225464E1
5.382110416E-1,4.412374420E0,-1.263672180E0,9.432185669E0
5.481870417E-1,4.501588898E0,-8.677455139E-1,8.926387482E0
5.581630417E-1,4.662953339E0,-6.713539124E-1,8.668773193E0
5.681400418E-1,4.937332764E0,-5.556445312E-1,8.465196533E0
5.781160416E-1,4.853656769E0,-2.845582581E-1,8.273594971E0
5.880920417E-1,5.002297668E0,-4.296066284E-2,8.431366882E0
5.980690417E-1,5.135520630E0,3.498225403E-1,8.227341156E0
6.080460001E-1,5.827830963E0,-2.622546387E-1,7.350764008E0
6.180220000E-1,5.427413635E0,-8.075706482E-1,6.799909515E0
6.279990000E-1,5.233267365E0,-9.768685913E-1,6.107599182E0
6.379750001E-1,4.839586029E0,-1.320404205E0,5.048252106E0
6.479509999E-1,4.067491608E0,-1.726509705E0,4.067641296E0
6.579280000E-1,3.529510345E0,-1.989812164E0,4.003724213E0
6.679040000E-1,6.291865997E0,-2.659369812E0,5.528752899E0
6.778800001E-1,7.155420227E0,-2.773731995E0,6.827152863E0
6.878569999E-1,5.786516876E0,-2.549797668E0,7.103927307E0
6.978330000E-1,5.104235687E0,-3.097059631E0,7.628137207E0
7.078090000E-1,6.878047028E0,-3.551215210E0,8.952583008E0
7.177860001E-1,7.316185913E0,-3.594774628E0,9.581724701E0
7.277619999E-1,4.731510773E0,-4.122577057E0,9.310937805E0
7.377380000E-1,2.133363647E0,-3.119812317E0,9.489067383E0
7.477150001E-1,3.256029053E0,-1.978884888E-1,1.027059219E1
7.576910001E-1,8.406069489E0,1.323697357E0,1.159009827E1
7.676669999E-1,1.150432663E1,-7.878117371E-1,1.106603806E1
7.776440000E-1,1.021535706E1,-3.817661133E0,8.585097198E0
7.876200001E-1,7.710316315E0,-4.267475739E0,7.224426727E0
7.975960001E-1,4.580624542E0,-4.856650543E0,5.972579956E0
8.075730000E-1,1.562600555E0,-6.571634216E0,3.603606262E0
8.175490000E-1,9.830058289E-1,-6.498137054E0,4.144281921E0
8.275250001E-1,8.355624390E-1,-6.687942352E0,6.426286469E0
8.375019999E-1,1.260229340E0,-7.005132751E0,7.595056000E0
8.474780000E-1,1.732048187E0,-6.590644684E0,7.523205414E0
8.574540000E-1,2.183808746E0,-5.966143341E0,7.019502869E0
8.674310001E-1,3.271297302E0,-5.645360413E0,6.533912659E0
8.774069999E-1,4.871320038E0,-5.553601227E0,6.679859161E0
8.873830000E-1,6.487060089E0,-5.075345764E0,7.761210480E0
8.973600001E-1,7.824079742E0,-4.301604767E0,9.295669556E0
9.073360001E-1,8.098908234E0,-4.143383789E0,9.925859070E0
9.173119999E-1,7.429350586E0,-4.543052673E0,9.260343018E0
9.272890000E-1,6.929240570E0,-4.464316406E0,8.404871979E0
9.372650001E-1,6.566095734E0,-4.456233215E0,7.428602142E0
9.472410001E-1,5.976322174E0,-4.740192719E0,6.433920593E0
9.572180000E-1,5.493426361E0,-4.597689056E0,5.779032440E0
9.671940000E-1,5.277724915E0,-4.641847229E0,4.946763153E0
9.771700001E-1,5.056185608E0,-4.849914551E0,4.327949982E0
9.871459999E-1,5.438939667E0,-4.529431000E0,4.326902161E0
9.971230000E-1,6.542145538E0,-3.954177246E0,4.601880341E0
1.007099000E0,7.820786591E0,-3.333418121E0,4.613855438E0
1.017076000E0,9.233099670E0,-2.565514984E0,4.286037140E0
1.027052000E0,1.079315552E1,-1.631457367E0,3.762126617E0
1.037028000E0,1.165296753E1,-1.277742920E0,3.224594421E0
1.047004000E0,1.217867432E1,-1.410965881E0,2.752027130E0
1.056981000E0,1.217029175E1,-1.866768036E0,2.496957550E0
1.066957000E0,1.129970215E1,-2.587369537E0,2.500999146E0
1.076933000E0,9.970466309E0,-3.330873413E0,2.811453552E0
1.086910000E0,8.747659149E0,-4.263134766E0,3.208278351E0
1.096886000E0,8.068072357E0,-4.715194702E0,3.633843384E0
1.106862000E0,7.822283478E0,-4.795278168E0,4.157304840E0
1.116839000E0,7.538922729E0,-5.194497986E0,4.547393646E0
1.126815000E0,7.274722137E0,-5.385949860E0,4.729564819E0
1.136791000E0,7.090754700E0,-5.338797913E0,4.869074707E0
1.146768000E0,6.685697021E0,-5.442831573E0,4.906496887E0
1.156744000E0,6.347400513E0,-5.442831573E0,4.830005951E0
1.166720000E0,6.339017944E0,-5.163213043E0,4.581522675E0
1.176697000E0,6.341113586E0,-5.074747009E0,4.330794067E0
1.186673000E0,6.225104828E0,-5.015619965E0,4.302353210E0
1.196649000E0,5.948480072E0,-4.686753845E0,4.420158234E0
1.206626000E0,5.715115356E0,-4.255800018E0,4.502786407E0
1.216602000E0,5.688620453E0,-3.902983704E0,4.480782166E0
1.226578000E0,5.941594391E0,-3.684438171E0,4.315974884E0
1.236555000E0,6.319708099E0,-3.512445831E0,4.331392822E0
1.246531000E0,6.963369598E0,-3.129392395E0,4.999752960E0
1.256507000E0,8.123157806E0,-2.476599884E0,5.958060150E0
1.266484000E0,9.283095703E0,-2.147733765E0,6.475833435E0
1.276460000E0,9.701325989E0,-2.134112091E0,6.527476044E0
1.286436000E0,1.000983444E1,-2.003284149E0,6.264622650E0
1.296413000E0,1.080228653E1,-1.402882690E0,5.989345093E0
1.306389000E0,1.154279663E1,-8.454418945E-1,5.347180481E0
1.316365000E0,1.148127457E1,-6.676116943E-1,4.395609283E0
1.326342000E0,1.106364304E1,-7.164102173E-1,3.546724548E0
1.336318000E0,1.068508026E1,-8.075706482E-1,3.028502197E0
1.346294000E0,1.045021866E1,-8.475375366E-1,2.994971924E0
1.356271000E0,1.035337006E1,-8.065228271E-1,3.162623291E0
1.366247000E0,1.020128632E1,-8.165519714E-1,3.286266174E0
1.376223000E0,9.906698914E0,-8.726852417E-1,3.207679596E0
1.386200000E0,9.636061707E0,-9.383985901E-1,3.036435699E0
1.396176000E0,9.523495789E0,-9.702822876E-1,2.651136932E0
1.406152000E0,9.441316681E0,-9.723779297E-1,2.182311859E0
1.416129000E0,9.468410339E0,-7.366181946E-1,1.780996399E0
1.426105000E0,9.326056366E0,-2.417472839E-1,1.721420288E0
1.436081000E0,9.595645752E0,-2.890489197E-1,1.594035187E0
1.446058000E0,9.686057739E0,-6.216572571E-1,1.812880096E0
1.456034000E0,9.412127380E0,-7.885601807E-1,2.733914795E0
1.466010000E0,9.103918304E0,-7.987390137E-1,3.711531830E0
1.475987000E0,8.845705261E0,-6.523434448E-1,4.405039673E0
1.485963000E0,8.824150085E0,-7.812254333E-1,4.761747894E0
1.495939000E0,8.906478882E0,-1.157393188E0,4.853357391E0
1.505916000E0,8.792715454E0,-1.366807709E0,4.524042206E0
1.515892000E0,8.559350739E0,-1.683848419E0,4.169279938E0
1.525868000E0,8.408913574E0,-2.005978546E0,3.884721680E0
1.535845000E0,8.309819641E0,-2.376308441E0,3.526516571E0
1.545821000E0,7.562573547E0,-2.863096161E0,3.417543182E0
1.555797000E0,6.716383209E0,-2.859503632E0,3.044069824E0
1.565773000E0,5.755531311E0,-2.310445404E0,3.667373657E0
1.575750000E0,6.288572845E0,-3.749103699E0,4.353397064E0
1.585726000E0,7.114405518E0,-4.276606750E0,4.942272491E0
1.595702000E0,6.724765778E0,-3.377725983E0,5.535788269E0
1.605679000E0,6.511908417E0,-2.968477020E0,5.263953552E0
1.615654542E0,7.005731506E0,-2.934198303E0,4.557273102E0
1.625630542E0,7.617808685E0,-2.518961792E0,4.494254150E0
1.635607542E0,8.222401428E0,-2.020498352E0,4.633913727E0
1.645583542E0,9.250014496E0,-1.621577911E0,4.511019287E0
1.655559542E0,1.027912445E1,-1.032852173E0,4.698728943E0
1.665536542E0,1.098445770E1,-5.616320801E-1,4.899611206E0
1.675512542E0,1.088730972E1,-4.483177185E-1,5.020260315E0
1.685488542E0,9.949360199E0,-7.816744995E-1,5.444927216E0
1.695465542E0,8.879235535E0,-1.277742920E0,6.087091827E0
1.705441542E0,7.716004486E0,-1.604513397E0,6.636748810E0
1.715417542E0,6.671326904E0,-1.947450256E0,6.971452789E0
1.725394542E0,6.046376495E0,-2.413880310E0,7.284751282E0
1.735370542E0,6.095773773E0,-2.750081177E0,7.717351685E0
1.745346542E0,6.414760437E0,-2.974614258E0,8.043373718E0
1.755323542E0,-5.125341797E0,-1.094733490E1,1.552436691E1
1.765299542E0,1.073268127E1,-1.968406677E-1,6.615493011E0
1.775275542E0,9.418563995E0,-1.199006653E0,5.191055145E0
1.785252542E0,3.296894073E0,-4.445305939E0,7.029981079E0
1.795228542E0,7.738008728E0,-3.229234772E0,6.760840759E0
1.805204542E0,6.688840485E0,-3.104394379E0,6.420747986E0
1.815181542E0,5.113067322E0,-2.946772156E0,6.607260132E0
1.825157542E0,3.973337402E0,-2.871628418E0,6.636299744E0
1.835133542E0,3.208278351E0,-3.092568970E0,6.451434174E0
1.845110542E0,2.527643738E0,-3.163072357E0,6.513554993E0
1.855086542E0,2.288291473E0,-3.018772430E0,6.316864014E0
1.865062542E0,2.698588257E0,-2.867137756E0,6.194867706E0
1.875039542E0,3.618724823E0,-2.955903168E0,6.437962189E0
1.885015542E0,5.179978180E0,-3.084785156E0,6.208938446E0
1.894991542E0,6.684798889E0,-3.159479828E0,5.619763641E0
1.904967542E0,7.789950714E0,-3.161874847E0,5.039270782E0
1.914944542E0,8.008945312E0,-3.194806366E0,4.943320312E0
1.924920542E0,7.146738281E0,-3.151546326E0,5.303770752E0
1.934896542E0,6.237079926E0,-3.354374542E0,6.313121796E0
1.944873542E0,4.639901276E0,-3.541036377E0,7.711064758E0
1.954849542E0,3.564687195E0,-4.158652039E0,7.523055725E0
1.964825542E0,3.418591003E0,-4.851112061E0,7.617209930E0
1.974802542E0,2.980901184E0,-4.996160431E0,7.483388214E0
1.984778542E0,2.560126190E0,-5.329666901E0,7.290888519E0
1.994754542E0,6.396648102E0,-5.373974762E0,8.790021057E0
2.004731542E0,1.186522614E1,-3.981719971E0,1.235680389E1
2.014707542E0,8.608598328E-1,-5.093308411E0,1.112381790E1
2.024683542E0,6.195616150E-1,-6.941215668E0,9.982142029E0
2.034660542E0,2.099384308E0,-8.281079407E0,9.188941498E0
2.044636542E0,1.340612183E0,-9.049431610E0,8.907227325E0
2.054612542E0,1.926493835E-1,-8.780740356E0,9.346563721E0
2.064589542E0,-1.927242279E0,-6.756649475E0,9.207951965E0
2.074565542E0,-2.470312958E0,-5.983806610E0,7.799231415E0
2.084541542E0,-1.388213196E0,-6.835984497E0,6.285429382E0
2.094518542E0,-6.786886597E-1,-7.505841522E0,5.321134644E0
2.104494542E0,-7.499404907E-2,-7.666158142E0,4.631967773E0
2.114470542E0,1.857637024E-1,-7.497309265E0,4.466412048E0
2.124447542E0,-3.164419556E-1,-7.060367889E0,3.842659149E0
2.134423542E0,-6.463558960E-1,-7.069648590E0,3.035088501E0
2.144399542E0,-9.324110413E-1,-7.015311584E0,2.343676300E0
2.154376542E0,-5.580395508E-1,-7.009773102E0,2.169887695E0
2.164352542E0,-1.710942078E-1,-7.146588593E0,2.678380280E0
2.174328542E0,-2.535726929E-1,-7.441625061E0,3.235821075E0
2.184305542E0,-6.036946106E-1,-7.812104645E0,3.840264130E0
2.194281542E0,-1.087638245E0,-8.242160339E0,4.288881226E0
2.204257542E0,-1.481319580E0,-8.694819031E0,4.037254486E0
2.214234542E0,-2.120041351E0,-8.952283630E0,3.365002441E0
2.224210542E0,-2.678679657E0,-8.567433929E0,3.823948059E0
2.234186542E0,-2.740800476E-1,-7.337441711E0,3.285323135E1
2.244163542E0,-6.189628601E-1,-5.953868866E0,1.540341843E1
2.254139542E0,2.428400116E0,-7.343429260E0,6.020180969E0
2.264115542E0,-2.223027191E0,-6.992409210E0,5.860463104E0
2.274091542E0,-3.102149048E0,-7.162156219E0,5.645809479E0
2.284068542E0,-2.307900696E0,-7.406148834E0,7.037615204E0
2.294044542E0,-2.859952698E0,-7.216792603E0,7.521858215E0
2.304020542E0,-2.039658508E0,-7.192393341E0,5.538632355E0
2.313997542E0,-2.427951050E0,-7.157964935E0,4.644242249E0
2.323973542E0,-1.796264648E0,-7.534581757E0,4.025878143E0
2.333949542E0,-1.513502655E0,-7.748786316E0,3.565435638E0
2.343926542E0,-1.950444031E0,-8.575217743E0,4.518204346E0
2.353902542E0,-2.476300507E0,-1.003947281E1,4.075275421E0
2.363878542E0,-3.227588196E0,-1.110136459E1,3.208727417E0
2.373855542E0,-4.030668182E0,-1.210652435E1,3.130589905E0
2.383831542E0,-4.597389679E0,-1.180909286E1,3.078947296E0
2.393807542E0,-2.608924713E0,-9.839039612E0,2.928210754E0
2.403784542E0,-1.057251434E0,-7.264543304E0,3.804787903E0
2.413760542E0,-9.072633362E-1,-6.182144165E0,5.216202850E0
2.423736542E0,-1.327738953E0,-6.492598572E0,6.601871338E0
2.433713542E0,-2.220632172E0,-6.941515045E0,7.795339508E0
2.443689542E0,-2.580932922E0,-6.933731232E0,8.100554810E0
2.453665542E0,-2.623444519E0,-6.646777954E0,7.531587982E0
2.463642542E0,-2.197879486E0,-6.797813873E0,7.326065369E0
2.473618542E0,-1.529369659E0,-7.458390198E0,9.979597321E0
2.483594542E0,-1.759441223E0,-7.294780426E0,7.979456635E0
2.493571542E0,-1.863025818E0,-7.514373779E0,5.650300140E0
2.503547542E0,-2.031575317E0,-7.618407440E0,5.439987488E0
2.513523542E0,-2.860551453E0,-6.909631348E0,4.199367371E0
2.523499542E0,-1.768123169E0,-7.086862793E0,3.054098969E0
2.533476542E0,4.643344116E-1,-9.511371002E0,8.803193665E-1
2.543452542E0,-3.645519104E0,-7.737260284E0,3.144061890E0
2.553428542E0,-2.089804230E0,-7.057673492E0,4.718487854E0
2.563405542E0,-2.684517517E0,-7.007677460E0,5.913303223E0
2.573381542E0,-3.696113892E0,-7.398215332E0,6.192622375E0
2.583357542E0,-3.827690277E0,-8.719517670E0,5.317093048E0
2.593334542E0,-3.030597839E0,-8.202343140E0,4.762646027E0
2.603310542E0,-3.134481812E0,-8.939410400E0,4.008663940E0
2.613287667E0,-2.769840088E0,-9.528435516E0,4.426894226E0
2.623264667E0,-2.246079254E0,-8.788823547E0,4.736899567E0
2.633240667E0,-2.536774750E0,-8.356672211E0,4.681514740E0
2.643216667E0,-2.423610077E0,-8.633746033E0,4.534370728E0
2.653193667E0,-2.218835907E0,-8.778345337E0,4.505031738E0
2.663169667E0,-1.774859161E0,-8.525670776E0,4.433480530E0
2.673145667E0,-1.603465576E0,-8.540639648E0,4.455784149E0
2.683122667E0,-1.555415497E0,-8.460556183E0,4.724325714E0
2.693098667E0,-2.111958160E0,-8.195457458E0,4.393064575E0
2.703074667E0,-2.202370148E0,-7.980953522E0,4.385131073E0
2.713051667E0,-2.582878876E0,-7.902666321E0,4.733456726E0
2.723027667E0,-2.785707092E0,-8.645870819E0,5.031337280E0
2.733003667E0,-3.028801575E0,-8.337512054E0,4.324656830E0
2.742980667E0,-2.676434326E0,-8.459957428E0,4.625531158E0
2.752956667E0,-2.627037048E0,-7.824977875E0,4.646637268E0
2.762932667E0,-2.836152191E0,-8.097261658E0,4.161047058E0
2.772909667E0,-3.247347107E0,-8.536448364E0,4.259542236E0
2.782885667E0,-3.202889557E0,-8.789122925E0,4.064198456E0
2.792861667E0,-2.693498840E0,-8.924890594E0,3.847449188E0
2.802838667E0,-2.918630676E0,-8.690627747E0,3.946094055E0
2.812814667E0,-2.797682190E0,-8.471932526E0,4.930896149E0
2.822790667E0,-3.225342865E0,-8.608298950E0,4.481380920E0
2.832767667E0,-2.583777008E0,-7.674391022E0,4.712799683E0
2.842743667E0,-2.374961243E0,-7.292684784E0,4.656367035E0
2.852719667E0,-2.456840973E0,-7.552544403E0,4.413122864E0
2.862696667E0,-1.917063446E0,-6.467450867E0,4.421655121E0
2.872672667E0,-1.523980865E0,-6.177204437E0,4.585564270E0
2.882648667E0,-1.748813324E0,-6.777755585E0,4.591402130E0
2.892625667E0,-1.872456207E0,-7.209008789E0,4.768184509E0
2.902601667E0,-2.295476532E0,-7.580536194E0,5.058730316E0
2.912577667E0,-2.376158752E0,-8.390501862E0,4.965773621E0
2.922554667E0,-2.661764832E0,-7.822582855E0,5.464237061E0
2.932530667E0,-2.255809021E0,-7.248077545E0,5.481451263E0
2.942506667E0,-1.479223938E0,-8.571924591E0,5.590125275E0
2.952483667E0,-1.155896301E0,-1.044393173E1,4.484075317E0
2.962459667E0,-2.733316040E0,-1.286335052E1,2.785258026E0
2.972435667E0,-1.131347351E0,-1.045665527E1,5.809868317E0
2.982412667E0,-1.144519958E0,-1.159608582E1,4.927004242E0
2.992388667E0,-9.177415466E-1,-1.164263901E1,5.013674011E0
3.002364667E0,-4.890330505E-1,-1.250290009E1,4.480931854E0
3.012341667E0,-4.281097412E-1,-1.066457291E1,5.004542999E0
3.022317667E0,-1.390907593E0,-7.447013855E0,6.533164215E0
3.032293667E0,-1.019679565E0,-7.681276703E0,6.022725677E0
3.042270667E0,-7.734416199E-1,-8.461304626E0,5.408552856E0
3.052246667E0,-2.496957550E0,-8.067174225E0,5.408253479E0
3.062222667E0,-1.858385468E0,-6.603068848E0,4.903802490E0
3.072199667E0,-3.860621796E0,-5.330864410E0,4.783153381E0
3.082175667E0,-3.257825317E0,-4.524191895E0,4.829556885E0
3.092151667E0,-2.461181946E0,-6.146967316E0,4.708009644E0
3.102128667E0,-2.655477905E0,-7.202422485E0,5.010680237E0
3.112104667E0,-2.783312073E0,-7.539072418E0,4.762047272E0
3.122080667E0,-2.685565338E0,-7.986941071E0,4.827760620E0
3.132057667E0,-2.894530792E0,-8.149353333E0,5.057981873E0
3.142033667E0,-2.843786316E0,-8.236921234E0,5.424868927E0
3.152009667E0,-2.467468872E0,-8.310568085E0,5.767955475E0
3.161986667E0,-1.841770020E0,-8.390202484E0,6.237978058E0
3.171962667E0,-1.898651733E0,-8.297994232E0,6.568490753E0
3.181938667E0,-2.982098694E0,-7.110214233E0,6.545438690E0
3.191915667E0,-3.599265289E0,-6.069578247E0,5.219496002E0
3.201891667E0,-3.215313721E0,-6.400839386E0,5.557493134E0
3.211867667E0,-3.357368317E0,-6.828050995E0,6.248755646E0
3.221844667E0,-3.131038971E0,-7.135661316E0,6.617888031E0
3.231820667E0,-2.704725494E0,-7.156617737E0,6.652915192E0
3.241796667E0,-2.869083710E0,-7.381599884E0,6.314468994E0
3.251773667E0,-2.927911377E0,-7.684270477E0,6.120472412E0
3.261749667E0,-3.324586487E0,-8.017776947E0,5.705385590E0
3.271726667E0,-3.884721680E0,-7.977211304E0,5.715115356E0
3.281702667E0,-4.472998352E0,-7.072193298E0,5.388494568E0
3.291678667E0,-4.533173218E0,-6.077212372E0,5.049150238E0
3.301655667E0,-3.925886078E0,-5.679489441E0,5.185816040E0
3.311631667E0,-3.056493988E0,-6.177354126E0,5.483397217E0
3.321607667E0,-2.735711060E0,-7.053033142E0,5.452261963E0
3.331584667E0,-2.581531677E0,-7.572602692E0,5.497767334E0
3.341560667E0,-2.414329376E0,-7.882158966E0,5.560486908E0
3.351536667E0,-1.818119202E0,-6.193221130E0,5.666765900E0
3.361513667E0,-2.805166626E0,-4.944218445E0,4.319417725E0
3.371489667E0,-3.148103485E0,-8.253836060E0,5.207221527E0
3.381465667E0,-3.780238953E0,-1.058553726E1,5.832621002E0
3.391442667E0,-4.896018677E0,-9.359736328E0,6.334527283E0
3.401418667E0,-4.528532867E0,-8.158484344E0,6.237528992E0
3.411394667E0,-4.143234100E0,-8.345894623E0,5.642815704E0
3.421371667E0,-3.980073395E0,-9.319170685E0,5.700894928E0
3.431347667E0,-3.682192841E0,-9.428593140E0,5.919440460E0
3.441323667E0,-3.297492828E0,-9.317374420E0,5.497917023E0
3.451300667E0,-2.993924103E0,-9.009614410E0,5.816304932E0
3.461276667E0,-3.847299500E0,-6.888974304E0,5.794899445E0
3.471252667E0,-4.585863647E0,-6.127058716E0,5.370082855E0
3.481229667E0,-4.324207764E0,-6.237828369E0,5.497018890E0
3.491205667E0,-3.923940125E0,-6.036497040E0,5.774691467E0
3.501181667E0,-4.223467255E0,-5.447172546E0,5.427114258E0
3.511158667E0,-5.020260315E0,-5.375022583E0,5.064119110E0
3.521134667E0,-5.551056519E0,-5.577102356E0,5.011278992E0
3.531110667E0,-5.737568665E0,-5.444777527E0,5.035079498E0
3.541087667E0,-6.097270660E0,-5.111121368E0,4.997208252E0
3.551063667E0,-6.202352142E0,-4.981790314E0,4.874762878E0
3.561039667E0,-5.937403107E0,-4.984035645E0,4.925956421E0
3.571016667E0,-5.769452362E0,-4.818928986E0,4.797822876E0
3.580992667E0,-5.636528778E0,-4.722230072E0,4.595743103E0
3.590968667E0,-5.406457214E0,-5.090464325E0,4.677772522E0
3.600945667E0,-4.955445099E0,-5.689219208E0,5.180427246E0
3.610920125E0,-4.910688171E0,-5.956114197E0,5.497467957E0
3.620896125E0,-5.042863312E0,-6.120472412E0,5.228477325E0
3.630873125E0,-5.189707947E0,-6.014492798E0,5.027894440E0
3.640849125E0,-5.121000824E0,-6.645730133E0,5.227130127E0
3.650825125E0,-4.802463226E0,-6.829098816E0,4.936284943E0
3.660802125E0,-5.185366974E0,-6.965016174E0,5.002447357E0
3.670778125E0,-5.298531647E0,-7.556735687E0,5.310357056E0
3.680754125E0,-5.040468292E0,-7.648794250E0,5.431455231E0
3.690731125E0,-5.829627228E0,-7.204069061E0,5.217100983E0
3.700707125E0,-6.276897125E0,-7.533234558E0,5.304968262E0
3.710683125E0,-5.983058167E0,-7.745193787E0,5.040168915E0
3.720660125E0,-5.750591583E0,-7.915090485E0,4.584666138E0
3.730636125E0,-7.015311584E0,-7.572003937E0,5.168003082E0
3.740612125E0,-7.676935730E0,-7.959248657E0,5.006788330E0
3.750589125E0,-6.089786224E0,-8.350834351E0,3.660338287E0
3.760565125E0,-5.764213257E0,-8.161927185E0,4.123774567E0
3.770541125E0,-5.714965668E0,-7.788603516E0,4.465663605E0
3.780518125E0,-5.542973328E0,-7.161108398E0,4.220623169E0
3.790494125E0,-6.051016846E0,-6.085744629E0,4.169429626E0
3.800470125E0,-6.215524750E0,-5.248086548E0,4.510719910E0
3.810447125E0,-6.468498688E0,-6.096821594E0,4.220174103E0
3.820423125E0,-9.538464661E0,-8.980724487E0,5.095404053E0
3.830399125E0,-2.829565887E0,-4.903503113E0,4.168830872E0
3.840376125E0,-2.639760590E0,-3.945195923E0,3.313659210E0
3.850352125E0,-6.330785065E0,-6.774462433E0,4.297413483E0
3.860328125E0,-5.507946167E0,-4.472698975E0,4.268224182E0
3.870305125E0,-5.498216400E0,-4.361929321E0,4.106410675E0
3.880281125E0,-5.769901428E0,-4.559368744E0,4.184697876E0
3.890257125E0,-5.962401123E0,-4.067790985E0,4.619543610E0
3.900234125E0,-6.322252808E0,-3.932322693E0,4.919519806E0
3.910210125E0,-7.023095398E0,-3.683540039E0,5.067262573E0
3.920186125E0,-7.362439728E0,-3.041824493E0,4.983137512E0
3.930163125E0,-7.464826813E0,-3.239263916E0,5.032385101E0
3.940139125E0,-6.926695862E0,-4.021537170E0,4.976102142E0
3.950115125E0,-6.938221893E0,-4.226910095E0,4.677024078E0
3.960092125E0,-6.876999207E0,-4.521198120E0,4.542603607E0
3.970068125E0,-6.831044769E0,-5.949378204E0,4.421954498E0
3.980044125E0,-6.800358582E0,-6.070326691E0,4.437971191E0
3.990021125E0,-6.605164490E0,-5.908363495E0,4.403393097E0
3.999997125E0,-6.734046478E0,-6.317911835E0,4.446503448E0
4.009973125E0,-6.486161957E0,-6.025869141E0,4.401297455E0
4.019950125E0,-5.879922638E0,-5.818400574E0,4.215833130E0
4.029926125E0,-6.440207520E0,-5.168302460E0,4.429289246E0
4.039902125E0,-6.494694214E0,-5.317093048E0,4.778363342E0
4.049879125E0,-6.028264160E0,-5.183720398E0,4.437522125E0
4.059855125E0,-5.826932831E0,-4.267176361E0,4.360133057E0
4.069831125E0,-6.059698792E0,-3.166814575E0,4.612358551E0
4.079808125E0,-6.831643524E0,-5.204527130E0,4.577780457E0
4.089784125E0,-8.214168549E0,-3.409909058E0,4.532724152E0
4.099760125E0,-6.835535431E0,-4.478686523E0,4.907095642E0
4.109737125E0,-8.030500488E0,-3.893852692E0,5.004093933E0
4.119713125E0,-8.379873962E0,-4.163442078E0,4.901257782E0
4.129689125E0,-7.317533112E0,-4.759652252E0,5.164260864E0
4.139666125E0,-6.842421112E0,-3.086282043E0,4.811743927E0
4.149642125E0,-6.209836578E0,-2.856958923E0,5.223986664E0
4.159618125E0,-6.087091827E0,-1.820813599E0,4.864883423E0
4.169595125E0,-6.676566010E0,-1.483864288E0,4.679868164E0
4.179571125E0,-7.319179688E0,-2.788401489E0,5.401367798E0
4.189547125E0,-6.729855194E0,-2.291434937E0,6.266418915E0
4.199524125E0,-6.716532898E0,-3.127446442E0,7.605833588E0
4.209500125E0,-6.910379791E0,-3.638783112E0,5.805377655E0
4.219476125E0,-6.809639282E0,-3.812721405E0,5.212161255E0
4.229452125E0,-6.533463593E0,-4.058061218E0,5.559888153E0
4.239429125E0,-5.901477814E0,-4.006418610E0,4.056264954E0
4.249405125E0,-6.292165375E0,-7.474556580E0,3.639531555E0
4.259382125E0,-7.423812103E0,-1.226953537E1,4.134701843E0
4.269358125E0,-4.815486145E0,-9.295669556E0,5.474715271E0
4.279334125E0,-4.380790100E0,-9.411828003E0,6.248456268E0
4.289310125E0,-4.489015045E0,-7.541168060E0,5.846242676E0
4.299287125E0,-4.807103577E0,-6.354136505E0,6.486012268E0
4.309263125E0,-5.663472748E0,-6.698570251E0,7.239395599E0
4.319239125E0,-6.800208893E0,-9.510472870E0,6.880442047E0
4.329216125E0,-6.994205475E0,-9.793534241E0,6.377787323E0
4.339192125E0,-6.887028351E0,-7.730374603E0,7.192243652E0
4.349168125E0,-6.697073364E0,-6.853498077E0,7.321125641E0
4.359145125E0,-6.135890350E0,-6.221661987E0,6.905140686E0
4.369121125E0,-5.744753723E0,-5.828729095E0,6.645131378E0
4.379097125E0,-6.063141632E0,-6.159541168E0,6.299799500E0
4.389074125E0,-6.494544525E0,-5.967939606E0,6.497089233E0
4.399050125E0,-4.035607910E0,-2.526595917E0,6.370901642E0
4.409026125E0,-7.666607208E0,-1.864223328E0,4.912783813E0
4.419003125E0,-6.773564301E0,-1.890119476E0,5.694458313E0
4.428979125E0,-5.585933990E0,-3.184477844E0,6.403833160E0
4.438955125E0,-6.292764130E0,-4.198319550E0,6.186036072E0
4.448932125E0,-6.016139374E0,-4.894521790E0,5.949677582E0
4.458908125E0,-7.475305023E0,-2.739153900E0,5.963748322E0
4.468884125E0,-7.052584076E0,-2.719544678E0,5.738766174E0
4.478861125E0,-5.823190613E0,-4.672683105E0,6.793023834E0
4.488837125E0,-5.899082794E0,-4.692891083E0,6.875801697E0
4.498813125E0,-6.161187744E0,-5.153782654E0,6.309678955E0
4.508790125E0,-5.791606293E0,-5.676345978E0,6.452481995E0
4.518766125E0,-5.632636871E0,-5.362299042E0,6.446943512E0
4.528742125E0,-5.583688660E0,-4.922962646E0,6.422843628E0
4.538719125E0,-5.993087311E0,-4.763095093E0,6.196963348E0
4.548695125E0,-7.042255554E0,-6.137087860E0,5.848787384E0
4.558671125E0,-6.476282501E0,-6.022276611E0,5.998326416E0
4.568648125E0,-5.808670807E0,-4.400549011E0,6.280489655E0
4.578624125E0,-5.422024841E0,-2.242187347E0,6.144721985E0
4.588600125E0,-4.815486145E0,6.599775696E-1,6.066135406E0
4.598577125E0,-6.044280853E0,-3.532653809E-1,6.849606171E0
4.608553125E0,-7.019353180E0,-2.702330475E0,6.175707550E0
4.618529625E0,-6.621330872E0,-3.681145020E0,5.886059875E0
4.628506625E0,-5.816155243E0,-3.150348816E0,5.383405151E0
4.638482625E0,-5.559439087E0,-1.908830566E0,5.620811462E0
4.648458625E0,-6.367758179E0,-1.140328674E0,6.781048737E0
4.658435625E0,-6.953340454E0,-3.106040955E0,7.465575256E0
4.668411625E0,-7.251819763E0,-4.608466644E0,6.639742584E0
4.678387625E0,-7.243287506E0,-4.140240326E0,6.558760986E0
4.688364625E0,-6.688391418E0,-3.807631989E0,6.776408386E0
4.698340625E0,-6.011199646E0,-3.766018524E0,6.685846710E0
4.708316625E0,-5.480702820E0,-3.227588196E0,6.510561218E0
4.718292625E0,-5.314099274E0,-2.493963776E0,6.469546509E0
4.728269625E0,-5.345683594E0,-2.409689026E0,6.649771729E0
4.738245625E0,-4.932842102E0,-2.050585785E0,6.847809906E0
4.748221625E0,-4.334236908E0,-1.559157715E0,7.199578400E0
4.758198625E0,-4.598287811E0,8.563691711E-1,7.528444519E0
4.768174625E0,-6.714886322E0,9.208850098E-1,6.568790131E0
4.778150625E0,-6.651717682E0,-1.865869904E0,6.939120026E0
4.788127625E0,-7.619006195E0,-4.060306549E0,6.293662262E0
4.798103625E0,-7.596403198E0,-3.535348206E0,5.492677917E0
4.808079625E0,-7.143445129E0,-4.657564545E0,5.985602875E0
4.818056625E0,-3.633394318E0,-8.640332336E0,7.021448822E0
4.828032625E0,-2.800226898E0,-7.526348877E0,6.337371368E0
4.838008625E0,-4.861290894E0,-8.139623566E0,6.796167297E0
4.847985625E0,-6.315217438E0,-6.434968414E0,7.961194611E0
4.857961625E0,-6.241271210E0,-7.305408325E0,8.591533813E0
4.867937625E0,-6.459816742E0,-8.281378784E0,7.648345184E0
4.877914625E0,-6.621330872E0,-7.524253235E0,8.194409637E0
4.887890625E0,-6.393354950E0,-7.147786102E0,8.905880127E0
4.897866625E0,-5.281317444E0,-7.071295166E0,8.145012360E0
4.907843625E0,-5.195096741E0,-5.338199158E0,8.115074615E0
4.917819625E0,-5.448370056E0,-4.818779297E0,8.146060181E0
4.927795625E0,-5.204227753E0,-4.371060333E0,7.811505890E0
4.937772625E0,-5.093757477E0,-4.114194489E0,7.544760590E0
4.947748625E0,-5.063220978E0,-3.731739807E0,7.276668091E0
4.957724625E0,-4.793332214E0,-3.527414703E0,7.142546997E0
4.967701625E0,-4.814138947E0,-3.545377350E0,7.031028900E0
4.977677625E0,-4.906496887E0,-3.390599213E0,7.094347229E0
4.987653625E0,-4.834047546E0,-3.178639984E0,7.126829681E0
4.997630625E0,-4.984185333E0,-3.470982056E0,7.169940033E0
5.007606625E0,-4.741240540E0,-3.387605438E0,7.219936066E0
5.017582625E0,-2.383643188E0,-5.721102905E-1,7.460336151E0
5.027558625E0,-4.772375793E0,-3.874393158E0,7.024592285E0
5.037535625E0,-6.320007477E0,-5.003794556E0,5.749244385E0
5.047511625E0,-6.712940369E0,-4.590803375E0,6.380631409E0
5.057487625E0,-6.184988251E0,-4.044589233E0,6.903494110E0
5.067464625E0,-5.921835480E0,-3.873944092E0,7.026687927E0
5.077440625E0,-6.148015137E0,-3.510050812E0,7.127727814E0
5.087416625E0,-6.303092651E0,-3.030897217E0,7.134314117E0
5.097393625E0,-6.277495880E0,-2.890189819E0,6.961723022E0
5.107369625E0,-6.366410980E0,-3.139720917E0,6.849306793E0
5.117345625E0,-6.004613342E0,-3.417543182E0,7.220983887E0
5.127322625E0,-5.252427521E0,-3.265609131E0,7.242539063E0
5.137298625E0,-4.708758087E0,-3.383264465E0,6.443201294E0
5.147274625E0,-4.991520081E0,-3.353027344E0,6.756948853E0
5.157251625E0,-5.282215576E0,-2.873125305E0,6.985224152E0
5.167227625E0,-5.335504761E0,-2.495310974E0,7.221283264E0
5.177203625E0,-4.600682831E0,-2.085163879E0,7.502398682E0
5.187180625E0,-4.218976593E0,-2.310445404E0,7.536527710E0
5.197156625E0,-4.672383728E0,-2.877466278E0,7.369624786E0
5.207132625E0,-4.877008209E0,-2.947370911E0,7.203470306E0
5.217109625E0,-4.508773956E0,-2.633773041E0,7.046746216E0
5.227085625E0,-3.642824707E0,-2.110461273E0,7.052733765E0
5.237061625E0,-4.278552704E0,-8.656498718E-1,7.598498840E0
5.247037625E0,-6.462511139E0,-1.654659119E0,6.648873596E0
5.257014625E0,-8.619675293E0,-7.046596527E0,5.436394958E0
5.266990625E0,-8.557704163E0,-7.823780365E0,5.713169403E0
5.276966625E0,-6.355932770E0,-3.712429962E0,7.027885437E0
5.286943625E0,-5.191354523E0,-3.734284515E0,7.303911438E0
5.296919625E0,-5.562283173E0,-3.825594635E0,7.199129333E0
5.306895625E0,-4.977000275E0,-6.110592957E0,6.464008026E0
5.316872625E0,-4.901407471E0,-6.218817902E0,6.804699554E0
5.326848625E0,-5.141957245E0,-5.519023132E0,7.461683350E0
5.336824625E0,-5.479355621E0,-5.915099487E0,7.752528534E0
5.346801625E0,-6.206244049E0,-5.584137726E0,7.578440552E0
5.356777625E0,-6.180347900E0,-5.816454620E0,7.551646271E0
5.366753625E0,-5.771697693E0,-5.977070618E0,7.400161285E0
5.376730625E0,-5.559888153E0,-4.825664978E0,7.444618835E0
5.386706625E0,-5.540129242E0,-4.320914612E0,7.589667206E0
5.396682625E0,-5.244494019E0,-3.926634521E0,7.234904938E0
5.406659625E0,-4.975952454E0,-3.721860352E0,6.981631622E0
5.416635625E0,-4.837340698E0,-3.613934784E0,6.975943451E0
5.426611625E0,-4.679868164E0,-3.655248871E0,7.102280731E0
5.436588625E0,-4.642296295E0,-3.539838867E0,7.083419952E0
5.446564625E0,-4.764591980E0,-3.805536346E0,7.203320618E0
5.456540625E0,-4.948709106E0,-3.940854950E0,7.322772217E0
5.466517625E0,-5.061574402E0,-4.061953125E0,7.381001129E0
5.476493625E0,-5.076094208E0,-4.420756989E0,7.552095337E0
5.486469625E0,-5.056934052E0,-4.913981323E0,7.835156708E0
5.496445625E0,-4.715194702E0,-5.775290222E0,8.134234772E0
5.506422625E0,-4.503085785E0,-5.852230225E0,8.225095825E0
5.516398625E0,-5.054539032E0,-7.533384247E0,8.489895172E0
5.526374625E0,-5.151986389E0,-6.388115845E0,8.106692047E0
5.536351625E0,-3.918551331E0,-3.113076324E0,7.585475922E0
5.546327625E0,-3.702700195E0,-6.309379578E-1,6.768325195E0
5.556303625E0,-4.768783264E0,7.044351196E-1,6.167324982E0
5.566280625E0,-5.220843201E0,-1.017883301E-2,6.278244324E0
5.576256625E0,-4.989125061E0,-1.829046478E0,6.754853210E0
5.586232625E0,-4.595593414E0,-3.135978699E0,7.036417694E0
5.596209625E0,-4.290378113E0,-3.722010040E0,7.445816345E0
5.606185625E0,-4.315825195E0,-4.049678650E0,7.532037048E0
5.616161542E0,-4.305047607E0,-4.118984528E0,7.678582306E0
5.626138542E0,-4.100123749E0,-3.958368530E0,7.902666321E0
5.636114542E0,-4.085454254E0,-3.626658325E0,7.992778931E0
5.646090542E0,-4.267326050E0,-3.549568634E0,8.138575745E0
5.656067542E0,-4.483626251E0,-3.534599762E0,8.178093567E0
5.666043542E0,-4.608167267E0,-3.379671936E0,8.071365509E0
5.676019542E0,-4.580923920E0,-3.506607971E0,8.055797882E0
5.685995542E0,-4.641248474E0,-3.257226562E0,8.124954071E0
5.695972542E0,-4.837340698E0,-3.006497955E0,8.155041504E0
5.705948542E0,-4.734953613E0,-3.042273560E0,8.336913300E0
5.715924542E0,-4.577331390E0,-3.177891541E0,8.462053070E0
5.725901542E0,-4.065845032E0,-2.614163818E0,8.292904816E0
5.735877542E0,-4.184099121E0,-2.463876343E0,8.313412170E0
5.745853542E0,-4.344715118E0,-2.921325073E0,8.273145905E0
5.755830542E0,-4.315076752E0,-3.146756287E0,8.353977814E0
5.765806542E0,-4.504133606E0,-3.055296478E0,8.384065247E0
5.775782542E0,-4.573140106E0,-2.763104095E0,8.431516571E0
5.785759542E0,-4.643942871E0,-2.543211365E0,8.518485718E0
5.795735542E0,-4.687651978E0,-2.495310974E0,8.608598328E0
5.805711542E0,-4.788542175E0,-2.756068726E0,8.644523621E0
5.815688542E0,-4.699627075E0,-2.708318024E0,8.706195374E0
5.825664542E0,-4.442910919E0,-2.730771332E0,8.676706696E0
5.835640542E0,-4.152365112E0,-2.769091644E0,8.659642181E0
5.845616542E0,-4.041595459E0,-2.903063049E0,8.684041443E0
5.855593542E0,-3.952081604E0,-2.970722351E0,8.641679535E0
5.865569542E0,-3.982019348E0,-2.984942780E0,8.478967896E0
5.875545542E0,-4.116140442E0,-2.908451843E0,8.405470734E0
5.885522542E0,-4.291425934E0,-2.916235657E0,8.357720032E0
5.895498542E0,-4.414020996E0,-2.709365845E0,8.303083649E0
5.905474542E0,-4.468208313E0,-2.639461212E0,8.177045746E0
5.915451542E0,-4.515659637E0,-2.653232574E0,8.028853912E0
5.925427542E0,-4.592449951E0,-2.631527710E0,7.976313171E0
5.935403542E0,-4.654121704E0,-2.621797943E0,8.019423523E0
5.945380542E0,-4.753215637E0,-2.693947906E0,8.169710999E0
5.955356542E0,-4.776417389E0,-2.753673706E0,8.363408203E0
5.965332542E0,-4.778662720E0,-2.901715851E0,8.478967896E0
5.975309542E0,-4.849914551E0,-3.118914185E0,8.496331787E0
5.985285542E0,-4.822222137E0,-3.116369476E0,8.455616455E0
5.995261542E0,-4.734354858E0,-2.876568146E0,8.389753418E0
6.005237542E0,-4.705315247E0,-2.888842621E0,8.299341431E0
6.015214542E0,-4.749323730E0,-3.225342865E0,8.130043488E0
6.025190542E0,-4.675227814E0,-3.078647919E0,8.064180450E0
6.035166542E0,-4.722230072E0,-2.564167786E0,8.039481812E0
6.045143542E0,-4.653522949E0,-2.355352020E0,7.886200562E0
6.055119542E0,-4.595593414E0,-2.501747589E0,7.774682465E0
6.065095542E0,-4.593497772E0,-2.530038757E0,7.808063049E0
6.075072542E0,-4.689448242E0,-2.592908020E0,7.857610016E0
6.085048542E0,-4.843328247E0,-2.733016663E0,7.981103210E0
6.095024542E0,-5.007985840E0,-2.864742737E0,8.077652435E0
6.105001542E0,-5.067711639E0,-2.966830444E0,8.145461426E0
6.114977542E0,-5.047653351E0,-3.018473053E0,8.151299286E0
6.124953542E0,-4.946463776E0,-3.006348267E0,8.143665161E0
6.134930542E0,-4.847519531E0,-2.980302429E0,8.095615082E0
6.144906542E0,-4.722080383E0,-2.888243866E0,8.033045197E0
6.154882542E0,-4.630470886E0,-2.696492615E0,7.955506439E0
6.164858542E0,-4.625830536E0,-2.722089386E0,7.986492004E0
6.174835542E0,-4.573738861E0,-2.802621918E0,8.083340607E0
6.184811542E0,-4.558021545E0,-2.839295654E0,8.231532440E0
6.194787542E0,-4.650529175E0,-2.853516083E0,8.403674469E0
6.204764542E0,-4.782854004E0,-2.913541260E0,8.478219452E0
6.214740542E0,-4.801415405E0,-2.893482971E0,8.481362915E0
6.224716542E0,-4.803660736E0,-2.821183319E0,8.382418671E0
6.234693542E0,-4.727618866E0,-2.750380554E0,8.277636566E0
6.244669542E0,-4.577032013E0,-2.627635803E0,8.203241272E0
6.254645542E0,-4.636907501E0,-2.611918488E0,8.136180725E0
6.264622542E0,-4.694537659E0,-2.650987244E0,8.189020844E0
6.274598542E0,-4.736899567E0,-2.623294830E0,8.165070648E0
6.284574542E0,-4.701573029E0,-2.660417633E0,8.149503021E0
6.294551542E0,-4.151017914E0,-3.014132080E0,8.133336639E0
6.304527542E0,-2.617756348E0,-3.344495087E0,8.148904266E0
6.314503542E0,-5.543272705E0,-2.131118317E0,8.331524506E0
6.324479542E0,-6.408922577E0,-2.265239410E0,8.459508362E0
6.334456542E0,-5.607489166E0,-2.629132690E0,8.341403961E0
6.344432542E0,-5.155429230E0,-2.620600433E0,8.295898590E0
6.354408542E0,-4.846471710E0,-2.626887360E0,8.245603180E0
6.364385542E0,-4.669689331E0,-2.649640045E0,8.214018860E0
6.374361542E0,-4.535418549E0,-2.592309265E0,8.123756561E0
6.384337542E0,-4.482728119E0,-2.575693817E0,8.094118195E0
6.394314542E0,-4.533023529E0,-2.558928680E0,8.115823059E0
6.404290542E0,-4.642445984E0,-2.556084595E0,8.236771545E0
6.414266542E0,-4.886438599E0,-2.379900970E0,8.376431122E0
6.424243542E0,-4.903503113E0,-2.291285248E0,8.407716064E0
6.434219542E0,-4.803660736E0,-2.209405518E0,8.433013458E0
6.444195542E0,-4.618196411E0,-2.225422211E0,8.394693146E0
6.454171542E0,-4.533771973E0,-2.362686768E0,8.374485168E0
6.464148542E0,-4.560266876E0,-2.502346344E0,8.392447815E0
6.474124542E0,-4.558919678E0,-2.530637512E0,8.362210693E0
6.484100542E0,-4.640350342E0,-2.560425568E0,8.370443573E0
6.494077542E0,-4.707410889E0,-2.472558289E0,8.404422913E0
6.504053542E0,-4.847818909E0,-2.351310425E0,8.393046570E0
6.514029542E0,-4.843328247E0,-2.450404358E0,8.415200500E0
6.524006542E0,-4.779411163E0,-2.361938324E0,8.352630615E0
6.533982542E0,-4.691992950E0,-2.416275330E0,8.308622131E0
6.543958542E0,-4.656666412E0,-2.391427002E0,8.283175049E0
6.553935542E0,-4.685556335E0,-2.365231476E0,8.296048279E0
6.563911542E0,-4.879702606E0,-2.404000854E0,8.283025360E0
6.573887542E0,-5.046904907E0,-2.392025757E0,8.323441315E0
6.583864542E0,-5.222938843E0,-2.420316925E0,8.378227386E0
6.593840542E0,-5.353617096E0,-2.484383698E0,8.363408203E0
6.603816542E0,-5.270240479E0,-2.529440002E0,8.289761353E0
6.613792167E0,-5.169649658E0,-2.467169495E0,8.228388977E0
6.623769167E0,-5.047204285E0,-2.410736847E0,8.172854462E0
6.633745167E0,-4.862039337E0,-2.593207397E0,8.163124695E0
6.643721167E0,-4.956043854E0,-1.953587494E0,8.085286560E0
6.653698167E0,-5.078040161E0,-2.305954742E0,7.961943054E0
6.663674167E0,-5.213508453E0,-2.587668915E0,7.977959747E0
6.673650167E0,-5.613925781E0,-2.564317474E0,8.150700531E0
6.683627167E0,-5.086123352E0,-2.290237427E0,8.331674194E0
6.693603167E0,-3.827241211E0,-2.181114349E0,8.208779755E0
6.703579167E0,-4.259542236E0,-2.729723511E0,8.201445007E0
6.713556167E0,-3.975133667E0,-2.672542419E0,8.029901733E0
6.723532167E0,-4.312532043E0,-2.874023438E0,8.090825043E0
6.733508167E0,-4.736749878E0,-2.914140015E0,8.275091858E0
6.743484167E0,-4.583169250E0,-2.639610901E0,8.468789062E0
6.753461167E0,-4.474345551E0,-2.477947083E0,8.549770660E0
6.763437167E0,-4.302951965E0,-2.421813812E0,8.487649841E0
6.773413167E0,-4.202061768E0,-2.414928131E0,8.319100342E0
6.783390167E0,-4.079167328E0,-2.448009338E0,8.230334930E0
6.793366167E0,-4.003574524E0,-2.461481323E0,8.263565826E0
6.803342167E0,-4.211941223E0,-2.433938599E0,8.268505554E0
6.813319167E0,-4.300856323E0,-2.422711945E0,8.322692871E0
6.823295167E0,-4.490362244E0,-2.483934631E0,8.373137970E0
6.833271167E0,-4.765041046E0,-2.502046967E0,8.405919800E0
6.843248167E0,-5.064119110E0,-2.481389923E0,8.247100067E0
6.853224167E0,-4.914580078E0,-2.490071869E0,8.289012909E0
6.863200167E0,-4.991520081E0,-2.437830505E0,8.207282867E0
6.873176167E0,-5.088817749E0,-2.496658173E0,8.115523682E0
6.883153167E0,-5.250481567E0,-2.424059143E0,8.039182434E0
6.893129167E0,-5.280718689E0,-2.383343811E0,8.161777496E0
6.903105167E0,-4.953798523E0,-2.446213074E0,8.292156372E0
6.913082167E0,-4.840484161E0,-2.509681091E0,8.196205902E0
6.923058167E0,-5.102888489E0,-2.545456696E0,8.071215820E0
6.933034167E0,-5.056634674E0,-2.470462646E0,8.215964813E0
6.943011167E0,-4.470303955E0,-2.189646606E0,8.465495911E0
6.952987167E0,-4.486021271E0,-2.248324585E0,8.303981781E0
6.962963167E0,-4.516857147E0,-2.322719879E0,8.214318237E0
6.972940167E0,-4.519102478E0,-2.289788361E0,8.007598114E0
6.982916167E0,-4.450844421E0,-2.260149994E0,8.147108002E0
6.992892167E0,-4.466861115E0,-2.350861359E0,8.431067505E0
7.002868167E0,-4.693938904E0,-2.430795135E0,8.503367157E0
7.012845167E0,-4.797972565E0,-2.474204865E0,8.375832367E0
7.022821167E0,-4.788093109E0,-2.391876068E0,8.155041504E0
7.032797167E0,-4.759652252E0,-2.294578400E0,8.032596130E0
7.042774167E0,-4.759652252E0,-2.243534546E0,8.066276093E0
7.052750167E0,-4.803810425E0,-2.278861084E0,8.149802399E0
7.062726167E0,-4.859943695E0,-2.328557739E0,8.207582245E0
7.072703167E0,-4.901706848E0,-2.391277313E0,8.254285126E0
7.082679167E0,-4.904101868E0,-2.402653656E0,8.254434814E0
7.092655167E0,-4.902006226E0,-2.394570465E0,8.228239288E0
7.102631167E0,-4.897964630E0,-2.381098480E0,8.250243530E0
7.112608167E0,-4.919968872E0,-2.408192139E0,8.263266449E0
7.122584167E0,-4.893324280E0,-2.453098755E0,8.251291351E0
7.132560167E0,-4.850662994E0,-2.505639496E0,8.214168549E0
7.142537167E0,-4.790637817E0,-2.569855957E0,8.193062439E0
7.152513167E0,-4.766687622E0,-2.587070160E0,8.170758820E0
7.162489167E0,-4.755910034E0,-2.603685608E0,8.178692322E0
7.172466167E0,-4.769232330E0,-2.609822845E0,8.166717224E0
7.182442167E0,-4.767735443E0,-2.572849731E0,8.130043488E0
7.192418167E0,-4.743934937E0,-2.572250977E0,8.109835510E0
7.202395167E0,-4.717140656E0,-2.559677124E0,8.087232513E0
7.212371167E0,-4.705764313E0,-2.521656189E0,8.080646210E0
7.222347167E0,-4.762047272E0,-2.441273346E0,8.085585938E0
7.232323167E0,-4.816833344E0,-2.371518402E0,8.069120178E0
7.242300167E0,-4.867877197E0,-2.343676300E0,8.055348816E0
7.252276167E0,-4.869972839E0,-2.335293732E0,8.032296753E0
7.262252167E0,-4.840184784E0,-2.324366455E0,8.018974457E0
7.272229167E0,-4.841831360E0,-2.372865601E0,8.078101501E0
7.282205167E0,-4.903952179E0,-2.389481049E0,8.189769287E0
7.292181167E0,-4.963079224E0,-2.372266846E0,8.260122986E0
7.302158167E0,-5.033732300E0,-2.330503693E0,8.294701080E0
7.312134167E0,-5.059628448E0,-2.306104431E0,8.262368317E0
7.322110167E0,-4.999004517E0,-2.284698944E0,8.225245514E0
7.332086167E0,-4.912185059E0,-2.285447388E0,8.168513489E0
7.342063167E0,-4.855602722E0,-2.312990112E0,8.155640259E0
7.352039167E0,-4.824766846E0,-2.332898712E0,8.195756836E0
7.362015167E0,-4.822072449E0,-2.368524628E0,8.232580261E0
7.371992167E0,-4.802912292E0,-2.400707703E0,8.249644775E0
7.381968167E0,-4.821324005E0,-2.405048676E0,8.281827850E0
7.391944167E0,-4.826862488E0,-2.400707703E0,8.320148163E0
7.401921167E0,-4.841981049E0,-2.415975952E0,8.328979797E0
7.411897167E0,-4.847968597E0,-2.399061127E0,8.298293610E0
7.421873167E0,-4.852608948E0,-2.341730347E0,8.243058472E0
7.431849167E0,-4.827760620E0,-2.352058868E0,8.188422089E0
7.441826167E0,-4.820126495E0,-2.378254395E0,8.156837769E0
7.451802167E0,-4.810396729E0,-2.427651672E0,8.140671387E0
7.461778167E0,-4.777465210E0,-2.505040741E0,8.142317963E0
7.471755167E0,-4.754562836E0,-2.564467163E0,8.183632050E0
7.481731167E0,-4.766987000E0,-2.571502533E0,8.205636292E0
7.491707167E0,-4.770729218E0,-2.539918213E0,8.169112244E0
7.501684167E0,-4.717290344E0,-2.520009613E0,8.096812592E0
7.511660167E0,-4.672084351E0,-2.493514709E0,8.026009827E0
7.521636167E0,-4.665797424E0,-2.423759766E0,8.029901733E0
7.531613167E0,-4.728816376E0,-2.375559998E0,8.096363525E0
7.541589167E0,-4.837939453E0,-2.338736572E0,8.149802399E0
7.551565167E0,-4.880001984E0,-2.317031708E0,8.159831543E0
7.561541167E0,-4.869972839E0,-2.341430969E0,8.156538391E0
7.571518167E0,-4.861739960E0,-2.369871826E0,8.161178741E0
7.581494167E0,-4.877906342E0,-2.412383423E0,8.189469910E0
7.591470167E0,-4.905000000E0,-2.443368988E0,8.297096100E0
7.601447167E0,-4.969665527E0,-2.419718170E0,8.353678436E0
7.611423167E0,-4.960534515E0,-2.355651398E0,8.288114777E0
7.621399625E0,-4.921316071E0,-2.309696960E0,8.136929169E0
7.631375625E0,-4.893623657E0,-2.350711670E0,8.093519440E0
7.641352625E0,-4.870421906E0,-2.383493500E0,8.160579987E0
7.651328625E0,-4.875810699E0,-2.370021515E0,8.176746368E0
7.661304625E0,-4.850513306E0,-2.359842682E0,8.089178467E0
7.671281625E0,-4.827311554E0,-2.391277313E0,8.001161499E0
7.681257625E0,-4.793930969E0,-2.478096771E0,7.975115662E0
7.691233625E0,-4.779860229E0,-2.554438019E0,8.053103485E0
7.701210625E0,-4.800966339E0,-2.586022339E0,8.182434540E0
7.711186625E0,-4.844825134E0,-2.602188721E0,8.265062714E0
7.721162625E0,-4.871320038E0,-2.601889343E0,8.252189484E0
7.731139625E0,-4.889881439E0,-2.556234283E0,8.239765320E0
7.741115625E0,-4.888384552E0,-2.519111481E0,8.238867188E0
7.751091625E0,-4.868475952E0,-2.473456421E0,8.224946136E0
7.761067625E0,-4.853357391E0,-2.419568481E0,8.195607147E0
7.771044625E0,-4.857398987E0,-2.371817780E0,8.153993683E0
7.781020625E0,-4.886438599E0,-2.346071320E0,8.139473877E0
7.790996625E0,-4.902904358E0,-2.335742798E0,8.151448975E0
7.800973625E0,-4.874613190E0,-2.348316650E0,8.153544617E0
7.810949625E0,-4.871020660E0,-2.360740814E0,8.184530182E0
7.820925625E0,-4.880451050E0,-2.377505951E0,8.207133179E0
7.830902625E0,-4.879552917E0,-2.380200348E0,8.198002167E0
7.840878625E0,-4.877157898E0,-2.373314667E0,8.213120728E0
7.850854625E0,-4.847070465E0,-2.362387390E0,8.180787964E0
7.860831625E0,-4.808750153E0,-2.365680542E0,8.132737885E0
7.870807625E0,-4.803211670E0,-2.364333344E0,8.123307495E0
7.880783625E0,-4.822970581E0,-2.349514160E0,8.129594421E0
7.890759625E0,-4.850962372E0,-2.356399841E0,8.118816833E0
7.900736625E0,-4.873864746E0,-2.378254395E0,8.098309479E0
7.910712625E0,-4.840933228E0,-2.429597626E0,8.077203369E0
7.920688625E0,-4.804858246E0,-2.486179962E0,8.131091309E0
7.930665625E0,-4.826862488E0,-2.504591675E0,8.226742401E0
7.940641625E0,-4.862937469E0,-2.448608093E0,8.271649017E0
7.950617625E0,-4.866529999E0,-2.405946808E0,8.228538666E0
7.960593625E0,-4.860991516E0,-2.396965485E0,8.186925201E0
7.970570625E0,-4.850662994E0,-2.396516418E0,8.181686096E0
7.980546625E0,-4.815935211E0,-2.387684784E0,8.177644501E0
7.990522625E0,-4.816234589E0,-2.392175446E0,8.161328430E0
8.000499625E0,-4.879253540E0,-2.395468597E0,8.178842010E0
8.010475625E0,-4.920268250E0,-2.420915680E0,8.203241272E0
8.020451625E0,-4.898114319E0,-2.447859650E0,8.229137421E0
8.030428625E0,-4.905449066E0,-2.420167236E0,8.261021118E0
8.040404625E0,-4.919220428E0,-2.365530853E0,8.277337189E0
8.050380625E0,-4.927602997E0,-2.329156494E0,8.222102051E0
8.060356625E0,-4.942272491E0,-2.294578400E0,8.154143372E0
8.070333625E0,-4.907694397E0,-2.314037933E0,8.097261658E0
8.080309625E0,-4.808151398E0,-2.357896729E0,8.005801849E0
8.090285625E0,-4.777315521E0,-2.390678558E0,8.016280060E0
8.100262625E0,-4.855902100E0,-2.438728638E0,8.125702515E0
8.110238625E0,-4.915328522E0,-2.454445953E0,8.182584229E0
8.120214625E0,-4.880001984E0,-2.450853424E0,8.136031036E0
8.130191625E0,-4.881947937E0,-2.424508209E0,8.120762787E0
8.140167625E0,-4.906646576E0,-2.405647430E0,8.154442749E0
8.150143625E0,-4.868026886E0,-2.382295990E0,8.166118469E0
8.160119625E0,-4.873265991E0,-2.320624237E0,8.142168274E0
8.170096625E0,-4.965174866E0,-2.257156219E0,8.126001892E0
8.180072625E0,-4.998555450E0,-2.248773651E0,8.099506989E0
8.190048625E0,-4.966821442E0,-2.301164703E0,8.089777222E0
8.200025625E0,-4.970114594E0,-2.335892487E0,8.120762787E0
8.210001625E0,-4.999902649E0,-2.377056885E0,8.190817108E0
8.219977625E0,-4.966372375E0,-2.432441711E0,8.227790222E0
8.229954625E0,-4.923411713E0,-2.460732880E0,8.263416138E0
8.239930625E0,-4.924908600E0,-2.495011597E0,8.246501312E0
8.249906625E0,-4.888085175E0,-2.513872375E0,8.199798431E0
8.259882625E0,-4.806953888E0,-2.473157043E0,8.133336639E0
8.269859625E0,-4.761149139E0,-2.424957275E0,8.168513489E0
8.279835625E0,-4.668342133E0,-2.396366730E0,8.164172516E0
8.289811625E0,-4.704117737E0,-2.424657898E0,7.957602081E0
8.299788625E0,-4.848118286E0,-2.456990662E0,7.887547760E0
8.309764625E0,-4.780009918E0,-2.409239960E0,8.055348816E0
8.319740625E0,-4.777315521E0,-2.422562256E0,8.168513489E0
8.329717625E0,-4.798271942E0,-2.456242218E0,8.171357574E0
8.339693625E0,-4.881798248E0,-2.471211090E0,8.193511505E0
8.349669625E0,-4.880451050E0,-2.436183929E0,8.286617889E0
8.359645625E0,-4.924758911E0,-2.436782684E0,8.267607422E0
8.369622625E0,-4.941524048E0,-2.430495758E0,8.287216644E0
8.379598625E0,-4.883744202E0,-2.389481049E0,8.260572052E0
8.389574625E0,-4.880900116E0,-2.376907196E0,8.228089600E0
8.399551625E0,-4.910388794E0,-2.378703461E0,8.182434540E0
8.409527625E0,-4.933740234E0,-2.374661865E0,8.141270142E0
8.419503625E0,-4.949457550E0,-2.359543304E0,8.097860413E0
8.429480625E0,-4.906646576E0,-2.402354279E0,8.070167999E0
8.439456625E0,-4.861290894E0,-2.458786926E0,8.126750336E0
8.449432625E0,-4.850363617E0,-2.496658173E0,8.181237030E0
8.459408625E0,-4.800068207E0,-2.516417084E0,8.188571777E0
8.469385625E0,-4.796026611E0,-2.525697784E0,8.171058197E0
8.479361625E0,-4.760849762E0,-2.484832764E0,8.171207886E0
8.489337625E0,-4.771477661E0,-2.485431519E0,8.150850220E0
8.499314625E0,-4.806654510E0,-2.467319183E0,8.150101776E0
8.509290625E0,-4.831502838E0,-2.403402100E0,8.159681854E0
8.519266625E0,-4.878954163E0,-2.349065094E0,8.167615356E0
8.529243625E0,-4.916226654E0,-2.339485016E0,8.147706757E0
8.539219625E0,-4.921316071E0,-2.344724121E0,8.161178741E0
8.549195625E0,-4.937332764E0,-2.328408051E0,8.214318237E0
8.559171625E0,-4.972808990E0,-2.284249878E0,8.257428589E0
8.569148625E0,-5.006938019E0,-2.266885986E0,8.256081390E0
8.579124625E0,-5.024451599E0,-2.289938049E0,8.230185242E0
8.589100625E0,-4.933141479E0,-2.316133575E0,8.215515747E0
8.599077625E0,-4.895419922E0,-2.315684509E0,8.223299561E0
8.609053625E0,-4.909041595E0,-2.290387115E0,8.196355591E0
8.619029042E0,-4.863985291E0,-2.336491241E0,8.068521423E0
8.629006042E0,-4.873715057E0,-2.348765717E0,8.070617065E0
8.638982042E0,-4.851710815E0,-2.391726379E0,8.113128662E0
8.648958042E0,-4.838089142E0,-2.423460388E0,8.145162048E0
8.658934042E0,-4.829257507E0,-2.465073853E0,8.161029053E0
8.668911042E0,-4.814887390E0,-2.490820312E0,8.140821075E0
8.678887042E0,-4.806953888E0,-2.500550079E0,8.147257690E0
8.688863042E0,-4.796325989E0,-2.535577240E0,8.148604889E0
8.698840042E0,-4.812791748E0,-2.525997162E0,8.159083099E0
8.708816042E0,-4.817282410E0,-2.506238251E0,8.138126678E0
8.718792042E0,-4.782854004E0,-2.499352570E0,8.111332397E0
8.728768042E0,-4.832700348E0,-2.500550079E0,8.157286835E0
8.738745042E0,-4.889432373E0,-2.457589417E0,8.191116486E0
8.748721042E0,-4.897964630E0,-2.398462372E0,8.160130920E0
8.758697042E0,-4.918022919E0,-2.386337585E0,8.090076599E0
8.768674042E0,-4.954097900E0,-2.337988129E0,8.077502747E0
8.778650042E0,-4.963378601E0,-2.324665833E0,8.116721191E0
8.788626042E0,-4.950205994E0,-2.346969452E0,8.153095551E0
8.798603042E0,-4.975802765E0,-2.305655365E0,8.168812866E0
8.808579042E0,-4.998106384E0,-2.285297699E0,8.160579987E0
8.818555042E0,-4.932692413E0,-2.311193848E0,8.116571503E0
8.828531042E0,-4.857698364E0,-2.364632721E0,8.122858429E0
8.838508042E0,-4.837041321E0,-2.375559998E0,8.153095551E0
8.848484042E0,-4.800517273E0,-2.374961243E0,8.164920959E0
8.858460042E0,-4.788242798E0,-2.349514160E0,8.112230530E0
8.868437042E0,-4.814887390E0,-2.330803070E0,8.094716949E0
8.878413042E0,-4.862488403E0,-2.354902954E0,8.110733643E0
8.888389042E0,-4.870870972E0,-2.382894745E0,8.152047729E0
8.898365042E0,-4.926704865E0,-2.416874084E0,8.164621582E0
8.908342042E0,-4.979694672E0,-2.424358521E0,8.173004150E0
8.918318042E0,-4.974754944E0,-2.442770233E0,8.195307770E0
8.928294042E0,-4.976102142E0,-2.429897003E0,8.219557343E0
8.938271042E0,-5.001100159E0,-2.403851166E0,8.214916992E0
8.948247042E0,-4.993915100E0,-2.365530853E0,8.198900299E0
8.958223042E0,-4.959037628E0,-2.355202332E0,8.171507263E0
8.968200042E0,-4.930596771E0,-2.342927856E0,8.162825317E0
8.978176042E0,-4.888384552E0,-2.355202332E0,8.143814850E0
8.988152042E0,-4.869224396E0,-2.360142059E0,8.138875122E0
8.998128042E0,-4.876559143E0,-2.370171204E0,8.136480103E0
9.008105042E0,-4.856351166E0,-2.386636963E0,8.151149597E0
9.018081042E0,-4.840633850E0,-2.420915680E0,8.159532166E0
9.028057042E0,-4.855153656E0,-2.452500000E0,8.192912750E0
9.038034042E0,-4.840334473E0,-2.462080078E0,8.243956604E0
9.048010042E0,-4.820575562E0,-2.456541595E0,8.236023102E0
9.057986042E0,-4.809648285E0,-2.458487549E0,8.194858704E0
9.067963042E0,-4.800966339E0,-2.433938599E0,8.162076874E0
9.077939042E0,-4.789889374E0,-2.424657898E0,8.124804382E0
9.087915042E0,-4.775818634E0,-2.416574707E0,8.086035004E0
9.097891042E0,-4.792134705E0,-2.398612061E0,8.074359283E0
9.107868042E0,-4.771777039E0,-2.426603851E0,8.107290802E0
9.117844042E0,-4.791685638E0,-2.454895020E0,8.141719208E0
9.127820042E0,-4.817881165E0,-2.461930389E0,8.191565552E0
9.137797042E0,-4.807402954E0,-2.489024048E0,8.211324463E0
9.147773042E0,-4.802762604E0,-2.534379730E0,8.188122711E0
9.157749042E0,-4.829556885E0,-2.575843506E0,8.204588470E0
9.167725042E0,-4.871619415E0,-2.555785217E0,8.240513763E0
9.177702042E0,-4.889282684E0,-2.530338135E0,8.211773529E0
9.187678042E0,-4.884642334E0,-2.478545837E0,8.160879364E0
9.197654042E0,-4.890330505E0,-2.430495758E0,8.146060181E0
9.207631042E0,-4.915478210E0,-2.403701477E0,8.149802399E0
9.217607042E0,-4.933590546E0,-2.386038208E0,8.175249481E0
9.227583042E0,-4.938230896E0,-2.365530853E0,8.193960571E0
9.237560042E0,-4.933141479E0,-2.339185638E0,8.168812866E0
9.247536042E0,-4.898114319E0,-2.327809296E0,8.169860687E0
9.257512042E0,-4.898264008E0,-2.313289490E0,8.179889832E0
9.267488042E0,-4.918771362E0,-2.336640930E0,8.199798431E0
9.277465042E0,-4.961582336E0,-2.340981903E0,8.236771545E0
9.287441042E0,-5.018913116E0,-2.355202332E0,8.249495087E0
9.297417042E0,-4.996759186E0,-2.351160736E0,8.248746643E0
9.307394042E0,-4.932542725E0,-2.350561981E0,8.207133179E0
9.317370042E0,-4.884342957E0,-2.369123383E0,8.155490570E0
9.327346042E0,-4.834496613E0,-2.360890503E0,8.128546600E0
9.337322042E0,-4.828059998E0,-2.351460114E0,8.066575470E0
9.347299042E0,-4.808301086E0,-2.371668091E0,8.045020294E0
9.357275042E0,-4.795577545E0,-2.388433228E0,8.075706482E0
9.367251042E0,-4.792583771E0,-2.396516418E0,8.087232513E0
9.377228042E0,-4.780908051E0,-2.434237976E0,8.091274109E0
9.387204042E0,-4.789290619E0,-2.474055176E0,8.112080841E0
9.397180042E0,-4.857398987E0,-2.508932648E0,8.194409637E0
9.407157042E0,-4.912334747E0,-2.505489807E0,8.225544891E0
9.417133042E0,-4.937183075E0,-2.463576965E0,8.189020844E0
9.427109042E0,-4.903054047E0,-2.414628754E0,8.134384460E0
9.437085042E0,-4.854405212E0,-2.392175446E0,8.092471619E0
9.447062042E0,-4.850812683E0,-2.357148285E0,8.080646210E0
9.457038042E0,-4.893773346E0,-2.323767700E0,8.096662903E0
9.467014042E0,-4.917124786E0,-2.341281281E0,8.113877106E0
9.476991042E0,-4.922663269E0,-2.338437195E0,8.156089325E0
9.486967042E0,-4.904550934E0,-2.336640930E0,8.169261932E0
9.496943042E0,-4.877756653E0,-2.348915405E0,8.160280609E0
9.506919042E0,-4.884792023E0,-2.371817780E0,8.186625824E0
9.516896042E0,-4.910388794E0,-2.392624512E0,8.207282867E0
9.526872042E0,-4.911137238E0,-2.412383423E0,8.201594696E0
9.536848042E0,-4.871170349E0,-2.477797394E0,8.187224579E0
9.546825042E0,-4.843927002E0,-2.530787201E0,8.179291077E0
9.556801042E0,-4.841981049E0,-2.528990936E0,8.168064423E0
9.566777042E0,-4.868925018E0,-2.516417084E0,8.140222321E0
9.576753042E0,-4.894372101E0,-2.465522919E0,8.098608856E0
9.586730042E0,-4.916076965E0,-2.427951050E0,8.075257416E0
9.596706042E0,-4.916076965E0,-2.391876068E0,8.061486053E0
9.606682042E0,-4.913083191E0,-2.359692993E0,8.025111694E0
9.616659167E0,-4.921615448E0,-2.354004822E0,8.040230255E0
9.626635167E0,-4.918471985E0,-2.352807312E0,8.043074341E0
9.636611167E0,-4.943619690E0,-2.381397858E0,8.071964264E0
9.646588167E0,-4.960235138E0,-2.431244202E0,8.128097534E0
9.656564167E0,-4.952900391E0,-2.466870117E0,8.184530182E0
9.666540167E0,-4.919519806E0,-2.468816071E0,8.246950378E0
9.676516167E0,-4.914879456E0,-2.430495758E0,8.244854736E0
9.686493167E0,-4.884792023E0,-2.383942566E0,8.243208160E0
9.696469167E0,-4.851860504E0,-2.346969452E0,8.221802673E0
9.706445167E0,-4.823269958E0,-2.327060852E0,8.191415863E0
9.716422167E0,-4.836292877E0,-2.308948517E0,8.182284851E0
9.726398167E0,-4.834945679E0,-2.312241669E0,8.183332672E0
9.736374167E0,-4.848417664E0,-2.354154510E0,8.180937653E0
9.746350167E0,-4.826263733E0,-2.389780426E0,8.210875397E0
9.756327167E0,-4.855752411E0,-2.446213074E0,8.249794464E0
9.766303167E0,-4.886288910E0,-2.470911713E0,8.286617889E0
9.776279167E0,-4.938081207E0,-2.458487549E0,8.283773804E0
9.786256167E0,-4.952451324E0,-2.409090271E0,8.263865204E0
9.796232167E0,-4.902904358E0,-2.409239960E0,8.202792206E0
9.806208167E0,-4.877457275E0,-2.387535095E0,8.164621582E0
9.816184167E0,-4.854405212E0,-2.390079803E0,8.146359558E0
9.826161167E0,-4.867577820E0,-2.409539337E0,8.107889557E0
9.836137167E0,-4.865182800E0,-2.452649689E0,8.089477844E0
9.846113167E0,-4.842130737E0,-2.446512451E0,8.087681580E0
9.856090167E0,-4.834047546E0,-2.503394165E0,8.071365509E0
9.866066167E0,-4.835095367E0,-2.528990936E0,8.088130646E0
9.876042167E0,-4.851860504E0,-2.553689575E0,8.083190918E0
9.886019167E0,-4.850363617E0,-2.538870392E0,8.075257416E0
9.895995167E0,-4.879552917E0,-2.519859924E0,8.070916443E0
9.905971167E0,-4.866529999E0,-2.503094788E0,8.042774963E0
9.915947167E0,-4.876559143E0,-2.485730896E0,8.044720917E0
9.925924167E0,-4.883744202E0,-2.469714203E0,8.029602356E0
9.935900167E0,-4.913681946E0,-2.459834747E0,8.081244965E0
9.945876167E0,-4.932542725E0,-2.453547821E0,8.133037262E0
9.955853167E0,-4.981640625E0,-2.382445679E0,8.154742126E0
9.965829167E0,-4.970413971E0,-2.336640930E0,8.159232788E0
9.975805167E0,-4.935386810E0,-2.316432953E0,8.133785706E0
9.985781167E0,-4.949756927E0,-2.296823730E0,8.144114227E0
9.995758167E0,-4.972359924E0,-2.270777893E0,8.175698547E0
1.000573417E1,-4.965474243E0,-2.275418243E0,8.175698547E0
1.001571017E1,-4.973108368E0,-2.269131317E0,8.187374268E0
1.002568717E1,-4.981790314E0,-2.250120850E0,8.198900299E0
1.003566317E1,-4.947810974E0,-2.289339294E0,8.178542633E0
1.004563917E1,-4.933141479E0,-2.366129608E0,8.192613373E0
1.005561517E1,-4.952002258E0,-2.389481049E0,8.216413879E0
1.006559217E1,-4.948858795E0,-2.348765717E0,8.202043762E0
1.007556817E1,-4.897814941E0,-2.368374939E0,8.174501038E0
1.008554417E1,-4.860692139E0,-2.389780426E0,8.141569519E0
1.009552117E1,-4.826263733E0,-2.404749298E0,8.106392670E0
1.010549717E1,-4.796325989E0,-2.427202606E0,8.117319946E0
1.011547317E1,-4.788991241E0,-2.437531128E0,8.136480103E0
1.012545017E1,-4.823269958E0,-2.440225525E0,8.172255707E0
1.013542617E1,-4.847968597E0,-2.445913696E0,8.177794189E0
1.014540217E1,-4.862039337E0,-2.502496033E0,8.190068665E0
1.015537817E1,-4.870571594E0,-2.520758057E0,8.195607147E0
1.016535517E1,-4.922214203E0,-2.504741364E0,8.201145630E0
1.017533117E1,-4.939727783E0,-2.481838989E0,8.169411621E0
1.018530717E1,-4.934488678E0,-2.457140350E0,8.143066406E0
1.019528417E1,-4.949906616E0,-2.400108948E0,8.132737885E0
1.020526017E1,-4.906796265E0,-2.386786652E0,8.097561035E0
1.021523617E1,-4.870272217E0,-2.376907196E0,8.075107727E0
1.022521217E1,-4.899162140E0,-2.389331360E0,8.074059906E0
1.023518917E1,-4.944368134E0,-2.379302216E0,8.103997650E0
1.024516517E1,-4.926555176E0,-2.430645447E0,8.105644226E0
1.025514117E1,-5.149591370E0,-2.389031982E0,8.049211578E0
1.026511817E1,-5.303770752E0,-2.312391357E0,8.046816559E0
1.027509417E1,-4.950205994E0,-2.260599060E0,8.163274384E0
1.028507017E1,-4.758754120E0,-2.272723846E0,8.175249481E0
1.029504617E1,-4.691693573E0,-2.336940308E0,8.157286835E0
1.030502317E1,-4.769232330E0,-2.366578674E0,8.131240997E0
1.031499917E1,-4.791236572E0,-2.399510193E0,8.123008118E0
1.032497517E1,-4.857398987E0,-2.474504242E0,8.143515472E0
1.033495217E1,-4.944667511E0,-2.483934631E0,8.173153839E0
1.034492817E1,-4.980892181E0,-2.465971985E0,8.176596680E0
1.035490417E1,-4.917124786E0,-2.447111206E0,8.174501038E0
1.036488017E1,-4.852758636E0,-2.431842957E0,8.173752594E0
1.037485717E1,-4.824168091E0,-2.474204865E0,8.136180725E0
1.038483317E1,-4.843777313E0,-2.503094788E0,8.094417572E0
1.039480917E1,-4.936883698E0,-2.489323425E0,8.008795624E0
1.040478617E1,-5.044509888E0,-2.534828796E0,8.043673096E0
1.041476217E1,-4.820874939E0,-2.464774475E0,8.328231354E0
1.042473817E1,-4.864883423E0,-2.457888794E0,8.165819092E0
1.043471517E1,-4.909490662E0,-2.481090546E0,8.133636017E0
1.044469117E1,-4.961133270E0,-2.462978210E0,8.096363525E0
1.045466717E1,-4.916376343E0,-2.425855408E0,8.150401154E0
1.046464317E1,-4.926704865E0,-2.421963501E0,8.151149597E0
1.047462017E1,-4.891677704E0,-2.403701477E0,8.189170532E0
1.048459617E1,-4.899760895E0,-2.367027740E0,8.166417847E0
1.049457217E1,-5.022655334E0,-2.395618286E0,8.070617065E0
1.050454917E1,-4.803960114E0,-2.304906921E0,8.244106293E0
1.051452517E1,-4.845124512E0,-2.340832214E0,8.114176483E0
1.052450117E1,-4.974305878E0,-2.398013306E0,8.073012085E0
1.053447717E1,-4.998405762E0,-2.390678558E0,8.151149597E0
1.054445417E1,-4.817581787E0,-2.310744781E0,8.274193726E0
1.055443017E1,-4.911586304E0,-2.368225250E0,8.078251190E0
1.056440617E1,-4.948858795E0,-2.431244202E0,8.119415588E0
1.057438317E1,-4.906945953E0,-2.394869843E0,8.131839752E0
1.058435917E1,-5.000651093E0,-2.421065369E0,8.086334381E0
1.059433517E1,-4.824766846E0,-2.394720154E0,8.235574036E0
1.060431117E1,-4.873265991E0,-2.414479065E0,8.117020569E0
1.061428817E1,-4.923860779E0,-2.451751556E0,8.131240997E0
1.062426413E1,-4.929099884E0,-2.452500000E0,8.158933411E0
1.063424013E1,-4.929099884E0,-2.448608093E0,8.135132904E0
1.064421712E1,-4.925806732E0,-2.427651672E0,8.138276367E0
1.065419312E1,-4.944517822E0,-2.429298248E0,8.126301270E0
1.066416913E1,-4.943919067E0,-2.435435486E0,8.124505005E0
1.067414513E1,-4.952601013E0,-2.462978210E0,8.108338623E0
1.068412212E1,-4.967719574E0,-2.460732880E0,8.126001892E0
1.069409812E1,-4.965623932E0,-2.465073853E0,8.089777222E0
1.070407413E1,-4.973258057E0,-2.474803619E0,8.098309479E0
1.071405113E1,-4.979844360E0,-2.465073853E0,8.095315704E0
1.072402712E1,-4.978497162E0,-2.431094513E0,8.079299011E0
1.073400312E1,-4.959636383E0,-2.380649414E0,8.048163757E0
1.074397913E1,-4.938530273E0,-2.362537079E0,8.023465118E0
1.075395613E1,-4.901856537E0,-2.341730347E0,8.014334106E0
1.076393212E1,-4.894372101E0,-2.336491241E0,8.039182434E0
1.077390813E1,-4.889432373E0,-2.345322876E0,8.105793915E0
1.078388513E1,-4.886737976E0,-2.352358246E0,8.150850220E0
1.079386113E1,-4.891378326E0,-2.365680542E0,8.175848236E0
1.080383712E1,-4.877157898E0,-2.357597351E0,8.191415863E0
1.081381313E1,-4.886588287E0,-2.380499725E0,8.182733917E0
1.082379013E1,-4.893773346E0,-2.392923889E0,8.179291077E0
1.083376612E1,-4.924010468E0,-2.371668091E0,8.149952087E0
1.084374212E1,-4.922812958E0,-2.353855133E0,8.110733643E0
1.085371913E1,-4.951104126E0,-2.343227234E0,8.088879089E0
1.086369513E1,-4.968468018E0,-2.366129608E0,8.083789673E0
1.087367112E1,-4.985233154E0,-2.384391632E0,8.107889557E0
1.088364812E1,-4.989574127E0,-2.402953033E0,8.118517456E0
1.089362413E1,-4.971012726E0,-2.406395874E0,8.118517456E0
1.090360013E1,-4.955145721E0,-2.400857391E0,8.112978973E0
1.091357612E1,-4.947511597E0,-2.403102722E0,8.147108002E0
1.092355313E1,-4.953948212E0,-2.424358521E0,8.163723450E0
1.093352913E1,-4.932991791E0,-2.440674591E0,8.171656952E0
1.094350513E1,-4.926405487E0,-2.437830505E0,8.179889832E0
1.095348212E1,-4.911436615E0,-2.403252411E0,8.177494812E0
1.096345813E1,-4.912185059E0,-2.406545563E0,8.179740143E0
1.097343413E1,-4.907694397E0,-2.423011322E0,8.149952087E0
1.098341013E1,-4.901257782E0,-2.428849182E0,8.141719208E0
1.099338712E1,-4.915328522E0,-2.456092529E0,8.154143372E0
1.100336313E1,-4.917723541E0,-2.474354553E0,8.160879364E0
1.101333913E1,-4.899611206E0,-2.477647705E0,8.160280609E0
1.102331612E1,-4.918771362E0,-2.471959534E0,8.124355316E0
1.103329212E1,-4.913681946E0,-2.471211090E0,8.153394928E0
1.104326813E1,-4.901257782E0,-2.445165253E0,8.146958313E0
1.105324413E1,-4.895719299E0,-2.435136108E0,8.112829285E0
1.106322112E1,-4.896467743E0,-2.436483307E0,8.118367767E0
1.107319712E1,-4.898413696E0,-2.419269104E0,8.108638000E0
1.108317313E1,-4.950355682E0,-2.432292023E0,8.080047455E0
1.109315013E1,-4.956193542E0,-2.443668365E0,8.072862396E0
1.110312612E1,-4.968917084E0,-2.429298248E0,8.091124420E0
1.111310213E1,-4.960085449E0,-2.414479065E0,8.085885315E0
1.112307813E1,-4.954397278E0,-2.403402100E0,8.085286560E0
1.113305513E1,-4.949906616E0,-2.396067352E0,8.105045471E0
1.114303112E1,-4.945415955E0,-2.392923889E0,8.129893799E0
1.115300713E1,-4.934638367E0,-2.401605835E0,8.140222321E0
1.116298413E1,-4.943470001E0,-2.417622528E0,8.154592438E0
1.117296012E1,-4.939428406E0,-2.404749298E0,8.143814850E0
1.118293612E1,-4.927752686E0,-2.408042450E0,8.145311737E0
1.119291213E1,-4.932243347E0,-2.421514435E0,8.132887573E0
1.120288913E1,-4.940176849E0,-2.383942566E0,8.105793915E0
1.121286512E1,-4.919819183E0,-2.375859375E0,8.095615082E0
1.122284112E1,-4.927453308E0,-2.372117157E0,8.089028778E0
1.123281813E1,-4.927453308E0,-2.398761749E0,8.085885315E0
1.124279413E1,-4.945266266E0,-2.404300232E0,8.115823059E0
1.125277012E1,-4.938530273E0,-2.402204590E0,8.113278351E0
1.126274612E1,-4.942721558E0,-2.406545563E0,8.110583954E0
1.127272313E1,-4.932991791E0,-2.397414551E0,8.115224304E0
1.128269913E1,-4.927453308E0,-2.387235718E0,8.122559052E0
1.129267512E1,-4.940625916E0,-2.382445679E0,8.125552826E0
1.130265213E1,-4.931494904E0,-2.367027740E0,8.122259674E0
1.131262813E1,-4.934937744E0,-2.365830231E0,8.130043488E0
1.132260413E1,-4.946613464E0,-2.350861359E0,8.125103760E0
1.133258012E1,-4.939129028E0,-2.371368713E0,8.136031036E0
1.134255713E1,-4.936584320E0,-2.388133850E0,8.142317963E0
1.135253313E1,-4.954846344E0,-2.402503967E0,8.141868896E0
1.136250912E1,-4.952301636E0,-2.413131866E0,8.158184967E0
1.137248612E1,-4.931345215E0,-2.421664124E0,8.152047729E0
1.138246213E1,-4.932542725E0,-2.429897003E0,8.158184967E0
1.139243813E1,-4.922962646E0,-2.429597626E0,8.152496796E0
1.140241512E1,-4.932093658E0,-2.418370972E0,8.140072632E0
1.141239112E1,-4.936135254E0,-2.391726379E0,8.155939636E0
1.142236713E1,-4.943470001E0,-2.383343811E0,8.142767029E0
1.143234313E1,-4.937632141E0,-2.365680542E0,8.137677612E0
1.144232012E1,-4.943470001E0,-2.359243927E0,8.135132904E0
1.145229613E1,-4.955744476E0,-2.367476807E0,8.130791931E0
1.146227213E1,-4.961881714E0,-2.374362488E0,8.125253448E0
1.147224813E1,-4.944368134E0,-2.376907196E0,8.117619324E0
1.148222512E1,-4.943320312E0,-2.368674316E0,8.118816833E0
1.149220113E1,-4.918771362E0,-2.369422760E0,8.102051697E0
1.150217713E1,-4.908442841E0,-2.377356262E0,8.103249207E0
1.151215412E1,-4.912933502E0,-2.371817780E0,8.099656677E0
1.152213012E1,-4.904550934E0,-2.373314667E0,8.104746094E0
1.153210613E1,-4.909490662E0,-2.385289764E0,8.091423798E0
1.154208213E1,-4.911436615E0,-2.385888519E0,8.089178467E0
1.155205912E1,-4.899012451E0,-2.401456146E0,8.098010101E0
1.156203512E1,-4.899162140E0,-2.416275330E0,8.109386444E0
1.157201113E1,-4.904251556E0,-2.397414551E0,8.109236755E0
1.158198813E1,-4.923112335E0,-2.385140076E0,8.115523682E0
1.159196412E1,-4.927752686E0,-2.383044434E0,8.136031036E0
1.160194012E1,-4.928800507E0,-2.402054901E0,8.134085083E0
1.161191713E1,-4.952900391E0,-2.387086029E0,8.128845978E0
1.162189325E1,-4.961133270E0,-2.389630737E0,8.158933411E0
1.163186925E1,-4.977149963E0,-2.407443695E0,8.156538391E0
1.164184525E1,-4.995112610E0,-2.423610077E0,8.149652710E0
1.165182225E1,-5.008285217E0,-2.425705719E0,8.161178741E0
1.166179825E1,-5.002896423E0,-2.442620544E0,8.157137146E0
1.167177425E1,-4.983736267E0,-2.480641479E0,8.148604889E0
1.168175125E1,-4.971012726E0,-2.497107239E0,8.129145355E0
1.169172725E1,-4.961282959E0,-2.503094788E0,8.144563293E0
1.170170325E1,-4.925357666E0,-2.521506500E0,8.149353333E0
1.171167925E1,-4.904850311E0,-2.484832764E0,8.140072632E0
1.172165625E1,-4.900359650E0,-2.426603851E0,8.101153564E0
1.173163225E1,-4.904401245E0,-2.395019531E0,8.061186676E0
1.174160825E1,-4.850513306E0,-2.420616302E0,8.028554535E0
1.175158525E1,-4.834945679E0,-2.374811554E0,8.039930878E0
1.176156125E1,-4.882247314E0,-2.372266846E0,8.113278351E0
1.177153725E1,-4.944218445E0,-2.401007080E0,8.141569519E0
1.178151325E1,-4.970264282E0,-2.364033966E0,8.131839752E0
1.179149025E1,-4.968018951E0,-2.322570190E0,8.097411346E0
1.180146625E1,-4.925657043E0,-2.356100464E0,8.077353058E0
1.181144225E1,-4.894970856E0,-2.413580933E0,8.101902008E0
1.182141925E1,-4.903802490E0,-2.424807587E0,8.174051971E0
1.183139525E1,-4.902006226E0,-2.413880310E0,8.178842010E0
1.184137125E1,-4.869374084E0,-2.418820038E0,8.135731659E0
1.185134725E1,-4.845872955E0,-2.407743073E0,8.118068390E0
1.186132425E1,-4.851261749E0,-2.411335602E0,8.115823059E0
1.187130025E1,-4.896617432E0,-2.434387665E0,8.173602905E0
1.188127625E1,-4.951702881E0,-2.423759766E0,8.213270416E0
1.189125325E1,-4.987628174E0,-2.349514160E0,8.162525940E0
1.190122925E1,-4.988077240E0,-2.321222992E0,8.078400879E0
1.191120525E1,-4.981341248E0,-2.370919647E0,8.053552551E0
1.192118125E1,-5.004093933E0,-2.420316925E0,8.115523682E0
1.193115825E1,-5.030738525E0,-2.417023773E0,8.200247498E0
1.194113425E1,-5.041216736E0,-2.414329376E0,8.171656952E0
1.195111025E1,-5.012027435E0,-2.418820038E0,8.144712982E0
1.196108725E1,-4.991370392E0,-2.427052917E0,8.153694305E0
1.197106325E1,-4.972359924E0,-2.408940582E0,8.173153839E0
1.198103925E1,-4.960684204E0,-2.375410309E0,8.157436523E0
1.199101525E1,-4.934788055E0,-2.358046417E0,8.105793915E0
1.200099225E1,-4.912334747E0,-2.353256378E0,8.080047455E0
1.201096825E1,-4.882546692E0,-2.365381165E0,8.074359283E0
1.202094425E1,-4.878355408E0,-2.377805328E0,8.128845978E0
1.203092125E1,-4.914430389E0,-2.377206573E0,8.142317963E0
1.204089725E1,-4.918022919E0,-2.370470581E0,8.096064148E0
1.205087325E1,-4.913382568E0,-2.322719879E0,8.045319672E0
1.206084925E1,-4.911735992E0,-2.354453888E0,8.053702240E0
1.207082625E1,-4.948409729E0,-2.361788635E0,8.112230530E0
1.208080225E1,-4.999902649E0,-2.344724121E0,8.153394928E0
1.209077825E1,-5.032085724E0,-2.352657623E0,8.131839752E0
1.210075525E1,-5.012626190E0,-2.361040192E0,8.131390686E0
1.211073125E1,-5.012326813E0,-2.382146301E0,8.161777496E0
1.212070725E1,-5.020709381E0,-2.403252411E0,8.182284851E0
1.213068325E1,-5.000950470E0,-2.432441711E0,8.182135162E0
1.214066025E1,-4.959187317E0,-2.428100739E0,8.119864655E0
1.215063625E1,-4.911137238E0,-2.388433228E0,8.053851929E0
1.216061225E1,-4.859644318E0,-2.410587158E0,7.988887024E0
1.217058925E1,-4.785548401E0,-2.495310974E0,7.939340057E0
1.218056525E1,-4.768334198E0,-2.517464905E0,8.007298737E0
1.219054125E1,-4.796026611E0,-2.517913971E0,8.078251190E0
1.220051725E1,-4.841232605E0,-2.518063660E0,8.104895782E0
1.221049425E1,-4.903353424E0,-2.494263153E0,8.111781464E0
1.222047025E1,-4.933291168E0,-2.465073853E0,8.099357300E0
1.223044625E1,-4.931644592E0,-2.438429260E0,8.096513214E0
1.224042325E1,-4.977149963E0,-2.391277313E0,8.127049713E0
1.225039925E1,-5.027295685E0,-2.359393616E0,8.147257690E0
1.226037525E1,-5.057682495E0,-2.349963226E0,8.156538391E0
1.227035125E1,-5.067412262E0,-2.358196106E0,8.171357574E0
1.228032825E1,-5.052443390E0,-2.361189880E0,8.188422089E0
1.229030425E1,-5.020110626E0,-2.369722137E0,8.197104034E0
1.230028025E1,-4.999752960E0,-2.400108948E0,8.190966797E0
1.231025725E1,-4.958139496E0,-2.420616302E0,8.206534424E0
1.232023325E1,-4.956642609E0,-2.439626770E0,8.217312012E0
1.233020925E1,-4.931794281E0,-2.437680817E0,8.173303528E0
1.234018525E1,-4.904700623E0,-2.430495758E0,8.107440491E0
1.235016225E1,-4.889731750E0,-2.405946808E0,8.061486053E0
1.236013825E1,-4.894372101E0,-2.389481049E0,8.033494263E0
1.237011425E1,-4.902754669E0,-2.383942566E0,8.061935120E0
1.238009125E1,-4.946763153E0,-2.408790894E0,8.079448700E0
1.239006725E1,-4.956941986E0,-2.430495758E0,8.060587921E0
1.240004325E1,-4.960684204E0,-2.435136108E0,8.062982941E0
1.241002025E1,-4.953499146E0,-2.445015564E0,8.104895782E0
1.241999625E1,-4.952601013E0,-2.450703735E0,8.127049713E0
1.242997225E1,-4.961732025E0,-2.415077820E0,8.157436523E0
1.243994825E1,-4.954397278E0,-2.392624512E0,8.152646484E0
1.244992525E1,-4.937781830E0,-2.371219025E0,8.138725433E0
1.245990125E1,-4.890330505E0,-2.355052643E0,8.111931152E0
1.246987725E1,-4.862338715E0,-2.344574432E0,8.098758545E0
1.247985425E1,-4.873415680E0,-2.334994354E0,8.116122437E0
1.248983025E1,-4.890929260E0,-2.364932098E0,8.126151581E0
1.249980625E1,-4.901706848E0,-2.414479065E0,8.140222321E0
1.250978225E1,-4.936584320E0,-2.452500000E0,8.176147614E0
1.251975925E1,-4.938230896E0,-2.482288055E0,8.189619598E0
1.252973525E1,-4.938679962E0,-2.475252686E0,8.177644501E0
1.253971125E1,-4.944517822E0,-2.457589417E0,8.156388702E0
1.254968825E1,-4.941074982E0,-2.443668365E0,8.135881348E0
1.255966425E1,-4.956642609E0,-2.405497742E0,8.104895782E0
1.256964025E1,-4.956492920E0,-2.372715912E0,8.082741852E0
1.257961625E1,-4.941973114E0,-2.360740814E0,8.065377960E0
1.258959325E1,-4.970114594E0,-2.363435211E0,8.073161774E0
1.259956925E1,-4.991969147E0,-2.388283539E0,8.118517456E0
1.260954525E1,-5.018314362E0,-2.419269104E0,8.146509247E0
1.261952212E1,-5.009931793E0,-2.441872101E0,8.163573761E0
1.262949813E1,-4.994364166E0,-2.453547821E0,8.165819092E0
1.263947413E1,-4.952601013E0,-2.442770233E0,8.125552826E0
1.264945012E1,-4.918022919E0,-2.400258636E0,8.090675354E0
1.265942713E1,-4.902904358E0,-2.348765717E0,8.072862396E0
1.266940313E1,-4.893324280E0,-2.351460114E0,8.077053680E0
1.267937913E1,-4.914879456E0,-2.352058868E0,8.059240723E0
1.268935612E1,-4.947511597E0,-2.364183655E0,8.062533875E0
1.269933213E1,-4.959187317E0,-2.373464355E0,8.084837494E0
1.270930813E1,-4.977599030E0,-2.372117157E0,8.103249207E0
1.271928412E1,-4.984634399E0,-2.369572449E0,8.105494537E0
1.272926112E1,-4.988226929E0,-2.381697235E0,8.098159790E0
1.273923713E1,-4.976700897E0,-2.376458130E0,8.080646210E0
1.274921313E1,-4.962929535E0,-2.382146301E0,8.102500763E0
1.275919012E1,-4.972808990E0,-2.361339569E0,8.114625549E0
1.276916612E1,-4.973407745E0,-2.371668091E0,8.131839752E0
1.277914213E1,-4.973707123E0,-2.372865601E0,8.122109985E0
1.278911813E1,-4.973557434E0,-2.369722137E0,8.124055939E0
1.279909512E1,-4.973856812E0,-2.393822021E0,8.117319946E0
1.280907112E1,-4.981790314E0,-2.401905212E0,8.116272125E0
1.281904713E1,-4.977299652E0,-2.394720154E0,8.110583954E0
1.282902413E1,-4.977449341E0,-2.413281555E0,8.099207611E0
1.283900012E1,-4.971461792E0,-2.424358521E0,8.089178467E0
1.284897613E1,-4.980443115E0,-2.436782684E0,8.096812592E0
1.285895213E1,-4.971461792E0,-2.440824280E0,8.092471619E0
1.286892913E1,-4.970264282E0,-2.443069611E0,8.071664886E0
1.287890512E1,-4.954397278E0,-2.425106964E0,8.088579712E0
1.288888113E1,-4.936284943E0,-2.414778442E0,8.093220062E0
1.289885813E1,-4.924010468E0,-2.421065369E0,8.099357300E0
1.290883412E1,-4.924758911E0,-2.408341827E0,8.121511230E0
1.291881012E1,-4.937931519E0,-2.398911438E0,8.146060181E0
1.292878613E1,-4.948559418E0,-2.398162994E0,8.148754578E0
1.293876313E1,-4.930447083E0,-2.393971710E0,8.136180725E0
1.294873912E1,-4.919070740E0,-2.395318909E0,8.127199402E0
1.295871512E1,-4.899611206E0,-2.401156769E0,8.136330414E0
1.296869213E1,-4.892276459E0,-2.418071594E0,8.136180725E0
1.297866813E1,-4.903652802E0,-2.434537354E0,8.131540375E0
1.298864412E1,-4.919968872E0,-2.432591400E0,8.139174500E0
1.299862012E1,-4.921166382E0,-2.449506226E0,8.162675629E0
1.300859713E1,-4.944667511E0,-2.455344086E0,8.139773254E0
1.301857313E1,-4.951702881E0,-2.446063385E0,8.122109985E0
1.302854912E1,-4.953349457E0,-2.427352295E0,8.104297028E0
1.303852613E1,-4.974156189E0,-2.414928131E0,8.104446716E0
1.304850213E1,-4.975653076E0,-2.389481049E0,8.097411346E0
1.305847812E1,-4.967569885E0,-2.380050659E0,8.089477844E0
1.306845512E1,-4.959486694E0,-2.359842682E0,8.077203369E0
1.307843113E1,-4.967120819E0,-2.387834473E0,8.105344849E0
1.308840713E1,-4.952900391E0,-2.365830231E0,8.109835510E0
1.309838312E1,-4.950505371E0,-2.366878052E0,8.114176483E0
1.310836012E1,-4.947511597E0,-2.384840698E0,8.122259674E0
1.311833613E1,-4.944368134E0,-2.388133850E0,8.137827301E0
1.312831213E1,-4.950056305E0,-2.394720154E0,8.169411621E0
1.313828912E1,-4.954247589E0,-2.402653656E0,8.174650726E0
1.314826512E1,-4.950505371E0,-2.414928131E0,8.154442749E0
1.315824113E1,-4.957241364E0,-2.426753540E0,8.175099792E0
1.316821713E1,-4.950954437E0,-2.420915680E0,8.163424072E0
1.317819412E1,-4.950056305E0,-2.402503967E0,8.146658936E0
1.318817013E1,-4.926854553E0,-2.377056885E0,8.131540375E0
1.319814613E1,-4.919070740E0,-2.393223267E0,8.129594421E0
1.320812313E1,-4.926106110E0,-2.388732605E0,8.111781464E0
1.321809912E1,-4.926854553E0,-2.405497742E0,8.118667145E0
1.322807513E1,-4.926854553E0,-2.424208832E0,8.125103760E0
1.323805113E1,-4.929399261E0,-2.395318909E0,8.118068390E0
1.324802812E1,-4.929548950E0,-2.426304474E0,8.123307495E0
1.325800412E1,-4.920268250E0,-2.439028015E0,8.117319946E0
1.326798013E1,-4.929698639E0,-2.431992645E0,8.129444733E0
1.327795713E1,-4.932542725E0,-2.412832489E0,8.155640259E0
1.328793312E1,-4.932842102E0,-2.413730621E0,8.153544617E0
1.329790912E1,-4.945565643E0,-2.417023773E0,8.143814850E0
1.330788513E1,-4.941973114E0,-2.411784668E0,8.144712982E0
1.331786213E1,-4.942571869E0,-2.390379181E0,8.127947845E0
1.332783812E1,-4.942422180E0,-2.369273071E0,8.107141113E0
1.333781412E1,-4.950954437E0,-2.368374939E0,8.097411346E0
1.334779113E1,-4.940625916E0,-2.373015289E0,8.097411346E0
1.335776713E1,-4.944817200E0,-2.362836456E0,8.103398895E0
1.336774312E1,-4.947810974E0,-2.378104706E0,8.098459167E0
1.337771913E1,-4.963528290E0,-2.395618286E0,8.097261658E0
1.338769613E1,-4.951403503E0,-2.401456146E0,8.089926910E0
1.339767212E1,-4.935835876E0,-2.403551788E0,8.092321930E0
1.340764812E1,-4.939129028E0,-2.387834473E0,8.080047455E0
1.341762513E1,-4.934937744E0,-2.379152527E0,8.058342590E0
1.342760113E1,-4.941973114E0,-2.402503967E0,8.042774963E0
1.343757712E1,-4.949607239E0,-2.396217041E0,8.049211578E0
1.344755412E1,-4.957840118E0,-2.386936340E0,8.054600372E0
1.345753013E1,-4.966372375E0,-2.388882294E0,8.055049438E0
1.346750613E1,-4.972958679E0,-2.400108948E0,8.060438232E0
1.347748212E1,-4.975353699E0,-2.413131866E0,8.070317688E0
1.348745912E1,-4.974904633E0,-2.405048676E0,8.090226288E0
1.349743513E1,-4.987628174E0,-2.405647430E0,8.116421814E0
1.350741113E1,-4.996759186E0,-2.415377197E0,8.118068390E0
1.351738812E1,-5.001998291E0,-2.420616302E0,8.117170258E0
1.352736413E1,-4.991819458E0,-2.422412567E0,8.115823059E0
1.353734013E1,-4.991520081E0,-2.417772217E0,8.131240997E0
1.354731613E1,-4.988975372E0,-2.422113190E0,8.123307495E0
1.355729312E1,-4.984335022E0,-2.413431244E0,8.124954071E0
1.356726913E1,-4.978796539E0,-2.405647430E0,8.128396912E0
1.357724513E1,-4.978048096E0,-2.411784668E0,8.131989441E0
1.358722212E1,-4.968018951E0,-2.401306458E0,8.136180725E0
1.359719812E1,-4.949607239E0,-2.392474823E0,8.126151581E0
1.360717413E1,-4.939129028E0,-2.371518402E0,8.124505005E0
1.361715013E1,-4.928800507E0,-2.367925873E0,8.106692047E0
1.362712704E1,-4.907993774E0,-2.359243927E0,8.101003876E0
1.363710304E1,-4.901557159E0,-2.362686768E0,8.118367767E0
1.364707904E1,-4.895868988E0,-2.361938324E0,8.135581970E0
1.365705604E1,-4.906945953E0,-2.371069336E0,8.150101776E0
1.366703204E1,-4.900659027E0,-2.368824005E0,8.155191193E0
1.367700804E1,-4.899461517E0,-2.364932098E0,8.170010376E0
1.368698404E1,-4.902604980E0,-2.358495483E0,8.178692322E0
1.369696104E1,-4.900509338E0,-2.359543304E0,8.167166290E0
1.370693704E1,-4.912035370E0,-2.369871826E0,8.150999908E0
1.371691304E1,-4.909939728E0,-2.369422760E0,8.153245239E0
1.372689004E1,-4.935835876E0,-2.374661865E0,8.163274384E0
1.373686604E1,-4.935386810E0,-2.379302216E0,8.156089325E0
1.374684204E1,-4.929099884E0,-2.406695251E0,8.140970764E0
1.375681804E1,-4.933291168E0,-2.402503967E0,8.128995667E0
1.376679504E1,-4.930447083E0,-2.411784668E0,8.139024811E0
1.377677104E1,-4.934788055E0,-2.413431244E0,8.124954071E0
1.378674704E1,-4.937931519E0,-2.414329376E0,8.110284576E0
1.379672404E1,-4.938829651E0,-2.416125641E0,8.127349091E0
1.380670004E1,-4.929099884E0,-2.431094513E0,8.121511230E0
1.381667604E1,-4.921765137E0,-2.445165253E0,8.112829285E0
1.382665204E1,-4.906347198E0,-2.441273346E0,8.108338623E0
1.383662904E1,-4.912933502E0,-2.446662140E0,8.122259674E0
1.384660504E1,-4.918621674E0,-2.428998871E0,8.142018585E0
1.385658104E1,-4.934039612E0,-2.433190155E0,8.143964539E0
1.386655804E1,-4.943170624E0,-2.413431244E0,8.142467651E0
1.387653404E1,-4.969366150E0,-2.385888519E0,8.180488586E0
1.388651004E1,-4.973108368E0,-2.374961243E0,8.156688080E0
1.389648604E1,-4.960235138E0,-2.369871826E0,8.117619324E0
1.390646304E1,-4.953648834E0,-2.371518402E0,8.105494537E0
1.391643904E1,-4.969366150E0,-2.387535095E0,8.122409363E0
1.392641504E1,-4.982688446E0,-2.445015564E0,8.154293060E0
1.393639204E1,-4.998705139E0,-2.478545837E0,8.136031036E0
1.394636804E1,-4.987179108E0,-2.476599884E0,8.123756561E0
1.395634404E1,-4.957391052E0,-2.451003113E0,8.121960297E0
1.396632104E1,-4.935386810E0,-2.430046692E0,8.106093292E0
1.397629704E1,-4.897515564E0,-2.404449921E0,8.083789673E0
1.398627304E1,-4.869074707E0,-2.380799103E0,8.063581696E0
1.399624904E1,-4.846172333E0,-2.368075562E0,8.071215820E0
1.400622604E1,-4.843328247E0,-2.366878052E0,8.076604614E0
1.401620204E1,-4.840783539E0,-2.371069336E0,8.114326172E0
1.402617804E1,-4.841831360E0,-2.374661865E0,8.142916718E0
1.403615504E1,-4.855902100E0,-2.377655640E0,8.166268158E0
1.404613104E1,-4.858297119E0,-2.396217041E0,8.165669403E0
1.405610704E1,-4.871020660E0,-2.392624512E0,8.168064423E0
1.406608304E1,-4.872517548E0,-2.390528870E0,8.165519714E0
1.407606004E1,-4.903054047E0,-2.402653656E0,8.149652710E0
1.408603604E1,-4.919968872E0,-2.418221283E0,8.157586212E0
1.409601204E1,-4.934488678E0,-2.418670349E0,8.149503021E0
1.410598904E1,-4.949008484E0,-2.428100739E0,8.124954071E0
1.411596504E1,-4.977898407E0,-2.429747314E0,8.124055939E0
1.412594104E1,-4.995561676E0,-2.439926147E0,8.103398895E0
1.413591704E1,-5.003495178E0,-2.425705719E0,8.095615082E0
1.414589404E1,-5.015619965E0,-2.412982178E0,8.081694031E0
1.415587004E1,-5.017865295E0,-2.421215057E0,8.079598389E0
1.416584604E1,-5.032834167E0,-2.432741089E0,8.064030762E0
1.417582304E1,-5.015769653E0,-2.459834747E0,8.091423798E0
1.418579904E1,-5.022056580E0,-2.472558289E0,8.113877106E0
1.419577504E1,-5.012177124E0,-2.454595642E0,8.112380219E0
1.420575104E1,-4.986131287E0,-2.440973969E0,8.115224304E0
1.421572804E1,-4.978946228E0,-2.431543579E0,8.109835510E0
1.422570404E1,-4.957989807E0,-2.429298248E0,8.105943604E0
1.423568004E1,-4.937632141E0,-2.414329376E0,8.104297028E0
1.424565704E1,-4.947661285E0,-2.400108948E0,8.108937378E0
1.425563304E1,-4.940027161E0,-2.411634979E0,8.118816833E0
1.426560904E1,-4.924908600E0,-2.379302216E0,8.106692047E0
1.427558504E1,-4.905898132E0,-2.367327118E0,8.093070374E0
1.428556204E1,-4.919669495E0,-2.354753265E0,8.094267883E0
1.429553804E1,-4.925058289E0,-2.325563965E0,8.082292786E0
1.430551404E1,-4.922663269E0,-2.320923615E0,8.077802124E0
1.431549104E1,-4.912933502E0,-2.338137817E0,8.079598389E0
1.432546704E1,-4.915328522E0,-2.347418518E0,8.103698273E0
1.433544304E1,-4.923112335E0,-2.386786652E0,8.132139130E0
1.434542004E1,-4.920268250E0,-2.397414551E0,8.150700531E0
1.435539604E1,-4.920567627E0,-2.395318909E0,8.173004150E0
1.436537204E1,-4.923711090E0,-2.392325134E0,8.174800415E0
1.437534804E1,-4.901557159E0,-2.418969727E0,8.159831543E0
1.438532504E1,-4.888384552E0,-2.426154785E0,8.138426056E0
1.439530104E1,-4.896617432E0,-2.439327393E0,8.120613098E0
1.440527704E1,-4.897515564E0,-2.465223541E0,8.126450958E0
1.441525404E1,-4.912035370E0,-2.453398132E0,8.119565277E0
1.442523004E1,-4.912634125E0,-2.462379456E0,8.137228546E0
1.443520604E1,-4.927602997E0,-2.468516693E0,8.134384460E0
1.444518204E1,-4.900808716E0,-2.470462646E0,8.166268158E0
1.445515904E1,-4.920717316E0,-2.482138367E0,8.159232788E0
1.446513504E1,-4.925806732E0,-2.476749573E0,8.154442749E0
1.447511104E1,-4.940925293E0,-2.442919922E0,8.154891815E0
1.448508804E1,-4.958289185E0,-2.427052917E0,8.137378235E0
1.449506404E1,-4.973407745E0,-2.394720154E0,8.145461426E0
1.450504004E1,-4.985831909E0,-2.363884277E0,8.126600647E0
1.451501604E1,-4.992717590E0,-2.367776184E0,8.114026794E0
1.452499304E1,-4.980143738E0,-2.371817780E0,8.078251190E0
1.453496904E1,-4.961282959E0,-2.364632721E0,8.065078583E0
1.454494504E1,-4.948858795E0,-2.377805328E0,8.053552551E0
1.455492204E1,-4.951702881E0,-2.379002838E0,8.081095276E0
1.456489804E1,-4.952301636E0,-2.396067352E0,8.091723175E0
1.457487404E1,-4.944966888E0,-2.407743073E0,8.105195160E0
1.458485004E1,-4.933440857E0,-2.412383423E0,8.100554810E0
1.459482704E1,-4.923262024E0,-2.414479065E0,8.101153564E0
1.460480304E1,-4.919370117E0,-2.411185913E0,8.078101501E0
1.461477904E1,-4.900808716E0,-2.436333618E0,8.056546326E0
1.462475617E1,-4.912634125E0,-2.429148560E0,8.080496521E0
1.463473217E1,-4.933440857E0,-2.413880310E0,8.109087067E0
1.464470817E1,-4.954996033E0,-2.372416534E0,8.122109985E0
1.465468417E1,-4.940027161E0,-2.389181671E0,8.132887573E0
1.466466117E1,-4.917124786E0,-2.381996613E0,8.099956055E0
1.467463717E1,-4.916376343E0,-2.396666107E0,8.111482086E0
1.468461317E1,-4.908293152E0,-2.431393890E0,8.156089325E0
1.469459017E1,-4.907544708E0,-2.445314941E0,8.142467651E0
1.470456617E1,-4.920717316E0,-2.455194397E0,8.142916718E0
1.471454217E1,-4.904700623E0,-2.451901245E0,8.150999908E0
1.472451817E1,-4.915178833E0,-2.439327393E0,8.123307495E0
1.473449517E1,-4.907694397E0,-2.412233734E0,8.110583954E0
1.474447117E1,-4.939877472E0,-2.385439453E0,8.127349091E0
1.475444717E1,-4.949756927E0,-2.377056885E0,8.126151581E0
1.476442417E1,-4.943020935E0,-2.383194122E0,8.131091309E0
1.477440017E1,-4.955594788E0,-2.381697235E0,8.117170258E0
1.478437617E1,-4.946613464E0,-2.399659882E0,8.104297028E0
1.479435317E1,-4.941673737E0,-2.425556030E0,8.117769012E0
1.480432917E1,-4.941374359E0,-2.445165253E0,8.139623566E0
1.481430517E1,-4.942422180E0,-2.436483307E0,8.123157806E0
1.482428117E1,-4.926854553E0,-2.425256653E0,8.138725433E0
1.483425817E1,-4.922214203E0,-2.422113190E0,8.133037262E0
1.484423417E1,-4.924309845E0,-2.408192139E0,8.131690063E0
1.485421017E1,-4.914879456E0,-2.390977936E0,8.125103760E0
1.486418717E1,-4.899611206E0,-2.390229492E0,8.134983215E0
1.487416317E1,-4.900808716E0,-2.410587158E0,8.133935394E0
1.488413917E1,-4.887486420E0,-2.409239960E0,8.124654694E0
1.489411517E1,-4.876858521E0,-2.402953033E0,8.136779480E0
1.490409217E1,-4.874912567E0,-2.391576691E0,8.129893799E0
1.491406817E1,-4.893324280E0,-2.381397858E0,8.122858429E0
1.492404417E1,-4.885540466E0,-2.361788635E0,8.127049713E0
1.493402117E1,-4.885241089E0,-2.377356262E0,8.134384460E0
1.494399717E1,-4.888833618E0,-2.360591125E0,8.142018585E0
1.495397317E1,-4.921166382E0,-2.364033966E0,8.151448975E0
1.496394917E1,-4.919070740E0,-2.370021515E0,8.135432281E0
1.497392617E1,-4.941374359E0,-2.360740814E0,8.137378235E0
1.498390217E1,-4.932093658E0,-2.359243927E0,8.131091309E0
1.499387817E1,-4.940027161E0,-2.339185638E0,8.132737885E0
1.500385517E1,-4.939129028E0,-2.341131592E0,8.152197418E0
1.501383117E1,-4.949307861E0,-2.347867584E0,8.186476135E0
1.502380717E1,-4.942871246E0,-2.369722137E0,8.213869171E0
1.503378317E1,-4.955594788E0,-2.378254395E0,8.228538666E0
1.504376017E1,-4.971012726E0,-2.379302216E0,8.216413879E0
1.505373617E1,-4.942571869E0,-2.383044434E0,8.199349365E0
1.506371217E1,-4.895868988E0,-2.361189880E0,8.173902283E0
1.507368917E1,-4.874164124E0,-2.344125366E0,8.151748352E0
1.508366517E1,-4.853207703E0,-2.318827972E0,8.156388702E0
1.509364117E1,-4.846920776E0,-2.321222992E0,8.124505005E0
1.510361817E1,-4.827161865E0,-2.332599335E0,8.133636017E0
1.511359417E1,-4.844226379E0,-2.325563965E0,8.157286835E0
1.512357017E1,-4.834197235E0,-2.335593109E0,8.186476135E0
1.513354617E1,-4.837340698E0,-2.335742798E0,8.195307770E0
1.514352317E1,-4.840334473E0,-2.320773926E0,8.184979248E0
1.515349917E1,-4.857548676E0,-2.302511902E0,8.190966797E0
1.516347517E1,-4.860841827E0,-2.285297699E0,8.183632050E0
1.517345217E1,-4.874613190E0,-2.265239410E0,8.152945862E0
1.518342817E1,-4.866230621E0,-2.266736298E0,8.143216095E0
1.519340417E1,-4.862488403E0,-2.273023224E0,8.134534149E0
1.520338017E1,-4.867577820E0,-2.288590851E0,8.136330414E0
1.521335717E1,-4.864134979E0,-2.293231201E0,8.155789948E0
1.522333317E1,-4.862937469E0,-2.309247894E0,8.171956329E0
1.523330917E1,-4.838687897E0,-2.331850891E0,8.180189209E0
1.524328617E1,-4.840933228E0,-2.353555756E0,8.200995941E0
1.525326217E1,-4.813689880E0,-2.367776184E0,8.194709015E0
1.526323817E1,-4.807402954E0,-2.373015289E0,8.203840027E0
1.527321517E1,-4.797972565E0,-2.364782410E0,8.218359833E0
1.528319117E1,-4.783752136E0,-2.353705444E0,8.232729950E0
1.529316717E1,-4.796924744E0,-2.377206573E0,8.213869171E0
1.530314317E1,-4.806355133E0,-2.370021515E0,8.216264191E0
1.531312017E1,-4.817881165E0,-2.377206573E0,8.211025085E0
1.532309617E1,-4.818180542E0,-2.388582916E0,8.222700806E0
1.533307217E1,-4.828209686E0,-2.389481049E0,8.229736176E0
1.534304917E1,-4.825365601E0,-2.365081787E0,8.220305786E0
1.535302517E1,-4.835095367E0,-2.359992371E0,8.226892090E0
1.536300117E1,-4.868775330E0,-2.350711670E0,8.237969055E0
1.537297717E1,-4.875960388E0,-2.335593109E0,8.249195709E0
1.538295417E1,-4.883145447E0,-2.328557739E0,8.246651001E0
1.539293017E1,-4.877008209E0,-2.325264587E0,8.239765320E0
1.540290617E1,-4.897365875E0,-2.305505676E0,8.248596954E0
1.541288317E1,-4.906047821E0,-2.286195831E0,8.232280884E0
1.542285917E1,-4.908293152E0,-2.312990112E0,8.224347382E0
1.543283517E1,-4.925657043E0,-2.346670074E0,8.226592712E0
1.544281217E1,-4.927752686E0,-2.358196106E0,8.227790222E0
1.545278817E1,-4.907544708E0,-2.364932098E0,8.231382751E0
1.546276417E1,-4.894372101E0,-2.376757507E0,8.201894073E0
1.547274017E1,-4.891827393E0,-2.383044434E0,8.212072906E0
1.548271717E1,-4.870272217E0,-2.383194122E0,8.214018860E0
1.549269317E1,-4.877606964E0,-2.378703461E0,8.221054230E0
1.550266917E1,-4.879403229E0,-2.370320892E0,8.206534424E0
1.551264617E1,-4.865033112E0,-2.363285522E0,8.192613373E0
1.552262217E1,-4.859045563E0,-2.341131592E0,8.188721466E0
1.553259817E1,-4.824766846E0,-2.332000580E0,8.178991699E0
1.554257417E1,-4.814887390E0,-2.322420502E0,8.172854462E0
1.555255117E1,-4.823120270E0,-2.326162720E0,8.173453217E0
1.556252717E1,-4.829856262E0,-2.337389374E0,8.170758820E0
1.557250317E1,-4.824317780E0,-2.327958984E0,8.162376251E0
1.558248017E1,-4.800517273E0,-2.335742798E0,8.169860687E0
1.559245617E1,-4.774022369E0,-2.306852875E0,8.153843994E0
1.560243217E1,-4.779111786E0,-2.294428711E0,8.149802399E0
1.561240917E1,-4.790937195E0,-2.286345520E0,8.144862671E0
1.562238512E1,-4.783752136E0,-2.308349762E0,8.170908508E0
1.563236112E1,-4.772675171E0,-2.320474548E0,8.187523956E0
1.564233713E1,-4.791835327E0,-2.320025482E0,8.196954346E0
1.565231413E1,-4.801415405E0,-2.346670074E0,8.225095825E0
1.566229012E1,-4.809648285E0,-2.358944550E0,8.241262207E0
1.567226612E1,-4.816384277E0,-2.356998596E0,8.248896332E0
1.568224313E1,-4.831502838E0,-2.357747040E0,8.247100067E0
1.569221913E1,-4.830155640E0,-2.361489258E0,8.218509521E0
1.570219512E1,-4.810097351E0,-2.341580658E0,8.214467926E0
1.571217213E1,-4.837640076E0,-2.344125366E0,8.204887848E0
1.572214813E1,-4.831802216E0,-2.341880035E0,8.175848236E0
1.573212413E1,-4.818180542E0,-2.354154510E0,8.196505280E0
1.574210012E1,-4.796924744E0,-2.356100464E0,8.223149872E0
1.575207713E1,-4.782105560E0,-2.355501709E0,8.237220612E0
1.576205313E1,-4.764142914E0,-2.343227234E0,8.258775787E0
1.577202913E1,-4.757706299E0,-2.332449646E0,8.262218628E0
1.578200612E1,-4.781955872E0,-2.346370697E0,8.271199951E0
1.579198213E1,-4.779261475E0,-2.354603577E0,8.278385010E0
1.580195813E1,-4.789140930E0,-2.334994354E0,8.265212402E0
1.581193412E1,-4.804109802E0,-2.327060852E0,8.251590729E0
1.582191112E1,-4.821922760E0,-2.305206299E0,8.237519989E0
1.583188713E1,-4.838687897E0,-2.279609528E0,8.233179016E0
1.584186313E1,-4.849764862E0,-2.279759216E0,8.237220612E0
1.585184012E1,-4.866230621E0,-2.308798828E0,8.249495087E0
1.586181612E1,-4.848567352E0,-2.316582642E0,8.240962830E0
1.587179213E1,-4.845573578E0,-2.315684509E0,8.230484619E0
1.588176913E1,-4.822072449E0,-2.337539063E0,8.228838043E0
1.589174512E1,-4.807552643E0,-2.357447662E0,8.211623840E0
1.590172113E1,-4.785249023E0,-2.380200348E0,8.201744385E0
1.591169713E1,-4.789739685E0,-2.379601593E0,8.197702789E0
1.592167413E1,-4.767885132E0,-2.389031982E0,8.195008392E0
1.593165012E1,-4.747377777E0,-2.361339569E0,8.183332672E0
1.594162613E1,-4.746779022E0,-2.358495483E0,8.164920959E0
1.595160313E1,-4.742288361E0,-2.373464355E0,8.181087341E0
1.596157912E1,-4.777315521E0,-2.386038208E0,8.198301544E0
1.597155512E1,-4.797673187E0,-2.396516418E0,8.222102051E0
1.598153113E1,-4.802612915E0,-2.407144318E0,8.216862946E0
1.599150813E1,-4.791535950E0,-2.404749298E0,8.212671661E0
1.600148412E1,-4.792583771E0,-2.385140076E0,8.218509521E0
1.601146012E1,-4.790188751E0,-2.390977936E0,8.215216370E0
1.602143713E1,-4.787943420E0,-2.381397858E0,8.210426331E0
1.603141313E1,-4.781057739E0,-2.384990387E0,8.231981506E0
1.604138912E1,-4.789889374E0,-2.362836456E0,8.236771545E0
1.605136613E1,-4.780009918E0,-2.348915405E0,8.220904541E0
1.606134213E1,-4.760999451E0,-2.363884277E0,8.205486603E0
1.607131813E1,-4.744982758E0,-2.361339569E0,8.200247498E0
1.608129412E1,-4.750670929E0,-2.365830231E0,8.215964813E0
1.609127113E1,-4.760999451E0,-2.371817780E0,8.211773529E0
1.610124713E1,-4.768783264E0,-2.393073578E0,8.218509521E0
1.611122313E1,-4.788242798E0,-2.395767975E0,8.216264191E0
1.612120012E1,-4.782704315E0,-2.386786652E0,8.219407654E0
1.613117613E1,-4.798122253E0,-2.377805328E0,8.231382751E0
1.614115213E1,-4.824018402E0,-2.369572449E0,8.238717499E0
1.615112912E1,-4.857249298E0,-2.346670074E0,8.235574036E0
1.616110512E1,-4.870272217E0,-2.318378906E0,8.233927460E0
1.617108113E1,-4.894671478E0,-2.292782135E0,8.266110535E0
1.618105713E1,-4.917873230E0,-2.266287231E0,8.279432831E0
1.619103412E1,-4.926854553E0,-2.281256104E0,8.284971313E0
1.620101012E1,-4.918322296E0,-2.301164703E0,8.225395203E0
1.621098613E1,-4.844825134E0,-2.297721863E0,8.120762787E0
1.622096313E1,-4.740192719E0,-2.322869568E0,8.076155548E0
1.623093912E1,-4.722230072E0,-2.390379181E0,8.148305511E0
1.624091513E1,-4.815635834E0,-2.359692993E0,8.260272675E0
1.625089213E1,-4.798122253E0,-2.311044159E0,8.250542908E0
1.626086813E1,-4.810097351E0,-2.396217041E0,8.215815125E0
1.627084412E1,-4.847220154E0,-2.399959259E0,8.259973297E0
1.628082013E1,-4.760101318E0,-2.370470581E0,8.244106293E0
1.629079713E1,-4.763394470E0,-2.362088013E0,8.150101776E0
1.630077312E1,-4.754263458E0,-2.386786652E0,8.134983215E0
1.631074912E1,-4.664749603E0,-2.383343811E0,8.130043488E0
1.632072613E1,-4.683161316E0,-2.367476807E0,8.124954071E0
1.633070213E1,-4.737947388E0,-2.382146301E0,8.194409637E0
1.634067812E1,-4.809947662E0,-2.409988403E0,8.286318512E0
1.635065512E1,-4.825066223E0,-2.389930115E0,8.308173065E0
1.636063113E1,-4.818928986E0,-2.384691010E0,8.272098083E0
1.637060713E1,-4.825215912E0,-2.367925873E0,8.287965088E0
1.638058312E1,-4.762795715E0,-2.330204315E0,8.284222870E0
1.639056013E1,-4.759801941E0,-2.287992096E0,8.262068939E0
1.640053613E1,-4.803061981E0,-2.270029449E0,8.255482635E0
1.641051213E1,-4.770280151E0,-2.290387115E0,8.229436798E0
1.642048912E1,-4.743934937E0,-2.323618011E0,8.250393219E0
1.643046513E1,-4.782404938E0,-2.319426727E0,8.295000458E0
1.644044113E1,-4.759053497E0,-2.332599335E0,8.316106567E0
1.645041812E1,-4.729564819E0,-2.384541321E0,8.272397461E0
1.646039412E1,-4.723128204E0,-2.387834473E0,8.252937927E0
1.647037013E1,-4.722529449E0,-2.390079803E0,8.278235321E0
1.648034613E1,-4.729864197E0,-2.398013306E0,8.257727966E0
1.649032312E1,-4.755011902E0,-2.409838715E0,8.267457733E0
1.650029912E1,-4.822671204E0,-2.355202332E0,8.269852753E0
1.651027513E1,-4.829407196E0,-2.349813538E0,8.239765320E0
1.652025213E1,-4.817881165E0,-2.355202332E0,8.211773529E0
1.653022812E1,-4.848866730E0,-2.333647156E0,8.260122986E0
1.654020412E1,-4.865482178E0,-2.314337311E0,8.276289368E0
1.655018113E1,-4.863236847E0,-2.323168945E0,8.241112518E0
1.656015713E1,-4.860392761E0,-2.318977661E0,8.219856720E0
1.657013312E1,-4.833149414E0,-2.299368439E0,8.205636292E0
1.658010913E1,-4.808750153E0,-2.298320618E0,8.178842010E0
1.659008613E1,-4.769531708E0,-2.304757233E0,8.156837769E0
1.660006213E1,-4.778063965E0,-2.305206299E0,8.160879364E0
1.661003812E1,-4.761448517E0,-2.324665833E0,8.187673645E0
1.662001513E1,-4.734504547E0,-2.358196106E0,8.166567535E0
1.662999125E1,-4.743186493E0,-2.375709686E0,8.159532166E0
1.663996725E1,-4.763693848E0,-2.384691010E0,8.189918976E0
1.664994425E1,-4.796625366E0,-2.373614044E0,8.178093567E0
1.665992025E1,-4.792583771E0,-2.349214783E0,8.139024811E0
1.666989625E1,-4.815635834E0,-2.354304199E0,8.138126678E0
1.667987225E1,-4.849166107E0,-2.353106689E0,8.136330414E0
1.668984925E1,-4.833598480E0,-2.337239685E0,8.136480103E0
1.669982525E1,-4.853357391E0,-2.348316650E0,8.115673370E0
1.670980125E1,-4.852908325E0,-2.373464355E0,8.151149597E0
1.671977825E1,-4.840783539E0,-2.380499725E0,8.189619598E0
1.672975425E1,-4.848567352E0,-2.384990387E0,8.211623840E0
1.673973025E1,-4.841831360E0,-2.383792877E0,8.223149872E0
1.674970725E1,-4.834496613E0,-2.386936340E0,8.221952362E0
1.675968325E1,-4.834945679E0,-2.379451904E0,8.221203918E0
1.676965925E1,-4.827311554E0,-2.373314667E0,8.214767303E0
1.677963625E1,-4.817432098E0,-2.350262604E0,8.202642517E0
1.678961225E1,-4.800966339E0,-2.376158752E0,8.186925201E0
1.679958825E1,-4.796475677E0,-2.393672333E0,8.201594696E0
1.680956425E1,-4.793930969E0,-2.401456146E0,8.219557343E0
1.681954125E1,-4.786745911E0,-2.427951050E0,8.232430573E0
1.682951725E1,-4.787943420E0,-2.426005096E0,8.242759094E0
1.683949325E1,-4.771777039E0,-2.395618286E0,8.246950378E0
1.684947025E1,-4.771627350E0,-2.349364471E0,8.241860962E0
1.685944625E1,-4.735851746E0,-2.327809296E0,8.226892090E0
1.686942225E1,-4.727469177E0,-2.329156494E0,8.223898315E0
1.687939925E1,-4.720134430E0,-2.294428711E0,8.248147888E0
1.688937525E1,-4.691244507E0,-2.291584625E0,8.261021118E0
1.689935125E1,-4.676275635E0,-2.299368439E0,8.283923492E0
1.690932725E1,-4.705764313E0,-2.314187622E0,8.316705322E0
1.691930425E1,-4.713997192E0,-2.330803070E0,8.360564117E0
1.692928025E1,-4.749922485E0,-2.347268829E0,8.364306335E0
1.693925625E1,-4.787644043E0,-2.377955017E0,8.349786530E0
1.694923325E1,-4.773573303E0,-2.371219025E0,8.325986023E0
1.695920925E1,-4.764591980E0,-2.380649414E0,8.305179291E0
1.696918525E1,-4.768932953E0,-2.390229492E0,8.269403687E0
1.697916225E1,-4.754712524E0,-2.372117157E0,8.257129211E0
1.698913825E1,-4.763244781E0,-2.378254395E0,8.261619873E0
1.699911425E1,-4.763693848E0,-2.373763733E0,8.242609406E0
1.700909125E1,-4.775818634E0,-2.376607819E0,8.245902557E0
1.701906725E1,-4.778063965E0,-2.396815796E0,8.249644775E0
1.702904325E1,-4.776567078E0,-2.389481049E0,8.237370300E0
1.703901925E1,-4.773722992E0,-2.359992371E0,8.247848511E0
1.704899625E1,-4.803211670E0,-2.385589142E0,8.238867188E0
1.705897225E1,-4.802762604E0,-2.373015289E0,8.217611389E0
1.706894825E1,-4.788392487E0,-2.378254395E0,8.215815125E0
1.707892525E1,-4.788991241E0,-2.375410309E0,8.206684113E0
1.708890125E1,-4.790338440E0,-2.344724121E0,8.210426331E0
1.709887725E1,-4.786296844E0,-2.329605560E0,8.202343140E0
1.710885425E1,-4.775369568E0,-2.285148010E0,8.184081116E0
1.711883025E1,-4.793781281E0,-2.275717621E0,8.168064423E0
1.712880625E1,-4.805606689E0,-2.275418243E0,8.185278625E0
1.713878225E1,-4.821623383E0,-2.313439178E0,8.207582245E0
1.714875925E1,-4.840184784E0,-2.336491241E0,8.213869171E0
1.715873525E1,-4.839885406E0,-2.377805328E0,8.213270416E0
1.716871125E1,-4.835544434E0,-2.387684784E0,8.195457458E0
1.717868825E1,-4.834945679E0,-2.395917664E0,8.180937653E0
1.718866425E1,-4.829556885E0,-2.377955017E0,8.173153839E0
1.719864025E1,-4.808450775E0,-2.365231476E0,8.142317963E0
1.720861725E1,-4.810696106E0,-2.342329102E0,8.142168274E0
1.721859325E1,-4.802912292E0,-2.320175171E0,8.147706757E0
1.722856925E1,-4.796625366E0,-2.329904938E0,8.153993683E0
1.723854625E1,-4.795128479E0,-2.339335327E0,8.196355591E0
1.724852225E1,-4.787194977E0,-2.383343811E0,8.233328705E0
1.725849825E1,-4.777016144E0,-2.394271088E0,8.246501312E0
1.726847425E1,-4.799469452E0,-2.419418793E0,8.257578278E0
1.727845125E1,-4.794829102E0,-2.423460388E0,8.257428589E0
1.728842725E1,-4.798122253E0,-2.411485291E0,8.249944153E0
1.729840325E1,-4.802463226E0,-2.388882294E0,8.221203918E0
1.730838025E1,-4.806355133E0,-2.368674316E0,8.211773529E0
1.731835625E1,-4.817282410E0,-2.351310425E0,8.209079132E0
1.732833225E1,-4.841082916E0,-2.350112915E0,8.218210144E0
1.733830925E1,-4.851261749E0,-2.335593109E0,8.221802673E0
1.734828525E1,-4.831203461E0,-2.319277039E0,8.228688354E0
1.735826125E1,-4.812192993E0,-2.327958984E0,8.209977264E0
1.736823725E1,-4.797523499E0,-2.294578400E0,8.218509521E0
1.737821425E1,-4.775070190E0,-2.283202057E0,8.213869171E0
1.738819025E1,-4.758305054E0,-2.294578400E0,8.221652985E0
1.739816625E1,-4.760550385E0,-2.311792603E0,8.236023102E0
1.740814325E1,-4.775219879E0,-2.322420502E0,8.237220612E0
1.741811925E1,-4.775668945E0,-2.316882019E0,8.232879639E0
1.742809525E1,-4.771178284E0,-2.328408051E0,8.217162323E0
1.743807225E1,-4.768034821E0,-2.342179413E0,8.227341156E0
1.744804825E1,-4.787194977E0,-2.342329102E0,8.227191467E0
1.745802425E1,-4.788841553E0,-2.320624237E0,8.229586487E0
1.746800125E1,-4.790039062E0,-2.344275055E0,8.232879639E0
1.747797725E1,-4.802163849E0,-2.368524628E0,8.224197693E0
1.748795325E1,-4.802612915E0,-2.379302216E0,8.228239288E0
1.749792925E1,-4.808301086E0,-2.389780426E0,8.249345398E0
1.750790625E1,-4.801265717E0,-2.373763733E0,8.243357849E0
1.751788225E1,-4.798870697E0,-2.374362488E0,8.259075165E0
1.752785825E1,-4.811594238E0,-2.371967468E0,8.254883881E0
1.753783525E1,-4.793781281E0,-2.368674316E0,8.249345398E0
1.754781125E1,-4.787494354E0,-2.368973694E0,8.254135437E0
1.755778725E1,-4.778962097E0,-2.382146301E0,8.245902557E0
1.756776425E1,-4.785249023E0,-2.397115173E0,8.240214386E0
1.757774025E1,-4.771477661E0,-2.374362488E0,8.237819366E0
1.758771625E1,-4.784350891E0,-2.370171204E0,8.236921234E0
1.759769325E1,-4.791535950E0,-2.360142059E0,8.229436798E0
1.760766925E1,-4.782854004E0,-2.324516144E0,8.253087616E0
1.761764525E1,-4.758454742E0,-2.307152252E0,8.242459717E0
1.762762104E1,-4.759053497E0,-2.289189606E0,8.265661469E0
1.763759804E1,-4.766388245E0,-2.306254120E0,8.277935944E0
1.764757404E1,-4.758754120E0,-2.295626221E0,8.266559601E0
1.765755004E1,-4.764591980E0,-2.302811279E0,8.281678162E0
1.766752704E1,-4.778213654E0,-2.318528595E0,8.282875671E0
1.767750304E1,-4.786446533E0,-2.332000580E0,8.273744659E0
1.768747904E1,-4.802163849E0,-2.333198090E0,8.261769562E0
1.769745604E1,-4.806953888E0,-2.322420502E0,8.231233063E0
1.770743204E1,-4.805007935E0,-2.316882019E0,8.209827576E0
1.771740804E1,-4.806055756E0,-2.332449646E0,8.189469910E0
1.772738504E1,-4.781506805E0,-2.330952759E0,8.174501038E0
1.773736104E1,-4.762196960E0,-2.337389374E0,8.145311737E0
1.774733704E1,-4.751119995E0,-2.341880035E0,8.178692322E0
1.775731304E1,-4.765490112E0,-2.349065094E0,8.210126953E0
1.776729004E1,-4.775369568E0,-2.346071320E0,8.217312012E0
1.777726604E1,-4.769531708E0,-2.354603577E0,8.226592712E0
1.778724204E1,-4.788392487E0,-2.357297974E0,8.242160339E0
1.779721904E1,-4.797523499E0,-2.363584900E0,8.245902557E0
1.780719504E1,-4.798721008E0,-2.342179413E0,8.233029327E0
1.781717104E1,-4.790937195E0,-2.333048401E0,8.217461700E0
1.782714804E1,-4.798122253E0,-2.331401825E0,8.200846252E0
1.783712404E1,-4.787194977E0,-2.334395599E0,8.210875397E0
1.784710004E1,-4.787494354E0,-2.360441437E0,8.229885864E0
1.785707704E1,-4.816234589E0,-2.384241943E0,8.243208160E0
1.786705304E1,-4.814887390E0,-2.399959259E0,8.235873413E0
1.787702904E1,-4.778812408E0,-2.386636963E0,8.223299561E0
1.788700604E1,-4.773872681E0,-2.376458130E0,8.224347382E0
1.789698204E1,-4.770280151E0,-2.354304199E0,8.206085358E0
1.790695804E1,-4.753065948E0,-2.332749023E0,8.195906525E0
1.791693404E1,-4.760251007E0,-2.308499451E0,8.185278625E0
1.792691104E1,-4.765939178E0,-2.310146027E0,8.173602905E0
1.793688704E1,-4.775968323E0,-2.323318634E0,8.172555084E0
1.794686304E1,-4.790488129E0,-2.334694977E0,8.202343140E0
1.795684004E1,-4.816084900E0,-2.349065094E0,8.242160339E0
1.796681604E1,-4.832700348E0,-2.332898712E0,8.271050262E0
1.797679204E1,-4.852159882E0,-2.332599335E0,8.257578278E0
1.798676904E1,-4.840184784E0,-2.318229218E0,8.248896332E0
1.799674504E1,-4.820425873E0,-2.306104431E0,8.235574036E0
1.800672104E1,-4.829107819E0,-2.268382874E0,8.242160339E0
1.801669704E1,-4.824018402E0,-2.255509644E0,8.236472168E0
1.802667404E1,-4.812642059E0,-2.252815247E0,8.235723724E0
1.803665004E1,-4.827910309E0,-2.278561707E0,8.247100067E0
1.804662604E1,-4.799319763E0,-2.309247894E0,8.258027344E0
1.805660304E1,-4.801565094E0,-2.336790619E0,8.271199951E0
1.806657904E1,-4.793781281E0,-2.352657623E0,8.278983765E0
1.807655504E1,-4.791086884E0,-2.355801086E0,8.272846527E0
1.808653204E1,-4.776866455E0,-2.356399841E0,8.260272675E0
1.809650804E1,-4.772076416E0,-2.354453888E0,8.237070923E0
1.810648404E1,-4.751119995E0,-2.354453888E0,8.219257965E0
1.811646104E1,-4.737348633E0,-2.363884277E0,8.201894073E0
1.812643704E1,-4.722080383E0,-2.365830231E0,8.204289093E0
1.813641304E1,-4.716990967E0,-2.361040192E0,8.216563568E0
1.814639004E1,-4.718338165E0,-2.370171204E0,8.238567810E0
1.815636604E1,-4.728666687E0,-2.377505951E0,8.260721741E0
1.816634204E1,-4.748575287E0,-2.408042450E0,8.280031586E0
1.817631804E1,-4.769382019E0,-2.396067352E0,8.277037811E0
1.818629504E1,-4.768334198E0,-2.389930115E0,8.284821625E0
1.819627104E1,-4.760251007E0,-2.371668091E0,8.292306061E0
1.820624704E1,-4.760999451E0,-2.326162720E0,8.272098083E0
1.821622404E1,-4.757107544E0,-2.332898712E0,8.241561584E0
1.822620004E1,-4.756658478E0,-2.316283264E0,8.223748627E0
1.823617604E1,-4.747228088E0,-2.312391357E0,8.239166565E0
1.824615304E1,-4.761298828E0,-2.304906921E0,8.231083374E0
1.825612904E1,-4.737947388E0,-2.263592834E0,8.195307770E0
1.826610504E1,-4.668192444E0,-2.277663574E0,8.130492554E0
1.827608204E1,-4.658911743E0,-2.316582642E0,8.089627533E0
1.828605804E1,-4.723577271E0,-2.373164978E0,8.172405396E0
1.829603404E1,-4.811893616E0,-2.409689026E0,8.318351898E0
1.830601104E1,-4.899162140E0,-2.421065369E0,8.442892914E0
1.831598704E1,-4.965174866E0,-2.376607819E0,8.461154938E0
1.832596304E1,-4.968168640E0,-2.315684509E0,8.364156647E0
1.833593904E1,-4.909939728E0,-2.296374664E0,8.259823608E0
1.834591604E1,-4.843777313E0,-2.279609528E0,8.228388977E0
1.835589204E1,-4.796026611E0,-2.207010498E0,8.213270416E0
1.836586804E1,-4.733157349E0,-2.167792053E0,8.133186951E0
1.837584504E1,-4.688400421E0,-2.230511627E0,8.048463135E0
1.838582104E1,-4.685556335E0,-2.314636688E0,8.092770996E0
1.839579704E1,-4.719984741E0,-2.368075562E0,8.217461700E0
1.840577404E1,-4.747677155E0,-2.410437469E0,8.278534698E0
1.841575004E1,-4.766238556E0,-2.424957275E0,8.272996216E0
1.842572604E1,-4.732259216E0,-2.429148560E0,8.228239288E0
1.843570304E1,-4.732259216E0,-2.402953033E0,8.189320221E0
1.844567904E1,-4.776267700E0,-2.386187897E0,8.167914734E0
1.845565504E1,-4.825814667E0,-2.362986145E0,8.158035278E0
1.846563104E1,-4.841531982E0,-2.341281281E0,8.164022827E0
1.847560804E1,-4.856500854E0,-2.336790619E0,8.188422089E0
1.848558404E1,-4.891228638E0,-2.321672058E0,8.249345398E0
1.849556004E1,-4.887935486E0,-2.314337311E0,8.274792480E0
1.850553704E1,-4.855902100E0,-2.332749023E0,8.282725983E0
1.851551304E1,-4.799619141E0,-2.352657623E0,8.299940186E0
1.852548904E1,-4.741689606E0,-2.320025482E0,8.287366333E0
1.853546604E1,-4.691244507E0,-2.337988129E0,8.231831818E0
1.854544204E1,-4.670737152E0,-2.374362488E0,8.205336914E0
1.855541804E1,-4.659510498E0,-2.410886536E0,8.215515747E0
1.856539504E1,-4.637955322E0,-2.421813812E0,8.220605164E0
1.857537104E1,-4.657115479E0,-2.440524902E0,8.233179016E0
1.858534704E1,-4.676874390E0,-2.428699493E0,8.251890106E0
1.859532404E1,-4.719535675E0,-2.415676575E0,8.256231079E0
1.860530004E1,-4.758305054E0,-2.397564240E0,8.267158356E0
1.861527604E1,-4.796625366E0,-2.369722137E0,8.234975281E0
1.862525367E1,-4.799768829E0,-2.351160736E0,8.226892090E0
1.863522967E1,-4.782554626E0,-2.340532837E0,8.223598938E0
1.864520567E1,-4.789889374E0,-2.323168945E0,8.267757111E0
1.865518167E1,-4.817282410E0,-2.338886261E0,8.301137695E0
1.866515867E1,-4.813839569E0,-2.345472565E0,8.321944427E0
1.867513467E1,-4.775968323E0,-2.354753265E0,8.341403961E0
1.868511067E1,-4.724924469E0,-2.334245911E0,8.330626373E0
1.869508767E1,-4.735103302E0,-2.321522369E0,8.326135712E0
1.870506367E1,-4.734055481E0,-2.290536804E0,8.319250031E0
1.871503967E1,-4.745880890E0,-2.306403809E0,8.286168823E0
1.872501667E1,-4.744833069E0,-2.332599335E0,8.253087616E0
1.873499267E1,-4.718338165E0,-2.356250153E0,8.246800690E0
1.874496867E1,-4.694687347E0,-2.360441437E0,8.217312012E0
1.875494567E1,-4.720583496E0,-2.373763733E0,8.202343140E0
1.876492167E1,-4.739294586E0,-2.376458130E0,8.236322479E0
1.877489767E1,-4.786147156E0,-2.358196106E0,8.232580261E0
1.878487467E1,-4.806205444E0,-2.348316650E0,8.250542908E0
1.879485067E1,-4.821324005E0,-2.340383148E0,8.219856720E0
1.880482667E1,-4.808001709E0,-2.313588867E0,8.186625824E0
1.881480267E1,-4.814737701E0,-2.278561707E0,8.191116486E0
1.882477967E1,-4.835694122E0,-2.277513885E0,8.192164307E0
1.883475567E1,-4.825664978E0,-2.280507660E0,8.172255707E0
1.884473167E1,-4.812492371E0,-2.300715637E0,8.183182983E0
1.885470867E1,-4.794829102E0,-2.310595093E0,8.183033295E0
1.886468467E1,-4.769382019E0,-2.318079529E0,8.210875397E0
1.887466067E1,-4.781057739E0,-2.324067078E0,8.255033569E0
1.888463767E1,-4.795727234E0,-2.328258362E0,8.281977539E0
1.889461367E1,-4.790637817E0,-2.341281281E0,8.274792480E0
1.890458967E1,-4.763544159E0,-2.343077545E0,8.225544891E0
1.891456667E1,-4.757406921E0,-2.361040192E0,8.225095825E0
1.892454267E1,-4.769232330E0,-2.358495483E0,8.246351624E0
1.893451867E1,-4.774321747E0,-2.353705444E0,8.230783997E0
1.894449567E1,-4.764442291E0,-2.356549530E0,8.185428314E0
1.895447167E1,-4.726571045E0,-2.354154510E0,8.202642517E0
1.896444767E1,-4.733157349E0,-2.362836456E0,8.224646759E0
1.897442367E1,-4.741390228E0,-2.368075562E0,8.256231079E0
1.898440067E1,-4.747677155E0,-2.380948792E0,8.279732208E0
1.899437667E1,-4.762196960E0,-2.393971710E0,8.316106567E0
1.900435267E1,-4.752317505E0,-2.380948792E0,8.302335205E0
1.901432967E1,-4.745731201E0,-2.373314667E0,8.295898590E0
1.902430567E1,-4.774770813E0,-2.372865601E0,8.284671936E0
1.903428167E1,-4.794529724E0,-2.352807312E0,8.290809174E0
1.904425867E1,-4.812941437E0,-2.327360229E0,8.271050262E0
1.905423467E1,-4.793182526E0,-2.331252136E0,8.223149872E0
1.906421067E1,-4.751269684E0,-2.320773926E0,8.218060455E0
1.907418767E1,-4.743785248E0,-2.298021240E0,8.213869171E0
1.908416367E1,-4.756508789E0,-2.291734314E0,8.202343140E0
1.909413967E1,-4.778513031E0,-2.302811279E0,8.198600922E0
1.910411667E1,-4.752317505E0,-2.302362213E0,8.194259949E0
1.911409267E1,-4.752018127E0,-2.304607544E0,8.188871155E0
1.912406867E1,-4.755161591E0,-2.328258362E0,8.189469910E0
1.913404567E1,-4.751868439E0,-2.327659607E0,8.202642517E0
1.914402167E1,-4.755011902E0,-2.349963226E0,8.221054230E0
1.915399767E1,-4.773573303E0,-2.348616028E0,8.250243530E0
1.916397367E1,-4.798122253E0,-2.346819763E0,8.264014893E0
1.917395067E1,-4.795278168E0,-2.343376923E0,8.252788239E0
1.918392667E1,-4.785548401E0,-2.340083771E0,8.262368317E0
1.919390267E1,-4.808450775E0,-2.331252136E0,8.268804932E0
1.920387967E1,-4.811294861E0,-2.344574432E0,8.289611664E0
1.921385567E1,-4.802612915E0,-2.341580658E0,8.282127228E0
1.922383167E1,-4.805756378E0,-2.338137817E0,8.266858978E0
1.923380867E1,-4.780758362E0,-2.350412292E0,8.260272675E0
1.924378467E1,-4.774172058E0,-2.368824005E0,8.256081390E0
1.925376067E1,-4.748874664E0,-2.371967468E0,8.263565826E0
1.926373767E1,-4.750970306E0,-2.356250153E0,8.281378784E0
1.927371367E1,-4.741240540E0,-2.357597351E0,8.263715515E0
1.928368967E1,-4.736749878E0,-2.357447662E0,8.257278900E0
1.929366667E1,-4.732857971E0,-2.344873810E0,8.243357849E0
1.930364267E1,-4.735402679E0,-2.343975677E0,8.242310028E0
1.931361867E1,-4.731211395E0,-2.349364471E0,8.247998199E0
1.932359567E1,-4.743934937E0,-2.342778168E0,8.221652985E0
1.933357167E1,-4.748425598E0,-2.330503693E0,8.232729950E0
1.934354767E1,-4.746928711E0,-2.337239685E0,8.240813141E0
1.935352467E1,-4.752317505E0,-2.343975677E0,8.227341156E0
1.936350067E1,-4.768483887E0,-2.338886261E0,8.230035553E0
1.937347667E1,-4.782854004E0,-2.309247894E0,8.252638550E0
1.938345267E1,-4.800217896E0,-2.306104431E0,8.247399445E0
1.939342967E1,-4.819527740E0,-2.328557739E0,8.247399445E0
1.940340567E1,-4.787494354E0,-2.318678284E0,8.235274658E0
1.941338167E1,-4.769082642E0,-2.318229218E0,8.239465942E0
1.942335867E1,-4.764741669E0,-2.329755249E0,8.253985748E0
1.943333467E1,-4.795427856E0,-2.339485016E0,8.244255981E0
1.944331067E1,-4.806953888E0,-2.346670074E0,8.262368317E0
1.945328767E1,-4.823719025E0,-2.341730347E0,8.266858978E0
1.946326367E1,-4.830455017E0,-2.326462097E0,8.245004425E0
1.947323967E1,-4.800966339E0,-2.322719879E0,8.241262207E0
1.948321667E1,-4.796775055E0,-2.313139801E0,8.221802673E0
1.949319267E1,-4.775219879E0,-2.315534821E0,8.186775513E0
1.950316867E1,-4.771477661E0,-2.315385132E0,8.173602905E0
1.951314567E1,-4.772375793E0,-2.336940308E0,8.189769287E0
1.952312167E1,-4.785548401E0,-2.339185638E0,8.215216370E0
1.953309767E1,-4.784799957E0,-2.354004822E0,8.236023102E0
1.954307467E1,-4.796625366E0,-2.343975677E0,8.266110535E0
1.955305067E1,-4.815037079E0,-2.325563965E0,8.274792480E0
1.956302667E1,-4.810696106E0,-2.314936066E0,8.281678162E0
1.957300367E1,-4.803960114E0,-2.282303925E0,8.261769562E0
1.958297967E1,-4.787943420E0,-2.259850616E0,8.233777771E0
1.959295567E1,-4.774321747E0,-2.247875519E0,8.209079132E0
1.960293167E1,-4.737947388E0,-2.258054352E0,8.210426331E0
1.961290867E1,-4.737348633E0,-2.270628204E0,8.197403412E0
1.962288467E1,-4.702171783E0,-2.286644897E0,8.187074890E0
1.963286062E1,-4.635260925E0,-2.351160736E0,8.203241272E0
1.964283762E1,-4.658612366E0,-2.429597626E0,8.255332947E0
1.965281363E1,-4.691843262E0,-2.479893036E0,8.327782288E0
1.966278963E1,-4.750970306E0,-2.505340118E0,8.405171356E0
1.967276662E1,-4.831951904E0,-2.490520935E0,8.478818207E0
1.968274263E1,-4.891528015E0,-2.423909454E0,8.478069763E0
1.969271863E1,-4.888234863E0,-2.340981903E0,8.350984039E0
1.970269563E1,-4.860542450E0,-2.266436920E0,8.228987732E0
1.971267162E1,-4.830455017E0,-2.222278748E0,8.153843994E0
1.972264763E1,-4.800966339E0,-2.187700653E0,8.072712708E0
1.973262463E1,-4.659360809E0,-2.204914856E0,7.950716400E0
1.974260062E1,-4.620292053E0,-2.291584625E0,7.951315155E0
1.975257662E1,-4.668641510E0,-2.419119415E0,8.092920685E0
1.976255363E1,-4.690945129E0,-2.471959534E0,8.249644775E0
1.977252963E1,-4.750221863E0,-2.496209106E0,8.338110809E0
1.978250562E1,-4.842579803E0,-2.477498016E0,8.385412445E0
1.979248262E1,-4.837340698E0,-2.405497742E0,8.339757385E0
1.980245863E1,-4.780009918E0,-2.310146027E0,8.227939911E0
1.981243463E1,-4.798571320E0,-2.262095947E0,8.162376251E0
1.982241062E1,-4.825515289E0,-2.257754974E0,8.133336639E0
1.983238763E1,-4.831951904E0,-2.290985870E0,8.111182709E0
1.984236363E1,-4.851261749E0,-2.341281281E0,8.167914734E0
1.985233963E1,-4.909490662E0,-2.399210815E0,8.260871429E0
1.986231662E1,-4.922214203E0,-2.443518677E0,8.323141937E0
1.987229263E1,-4.902904358E0,-2.472707977E0,8.333919525E0
1.988226863E1,-4.863087158E0,-2.450404358E0,8.311765594E0
1.989224562E1,-4.783452759E0,-2.393971710E0,8.252039795E0
1.990222162E1,-4.690046997E0,-2.352058868E0,8.161029053E0
1.991219763E1,-4.680317230E0,-2.314037933E0,8.115074615E0
1.992217463E1,-4.728067932E0,-2.309247894E0,8.134534149E0
1.993215062E1,-4.752317505E0,-2.353855133E0,8.143665161E0
1.994212662E1,-4.756658478E0,-2.397713928E0,8.171656952E0
1.995210363E1,-4.776417389E0,-2.420466614E0,8.232879639E0
1.996207963E1,-4.793631592E0,-2.420316925E0,8.257129211E0
1.997205562E1,-4.800666962E0,-2.413431244E0,8.286917267E0
1.998203263E1,-4.845723267E0,-2.379601593E0,8.276888123E0
1.999200863E1,-4.865182800E0,-2.362088013E0,8.267607422E0
2.000198463E1,-4.830005951E0,-2.339035950E0,8.236322479E0
2.001196162E1,-4.809049530E0,-2.314337311E0,8.217162323E0
2.002193763E1,-4.789889374E0,-2.297123108E0,8.203989716E0
2.003191363E1,-4.775668945E0,-2.310595093E0,8.209977264E0
2.004189062E1,-4.736001434E0,-2.329904938E0,8.227790222E0
2.005186662E1,-4.726121979E0,-2.348765717E0,8.268206177E0
2.006184263E1,-4.725074158E0,-2.358196106E0,8.311466217E0
2.007181863E1,-4.751119995E0,-2.358196106E0,8.335715790E0
2.008179562E1,-4.797822876E0,-2.375410309E0,8.340655518E0
2.009177162E1,-4.830604706E0,-2.375859375E0,8.333769836E0
2.010174763E1,-4.792134705E0,-2.386337585E0,8.305328979E0
2.011172463E1,-4.763843536E0,-2.350412292E0,8.246052246E0
2.012170062E1,-4.716242523E0,-2.302811279E0,8.191864929E0
2.013167662E1,-4.696932678E0,-2.286345520E0,8.161627808E0
2.014165363E1,-4.682412872E0,-2.309996338E0,8.146808624E0
2.015162963E1,-4.722080383E0,-2.342927856E0,8.198002167E0
2.016160562E1,-4.765490112E0,-2.358046417E0,8.261021118E0
2.017158263E1,-4.805756378E0,-2.366878052E0,8.297844543E0
2.018155863E1,-4.830604706E0,-2.347119141E0,8.307125244E0
2.019153463E1,-4.834646301E0,-2.314187622E0,8.246501312E0
2.020151162E1,-4.805457001E0,-2.317181396E0,8.171507263E0
2.021148763E1,-4.747677155E0,-2.335892487E0,8.152945862E0
2.022146363E1,-4.702620850E0,-2.339784393E0,8.149652710E0
2.023144062E1,-4.674329681E0,-2.342478790E0,8.117619324E0
2.024141662E1,-4.717739410E0,-2.363584900E0,8.140222321E0
2.025139263E1,-4.730612640E0,-2.389780426E0,8.148604889E0
2.026136963E1,-4.679568787E0,-2.423759766E0,8.149353333E0
2.027134562E1,-4.715194702E0,-2.496059418E0,8.209228821E0
2.028132162E1,-4.832251282E0,-2.534679108E0,8.314160614E0
2.029129863E1,-4.862039337E0,-2.496658173E0,8.378227386E0
2.030127463E1,-4.934638367E0,-2.425106964E0,8.349337463E0
2.031125062E1,-5.024601288E0,-2.387086029E0,8.330326996E0
2.032122663E1,-5.016069031E0,-2.351759491E0,8.268056488E0
2.033120363E1,-4.953349457E0,-2.340981903E0,8.192912750E0
2.034117963E1,-4.936434631E0,-2.314936066E0,8.184230804E0
2.035115562E1,-4.917573853E0,-2.273322601E0,8.176147614E0
2.036113263E1,-4.861739960E0,-2.282154236E0,8.120164032E0
2.037110863E1,-4.804409180E0,-2.305355988E0,8.101303253E0
2.038108462E1,-4.793481903E0,-2.331701202E0,8.138426056E0
2.039106162E1,-4.756957855E0,-2.354004822E0,8.162675629E0
2.040103763E1,-4.737947388E0,-2.356998596E0,8.144712982E0
2.041101363E1,-4.734803925E0,-2.338287506E0,8.137078857E0
2.042099062E1,-4.716841278E0,-2.322420502E0,8.135881348E0
2.043096662E1,-4.718038788E0,-2.338437195E0,8.152197418E0
2.044094263E1,-4.751569061E0,-2.345023499E0,8.176297302E0
2.045091963E1,-4.793481903E0,-2.335144043E0,8.219707031E0
2.046089562E1,-4.804259491E0,-2.366878052E0,8.208330688E0
2.047087163E1,-4.814887390E0,-2.386936340E0,8.200995941E0
2.048084863E1,-4.803211670E0,-2.387086029E0,8.247698822E0
2.049082463E1,-4.798721008E0,-2.368973694E0,8.250093842E0
2.050080062E1,-4.748275909E0,-2.368075562E0,8.215815125E0
2.051077763E1,-4.720284119E0,-2.391576691E0,8.216862946E0
2.052075363E1,-4.748126221E0,-2.402054901E0,8.260721741E0
2.053072962E1,-4.724475403E0,-2.410736847E0,8.278385010E0
2.054070662E1,-4.748126221E0,-2.435884552E0,8.279582520E0
2.055068263E1,-4.784949646E0,-2.450554047E0,8.321046295E0
2.056065863E1,-4.799469452E0,-2.459535370E0,8.345744934E0
2.057063462E1,-4.803810425E0,-2.434387665E0,8.305179291E0
2.058061162E1,-4.809049530E0,-2.402803345E0,8.266559601E0
2.059058763E1,-4.808750153E0,-2.392175446E0,8.224347382E0
2.060056463E1,-4.743635559E0,-2.393372955E0,8.181087341E0
2.061054062E1,-4.709955597E0,-2.387086029E0,8.146359558E0
2.062051663E1,-4.744084625E0,-2.368973694E0,8.175399170E0
2.063049225E1,-4.761897583E0,-2.396217041E0,8.206983490E0
2.064046925E1,-4.778063965E0,-2.394869843E0,8.251890106E0
2.065044525E1,-4.805457001E0,-2.379302216E0,8.282426605E0
2.066042125E1,-4.815635834E0,-2.346819763E0,8.275989990E0
2.067039825E1,-4.776567078E0,-2.312091980E0,8.212072906E0
2.068037425E1,-4.730013885E0,-2.296524353E0,8.144114227E0
2.069035025E1,-4.786296844E0,-2.308499451E0,8.197253723E0
2.070032725E1,-4.843477936E0,-2.314037933E0,8.280181274E0
2.071030325E1,-4.831353149E0,-2.310744781E0,8.286019135E0
2.072027925E1,-4.857997742E0,-2.314636688E0,8.294252014E0
2.073025625E1,-4.901557159E0,-2.329156494E0,8.317154388E0
2.074023225E1,-4.834346924E0,-2.333497467E0,8.294252014E0
2.075020825E1,-4.795577545E0,-2.330653381E0,8.282725983E0
2.076018525E1,-4.798421631E0,-2.294129333E0,8.257129211E0
2.077016125E1,-4.779261475E0,-2.290536804E0,8.182584229E0
2.078013725E1,-4.712051239E0,-2.342927856E0,8.067473602E0
2.079011425E1,-4.690046997E0,-2.396217041E0,8.115224304E0
2.080009025E1,-4.757706299E0,-2.435285797E0,8.218659210E0
2.081006625E1,-4.841382294E0,-2.479593658E0,8.259224854E0
2.082004325E1,-4.857997742E0,-2.494412842E0,8.248297577E0
2.083001925E1,-4.840334473E0,-2.459086304E0,8.231233063E0
2.083999525E1,-4.800966339E0,-2.425406342E0,8.199349365E0
2.084997225E1,-4.795278168E0,-2.377056885E0,8.171507263E0
2.085994825E1,-4.833748169E0,-2.347268829E0,8.154742126E0
2.086992425E1,-4.869673462E0,-2.322420502E0,8.144712982E0
2.087990125E1,-4.841082916E0,-2.336042175E0,8.108488312E0
2.088987725E1,-4.832999725E0,-2.377955017E0,8.121660919E0
2.089985325E1,-4.831353149E0,-2.395468597E0,8.177644501E0
2.090983025E1,-4.817132721E0,-2.392175446E0,8.208480377E0
2.091980625E1,-4.807103577E0,-2.402503967E0,8.202492828E0
2.092978225E1,-4.796924744E0,-2.396815796E0,8.208181000E0
2.093975825E1,-4.780309296E0,-2.387834473E0,8.242908783E0
2.094973525E1,-4.764142914E0,-2.378404083E0,8.229137421E0
2.095971125E1,-4.778662720E0,-2.356699219E0,8.227939911E0
2.096968725E1,-4.798721008E0,-2.354154510E0,8.239915009E0
2.097966425E1,-4.807852020E0,-2.358645172E0,8.227191467E0
2.098964025E1,-4.791835327E0,-2.372117157E0,8.221503296E0
2.099961625E1,-4.789589996E0,-2.370620270E0,8.236472168E0
2.100959325E1,-4.773722992E0,-2.372266846E0,8.214767303E0
2.101956925E1,-4.745282135E0,-2.365979919E0,8.197702789E0
2.102954525E1,-4.755161591E0,-2.365530853E0,8.182434540E0
2.103952225E1,-4.759801941E0,-2.365231476E0,8.208630066E0
2.104949825E1,-4.767735443E0,-2.374961243E0,8.231382751E0
2.105947425E1,-4.771777039E0,-2.387984161E0,8.250393219E0
2.106945125E1,-4.776716766E0,-2.383044434E0,8.249195709E0
2.107942725E1,-4.796475677E0,-2.371967468E0,8.262817383E0
2.108940325E1,-4.797822876E0,-2.362836456E0,8.235873413E0
2.109938025E1,-4.791685638E0,-2.362986145E0,8.200247498E0
2.110935625E1,-4.815186768E0,-2.384990387E0,8.224796448E0
2.111933225E1,-4.818629608E0,-2.395767975E0,8.252189484E0
2.112930925E1,-4.837789764E0,-2.388882294E0,8.261170807E0
2.113928525E1,-4.863835602E0,-2.381846924E0,8.252189484E0
2.114926125E1,-4.829556885E0,-2.393223267E0,8.233628082E0
2.115923825E1,-4.804409180E0,-2.378703461E0,8.229586487E0
2.116921425E1,-4.809947662E0,-2.337389374E0,8.201445007E0
2.117919025E1,-4.805157623E0,-2.322719879E0,8.181087341E0
2.118916725E1,-4.738246765E0,-2.327809296E0,8.120014343E0
2.119914325E1,-4.681215363E0,-2.338586884E0,8.093968506E0
2.120911925E1,-4.730013885E0,-2.374961243E0,8.137827301E0
2.121909625E1,-4.783752136E0,-2.400408325E0,8.224048004E0
2.122907225E1,-4.871020660E0,-2.417921906E0,8.304879913E0
2.123904825E1,-4.925806732E0,-2.376158752E0,8.351882172E0
2.124902525E1,-4.902904358E0,-2.348166962E0,8.307723999E0
2.125900125E1,-4.849315796E0,-2.303709412E0,8.248447266E0
2.126897725E1,-4.829107819E0,-2.276166687E0,8.218060455E0
2.127895425E1,-4.830754395E0,-2.266287231E0,8.223598938E0
2.128893025E1,-4.821324005E0,-2.279160461E0,8.198451233E0
2.129890625E1,-4.806654510E0,-2.321073303E0,8.180488586E0
2.130888325E1,-4.784500580E0,-2.381098480E0,8.191415863E0
2.131885925E1,-4.767885132E0,-2.427202606E0,8.255332947E0
2.132883525E1,-4.763095093E0,-2.443368988E0,8.297844543E0
2.133881125E1,-4.754562836E0,-2.422861633E0,8.268954620E0
2.134878825E1,-4.748275909E0,-2.394570465E0,8.238567810E0
2.135876425E1,-4.715943146E0,-2.398462372E0,8.214617615E0
2.136874025E1,-4.727319489E0,-2.388882294E0,8.216713257E0
2.137871725E1,-4.749623108E0,-2.369422760E0,8.229736176E0
2.138869325E1,-4.772226105E0,-2.399210815E0,8.233179016E0
2.139866925E1,-4.768483887E0,-2.425406342E0,8.212671661E0
2.140864625E1,-4.756508789E0,-2.432292023E0,8.211923218E0
2.141862225E1,-4.730163574E0,-2.424508209E0,8.239166565E0
2.142859825E1,-4.714296570E0,-2.431992645E0,8.248447266E0
2.143857525E1,-4.710554352E0,-2.416724396E0,8.237669678E0
2.144855125E1,-4.717290344E0,-2.419568481E0,8.249046021E0
2.145852725E1,-4.733456726E0,-2.430944824E0,8.249345398E0
2.146850425E1,-4.746479645E0,-2.414479065E0,8.225245514E0
2.147848025E1,-4.760251007E0,-2.406395874E0,8.212072906E0
2.148845625E1,-4.775219879E0,-2.402803345E0,8.193810883E0
2.149843325E1,-4.760251007E0,-2.395767975E0,8.169261932E0
2.150840925E1,-4.766388245E0,-2.402204590E0,8.159382477E0
2.151838525E1,-4.781057739E0,-2.389481049E0,8.178243256E0
2.152836225E1,-4.802463226E0,-2.390229492E0,8.191266174E0
2.153833825E1,-4.831502838E0,-2.400408325E0,8.187823334E0
2.154831425E1,-4.845573578E0,-2.404898987E0,8.202492828E0
2.155829125E1,-4.850363617E0,-2.408491516E0,8.241262207E0
2.156826725E1,-4.860093384E0,-2.392325134E0,8.237819366E0
2.157824325E1,-4.842430115E0,-2.389481049E0,8.233927460E0
2.158822025E1,-4.850962372E0,-2.372117157E0,8.227790222E0
2.159819625E1,-4.860991516E0,-2.358794861E0,8.218060455E0
2.160817225E1,-4.826114044E0,-2.344724121E0,8.198002167E0
2.161814925E1,-4.779111786E0,-2.339784393E0,8.156538391E0
2.162812529E1,-4.773722992E0,-2.359842682E0,8.183033295E0
2.163810129E1,-4.798122253E0,-2.381248169E0,8.200995941E0
2.164807829E1,-4.840633850E0,-2.391127625E0,8.236023102E0
2.165805429E1,-4.838388519E0,-2.398162994E0,8.253686371E0
2.166803029E1,-4.839286652E0,-2.373763733E0,8.263565826E0
2.167800729E1,-4.816234589E0,-2.350861359E0,8.244555359E0
2.168798329E1,-4.797523499E0,-2.327659607E0,8.190817108E0
2.169795929E1,-4.800517273E0,-2.308050385E0,8.176446991E0
2.170793629E1,-4.774770813E0,-2.295027466E0,8.178392944E0
2.171791229E1,-4.770130463E0,-2.286495209E0,8.178991699E0
2.172788829E1,-4.761298828E0,-2.311942291E0,8.174201660E0
2.173786529E1,-4.754263458E0,-2.355801086E0,8.200097809E0
2.174784129E1,-4.757706299E0,-2.380649414E0,8.223449249E0
2.175781729E1,-4.758604431E0,-2.349813538E0,8.245603180E0
2.176779429E1,-4.736151123E0,-2.334096222E0,8.216862946E0
2.177777029E1,-4.722379761E0,-2.371668091E0,8.197104034E0
2.178774629E1,-4.728666687E0,-2.402653656E0,8.236621857E0
2.179772329E1,-4.777465210E0,-2.413580933E0,8.295150146E0
2.180769929E1,-4.828658752E0,-2.412084045E0,8.302185516E0
2.181767529E1,-4.838538208E0,-2.393822021E0,8.295599213E0
2.182765229E1,-4.813989258E0,-2.358046417E0,8.238268433E0
2.183762829E1,-4.783752136E0,-2.342628479E0,8.208330688E0
2.184760429E1,-4.761747894E0,-2.353256378E0,8.201295319E0
2.185758129E1,-4.749323730E0,-2.337389374E0,8.198002167E0
2.186755729E1,-4.751868439E0,-2.344574432E0,8.188871155E0
2.187753329E1,-4.768932953E0,-2.379900970E0,8.192613373E0
2.188750929E1,-4.774172058E0,-2.443518677E0,8.232430573E0
2.189748629E1,-4.789889374E0,-2.468367004E0,8.297395477E0
2.190746229E1,-4.815635834E0,-2.449655914E0,8.333919525E0
2.191743829E1,-4.855153656E0,-2.433788910E0,8.300988007E0
2.192741529E1,-4.865033112E0,-2.380200348E0,8.287216644E0
2.193739129E1,-4.856051788E0,-2.336790619E0,8.260721741E0
2.194736729E1,-4.856201477E0,-2.298170929E0,8.209677887E0
2.195734429E1,-4.845423889E0,-2.268233185E0,8.146060181E0
2.196732029E1,-4.828359375E0,-2.296674042E0,8.123157806E0
2.197729629E1,-4.803810425E0,-2.338137817E0,8.119714966E0
2.198727329E1,-4.760400696E0,-2.390678558E0,8.164322205E0
2.199724929E1,-4.734504547E0,-2.430645447E0,8.209827576E0
2.200722529E1,-4.740342407E0,-2.444566498E0,8.247249756E0
2.201720229E1,-4.748724976E0,-2.412533112E0,8.265960846E0
2.202717829E1,-4.729564819E0,-2.399659882E0,8.242459717E0
2.203715429E1,-4.712051239E0,-2.368824005E0,8.198600922E0
2.204713129E1,-4.720134430E0,-2.347119141E0,8.179141388E0
2.205710729E1,-4.727768555E0,-2.348915405E0,8.172854462E0
2.206708329E1,-4.715494080E0,-2.364782410E0,8.169112244E0
2.207706029E1,-4.727768555E0,-2.392325134E0,8.206235046E0
2.208703629E1,-4.734504547E0,-2.406545563E0,8.222251740E0
2.209701229E1,-4.753664703E0,-2.435435486E0,8.232280884E0
2.210698929E1,-4.747976532E0,-2.446961517E0,8.251441040E0
2.211696529E1,-4.749174042E0,-2.455493774E0,8.281079407E0
2.212694129E1,-4.799619141E0,-2.474055176E0,8.334667969E0
2.213691829E1,-4.809797974E0,-2.476450195E0,8.350235596E0
2.214689429E1,-4.830604706E0,-2.455643463E0,8.359516296E0
2.215687029E1,-4.847070465E0,-2.443368988E0,8.313711548E0
2.216684729E1,-4.845124512E0,-2.385738831E0,8.242609406E0
2.217682329E1,-4.820874939E0,-2.358196106E0,8.194858704E0
2.218679929E1,-4.813390503E0,-2.364632721E0,8.170459442E0
2.219677629E1,-4.801415405E0,-2.389780426E0,8.145012360E0
2.220675229E1,-4.757107544E0,-2.385738831E0,8.116122437E0
2.221672829E1,-4.753814392E0,-2.413281555E0,8.124055939E0
2.222670529E1,-4.750670929E0,-2.459984436E0,8.162525940E0
2.223668129E1,-4.757706299E0,-2.474204865E0,8.193212128E0
2.224665729E1,-4.774172058E0,-2.474504242E0,8.220455475E0
2.225663429E1,-4.772525482E0,-2.468067627E0,8.204438782E0
2.226661029E1,-4.766088867E0,-2.432591400E0,8.168064423E0
2.227658629E1,-4.773273926E0,-2.398312683E0,8.170459442E0
2.228656329E1,-4.803061981E0,-2.356998596E0,8.163873138E0
2.229653929E1,-4.809797974E0,-2.327210541E0,8.161178741E0
2.230651529E1,-4.790637817E0,-2.311193848E0,8.155490570E0
2.231649229E1,-4.822671204E0,-2.314337311E0,8.208630066E0
2.232646829E1,-4.839586029E0,-2.338437195E0,8.271199951E0
2.233644429E1,-4.846471710E0,-2.355801086E0,8.312663727E0
2.234642129E1,-4.841831360E0,-2.348017273E0,8.325536957E0
2.235639729E1,-4.816234589E0,-2.365830231E0,8.316106567E0
2.236637329E1,-4.807103577E0,-2.337838440E0,8.315507812E0
2.237635029E1,-4.793781281E0,-2.341430969E0,8.283324738E0
2.238632629E1,-4.777614899E0,-2.322719879E0,8.260871429E0
2.239630229E1,-4.772525482E0,-2.333497467E0,8.236921234E0
2.240627929E1,-4.772076416E0,-2.339634705E0,8.226293335E0
2.241625529E1,-4.763095093E0,-2.352957001E0,8.207432556E0
2.242623129E1,-4.766388245E0,-2.383044434E0,8.209528198E0
2.243620829E1,-4.764741669E0,-2.396366730E0,8.203690338E0
2.244618429E1,-4.779411163E0,-2.413131866E0,8.206684113E0
2.245616029E1,-4.767735443E0,-2.413580933E0,8.188871155E0
2.246613729E1,-4.762047272E0,-2.412682800E0,8.206983490E0
2.247611329E1,-4.765190735E0,-2.441123657E0,8.202043762E0
2.248608929E1,-4.756059723E0,-2.412533112E0,8.217761078E0
2.249606629E1,-4.751119995E0,-2.402953033E0,8.221952362E0
2.250604229E1,-4.738097076E0,-2.396516418E0,8.224048004E0
2.251601829E1,-4.732708282E0,-2.392325134E0,8.236023102E0
2.252599529E1,-4.741090851E0,-2.387834473E0,8.237519989E0
2.253597129E1,-4.745282135E0,-2.384092255E0,8.223449249E0
2.254594729E1,-4.746629333E0,-2.382595367E0,8.214168549E0
2.255592429E1,-4.762945404E0,-2.379002838E0,8.211923218E0
2.256590029E1,-4.790338440E0,-2.372566223E0,8.209079132E0
2.257587629E1,-4.809348907E0,-2.381098480E0,8.197104034E0
2.258585329E1,-4.831053772E0,-2.392774200E0,8.189918976E0
2.259582929E1,-4.851860504E0,-2.387235718E0,8.175399170E0
2.260580529E1,-4.871918793E0,-2.392474823E0,8.181985474E0
2.261578229E1,-4.884642334E0,-2.378104706E0,8.192912750E0
2.262575829E1,-4.865781555E0,-2.368075562E0,8.164920959E0
2.263573604E1,-4.842280426E0,-2.370470581E0,8.125852203E0
2.264571304E1,-4.825664978E0,-2.375559998E0,8.123906250E0
2.265568904E1,-4.820276184E0,-2.373314667E0,8.142168274E0
2.266566504E1,-4.806055756E0,-2.367626495E0,8.172255707E0
2.267564204E1,-4.799619141E0,-2.386936340E0,8.185278625E0
2.268561804E1,-4.819827118E0,-2.410736847E0,8.234526215E0
2.269559404E1,-4.825215912E0,-2.399360504E0,8.259973297E0
2.270557104E1,-4.816833344E0,-2.421514435E0,8.253087616E0
2.271554704E1,-4.789739685E0,-2.426603851E0,8.242010651E0
2.272552304E1,-4.775519257E0,-2.452500000E0,8.247998199E0
2.273550004E1,-4.797074432E0,-2.440524902E0,8.277935944E0
2.274547604E1,-4.800816650E0,-2.411335602E0,8.276289368E0
2.275545204E1,-4.797074432E0,-2.373164978E0,8.239615631E0
2.276542904E1,-4.800068207E0,-2.379751282E0,8.248596954E0
2.277540504E1,-4.792284393E0,-2.376757507E0,8.252189484E0
2.278538104E1,-4.756359100E0,-2.342329102E0,8.233478394E0
2.279535804E1,-4.743635559E0,-2.334694977E0,8.240364075E0
2.280533404E1,-4.760101318E0,-2.321672058E0,8.246351624E0
2.281531004E1,-4.746479645E0,-2.331551514E0,8.226592712E0
2.282528604E1,-4.741539917E0,-2.373314667E0,8.210725708E0
2.283526304E1,-4.727918243E0,-2.391576691E0,8.260422363E0
2.284523904E1,-4.735402679E0,-2.398013306E0,8.294252014E0
2.285521604E1,-4.719385986E0,-2.399510193E0,8.243956604E0
2.286519204E1,-4.719685364E0,-2.391127625E0,8.209378510E0
2.287516804E1,-4.712350616E0,-2.380799103E0,8.209528198E0
2.288514504E1,-4.713847504E0,-2.389031982E0,8.201594696E0
2.289512104E1,-4.732558594E0,-2.390977936E0,8.206085358E0
2.290509704E1,-4.741689606E0,-2.393073578E0,8.205785980E0
2.291507304E1,-4.769082642E0,-2.416275330E0,8.206983490E0
2.292505004E1,-4.794679413E0,-2.446961517E0,8.230035553E0
2.293502604E1,-4.813240814E0,-2.440674591E0,8.252339172E0
2.294500204E1,-4.818928986E0,-2.427352295E0,8.249195709E0
2.295497904E1,-4.820575562E0,-2.443069611E0,8.238867188E0
2.296495504E1,-4.829706573E0,-2.428998871E0,8.228987732E0
2.297493104E1,-4.811294861E0,-2.398761749E0,8.233328705E0
2.298490804E1,-4.811594238E0,-2.377505951E0,8.225544891E0
2.299488404E1,-4.809199219E0,-2.359992371E0,8.203091583E0
2.300486104E1,-4.793781281E0,-2.315834198E0,8.196804657E0
2.301483704E1,-4.777165833E0,-2.319426727E0,8.192164307E0
2.302481304E1,-4.769831085E0,-2.308649139E0,8.192164307E0
2.303478904E1,-4.770130463E0,-2.299069061E0,8.198301544E0
2.304476604E1,-4.761298828E0,-2.304308167E0,8.202492828E0
2.305474204E1,-4.756957855E0,-2.323767700E0,8.200097809E0
2.306471804E1,-4.739893341E0,-2.359243927E0,8.217761078E0
2.307469504E1,-4.754263458E0,-2.378703461E0,8.229586487E0
2.308467104E1,-4.779560852E0,-2.396067352E0,8.229287109E0
2.309464704E1,-4.796026611E0,-2.380499725E0,8.199648743E0
2.310462404E1,-4.801265717E0,-2.383792877E0,8.186476135E0
2.311460004E1,-4.819378052E0,-2.383493500E0,8.182434540E0
2.312457604E1,-4.827311554E0,-2.391127625E0,8.189619598E0
2.313455304E1,-4.826263733E0,-2.398612061E0,8.168513489E0
2.314452904E1,-4.849465485E0,-2.385888519E0,8.180039520E0
2.315450504E1,-4.847968597E0,-2.403851166E0,8.193062439E0
2.316448204E1,-4.857848053E0,-2.402204590E0,8.201445007E0
2.317445804E1,-4.844226379E0,-2.404000854E0,8.215216370E0
2.318443404E1,-4.839286652E0,-2.408192139E0,8.213120728E0
2.319441104E1,-4.823419647E0,-2.426304474E0,8.226892090E0
2.320438704E1,-4.822521515E0,-2.413730621E0,8.228987732E0
2.321436304E1,-4.835095367E0,-2.399061127E0,8.213569794E0
2.322434004E1,-4.837640076E0,-2.400857391E0,8.207282867E0
2.323431604E1,-4.819976807E0,-2.377356262E0,8.189170532E0
2.324429204E1,-4.811145172E0,-2.364483032E0,8.164621582E0
2.325426904E1,-4.800666962E0,-2.342179413E0,8.161777496E0
2.326424504E1,-4.816983032E0,-2.334545288E0,8.170908508E0
2.327422104E1,-4.826263733E0,-2.341580658E0,8.185727692E0
2.328419804E1,-4.833448792E0,-2.357597351E0,8.188272400E0
2.329417404E1,-4.830754395E0,-2.368674316E0,8.195457458E0
2.330415004E1,-4.819527740E0,-2.371668091E0,8.166717224E0
2.331412704E1,-4.803511047E0,-2.379152527E0,8.176297302E0
2.332410304E1,-4.790488129E0,-2.352358246E0,8.184081116E0
2.333407904E1,-4.761298828E0,-2.322869568E0,8.187224579E0
2.334405604E1,-4.759352875E0,-2.318079529E0,8.202941895E0
2.335403204E1,-4.755011902E0,-2.346819763E0,8.222850494E0
2.336400804E1,-4.745132446E0,-2.374063110E0,8.249495087E0
2.337398504E1,-4.740641785E0,-2.384241943E0,8.274044037E0
2.338396104E1,-4.746180267E0,-2.400258636E0,8.270152130E0
2.339393704E1,-4.731959839E0,-2.398462372E0,8.266858978E0
2.340391404E1,-4.734504547E0,-2.410736847E0,8.282276917E0
2.341389004E1,-4.759951630E0,-2.422861633E0,8.286168823E0
2.342386604E1,-4.783003693E0,-2.434237976E0,8.285570068E0
2.343384304E1,-4.792434082E0,-2.418071594E0,8.290360107E0
2.344381904E1,-4.812043304E0,-2.388433228E0,8.276588745E0
2.345379604E1,-4.811594238E0,-2.413281555E0,8.260871429E0
2.346377204E1,-4.788841553E0,-2.400408325E0,8.241262207E0
2.347374804E1,-4.771028595E0,-2.396067352E0,8.233328705E0
2.348372404E1,-4.758604431E0,-2.381846924E0,8.237370300E0
2.349370104E1,-4.752317505E0,-2.388582916E0,8.231532440E0
2.350367704E1,-4.751119995E0,-2.377505951E0,8.227490845E0
2.351365304E1,-4.750371552E0,-2.382595367E0,8.233927460E0
2.352363004E1,-4.755311279E0,-2.377805328E0,8.229885864E0
2.353360604E1,-4.758005676E0,-2.380350037E0,8.245303802E0
2.354358304E1,-4.755161591E0,-2.355052643E0,8.235274658E0
2.355355904E1,-4.780009918E0,-2.352058868E0,8.253686371E0
2.356353504E1,-4.791236572E0,-2.353256378E0,8.262068939E0
2.357351204E1,-4.785997467E0,-2.346221008E0,8.245004425E0
2.358348804E1,-4.789589996E0,-2.339185638E0,8.236322479E0
2.359346404E1,-4.782554626E0,-2.338886261E0,8.247549133E0
2.360344004E1,-4.798122253E0,-2.327360229E0,8.234077148E0
2.361341704E1,-4.801714783E0,-2.323618011E0,8.245603180E0
2.362339304E1,-4.777465210E0,-2.335293732E0,8.197702789E0
2.363336812E1,-4.769082642E0,-2.352807312E0,8.185578003E0
2.364334413E1,-4.768633575E0,-2.359992371E0,8.192164307E0
2.365332013E1,-4.769082642E0,-2.373763733E0,8.202343140E0
2.366329712E1,-4.760550385E0,-2.403551788E0,8.205187225E0
2.367327312E1,-4.762346649E0,-2.429597626E0,8.207731934E0
2.368324913E1,-4.784051514E0,-2.437082062E0,8.232879639E0
2.369322613E1,-4.809498596E0,-2.437231750E0,8.255033569E0
2.370320212E1,-4.803211670E0,-2.421963501E0,8.249046021E0
2.371317812E1,-4.814288635E0,-2.408341827E0,8.229586487E0
2.372315513E1,-4.809947662E0,-2.399809570E0,8.220305786E0
2.373313113E1,-4.840783539E0,-2.376607819E0,8.194559326E0
2.374310712E1,-4.835993500E0,-2.376158752E0,8.173752594E0
2.375308412E1,-4.839286652E0,-2.392923889E0,8.167315979E0
2.376306013E1,-4.847070465E0,-2.404000854E0,8.164322205E0
2.377303613E1,-4.860542450E0,-2.408192139E0,8.146808624E0
2.378301312E1,-4.855902100E0,-2.417772217E0,8.128696289E0
2.379298913E1,-4.838687897E0,-2.413880310E0,8.120164032E0
2.380296513E1,-4.830455017E0,-2.385439453E0,8.136480103E0
2.381294213E1,-4.832251282E0,-2.345622253E0,8.129893799E0
2.382291812E1,-4.826263733E0,-2.324516144E0,8.143515472E0
2.383289413E1,-4.818779297E0,-2.327809296E0,8.152796173E0
2.384287113E1,-4.787644043E0,-2.356549530E0,8.150700531E0
2.385284712E1,-4.751868439E0,-2.393522644E0,8.167465668E0
2.386282312E1,-4.730013885E0,-2.407743073E0,8.187224579E0
2.387280013E1,-4.715943146E0,-2.398162994E0,8.252039795E0
2.388277613E1,-4.725074158E0,-2.390229492E0,8.277486877E0
2.389275212E1,-4.733157349E0,-2.388133850E0,8.287815399E0
2.390272912E1,-4.753515015E0,-2.395618286E0,8.308322754E0
2.391270513E1,-4.755311279E0,-2.396666107E0,8.302035828E0
2.392268113E1,-4.775519257E0,-2.394869843E0,8.292156372E0
2.393265812E1,-4.791086884E0,-2.395917664E0,8.302484894E0
2.394263413E1,-4.808151398E0,-2.402204590E0,8.262368317E0
2.395261013E1,-4.813240814E0,-2.395318909E0,8.241411896E0
2.396258713E1,-4.821473694E0,-2.390678558E0,8.243357849E0
2.397256312E1,-4.821473694E0,-2.399809570E0,8.218359833E0
2.398253913E1,-4.830155640E0,-2.403402100E0,8.214168549E0
2.399251613E1,-4.815635834E0,-2.399510193E0,8.215815125E0
2.400249212E1,-4.813390503E0,-2.390828247E0,8.216413879E0
2.401246812E1,-4.797822876E0,-2.381697235E0,8.224497070E0
2.402244513E1,-4.763095093E0,-2.382445679E0,8.224946136E0
2.403242113E1,-4.720284119E0,-2.385439453E0,8.217761078E0
2.404239712E1,-4.713697815E0,-2.371069336E0,8.225993958E0
2.405237412E1,-4.709207153E0,-2.360740814E0,8.223598938E0
2.406235013E1,-4.723876648E0,-2.352507935E0,8.218060455E0
2.407232613E1,-4.718338165E0,-2.340682526E0,8.221802673E0
2.408230312E1,-4.725223846E0,-2.358495483E0,8.220455475E0
2.409227913E1,-4.723427582E0,-2.337688751E0,8.229137421E0
2.410225513E1,-4.722379761E0,-2.340832214E0,8.230634308E0
2.411223213E1,-4.738546143E0,-2.363135834E0,8.233179016E0
2.412220812E1,-4.758155365E0,-2.380799103E0,8.253386993E0
2.413218413E1,-4.779111786E0,-2.398162994E0,8.263416138E0
2.414216113E1,-4.785698090E0,-2.391576691E0,8.269703064E0
2.415213712E1,-4.792134705E0,-2.414179688E0,8.268355865E0
2.416211312E1,-4.796775055E0,-2.414029999E0,8.264014893E0
2.417209013E1,-4.792883148E0,-2.418969727E0,8.257578278E0
2.418206613E1,-4.778662720E0,-2.419119415E0,8.244705048E0
2.419204212E1,-4.783602448E0,-2.415377197E0,8.226892090E0
2.420201912E1,-4.780159607E0,-2.420167236E0,8.210426331E0
2.421199513E1,-4.776866455E0,-2.415676575E0,8.213869171E0
2.422197113E1,-4.778662720E0,-2.420616302E0,8.250393219E0
2.423194812E1,-4.764591980E0,-2.406695251E0,8.282276917E0
2.424192413E1,-4.779261475E0,-2.390528870E0,8.274942169E0
2.425190013E1,-4.784949646E0,-2.389930115E0,8.251590729E0
2.426187713E1,-4.782404938E0,-2.386936340E0,8.270601196E0
2.427185312E1,-4.794978790E0,-2.391277313E0,8.275241547E0
2.428182913E1,-4.794978790E0,-2.365680542E0,8.253686371E0
2.429180613E1,-4.795128479E0,-2.337089996E0,8.233478394E0
2.430178212E1,-4.767286377E0,-2.330054626E0,8.182883606E0
2.431175812E1,-4.751569061E0,-2.350711670E0,8.186625824E0
2.432173513E1,-4.743785248E0,-2.344125366E0,8.209677887E0
2.433171113E1,-4.719984741E0,-2.356848907E0,8.206235046E0
2.434168712E1,-4.725223846E0,-2.370171204E0,8.184230804E0
2.435166412E1,-4.740043030E0,-2.391127625E0,8.168812866E0
2.436164013E1,-4.722978516E0,-2.398162994E0,8.192164307E0
2.437161613E1,-4.745731201E0,-2.405647430E0,8.212821350E0
2.438159312E1,-4.755161591E0,-2.389780426E0,8.203989716E0
2.439156913E1,-4.770579529E0,-2.404300232E0,8.199648743E0
2.440154513E1,-4.804109802E0,-2.408042450E0,8.200546875E0
2.441152213E1,-4.821174316E0,-2.401306458E0,8.198151855E0
2.442149812E1,-4.843927002E0,-2.396067352E0,8.219707031E0
2.443147413E1,-4.865332489E0,-2.395468597E0,8.220305786E0
2.444145113E1,-4.870571594E0,-2.384840698E0,8.229137421E0
2.445142712E1,-4.859494629E0,-2.359393616E0,8.223149872E0
2.446140312E1,-4.859494629E0,-2.350861359E0,8.195307770E0
2.447138013E1,-4.810546417E0,-2.331701202E0,8.189619598E0
2.448135613E1,-4.774770813E0,-2.355501709E0,8.178842010E0
2.449133212E1,-4.771327972E0,-2.370620270E0,8.167016602E0
2.450130912E1,-4.776567078E0,-2.387984161E0,8.216862946E0
2.451128513E1,-4.777465210E0,-2.393372955E0,8.247698822E0
2.452126113E1,-4.775369568E0,-2.402803345E0,8.242310028E0
2.453123812E1,-4.773273926E0,-2.406994629E0,8.237669678E0
2.454121412E1,-4.759203186E0,-2.389630737E0,8.229885864E0
2.455119013E1,-4.745731201E0,-2.373614044E0,8.221054230E0
2.456116713E1,-4.764591980E0,-2.359992371E0,8.203840027E0
2.457114312E1,-4.757257233E0,-2.335144043E0,8.210276642E0
2.458112013E1,-4.756808167E0,-2.363584900E0,8.210126953E0
2.459109613E1,-4.762945404E0,-2.366728363E0,8.238867188E0
2.460107212E1,-4.764442291E0,-2.371668091E0,8.259973297E0
2.461104912E1,-4.780908051E0,-2.358495483E0,8.274493103E0
2.462102513E1,-4.778063965E0,-2.364632721E0,8.260721741E0
2.463100188E1,-4.771178284E0,-2.341430969E0,8.256380768E0
2.464097888E1,-4.753814392E0,-2.320773926E0,8.261320496E0
2.465095487E1,-4.770280151E0,-2.313588867E0,8.241860962E0
2.466093087E1,-4.788093109E0,-2.308499451E0,8.231083374E0
2.467090788E1,-4.806055756E0,-2.303859100E0,8.246351624E0
2.468088388E1,-4.820276184E0,-2.353855133E0,8.275840302E0
2.469085987E1,-4.807253265E0,-2.381846924E0,8.261320496E0
2.470083688E1,-4.782854004E0,-2.377056885E0,8.237969055E0
2.471081288E1,-4.743186493E0,-2.384541321E0,8.226592712E0
2.472078888E1,-4.717440033E0,-2.362537079E0,8.225395203E0
2.473076587E1,-4.690795441E0,-2.352807312E0,8.231233063E0
2.474074188E1,-4.707410889E0,-2.367177429E0,8.234675903E0
2.475071788E1,-4.703369293E0,-2.371368713E0,8.253087616E0
2.476069487E1,-4.720284119E0,-2.382445679E0,8.276439056E0
2.477067087E1,-4.730013885E0,-2.421664124E0,8.285420380E0
2.478064688E1,-4.736151123E0,-2.464924164E0,8.299940186E0
2.479062388E1,-4.748275909E0,-2.482138367E0,8.323291626E0
2.480059987E1,-4.756508789E0,-2.493065643E0,8.329129486E0
2.481057587E1,-4.770878906E0,-2.508782959E0,8.302035828E0
2.482055288E1,-4.785099335E0,-2.479593658E0,8.264913025E0
2.483052888E1,-4.775070190E0,-2.447410583E0,8.206983490E0
2.484050487E1,-4.750221863E0,-2.417772217E0,8.176896057E0
2.485048188E1,-4.743186493E0,-2.380649414E0,8.160879364E0
2.486045788E1,-4.771327972E0,-2.368225250E0,8.143216095E0
2.487043388E1,-4.777614899E0,-2.362537079E0,8.167765045E0
2.488041087E1,-4.800816650E0,-2.367925873E0,8.187823334E0
2.489038688E1,-4.803960114E0,-2.378853149E0,8.200397186E0
2.490036288E1,-4.819527740E0,-2.381846924E0,8.208330688E0
2.491033987E1,-4.790488129E0,-2.379451904E0,8.202941895E0
2.492031587E1,-4.783752136E0,-2.331850891E0,8.191864929E0
2.493029188E1,-4.780309296E0,-2.300116882E0,8.193810883E0
2.494026888E1,-4.772226105E0,-2.288890228E0,8.161627808E0
2.495024487E1,-4.747527466E0,-2.268083496E0,8.160579987E0
2.496022087E1,-4.745132446E0,-2.296224976E0,8.150850220E0
2.497019788E1,-4.746030579E0,-2.319576416E0,8.164771271E0
2.498017388E1,-4.753065948E0,-2.348316650E0,8.178842010E0
2.499014987E1,-4.775968323E0,-2.391726379E0,8.212072906E0
2.500012688E1,-4.796625366E0,-2.422412567E0,8.240813141E0
2.501010288E1,-4.814887390E0,-2.452050934E0,8.266260223E0
2.502007988E1,-4.824467468E0,-2.460882568E0,8.269852753E0
2.503005587E1,-4.818479919E0,-2.467319183E0,8.257129211E0
2.504003188E1,-4.810845795E0,-2.436782684E0,8.252189484E0
2.505000888E1,-4.836442566E0,-2.389630737E0,8.240962830E0
2.505998487E1,-4.840484161E0,-2.365979919E0,8.218958588E0
2.506996087E1,-4.824916534E0,-2.333497467E0,8.185727692E0
2.507993788E1,-4.790937195E0,-2.333198090E0,8.169860687E0
2.508991388E1,-4.780458984E0,-2.374063110E0,8.182135162E0
2.509988987E1,-4.816983032E0,-2.393372955E0,8.263416138E0
2.510986687E1,-4.835843811E0,-2.377206573E0,8.318950653E0
2.511984288E1,-4.810396729E0,-2.364033966E0,8.289012909E0
2.512981888E1,-4.818479919E0,-2.350561981E0,8.276139679E0
2.513979587E1,-4.819378052E0,-2.343376923E0,8.295898590E0
2.514977188E1,-4.765789490E0,-2.330952759E0,8.277187500E0
2.515974788E1,-4.735552368E0,-2.304008789E0,8.239166565E0
2.516972488E1,-4.733606415E0,-2.284848633E0,8.212222595E0
2.517970087E1,-4.694088593E0,-2.294428711E0,8.174501038E0
2.518967688E1,-4.644092560E0,-2.340233459E0,8.202343140E0
2.519965388E1,-4.659061432E0,-2.367027740E0,8.276139679E0
2.520962987E1,-4.701273651E0,-2.382146301E0,8.309969330E0
2.521960587E1,-4.696034546E0,-2.399659882E0,8.286168823E0
2.522958288E1,-4.707560577E0,-2.409539337E0,8.271798706E0
2.523955888E1,-4.736749878E0,-2.381697235E0,8.263416138E0
2.524953487E1,-4.756209412E0,-2.356250153E0,8.237070923E0
2.525951187E1,-4.770130463E0,-2.347867584E0,8.219557343E0
2.526948788E1,-4.799170074E0,-2.330952759E0,8.176297302E0
2.527946388E1,-4.803511047E0,-2.330204315E0,8.151748352E0
2.528944087E1,-4.763993225E0,-2.358196106E0,8.166118469E0
2.529941688E1,-4.760400696E0,-2.388283539E0,8.198301544E0
2.530939288E1,-4.749024353E0,-2.401306458E0,8.241860962E0
2.531936988E1,-4.751419373E0,-2.420466614E0,8.246950378E0
2.532934587E1,-4.746180267E0,-2.451901245E0,8.282576294E0
2.533932188E1,-4.743635559E0,-2.452500000E0,8.318351898E0
2.534929888E1,-4.770280151E0,-2.449356537E0,8.325686646E0
2.535927487E1,-4.769681396E0,-2.448159027E0,8.298892365E0
2.536925187E1,-4.762047272E0,-2.420616302E0,8.242160339E0
2.537922788E1,-4.767735443E0,-2.403851166E0,8.205037537E0
2.538920388E1,-4.766837311E0,-2.386936340E0,8.190817108E0
2.539918087E1,-4.777016144E0,-2.381996613E0,8.159681854E0
2.540915687E1,-4.795727234E0,-2.358345795E0,8.179141388E0
2.541913288E1,-4.814438324E0,-2.350861359E0,8.174051971E0
2.542910988E1,-4.801714783E0,-2.378404083E0,8.186775513E0
2.543908587E1,-4.802463226E0,-2.396965485E0,8.222401428E0
2.544906187E1,-4.811893616E0,-2.397713928E0,8.240364075E0
2.545903888E1,-4.822371826E0,-2.392624512E0,8.225544891E0
2.546901488E1,-4.799768829E0,-2.365081787E0,8.206384735E0
2.547899087E1,-4.780608673E0,-2.357297974E0,8.200696564E0
2.548896788E1,-4.774920502E0,-2.341131592E0,8.195008392E0
2.549894388E1,-4.766987000E0,-2.324815521E0,8.211025085E0
2.550891987E1,-4.772076416E0,-2.308050385E0,8.200696564E0
2.551889687E1,-4.769980774E0,-2.329755249E0,8.206085358E0
2.552887288E1,-4.744234314E0,-2.333647156E0,8.191415863E0
2.553884888E1,-4.749772797E0,-2.340981903E0,8.208480377E0
2.554882587E1,-4.786745911E0,-2.316732330E0,8.227191467E0
2.555880187E1,-4.820276184E0,-2.321372681E0,8.253087616E0
2.556877788E1,-4.845423889E0,-2.314037933E0,8.233179016E0
2.557875488E1,-4.849764862E0,-2.323917389E0,8.204438782E0
2.558873087E1,-4.841531982E0,-2.336940308E0,8.209228821E0
2.559870687E1,-4.838388519E0,-2.344275055E0,8.196355591E0
2.560868388E1,-4.857099609E0,-2.353555756E0,8.193960571E0
2.561865988E1,-4.872816925E0,-2.371518402E0,8.180338898E0
2.562863687E1,-4.870870972E0,-2.394720154E0,8.197104034E0
2.563861213E1,-4.846322021E0,-2.425855408E0,8.203690338E0
2.564858813E1,-4.807852020E0,-2.436483307E0,8.231831818E0
2.565856512E1,-4.768783264E0,-2.439626770E0,8.255183258E0
2.566854113E1,-4.713398438E0,-2.412084045E0,8.260422363E0
2.567851713E1,-4.718338165E0,-2.412084045E0,8.300089874E0
2.568849412E1,-4.727768555E0,-2.401456146E0,8.303981781E0
2.569847012E1,-4.732259216E0,-2.402803345E0,8.291108551E0
2.570844613E1,-4.753365326E0,-2.405797119E0,8.263416138E0
2.571842313E1,-4.775070190E0,-2.413431244E0,8.251740417E0
2.572839912E1,-4.822521515E0,-2.420017548E0,8.227191467E0
2.573837512E1,-4.837191010E0,-2.405647430E0,8.213270416E0
2.574835213E1,-4.897515564E0,-2.416425018E0,8.170459442E0
2.575832813E1,-4.871619415E0,-2.392325134E0,8.145461426E0
2.576830412E1,-4.853656769E0,-2.375260620E0,8.131690063E0
2.577828113E1,-4.863985291E0,-2.385738831E0,8.136779480E0
2.578825713E1,-4.854405212E0,-2.371219025E0,8.136629791E0
2.579823313E1,-4.820425873E0,-2.380499725E0,8.145162048E0
2.580821012E1,-4.777016144E0,-2.402803345E0,8.165070648E0
2.581818613E1,-4.749623108E0,-2.396217041E0,8.194259949E0
2.582816213E1,-4.736300812E0,-2.430046692E0,8.219557343E0
2.583813912E1,-4.745282135E0,-2.463427277E0,8.265811157E0
2.584811512E1,-4.753664703E0,-2.491419067E0,8.272397461E0
2.585809113E1,-4.769232330E0,-2.509531403E0,8.290060730E0
2.586806813E1,-4.792434082E0,-2.522554321E0,8.292006683E0
2.587804412E1,-4.805906067E0,-2.505340118E0,8.250991974E0
2.588802012E1,-4.810097351E0,-2.454146576E0,8.211773529E0
2.589799713E1,-4.829407196E0,-2.422412567E0,8.180189209E0
2.590797313E1,-4.837789764E0,-2.401905212E0,8.171956329E0
2.591795012E1,-4.879253540E0,-2.411036224E0,8.174051971E0
2.592792613E1,-4.905748444E0,-2.407892761E0,8.169710999E0
2.593790213E1,-4.889582062E0,-2.399959259E0,8.164471893E0
2.594787913E1,-4.834646301E0,-2.372117157E0,8.144712982E0
2.595785512E1,-4.794230347E0,-2.316283264E0,8.153993683E0
2.596783113E1,-4.738995209E0,-2.275118866E0,8.137378235E0
2.597780813E1,-4.683011627E0,-2.245630188E0,8.134234772E0
2.598778412E1,-4.634662170E0,-2.239492950E0,8.160280609E0
2.599776012E1,-4.627327423E0,-2.282603302E0,8.202043762E0
2.600773713E1,-4.647685089E0,-2.325863342E0,8.241860962E0
2.601771313E1,-4.686155090E0,-2.367027740E0,8.268355865E0
2.602768912E1,-4.743036804E0,-2.384541321E0,8.289611664E0
2.603766612E1,-4.780758362E0,-2.373464355E0,8.285719757E0
2.604764213E1,-4.784500580E0,-2.355352020E0,8.261170807E0
2.605761813E1,-4.802612915E0,-2.342029724E0,8.197253723E0
2.606759512E1,-4.845573578E0,-2.343676300E0,8.155490570E0
2.607757113E1,-4.912334747E0,-2.367177429E0,8.163873138E0
2.608754713E1,-5.003794556E0,-2.395468597E0,8.169561310E0
2.609752413E1,-5.076094208E0,-2.467618561E0,8.179291077E0
2.610750012E1,-5.111570435E0,-2.506238251E0,8.219257965E0
2.611747613E1,-5.119653625E0,-2.506687317E0,8.235723724E0
2.612745313E1,-5.088967438E0,-2.520159302E0,8.231083374E0
2.613742912E1,-5.056934052E0,-2.516566772E0,8.179889832E0
2.614740512E1,-5.023104401E0,-2.488275604E0,8.155340881E0
2.615738213E1,-4.983586578E0,-2.461930389E0,8.123906250E0
2.616735813E1,-4.945865021E0,-2.437531128E0,8.112978973E0
2.617733512E1,-4.908143463E0,-2.406096497E0,8.118068390E0
2.618731112E1,-4.847070465E0,-2.350711670E0,8.115673370E0
2.619728713E1,-4.788242798E0,-2.325264587E0,8.143066406E0
2.620726413E1,-4.749922485E0,-2.308948517E0,8.169710999E0
2.621724012E1,-4.723427582E0,-2.307451630E0,8.208330688E0
2.622721613E1,-4.693639526E0,-2.293530579E0,8.202043762E0
2.623719313E1,-4.678670654E0,-2.301913147E0,8.201894073E0
2.624716913E1,-4.657115479E0,-2.324366455E0,8.184530182E0
2.625714512E1,-4.654271393E0,-2.322570190E0,8.142168274E0
2.626712213E1,-4.682263184E0,-2.314187622E0,8.129145355E0
2.627709813E1,-4.737198944E0,-2.328857117E0,8.111931152E0
2.628707412E1,-4.824467468E0,-2.355651398E0,8.120912476E0
2.629705112E1,-4.892426147E0,-2.399659882E0,8.121211853E0
2.630702713E1,-4.939727783E0,-2.438129883E0,8.114176483E0
2.631700313E1,-4.969216461E0,-2.488125916E0,8.106392670E0
2.632698012E1,-4.970413971E0,-2.482886810E0,8.077203369E0
2.633695612E1,-4.966372375E0,-2.486030273E0,8.049061890E0
2.634693213E1,-4.978197784E0,-2.476899261E0,8.036787415E0
2.635690913E1,-4.964875488E0,-2.473606110E0,8.061635742E0
2.636688512E1,-4.952151947E0,-2.474953308E0,8.113877106E0
2.637686112E1,-4.960085449E0,-2.498604126E0,8.157735901E0
2.638683813E1,-4.932243347E0,-2.540816345E0,8.230634308E0
2.639681413E1,-4.916076965E0,-2.555485840E0,8.266559601E0
2.640679112E1,-4.908891907E0,-2.556533661E0,8.283624115E0
2.641676713E1,-4.863236847E0,-2.519410858E0,8.256829834E0
2.642674313E1,-4.798721008E0,-2.461780701E0,8.215515747E0
2.643672012E1,-4.785847778E0,-2.400408325E0,8.182883606E0
2.644669612E1,-4.772824860E0,-2.377805328E0,8.171956329E0
2.645667213E1,-4.768334198E0,-2.368524628E0,8.176147614E0
2.646664913E1,-4.788542175E0,-2.378853149E0,8.201445007E0
2.647662512E1,-4.826413422E0,-2.394570465E0,8.223000183E0
2.648660112E1,-4.867428131E0,-2.419269104E0,8.219856720E0
2.649657813E1,-4.880600739E0,-2.410437469E0,8.172405396E0
2.650655413E1,-4.870571594E0,-2.394869843E0,8.143814850E0
2.651653012E1,-4.878505096E0,-2.333497467E0,8.087082825E0
2.652650713E1,-4.873565369E0,-2.301314392E0,8.051007843E0
2.653648313E1,-4.855602722E0,-2.299518127E0,8.045619049E0
2.654645913E1,-4.854854279E0,-2.270478516E0,8.053851929E0
2.655643612E1,-4.876559143E0,-2.280807037E0,8.128546600E0
2.656641213E1,-4.906347198E0,-2.314636688E0,8.208330688E0
2.657638813E1,-4.925357666E0,-2.349963226E0,8.267607422E0
2.658636512E1,-4.931195526E0,-2.381248169E0,8.290210419E0
2.659634112E1,-4.923262024E0,-2.405348053E0,8.294102325E0
2.660631713E1,-4.927752686E0,-2.416425018E0,8.265811157E0
2.661629413E1,-4.903802490E0,-2.416275330E0,8.226443024E0
2.662627012E1,-4.896318054E0,-2.397564240E0,8.180488586E0
2.663624725E1,-4.894821167E0,-2.376607819E0,8.126600647E0
2.664622325E1,-4.863985291E0,-2.349214783E0,8.036637726E0
2.665619925E1,-4.786446533E0,-2.333796844E0,7.899971924E0
2.666617625E1,-4.739444275E0,-2.342329102E0,7.813302155E0
2.667615225E1,-4.643643494E0,-2.309846649E0,7.786807251E0
2.668612825E1,-4.633464661E0,-2.391127625E0,7.885452118E0
2.669610525E1,-4.718936920E0,-2.498454437E0,8.073311462E0
2.670608125E1,-4.877157898E0,-2.600242767E0,8.378227386E0
2.671605725E1,-5.038073273E0,-2.714904327E0,8.614735565E0
2.672603425E1,-5.166206818E0,-2.728526001E0,8.656648407E0
2.673601025E1,-5.190157013E0,-2.653531952E0,8.531358948E0
2.674598625E1,-5.115911407E0,-2.519710236E0,8.357869720E0
2.675596325E1,-4.968168640E0,-2.403252411E0,8.179141388E0
2.676593925E1,-4.881947937E0,-2.300565948E0,8.069419556E0
2.677591525E1,-4.870272217E0,-2.263293457E0,8.061486053E0
2.678589225E1,-4.906646576E0,-2.277513885E0,8.104895782E0
2.679586825E1,-4.911137238E0,-2.326312408E0,8.087082825E0
2.680584425E1,-4.843328247E0,-2.332299957E0,7.990533600E0
2.681582125E1,-4.706363068E0,-2.290387115E0,7.777975616E0
2.682579725E1,-4.468208313E0,-2.237397308E0,7.593110046E0
2.683577425E1,-4.267026672E0,-2.217638397E0,7.470514984E0
2.684575025E1,-4.178410950E0,-2.247426453E0,7.500752106E0
2.685572625E1,-4.261338501E0,-2.370769958E0,7.770042114E0
2.686570325E1,-4.485272827E0,-2.555635529E0,8.143515472E0
2.687567925E1,-4.705165558E0,-2.722688141E0,8.500672760E0
2.688565525E1,-4.877157898E0,-2.820434875E0,8.663683777E0
2.689563225E1,-4.943919067E0,-2.838547211E0,8.708740082E0
2.690560825E1,-4.893923035E0,-2.807861023E0,8.657546539E0
2.691558425E1,-4.817881165E0,-2.749332733E0,8.601113892E0
2.692556125E1,-4.829706573E0,-2.670297089E0,8.540489960E0
2.693553725E1,-4.873415680E0,-2.589165802E0,8.422235870E0
2.694551325E1,-4.899611206E0,-2.553240509E0,8.270002441E0
2.695549025E1,-4.889432373E0,-2.506088562E0,8.071066132E0
2.696546625E1,-4.775519257E0,-2.494712219E0,7.915240173E0
2.697544225E1,-4.608167267E0,-2.517165527E0,7.837851105E0
2.698541925E1,-4.492457886E0,-2.569107513E0,7.846233673E0
2.699539525E1,-4.466561737E0,-2.646346893E0,7.936046906E0
2.700537125E1,-4.531077576E0,-2.738255768E0,8.063432007E0
2.701534825E1,-4.631219330E0,-2.853067017E0,8.183931427E0
2.702532425E1,-4.702471161E0,-2.928061066E0,8.277486877E0
2.703530025E1,-4.766537933E0,-2.971171417E0,8.351133728E0
2.704527725E1,-4.846621399E0,-3.004252625E0,8.417296143E0
2.705525325E1,-4.910987549E0,-2.950514374E0,8.462801514E0
2.706523025E1,-4.976401520E0,-2.826572113E0,8.452772369E0
2.707520625E1,-5.020859070E0,-2.644550629E0,8.372239838E0
2.708518225E1,-5.029690704E0,-2.483784943E0,8.251740417E0
2.709515925E1,-4.965324554E0,-2.328857117E0,8.038134613E0
2.710513525E1,-4.819976807E0,-2.153871002E0,7.803871765E0
2.711511125E1,-4.662504272E0,-2.053579559E0,7.643704834E0
2.712508825E1,-4.541406097E0,-2.050436096E0,7.577991486E0
2.713506425E1,-4.470753021E0,-2.128124542E0,7.661368103E0
2.714504025E1,-4.520299988E0,-2.320773926E0,7.809260559E0
2.715501725E1,-4.598587189E0,-2.531984711E0,8.019273834E0
2.716499325E1,-4.682712250E0,-2.718945923E0,8.188571777E0
2.717496925E1,-4.755760345E0,-2.830314331E0,8.301437073E0
2.718494625E1,-4.792134705E0,-2.904559937E0,8.360115051E0
2.719492225E1,-4.818779297E0,-2.913241882E0,8.400680695E0
2.720489825E1,-4.831053772E0,-2.873574371E0,8.387807465E0
2.721487525E1,-4.875211945E0,-2.801125031E0,8.342451782E0
2.722485125E1,-4.888683929E0,-2.748135223E0,8.308622131E0
2.723482825E1,-4.907993774E0,-2.684966583E0,8.226293335E0
2.724480425E1,-4.898862762E0,-2.582429810E0,8.120613098E0
2.725478025E1,-4.859943695E0,-2.518512726E0,7.992629242E0
2.726475725E1,-4.798421631E0,-2.486629028E0,7.906558228E0
2.727473325E1,-4.756209412E0,-2.482737122E0,7.866441650E0
2.728470925E1,-4.757107544E0,-2.506687317E0,7.905809784E0
2.729468625E1,-4.758454742E0,-2.563718719E0,7.989336090E0
2.730466225E1,-4.798421631E0,-2.632425842E0,8.090825043E0
2.731463825E1,-4.837340698E0,-2.707120514E0,8.215216370E0
2.732461525E1,-4.908293152E0,-2.743943939E0,8.348589020E0
2.733459125E1,-4.959187317E0,-2.757864990E0,8.469238129E0
2.734456725E1,-5.000800781E0,-2.699785767E0,8.517288208E0
2.735454425E1,-5.039270782E0,-2.614912262E0,8.510701904E0
2.736452025E1,-5.032534790E0,-2.508184204E0,8.467292175E0
2.737449625E1,-4.997956696E0,-2.391726379E0,8.357570343E0
2.738447325E1,-4.975054321E0,-2.280657349E0,8.257877655E0
2.739444925E1,-4.962779846E0,-2.202220459E0,8.159382477E0
2.740442525E1,-4.939278717E0,-2.175725555E0,8.061186676E0
2.741440225E1,-4.920118561E0,-2.181114349E0,7.995473328E0
2.742437825E1,-4.852908325E0,-2.241438904E0,7.957901459E0
2.743435525E1,-4.802463226E0,-2.303260345E0,7.975265350E0
2.744433125E1,-4.798571320E0,-2.398162994E0,8.040679321E0
2.745430725E1,-4.796625366E0,-2.515069885E0,8.123457184E0
2.746428425E1,-4.820575562E0,-2.581831055E0,8.205336914E0
2.747426025E1,-4.842879181E0,-2.616409149E0,8.259673920E0
2.748423625E1,-4.875810699E0,-2.631228333E0,8.257278900E0
2.749421325E1,-4.891977081E0,-2.626887360E0,8.252039795E0
2.750418925E1,-4.920867004E0,-2.579885101E0,8.242759094E0
2.751416525E1,-4.941074982E0,-2.534828796E0,8.200097809E0
2.752414225E1,-4.942871246E0,-2.505190430E0,8.165669403E0
2.753411825E1,-4.940176849E0,-2.515968018E0,8.131540375E0
2.754409425E1,-4.946613464E0,-2.510579224E0,8.142767029E0
2.755407125E1,-4.944068756E0,-2.492766266E0,8.136180725E0
2.756404725E1,-4.945715332E0,-2.498604126E0,8.119714966E0
2.757402325E1,-4.929998016E0,-2.522105255E0,8.093519440E0
2.758400025E1,-4.896617432E0,-2.548899536E0,8.102500763E0
2.759397625E1,-4.875062256E0,-2.554138641E0,8.128546600E0
2.760395325E1,-4.858895874E0,-2.576891327E0,8.166417847E0
2.761392925E1,-4.857099609E0,-2.585124207E0,8.217162323E0
2.762390525E1,-4.856051788E0,-2.597398682E0,8.224497070E0
2.763388267E1,-4.873415680E0,-2.602637787E0,8.249495087E0
2.764385867E1,-4.894372101E0,-2.612816620E0,8.259075165E0
2.765383467E1,-4.905149689E0,-2.598596191E0,8.279133453E0
2.766381167E1,-4.941074982E0,-2.601140900E0,8.256231079E0
2.767378767E1,-4.967420197E0,-2.596201172E0,8.252788239E0
2.768376367E1,-5.000501404E0,-2.608475647E0,8.224497070E0
2.769374067E1,-4.987927551E0,-2.578238525E0,8.167465668E0
2.770371667E1,-4.955894165E0,-2.547851715E0,8.090525665E0
2.771369267E1,-4.895719299E0,-2.549348602E0,8.015830994E0
2.772366967E1,-4.866080933E0,-2.539618835E0,8.013435974E0
2.773364567E1,-4.884492645E0,-2.538720703E0,8.038134613E0
2.774362167E1,-4.894372101E0,-2.538720703E0,8.045768738E0
2.775359867E1,-4.905449066E0,-2.585124207E0,8.042475586E0
2.776357467E1,-4.906197510E0,-2.614612885E0,8.043673096E0
2.777355067E1,-4.908293152E0,-2.637664948E0,8.058192902E0
2.778352767E1,-4.922363892E0,-2.653681641E0,8.062533875E0
2.779350367E1,-4.942422180E0,-2.675835571E0,8.076005859E0
2.780348067E1,-4.984484711E0,-2.664908295E0,8.071215820E0
2.781345667E1,-5.040019226E0,-2.653232574E0,8.082592163E0
2.782343267E1,-5.063969421E0,-2.639161835E0,8.086184692E0
2.783340967E1,-5.086722107E0,-2.619402924E0,8.074958038E0
2.784338567E1,-5.078788605E0,-2.581082611E0,8.049061890E0
2.785336167E1,-5.061125336E0,-2.534080353E0,7.994275818E0
2.786333867E1,-5.018014984E0,-2.509531403E0,7.941136322E0
2.787331467E1,-4.977449341E0,-2.506088562E0,7.914042664E0
2.788329067E1,-4.948559418E0,-2.509381714E0,7.906408539E0
2.789326767E1,-4.932542725E0,-2.520159302E0,7.882608032E0
2.790324367E1,-4.919819183E0,-2.518812103E0,7.897576904E0
2.791321967E1,-4.936434631E0,-2.529889069E0,7.938741302E0
2.792319667E1,-4.963378601E0,-2.544857941E0,7.954907684E0
2.793317267E1,-4.978946228E0,-2.553090820E0,7.947273560E0
2.794314867E1,-4.965474243E0,-2.549797668E0,7.955955505E0
2.795312567E1,-4.965324554E0,-2.569706268E0,7.959098969E0
2.796310167E1,-4.981341248E0,-2.599194946E0,8.018675079E0
2.797307867E1,-5.033133545E0,-2.627635803E0,8.105195160E0
2.798305467E1,-5.072052612E0,-2.648891602E0,8.155939636E0
2.799303067E1,-5.094206543E0,-2.642305298E0,8.158184967E0
2.800300767E1,-5.080435181E0,-2.593207397E0,8.121211853E0
2.801298367E1,-5.026846619E0,-2.525697784E0,8.045918427E0
2.802295967E1,-4.960833893E0,-2.486479340E0,7.979905701E0
2.803293667E1,-4.900509338E0,-2.462229767E0,7.918683014E0
2.804291267E1,-4.886288910E0,-2.490670624E0,7.921826477E0
2.805288867E1,-4.891677704E0,-2.521955566E0,7.969577179E0
2.806286567E1,-4.922812958E0,-2.559826813E0,8.009544067E0
2.807284167E1,-4.918022919E0,-2.594853973E0,8.017028503E0
2.808281767E1,-4.897964630E0,-2.617906036E0,8.046816559E0
2.809279467E1,-4.882397003E0,-2.648442535E0,8.088579712E0
2.810277067E1,-4.893623657E0,-2.648292847E0,8.176596680E0
2.811274667E1,-4.971162415E0,-2.646047516E0,8.276289368E0
2.812272367E1,-5.063071289E0,-2.633323975E0,8.329728241E0
2.813269967E1,-5.109474792E0,-2.593955841E0,8.304879913E0
2.814267667E1,-5.107678528E0,-2.501747589E0,8.277636566E0
2.815265267E1,-5.059628448E0,-2.475402374E0,8.198900299E0
2.816262867E1,-4.988226929E0,-2.422711945E0,8.133935394E0
2.817260567E1,-4.942422180E0,-2.402204590E0,8.081993408E0
2.818258167E1,-4.919220428E0,-2.366728363E0,8.043224030E0
2.819255767E1,-4.889582062E0,-2.383194122E0,8.006400604E0
2.820253467E1,-4.865332489E0,-2.408790894E0,7.973918152E0
2.821251067E1,-4.826712799E0,-2.446811829E0,7.942633209E0
2.822248667E1,-4.799469452E0,-2.505489807E0,7.935597839E0
2.823246367E1,-4.805307312E0,-2.548001404E0,7.972421265E0
2.824243967E1,-4.832999725E0,-2.587968292E0,8.046666870E0
2.825241567E1,-4.890629883E0,-2.620899811E0,8.115523682E0
2.826239267E1,-4.961282959E0,-2.638263702E0,8.151898041E0
2.827236867E1,-5.024002533E0,-2.654879150E0,8.183632050E0
2.828234467E1,-5.068011017E0,-2.665956116E0,8.185128937E0
2.829232167E1,-5.087470551E0,-2.647993469E0,8.159232788E0
2.830229767E1,-5.043462067E0,-2.624043274E0,8.076903992E0
2.831227467E1,-5.016667786E0,-2.561473389E0,8.031997375E0
2.832225067E1,-4.989274750E0,-2.513273621E0,7.978408813E0
2.833222667E1,-4.950954437E0,-2.468816071E0,7.920329590E0
2.834220367E1,-4.924459534E0,-2.462678833E0,7.865244141E0
2.835217967E1,-4.874164124E0,-2.483186188E0,7.829917603E0
2.836215567E1,-4.852459259E0,-2.538121948E0,7.830516357E0
2.837213267E1,-4.862937469E0,-2.581681366E0,7.881260834E0
2.838210867E1,-4.887037354E0,-2.652633820E0,7.994724884E0
2.839208467E1,-4.968468018E0,-2.713108063E0,8.090974731E0
2.840206167E1,-5.037025452E0,-2.744991760E0,8.184380493E0
2.841203767E1,-5.088368683E0,-2.739153900E0,8.229885864E0
2.842201367E1,-5.116061096E0,-2.682122498E0,8.198151855E0
2.843199067E1,-5.078040161E0,-2.628983002E0,8.155789948E0
2.844196667E1,-5.065017242E0,-2.549348602E0,8.144263916E0
2.845194367E1,-5.055886230E0,-2.499951324E0,8.140072632E0
2.846191967E1,-5.056035919E0,-2.498903503E0,8.139623566E0
2.847189567E1,-5.050647125E0,-2.516417084E0,8.167315979E0
2.848187267E1,-5.006339264E0,-2.553689575E0,8.133336639E0
2.849184867E1,-4.947810974E0,-2.542313232E0,8.069419556E0
2.850182467E1,-4.843627625E0,-2.528541870E0,7.997868347E0
2.851180167E1,-4.757706299E0,-2.545157318E0,7.928412781E0
2.852177767E1,-4.698728943E0,-2.577789459E0,7.922125854E0
2.853175367E1,-4.703069916E0,-2.627785492E0,7.947123871E0
2.854173067E1,-4.760251007E0,-2.681074677E0,8.032296753E0
2.855170667E1,-4.859644318E0,-2.743494873E0,8.153843994E0
2.856168267E1,-4.941374359E0,-2.740501099E0,8.203989716E0
2.857165967E1,-4.990023193E0,-2.718197479E0,8.187074890E0
2.858163567E1,-5.007237396E0,-2.644251251E0,8.170160065E0
2.859161267E1,-4.996759186E0,-2.562970276E0,8.158184967E0
2.860158867E1,-5.000052338E0,-2.487676849E0,8.121361542E0
2.861156467E1,-5.026996307E0,-2.414179688E0,8.079149323E0
2.862154167E1,-5.034031677E0,-2.418071594E0,8.013136597E0
2.863151767E1,-5.049000549E0,-2.407443695E0,7.971074066E0
2.864149363E1,-5.001998291E0,-2.415377197E0,7.948171692E0
2.865147063E1,-4.945415955E0,-2.427052917E0,7.923473053E0
2.866144663E1,-4.904550934E0,-2.468217316E0,7.923473053E0
2.867142262E1,-4.899311829E0,-2.495460663E0,7.961943054E0
2.868139963E1,-4.944068756E0,-2.515219574E0,8.011190643E0
2.869137563E1,-4.989424438E0,-2.538571014E0,8.035290527E0
2.870135262E1,-5.029690704E0,-2.562221832E0,8.059240723E0
2.871132862E1,-5.071902924E0,-2.588267670E0,8.068371735E0
2.872130463E1,-5.107678528E0,-2.593207397E0,8.077951813E0
2.873128163E1,-5.101092224E0,-2.592009888E0,8.078251190E0
2.874125762E1,-5.087021484E0,-2.561174011E0,8.042475586E0
2.875123362E1,-5.039121094E0,-2.536924438E0,7.968229980E0
2.876121063E1,-4.984185333E0,-2.539319458E0,7.923473053E0
2.877118663E1,-4.973856812E0,-2.544408875E0,7.926317139E0
2.878116262E1,-4.975802765E0,-2.567610626E0,7.977959747E0
2.879113963E1,-4.990023193E0,-2.606679382E0,8.005951538E0
2.880111563E1,-4.971312103E0,-2.649939423E0,8.027955780E0
2.881109163E1,-4.935536499E0,-2.672093353E0,8.045319672E0
2.882106862E1,-4.905598755E0,-2.680026855E0,8.087831268E0
2.883104463E1,-4.906945953E0,-2.690654755E0,8.138725433E0
2.884102163E1,-4.946014709E0,-2.687810669E0,8.237519989E0
2.885099762E1,-4.992418213E0,-2.690056000E0,8.341853027E0
2.886097362E1,-5.093757477E0,-2.680775299E0,8.405171356E0
2.887095063E1,-5.163512421E0,-2.643802185E0,8.424930267E0
2.888092663E1,-5.136568451E0,-2.561772766E0,8.330626373E0
2.889090262E1,-5.085973663E0,-2.447260895E0,8.124654694E0
2.890087962E1,-4.954247589E0,-2.318528595E0,7.893984375E0
2.891085563E1,-4.780309296E0,-2.215243378E0,7.684869232E0
2.892083163E1,-4.637206879E0,-2.179168396E0,7.584727478E0
2.893080862E1,-4.571194153E0,-2.236050110E0,7.628137207E0
2.894078463E1,-4.616400146E0,-2.370620270E0,7.803572388E0
2.895076163E1,-4.699776764E0,-2.563269653E0,8.013585663E0
2.896073762E1,-4.797373810E0,-2.734214172E0,8.222251740E0
2.897071362E1,-4.846471710E0,-2.822979584E0,8.370144196E0
2.898069063E1,-4.884342957E0,-2.865640869E0,8.375383301E0
2.899066663E1,-4.871020660E0,-2.825374603E0,8.334069214E0
2.900064262E1,-4.905000000E0,-2.723735962E0,8.313561859E0
2.901061962E1,-4.955295410E0,-2.614014130E0,8.290659485E0
2.902059563E1,-5.011129303E0,-2.591710510E0,8.250991974E0
2.903057163E1,-5.054389343E0,-2.559228058E0,8.205935669E0
2.904054862E1,-5.002597046E0,-2.574645996E0,8.137677612E0
2.905052462E1,-4.943470001E0,-2.618953857E0,8.060887299E0
2.906050063E1,-4.915178833E0,-2.637964325E0,8.066276093E0
2.907047763E1,-4.878505096E0,-2.657274170E0,8.032745819E0
2.908045362E1,-4.861889648E0,-2.661914520E0,7.999963989E0
2.909043063E1,-4.845274200E0,-2.680625610E0,7.952213287E0
2.910040663E1,-4.850513306E0,-2.696492615E0,7.961793365E0
2.911038263E1,-4.887187042E0,-2.743494873E0,8.005203094E0
2.912035962E1,-4.918172607E0,-2.767894135E0,8.074059906E0
2.913033563E1,-4.955594788E0,-2.808759155E0,8.132438507E0
2.914031163E1,-4.987628174E0,-2.812501373E0,8.152047729E0
2.915028862E1,-5.019811249E0,-2.784659271E0,8.171357574E0
2.916026462E1,-5.044809265E0,-2.749482422E0,8.171956329E0
2.917024063E1,-5.072052612E0,-2.668051758E0,8.143814850E0
2.918021763E1,-5.057083740E0,-2.595003662E0,8.083789673E0
2.919019362E1,-5.011578369E0,-2.518363037E0,8.023165741E0
2.920017063E1,-4.967569885E0,-2.443818054E0,7.966733093E0
2.921014663E1,-4.915178833E0,-2.393822021E0,7.909851379E0
2.922012263E1,-4.894222412E0,-2.390528870E0,7.883655853E0
2.923009962E1,-4.860991516E0,-2.394420776E0,7.851921844E0
2.924007563E1,-4.837191010E0,-2.438878326E0,7.880662079E0
2.925005163E1,-4.837041321E0,-2.495161285E0,7.936196594E0
2.926002862E1,-4.841232605E0,-2.553090820E0,8.007149048E0
2.927000462E1,-4.856500854E0,-2.625091095E0,8.106093292E0
2.927998063E1,-4.910837860E0,-2.641556854E0,8.171058197E0
2.928995763E1,-4.935835876E0,-2.640359344E0,8.154442749E0
2.929993362E1,-4.923860779E0,-2.654879150E0,8.121660919E0
2.930991062E1,-4.921914825E0,-2.674488373E0,8.148455200E0
2.931988663E1,-4.946164398E0,-2.656076660E0,8.183182983E0
2.932986263E1,-4.951852570E0,-2.673889618E0,8.163124695E0
2.933983962E1,-4.985083466E0,-2.686613159E0,8.151748352E0
2.934981562E1,-5.024601288E0,-2.674638062E0,8.128546600E0
2.935979163E1,-4.979994049E0,-2.638413391E0,8.035739594E0
2.936976863E1,-4.899311829E0,-2.627785492E0,7.924520874E0
2.937974462E1,-4.829706573E0,-2.634820862E0,7.871082001E0
2.938972063E1,-4.807702332E0,-2.624342651E0,7.883655853E0
2.939969763E1,-4.821623383E0,-2.627486115E0,7.920778656E0
2.940967362E1,-4.904101868E0,-2.644400940E0,7.943231964E0
2.941965062E1,-4.919968872E0,-2.655627594E0,7.957751770E0
2.942962663E1,-4.889132996E0,-2.644550629E0,7.936495972E0
2.943960263E1,-4.871769104E0,-2.634970551E0,7.950117645E0
2.944957962E1,-4.892875214E0,-2.624043274E0,8.030650177E0
2.945955562E1,-4.945565643E0,-2.600093079E0,8.123157806E0
2.946953163E1,-5.046306152E0,-2.608775024E0,8.253536682E0
2.947950863E1,-5.143154755E0,-2.651436310E0,8.343499603E0
2.948948462E1,-5.217849426E0,-2.669099579E0,8.405021667E0
2.949946062E1,-5.219046936E0,-2.639161835E0,8.363707581E0
2.950943763E1,-5.164410553E0,-2.603685608E0,8.247399445E0
2.951941363E1,-5.049299927E0,-2.558778992E0,8.124654694E0
2.952939062E1,-4.971312103E0,-2.524799652E0,8.046517181E0
2.953936663E1,-4.905299377E0,-2.509082336E0,8.013435974E0
2.954934263E1,-4.898862762E0,-2.522853699E0,7.990533600E0
2.955931962E1,-4.901706848E0,-2.558928680E0,7.972870331E0
2.956929562E1,-4.875062256E0,-2.580034790E0,7.930508423E0
2.957927163E1,-4.803660736E0,-2.614912262E0,7.879464569E0
2.958924863E1,-4.770579529E0,-2.663860474E0,7.895481262E0
2.959922462E1,-4.773722992E0,-2.662363586E0,7.941735077E0
2.960920062E1,-4.852608948E0,-2.651286621E0,8.007747803E0
2.961917763E1,-4.925357666E0,-2.679428101E0,8.028554535E0
2.962915363E1,-4.935835876E0,-2.697839813E0,8.044421539E0
2.963913025E1,-4.946014709E0,-2.672093353E0,8.045619049E0
2.964910625E1,-4.938679962E0,-2.650538177E0,8.076903992E0
2.965908225E1,-4.875211945E0,-2.649939423E0,8.077502747E0
2.966905925E1,-4.853357391E0,-2.609972534E0,8.095315704E0
2.967903525E1,-4.875361633E0,-2.555036774E0,8.107141113E0
2.968901125E1,-4.867577820E0,-2.547402649E0,8.095465393E0
2.969898825E1,-4.914131012E0,-2.570604401E0,8.094866638E0
2.970896425E1,-4.906945953E0,-2.585573273E0,8.110284576E0
2.971894025E1,-4.898713074E0,-2.630330200E0,8.118517456E0
2.972891725E1,-4.912634125E0,-2.648292847E0,8.105494537E0
2.973889325E1,-4.910688171E0,-2.679577789E0,8.085585938E0
2.974887025E1,-4.959486694E0,-2.683469696E0,8.055199127E0
2.975884625E1,-4.956792297E0,-2.667602692E0,7.983498230E0
2.976882225E1,-4.922064514E0,-2.657423859E0,7.893535309E0
2.977879925E1,-4.871320038E0,-2.654430084E0,7.847580872E0
2.978877525E1,-4.805007935E0,-2.654579773E0,7.806715851E0
2.979875125E1,-4.816234589E0,-2.675236816E0,7.853867798E0
2.980872825E1,-4.879103851E0,-2.683769073E0,7.942333832E0
2.981870425E1,-4.936434631E0,-2.745440826E0,8.088130646E0
2.982868125E1,-5.034780121E0,-2.781815186E0,8.220156097E0
2.983865725E1,-5.098098450E0,-2.803370361E0,8.301586761E0
2.984863325E1,-5.085823975E0,-2.763403473E0,8.301437073E0
2.985861025E1,-5.114115143E0,-2.732417908E0,8.256680145E0
2.986858625E1,-5.028642883E0,-2.694846039E0,8.198750610E0
2.987856225E1,-5.029690704E0,-2.685864716E0,8.212671661E0
2.988853925E1,-5.060526581E0,-2.674488373E0,8.220305786E0
2.989851525E1,-5.028642883E0,-2.653981018E0,8.184829559E0
2.990849125E1,-5.036426697E0,-2.656376038E0,8.133486328E0
2.991846825E1,-4.955145721E0,-2.640209656E0,8.039182434E0
2.992844425E1,-4.848866730E0,-2.593656464E0,7.977360992E0
2.993842125E1,-4.803511047E0,-2.548899536E0,7.928712158E0
2.994839725E1,-4.739593964E0,-2.528541870E0,7.907606049E0
2.995837325E1,-4.789889374E0,-2.505340118E0,7.925868073E0
2.996835025E1,-4.856949921E0,-2.493814087E0,7.960296478E0
2.997832625E1,-4.868026886E0,-2.549049225E0,7.992629242E0
2.998830225E1,-4.930447083E0,-2.617307281E0,8.048313446E0
2.999827925E1,-4.953199768E0,-2.643951874E0,8.100255432E0
3.000825525E1,-4.974006500E0,-2.639910278E0,8.143066406E0
3.001823225E1,-4.995411987E0,-2.634072418E0,8.128546600E0
3.002820825E1,-4.945415955E0,-2.617456970E0,8.120912476E0
3.003818425E1,-4.961282959E0,-2.601889343E0,8.152796173E0
3.004816125E1,-4.965923309E0,-2.576741638E0,8.138725433E0
3.005813725E1,-4.953948212E0,-2.543361053E0,8.105195160E0
3.006811325E1,-4.934189301E0,-2.498604126E0,7.962841187E0
3.007809025E1,-4.839586029E0,-2.451003113E0,7.816146240E0
3.008806625E1,-4.766388245E0,-2.425556030E0,7.677235107E0
3.009804225E1,-4.671036530E0,-2.471809845E0,7.595355377E0
3.010801925E1,-4.630919952E0,-2.544408875E0,7.619155884E0
3.011799525E1,-4.695735168E0,-2.666704559E0,7.744445343E0
3.012797225E1,-4.821922760E0,-2.809507599E0,7.932604065E0
3.013794825E1,-4.940027161E0,-2.962639160E0,8.138875122E0
3.014792425E1,-5.079087982E0,-3.074456635E0,8.337212677E0
3.015790125E1,-5.181624756E0,-3.115621033E0,8.479416962E0
3.016787725E1,-5.231022034E0,-3.061882782E0,8.493038635E0
3.017785325E1,-5.250930634E0,-2.930755463E0,8.402476959E0
3.018783025E1,-5.180726624E0,-2.788102112E0,8.287216644E0
3.019780625E1,-5.149591370E0,-2.654430084E0,8.156987457E0
3.020778325E1,-5.082381134E0,-2.564167786E0,8.024962006E0
3.021775925E1,-5.049150238E0,-2.516117706E0,7.931556244E0
3.022773525E1,-5.016218719E0,-2.497107239E0,7.860603790E0
3.023771225E1,-4.941973114E0,-2.551294556E0,7.811206512E0
3.024768825E1,-4.888234863E0,-2.554138641E0,7.855514374E0
3.025766425E1,-4.812941437E0,-2.582429810E0,7.879015503E0
3.026764125E1,-4.802612915E0,-2.611918488E0,7.948022003E0
3.027761725E1,-4.865182800E0,-2.649041290E0,8.044122162E0
3.028759325E1,-4.909340973E0,-2.651735687E0,8.123307495E0
3.029757025E1,-4.952900391E0,-2.658471680E0,8.179889832E0
3.030754625E1,-4.978796539E0,-2.667602692E0,8.188721466E0
3.031752325E1,-4.956343231E0,-2.657274170E0,8.211773529E0
3.032749925E1,-4.967869263E0,-2.646646271E0,8.249345398E0
3.033747525E1,-4.997208252E0,-2.617456970E0,8.265212402E0
3.034745225E1,-5.030588837E0,-2.614612885E0,8.263565826E0
3.035742825E1,-5.024002533E0,-2.589165802E0,8.155640259E0
3.036740425E1,-4.956492920E0,-2.533930664E0,7.990234222E0
3.037738125E1,-4.825814667E0,-2.457290039E0,7.782466278E0
3.038735725E1,-4.686005402E0,-2.407892761E0,7.609126740E0
3.039733425E1,-4.540807343E0,-2.411485291E0,7.496261444E0
3.040731025E1,-4.488266602E0,-2.488125916E0,7.546556854E0
3.041728625E1,-4.544699249E0,-2.603835297E0,7.735464020E0
3.042726325E1,-4.738695831E0,-2.789748688E0,7.983049164E0
3.043723925E1,-4.934788055E0,-2.973865814E0,8.257278900E0
3.044721525E1,-5.095553741E0,-3.090323639E0,8.419242096E0
3.045719225E1,-5.175188141E0,-3.145109711E0,8.477920074E0
3.046716825E1,-5.198539581E0,-3.098556519E0,8.440048828E0
3.047714525E1,-5.200635223E0,-2.988086243E0,8.375532990E0
3.048712125E1,-5.153782654E0,-2.820434875E0,8.261919250E0
3.049709725E1,-5.139861603E0,-2.673440552E0,8.089178467E0
3.050707425E1,-5.103786621E0,-2.574047241E0,7.942782898E0
3.051705025E1,-5.034780121E0,-2.488574982E0,7.806715851E0
3.052702625E1,-4.925357666E0,-2.479593658E0,7.725734253E0
3.053700325E1,-4.865332489E0,-2.512375488E0,7.720495148E0
3.054697925E1,-4.837340698E0,-2.621498566E0,7.854466553E0
3.055695625E1,-4.896318054E0,-2.720143433E0,8.044720917E0
3.056693225E1,-4.962031403E0,-2.724783783E0,8.103249207E0
3.057690825E1,-4.954397278E0,-2.715503082E0,8.029452667E0
3.058688525E1,-4.929099884E0,-2.758763123E0,8.014334106E0
3.059686125E1,-4.941224670E0,-2.740650787E0,8.118667145E0
3.060683725E1,-4.961881714E0,-2.678979034E0,8.208929443E0
3.061681425E1,-5.042264557E0,-2.644850006E0,8.230185242E0
3.062679025E1,-5.079237671E0,-2.581381989E0,8.211324463E0
3.063676617E1,-5.049449615E0,-2.525398407E0,8.124355316E0
3.064674317E1,-5.000651093E0,-2.462678833E0,8.006400604E0
3.065671917E1,-4.884492645E0,-2.445015564E0,7.884404297E0
3.066669617E1,-4.811444550E0,-2.430495758E0,7.813002777E0
3.067667217E1,-4.728516998E0,-2.431094513E0,7.770790558E0
3.068664817E1,-4.696782990E0,-2.522554321E0,7.803572388E0
3.069662517E1,-4.762496338E0,-2.637066193E0,7.949219513E0
3.070660117E1,-4.816833344E0,-2.792443085E0,8.109087067E0
3.071657717E1,-4.974305878E0,-2.933749237E0,8.267008667E0
3.072655417E1,-5.040617981E0,-3.015778656E0,8.350085907E0
3.073653017E1,-4.981640625E0,-3.023562469E0,8.315807190E0
3.074650717E1,-4.977000275E0,-2.938389587E0,8.198750610E0
3.075648317E1,-4.922513580E0,-2.811902618E0,8.051905975E0
3.076645917E1,-4.852459259E0,-2.743195496E0,7.929011536E0
3.077643617E1,-4.865033112E0,-2.704426117E0,7.885601807E0
3.078641217E1,-4.907095642E0,-2.670895844E0,7.930358734E0
3.079638817E1,-4.973856812E0,-2.700534210E0,8.000413055E0
3.080636517E1,-5.023104401E0,-2.734962616E0,8.054899750E0
3.081634117E1,-5.061275024E0,-2.732717285E0,8.102051697E0
3.082631817E1,-5.101391602E0,-2.698588257E0,8.093519440E0
3.083629417E1,-5.036726074E0,-2.680924988E0,7.982151031E0
3.084627017E1,-4.969066772E0,-2.639760590E0,7.885751495E0
3.085624717E1,-4.921016693E0,-2.588417358E0,7.860753479E0
3.086622317E1,-4.848417664E0,-2.559527435E0,7.837851105E0
3.087619917E1,-4.855303345E0,-2.601739655E0,7.869585114E0
3.088617617E1,-4.903203735E0,-2.620600433E0,7.963889008E0
3.089615217E1,-4.941074982E0,-2.648741913E0,8.051157532E0
3.090612917E1,-4.926704865E0,-2.662363586E0,8.056845703E0
3.091610517E1,-4.898413696E0,-2.644850006E0,8.075706482E0
3.092608117E1,-4.924609222E0,-2.693947906E0,8.153544617E0
3.093605817E1,-4.975952454E0,-2.687810669E0,8.194559326E0
3.094603417E1,-5.015470276E0,-2.681972809E0,8.182284851E0
3.095601017E1,-5.090614014E0,-2.697390747E0,8.209677887E0
3.096598717E1,-5.132975922E0,-2.771935730E0,8.225395203E0
3.097596317E1,-5.091811523E0,-2.784210205E0,8.167016602E0
3.098594017E1,-5.028343506E0,-2.747985535E0,8.052654419E0
3.099591617E1,-4.938530273E0,-2.739153900E0,7.919880524E0
3.100589217E1,-4.844675446E0,-2.705174561E0,7.840994568E0
3.101586917E1,-4.731660461E0,-2.670147400E0,7.777526550E0
3.102584517E1,-4.709656219E0,-2.700983276E0,7.808661804E0
3.103582117E1,-4.775818634E0,-2.744692383E0,7.930358734E0
3.104579817E1,-4.876559143E0,-2.822380829E0,8.088280334E0
3.105577417E1,-4.947661285E0,-2.822380829E0,8.136031036E0
3.106575117E1,-4.974006500E0,-2.779420166E0,8.066425781E0
3.107572717E1,-4.956792297E0,-2.709665222E0,7.956554260E0
3.108570317E1,-4.902155914E0,-2.668051758E0,7.864346008E0
3.109568017E1,-4.876708832E0,-2.622995453E0,7.842790833E0
3.110565617E1,-4.875810699E0,-2.628833313E0,7.915838928E0
3.111563217E1,-4.958588562E0,-2.655477905E0,8.003257141E0
3.112560917E1,-5.013524323E0,-2.695444794E0,8.054151306E0
3.113558517E1,-4.992717590E0,-2.764002228E0,8.095764771E0
3.114556217E1,-4.975503387E0,-2.824027405E0,8.171806641E0
3.115553817E1,-4.942122803E0,-2.846929779E0,8.229586487E0
3.116551417E1,-4.931943970E0,-2.800526276E0,8.212971039E0
3.117549117E1,-4.950205994E0,-2.767295380E0,8.165669403E0
3.118546717E1,-4.984484711E0,-2.768492889E0,8.147557068E0
3.119544317E1,-5.043162689E0,-2.757565613E0,8.141270142E0
3.120542017E1,-5.106630707E0,-2.770588531E0,8.116571503E0
3.121539617E1,-5.088368683E0,-2.782713318E0,8.019124146E0
3.122537317E1,-5.024301910E0,-2.759062500E0,7.908953247E0
3.123534917E1,-4.964426422E0,-2.699636078E0,7.869734802E0
3.124532517E1,-4.923711090E0,-2.709964600E0,7.869285736E0
3.125530217E1,-4.949158173E0,-2.749632111E0,7.970475311E0
3.126527817E1,-5.011728058E0,-2.747835846E0,8.077951813E0
3.127525517E1,-5.106031952E0,-2.734064484E0,8.128097534E0
3.128523117E1,-5.112019501E0,-2.675087128E0,8.050558777E0
3.129520717E1,-4.978497162E0,-2.580334167E0,7.864645386E0
3.130518417E1,-4.832700348E0,-2.472558289E0,7.683372345E0
3.131516017E1,-4.734354858E0,-2.426005096E0,7.605683899E0
3.132513617E1,-4.659211121E0,-2.473157043E0,7.646848297E0
3.133511317E1,-4.740342407E0,-2.548600159E0,7.833959198E0
3.134508917E1,-4.902155914E0,-2.700085144E0,8.098758545E0
3.135506617E1,-5.043911133E0,-2.878214722E0,8.301886139E0
3.136504217E1,-5.110821991E0,-3.014281769E0,8.384065247E0
3.137501817E1,-5.099445648E0,-3.050207062E0,8.394992523E0
3.138499517E1,-5.034630432E0,-2.976859589E0,8.286019135E0
3.139497117E1,-4.959636383E0,-2.886746979E0,8.177644501E0
3.140494717E1,-4.938829651E0,-2.796035614E0,8.120164032E0
3.141492417E1,-5.016667786E0,-2.715203705E0,8.069120178E0
3.142490017E1,-5.019062805E0,-2.676284637E0,7.946674805E0
3.143487717E1,-5.017865295E0,-2.676584015E0,7.791148224E0
3.144485317E1,-4.970114594E0,-2.662213898E0,7.728278961E0
3.145482917E1,-4.881498871E0,-2.653531952E0,7.676636353E0
3.146480617E1,-4.805307312E0,-2.738106079E0,7.714208221E0
3.147478217E1,-4.869972839E0,-2.812351685E0,7.918233948E0
3.148475817E1,-5.009482727E0,-2.861150208E0,8.135731659E0
3.149473517E1,-5.174439697E0,-2.871628418E0,8.206384735E0
3.150471117E1,-5.225782928E0,-2.843187561E0,8.114775238E0
3.151468817E1,-5.096751251E0,-2.724334717E0,7.898325348E0
3.152466417E1,-4.874912567E0,-2.595153351E0,7.667505341E0
3.153464017E1,-4.707560577E0,-2.529140625E0,7.633675690E0
3.154461717E1,-4.696782990E0,-2.523901520E0,7.809709625E0
3.155459317E1,-4.896018677E0,-2.582729187E0,8.098159790E0
3.156456917E1,-5.144501953E0,-2.706671448E0,8.388406219E0
3.157454617E1,-5.329966278E0,-2.807411957E0,8.471034393E0
3.158452217E1,-5.329816589E0,-2.820135498E0,8.330027618E0
3.159449917E1,-5.098098450E0,-2.752176819E0,8.064779205E0
3.160447517E1,-4.839436340E0,-2.699785767E0,7.867040405E0
3.161445117E1,-4.716092834E0,-2.664459229E0,7.832612000E0
3.162442817E1,-4.787494354E0,-2.675386505E0,7.926616516E0
3.163440417E1,-4.967869263E0,-2.713407440E0,8.060587921E0
3.164438150E1,-5.095104675E0,-2.817590790E0,8.092321930E0
3.165435750E1,-5.110372925E0,-2.894979858E0,8.058492279E0
3.166433350E1,-5.029541016E0,-2.926863556E0,8.043972473E0
3.167431050E1,-4.883145447E0,-2.945574646E0,8.025710449E0
3.168428650E1,-4.870122528E0,-2.893782349E0,8.044421539E0
3.169426250E1,-4.953948212E0,-2.749332733E0,8.049510956E0
3.170423950E1,-5.031187592E0,-2.674039307E0,7.926017761E0
3.171421550E1,-5.043312378E0,-2.612666931E0,7.755671997E0
3.172419250E1,-4.941524048E0,-2.540966034E0,7.598049774E0
3.173416850E1,-4.793631592E0,-2.537373505E0,7.526797943E0
3.174414450E1,-4.699627075E0,-2.612517242E0,7.653135223E0
3.175412150E1,-4.751868439E0,-2.728376312E0,7.960595856E0
3.176409750E1,-4.958289185E0,-2.842139740E0,8.337961121E0
3.177407350E1,-5.232069855E0,-2.939287720E0,8.533903656E0
3.178405050E1,-5.382507019E0,-3.010539551E0,8.502918091E0
3.179402650E1,-5.281616821E0,-2.959196320E0,8.254285126E0
3.180400350E1,-5.055886230E0,-2.807861023E0,7.962691498E0
3.181397950E1,-4.851112061E0,-2.708916779E0,7.798183594E0
3.182395550E1,-4.790787506E0,-2.668351135E0,7.811056824E0
3.183393250E1,-4.919819183E0,-2.644101562E0,7.918683014E0
3.184390850E1,-5.097948761E0,-2.688708801E0,7.981552277E0
3.185388550E1,-5.201832733E0,-2.773731995E0,7.980504456E0
3.186386150E1,-5.134921875E0,-2.834206238E0,7.929610291E0
3.187383750E1,-4.963378601E0,-2.861449585E0,7.880063324E0
3.188381450E1,-4.880301361E0,-2.842139740E0,7.857460327E0
3.189379050E1,-4.903952179E0,-2.786006470E0,7.893235931E0
3.190376650E1,-4.978197784E0,-2.718646545E0,7.904612274E0
3.191374350E1,-5.050796814E0,-2.641407166E0,7.828869781E0
3.192371950E1,-5.026547241E0,-2.610870667E0,7.736811218E0
3.193369650E1,-4.912035370E0,-2.642005920E0,7.708669739E0
3.194367250E1,-4.842130737E0,-2.731070709E0,7.851622467E0
3.195364850E1,-4.902006226E0,-2.799628143E0,8.133785706E0
3.196362550E1,-5.062472534E0,-2.838397522E0,8.395291901E0
3.197360150E1,-5.252128143E0,-2.869981842E0,8.486003265E0
3.198357750E1,-5.327271881E0,-2.889291687E0,8.361462250E0
3.199355450E1,-5.200036469E0,-2.811752930E0,8.106692047E0
3.200353050E1,-4.974305878E0,-2.698737946E0,7.806566162E0
3.201350750E1,-4.786596222E0,-2.665656738E0,7.661667480E0
3.202348350E1,-4.747078400E0,-2.640059967E0,7.720644836E0
3.203345950E1,-4.840035095E0,-2.651286621E0,7.874973907E0
3.204343650E1,-5.014422455E0,-2.733016663E0,7.982450409E0
3.205341250E1,-5.128634949E0,-2.866838379E0,8.040230255E0
3.206338950E1,-5.058131561E0,-2.916834412E0,7.995623016E0
3.207336550E1,-4.898264008E0,-2.880609741E0,7.867639160E0
3.208334150E1,-4.800666962E0,-2.804717560E0,7.747139740E0
3.209331850E1,-4.758903809E0,-2.694546661E0,7.667205963E0
3.210329450E1,-4.806504822E0,-2.635569305E0,7.659721527E0
3.211327050E1,-4.925058289E0,-2.676733704E0,7.797884216E0
3.212324750E1,-5.049000549E0,-2.771486664E0,8.000113678E0
3.213322350E1,-5.130580902E0,-2.880010986E0,8.196654968E0
3.214320050E1,-5.222639465E0,-2.966231689E0,8.349487152E0
3.215317650E1,-5.298531647E0,-2.974913635E0,8.482859802E0
3.216315250E1,-5.323379974E0,-2.947819977E0,8.455466766E0
3.217312950E1,-5.306016083E0,-2.825973358E0,8.286617889E0
3.218310550E1,-5.235063629E0,-2.684667206E0,8.029003601E0
3.219308250E1,-5.082081757E0,-2.572700043E0,7.769593048E0
3.220305850E1,-4.911137238E0,-2.524799652E0,7.580236816E0
3.221303450E1,-4.820126495E0,-2.549647980E0,7.586972809E0
3.222301150E1,-4.865931244E0,-2.627486115E0,7.772736511E0
3.223298750E1,-5.032983856E0,-2.780168610E0,7.950267334E0
3.224296350E1,-5.108426971E0,-2.896626434E0,8.013585663E0
3.225294050E1,-5.073848877E0,-2.843037872E0,7.920628967E0
3.226291650E1,-4.906796265E0,-2.740800476E0,7.717351685E0
3.227289350E1,-4.710404663E0,-2.676883392E0,7.529342651E0
3.228286950E1,-4.671934662E0,-2.650388489E0,7.568561096E0
3.229284550E1,-4.791236572E0,-2.683020630E0,7.769293671E0
3.230282250E1,-4.991819458E0,-2.812501373E0,8.086933136E0
3.231279850E1,-5.259013824E0,-2.943329315E0,8.394094391E0
3.232277550E1,-5.400769043E0,-3.046764221E0,8.552015991E0
3.233275150E1,-5.414839783E0,-3.088527374E0,8.528215485E0
3.234272750E1,-5.273084564E0,-3.015928345E0,8.376131744E0
3.235270450E1,-5.119803314E0,-2.849773865E0,8.138575745E0
3.236268050E1,-5.024750977E0,-2.657573547E0,7.867190094E0
3.237265650E1,-4.931045837E0,-2.569855957E0,7.662415924E0
3.238263350E1,-4.878056030E0,-2.592159576E0,7.633526001E0
3.239260950E1,-4.927153931E0,-2.663710785E0,7.738906860E0
3.240258650E1,-5.022954712E0,-2.765499115E0,7.868387604E0
3.241256250E1,-5.073998566E0,-2.876867523E0,7.875572662E0
3.242253850E1,-5.028942261E0,-2.866389313E0,7.770191803E0
3.243251550E1,-4.901557159E0,-2.808908844E0,7.665110321E0
3.244249150E1,-4.791535950E0,-2.732866974E0,7.565267944E0
3.245246850E1,-4.755011902E0,-2.737657013E0,7.561226349E0
3.246244450E1,-4.843627625E0,-2.770738220E0,7.737559662E0
3.247242050E1,-5.020859070E0,-2.849624176E0,7.998916168E0
3.248239750E1,-5.198838959E0,-2.921175385E0,8.230334930E0
3.249237350E1,-5.351970520E0,-2.994223480E0,8.390651550E0
3.250234950E1,-5.403912506E0,-3.021317139E0,8.481063538E0
3.251232650E1,-5.366190948E0,-2.976260834E0,8.459059296E0
3.252230250E1,-5.308710480E0,-2.840044098E0,8.315058746E0
3.253227950E1,-5.233566742E0,-2.645598450E0,8.070766754E0
3.254225550E1,-5.121898956E0,-2.498005371E0,7.781268768E0
3.255223150E1,-5.020559692E0,-2.424957275E0,7.571255493E0
3.256220850E1,-4.945266266E0,-2.426603851E0,7.551496582E0
3.257218450E1,-4.935087433E0,-2.554737396E0,7.654482422E0
3.258216150E1,-4.988825684E0,-2.722538452E0,7.775879974E0
3.259213750E1,-5.005441132E0,-2.826272736E0,7.791597290E0
3.260211350E1,-5.002746735E0,-2.893033905E0,7.740403748E0
3.261209050E1,-4.905000000E0,-2.911445618E0,7.655979309E0
3.262206650E1,-4.780758362E0,-2.923720093E0,7.668553162E0
3.263204250E1,-4.880900116E0,-2.892435150E0,7.851323090E0
3.264201992E1,-5.038372650E0,-2.930306396E0,8.117918701E0
3.265199592E1,-5.234764252E0,-2.980452118E0,8.362659760E0
3.266197292E1,-5.462141418E0,-2.972069550E0,8.502618713E0
3.267194892E1,-5.533243561E0,-2.932402039E0,8.480015717E0
3.268192492E1,-5.469476166E0,-2.853216705E0,8.285570068E0
3.269190192E1,-5.300327911E0,-2.687960358E0,8.040978699E0
3.270187792E1,-5.135221252E0,-2.541714478E0,7.815397797E0
3.271185492E1,-5.065316620E0,-2.475252686E0,7.652686157E0
3.272183092E1,-5.071603546E0,-2.470911713E0,7.636519775E0
3.273180692E1,-5.130880280E0,-2.586172028E0,7.747588806E0
3.274178392E1,-5.251679077E0,-2.751578064E0,7.911497955E0
3.275175992E1,-5.275180206E0,-2.895578613E0,7.998766479E0
3.276173692E1,-5.239703979E0,-2.918630676E0,7.906408539E0
3.277171292E1,-5.109774170E0,-2.799029388E0,7.714956665E0
3.278168892E1,-4.936734009E0,-2.650987244E0,7.477849731E0
3.279166592E1,-4.839735718E0,-2.553390198E0,7.344626770E0
3.280164192E1,-4.860692139E0,-2.499502258E0,7.432943115E0
3.281161792E1,-4.995711365E0,-2.552492065E0,7.649991760E0
3.282159492E1,-5.167853394E0,-2.693947906E0,7.904612274E0
3.283157092E1,-5.311853943E0,-2.820883942E0,8.096213837E0
3.284154792E1,-5.430108032E0,-2.847229156E0,8.186326447E0
3.285152392E1,-5.413941650E0,-2.844684448E0,8.134534149E0
3.286149992E1,-5.309458923E0,-2.800376587E0,8.041427765E0
3.287147692E1,-5.252726898E0,-2.651585999E0,7.938741302E0
3.288145292E1,-5.190456390E0,-2.546205139E0,7.863148499E0
3.289142992E1,-5.197042694E0,-2.547702026E0,7.808661804E0
3.290140592E1,-5.249433746E0,-2.581831055E0,7.845335541E0
3.291138192E1,-5.318140869E0,-2.640808411E0,7.924071808E0
3.292135892E1,-5.353018341E0,-2.725382538E0,7.931406555E0
3.293133492E1,-5.271587677E0,-2.752925262E0,7.819439392E0
3.294131092E1,-5.156177673E0,-2.701731720E0,7.646698608E0
3.295128792E1,-4.982089691E0,-2.611918488E0,7.450157318E0
3.296126392E1,-4.829706573E0,-2.555485840E0,7.355853424E0
3.297124092E1,-4.808001709E0,-2.599793701E0,7.418872375E0
3.298121692E1,-4.966522064E0,-2.677781525E0,7.644303589E0
3.299119292E1,-5.117707672E0,-2.803220673E0,7.930209045E0
3.300116992E1,-5.250182190E0,-2.951711884E0,8.154891815E0
3.301114592E1,-5.354066162E0,-2.996169434E0,8.279881897E0
3.302112292E1,-5.387596436E0,-2.961890717E0,8.287066956E0
3.303109892E1,-5.373675385E0,-2.885100403E0,8.181686096E0
3.304107492E1,-5.304369507E0,-2.775528259E0,8.069868622E0
3.305105192E1,-5.313949585E0,-2.680475922E0,8.002059631E0
3.306102792E1,-5.325475616E0,-2.605032806E0,7.943381653E0
3.307100392E1,-5.306165771E0,-2.618355103E0,7.858807526E0
3.308098092E1,-5.280718689E0,-2.645897827E0,7.834108887E0
3.309095692E1,-5.241649933E0,-2.693049774E0,7.826025696E0
3.310093392E1,-5.209466858E0,-2.734513550E0,7.817493439E0
3.311090992E1,-5.140310669E0,-2.720143433E0,7.747738495E0
3.312088592E1,-5.007087708E0,-2.664309540E0,7.574548645E0
3.313086292E1,-4.914430389E0,-2.595752106E0,7.404053192E0
3.314083892E1,-4.793481903E0,-2.572101288E0,7.320377197E0
3.315081592E1,-4.809648285E0,-2.628084869E0,7.416926422E0
3.316079192E1,-4.949607239E0,-2.701132965E0,7.634424133E0
3.317076792E1,-5.051844635E0,-2.823578339E0,7.886949005E0
3.318074492E1,-5.193599854E0,-2.955903168E0,8.128097534E0
3.319072092E1,-5.326523438E0,-3.007994843E0,8.303233337E0
3.320069792E1,-5.404511261E0,-3.031046906E0,8.401578827E0
3.321067392E1,-5.478158112E0,-2.978655853E0,8.375832367E0
3.322064992E1,-5.379513245E0,-2.827170868E0,8.231083374E0
3.323062692E1,-5.298082581E0,-2.679128723E0,8.015232239E0
3.324060292E1,-5.190606079E0,-2.545756073E0,7.822433167E0
3.325057892E1,-5.108426971E0,-2.509381714E0,7.726931763E0
3.326055592E1,-5.096152496E0,-2.570754089E0,7.751480713E0
3.327053192E1,-5.090464325E0,-2.660567322E0,7.835905151E0
3.328050892E1,-5.109025726E0,-2.766996002E0,7.896080017E0
3.329048492E1,-5.081333313E0,-2.846480713E0,7.857610016E0
3.330046092E1,-5.012326813E0,-2.832709351E0,7.747588806E0
3.331043792E1,-4.910239105E0,-2.797682190E0,7.606731720E0
3.332041392E1,-4.835394745E0,-2.779420166E0,7.513026581E0
3.333039092E1,-4.847070465E0,-2.740201721E0,7.541317749E0
3.334036692E1,-4.950804749E0,-2.757864990E0,7.703580322E0
3.335034292E1,-5.134023743E0,-2.833607483E0,7.962691498E0
3.336031992E1,-5.280269623E0,-2.918331299E0,8.201594696E0
3.337029592E1,-5.461991730E0,-2.941682739E0,8.359067230E0
3.338027292E1,-5.584437103E0,-2.913990326E0,8.412506104E0
3.339024892E1,-5.566025391E0,-2.840343475E0,8.317753143E0
3.340022492E1,-5.445376282E0,-2.674638062E0,8.108338623E0
3.341020192E1,-5.279072113E0,-2.514920197E0,7.846233673E0
3.342017792E1,-5.133874054E0,-2.417622528E0,7.647297363E0
3.343015492E1,-5.040019226E0,-2.450703735E0,7.582332458E0
3.344013092E1,-5.021757202E0,-2.540666656E0,7.685917053E0
3.345010692E1,-5.058430939E0,-2.678230591E0,7.834408264E0
3.346008392E1,-5.123994598E0,-2.819087677E0,7.920778656E0
3.347005992E1,-5.103187866E0,-2.858605499E0,7.864495697E0
3.348003592E1,-4.985083466E0,-2.833308105E0,7.679330750E0
3.349001292E1,-4.862937469E0,-2.750679932E0,7.567812653E0
3.349998892E1,-4.752317505E0,-2.686313782E0,7.511829071E0
3.350996592E1,-4.832251282E0,-2.693798218E0,7.634873199E0
3.351994192E1,-5.055736542E0,-2.736160126E0,7.884404297E0
3.352991792E1,-5.276377716E0,-2.843936005E0,8.140671387E0
3.353989492E1,-5.519771576E0,-2.911744995E0,8.343649292E0
3.354987092E1,-5.674849091E0,-2.957849121E0,8.442443848E0
3.355984792E1,-5.661227417E0,-2.892285461E0,8.360564117E0
3.356982392E1,-5.543422394E0,-2.717449036E0,8.121062164E0
3.357979992E1,-5.314248962E0,-2.560724945E0,7.815547485E0
3.358977692E1,-5.178032227E0,-2.417921906E0,7.598947906E0
3.359975292E1,-5.094056854E0,-2.385738831E0,7.544461212E0
3.360972992E1,-5.104984131E0,-2.440824280E0,7.594457245E0
3.361970592E1,-5.129084015E0,-2.508932648E0,7.706125031E0
3.362968192E1,-5.132676544E0,-2.634222107E0,7.735913086E0
3.363965867E1,-5.034031677E0,-2.668051758E0,7.643555145E0
3.364963467E1,-4.876259766E0,-2.733615417E0,7.571105804E0
3.365961067E1,-4.819378052E0,-2.783910828E0,7.625293121E0
3.366958767E1,-4.850363617E0,-2.831362152E0,7.772886200E0
3.367956367E1,-5.024152222E0,-2.897674255E0,7.939040680E0
3.368954067E1,-5.231321411E0,-2.952460327E0,8.101003876E0
3.369951667E1,-5.358107758E0,-2.973416748E0,8.199049988E0
3.370949267E1,-5.455255737E0,-2.999013519E0,8.281079407E0
3.371946967E1,-5.489235077E0,-2.950364685E0,8.279432831E0
3.372944567E1,-5.434299316E0,-2.831661530E0,8.186476135E0
3.373942267E1,-5.343138885E0,-2.696642303E0,7.957602081E0
3.374939867E1,-5.216352539E0,-2.555635529E0,7.740403748E0
3.375937467E1,-5.125940552E0,-2.477947083E0,7.628436584E0
3.376935167E1,-5.062921600E0,-2.476150818E0,7.577243042E0
3.377932767E1,-4.994962921E0,-2.540966034E0,7.596253510E0
3.378930467E1,-4.972359924E0,-2.617756348E0,7.645052032E0
3.379928067E1,-4.941374359E0,-2.682272186E0,7.666457520E0
3.380925667E1,-4.900659027E0,-2.718945923E0,7.671996002E0
3.381923367E1,-4.907544708E0,-2.806663513E0,7.700436859E0
3.382920967E1,-4.936284943E0,-2.858755188E0,7.812703400E0
3.383918667E1,-5.027445374E0,-2.891537018E0,7.949518890E0
3.384916267E1,-5.178032227E0,-2.934497681E0,8.044122162E0
3.385913867E1,-5.317841492E0,-2.945574646E0,8.150999908E0
3.386911567E1,-5.439688110E0,-2.921923828E0,8.231233063E0
3.387909167E1,-5.520819397E0,-2.900817719E0,8.248896332E0
3.388906767E1,-5.507646790E0,-2.811004486E0,8.164022827E0
3.389904467E1,-5.413342896E0,-2.694846039E0,7.986492004E0
3.390902067E1,-5.278772736E0,-2.575244751E0,7.768994293E0
3.391899767E1,-5.145549774E0,-2.478246460E0,7.615263977E0
3.392897367E1,-5.062771912E0,-2.470911713E0,7.543563080E0
3.393894967E1,-4.988077240E0,-2.527344360E0,7.561675415E0
3.394892667E1,-4.941224670E0,-2.644101562E0,7.636819153E0
3.395890267E1,-4.956492920E0,-2.741099854E0,7.732769623E0
3.396887967E1,-4.960833893E0,-2.797233124E0,7.776628418E0
3.397885567E1,-4.953798523E0,-2.919229431E0,7.804620209E0
3.398883167E1,-5.026397552E0,-2.961741028E0,7.920928345E0
3.399880867E1,-5.115911407E0,-2.950963440E0,8.042774963E0
3.400878467E1,-5.181624756E0,-2.964585114E0,8.097411346E0
3.401876167E1,-5.353168030E0,-2.940036163E0,8.184380493E0
3.402873767E1,-5.491630096E0,-2.869233398E0,8.259374542E0
3.403871367E1,-5.539231110E0,-2.822979584E0,8.209378510E0
3.404869067E1,-5.497917023E0,-2.724484406E0,8.034691772E0
3.405866667E1,-5.324577484E0,-2.630180511E0,7.840395813E0
3.406864367E1,-5.144801331E0,-2.558778992E0,7.688162384E0
3.407861967E1,-5.031037903E0,-2.487826538E0,7.598798218E0
3.408859567E1,-4.994962921E0,-2.472558289E0,7.596253510E0
3.409857267E1,-4.992567902E0,-2.565365295E0,7.674840088E0
3.410854867E1,-4.982239380E0,-2.709665222E0,7.776628418E0
3.411852567E1,-4.943470001E0,-2.784659271E0,7.827522583E0
3.412850167E1,-4.944068756E0,-2.815944214E0,7.808362427E0
3.413847767E1,-4.914280701E0,-2.834804993E0,7.795638885E0
3.414845467E1,-4.885540466E0,-2.852019196E0,7.839198303E0
3.415843067E1,-5.009033661E0,-2.856509857E0,7.999065857E0
3.416840767E1,-5.191953278E0,-2.869083710E0,8.174051971E0
3.417838367E1,-5.339845734E0,-2.899171143E0,8.253386993E0
3.418835967E1,-5.473068695E0,-2.880160675E0,8.273445282E0
3.419833667E1,-5.547164612E0,-2.811603241E0,8.206235046E0
3.420831267E1,-5.416636047E0,-2.765050049E0,7.978857880E0
3.421828867E1,-5.230722656E0,-2.683769073E0,7.762857056E0
3.422826567E1,-5.135370941E0,-2.557431793E0,7.655380554E0
3.423824167E1,-5.049898682E0,-2.488724670E0,7.585176544E0
3.424821867E1,-5.044958954E0,-2.517315216E0,7.569309540E0
3.425819467E1,-5.088668060E0,-2.613864441E0,7.651788025E0
3.426817067E1,-5.100942535E0,-2.710413666E0,7.742499390E0
3.427814767E1,-5.062622223E0,-2.790048065E0,7.758965149E0
3.428812367E1,-4.985682220E0,-2.788850555E0,7.734565887E0
3.429810067E1,-4.927752686E0,-2.800825653E0,7.729775848E0
3.430807667E1,-4.965174866E0,-2.836301880E0,7.853718109E0
3.431805267E1,-5.104834442E0,-2.856360168E0,8.012537842E0
3.432802967E1,-5.303471375E0,-2.891836395E0,8.198002167E0
3.433800567E1,-5.486091614E0,-2.902913361E0,8.300688629E0
3.434798267E1,-5.524860992E0,-2.896925812E0,8.272247772E0
3.435795867E1,-5.516927490E0,-2.834505615E0,8.121062164E0
3.436793467E1,-5.366041260E0,-2.768642578E0,7.908055115E0
3.437791167E1,-5.203778687E0,-2.687660980E0,7.716303864E0
3.438788767E1,-5.085374908E0,-2.558180237E0,7.588170319E0
3.439786467E1,-5.043611755E0,-2.508184204E0,7.525750122E0
3.440784067E1,-5.072501678E0,-2.540816345E0,7.528444519E0
3.441781667E1,-5.068310394E0,-2.678829346E0,7.618856506E0
3.442779367E1,-5.069956970E0,-2.774330750E0,7.716603241E0
3.443776967E1,-5.028642883E0,-2.808908844E0,7.760462036E0
3.444774667E1,-4.976700897E0,-2.865341492E0,7.775580597E0
3.445772267E1,-4.980143738E0,-2.883453827E0,7.827672272E0
3.446769867E1,-5.048701172E0,-2.857407990E0,7.955207062E0
3.447767567E1,-5.167554016E0,-2.858605499E0,8.070317688E0
3.448765167E1,-5.291496277E0,-2.856509857E0,8.136480103E0
3.449762867E1,-5.339396667E0,-2.851420441E0,8.161777496E0
3.450760467E1,-5.344486084E0,-2.838547211E0,8.163424072E0
3.451758067E1,-5.325774994E0,-2.782413940E0,8.117918701E0
3.452755767E1,-5.252577209E0,-2.714155884E0,7.972421265E0
3.453753367E1,-5.154531097E0,-2.689906311E0,7.817194061E0
3.454751067E1,-5.116959229E0,-2.661315765E0,7.715256042E0
3.455748667E1,-5.061275024E0,-2.660267944E0,7.670648804E0
3.456746267E1,-5.008135529E0,-2.692001953E0,7.635022888E0
3.457743967E1,-4.996609497E0,-2.700534210E0,7.642357635E0
3.458741567E1,-4.988975372E0,-2.741997986E0,7.668702850E0
3.459739267E1,-4.977000275E0,-2.791694641E0,7.692353668E0
3.460736867E1,-4.978497162E0,-2.817291412E0,7.787855072E0
3.461734467E1,-5.049748993E0,-2.824177094E0,7.902816010E0
3.462732167E1,-5.153333588E0,-2.840942230E0,8.011939087E0
3.463729767E1,-5.235213318E0,-2.810854797E0,8.070916443E0
3.464727463E1,-5.299429779E0,-2.764002228E0,8.105793915E0
3.465725063E1,-5.377267914E0,-2.711162109E0,8.146060181E0
3.466722662E1,-5.367238770E0,-2.742596741E0,8.120762787E0
3.467720362E1,-5.294490051E0,-2.797981567E0,8.078999634E0
3.468717963E1,-5.178331604E0,-2.819536743E0,7.981402588E0
3.469715663E1,-4.964276733E0,-2.825075226E0,7.797584839E0
3.470713262E1,-4.888683929E0,-2.828817444E0,7.718249817E0
3.471710862E1,-5.017865295E0,-2.841391296E0,7.747289429E0
3.472708563E1,-5.029690704E0,-2.784958649E0,7.768395538E0
3.473706163E1,-5.098697205E0,-2.777025146E0,7.696245575E0
3.474703762E1,-5.124743042E0,-2.778372345E0,7.664062500E0
3.475701463E1,-5.072651367E0,-2.748733978E0,7.699838104E0
3.476699063E1,-5.097350006E0,-2.752775574E0,7.754324799E0
3.477696763E1,-5.148693237E0,-2.824326782E0,7.810607758E0
3.478694362E1,-5.269042969E0,-2.910547485E0,7.920479279E0
3.479691963E1,-5.406008148E0,-2.967728577E0,8.035739594E0
3.480689663E1,-5.432053986E0,-2.987487488E0,8.130791931E0
3.481687262E1,-5.484594727E0,-2.984793091E0,8.184979248E0
3.482684962E1,-5.514831848E0,-2.902613983E0,8.165070648E0
3.483682563E1,-5.421126709E0,-2.788251801E0,8.019872589E0
3.484680163E1,-5.257217560E0,-2.645748138E0,7.782466278E0
3.485677862E1,-5.024601288E0,-2.464475098E0,7.515271912E0
3.486675462E1,-4.835993500E0,-2.428549805E0,7.400460663E0
3.487673163E1,-4.765340424E0,-2.497556305E0,7.456444244E0
3.488670763E1,-4.787344666E0,-2.646945648E0,7.638914795E0
3.489668362E1,-4.930147705E0,-2.815345459E0,7.840246124E0
3.490666063E1,-5.062472534E0,-2.912493439E0,7.953410797E0
3.491663663E1,-5.103337555E0,-2.943928070E0,7.943980408E0
3.492661362E1,-5.081483002E0,-2.934647369E0,7.899672546E0
3.493658962E1,-5.055886230E0,-2.902913361E0,7.907156982E0
3.494656563E1,-5.075495453E0,-2.883902893E0,7.971972198E0
3.495654263E1,-5.195396118E0,-2.838996277E0,8.079299011E0
3.496651862E1,-5.365741882E0,-2.821782074E0,8.184530182E0
3.497649562E1,-5.492977295E0,-2.817141724E0,8.252488861E0
3.498647163E1,-5.529800720E0,-2.781366119E0,8.195307770E0
3.499644763E1,-5.422024841E0,-2.687810669E0,7.979157257E0
3.500642462E1,-5.192102966E0,-2.611170044E0,7.626939697E0
3.501640062E1,-4.974754944E0,-2.548450470E0,7.364086304E0
3.502637763E1,-4.857698364E0,-2.564916229E0,7.332801361E0
3.503635363E1,-4.866380310E0,-2.639610901E0,7.445067902E0
3.504632962E1,-4.999453583E0,-2.760260010E0,7.665409698E0
3.505630663E1,-5.169949036E0,-2.932701416E0,7.890092468E0
3.506628263E1,-5.235812073E0,-3.026256866E0,7.955955505E0
3.507625962E1,-5.191653900E0,-3.059787140E0,7.887547760E0
3.508623562E1,-5.109923859E0,-3.012186127E0,7.850874023E0
3.509621163E1,-5.124743042E0,-2.928959198E0,7.920179901E0
3.510618863E1,-5.248385925E0,-2.886597290E0,8.061486053E0
3.511616462E1,-5.427263947E0,-2.866389313E0,8.160280609E0
3.512614162E1,-5.581892395E0,-2.810256042E0,8.173752594E0
3.513611763E1,-5.633684692E0,-2.763852539E0,8.120014343E0
3.514609363E1,-5.463937683E0,-2.667752380E0,7.891439667E0
3.515607062E1,-5.184468842E0,-2.573897552E0,7.618856506E0
3.516604663E1,-5.009931793E0,-2.490670624E0,7.465425568E0
3.517602363E1,-4.877457275E0,-2.494562531E0,7.436385956E0
3.518599963E1,-4.822820892E0,-2.603386230E0,7.555388489E0
3.519597562E1,-4.907395020E0,-2.721041565E0,7.781867523E0
3.520595263E1,-5.040917358E0,-2.851570129E0,7.991431732E0
3.521592863E1,-5.133724365E0,-2.957699432E0,8.026159515E0
3.522590562E1,-5.142705688E0,-2.970872040E0,7.958649902E0
3.523588162E1,-5.057532806E0,-2.934647369E0,7.904761963E0
3.524585763E1,-5.073699188E0,-2.880609741E0,7.925119629E0
3.525583463E1,-5.137915649E0,-2.846630402E0,8.027806091E0
3.526581062E1,-5.282365265E0,-2.837200012E0,8.158783722E0
3.527578762E1,-5.485043793E0,-2.822380829E0,8.221203918E0
3.528576363E1,-5.530249786E0,-2.775228882E0,8.143066406E0
3.529573963E1,-5.399122467E0,-2.739902344E0,7.906408539E0
3.530571662E1,-5.202730865E0,-2.685265961E0,7.670050049E0
3.531569263E1,-4.985532532E0,-2.634222107E0,7.525750122E0
3.532566963E1,-4.836143188E0,-2.639610901E0,7.458539886E0
3.533564563E1,-4.830604706E0,-2.678529968E0,7.520361328E0
3.534562162E1,-4.974006500E0,-2.778072968E0,7.752977600E0
3.535559863E1,-5.154531097E0,-2.915038147E0,7.981552277E0
3.536557463E1,-5.229824524E0,-3.036136322E0,8.070167999E0
3.537555162E1,-5.272785187E0,-3.051105194E0,8.053253174E0
3.538552762E1,-5.193300476E0,-2.986289978E0,7.973768463E0
3.539550363E1,-5.128634949E0,-2.902464294E0,7.893235931E0
3.540548063E1,-5.221441956E0,-2.824626160E0,7.957302704E0
3.541545662E1,-5.341043243E0,-2.802172852E0,8.033344574E0
3.542543363E1,-5.444029083E0,-2.818638611E0,8.082891541E0
3.543540963E1,-5.521268463E0,-2.792892151E0,8.044720917E0
3.544538563E1,-5.403014374E0,-2.740201721E0,7.855664063E0
3.545536262E1,-5.223687286E0,-2.688559113E0,7.659122772E0
3.546533863E1,-5.024451599E0,-2.659669189E0,7.540718994E0
3.547531563E1,-4.940176849E0,-2.572250977E0,7.508685608E0
3.548529162E1,-4.909790039E0,-2.599644012E0,7.486381989E0
3.549526762E1,-4.902305603E0,-2.695893860E0,7.558681641E0
3.550524463E1,-4.969066772E0,-2.821931763E0,7.774233398E0
3.551522063E1,-5.080734558E0,-2.933898926E0,7.970175934E0
3.552519762E1,-5.151088257E0,-3.000360718E0,7.992030487E0
3.553517362E1,-5.195246429E0,-2.979553986E0,7.963140564E0
3.554515063E1,-5.168302460E0,-2.884501648E0,7.912994843E0
3.555512663E1,-5.161716156E0,-2.842289429E0,7.919132080E0
3.556510262E1,-5.281018066E0,-2.841091919E0,8.017776947E0
3.557507963E1,-5.409900055E0,-2.811752930E0,8.162975006E0
3.558505563E1,-5.511688385E0,-2.795436859E0,8.162675629E0
3.559503163E1,-5.497917023E0,-2.750081177E0,7.967930603E0
3.560500862E1,-5.317242737E0,-2.674937439E0,7.726931763E0
3.561498463E1,-5.101391602E0,-2.613714752E0,7.525450745E0
3.562496163E1,-4.893174591E0,-2.615960083E0,7.449708252E0
3.563493762E1,-4.836592255E0,-2.639311523E0,7.494465179E0
3.564491475E1,-4.903652802E0,-2.749183044E0,7.629035339E0
3.565489075E1,-5.033283234E0,-2.902613983E0,7.833809509E0
3.566486675E1,-5.198988647E0,-3.035238190E0,8.028404846E0
3.567484375E1,-5.246589661E0,-3.054548035E0,8.079897766E0
3.568481975E1,-5.191953278E0,-3.022963715E0,7.976762238E0
3.569479675E1,-5.145549774E0,-2.947670288E0,7.880662079E0
3.570477275E1,-5.115761719E0,-2.855462036E0,7.903265076E0
3.571474875E1,-5.221741333E0,-2.839595032E0,8.031997375E0
3.572472575E1,-5.373376007E0,-2.824476471E0,8.140222321E0
3.573470175E1,-5.504802704E0,-2.790946198E0,8.173004150E0
3.574467875E1,-5.538931732E0,-2.744991760E0,8.031248932E0
3.575465475E1,-5.288652191E0,-2.655777283E0,7.724536743E0
3.576463075E1,-5.011129303E0,-2.571352844E0,7.446564789E0
3.577460775E1,-4.846172333E0,-2.524799652E0,7.366631012E0
3.578458375E1,-4.757406921E0,-2.606679382E0,7.469916229E0
3.579456075E1,-4.898413696E0,-2.736160126E0,7.712711334E0
3.580453675E1,-5.114713898E0,-2.844834137E0,7.970924377E0
3.581451275E1,-5.206622772E0,-2.950214996E0,8.073161774E0
3.582448975E1,-5.260810089E0,-3.038830719E0,8.087681580E0
3.583446575E1,-5.203179932E0,-2.989583130E0,8.026907959E0
3.584444275E1,-5.142705688E0,-2.935695190E0,7.977211304E0
3.585441875E1,-5.191504211E0,-2.843636627E0,7.957602081E0
3.586439475E1,-5.224735107E0,-2.778372345E0,7.965535583E0
3.587437175E1,-5.340893555E0,-2.777623901E0,8.031398621E0
3.588434775E1,-5.433700562E0,-2.767295380E0,8.055498505E0
3.589432475E1,-5.374274139E0,-2.752775574E0,7.941735077E0
3.590430075E1,-5.204377441E0,-2.723137207E0,7.694449310E0
3.591427675E1,-4.988526306E0,-2.642454987E0,7.485184479E0
3.592425375E1,-4.804109802E0,-2.645149384E0,7.416926422E0
3.593422975E1,-4.763394470E0,-2.731519775E0,7.512876892E0
3.594420675E1,-4.860542450E0,-2.839894409E0,7.768245850E0
3.595418275E1,-5.068160706E0,-2.969973907E0,8.006250916E0
3.596415875E1,-5.205574951E0,-3.051105194E0,8.089178467E0
3.597413575E1,-5.230423279E0,-3.039728851E0,8.069569244E0
3.598411175E1,-5.158572693E0,-2.991080017E0,7.938441925E0
3.599408875E1,-5.078489227E0,-2.942431183E0,7.878267059E0
3.600406475E1,-5.124743042E0,-2.857407990E0,7.954907684E0
3.601404075E1,-5.193450165E0,-2.823278961E0,8.035440216E0
3.602401775E1,-5.342540131E0,-2.799029388E0,8.114326172E0
3.603399375E1,-5.469476166E0,-2.793790283E0,8.124505005E0
3.604397075E1,-5.451812897E0,-2.769690399E0,8.005053406E0
3.605394675E1,-5.231620789E0,-2.732717285E0,7.690707092E0
3.606392275E1,-4.954097900E0,-2.692451019E0,7.450157318E0
3.607389975E1,-4.792733459E0,-2.636916504E0,7.382348328E0
3.608387575E1,-4.752317505E0,-2.693947906E0,7.465575256E0
3.609385275E1,-4.952900391E0,-2.762804718E0,7.752229156E0
3.610382875E1,-5.217250671E0,-2.904410248E0,8.023016052E0
3.611380475E1,-5.375920715E0,-3.034489746E0,8.102650452E0
3.612378175E1,-5.400469666E0,-3.042722626E0,8.003855896E0
3.613375775E1,-5.247637482E0,-2.985391846E0,7.840096436E0
3.614373475E1,-5.140759735E0,-2.883154449E0,7.796387329E0
3.615371075E1,-5.184169464E0,-2.793191528E0,7.880811768E0
3.616368775E1,-5.297034760E0,-2.760709076E0,8.004604340E0
3.617366375E1,-5.504653015E0,-2.754571838E0,8.106392670E0
3.618363975E1,-5.592520294E0,-2.724484406E0,8.069868622E0
3.619361675E1,-5.391039276E0,-2.711611176E0,7.797734528E0
3.620359275E1,-5.112618256E0,-2.709365845E0,7.461683350E0
3.621356975E1,-4.870122528E0,-2.684816895E0,7.340884552E0
3.622354575E1,-4.717589722E0,-2.750679932E0,7.400310974E0
3.623352175E1,-4.812941437E0,-2.859353943E0,7.620203705E0
3.624349875E1,-5.064418488E0,-2.950214996E0,7.962541809E0
3.625347475E1,-5.300327911E0,-3.084336090E0,8.184679871E0
3.626345175E1,-5.395529938E0,-3.175197144E0,8.164022827E0
3.627342775E1,-5.292244720E0,-3.127296753E0,8.013585663E0
3.628340375E1,-5.193150787E0,-2.944826202E0,7.842341766E0
3.629338075E1,-5.066214752E0,-2.796035614E0,7.753127289E0
3.630335675E1,-5.116510162E0,-2.740501099E0,7.872878265E0
3.631333375E1,-5.320086823E0,-2.701731720E0,8.047415314E0
3.632330975E1,-5.416636047E0,-2.655028839E0,8.079897766E0
3.633328575E1,-5.451064453E0,-2.659519501E0,7.930209045E0
3.634326275E1,-5.245092773E0,-2.653082886E0,7.677235107E0
3.635323875E1,-4.941673737E0,-2.616858215E0,7.495063934E0
3.636321575E1,-4.759801941E0,-2.655477905E0,7.460934906E0
3.637319175E1,-4.695884857E0,-2.728376312E0,7.584877167E0
3.638316775E1,-4.826413422E0,-2.839744720E0,7.890541534E0
3.639314475E1,-5.135071564E0,-2.971919861E0,8.198900299E0
3.640312075E1,-5.288203125E0,-3.037034454E0,8.283923492E0
3.641309775E1,-5.324278107E0,-3.053799591E0,8.165968781E0
3.642307375E1,-5.206772461E0,-2.973716125E0,7.968229980E0
3.643304975E1,-5.053491211E0,-2.798730011E0,7.803871765E0
3.644302675E1,-5.040617981E0,-2.702779541E0,7.742200012E0
3.645300275E1,-5.152734833E0,-2.667752380E0,7.836354218E0
3.646297975E1,-5.343737640E0,-2.721490631E0,7.977510681E0
3.647295575E1,-5.495821381E0,-2.764900360E0,8.009095001E0
3.648293275E1,-5.470673676E0,-2.763852539E0,7.832612000E0
3.649290875E1,-5.198988647E0,-2.805016937E0,7.522456970E0
3.650288475E1,-4.926106110E0,-2.777324524E0,7.352560272E0
3.651286175E1,-4.782554626E0,-2.779569855E0,7.442972260E0
3.652283775E1,-4.844226379E0,-2.868484955E0,7.706574097E0
3.653281475E1,-5.100044403E0,-2.938389587E0,8.024812317E0
3.654279075E1,-5.308860168E0,-3.016227722E0,8.193361816E0
3.655276675E1,-5.419480133E0,-3.072959747E0,8.165370026E0
3.656274375E1,-5.362897797E0,-3.065026245E0,8.029452667E0
3.657271975E1,-5.219945068E0,-3.023412781E0,7.910150757E0
3.658269675E1,-5.143454132E0,-2.931952972E0,7.871980133E0
3.659267275E1,-5.188959503E0,-2.852019196E0,7.924520874E0
3.660264875E1,-5.316943359E0,-2.787054291E0,7.991731110E0
3.661262575E1,-5.436694336E0,-2.763553162E0,8.012687531E0
3.662260175E1,-5.421725464E0,-2.745590515E0,7.846533051E0
3.663257875E1,-5.224286041E0,-2.733316040E0,7.568411407E0
3.664255467E1,-4.925806732E0,-2.689606934E0,7.352410583E0
3.665253067E1,-4.658462677E0,-2.715652771E0,7.295678558E0
3.666250767E1,-4.650379486E0,-2.809956665E0,7.493866425E0
3.667248367E1,-4.880451050E0,-2.916535034E0,7.927514648E0
3.668246067E1,-5.210814056E0,-3.041824493E0,8.279432831E0
3.669243667E1,-5.497767334E0,-3.100801849E0,8.343649292E0
3.670241367E1,-5.477409668E0,-3.041824493E0,8.165669403E0
3.671238967E1,-5.237308960E0,-2.931653595E0,7.863447876E0
3.672236567E1,-5.043162689E0,-2.749632111E0,7.673343201E0
3.673234267E1,-5.028493195E0,-2.607427826E0,7.709567871E0
3.674231867E1,-5.177283783E0,-2.594853973E0,7.793692932E0
3.675229567E1,-5.397625580E0,-2.626887360E0,7.933502197E0
3.676227167E1,-5.535788269E0,-2.687062225E0,7.990084534E0
3.677224767E1,-5.441484375E0,-2.731968842E0,7.794890442E0
3.678222467E1,-5.134772186E0,-2.771935730E0,7.527696075E0
3.679220067E1,-4.886588287E0,-2.770887909E0,7.395371246E0
3.680217767E1,-4.726121979E0,-2.849324799E0,7.487579498E0
3.681215367E1,-4.851710815E0,-2.995720367E0,7.801925812E0
3.682212967E1,-5.168601837E0,-3.097808075E0,8.195008392E0
3.683210667E1,-5.456752625E0,-3.161126404E0,8.334368591E0
3.684208267E1,-5.526208191E0,-3.121907959E0,8.124954071E0
3.685205967E1,-5.277575226E0,-2.961291962E0,7.769143982E0
3.686203567E1,-5.075345764E0,-2.804118805E0,7.594457245E0
3.687201167E1,-5.011728058E0,-2.740501099E0,7.655081177E0
3.688198867E1,-5.126389618E0,-2.743195496E0,7.862699432E0
3.689196467E1,-5.374423828E0,-2.756817169E0,8.026458893E0
3.690194167E1,-5.551655273E0,-2.740800476E0,8.031997375E0
3.691191767E1,-5.497467957E0,-2.754871216E0,7.854616241E0
3.692189467E1,-5.172044678E0,-2.757864990E0,7.530091095E0
3.693187067E1,-4.885390778E0,-2.700534210E0,7.369325409E0
3.694184667E1,-4.670587463E0,-2.743045807E0,7.418273621E0
3.695182367E1,-4.689747620E0,-2.846331024E0,7.692353668E0
3.696179967E1,-4.981940002E0,-2.917283478E0,8.091124420E0
3.697177667E1,-5.314698029E0,-3.020868073E0,8.368796997E0
3.698175267E1,-5.489833832E0,-3.109483795E0,8.370144196E0
3.699172867E1,-5.428162079E0,-3.038231964E0,8.104147339E0
3.700170567E1,-5.138664093E0,-2.832409973E0,7.753127289E0
3.701168167E1,-4.940326538E0,-2.702480164E0,7.591762848E0
3.702165867E1,-4.958738251E0,-2.657872925E0,7.677235107E0
3.703163467E1,-5.168751526E0,-2.688110046E0,7.860154724E0
3.704161067E1,-5.433700562E0,-2.768343201E0,8.024213562E0
3.705158767E1,-5.526208191E0,-2.830014954E0,7.955207062E0
3.706156367E1,-5.293292542E0,-2.877615967E0,7.719896393E0
3.707154067E1,-5.023703156E0,-2.883453827E0,7.522906036E0
3.708151667E1,-4.777165833E0,-2.881507874E0,7.489974518E0
3.709149267E1,-4.739144897E0,-2.943778381E0,7.645351410E0
3.710146967E1,-4.988526306E0,-3.002606049E0,7.954458618E0
3.711144567E1,-5.274880829E0,-3.057092743E0,8.204887848E0
3.712142267E1,-5.474565582E0,-3.125500488E0,8.234526215E0
3.713139867E1,-5.462141418E0,-3.097508698E0,8.102351074E0
3.714137567E1,-5.264851685E0,-2.982547760E0,7.872279510E0
3.715135167E1,-5.129533081E0,-2.849773865E0,7.751480713E0
3.716132767E1,-5.111420746E0,-2.760559387E0,7.770042114E0
3.717130467E1,-5.242997131E0,-2.679128723E0,7.849526825E0
3.718128067E1,-5.436544647E0,-2.634072418E0,7.883356476E0
3.719125767E1,-5.442232819E0,-2.608625336E0,7.708819427E0
3.720123367E1,-5.216053162E0,-2.658621368E0,7.469018097E0
3.721120967E1,-4.957241364E0,-2.705473938E0,7.373516693E0
3.722118667E1,-4.816833344E0,-2.766247559E0,7.484286346E0
3.723116267E1,-4.877008209E0,-2.897374878E0,7.716603241E0
3.724113967E1,-5.053491211E0,-2.978057098E0,8.012537842E0
3.725111567E1,-5.254523163E0,-3.067421265E0,8.217611389E0
3.726109267E1,-5.383405151E0,-3.145259399E0,8.263865204E0
3.727106867E1,-5.393134918E0,-3.118614807E0,8.171207886E0
3.728104467E1,-5.313949585E0,-2.999761963E0,7.968978424E0
3.729102167E1,-5.142406311E0,-2.872376862E0,7.770341492E0
3.730099767E1,-5.067861328E0,-2.766996002E0,7.701035614E0
3.731097467E1,-5.147346039E0,-2.720891876E0,7.790549469E0
3.732095067E1,-5.316494293E0,-2.744393005E0,7.898774414E0
3.733092667E1,-5.334756317E0,-2.782563629E0,7.786507874E0
3.734090367E1,-5.190306702E0,-2.817590790E0,7.567213898E0
3.735087967E1,-4.981790314E0,-2.821033630E0,7.456893311E0
3.736085667E1,-4.763544159E0,-2.892435150E0,7.481741638E0
3.737083267E1,-4.812642059E0,-2.978206787E0,7.696694641E0
3.738080967E1,-5.034031677E0,-3.042872314E0,8.051606598E0
3.739078567E1,-5.254074097E0,-3.122207336E0,8.246052246E0
3.740076167E1,-5.412744141E0,-3.112028503E0,8.255033569E0
3.741073867E1,-5.343288574E0,-3.011886749E0,8.064629517E0
3.742071467E1,-5.175786896E0,-2.890339508E0,7.863447876E0
3.743069167E1,-5.104385376E0,-2.775827637E0,7.773484955E0
3.744066767E1,-5.093907166E0,-2.654879150E0,7.742349701E0
3.745064367E1,-5.262456665E0,-2.595153351E0,7.741301880E0
3.746062067E1,-5.327720947E0,-2.585124207E0,7.690707092E0
3.747059667E1,-5.266198883E0,-2.625689850E0,7.620952148E0
3.748057367E1,-5.153932343E0,-2.730172577E0,7.552993469E0
3.749054967E1,-4.990621948E0,-2.822829895E0,7.525600433E0
3.750052567E1,-4.921166382E0,-2.933449860E0,7.650889893E0
3.751050267E1,-5.009931793E0,-3.047961731E0,7.912246399E0
3.752047867E1,-5.201982422E0,-3.098406830E0,8.133785706E0
3.753045567E1,-5.378166046E0,-3.148253174E0,8.242908783E0
3.754043167E1,-5.485043793E0,-3.127446442E0,8.216862946E0
3.755040867E1,-5.371280365E0,-3.015628967E0,7.981103210E0
3.756038467E1,-5.223687286E0,-2.906356201E0,7.766599274E0
3.757036067E1,-5.170547791E0,-2.797981567E0,7.691754913E0
3.758033767E1,-5.173541565E0,-2.739602966E0,7.711064758E0
3.759031367E1,-5.296436005E0,-2.711910553E0,7.742200012E0
3.760029067E1,-5.288652191E0,-2.725232849E0,7.640561371E0
3.761026667E1,-5.198689270E0,-2.784808960E0,7.565267944E0
3.762024267E1,-5.063370667E0,-2.825823669E0,7.539671173E0
3.763021967E1,-4.881798248E0,-2.908152466E0,7.574398956E0
3.764019567E1,-4.922513580E0,-3.043171692E0,7.763755188E0
3.765017188E1,-5.104984131E0,-3.103645935E0,8.074209595E0
3.766014788E1,-5.308111725E0,-3.094065857E0,8.252638550E0
3.767012487E1,-5.433999939E0,-3.091072083E0,8.245902557E0
3.768010087E1,-5.379513245E0,-3.006348267E0,8.114625549E0
3.769007688E1,-5.257217560E0,-2.873424683E0,7.879763947E0
3.770005388E1,-5.155129852E0,-2.733765106E0,7.711663513E0
3.771002987E1,-5.166955261E0,-2.620750122E0,7.697293396E0
3.772000687E1,-5.265151062E0,-2.612666931E0,7.752079468E0
3.772998288E1,-5.312752075E0,-2.618953857E0,7.714657288E0
3.773995888E1,-5.215903473E0,-2.668351135E0,7.539521484E0
3.774993587E1,-5.057383118E0,-2.708767090E0,7.391030273E0
3.775991188E1,-4.844525757E0,-2.810705109E0,7.405400391E0
3.776988888E1,-4.762945404E0,-2.949017487E0,7.499704285E0
3.777986488E1,-4.892575836E0,-3.048111420E0,7.780220947E0
3.778984187E1,-5.095853119E0,-3.183579712E0,8.145461426E0
3.779981788E1,-5.328319702E0,-3.241209869E0,8.354277191E0
3.780979388E1,-5.441184998E0,-3.174598389E0,8.326135712E0
3.781977087E1,-5.364544373E0,-3.033292236E0,8.049960022E0
3.782974687E1,-5.216202850E0,-2.894231415E0,7.792345734E0
3.783972388E1,-5.115013275E0,-2.754871216E0,7.695347443E0
3.784969988E1,-5.180427246E0,-2.672243042E0,7.744445343E0
3.785967587E1,-5.304369507E0,-2.687660980E0,7.782915344E0
3.786965288E1,-5.398823090E0,-2.726280670E0,7.746840363E0
3.787962888E1,-5.337450714E0,-2.743345184E0,7.632178802E0
3.788960588E1,-5.091362457E0,-2.828368378E0,7.516918488E0
3.789958187E1,-4.924758911E0,-2.934198303E0,7.529492340E0
3.790955888E1,-4.900060272E0,-3.057691498E0,7.732021179E0
3.791953488E1,-5.050647125E0,-3.140020294E0,8.041876831E0
3.792951087E1,-5.270988922E0,-3.200494537E0,8.252339172E0
3.793948787E1,-5.407505035E0,-3.198249207E0,8.277935944E0
3.794946388E1,-5.411097565E0,-3.100801849E0,8.174800415E0
3.795944088E1,-5.265151062E0,-2.963836670E0,7.937244415E0
3.796941687E1,-5.125491486E0,-2.802172852E0,7.686066742E0
3.797939387E1,-5.058131561E0,-2.712658997E0,7.596103821E0
3.798936988E1,-5.180876312E0,-2.658321991E0,7.679630127E0
3.799934588E1,-5.304219818E0,-2.695444794E0,7.733817444E0
3.800932287E1,-5.350024567E0,-2.769690399E0,7.674391022E0
3.801929888E1,-5.221441956E0,-2.805466003E0,7.558981018E0
3.802927588E1,-4.981191559E0,-2.826871490E0,7.447163544E0
3.803925188E1,-4.839586029E0,-2.894231415E0,7.523804169E0
3.804922787E1,-4.883893890E0,-2.959495697E0,7.790250092E0
3.805920488E1,-5.134921875E0,-3.031795349E0,8.081843719E0
3.806918088E1,-5.370382233E0,-3.108286285E0,8.253985748E0
3.807915787E1,-5.415588226E0,-3.132685547E0,8.233777771E0
3.808913387E1,-5.367388458E0,-3.019221497E0,8.039182434E0
3.809911088E1,-5.181774445E0,-2.906954956E0,7.791447601E0
3.810908688E1,-5.079387360E0,-2.810256042E0,7.688461761E0
3.811906287E1,-5.147495728E0,-2.757864990E0,7.730224915E0
3.812903987E1,-5.269042969E0,-2.711012421E0,7.762258301E0
3.813901588E1,-5.323829041E0,-2.713407440E0,7.682174835E0
3.814899288E1,-5.222190399E0,-2.784210205E0,7.534731445E0
3.815896887E1,-5.025948486E0,-2.822680206E0,7.431446228E0
3.816894488E1,-4.819677429E0,-2.880010986E0,7.414232025E0
3.817892188E1,-4.845423889E0,-3.013982391E0,7.610623627E0
3.818889787E1,-5.083578644E0,-3.102897491E0,7.981252899E0
3.819887487E1,-5.331762543E0,-3.150648193E0,8.262967072E0
3.820885088E1,-5.514233093E0,-3.201093292E0,8.288114777E0
3.821882788E1,-5.489534454E0,-3.122656403E0,8.146658936E0
3.822880387E1,-5.273084564E0,-2.987487488E0,7.879314880E0
3.823877987E1,-5.116809540E0,-2.833906860E0,7.666756897E0
3.824875688E1,-5.163662109E0,-2.696941681E0,7.669151917E0
3.825873288E1,-5.261708221E0,-2.664010162E0,7.756121063E0
3.826870987E1,-5.389243011E0,-2.703228607E0,7.772886200E0
3.827868588E1,-5.383854218E0,-2.726280670E0,7.686216431E0
3.828866288E1,-5.170847168E0,-2.801873474E0,7.532486115E0
3.829863888E1,-4.964426422E0,-2.858605499E0,7.458240509E0
3.830861487E1,-4.836741943E0,-2.952610016E0,7.575446777E0
3.831859188E1,-4.986280975E0,-3.069516907E0,7.863447876E0
3.832856788E1,-5.281467133E0,-3.140768738E0,8.168214111E0
3.833854487E1,-5.475314026E0,-3.190315704E0,8.312813416E0
3.834852087E1,-5.547463989E0,-3.141367493E0,8.261919250E0
3.835849688E1,-5.436694336E0,-3.030448151E0,8.037386169E0
3.836847388E1,-5.200036469E0,-2.869682465E0,7.764054565E0
3.837844987E1,-5.078788605E0,-2.727927246E0,7.639962616E0
3.838842687E1,-5.121749268E0,-2.589016113E0,7.613318024E0
3.839840288E1,-5.178331604E0,-2.570305023E0,7.605683899E0
3.840837988E1,-5.199437714E0,-2.642005920E0,7.568411407E0
3.841835587E1,-5.120851135E0,-2.769391022E0,7.529043274E0
3.842833188E1,-4.941074982E0,-2.899470520E0,7.523355103E0
3.843830888E1,-4.816683655E0,-3.056643677E0,7.609126740E0
3.844828488E1,-4.878654785E0,-3.184477844E0,7.837551727E0
3.845826187E1,-5.071902924E0,-3.261567535E0,8.149503021E0
3.846823788E1,-5.307662659E0,-3.320245514E0,8.348738708E0
3.847821488E1,-5.507347412E0,-3.298241272E0,8.317004700E0
3.848819087E1,-5.452860718E0,-3.174149323E0,8.120912476E0
3.849816687E1,-5.305567017E0,-3.002007294E0,7.848778381E0
3.850814388E1,-5.185516663E0,-2.781515808E0,7.571704559E0
3.851811988E1,-5.158123627E0,-2.633323975E0,7.418722687E0
3.852809687E1,-5.222040710E0,-2.561174011E0,7.382048950E0
3.853807288E1,-5.216951294E0,-2.594255219E0,7.382947083E0
3.854804988E1,-5.203030243E0,-2.730322266E0,7.433841248E0
3.855802588E1,-5.099146271E0,-2.918630676E0,7.497908020E0
3.856800187E1,-4.984634399E0,-3.110681305E0,7.621999969E0
3.857797888E1,-5.037773895E0,-3.215014343E0,7.819439392E0
3.858795488E1,-5.188660126E0,-3.271297302E0,8.067473602E0
3.859793187E1,-5.339696045E0,-3.288960571E0,8.234077148E0
3.860790787E1,-5.460195465E0,-3.192261658E0,8.257578278E0
3.861788488E1,-5.474715271E0,-3.053500214E0,8.186925201E0
3.862786088E1,-5.426814880E0,-2.921325073E0,8.027955780E0
3.863783687E1,-5.325325928E0,-2.731669464E0,7.796537018E0
3.864781425E1,-5.235812073E0,-2.586022339E0,7.597900085E0
3.865779025E1,-5.248385925E0,-2.489173737E0,7.442822571E0
3.866776725E1,-5.134323120E0,-2.507884827E0,7.338040466E0
3.867774325E1,-5.076094208E0,-2.662662964E0,7.330106964E0
3.868772025E1,-5.040318604E0,-2.860102386E0,7.462880859E0
3.869769625E1,-4.988675995E0,-3.071911926E0,7.654931488E0
3.870767225E1,-5.099894714E0,-3.271596680E0,7.920778656E0
3.871764925E1,-5.253175964E0,-3.387306061E0,8.164920959E0
3.872762525E1,-5.328020325E0,-3.401975555E0,8.317753143E0
3.873760225E1,-5.498216400E0,-3.343746643E0,8.273295593E0
3.874757825E1,-5.410498810E0,-3.148552551E0,8.139174500E0
3.875755525E1,-5.320685577E0,-2.909948730E0,7.955955505E0
3.876753125E1,-5.287005615E0,-2.720442810E0,7.718998260E0
3.877750725E1,-5.213508453E0,-2.567460938E0,7.504494324E0
3.878748425E1,-5.222190399E0,-2.532882843E0,7.395670624E0
3.879746025E1,-5.145250397E0,-2.580483856E0,7.332801361E0
3.880743725E1,-4.972210236E0,-2.717299347E0,7.292235718E0
3.881741325E1,-4.919669495E0,-2.880909119E0,7.384743347E0
3.882738925E1,-4.932692413E0,-3.073708191E0,7.641160126E0
3.883736625E1,-5.086871796E0,-3.259022827E0,8.009244690E0
3.884734225E1,-5.316793671E0,-3.352278900E0,8.248746643E0
3.885731925E1,-5.434898071E0,-3.308420105E0,8.299790497E0
3.886729525E1,-5.424719238E0,-3.222049713E0,8.155340881E0
3.887727225E1,-5.292993164E0,-3.035387878E0,7.921527100E0
3.888724825E1,-5.216352539E0,-2.851869507E0,7.806715851E0
3.889722425E1,-5.304968262E0,-2.717898102E0,7.745193787E0
3.890720125E1,-5.336851959E0,-2.581681366E0,7.611671448E0
3.891717725E1,-5.318140869E0,-2.568359070E0,7.451055450E0
3.892715425E1,-5.252577209E0,-2.609673157E0,7.320526886E0
3.893713025E1,-5.054838409E0,-2.762954407E0,7.271878052E0
3.894710725E1,-4.939428406E0,-2.957250366E0,7.383396149E0
3.895708325E1,-4.967869263E0,-3.109334106E0,7.654482422E0
3.896705925E1,-5.107828217E0,-3.232078857E0,7.950716400E0
3.897703625E1,-5.283113708E0,-3.332220612E0,8.143814850E0
3.898701225E1,-5.396877136E0,-3.347488861E0,8.239915009E0
3.899698925E1,-5.434898071E0,-3.282074890E0,8.246351624E0
3.900696525E1,-5.380112000E0,-3.137924652E0,8.088579712E0
3.901694225E1,-5.319787445E0,-2.930456085E0,7.893385620E0
3.902691825E1,-5.337600403E0,-2.742596741E0,7.753576355E0
3.903689425E1,-5.372178497E0,-2.589914246E0,7.614814911E0
3.904687125E1,-5.304519196E0,-2.525099030E0,7.417076111E0
3.905684725E1,-5.190007324E0,-2.554887085E0,7.249574432E0
3.906682425E1,-5.023703156E0,-2.710563354E0,7.205865326E0
3.907680025E1,-4.924908600E0,-2.937192078E0,7.403454437E0
3.908677725E1,-4.969066772E0,-3.138074341E0,7.772886200E0
3.909675325E1,-5.151986389E0,-3.304827576E0,8.139473877E0
3.910672925E1,-5.388644257E0,-3.397185516E0,8.352780304E0
3.911670625E1,-5.506748657E0,-3.372037811E0,8.317004700E0
3.912668225E1,-5.411696320E0,-3.185226288E0,8.140821075E0
3.913665925E1,-5.273383942E0,-2.958148499E0,7.936795349E0
3.914663525E1,-5.229076080E0,-2.755769348E0,7.798033905E0
3.915661225E1,-5.250481567E0,-2.588267670E0,7.665260010E0
3.916658825E1,-5.305417328E0,-2.497556305E0,7.515122223E0
3.917656425E1,-5.278323669E0,-2.527793427E0,7.359445953E0
3.918654125E1,-5.124892731E0,-2.665656738E0,7.231013031E0
3.919651725E1,-4.974305878E0,-2.863395538E0,7.245532837E0
3.920649425E1,-4.941823425E0,-3.115022278E0,7.493866425E0
3.921647025E1,-5.060825958E0,-3.315156097E0,7.887248383E0
3.922644725E1,-5.276527405E0,-3.430117035E0,8.211025085E0
3.923642325E1,-5.469775543E0,-3.451522522E0,8.297844543E0
3.924639925E1,-5.523364105E0,-3.397335205E0,8.198600922E0
3.925637625E1,-5.426066437E0,-3.194806366E0,8.016429749E0
3.926635225E1,-5.264103241E0,-2.976260834E0,7.826624451E0
3.927632925E1,-5.202880554E0,-2.765349426E0,7.657176819E0
3.928630525E1,-5.247188416E0,-2.605182495E0,7.565267944E0
3.929628225E1,-5.272635498E0,-2.534529419E0,7.445816345E0
3.930625825E1,-5.243745575E0,-2.587219849E0,7.337142334E0
3.931623425E1,-5.115013275E0,-2.725382538E0,7.272776184E0
3.932621125E1,-4.955744476E0,-2.935994568E0,7.368576965E0
3.933618725E1,-4.945715332E0,-3.165766754E0,7.643106079E0
3.934616425E1,-5.114414520E0,-3.308270416E0,8.033494263E0
3.935614025E1,-5.337450714E0,-3.400478668E0,8.296647034E0
3.936611725E1,-5.541326752E0,-3.394940186E0,8.361611938E0
3.937609325E1,-5.514532471E0,-3.247347107E0,8.258775787E0
3.938606925E1,-5.398972778E0,-3.032843170E0,8.086633759E0
3.939604625E1,-5.291945343E0,-2.820734253E0,7.869734802E0
3.940602225E1,-5.227579193E0,-2.636766815E0,7.671097870E0
3.941599925E1,-5.253325653E0,-2.504142609E0,7.459438019E0
3.942597525E1,-5.204527130E0,-2.472109222E0,7.270979919E0
3.943595225E1,-5.097050629E0,-2.611619110E0,7.176526337E0
3.944592825E1,-5.012775879E0,-2.818638611E0,7.260651398E0
3.945590425E1,-4.922363892E0,-3.044518890E0,7.515720978E0
3.946588125E1,-5.007686462E0,-3.298540649E0,7.840695190E0
3.947585725E1,-5.196743317E0,-3.425177307E0,8.126900024E0
3.948583425E1,-5.332960052E0,-3.465293884E0,8.245752869E0
3.949581025E1,-5.446424103E0,-3.393293610E0,8.234077148E0
3.950578725E1,-5.402714996E0,-3.209026794E0,8.128995667E0
3.951576325E1,-5.333708496E0,-3.003354492E0,7.964787140E0
3.952573925E1,-5.303022308E0,-2.804268494E0,7.781717834E0
3.953571625E1,-5.286855927E0,-2.577190704E0,7.557035065E0
3.954569225E1,-5.272336121E0,-2.452949066E0,7.311096497E0
3.955566925E1,-5.194647675E0,-2.483186188E0,7.158863068E0
3.956564525E1,-5.090464325E0,-2.634222107E0,7.163503418E0
3.957562225E1,-4.980293427E0,-2.880010986E0,7.314689026E0
3.958559825E1,-5.028044128E0,-3.121159515E0,7.648195496E0
3.959557425E1,-5.168452148E0,-3.318748627E0,8.039930878E0
3.960555125E1,-5.401816864E0,-3.427871704E0,8.270451508E0
3.961552725E1,-5.532195740E0,-3.415297852E0,8.284372559E0
3.962550425E1,-5.500012665E0,-3.285667419E0,8.129893799E0
3.963548025E1,-5.358257446E0,-3.074905701E0,7.955805817E0
3.964545800E1,-5.279371490E0,-2.861299896E0,7.818990326E0
3.965543400E1,-5.243595886E0,-2.683170319E0,7.668403473E0
3.966541000E1,-5.245990906E0,-2.548450470E0,7.511679382E0
3.967538700E1,-5.224585419E0,-2.514171753E0,7.339687042E0
3.968536300E1,-5.092709656E0,-2.636317749E0,7.208559723E0
3.969534000E1,-4.974006500E0,-2.845732269E0,7.276967468E0
3.970531600E1,-4.962181091E0,-3.096909943E0,7.565717010E0
3.971529300E1,-5.096900940E0,-3.284320221E0,7.974516907E0
3.972526900E1,-5.299280090E0,-3.412453766E0,8.249046021E0
3.973524600E1,-5.508245544E0,-3.455564117E0,8.329578552E0
3.974522200E1,-5.508095856E0,-3.323538666E0,8.203091583E0
3.975519800E1,-5.384902039E0,-3.125949554E0,8.006250916E0
3.976517500E1,-5.281317444E0,-2.914439392E0,7.860304413E0
3.977515100E1,-5.207969971E0,-2.746338959E0,7.748037872E0
3.978512800E1,-5.246439972E0,-2.606978760E0,7.619455261E0
3.979510400E1,-5.259762268E0,-2.499651947E0,7.458539886E0
3.980508000E1,-5.167104950E0,-2.570903778E0,7.262297974E0
3.981505700E1,-5.021158447E0,-2.766247559E0,7.202422485E0
3.982503300E1,-4.915328522E0,-3.015329590E0,7.376660156E0
3.983501000E1,-4.969066772E0,-3.234623566E0,7.727380829E0
3.984498600E1,-5.160818024E0,-3.392994232E0,8.089926910E0
3.985496300E1,-5.369484100E0,-3.487447815E0,8.265661469E0
3.986493900E1,-5.522765350E0,-3.461701355E0,8.286917267E0
3.987491600E1,-5.502707062E0,-3.307222595E0,8.192613373E0
3.988489200E1,-5.403014374E0,-3.113076324E0,8.027506714E0
3.989486800E1,-5.320835266E0,-2.907104645E0,7.857011261E0
3.990484500E1,-5.275778961E0,-2.659968567E0,7.632777557E0
3.991482100E1,-5.210215302E0,-2.506537628E0,7.321125641E0
3.992479800E1,-5.147196350E0,-2.479743347E0,7.115153961E0
3.993477400E1,-5.038821716E0,-2.614463196E0,7.087910614E0
3.994475100E1,-4.975204010E0,-2.868634644E0,7.281009064E0
3.995472700E1,-5.050198059E0,-3.100951538E0,7.639663239E0
3.996470300E1,-5.121300201E0,-3.311413879E0,7.985593872E0
3.997468000E1,-5.288801880E0,-3.435505829E0,8.175249481E0
3.998465600E1,-5.446873169E0,-3.426973572E0,8.249195709E0
3.999463300E1,-5.463189240E0,-3.350482635E0,8.174351349E0
4.000460900E1,-5.419480133E0,-3.150498505E0,8.071814575E0
4.001458600E1,-5.307063904E0,-2.912343750E0,7.865693207E0
4.002456200E1,-5.256918182E0,-2.709216156E0,7.652386780E0
4.003453800E1,-5.266647949E0,-2.531984711E0,7.461084595E0
4.004451500E1,-5.127587128E0,-2.480342102E0,7.243886261E0
4.005449100E1,-5.083878021E0,-2.575843506E0,7.172784119E0
4.006446800E1,-5.065615997E0,-2.770438843E0,7.286248169E0
4.007444400E1,-5.036875763E0,-3.055895233E0,7.574099579E0
4.008442100E1,-5.154980164E0,-3.287763062E0,7.901319122E0
4.009439700E1,-5.339845734E0,-3.404220886E0,8.190817108E0
4.010437300E1,-5.481151886E0,-3.472778320E0,8.310268707E0
4.011435000E1,-5.555996246E0,-3.443738708E0,8.274044037E0
4.012432600E1,-5.511538696E0,-3.251837769E0,8.202043762E0
4.013430300E1,-5.406906281E0,-3.003653870E0,8.017178192E0
4.014427900E1,-5.277874603E0,-2.801424408E0,7.701334991E0
4.015425600E1,-5.167254639E0,-2.600392456E0,7.429200897E0
4.016423200E1,-5.091212769E0,-2.496358795E0,7.247179413E0
4.017420800E1,-5.024750977E0,-2.535128174E0,7.178472290E0
4.018418500E1,-5.001249847E0,-2.750530243E0,7.266189880E0
4.019416100E1,-5.090913391E0,-2.983146515E0,7.566016388E0
4.020413800E1,-5.181026001E0,-3.200644226E0,7.879913635E0
4.021411400E1,-5.271138611E0,-3.394790497E0,8.097860413E0
4.022409100E1,-5.435646515E0,-3.440894623E0,8.242908783E0
4.023406700E1,-5.549260254E0,-3.391647034E0,8.265511780E0
4.024404300E1,-5.520669708E0,-3.248843994E0,8.155041504E0
4.025402000E1,-5.430257721E0,-3.013533325E0,7.942333832E0
4.026399600E1,-5.340294800E0,-2.771935730E0,7.693700867E0
4.027397300E1,-5.232668610E0,-2.574496307E0,7.400011597E0
4.028394900E1,-5.104834442E0,-2.484383698E0,7.160359955E0
4.029392600E1,-5.001549225E0,-2.537523193E0,7.084018707E0
4.030390200E1,-4.983885956E0,-2.714904327E0,7.178771667E0
4.031387900E1,-5.002447357E0,-3.012036438E0,7.411387939E0
4.032385500E1,-5.146747284E0,-3.312910767E0,7.784112854E0
4.033383100E1,-5.298082581E0,-3.497177582E0,8.096662903E0
4.034380800E1,-5.402265930E0,-3.605701904E0,8.253686371E0
4.035378400E1,-5.464835815E0,-3.595223694E0,8.206384735E0
4.036376100E1,-5.445525970E0,-3.377725983E0,8.116571503E0
4.037373700E1,-5.385800171E0,-3.124452667E0,7.970325623E0
4.038371400E1,-5.350174255E0,-2.887794800E0,7.759563904E0
4.039369000E1,-5.255121918E0,-2.664459229E0,7.512278137E0
4.040366600E1,-5.142855377E0,-2.557132416E0,7.275171204E0
4.041364300E1,-5.043162689E0,-2.526895294E0,7.140301666E0
4.042361900E1,-4.917573853E0,-2.684966583E0,7.167844391E0
4.043359600E1,-5.022355957E0,-2.969824219E0,7.467072144E0
4.044357200E1,-5.166356506E0,-3.214714966E0,7.867190094E0
4.045354900E1,-5.288652191E0,-3.420986023E0,8.121810608E0
4.046352500E1,-5.466632080E0,-3.533102875E0,8.215665436E0
4.047350100E1,-5.467230835E0,-3.495980072E0,8.187523956E0
4.048347800E1,-5.399421844E0,-3.342698822E0,8.143066406E0
4.049345400E1,-5.371879120E0,-3.076252899E0,8.040829010E0
4.050343100E1,-5.305417328E0,-2.830763397E0,7.828720093E0
4.051340700E1,-5.258564758E0,-2.646646271E0,7.528893585E0
4.052338400E1,-5.123246155E0,-2.484683075E0,7.247179413E0
4.053336000E1,-4.979844360E0,-2.500849457E0,7.132368164E0
4.054333600E1,-4.975353699E0,-2.696193237E0,7.246430969E0
4.055331300E1,-5.041067047E0,-2.988385620E0,7.572902069E0
4.056328900E1,-5.187462616E0,-3.277135162E0,7.922425232E0
4.057326600E1,-5.363945618E0,-3.450624390E0,8.105943604E0
4.058324200E1,-5.424270172E0,-3.523672485E0,8.155789948E0
4.059321900E1,-5.459596710E0,-3.485202484E0,8.126750336E0
4.060319500E1,-5.422473907E0,-3.294798431E0,8.090974731E0
4.061317200E1,-5.370382233E0,-3.099604340E0,8.022866364E0
4.062314800E1,-5.333409119E0,-2.893183594E0,7.802674255E0
4.063312400E1,-5.254523163E0,-2.660267944E0,7.491920471E0
4.064310100E1,-5.084177399E0,-2.553988953E0,7.167844391E0
4.065307604E1,-4.951702881E0,-2.581082611E0,7.065606995E0
4.066305304E1,-4.918621674E0,-2.790347443E0,7.194339294E0
4.067302904E1,-5.031187592E0,-3.044967957E0,7.520211639E0
4.068300604E1,-5.189258881E0,-3.247496796E0,7.849227448E0
4.069298204E1,-5.325625305E0,-3.461551666E0,8.084837494E0
4.070295804E1,-5.495072937E0,-3.534450073E0,8.213869171E0
4.071293504E1,-5.559439087E0,-3.489543457E0,8.263266449E0
4.072291104E1,-5.564079437E0,-3.307372284E0,8.174950104E0
4.073288804E1,-5.430407410E0,-3.009342041E0,7.914940796E0
4.074286404E1,-5.235363007E0,-2.727627869E0,7.523504791E0
4.075284104E1,-5.126389618E0,-2.549498291E0,7.215595093E0
4.076281704E1,-4.982987823E0,-2.468516693E0,7.084767151E0
4.077279304E1,-4.913681946E0,-2.607278137E0,7.130122833E0
4.078277004E1,-4.993615723E0,-2.858156433E0,7.367678833E0
4.079274604E1,-5.023403778E0,-3.165617065E0,7.674391022E0
4.080272304E1,-5.156776428E0,-3.455713806E0,7.988887024E0
4.081269904E1,-5.330565033E0,-3.604953461E0,8.216413879E0
4.082267604E1,-5.448819122E0,-3.635939026E0,8.287066956E0
4.083265204E1,-5.564678192E0,-3.512894897E0,8.236172791E0
4.084262904E1,-5.518274689E0,-3.209625549E0,8.060587921E0
4.085260504E1,-5.383105774E0,-2.906206512E0,7.752678223E0
4.086258104E1,-5.294340363E0,-2.658022614E0,7.443121948E0
4.087255804E1,-5.159470825E0,-2.514620819E0,7.240892487E0
4.088253404E1,-5.096900940E0,-2.534529419E0,7.167095947E0
4.089251104E1,-5.099894714E0,-2.679727478E0,7.250173187E0
4.090248704E1,-5.113067322E0,-2.960543518E0,7.467670898E0
4.091246404E1,-5.214705963E0,-3.236419830E0,7.813601532E0
4.092244004E1,-5.319188690E0,-3.427123260E0,8.096962280E0
4.093241604E1,-5.446723480E0,-3.555705872E0,8.243208160E0
4.094239304E1,-5.559588776E0,-3.507655792E0,8.231083374E0
4.095236904E1,-5.477559357E0,-3.340453491E0,8.086783447E0
4.096234604E1,-5.414241028E0,-3.041674805E0,7.919730835E0
4.097232204E1,-5.302872620E0,-2.807561646E0,7.660619659E0
4.098229904E1,-5.195845184E0,-2.634222107E0,7.393425293E0
4.099227504E1,-5.059778137E0,-2.517015839E0,7.172933807E0
4.100225204E1,-4.935835876E0,-2.574945374E0,7.114405518E0
4.101222804E1,-4.970114594E0,-2.775079193E0,7.281458130E0
4.102220404E1,-5.074597321E0,-3.049458618E0,7.573051758E0
4.103218104E1,-5.202132111E0,-3.323239288E0,7.915240173E0
4.104215704E1,-5.362149353E0,-3.520529022E0,8.137228546E0
4.105213404E1,-5.453309784E0,-3.610641632E0,8.213420105E0
4.106211004E1,-5.507497101E0,-3.499273224E0,8.216114502E0
4.107208704E1,-5.454507294E0,-3.257825317E0,8.072563019E0
4.108206304E1,-5.353916473E0,-3.005300446E0,7.876470795E0
4.109203904E1,-5.285209351E0,-2.787503357E0,7.576793976E0
4.110201604E1,-5.136269073E0,-2.592159576E0,7.277266846E0
4.111199204E1,-5.011129303E0,-2.555485840E0,7.101382599E0
4.112196904E1,-4.940775604E0,-2.687211914E0,7.128027191E0
4.113194504E1,-5.013524323E0,-2.941682739E0,7.375312958E0
4.114192204E1,-5.169649658E0,-3.209924927E0,7.705825653E0
4.115189804E1,-5.292843475E0,-3.409160614E0,7.960895233E0
4.116187404E1,-5.397775269E0,-3.550616455E0,8.077502747E0
4.117185104E1,-5.485792236E0,-3.548670502E0,8.131989441E0
4.118182704E1,-5.501659241E0,-3.385060730E0,8.136031036E0
4.119180404E1,-5.472919006E0,-3.175346832E0,8.059839478E0
4.120178004E1,-5.420977020E0,-2.926863556E0,7.829169159E0
4.121175704E1,-5.300627289E0,-2.681523743E0,7.486232300E0
4.122173304E1,-5.153483276E0,-2.541415100E0,7.186705170E0
4.123171004E1,-4.993466034E0,-2.552791443E0,7.088209991E0
4.124168604E1,-4.972808990E0,-2.751877441E0,7.282356262E0
4.125166204E1,-5.132227478E0,-3.012934570E0,7.651937714E0
4.126163904E1,-5.274731140E0,-3.259172516E0,7.973469086E0
4.127161504E1,-5.451812897E0,-3.450624390E0,8.134085083E0
4.128159204E1,-5.534441071E0,-3.526366882E0,8.156688080E0
4.129156804E1,-5.518274689E0,-3.462150421E0,8.144862671E0
4.130154504E1,-5.486540680E0,-3.248694305E0,8.078251190E0
4.131152104E1,-5.340145111E0,-2.974314880E0,7.811954956E0
4.132149704E1,-5.245691528E0,-2.742447052E0,7.519014130E0
4.133147404E1,-5.145549774E0,-2.602787476E0,7.276967468E0
4.134145004E1,-4.975054321E0,-2.613265686E0,7.153474274E0
4.135142704E1,-4.959636383E0,-2.746638336E0,7.260352020E0
4.136140304E1,-5.071902924E0,-3.001408539E0,7.555687866E0
4.137138004E1,-5.165009308E0,-3.227887573E0,7.883655853E0
4.138135604E1,-5.278772736E0,-3.395988007E0,8.049660645E0
4.139133204E1,-5.410349121E0,-3.490291901E0,8.137228546E0
4.140130904E1,-5.450016632E0,-3.493585052E0,8.156239014E0
4.141128504E1,-5.461991730E0,-3.359164581E0,8.097261658E0
4.142126204E1,-5.428760834E0,-3.127446442E0,7.909851379E0
4.143123804E1,-5.328619080E0,-2.859952698E0,7.584128723E0
4.144121504E1,-5.196743317E0,-2.624043274E0,7.242089996E0
4.145119104E1,-5.035079498E0,-2.541415100E0,7.080875244E0
4.146116804E1,-4.959636383E0,-2.675536194E0,7.152276764E0
4.147114404E1,-4.997058563E0,-2.912942505E0,7.462132416E0
4.148112004E1,-5.106481018E0,-3.172802124E0,7.789501648E0
4.149109704E1,-5.253924408E0,-3.393892365E0,8.058043213E0
4.150107304E1,-5.346132660E0,-3.562741241E0,8.184530182E0
4.151105004E1,-5.389243011E0,-3.583847351E0,8.187823334E0
4.152102604E1,-5.509742432E0,-3.433110809E0,8.144563293E0
4.153100304E1,-5.462291107E0,-3.184777222E0,7.941435699E0
4.154097904E1,-5.263803864E0,-2.912194061E0,7.557484131E0
4.155095604E1,-5.124743042E0,-2.694846039E0,7.236252136E0
4.156093204E1,-5.009033661E0,-2.598446503E0,7.096442871E0
4.157090804E1,-4.905898132E0,-2.687960358E0,7.155569916E0
4.158088504E1,-4.936284943E0,-2.917433167E0,7.393874359E0
4.159086104E1,-5.106630707E0,-3.146307220E0,7.773335266E0
4.160083804E1,-5.301974487E0,-3.410208435E0,8.067473602E0
4.161081404E1,-5.454956360E0,-3.573818207E0,8.212821350E0
4.162079104E1,-5.526058502E0,-3.595223694E0,8.241262207E0
4.163076704E1,-5.582790527E0,-3.444337463E0,8.177943878E0
4.164074304E1,-5.484744415E0,-3.202739868E0,7.945327606E0
4.165072000E1,-5.291645966E0,-2.918331299E0,7.647746429E0
4.166069600E1,-5.142556000E0,-2.693798218E0,7.460186462E0
4.167067300E1,-4.988376617E0,-2.615810394E0,7.325466614E0
4.168064900E1,-4.889282684E0,-2.672991486E0,7.360942841E0
4.169062600E1,-4.883893890E0,-2.875071259E0,7.552095337E0
4.170060200E1,-4.993765411E0,-3.119812317E0,7.812104645E0
4.171057900E1,-5.178630981E0,-3.297642517E0,8.002808075E0
4.172055500E1,-5.336103516E0,-3.444786530E0,8.100704498E0
4.173053100E1,-5.437891846E0,-3.450474701E0,8.091872864E0
4.174050800E1,-5.475314026E0,-3.397933960E0,8.033344574E0
4.175048400E1,-5.468727722E0,-3.230731659E0,7.931406555E0
4.176046100E1,-5.360353088E0,-3.000660095E0,7.730224915E0
4.177043700E1,-5.204227753E0,-2.808310089E0,7.450307007E0
4.178041400E1,-5.065915375E0,-2.693498840E0,7.235803070E0
4.179039000E1,-4.899611206E0,-2.709814911E0,7.184609528E0
4.180036600E1,-4.877606964E0,-2.855761414E0,7.333549805E0
4.181034300E1,-5.006938019E0,-3.058290253E0,7.633975067E0
4.182031900E1,-5.171595612E0,-3.308120728E0,7.954458618E0
4.183029600E1,-5.396727448E0,-3.462150421E0,8.125552826E0
4.184027200E1,-5.450465698E0,-3.501518555E0,8.145910492E0
4.185024900E1,-5.476960602E0,-3.447031860E0,8.078101501E0
4.186022500E1,-5.439987488E0,-3.271147614E0,7.985743561E0
4.187020200E1,-5.294939117E0,-3.047662354E0,7.795938263E0
4.188017800E1,-5.189857635E0,-2.827769623E0,7.538773041E0
4.189015400E1,-5.034929810E0,-2.697989502E0,7.286098480E0
4.190013100E1,-4.882546692E0,-2.738405457E0,7.239395599E0
4.191010700E1,-4.873715057E0,-2.886896667E0,7.468718719E0
4.192008400E1,-5.024301910E0,-3.091970215E0,7.804021454E0
4.193006000E1,-5.151687012E0,-3.345991974E0,8.029153290E0
4.194003700E1,-5.281018066E0,-3.476520538E0,8.121211853E0
4.195001300E1,-5.327720947E0,-3.520529022E0,8.093070374E0
4.195999000E1,-5.329816589E0,-3.461551666E0,8.026907959E0
4.196996600E1,-5.344037018E0,-3.292253723E0,7.983348541E0
4.197994200E1,-5.296735382E0,-3.107687531E0,7.811056824E0
4.198991900E1,-5.223387909E0,-2.919079742E0,7.549700317E0
4.199989500E1,-5.096451874E0,-2.763852539E0,7.283104706E0
4.200987200E1,-4.924908600E0,-2.762954407E0,7.226222992E0
4.201984800E1,-4.902455292E0,-2.911295929E0,7.438631287E0
4.202982500E1,-4.993166656E0,-3.112477570E0,7.731572113E0
4.203980100E1,-5.186863861E0,-3.308569794E0,7.974217529E0
4.204977800E1,-5.399870911E0,-3.411106567E0,8.105344849E0
4.205975400E1,-5.476062469E0,-3.413501587E0,8.077353058E0
4.206973000E1,-5.478307800E0,-3.331172791E0,7.975415039E0
4.207970700E1,-5.374872894E0,-3.185076599E0,7.827672272E0
4.208968300E1,-5.204826508E0,-3.050656128E0,7.643704834E0
4.209966000E1,-5.127437439E0,-2.859653320E0,7.446564789E0
4.210963600E1,-5.043911133E0,-2.695744171E0,7.319179688E0
4.211961300E1,-4.938979340E0,-2.768792267E0,7.342231750E0
4.212958900E1,-4.990472260E0,-2.944077759E0,7.598798218E0
4.213956500E1,-5.055137787E0,-3.148402863E0,7.867938538E0
4.214954200E1,-5.193749542E0,-3.353476410E0,8.041876831E0
4.215951800E1,-5.317093048E0,-3.456162872E0,8.090226288E0
4.216949500E1,-5.382956085E0,-3.484454041E0,8.096064148E0
4.217947100E1,-5.465284882E0,-3.392096100E0,8.049810333E0
4.218944800E1,-5.393134918E0,-3.257076874E0,7.944130096E0
4.219942400E1,-5.310057678E0,-3.081192627E0,7.729476471E0
4.220940100E1,-5.203778687E0,-2.885998535E0,7.449857941E0
4.221937700E1,-5.054988098E0,-2.754871216E0,7.252717896E0
4.222935300E1,-4.958139496E0,-2.780617676E0,7.217391357E0
4.223933000E1,-4.901557159E0,-2.930007019E0,7.389084320E0
4.224930600E1,-4.964127045E0,-3.154091034E0,7.654033356E0
4.225928300E1,-5.132676544E0,-3.336411896E0,7.937244415E0
4.226925900E1,-5.246889038E0,-3.494483185E0,8.116571503E0
4.227923600E1,-5.448968811E0,-3.573967896E0,8.262967072E0
4.228921200E1,-5.547463989E0,-3.509302368E0,8.257428589E0
4.229918900E1,-5.433251495E0,-3.347039795E0,8.053402863E0
4.230916500E1,-5.243745575E0,-3.115621033E0,7.672445068E0
4.231914100E1,-5.067561951E0,-2.863395538E0,7.369924164E0
4.232911800E1,-4.974605255E0,-2.703078918E0,7.237898712E0
4.233909400E1,-4.951104126E0,-2.739752655E0,7.265291748E0
4.234907100E1,-4.992867279E0,-2.935994568E0,7.537575531E0
4.235904700E1,-5.159021759E0,-3.183879089E0,7.864046631E0
4.236902400E1,-5.287754059E0,-3.370540924E0,8.057743835E0
4.237900000E1,-5.365741882E0,-3.475323029E0,8.041128387E0
4.238897700E1,-5.424868927E0,-3.469784546E0,8.009544067E0
4.239895300E1,-5.397625580E0,-3.336711273E0,7.946974182E0
4.240892900E1,-5.307512970E0,-3.169059906E0,7.758965149E0
4.241890600E1,-5.185965729E0,-2.982398071E0,7.540269928E0
4.242888200E1,-5.091063080E0,-2.827919312E0,7.393874359E0
4.243885900E1,-5.043162689E0,-2.757266235E0,7.335495758E0
4.244883500E1,-4.967270508E0,-2.844834137E0,7.395071869E0
4.245881200E1,-5.004093933E0,-3.036585388E0,7.617359619E0
4.246878800E1,-5.092260590E0,-3.223995667E0,7.888146515E0
4.247876500E1,-5.205724640E0,-3.368445282E0,8.076754303E0
4.248874100E1,-5.375172272E0,-3.423979797E0,8.134983215E0
4.249871700E1,-5.466931458E0,-3.381019135E0,8.088729401E0
4.250869400E1,-5.408552856E0,-3.228935394E0,7.920179901E0
4.251867000E1,-5.285957794E0,-3.071313171E0,7.688162384E0
4.252864700E1,-5.082830200E0,-2.911445618E0,7.425009613E0
4.253862300E1,-4.951553192E0,-2.808759155E0,7.272776184E0
4.254860000E1,-4.931644592E0,-2.817890167E0,7.313192139E0
4.255857600E1,-5.001549225E0,-2.966082001E0,7.561675415E0
4.256855300E1,-5.104834442E0,-3.218606873E0,7.839347992E0
4.257852900E1,-5.219046936E0,-3.440445557E0,8.056396637E0
4.258850500E1,-5.357958069E0,-3.535497894E0,8.178842010E0
4.259848200E1,-5.401068420E0,-3.543880463E0,8.118367767E0
4.260845800E1,-5.384153595E0,-3.435805206E0,7.974516907E0
4.261843500E1,-5.364095306E0,-3.207679596E0,7.813601532E0
4.262841100E1,-5.208868103E0,-2.997516632E0,7.476502533E0
4.263838800E1,-5.012326813E0,-2.879711609E0,7.179071045E0
4.264836487E1,-4.931045837E0,-2.795137482E0,7.163653107E0
4.265834188E1,-4.924309845E0,-2.871778107E0,7.342680817E0
4.266831788E1,-4.997357941E0,-3.068918152E0,7.617808685E0
4.267829387E1,-5.115462341E0,-3.310216370E0,7.870183868E0
4.268827088E1,-5.278623047E0,-3.472478943E0,8.108039246E0
4.269824688E1,-5.410947876E0,-3.572021942E0,8.190517731E0
4.270822387E1,-5.460644531E0,-3.533252563E0,8.135731659E0
4.271819987E1,-5.434299316E0,-3.354075165E0,7.989036713E0
4.272817688E1,-5.339845734E0,-3.093766479E0,7.733967133E0
4.273815288E1,-5.131329346E0,-2.903212738E0,7.407645721E0
4.274812987E1,-5.010380859E0,-2.749632111E0,7.191195831E0
4.275810587E1,-4.968018951E0,-2.715503082E0,7.261100464E0
4.276808188E1,-4.985083466E0,-2.886597290E0,7.509733429E0
4.277805888E1,-5.095703430E0,-3.118315430E0,7.783214722E0
4.278803487E1,-5.212909698E0,-3.315904541E0,8.032296753E0
4.279801188E1,-5.354664917E0,-3.490142212E0,8.140821075E0
4.280798788E1,-5.389841766E0,-3.558549957E0,8.131240997E0
4.281796487E1,-5.390889587E0,-3.429667969E0,8.028105469E0
4.282794087E1,-5.298831024E0,-3.236719208E0,7.838449860E0
4.283791788E1,-5.172942810E0,-3.053949280E0,7.568860474E0
4.284789388E1,-5.069358215E0,-2.888692932E0,7.361840973E0
4.285786987E1,-5.022505646E0,-2.789000244E0,7.296277313E0
4.286784687E1,-4.972060547E0,-2.841091919E0,7.392227783E0
4.287782288E1,-5.003345490E0,-3.018922119E0,7.596403198E0
4.288779988E1,-5.089865570E0,-3.177143097E0,7.813751221E0
4.289777587E1,-5.211861877E0,-3.327430573E0,7.984995117E0
4.290775288E1,-5.297783203E0,-3.485052795E0,8.075706482E0
4.291772888E1,-5.390141144E0,-3.469036102E0,8.110583954E0
4.292770588E1,-5.413043518E0,-3.359014893E0,8.005203094E0
4.293768187E1,-5.311255188E0,-3.239712982E0,7.786956940E0
4.294765788E1,-5.165458374E0,-3.083138580E0,7.555837555E0
4.295763488E1,-5.062173157E0,-2.926414490E0,7.412435760E0
4.296761087E1,-4.984035645E0,-2.858306122E0,7.364385681E0
4.297758787E1,-4.936284943E0,-2.985990601E0,7.465425568E0
4.298756388E1,-5.028193817E0,-3.168910217E0,7.678582306E0
4.299754088E1,-5.145549774E0,-3.309018860E0,7.915689240E0
4.300751687E1,-5.293591919E0,-3.443139954E0,8.037984924E0
4.301749387E1,-5.419330444E0,-3.508703613E0,8.083789673E0
4.302746988E1,-5.442232819E0,-3.417842560E0,8.019872589E0
4.303744688E1,-5.348527679E0,-3.227737885E0,7.729775848E0
4.304742287E1,-5.155429230E0,-3.055446167E0,7.410340118E0
4.305739888E1,-5.025349731E0,-2.926564178E0,7.281907196E0
4.306737588E1,-4.979095917E0,-2.872676239E0,7.311246185E0
4.307735187E1,-5.007536774E0,-2.924318848E0,7.461084595E0
4.308732887E1,-5.104235687E0,-3.146307220E0,7.740703125E0
4.309730488E1,-5.225333862E0,-3.340154114E0,8.034392395E0
4.310728188E1,-5.293891296E0,-3.432512054E0,8.135881348E0
4.311725787E1,-5.377118225E0,-3.481609955E0,8.094118195E0
4.312723487E1,-5.384303284E0,-3.386856995E0,7.982749786E0
4.313721088E1,-5.256918182E0,-3.217409363E0,7.741451569E0
4.314718688E1,-5.140759735E0,-3.017574921E0,7.469467163E0
4.315716387E1,-5.038672028E0,-2.888543243E0,7.304061127E0
4.316713988E1,-4.984784088E0,-2.855162659E0,7.263345795E0
4.317711688E1,-4.965474243E0,-2.932851105E0,7.377258911E0
4.318709288E1,-5.024900665E0,-3.118315430E0,7.637118530E0
4.319706987E1,-5.136568451E0,-3.346291351E0,7.908504181E0
4.320704588E1,-5.286706238E0,-3.500021667E0,8.132139130E0
4.321702288E1,-5.372028809E0,-3.549418945E0,8.191266174E0
4.322699887E1,-5.488486633E0,-3.542233887E0,8.171806641E0
4.323697487E1,-5.495072937E0,-3.372935944E0,8.003556519E0
4.324695188E1,-5.297034760E0,-3.153342590E0,7.664960632E0
4.325692788E1,-5.122946777E0,-2.946173401E0,7.351512451E0
4.326690487E1,-4.993016968E0,-2.814746704E0,7.209757233E0
4.327688087E1,-4.907095642E0,-2.807262268E0,7.232509918E0
4.328685788E1,-4.953948212E0,-2.937042389E0,7.440876617E0
4.329683388E1,-5.045557709E0,-3.179837494E0,7.775730286E0
4.330681087E1,-5.195246429E0,-3.415597229E0,8.070317688E0
4.331678688E1,-5.303471375E0,-3.571273499E0,8.231083374E0
4.332676288E1,-5.427563324E0,-3.591481476E0,8.257727966E0
4.333673987E1,-5.445825348E0,-3.501518555E0,8.083789673E0
4.334671587E1,-5.294789429E0,-3.272943878E0,7.806566162E0
4.335669288E1,-5.135670319E0,-3.013383636E0,7.473808136E0
4.336666888E1,-5.003794556E0,-2.824476471E0,7.243437195E0
4.337664587E1,-4.970563660E0,-2.814147949E0,7.290289764E0
4.338662187E1,-5.022954712E0,-2.959346008E0,7.525899811E0
4.339659888E1,-5.113217010E0,-3.168760529E0,7.803123322E0
4.340657488E1,-5.238805847E0,-3.408561859E0,8.029452667E0
4.341655187E1,-5.349874878E0,-3.588936768E0,8.175698547E0
4.342652788E1,-5.404511261E0,-3.632795563E0,8.187224579E0
4.343650388E1,-5.409750366E0,-3.516936493E0,8.022866364E0
4.344648088E1,-5.317392426E0,-3.305875397E0,7.738308105E0
4.345645687E1,-5.141059113E0,-3.062930603E0,7.415279846E0
4.346643388E1,-4.993166656E0,-2.882705383E0,7.176825714E0
4.347640988E1,-4.954097900E0,-2.804567871E0,7.177274780E0
4.348638687E1,-4.961133270E0,-2.883453827E0,7.363337860E0
4.349636287E1,-5.044210510E0,-3.100951538E0,7.607330475E0
4.350633988E1,-5.109624481E0,-3.309018860E0,7.880063324E0
4.351631588E1,-5.308411102E0,-3.489094391E0,8.189619598E0
4.352629187E1,-5.482199707E0,-3.581302643E0,8.320148163E0
4.353626888E1,-5.507497101E0,-3.494632874E0,8.187523956E0
4.354624488E1,-5.419629822E0,-3.279530182E0,7.837252350E0
4.355622188E1,-5.196144562E0,-3.034340057E0,7.449558563E0
4.356619787E1,-4.929249573E0,-2.863395538E0,7.151977386E0
4.357617488E1,-4.866080933E0,-2.807561646E0,7.144942017E0
4.358615088E1,-4.989574127E0,-2.913092194E0,7.455995178E0
4.359612787E1,-5.118156738E0,-3.159330139E0,7.761509857E0
4.360610387E1,-5.251230011E0,-3.442990265E0,7.992928619E0
4.361608088E1,-5.376220093E0,-3.575614471E0,8.190966797E0
4.362605688E1,-5.455405426E0,-3.594475250E0,8.208779755E0
4.363603287E1,-5.384902039E0,-3.435356140E0,7.963290253E0
4.364600987E1,-5.267995148E0,-3.163671112E0,7.615862732E0
4.365598562E1,-5.114414520E0,-2.939138031E0,7.287445679E0
4.366596263E1,-4.915927277E0,-2.836601257E0,7.058571625E0
4.367593863E1,-4.847968597E0,-2.835703125E0,7.123985596E0
4.368591562E1,-4.960235138E0,-2.961890717E0,7.416926422E0
4.369589163E1,-5.123096466E0,-3.241958313E0,7.767048340E0
4.370586863E1,-5.207071838E0,-3.518134003E0,8.036488037E0
4.371584462E1,-5.285808105E0,-3.654051361E0,8.250991974E0
4.372582162E1,-5.439089355E0,-3.646566925E0,8.300239563E0
4.373579763E1,-5.437592468E0,-3.496429138E0,8.064180450E0
4.374577363E1,-5.304369507E0,-3.255579987E0,7.643704834E0
4.375575062E1,-5.146148529E0,-3.000959473E0,7.272925873E0
4.376572662E1,-5.010081482E0,-2.876119080E0,7.057972870E0
4.377570363E1,-4.931794281E0,-2.890339508E0,7.101681976E0
4.378567963E1,-5.027744751E0,-3.038681030E0,7.431745605E0
4.379565662E1,-5.261558533E0,-3.275338898E0,7.858657837E0
4.380563263E1,-5.402415619E0,-3.538791046E0,8.160130920E0
4.381560963E1,-5.489384766E0,-3.702999573E0,8.296796722E0
4.382558563E1,-5.512287140E0,-3.673211517E0,8.268355865E0
4.383556262E1,-5.426665192E0,-3.461551666E0,8.015381927E0
4.384553863E1,-5.220394135E0,-3.219505005E0,7.601492615E0
4.385551463E1,-5.025200043E0,-3.001258850E0,7.289541321E0
4.386549162E1,-4.948709106E0,-2.857857056E0,7.205266571E0
4.387546762E1,-4.919669495E0,-2.868185577E0,7.315886536E0
4.388544463E1,-4.984784088E0,-3.007096710E0,7.540868683E0
4.389542063E1,-5.166805573E0,-3.218307495E0,7.856412506E0
4.390539762E1,-5.276677094E0,-3.462300110E0,8.094716949E0
4.391537363E1,-5.299729156E0,-3.602259064E0,8.175099792E0
4.392535063E1,-5.366640015E0,-3.552712097E0,8.138126678E0
4.393532663E1,-5.376669159E0,-3.387755127E0,7.976462860E0
4.394530362E1,-5.258415070E0,-3.188669128E0,7.615862732E0
4.395527963E1,-5.096900940E0,-3.044668579E0,7.296277313E0
4.396525563E1,-5.014123077E0,-2.945275269E0,7.234156494E0
4.397523262E1,-4.988526306E0,-2.986888733E0,7.343728638E0
4.398520862E1,-5.000800781E0,-3.132685547E0,7.535180511E0
4.399518563E1,-5.150040436E0,-3.318449249E0,7.825726318E0
4.400516163E1,-5.343737640E0,-3.481460266E0,8.088579712E0
4.401513862E1,-5.399272156E0,-3.597169647E0,8.201894073E0
4.402511462E1,-5.436993713E0,-3.530857544E0,8.123307495E0
4.403509163E1,-5.396428070E0,-3.319646759E0,7.849227448E0
4.404506763E1,-5.212760010E0,-3.087778931E0,7.460934906E0
4.405504462E1,-5.000202026E0,-2.935695190E0,7.168143768E0
4.406502063E1,-4.940476227E0,-2.870281219E0,7.171736298E0
4.407499663E1,-5.034480743E0,-2.947370911E0,7.428901520E0
4.408497362E1,-5.127736816E0,-3.163671112E0,7.705675964E0
4.409494962E1,-5.242548065E0,-3.422931976E0,7.947722626E0
4.410492663E1,-5.370831299E0,-3.550616455E0,8.128546600E0
4.411490263E1,-5.359305267E0,-3.646417236E0,8.139773254E0
4.412487962E1,-5.288352814E0,-3.557502136E0,7.970026245E0
4.413485562E1,-5.252577209E0,-3.331771545E0,7.740703125E0
4.414483263E1,-5.173691254E0,-3.145409088E0,7.441026306E0
4.415480863E1,-5.056634674E0,-3.036585388E0,7.203769684E0
4.416478562E1,-5.029241638E0,-2.996468811E0,7.242539063E0
4.417476163E1,-5.098996582E0,-3.095263367E0,7.474855957E0
4.418473763E1,-5.201533356E0,-3.265309753E0,7.706723785E0
4.419471463E1,-5.265151062E0,-3.446582794E0,7.871381378E0
4.420469062E1,-5.380561066E0,-3.514840851E0,8.071515198E0
4.421466763E1,-5.402565308E0,-3.469634857E0,8.084538116E0
4.422464363E1,-5.307812347E0,-3.341501312E0,7.852071533E0
4.423462062E1,-5.204676819E0,-3.125051422E0,7.534881134E0
4.424459662E1,-5.079986115E0,-2.935844879E0,7.316784668E0
4.425457363E1,-4.947361908E0,-2.914888458E0,7.166197815E0
4.426454963E1,-4.922363892E0,-2.962639160E0,7.252268829E0
4.427452662E1,-5.062921600E0,-3.094215546E0,7.554939423E0
4.428450262E1,-5.191653900E0,-3.338507538E0,7.837851105E0
4.429447863E1,-5.280569000E0,-3.596720581E0,8.075706482E0
4.430445563E1,-5.471721497E0,-3.685935059E0,8.303682404E0
4.431443162E1,-5.507197723E0,-3.676953735E0,8.261919250E0
4.432440863E1,-5.390440521E0,-3.547323303E0,7.911497955E0
4.433438463E1,-5.204976196E0,-3.283721466E0,7.515571289E0
4.434436162E1,-5.070555725E0,-3.032094727E0,7.224875793E0
4.435433762E1,-4.966372375E0,-2.953059082E0,7.101532288E0
4.436431463E1,-4.927453308E0,-3.008593597E0,7.227869568E0
4.437429063E1,-5.064867554E0,-3.158432007E0,7.566315765E0
4.438426762E1,-5.224585419E0,-3.380121002E0,7.894283752E0
4.439424362E1,-5.289999390E0,-3.639681244E0,8.123606873E0
4.440421963E1,-5.388644257E0,-3.698209534E0,8.298443298E0
4.441419663E1,-5.487289124E0,-3.577111359E0,8.255632324E0
4.442417262E1,-5.340743866E0,-3.386108551E0,7.875422974E0
4.443414963E1,-5.119204559E0,-3.137774963E0,7.433092804E0
4.444412563E1,-4.976551208E0,-2.917133789E0,7.224726105E0
4.445410262E1,-4.886288910E0,-2.849773865E0,7.229815521E0
4.446407862E1,-4.943320312E0,-2.965483246E0,7.443121948E0
4.447405563E1,-5.164709930E0,-3.130290527E0,7.790848846E0
4.448403163E1,-5.329666901E0,-3.354224854E0,8.064928894E0
4.449400862E1,-5.385201416E0,-3.567231903E0,8.157286835E0
4.450398462E1,-5.416785736E0,-3.625460815E0,8.186775513E0
4.451396163E1,-5.364394684E0,-3.530857544E0,8.014034729E0
4.452393763E1,-5.216502228E0,-3.326981506E0,7.595804443E0
4.453391362E1,-5.064717865E0,-3.127895508E0,7.268584900E0
4.454389063E1,-5.000800781E0,-3.018023987E0,7.158563690E0
4.455386663E1,-5.012476501E0,-3.039878540E0,7.269782410E0
4.456384363E1,-5.070855103E0,-3.183579712E0,7.493716736E0
4.457381962E1,-5.234913940E0,-3.361110535E0,7.758366394E0
4.458379663E1,-5.347030792E0,-3.535647583E0,7.974067841E0
4.459377263E1,-5.408253479E0,-3.610192566E0,8.047714691E0
4.460374962E1,-5.455255737E0,-3.519630890E0,8.016729126E0
4.461372562E1,-5.371879120E0,-3.345692596E0,7.758216705E0
4.462370263E1,-5.184468842E0,-3.161425781E0,7.354356537E0
4.463367863E1,-5.018164673E0,-3.020269318E0,7.138655090E0
4.464365462E1,-4.945116577E0,-2.979553986E0,7.182663574E0
4.465363075E1,-4.990172882E0,-3.087180176E0,7.401358795E0
4.466360675E1,-5.133724365E0,-3.289409637E0,7.700885925E0
4.467358375E1,-5.309608612E0,-3.488795013E0,8.029302979E0
4.468355975E1,-5.413791962E0,-3.657494202E0,8.203690338E0
4.469353675E1,-5.445376282E0,-3.677702179E0,8.212521973E0
4.470351275E1,-5.400170288E0,-3.530558167E0,8.006849670E0
4.471348975E1,-5.264103241E0,-3.280727692E0,7.619155884E0
4.472346575E1,-5.088518372E0,-3.059637451E0,7.203769684E0
4.473344275E1,-4.953648834E0,-2.955903168E0,7.015760651E0
4.474341875E1,-4.904550934E0,-2.983745270E0,7.130571899E0
4.475339575E1,-4.974904633E0,-3.168610840E0,7.435637512E0
4.476337175E1,-5.155429230E0,-3.416645050E0,7.799081726E0
4.477334775E1,-5.360502777E0,-3.616629181E0,8.133186951E0
4.478332475E1,-5.453908539E0,-3.731739807E0,8.311166840E0
4.479330075E1,-5.404810638E0,-3.664679260E0,8.163723450E0
4.480327775E1,-5.281317444E0,-3.418141937E0,7.862998810E0
4.481325375E1,-5.085823975E0,-3.135529633E0,7.485932922E0
4.482323075E1,-4.903503113E0,-2.970422974E0,7.180418243E0
4.483320675E1,-4.858746185E0,-2.905158691E0,7.173981628E0
4.484318375E1,-4.909490662E0,-2.985391846E0,7.354506226E0
4.485315975E1,-5.064119110E0,-3.222349091E0,7.675738220E0
4.486313675E1,-5.248984680E0,-3.544928284E0,8.045020294E0
4.487311275E1,-5.431604919E0,-3.716770935E0,8.345445557E0
4.488308975E1,-5.523513794E0,-3.743565216E0,8.311316528E0
4.489306575E1,-5.396727448E0,-3.624113617E0,7.983797607E0
4.490304175E1,-5.222789154E0,-3.362457733E0,7.569608917E0
4.491301875E1,-5.003046112E0,-3.119213562E0,7.191046143E0
4.492299475E1,-4.889132996E0,-3.037483521E0,7.058571625E0
4.493297175E1,-4.980592804E0,-3.061733093E0,7.233408051E0
4.494294775E1,-5.128485260E0,-3.223845978E0,7.549251251E0
4.495292475E1,-5.306914215E0,-3.462749176E0,7.837551727E0
4.496290075E1,-5.443130951E0,-3.668122101E0,8.071365509E0
4.497287775E1,-5.541925507E0,-3.722159729E0,8.210276642E0
4.498285375E1,-5.458848267E0,-3.620970154E0,8.042924652E0
4.499283075E1,-5.287155304E0,-3.400927734E0,7.695497131E0
4.500280675E1,-5.140011292E0,-3.135978699E0,7.364235992E0
4.501278275E1,-4.961282959E0,-2.964884491E0,7.128625946E0
4.502275975E1,-4.894521790E0,-2.976859589E0,7.141798553E0
4.503273575E1,-5.026247864E0,-3.069217529E0,7.452552338E0
4.504271275E1,-5.171146545E0,-3.278482361E0,7.776329041E0
4.505268875E1,-5.266348572E0,-3.541335754E0,8.066276093E0
4.506266575E1,-5.461093597E0,-3.678750000E0,8.364905090E0
4.507264175E1,-5.518125000E0,-3.647165680E0,8.361013184E0
4.508261875E1,-5.349126434E0,-3.535048828E0,7.973169708E0
4.509259475E1,-5.176984406E0,-3.275338898E0,7.512278137E0
4.510257175E1,-4.990921326E0,-3.024161224E0,7.213798828E0
4.511254775E1,-4.864134979E0,-2.991379395E0,7.102580109E0
4.512252475E1,-4.913681946E0,-3.100652161E0,7.316036224E0
4.513250075E1,-5.130281525E0,-3.252286835E0,7.705376587E0
4.514247775E1,-5.321134644E0,-3.528013458E0,7.964936829E0
4.515245375E1,-5.403463440E0,-3.706292725E0,8.100105743E0
4.516242975E1,-5.437442780E0,-3.707041168E0,8.089926910E0
4.517240675E1,-5.246589661E0,-3.550766144E0,7.785759430E0
4.518238275E1,-5.028792572E0,-3.324137421E0,7.377109222E0
4.519235975E1,-4.920867004E0,-3.129691772E0,7.161557465E0
4.520233575E1,-4.895270233E0,-3.039279785E0,7.148384857E0
4.521231275E1,-4.996010742E0,-3.096011810E0,7.303013306E0
4.522228875E1,-5.178930359E0,-3.329675903E0,7.658673706E0
4.523226575E1,-5.399421844E0,-3.535647583E0,8.036188660E0
4.524224175E1,-5.495072937E0,-3.685935059E0,8.233927460E0
4.525221875E1,-5.533093872E0,-3.713926849E0,8.254135437E0
4.526219475E1,-5.465584259E0,-3.511098633E0,8.035889282E0
4.527217175E1,-5.197641449E0,-3.247646484E0,7.542365570E0
4.528214775E1,-4.994064789E0,-3.062032471E0,7.146588593E0
4.529212375E1,-4.936734009E0,-2.924618225E0,7.071744232E0
4.530210075E1,-4.900659027E0,-3.001558228E0,7.166946259E0
4.531207675E1,-4.987029419E0,-3.268453217E0,7.416177979E0
4.532205375E1,-5.216352539E0,-3.485052795E0,7.823930054E0
4.533202975E1,-5.386249237E0,-3.723357239E0,8.137228546E0
4.534200675E1,-5.441035309E0,-3.857328644E0,8.226592712E0
4.535198275E1,-5.429060211E0,-3.785478058E0,8.132588196E0
4.536195975E1,-5.284610596E0,-3.497027893E0,7.761509857E0
4.537193575E1,-5.035678253E0,-3.228336639E0,7.275919647E0
4.538191275E1,-4.894372101E0,-3.078348541E0,7.099137268E0
4.539188875E1,-4.906945953E0,-3.005450134E0,7.184908905E0
4.540186575E1,-5.030888214E0,-3.133134613E0,7.465575256E0
4.541184175E1,-5.260660400E0,-3.423081665E0,7.827223206E0
4.542181775E1,-5.445226593E0,-3.638932800E0,8.192313995E0
4.543179475E1,-5.552104340E0,-3.731739807E0,8.346044312E0
4.544177075E1,-5.490582275E0,-3.661984863E0,8.146509247E0
4.545174775E1,-5.264402618E0,-3.434158630E0,7.743397522E0
4.546172375E1,-4.994663544E0,-3.194357300E0,7.318880310E0
4.547170075E1,-4.850363617E0,-3.027454376E0,7.100185089E0
4.548167675E1,-4.805906067E0,-3.049458618E0,7.162305908E0
4.549165375E1,-4.968767395E0,-3.198249207E0,7.501949615E0
4.550162975E1,-5.195096741E0,-3.456611938E0,7.901319122E0
4.551160675E1,-5.440286865E0,-3.749103699E0,8.239615631E0
4.552158275E1,-5.600603485E0,-3.844006348E0,8.360414429E0
4.553155975E1,-5.485343170E0,-3.743565216E0,8.123457184E0
4.554153575E1,-5.271887054E0,-3.520978088E0,7.716004486E0
4.555151175E1,-5.057532806E0,-3.233276367E0,7.362888794E0
4.556148875E1,-4.905748444E0,-3.076252899E0,7.126979370E0
4.557146475E1,-4.920717316E0,-3.060086517E0,7.119944000E0
4.558144175E1,-5.037474518E0,-3.104095001E0,7.330855408E0
4.559141775E1,-5.153183899E0,-3.302432556E0,7.601193237E0
4.560139475E1,-5.333409119E0,-3.550317078E0,7.921377411E0
4.561137075E1,-5.473667450E0,-3.663930817E0,8.181835785E0
4.562134775E1,-5.451214142E0,-3.630699921E0,8.082741852E0
4.563132375E1,-5.235812073E0,-3.535946960E0,7.678282928E0
4.564130075E1,-5.000501404E0,-3.304378510E0,7.303013306E0
4.565127775E1,-4.730013885E0,-3.161126404E0,7.054979095E0
4.566125475E1,-4.709955597E0,-3.156635742E0,7.113208008E0
4.567123075E1,-4.871020660E0,-3.240611115E0,7.445966034E0
4.568120775E1,-5.142705688E0,-3.472478943E0,7.880811768E0
4.569118375E1,-5.423821106E0,-3.741319885E0,8.237220612E0
4.570115975E1,-5.535339203E0,-3.887865143E0,8.404273224E0
4.571113675E1,-5.458698578E0,-3.814517670E0,8.204289093E0
4.572111275E1,-5.278323669E0,-3.534150696E0,7.738008728E0
4.573108975E1,-5.046605530E0,-3.162772980E0,7.261848907E0
4.574106575E1,-4.869224396E0,-2.952759705E0,6.969955902E0
4.575104275E1,-4.825814667E0,-2.937641144E0,6.990762634E0
4.576101875E1,-4.980742493E0,-3.147654419E0,7.401658173E0
4.577099575E1,-5.242398376E0,-3.486699371E0,7.931705933E0
4.578097175E1,-5.430557098E0,-3.844605103E0,8.328231354E0
4.579094875E1,-5.570366364E0,-3.986210632E0,8.420888672E0
4.580092475E1,-5.429958344E0,-3.853287048E0,8.125103760E0
4.581090175E1,-5.088817749E0,-3.569177856E0,7.624694366E0
4.582087775E1,-4.830005951E0,-3.326682129E0,7.282356262E0
4.583085475E1,-4.752916260E0,-3.152444458E0,7.237449646E0
4.584083075E1,-4.866829376E0,-3.090473328E0,7.420818329E0
4.585080675E1,-5.165608063E0,-3.258723450E0,7.712411957E0
4.586078375E1,-5.417534180E0,-3.554957428E0,8.023165741E0
4.587075975E1,-5.520669708E0,-3.820654907E0,8.223299561E0
4.588073675E1,-5.518723755E0,-3.900588684E0,8.226143646E0
4.589071275E1,-5.321434021E0,-3.761827240E0,7.917036438E0
4.590068975E1,-5.104085999E0,-3.460204468E0,7.487729187E0
4.591066575E1,-4.947960663E0,-3.155288544E0,7.138655090E0
4.592064275E1,-4.812192993E0,-3.029849396E0,6.981332245E0
4.593061875E1,-4.832700348E0,-3.100203094E0,7.104675751E0
4.594059575E1,-5.005441132E0,-3.324287109E0,7.474855957E0
4.595057175E1,-5.216352539E0,-3.590433655E0,7.854316864E0
4.596054875E1,-5.343737640E0,-3.832180939E0,8.029003601E0
4.597052475E1,-5.429958344E0,-3.899989929E0,8.077951813E0
4.598050175E1,-5.344935150E0,-3.772006073E0,7.872728577E0
4.599047775E1,-5.129533081E0,-3.550317078E0,7.490722961E0
4.600045375E1,-5.031037903E0,-3.322490845E0,7.273674316E0
4.601043075E1,-5.012775879E0,-3.126248932E0,7.251071320E0
4.602040675E1,-5.022954712E0,-3.136427765E0,7.324867859E0
4.603038375E1,-5.194947052E0,-3.348536682E0,7.595505066E0
4.604035975E1,-5.433700562E0,-3.578458557E0,7.992629242E0
4.605033675E1,-5.573360138E0,-3.784280548E0,8.226293335E0
4.606031275E1,-5.567522278E0,-3.778891754E0,8.127349091E0
4.607028975E1,-5.350623322E0,-3.591182098E0,7.786507874E0
4.608026575E1,-5.127886505E0,-3.356919250E0,7.417525177E0
4.609024275E1,-4.924010468E0,-3.160976715E0,7.197482758E0
4.610021875E1,-4.896467743E0,-3.143762512E0,7.257208557E0
4.611019575E1,-5.052593079E0,-3.225642242E0,7.525151367E0
4.612017175E1,-5.249733124E0,-3.437900848E0,7.864196320E0
4.613014875E1,-5.484295349E0,-3.664230194E0,8.163274384E0
4.614012475E1,-5.555397491E0,-3.718267822E0,8.220754852E0
4.615010075E1,-5.425767059E0,-3.654949493E0,7.999814301E0
4.616007775E1,-5.208868103E0,-3.457959137E0,7.614964600E0
4.617005375E1,-4.943769379E0,-3.182531891E0,7.303013306E0
4.618003075E1,-4.846920776E0,-3.020718384E0,7.163503418E0
4.619000675E1,-4.871918793E0,-3.014880524E0,7.264692993E0
4.619998375E1,-5.022206268E0,-3.129093018E0,7.554490356E0
4.620995975E1,-5.239254913E0,-3.429069214E0,7.855514374E0
4.621993675E1,-5.430706787E0,-3.695515137E0,8.155340881E0
4.622991275E1,-5.469326477E0,-3.778442688E0,8.189020844E0
4.623988975E1,-5.301375732E0,-3.667972412E0,7.861352234E0
4.624986575E1,-5.105732574E0,-3.412154388E0,7.485034790E0
4.625984275E1,-4.882846069E0,-3.156635742E0,7.172933807E0
4.626981875E1,-4.792883148E0,-3.099903717E0,7.046446838E0
4.627979575E1,-4.887785797E0,-3.152145081E0,7.250622253E0
4.628977175E1,-5.086123352E0,-3.373534698E0,7.627388763E0
4.629974775E1,-5.316793671E0,-3.727249146E0,8.010142822E0
4.630972475E1,-5.519921265E0,-3.938609619E0,8.297096100E0
4.631970075E1,-5.551206207E0,-3.963907013E0,8.215216370E0
4.632967775E1,-5.313650208E0,-3.824696503E0,7.774682465E0
4.633965375E1,-5.052593079E0,-3.532055054E0,7.375612335E0
4.634963075E1,-4.839436340E0,-3.272644501E0,7.151977386E0
4.635960675E1,-4.826563110E0,-3.173101501E0,7.118746490E0
4.636958375E1,-5.010380859E0,-3.243604889E0,7.357050934E0
4.637955975E1,-5.243446198E0,-3.465443573E0,7.725285187E0
4.638953675E1,-5.406157837E0,-3.767814789E0,7.990234222E0
4.639951275E1,-5.462291107E0,-3.949836273E0,8.094567261E0
4.640948975E1,-5.345384216E0,-3.863465881E0,7.886799316E0
4.641946575E1,-5.088368683E0,-3.666924591E0,7.497608643E0
4.642944275E1,-4.927453308E0,-3.400328979E0,7.243886261E0
4.643941875E1,-4.852758636E0,-3.245550842E0,7.208260345E0
4.644939575E1,-4.957540741E0,-3.241359558E0,7.358398132E0
4.645937175E1,-5.203329620E0,-3.380121002E0,7.670349426E0
4.646934775E1,-5.392087097E0,-3.632795563E0,7.964637451E0
4.647932475E1,-5.497018890E0,-3.862418060E0,8.111033020E0
4.648930075E1,-5.480702820E0,-3.896247711E0,8.082143097E0
4.649927775E1,-5.276527405E0,-3.731290741E0,7.751031647E0
4.650925375E1,-5.028343506E0,-3.505709839E0,7.372618561E0
4.651923075E1,-4.928351440E0,-3.273692322E0,7.194189606E0
4.652920675E1,-4.846471710E0,-3.165467377E0,7.161407776E0
4.653918375E1,-4.942422180E0,-3.267255707E0,7.335346069E0
4.654915975E1,-5.209017792E0,-3.443139954E0,7.731572113E0
4.655913675E1,-5.361849976E0,-3.716770935E0,8.020770721E0
4.656911275E1,-5.470374298E0,-3.946692810E0,8.123008118E0
4.657908975E1,-5.448220367E0,-3.871399384E0,8.032895508E0
4.658906575E1,-5.246889038E0,-3.640878754E0,7.715405731E0
4.659904275E1,-5.071004791E0,-3.399580536E0,7.368576965E0
4.660901875E1,-4.932692413E0,-3.154839478E0,7.220534821E0
4.661899575E1,-4.942422180E0,-3.080144806E0,7.262297974E0
4.662897175E1,-5.072950745E0,-3.214116211E0,7.500452728E0
4.663894775E1,-5.273982697E0,-3.472478943E0,7.904312897E0
4.664892475E1,-5.506149902E0,-3.699407043E0,8.227041779E0
4.665890063E1,-5.489983521E0,-3.757785645E0,8.140072632E0
4.666887762E1,-5.309309235E0,-3.687431946E0,7.793243866E0
4.667885362E1,-5.042414246E0,-3.453468475E0,7.382198639E0
4.668883063E1,-4.751569061E0,-3.230132904E0,7.103478241E0
4.669880663E1,-4.732259216E0,-3.179987183E0,7.102580109E0
4.670878362E1,-4.847220154E0,-3.275937653E0,7.382797394E0
4.671875962E1,-5.267097015E0,-3.416794739E0,7.865992584E0
4.672873663E1,-5.629194031E0,-3.281027069E0,8.052804108E0
4.673871263E1,-5.449118500E0,-2.721640320E0,7.731123047E0
4.674868962E1,-4.990023193E0,-2.319277039E0,6.997798004E0
4.675866563E1,-4.771178284E0,-1.828896790E0,6.526577911E0
4.676864263E1,-4.554728394E0,-1.718127136E0,6.521039429E0
4.677861863E1,-4.544549561E0,-2.327958984E0,6.940766602E0
4.678859562E1,-4.744084625E0,-3.116818542E0,7.879314880E0
4.679857163E1,-5.471871185E0,-3.383713531E0,9.020092621E0
4.680854863E1,-6.163582764E0,-3.573668518E0,9.483229523E0
4.681852462E1,-6.296356659E0,-3.607198792E0,9.333091736E0
4.682850062E1,-6.081553345E0,-2.926264801E0,8.763975220E0
4.683847763E1,-5.466033325E0,-1.844763794E0,7.780370636E0
4.684845363E1,-4.633764038E0,-1.669328613E0,6.894662476E0
4.685843062E1,-4.453389130E0,-2.036814423E0,6.917415161E0
4.686840662E1,-4.913382568E0,-2.073937225E0,7.635471954E0
4.687838363E1,-5.395380249E0,-2.233954468E0,8.123756561E0
4.688835963E1,-5.772595825E0,-3.022963715E0,8.311316528E0
4.689833662E1,-5.967939606E0,-3.717220001E0,8.621471558E0
4.690831263E1,-5.818550262E0,-3.789220276E0,8.836723938E0
4.691828963E1,-5.419031067E0,-3.456013184E0,8.406518555E0
4.692826562E1,-4.931195526E0,-2.981499939E0,7.604486389E0
4.693824262E1,-4.775070190E0,-2.415077820E0,7.027286682E0
4.694821863E1,-4.780009918E0,-1.902843018E0,6.689289551E0
4.695819563E1,-4.648283844E0,-1.782343597E0,6.484216003E0
4.696817162E1,-4.640500031E0,-2.083816681E0,6.705904999E0
4.697814862E1,-4.905000000E0,-2.489024048E0,7.431446228E0
4.698812463E1,-5.325325928E0,-2.760559387E0,8.253386993E0
4.699810063E1,-5.625451813E0,-2.935395813E0,8.565937042E0
4.700807762E1,-5.660928040E0,-2.890489197E0,8.403225403E0
4.701805363E1,-5.460195465E0,-2.629881134E0,7.908504181E0
4.702803063E1,-4.982389069E0,-2.405946808E0,7.320975952E0
4.703800662E1,-4.642445984E0,-2.355202332E0,7.079528046E0
4.704798362E1,-4.737797699E0,-2.378404083E0,7.324418793E0
4.705795963E1,-5.078189850E0,-2.484832764E0,7.766898651E0
4.706793663E1,-5.420977020E0,-2.671943665E0,8.138426056E0
4.707791262E1,-5.613177338E0,-2.828817444E0,8.266110535E0
4.708788962E1,-5.515580292E0,-2.906655579E0,8.152496796E0
4.709786563E1,-5.199737091E0,-2.973416748E0,7.835905151E0
4.710784263E1,-4.887486420E0,-2.974464569E0,7.481891327E0
4.711781862E1,-4.678670654E0,-2.921774139E0,7.321724396E0
4.712779563E1,-4.854405212E0,-2.855611725E0,7.329208832E0
4.713777163E1,-5.038372650E0,-2.877017212E0,7.402406616E0
4.714774862E1,-5.319488068E0,-2.881507874E0,7.553592224E0
4.715772462E1,-5.389692078E0,-2.952610016E0,7.642806702E0
4.716770163E1,-5.228327637E0,-2.984044647E0,7.655829620E0
4.717767763E1,-5.146298218E0,-2.902913361E0,7.653284912E0
4.718765362E1,-5.103936310E0,-2.756817169E0,7.610623627E0
4.719763062E1,-5.045108643E0,-2.647843781E0,7.580236816E0
4.720760663E1,-5.044809265E0,-2.561174011E0,7.587122498E0
4.721758363E1,-5.069058838E0,-2.421065369E0,7.655081177E0
4.722755962E1,-5.120701447E0,-2.393672333E0,7.806416473E0
4.723753663E1,-5.281317444E0,-2.414179688E0,8.027806091E0
4.724751263E1,-5.404810638E0,-2.414928131E0,8.233029327E0
4.725748963E1,-5.511538696E0,-2.503693542E0,8.396339722E0
4.726746562E1,-5.548960876E0,-2.540966034E0,8.427924042E0
4.727744263E1,-5.466033325E0,-2.553240509E0,8.385412445E0
4.728741863E1,-5.421276398E0,-2.536774750E0,8.258027344E0
4.729739562E1,-5.436095581E0,-2.455344086E0,8.174351349E0
4.730737162E1,-5.420527954E0,-2.390229492E0,7.989336090E0
4.731734863E1,-5.388644257E0,-2.346221008E0,7.760911102E0
4.732732463E1,-5.242697754E0,-2.330653381E0,7.528893585E0
4.733730162E1,-4.977599030E0,-2.364782410E0,7.355254669E0
4.734727762E1,-4.692891083E0,-2.525847473E0,7.291936340E0
4.735725463E1,-4.546046448E0,-2.721191254E0,7.464228058E0
4.736723063E1,-4.671635284E0,-2.884950714E0,7.784112854E0
4.737720762E1,-4.979544983E0,-2.953957214E0,8.013885040E0
4.738718363E1,-5.234015808E0,-2.897075500E0,7.995173950E0
4.739715963E1,-5.154680786E0,-2.807711334E0,7.693401489E0
4.740713662E1,-4.883744202E0,-2.708318024E0,7.333250427E0
4.741711262E1,-4.618046722E0,-2.497705994E0,6.935527496E0
4.742708963E1,-4.308789825E0,-2.330354004E0,6.510561218E0
4.743706563E1,-4.129462738E0,-2.252815247E0,6.302044830E0
4.744704262E1,-4.104764099E0,-2.286644897E0,6.445746002E0
4.745701862E1,-4.249662781E0,-2.490820312E0,7.043303375E0
4.746699563E1,-4.681963806E0,-2.836451569E0,8.002508698E0
4.747697163E1,-5.134023743E0,-3.041824493E0,8.794811096E0
4.748694862E1,-5.496420135E0,-3.116668854E0,9.174421692E0
4.749692463E1,-5.754932556E0,-3.001558228E0,9.071136475E0
4.750690163E1,-5.636528778E0,-2.649789734E0,8.597820740E0
4.751687762E1,-5.233566742E0,-2.328108673E0,8.007298737E0
4.752685462E1,-4.985233154E0,-2.267933807E0,7.674241333E0
4.753683063E1,-4.995861053E0,-2.388283539E0,7.845185852E0
4.754680763E1,-5.212310944E0,-2.667153625E0,8.388406219E0
4.755678362E1,-5.632936249E0,-2.994373169E0,9.052874451E0
4.756676062E1,-5.960006104E0,-3.182382202E0,9.464368744E0
4.757673663E1,-5.960604858E0,-3.117267609E0,9.232051849E0
4.758671263E1,-5.514083405E0,-2.813249817E0,8.448880463E0
4.759668962E1,-4.767436066E0,-2.421813812E0,7.464826813E0
4.760666563E1,-4.191433868E0,-2.127376099E0,6.734196167E0
4.761664263E1,-3.763623505E0,-2.031575317E0,6.431375885E0
4.762661863E1,-3.704047394E0,-2.196083221E0,6.635102234E0
4.763659562E1,-4.216132507E0,-2.516716461E0,7.398365021E0
4.764657163E1,-4.762496338E0,-2.775079193E0,8.259823608E0
4.765654887E1,-4.941973114E0,-2.938688965E0,8.587641907E0
4.766652487E1,-4.995561676E0,-2.918181610E0,8.584648132E0
4.767650188E1,-4.929998016E0,-2.737956390E0,8.428373108E0
4.768647788E1,-4.767136688E0,-2.554438019E0,8.261320496E0
4.769645487E1,-4.793332214E0,-2.376009064E0,8.166118469E0
4.770643087E1,-4.914430389E0,-2.270777893E0,8.158184967E0
4.771640788E1,-5.031037903E0,-2.218386841E0,8.092621307E0
4.772638388E1,-5.138664093E0,-2.157912598E0,8.021668854E0
4.773636087E1,-5.141059113E0,-2.164798279E0,8.004604340E0
4.774633688E1,-5.090015259E0,-2.271077271E0,8.040679321E0
4.775631388E1,-5.037624207E0,-2.333347778E0,7.946375427E0
4.776628987E1,-4.835993500E0,-2.312091980E0,7.646848297E0
4.777626687E1,-4.489763489E0,-2.370769958E0,7.272177429E0
4.778624288E1,-4.230352936E0,-2.509830780E0,7.052883453E0
4.779621988E1,-4.083508301E0,-2.626587982E0,7.187603302E0
4.780619587E1,-4.251009979E0,-2.866688690E0,7.629334717E0
4.781617187E1,-4.638554077E0,-3.156785431E0,8.069868622E0
4.782614888E1,-4.922214203E0,-3.277883606E0,8.236921234E0
4.783612488E1,-4.988226929E0,-3.253484344E0,8.154742126E0
4.784610187E1,-4.830305328E0,-3.199446716E0,8.022417297E0
4.785607788E1,-4.685706024E0,-3.200943604E0,8.149952087E0
4.786605488E1,-4.839586029E0,-3.292253723E0,8.480315094E0
4.787603087E1,-5.156027985E0,-3.362757111E0,8.809031525E0
4.788600787E1,-5.602549438E0,-3.256927185E0,8.860524445E0
4.789598388E1,-5.772895203E0,-2.927312622E0,8.509504395E0
4.790596088E1,-5.455555115E0,-2.516117706E0,7.914342041E0
4.791593687E1,-5.079237671E0,-2.226020966E0,7.353907471E0
4.792591387E1,-4.686155090E0,-2.085014191E0,7.042704620E0
4.793588988E1,-4.476890259E0,-2.030677185E0,7.119494934E0
4.794586688E1,-4.713548126E0,-2.054028625E0,7.432943115E0
4.795584287E1,-4.992268524E0,-2.173929291E0,7.835007019E0
4.796581988E1,-5.275479584E0,-2.328408051E0,8.057294769E0
4.797579588E1,-5.306614838E0,-2.363435211E0,7.974816284E0
4.798577287E1,-4.901557159E0,-2.366129608E0,7.790100403E0
4.799574887E1,-4.626279602E0,-2.406246185E0,7.667056274E0
4.800572588E1,-4.619842987E0,-2.524051208E0,7.846533051E0
4.801570188E1,-4.871918793E0,-2.720442810E0,8.315507812E0
4.802567887E1,-5.407055969E0,-2.793490906E0,8.790170746E0
4.803565487E1,-5.726491699E0,-2.757116547E0,8.908724213E0
4.804563088E1,-5.628894653E0,-2.653082886E0,8.514444122E0
4.805560788E1,-5.280269623E0,-2.449356537E0,7.830366669E0
4.806558387E1,-4.811893616E0,-2.344873810E0,7.251370697E0
4.807556088E1,-4.575235748E0,-2.320474548E0,6.975344696E0
4.808553688E1,-4.532724152E0,-2.402503967E0,7.092101898E0
4.809551388E1,-4.678221588E0,-2.667453003E0,7.485932922E0
4.810548987E1,-5.130880280E0,-2.920576630E0,7.931855621E0
4.811546688E1,-5.284909973E0,-3.075205078E0,8.018675079E0
4.812544288E1,-5.122497711E0,-3.109334106E0,7.732021179E0
4.813541987E1,-4.883295135E0,-3.001558228E0,7.317533112E0
4.814539587E1,-4.540657654E0,-2.894081726E0,7.054530029E0
4.815537288E1,-4.439617767E0,-2.757116547E0,7.164551239E0
4.816534888E1,-4.744084625E0,-2.834954681E0,7.544311523E0
4.817532587E1,-5.142256622E0,-3.016078033E0,8.057743835E0
4.818530187E1,-5.599705353E0,-3.116968231E0,8.340805206E0
4.819527888E1,-5.795198822E0,-3.107388153E0,8.339458008E0
4.820525488E1,-5.556145935E0,-2.891986084E0,8.034242706E0
4.821523187E1,-5.163811798E0,-2.656974792E0,7.632029114E0
4.822520788E1,-4.889432373E0,-2.555186462E0,7.426356812E0
4.823518488E1,-4.954397278E0,-2.463277588E0,7.543862457E0
4.824516087E1,-5.076842651E0,-2.499502258E0,7.798033905E0
4.825513787E1,-5.299130402E0,-2.520907745E0,8.057145081E0
4.826511388E1,-5.542224884E0,-2.471211090E0,8.123756561E0
4.827509088E1,-5.593119049E0,-2.390528870E0,7.931256866E0
4.828506687E1,-5.301076355E0,-2.339934082E0,7.524103546E0
4.829504287E1,-4.954097900E0,-2.327360229E0,7.230264587E0
4.830501988E1,-4.811145172E0,-2.350711670E0,7.287894745E0
4.831499588E1,-4.901706848E0,-2.462529144E0,7.641160126E0
4.832497287E1,-5.170547791E0,-2.615061951E0,8.064330139E0
4.833494888E1,-5.556894379E0,-2.702929230E0,8.474028168E0
4.834492588E1,-5.878276062E0,-2.744991760E0,8.530011749E0
4.835490188E1,-5.757028198E0,-2.722987518E0,8.186326447E0
4.836487887E1,-5.315596161E0,-2.605481873E0,7.674989777E0
4.837485488E1,-4.939278717E0,-2.496209106E0,7.364086304E0
4.838483188E1,-4.846322021E0,-2.505340118E0,7.489824829E0
4.839480787E1,-5.085973663E0,-2.582878876E0,7.821385345E0
4.840478487E1,-5.480702820E0,-2.653531952E0,8.134384460E0
4.841476088E1,-5.798641663E0,-2.731968842E0,8.257877655E0
4.842473788E1,-5.778583374E0,-2.831661530E0,8.020171967E0
4.843471387E1,-5.471571808E0,-2.769690399E0,7.663164368E0
4.844469088E1,-5.169050903E0,-2.616259460E0,7.386988678E0
4.845466688E1,-5.024152222E0,-2.480192413E0,7.290738831E0
4.846464387E1,-5.112318878E0,-2.454296265E0,7.517367554E0
4.847461987E1,-5.432503052E0,-2.514171753E0,7.878416748E0
4.848459688E1,-5.730682983E0,-2.600841522E0,8.186925201E0
4.849457288E1,-5.937552795E0,-2.746638336E0,8.174051971E0
4.850454987E1,-5.725593567E0,-2.901566162E0,7.911348267E0
4.851452587E1,-5.375321960E0,-2.874771881E0,7.624694366E0
4.852450288E1,-5.154231720E0,-2.711461487E0,7.487579498E0
4.853447888E1,-5.127138062E0,-2.575544128E0,7.636819153E0
4.854445587E1,-5.311704254E0,-2.588567047E0,7.930807800E0
4.855443188E1,-5.588329010E0,-2.662513275E0,8.184829559E0
4.856440788E1,-5.860313416E0,-2.662064209E0,8.293204193E0
4.857438488E1,-5.780080261E0,-2.723137207E0,7.982151031E0
4.858436087E1,-5.394631805E0,-2.606080627E0,7.562274170E0
4.859433788E1,-5.048701172E0,-2.407892761E0,7.277117157E0
4.860431388E1,-4.891378326E0,-2.223925323E0,7.184609528E0
4.861429087E1,-4.988675995E0,-2.210752716E0,7.457641754E0
4.862426687E1,-5.400769043E0,-2.317031708E0,7.900570679E0
4.863424388E1,-5.792504425E0,-2.439926147E0,8.232430573E0
4.864421988E1,-5.923931122E0,-2.618654480E0,8.136480103E0
4.865419625E1,-5.673352203E0,-2.744991760E0,7.757917328E0
4.866417225E1,-5.327720947E0,-2.670895844E0,7.543413391E0
4.867414925E1,-5.065316620E0,-2.523751831E0,7.503296814E0
4.868412525E1,-5.049299927E0,-2.454445953E0,7.659272461E0
4.869410225E1,-5.434898071E0,-2.406695251E0,7.984995117E0
4.870407825E1,-5.796995087E0,-2.378553772E0,8.229885864E0
4.871405525E1,-5.923482056E0,-2.418221283E0,8.225993958E0
4.872403125E1,-5.708978119E0,-2.488874359E0,7.905660095E0
4.873400825E1,-5.466931458E0,-2.481689301E0,7.737260284E0
4.874398425E1,-5.376070404E0,-2.384691010E0,7.710765381E0
4.875396125E1,-5.329966278E0,-2.408940582E0,7.735164642E0
4.876393725E1,-5.560935974E0,-2.438578949E0,7.898325348E0
4.877391425E1,-5.892795868E0,-2.419119415E0,8.073610840E0
4.878389025E1,-5.943690033E0,-2.522404633E0,8.082741852E0
4.879386725E1,-5.782175903E0,-2.711461487E0,7.912845154E0
4.880384325E1,-5.577850800E0,-2.720592499E0,7.814649353E0
4.881382025E1,-5.403912506E0,-2.622247009E0,7.730374603E0
4.882379625E1,-5.323080597E0,-2.593656464E0,7.616910553E0
4.883377225E1,-5.439089355E0,-2.460433502E0,7.764803009E0
4.884374925E1,-5.718558197E0,-2.359992371E0,8.026758270E0
4.885372525E1,-5.857169952E0,-2.380050659E0,8.111033020E0
4.886370225E1,-5.825885010E0,-2.441123657E0,8.003107452E0
4.887367825E1,-5.667963409E0,-2.438429260E0,7.813451843E0
4.888365525E1,-5.483995972E0,-2.374212799E0,7.711214447E0
4.889363125E1,-5.320386200E0,-2.368225250E0,7.660320282E0
4.890360825E1,-5.432203674E0,-2.330803070E0,7.803871765E0
4.891358425E1,-5.717809753E0,-2.263143768E0,8.073311462E0
4.892356125E1,-5.836213531E0,-2.369871826E0,8.178542633E0
4.893353725E1,-5.853427734E0,-2.373314667E0,8.102351074E0
4.894351425E1,-5.662873993E0,-2.209704895E0,7.834707642E0
4.895349025E1,-5.355862427E0,-2.163301392E0,7.643704834E0
4.896346725E1,-5.225483551E0,-2.131717072E0,7.631430359E0
4.897344325E1,-5.279521179E0,-2.117796021E0,7.808063049E0
4.898342025E1,-5.619314575E0,-2.144141235E0,8.083041229E0
4.899339625E1,-5.861211548E0,-2.262245636E0,8.150251465E0
4.900337325E1,-5.908363495E0,-2.440973969E0,8.102650452E0
4.901334925E1,-5.842949524E0,-2.371967468E0,7.994874573E0
4.902332625E1,-5.455255737E0,-2.352807312E0,7.826624451E0
4.903330225E1,-5.246439972E0,-2.302062836E0,7.664062500E0
4.904327925E1,-5.316643982E0,-2.118993530E0,7.680677948E0
4.905325525E1,-5.600304108E0,-2.070943451E0,7.853119354E0
4.906323225E1,-5.897885284E0,-2.171085205E0,7.903564453E0
4.907320825E1,-5.994135132E0,-2.239942017E0,7.896229706E0
4.908318525E1,-5.979765015E0,-2.279609528E0,7.789351959E0
4.909316125E1,-5.640270996E0,-2.414029999E0,7.625143433E0
4.910313825E1,-5.478756866E0,-2.453697510E0,7.705376587E0
4.911311425E1,-5.671855316E0,-2.331102448E0,7.837701416E0
4.912309125E1,-5.862558746E0,-2.232906647E0,7.912994843E0
4.913306725E1,-6.101461945E0,-2.248025208E0,7.812404022E0
4.914304425E1,-6.115083618E0,-2.225272522E0,7.735014954E0
4.915302025E1,-5.968388672E0,-2.134112091E0,7.783065033E0
4.916299725E1,-5.690865784E0,-2.240091705E0,7.714058533E0
4.917297325E1,-5.538782043E0,-2.235451355E0,7.823780365E0
4.918294925E1,-5.791306915E0,-2.069446564E0,7.951764221E0
4.919292625E1,-5.953120422E0,-2.055375824E0,8.001311188E0
4.920290225E1,-6.027066650E0,-2.106419678E0,7.956554260E0
4.921287925E1,-6.035299530E0,-2.129771118E0,7.899073792E0
4.922285525E1,-5.915847931E0,-2.024989014E0,7.920179901E0
4.923283225E1,-5.664969635E0,-2.023941193E0,7.796537018E0
4.924280825E1,-5.513185272E0,-2.009421387E0,7.688461761E0
4.925278525E1,-5.682483215E0,-1.846859436E0,7.818840637E0
4.926276125E1,-5.751639404E0,-1.919458466E0,7.955506439E0
4.927273825E1,-5.930816803E0,-1.977088623E0,8.063282318E0
4.928271425E1,-6.152954865E0,-1.925446014E0,8.157586212E0
4.929269125E1,-6.145919495E0,-1.927990723E0,8.134384460E0
4.930266725E1,-5.838458862E0,-2.062710571E0,7.970625000E0
4.931264425E1,-5.693560181E0,-2.074086914E0,7.950866089E0
4.932262025E1,-5.909111938E0,-1.823358307E0,8.078999634E0
4.933259725E1,-5.930966492E0,-1.880838776E0,8.035290527E0
4.934257325E1,-6.058201904E0,-1.899849243E0,7.904163208E0
4.935255025E1,-6.080954590E0,-1.726060638E0,7.841144257E0
4.936252625E1,-5.821394348E0,-1.739233246E0,7.752678223E0
4.937250325E1,-5.585484924E0,-1.857187958E0,7.689509583E0
4.938247925E1,-5.577701111E0,-1.781744843E0,7.832013245E0
4.939245625E1,-5.776936798E0,-1.694775696E0,8.054300995E0
4.940243225E1,-5.926625519E0,-1.818867645E0,8.051307220E0
4.941240925E1,-6.050717468E0,-1.864822083E0,8.047714691E0
4.942238525E1,-6.122118988E0,-1.788331146E0,8.139922943E0
4.943236225E1,-5.813760223E0,-1.915267181E0,8.049510956E0
4.944233825E1,-5.651048584E0,-1.954785004E0,7.986192627E0
4.945231525E1,-5.809868317E0,-1.756896515E0,8.099506989E0
4.946229125E1,-5.978866882E0,-1.660946045E0,8.174800415E0
4.947226825E1,-6.129902802E0,-1.708846436E0,8.109685822E0
4.948224425E1,-6.228697357E0,-1.648821259E0,8.106542358E0
4.949222125E1,-6.185437317E0,-1.541045380E0,8.102650452E0
4.950219725E1,-5.863007812E0,-1.649270325E0,7.990234222E0
4.951217425E1,-5.776787109E0,-1.655257874E0,8.006999359E0
4.952215025E1,-5.912704468E0,-1.486109619E0,8.155640259E0
4.953212725E1,-6.016887817E0,-1.513203278E0,8.196355591E0
4.954210325E1,-6.173013153E0,-1.570833435E0,8.221353607E0
4.955208025E1,-6.266269226E0,-1.520687714E0,8.308771820E0
4.956205625E1,-6.117328949E0,-1.532812500E0,8.295000458E0
4.957203325E1,-5.908363495E0,-1.568588104E0,8.208181000E0
4.958200925E1,-5.866151276E0,-1.466500397E0,8.232131195E0
4.959198525E1,-5.861211548E0,-1.356778564E0,8.285719757E0
4.960196225E1,-5.895190887E0,-1.291514282E0,8.270601196E0
4.961193825E1,-6.042334900E0,-1.210233307E0,8.255482635E0
4.962191525E1,-6.088738403E0,-1.178050232E0,8.275391235E0
4.963189125E1,-5.955365753E0,-1.253343658E0,8.271199951E0
4.964186825E1,-5.819448395E0,-1.307980042E0,8.271499329E0
4.965184425E1,-5.830525360E0,-1.236728210E0,8.311765594E0
4.966182162E1,-5.929619293E0,-1.242117004E0,8.307873688E0
4.967179763E1,-5.985752563E0,-1.277144165E0,8.288713531E0
4.968177463E1,-6.153703308E0,-1.161285095E0,8.296347656E0
4.969175062E1,-6.137536926E0,-1.213227081E0,8.294401703E0
4.970172762E1,-6.056255951E0,-1.305285645E0,8.327482910E0
4.971170363E1,-6.037694550E0,-1.268911285E0,8.398285675E0
4.972168063E1,-6.040688324E0,-1.197060699E0,8.392747192E0
4.973165662E1,-6.131100311E0,-1.138682098E0,8.313262482E0
4.974163363E1,-6.160738678E0,-1.067130890E0,8.246201935E0
4.975160963E1,-6.086642761E0,-1.022224274E0,8.222251740E0
4.976158663E1,-6.011798401E0,-9.928852844E-1,8.258476410E0
4.977156262E1,-5.986800385E0,-1.023870850E0,8.290958862E0
4.978153963E1,-5.980363770E0,-1.031504974E0,8.340954895E0
4.979151563E1,-6.003565521E0,-9.849517822E-1,8.334967346E0
4.980149262E1,-6.113736420E0,-9.871971130E-1,8.287665710E0
4.981146862E1,-6.207291870E0,-9.180409241E-1,8.332871704E0
4.982144563E1,-6.037844238E0,-9.409432983E-1,8.289911041E0
4.983142163E1,-5.977669373E0,-8.506809998E-1,8.312663727E0
4.984139862E1,-6.005212097E0,-7.804769897E-1,8.361312561E0
4.985137462E1,-5.986351318E0,-8.503816223E-1,8.366102600E0
4.986135163E1,-6.070626068E0,-8.896000671E-1,8.424930267E0
4.987132763E1,-6.236181793E0,-7.749385071E-1,8.529113617E0
4.988130462E1,-6.334377594E0,-7.071295166E-1,8.604706421E0
4.989128063E1,-6.213129730E0,-7.581733704E-1,8.511749725E0
4.990125763E1,-6.136938171E0,-7.252418518E-1,8.481662292E0
4.991123362E1,-6.151907043E0,-6.553372192E-1,8.476722565E0
4.992121062E1,-6.203998718E0,-6.550378418E-1,8.546627197E0
4.993118663E1,-6.221063232E0,-6.767427063E-1,8.555009766E0
4.994116363E1,-6.217770081E0,-5.438191223E-1,8.538993073E0
4.995113962E1,-6.201903076E0,-3.776646423E-1,8.503217468E0
4.996111662E1,-6.050418091E0,-4.031117249E-1,8.386759644E0
4.997109263E1,-5.928421783E0,-5.026547241E-1,8.398435364E0
4.998106963E1,-6.023923187E0,-4.502636719E-1,8.587492218E0
4.999104562E1,-6.201004944E0,-4.046086121E-1,8.823551331E0
5.000102263E1,-6.262976074E0,-4.535568237E-1,8.809779968E0
5.001099863E1,-6.281836853E0,-3.835025024E-1,8.726553040E0
5.002097562E1,-6.269861755E0,-2.299218750E-1,8.581953735E0
5.003095162E1,-6.065985718E0,-2.345622253E-1,8.392447815E0
5.004092863E1,-5.951623535E0,-2.168989563E-1,8.352181549E0
5.005090463E1,-6.090235291E0,-1.137634277E-1,8.559949493E0
5.006088162E1,-6.276897125E0,-2.215393066E-2,8.710236969E0
5.007085762E1,-6.258485413E0,-6.137237549E-3,8.678952026E0
5.008083463E1,-6.228847046E0,4.760101318E-2,8.577014008E0
5.009081063E1,-6.249055023E0,4.385879517E-2,8.519982605E0
5.010078662E1,-6.068081360E0,-1.423539734E-1,8.546627197E0
5.011076363E1,-6.045328674E0,-1.710942078E-1,8.675359497E0
5.012073963E1,-6.353238373E0,5.942642212E-2,8.877139893E0
5.013071663E1,-6.443500671E0,1.275347900E-1,8.881630554E0
5.014069262E1,-6.252348175E0,7.349716187E-2,8.658594360E0
5.015066963E1,-6.091432800E0,1.477427673E-1,8.424331512E0
5.016064563E1,-6.027515717E0,2.652484131E-1,8.363857269E0
5.017062262E1,-5.997727661E0,2.171983337E-1,8.440797272E0
5.018059862E1,-6.038293304E0,1.772314453E-1,8.589138794E0
5.019057563E1,-6.282285919E0,3.588038635E-1,8.793912964E0
5.020055163E1,-6.365662537E0,3.864962769E-1,8.780141602E0
5.021052862E1,-6.227200470E0,3.264710999E-1,8.588989105E0
5.022050463E1,-6.110592957E0,3.141966248E-1,8.481512604E0
5.023048163E1,-6.216722260E0,3.944297791E-1,8.526269531E0
5.024045763E1,-6.140231323E0,3.799099731E-1,8.603059845E0
5.025043462E1,-6.181096344E0,4.167333984E-1,8.680598602E0
5.026041063E1,-6.364165649E0,5.751040649E-1,8.749605103E0
5.027038763E1,-6.318510590E0,5.914201355E-1,8.660240936E0
5.028036362E1,-6.148464203E0,5.918692017E-1,8.503666534E0
5.029034062E1,-6.163433075E0,6.111790466E-1,8.504265289E0
5.030031663E1,-6.284231873E0,6.571334839E-1,8.668024750E0
5.031029363E1,-6.243815918E0,6.786886597E-1,8.782686310E0
5.032026962E1,-6.325995026E0,8.150550842E-1,8.811276855E0
5.033024663E1,-6.387217712E0,8.997789001E-1,8.692424011E0
5.034022263E1,-6.244714050E0,8.328680420E-1,8.556955719E0
5.035019963E1,-6.143374786E0,7.973918152E-1,8.543483734E0
5.036017562E1,-6.225104828E0,8.608598328E-1,8.655899963E0
5.037015263E1,-6.302194519E0,9.583071899E-1,8.793463898E0
5.038012863E1,-6.414760437E0,1.019829254E0,8.897048492E0
5.039010562E1,-6.439010010E0,9.949809265E-1,8.863218842E0
5.040008162E1,-6.323749695E0,9.554631042E-1,8.769962769E0
5.041005863E1,-6.218368835E0,1.035696259E0,8.701255646E0
5.042003463E1,-6.149212646E0,1.076112213E0,8.732839966E0
5.043001162E1,-6.182593231E0,1.136137390E0,8.857979736E0
5.043998762E1,-6.196663971E0,1.237177277E0,8.901838531E0
5.044996463E1,-6.115532684E0,1.253792725E0,8.795709229E0
5.045994063E1,-5.990542603E0,1.153052216E0,8.735833740E0
5.046991762E1,-6.039640503E0,1.130598907E0,8.827742615E0
5.047989363E1,-6.170169067E0,1.185534668E0,8.978179779E0
5.048987063E1,-6.290818176E0,1.305135956E0,9.021290131E0
5.049984662E1,-6.282285919E0,1.403331757E0,8.939709778E0
5.050982362E1,-6.183042297E0,1.427431641E0,8.839418335E0
5.051979963E1,-6.017935638E0,1.378932495E0,8.735983429E0
5.052977663E1,-5.955365753E0,1.421743469E0,8.712931366E0
5.053975262E1,-6.015989685E0,1.483864288E0,8.765621796E0
5.054972962E1,-6.186934204E0,1.529219971E0,8.907227325E0
5.055970563E1,-6.181545410E0,1.546134796E0,8.906478882E0
5.056968263E1,-6.000721436E0,1.606908417E0,8.763675842E0
5.057965862E1,-5.888454895E0,1.589544525E0,8.678203583E0
5.058963563E1,-5.911207581E0,1.540296936E0,8.743916931E0
5.059961163E1,-5.961502991E0,1.556014252E0,8.832382965E0
5.060958862E1,-6.074667664E0,1.708846436E0,8.945697327E0
5.061956462E1,-6.084098053E0,1.809736633E0,8.884025574E0
5.062954163E1,-5.908662872E0,1.801503754E0,8.820407867E0
5.063951763E1,-5.842949524E0,1.773212585E0,8.829838257E0
5.064949462E1,-5.869444427E0,1.799557800E0,8.885672150E0
5.065947179E1,-5.943240967E0,1.848056946E0,8.970246277E0
5.066944879E1,-6.010750580E0,1.933978271E0,9.060508575E0
5.067942479E1,-6.011349335E0,1.996099091E0,9.100774841E0
5.068940179E1,-5.886958008E0,1.974244537E0,9.057963867E0
5.069937779E1,-5.799839172E0,1.948947144E0,9.020391998E0
5.070935479E1,-5.821244659E0,1.978735199E0,9.010662231E0
5.071933079E1,-5.887856140E0,2.018552399E0,9.018595734E0
5.072930779E1,-5.928272095E0,2.120640106E0,9.029822388E0
5.073928379E1,-5.831872559E0,2.183808746E0,8.901838531E0
5.074925979E1,-5.697601776E0,2.199975128E0,8.832532654E0
5.075923679E1,-5.702840881E0,2.201172638E0,8.902287598E0
5.076921279E1,-5.764362946E0,2.197131042E0,8.925938416E0
5.077918979E1,-5.692362671E0,2.280657349E0,8.924441528E0
5.078916579E1,-5.659730530E0,2.358495483E0,8.884624329E0
5.079914279E1,-5.614524536E0,2.348316650E0,8.856482849E0
5.080911879E1,-5.584287415E0,2.340532837E0,8.917106781E0
5.081909579E1,-5.669460297E0,2.381397858E0,8.963659973E0
5.082907179E1,-5.687572632E0,2.434088287E0,8.871900787E0
5.083904879E1,-5.681136017E0,2.465971985E0,8.900641022E0
5.084902479E1,-5.685027924E0,2.411185913E0,8.932524719E0
5.085900179E1,-5.657934265E0,2.413281555E0,8.840915222E0
5.086897779E1,-5.669310608E0,2.477048950E0,8.777896271E0
5.087895479E1,-5.717360687E0,2.487078094E0,8.686586151E0
5.088893079E1,-5.630391541E0,2.493963776E0,8.678053894E0
5.089890779E1,-5.638624420E0,2.545307007E0,8.771309967E0
5.090888379E1,-5.574557648E0,2.587519226E0,8.756490784E0
5.091886079E1,-5.492228851E0,2.614762573E0,8.735534363E0
5.092883679E1,-5.551355896E0,2.559527435E0,8.792116699E0
5.093881379E1,-5.645061035E0,2.576292572E0,8.784632263E0
5.094878979E1,-5.579197998E0,2.654879150E0,8.760382690E0
5.095876679E1,-5.522166595E0,2.719844055E0,8.651409302E0
5.096874279E1,-5.373076630E0,2.753224640E0,8.507259064E0
5.097871979E1,-5.328020325E0,2.806962891E0,8.541986847E0
5.098869579E1,-5.376519470E0,2.791245575E0,8.593330078E0
5.099867279E1,-5.384153595E0,2.861299896E0,8.645721130E0
5.100864879E1,-5.438191223E0,2.911146240E0,8.773555298E0
5.101862579E1,-5.517226868E0,2.934198303E0,8.709638214E0
5.102860179E1,-5.345683594E0,2.978206787E0,8.597671051E0
5.103857879E1,-5.316943359E0,3.052153015E0,8.595276031E0
5.104855479E1,-5.352718964E0,3.054098969E0,8.583750000E0
5.105853179E1,-5.316494293E0,3.076552277E0,8.650211792E0
5.106850779E1,-5.324128418E0,3.177891541E0,8.716224518E0
5.107848479E1,-5.267546082E0,3.247945862E0,8.571774902E0
5.108846079E1,-5.131329346E0,3.297792206E0,8.493787079E0
5.109843779E1,-5.174888763E0,3.216211853E0,8.480464783E0
5.110841379E1,-5.194947052E0,3.087329865E0,8.463400269E0
5.111839079E1,-5.159021759E0,3.116070099E0,8.554860077E0
5.112836679E1,-5.145849152E0,3.157982941E0,8.560398560E0
5.113834379E1,-5.026547241E0,3.129242706E0,8.513995056E0
5.114831979E1,-5.052593079E0,3.027753754E0,8.596174164E0
5.115829679E1,-5.107678528E0,2.886896667E0,8.615334320E0
5.116827279E1,-5.156776428E0,2.957100677E0,8.777596893E0
5.117824979E1,-5.314248962E0,3.130290527E0,8.846753082E0
5.118822579E1,-5.119503937E0,3.249442749E0,8.535550232E0
5.119820279E1,-4.900659027E0,3.370091858E0,8.262667694E0
5.120817879E1,-4.849016418E0,3.269650726E0,8.042325897E0
5.121815579E1,-4.869673462E0,3.160527649E0,8.059091034E0
5.122813179E1,-5.071603546E0,3.223247223E0,8.297994232E0
5.123810879E1,-5.144202576E0,3.270698547E0,8.246800690E0
5.124808479E1,-5.052892456E0,3.393143921E0,8.162076874E0
5.125806179E1,-4.935386810E0,3.284918976E0,8.127049713E0
5.126803779E1,-4.851860504E0,3.073558502E0,8.194559326E0
5.127801479E1,-4.963827667E0,3.079695740E0,8.446784821E0
5.128799079E1,-5.113217010E0,3.217708740E0,8.611741791E0
5.129796779E1,-5.067561951E0,3.354075165E0,8.460855560E0
5.130794379E1,-4.964426422E0,3.382815399E0,8.259823608E0
5.131792079E1,-4.800068207E0,3.234174500E0,8.197253723E0
5.132789679E1,-4.789290619E0,3.235072632E0,8.237070923E0
5.133787379E1,-4.843927002E0,3.351979523E0,8.313861237E0
5.134784979E1,-4.944218445E0,3.416495361E0,8.225245514E0
5.135782679E1,-5.002297668E0,3.443289642E0,8.091872864E0
5.136780279E1,-4.877756653E0,3.330723724E0,8.116122437E0
5.137777979E1,-4.913232880E0,3.220103760E0,8.217312012E0
5.138775579E1,-4.980892181E0,3.242407379E0,8.282875671E0
5.139773279E1,-4.969366150E0,3.331172791E0,8.254584503E0
5.140770879E1,-5.009183350E0,3.488944702E0,8.137677612E0
5.141768579E1,-4.869972839E0,3.487597504E0,7.986641693E0
5.142766179E1,-4.911586304E0,3.308120728E0,8.028255157E0
5.143763879E1,-5.025499420E0,3.214116211E0,8.181536407E0
5.144761479E1,-4.904850311E0,3.278632050E0,8.264913025E0
5.145759179E1,-4.976102142E0,3.421135712E0,8.136180725E0
5.146756779E1,-4.902305603E0,3.406166840E0,7.990683289E0
5.147754479E1,-4.795128479E0,3.245999908E0,8.144413605E0
5.148752079E1,-4.953648834E0,3.150199127E0,8.276588745E0
5.149749779E1,-4.993615723E0,3.216361542E0,8.235574036E0
5.150747379E1,-5.003345490E0,3.384761353E0,8.149053955E0
5.151745079E1,-4.936883698E0,3.419788513E0,7.900271301E0
5.152742679E1,-4.653672638E0,3.266207886E0,7.898774414E0
5.153740379E1,-4.631219330E0,3.085832977E0,8.074508972E0
5.154737979E1,-4.671784973E0,2.985541534E0,8.095166016E0
5.155735679E1,-4.779560852E0,3.146007843E0,8.104297028E0
5.156733279E1,-4.828658752E0,3.237467651E0,7.981851654E0
5.157730979E1,-4.634213104E0,3.112926636E0,7.846533051E0
5.158728579E1,-4.508324890E0,2.965034180E0,7.928712158E0
5.159726279E1,-4.542004852E0,2.875370636E0,7.940537567E0
5.160723879E1,-4.598138123E0,2.980003052E0,8.032895508E0
5.161721579E1,-4.844825134E0,3.106639709E0,8.016429749E0
5.162719179E1,-4.765190735E0,3.128045197E0,7.877817993E0
5.163716879E1,-4.571792908E0,3.026406555E0,7.859555969E0
5.164714479E1,-4.575834503E0,2.838547211E0,7.851023712E0
5.165712100E1,-4.593946838E0,2.787353668E0,7.944279785E0
5.166709700E1,-4.760251007E0,2.943479004E0,8.091274109E0
5.167707400E1,-4.876259766E0,2.993624725E0,8.026608582E0
5.168705000E1,-4.720733185E0,2.944526825E0,7.910899200E0
5.169702700E1,-4.556973724E0,2.866539001E0,7.928412781E0
5.170700300E1,-4.570296021E0,2.719394989E0,7.881260834E0
5.171698000E1,-4.773573303E0,2.761607208E0,8.123457184E0
5.172695600E1,-5.077890472E0,2.847977600E0,8.297245789E0
5.173693300E1,-5.053790588E0,2.882855072E0,8.238418121E0
5.174690900E1,-4.876259766E0,2.898572388E0,8.229586487E0
5.175688600E1,-4.810696106E0,2.783312073E0,8.006999359E0
5.176686200E1,-4.780608673E0,2.705324249E0,7.945028229E0
5.177683900E1,-4.850213928E0,2.723436584E0,8.044421539E0
5.178681500E1,-4.853806458E0,2.740650787E0,7.974367218E0
5.179679200E1,-4.854255524E0,2.768343201E0,7.900870056E0
5.180676800E1,-4.691394196E0,2.595153351E0,7.929161224E0
5.181674500E1,-4.561015320E0,2.401755524E0,7.988587646E0
5.182672100E1,-4.621339874E0,2.330503693E0,8.039032745E0
5.183669800E1,-4.789739685E0,2.374811554E0,7.920030212E0
5.184667400E1,-4.807702332E0,2.431393890E0,7.852969666E0
5.185665100E1,-4.725822601E0,2.330803070E0,7.807164917E0
5.186662700E1,-4.654421082E0,2.184856567E0,7.820337524E0
5.187660400E1,-4.640949097E0,2.152523804E0,7.852071533E0
5.188658000E1,-4.765490112E0,2.209704895E0,7.839347992E0
5.189655700E1,-4.765939178E0,2.221230927E0,7.812104645E0
5.190653300E1,-4.734354858E0,2.136507111E0,7.844287720E0
5.191651000E1,-4.883295135E0,2.068249054E0,7.918982391E0
5.192648600E1,-4.984185333E0,2.079475708E0,8.089477844E0
5.193646300E1,-5.127287750E0,2.085912323E0,8.153245239E0
5.194643900E1,-5.029541016E0,2.035916290E0,8.077203369E0
5.195641600E1,-4.925207977E0,1.969155121E0,8.157885590E0
5.196639200E1,-5.034331055E0,1.963916016E0,8.262518005E0
5.197636900E1,-4.918621674E0,1.911824341E0,8.327482910E0
5.198634500E1,-4.976251831E0,1.942660217E0,8.388406219E0
5.199632200E1,-4.977898407E0,1.825004883E0,8.208779755E0
5.200629800E1,-4.888833618E0,1.842368774E0,8.292605438E0
5.201627500E1,-4.893923035E0,1.747615814E0,8.344397736E0
5.202625100E1,-4.762496338E0,1.672023010E0,8.362959137E0
5.203622800E1,-4.774022369E0,1.687890015E0,8.429271240E0
5.204620400E1,-4.712500305E0,1.536405029E0,8.392896881E0
5.205618100E1,-4.624183960E0,1.452579346E0,8.469687195E0
5.206615700E1,-4.644391937E0,1.425635376E0,8.534652100E0
5.207613400E1,-4.658013611E0,1.414708099E0,8.575966187E0
5.208611000E1,-4.605323181E0,1.413510590E0,8.561296692E0
5.209608700E1,-4.581672363E0,1.344653778E0,8.547974396E0
5.210606300E1,-4.502187653E0,1.245859222E0,8.536747742E0
5.211604000E1,-4.440216522E0,1.243464203E0,8.528065796E0
5.212601600E1,-4.429738312E0,1.259031830E0,8.538843384E0
5.213599300E1,-4.348157959E0,1.144370270E0,8.579708405E0
5.214596900E1,-4.394860840E0,1.082848206E0,8.673114166E0
5.215594600E1,-4.430337067E0,1.038540344E0,8.704698486E0
5.216592200E1,-4.540657654E0,1.037043457E0,8.843459930E0
5.217589900E1,-4.620591431E0,9.708810425E-1,8.844208374E0
5.218587500E1,-4.512216797E0,8.906478882E-1,8.846154327E0
5.219585200E1,-4.385580139E0,9.134005737E-1,8.823102264E0
5.220582800E1,-4.217928772E0,9.460327148E-1,8.764873352E0
5.221580500E1,-4.238436127E0,1.015188904E0,8.752598877E0
5.222578100E1,-4.290527802E0,9.434880066E-1,8.808432770E0
5.223575800E1,-4.305047607E0,8.201445007E-1,8.921148376E0
5.224573400E1,-4.452191620E0,8.812174988E-1,8.948691101E0
5.225571100E1,-4.502936096E0,9.460327148E-1,8.901389465E0
5.226568700E1,-4.397704926E0,8.174501038E-1,8.798253937E0
5.227566400E1,-4.264931030E0,6.834786987E-1,8.714727631E0
5.228564000E1,-4.085603943E0,6.545887756E-1,8.660989380E0
5.229561700E1,-4.065246277E0,6.725514221E-1,8.680149536E0
5.230559300E1,-4.185146942E0,7.020401001E-1,8.717571716E0
5.231557000E1,-4.039649506E0,4.978646851E-1,8.713530121E0
5.232554600E1,-4.114344177E0,4.569996643E-1,8.708889771E0
5.233552300E1,-4.089196472E0,4.293072510E-1,8.746461639E0
5.234549900E1,-4.029919739E0,3.848497009E-1,8.725804596E0
5.235547600E1,-3.853885803E0,3.617976379E-1,8.636440430E0
5.236545200E1,-3.456013184E0,2.432441711E-1,8.541837158E0
5.237542900E1,-3.488944702E0,2.686912537E-1,8.413853302E0
5.238540500E1,-3.628454590E0,2.722837830E-1,8.371192017E0
5.239538200E1,-3.640429688E0,1.267863464E-1,8.343200226E0
5.240535800E1,-3.712429962E0,7.798782349E-2,8.211174774E0
5.241533500E1,-3.770359497E0,6.526428223E-2,8.108787689E0
5.242531100E1,-3.848946075E0,4.191284180E-2,8.054450684E0
5.243528800E1,-3.982618103E0,-3.218307495E-2,8.013286285E0
5.244526400E1,-3.909869385E0,-2.468367004E-1,8.018824768E0
5.245524100E1,-4.068689117E0,-3.595523071E-1,8.077652435E0
5.246521700E1,-4.281995544E0,-3.993695068E-1,8.169261932E0
5.247519400E1,-4.528682556E0,-4.595443726E-1,8.168214111E0
5.248517000E1,-4.629722443E0,-5.936654663E-1,8.218359833E0
5.249514700E1,-4.602179718E0,-7.761360168E-1,8.184979248E0
5.250512300E1,-4.619543610E0,-9.051676941E-1,8.113577728E0
5.251510000E1,-4.601580963E0,-9.723779297E-1,8.005203094E0
5.252507600E1,-4.553231506E0,-1.009201355E0,7.869884491E0
5.253505300E1,-4.559069366E0,-1.106499023E0,7.843838654E0
5.254502900E1,-4.743785248E0,-1.152154083E0,7.868986359E0
5.255500600E1,-4.976401520E0,-1.011746063E0,7.857610016E0
5.256498200E1,-4.885390778E0,-8.887019348E-1,7.783065033E0
5.257495900E1,-4.739294586E0,-8.915460205E-1,7.594457245E0
5.258493500E1,-4.658612366E0,-8.550219727E-1,7.398664398E0
5.259491200E1,-4.627626801E0,-7.726931763E-1,7.214547272E0
5.260488800E1,-4.662204895E0,-7.259902954E-1,7.019802246E0
5.261486500E1,-4.445455627E0,-8.622070313E-1,6.944658508E0
5.262484100E1,-4.416865082E0,-9.807604980E-1,6.965016174E0
5.263481800E1,-4.443509674E0,-1.078058167E0,7.029681702E0
5.264479400E1,-4.362977142E0,-1.294657745E0,7.149282990E0
5.265477100E1,-4.474345551E0,-1.494342499E0,7.277566223E0
5.266474600E1,-4.544998627E0,-1.709445190E0,7.395371246E0
5.267472300E1,-4.816983032E0,-1.701212311E0,7.483088837E0
5.268469900E1,-4.975802765E0,-1.607058105E0,7.402406616E0
5.269467600E1,-5.036127319E0,-1.651964722E0,7.270231476E0
5.270465200E1,-5.149441681E0,-1.624421997E0,7.147935791E0
5.271462900E1,-5.129682770E0,-1.621577911E0,7.019053802E0
5.272460500E1,-5.068460083E0,-1.670077057E0,6.959926758E0
5.273458200E1,-5.085674286E0,-1.719174957E0,6.865922241E0
5.274455800E1,-5.080734558E0,-1.843117218E0,6.852001190E0
5.275453500E1,-5.292394409E0,-1.856888580E0,6.840026093E0
5.276451100E1,-5.290598145E0,-1.757794647E0,6.732998657E0
5.277448800E1,-5.163811798E0,-1.913770294E0,6.665339355E0
5.278446400E1,-4.997357941E0,-2.085612946E0,6.662345581E0
5.279444100E1,-4.958289185E0,-2.108215942E0,6.682553558E0
5.280441700E1,-4.953648834E0,-2.042652283E0,6.629414062E0
5.281439400E1,-4.844525757E0,-2.211351471E0,6.611900482E0
5.282437000E1,-4.818779297E0,-2.399809570E0,6.601122894E0
5.283434700E1,-4.888983307E0,-2.445764008E0,6.597380676E0
5.284432400E1,-4.880151672E0,-2.466870117E0,6.542744293E0
5.285430000E1,-4.743186493E0,-2.680475922E0,6.492748260E0
5.286427700E1,-4.687202911E0,-2.948867798E0,6.562652893E0
5.287425300E1,-4.761598206E0,-3.047662354E0,6.752009125E0
5.288423000E1,-4.902904358E0,-3.131937103E0,6.780899048E0
5.289420600E1,-4.932692413E0,-3.273243256E0,6.748715973E0
5.290418300E1,-4.957840118E0,-3.383264465E0,6.753206635E0
5.291415900E1,-4.998854828E0,-3.422033844E0,6.727160797E0
5.292413600E1,-5.049000549E0,-3.414848785E0,6.628366241E0
5.293411200E1,-5.162763977E0,-3.483106842E0,6.482719116E0
5.294408900E1,-5.170248413E0,-3.485202484E0,6.479725342E0
5.295406500E1,-5.123096466E0,-3.421884155E0,6.515950012E0
5.296404200E1,-5.230872345E0,-3.348087616E0,6.449188843E0
5.297401800E1,-5.294939117E0,-3.336561584E0,6.327491913E0
5.298399500E1,-5.354664917E0,-3.441194000E0,6.241420898E0
5.299397100E1,-5.419480133E0,-3.499123535E0,6.283184052E0
5.300394800E1,-5.443879395E0,-3.529210968E0,6.284082184E0
5.301392400E1,-5.535339203E0,-3.566483459E0,6.336473236E0
5.302390100E1,-5.649701385E0,-3.612587585E0,6.380332031E0
5.303387700E1,-5.801934814E0,-3.629352722E0,6.372697906E0
5.304385400E1,-6.149512024E0,-3.618874512E0,6.231840820E0
5.305383000E1,-7.804021454E0,-4.029171295E0,5.292843475E0
5.306380700E1,-6.691534882E0,-4.215533752E0,6.192173309E0
5.307378300E1,-6.028264160E0,-3.837719421E0,6.889273682E0
5.308376000E1,-6.473737793E0,-3.872447205E0,6.344107361E0
5.309373600E1,-6.353537750E0,-3.803590393E0,6.120023346E0
5.310371300E1,-6.198460236E0,-3.832779694E0,6.050118713E0
5.311368900E1,-6.307433624E0,-3.967349854E0,6.022725677E0
5.312366600E1,-6.544690247E0,-4.053869934E0,5.984405365E0
5.313364200E1,-6.533014526E0,-4.084556122E0,5.951024780E0
5.314361900E1,-6.482270050E0,-4.180955658E0,5.903274078E0
5.315359500E1,-6.565347290E0,-4.251009979E0,5.861959991E0
5.316357200E1,-6.748266907E0,-4.287234650E0,5.896238708E0
5.317354800E1,-6.854695587E0,-4.353846130E0,5.989045715E0
5.318352500E1,-6.837780762E0,-4.485721893E0,6.035000153E0
5.319350100E1,-6.948700104E0,-4.465364227E0,6.067183228E0
5.320347800E1,-7.084916840E0,-4.399501190E0,6.101312256E0
5.321345400E1,-7.044201508E0,-4.467160492E0,6.083648987E0
5.322343100E1,-7.036717072E0,-4.590953064E0,6.080206146E0
5.323340700E1,-7.214397583E0,-4.655618591E0,6.122118988E0
5.324338400E1,-7.428302765E0,-4.636757812E0,6.209686890E0
5.325336000E1,-7.472910004E0,-4.552932129E0,6.278394012E0
5.326333700E1,-7.386389923E0,-4.520150299E0,6.287075958E0
5.327331400E1,-7.458240509E0,-4.496499481E0,6.223009186E0
5.328329000E1,-7.564818878E0,-4.359384613E0,6.028713226E0
5.329326700E1,-7.465126190E0,-4.368815002E0,5.974525909E0
5.330324300E1,-7.577093353E0,-4.431534576E0,6.150709534E0
5.331322000E1,-7.767647095E0,-4.368815002E0,6.225703583E0
5.332319600E1,-7.831414490E0,-4.225562897E0,6.239025879E0
5.333317300E1,-7.704478455E0,-4.197421417E0,6.176455994E0
5.334314900E1,-7.741152191E0,-4.388424225E0,6.147715759E0
5.335312600E1,-7.963739319E0,-4.531077576E0,6.173611908E0
5.336310200E1,-8.062833252E0,-4.395309906E0,6.255192261E0
5.337307900E1,-8.116421814E0,-4.393064575E0,6.173013153E0
5.338305500E1,-8.170758820E0,-4.419409790E0,6.144123230E0
5.339303200E1,-8.240364075E0,-4.305496674E0,6.088888092E0
5.340300800E1,-8.170758820E0,-4.349804535E0,5.994733887E0
5.341298500E1,-8.145611115E0,-4.466711426E0,5.883664856E0
5.342296100E1,-8.372688904E0,-4.505031738E0,5.976022797E0
5.343293800E1,-8.638536072E0,-4.526736603E0,6.116430817E0
5.344291400E1,-8.589138794E0,-4.380041656E0,5.897436218E0
5.345289100E1,-8.387807465E0,-4.409530334E0,5.652096405E0
5.346286700E1,-8.489745483E0,-4.569996643E0,5.506748657E0
5.347284400E1,-8.698710938E0,-4.567751312E0,5.459297333E0
5.348282000E1,-8.803493042E0,-4.681365051E0,5.576054535E0
5.349279700E1,-8.984017639E0,-4.809348907E0,5.711971893E0
5.350277300E1,-9.260343018E0,-4.786745911E0,5.728587341E0
5.351275000E1,-9.415570221E0,-4.624333649E0,5.685027924E0
5.352272600E1,-9.398056641E0,-4.555626526E0,5.783523102E0
5.353270300E1,-9.678273926E0,-4.568799133E0,5.905070343E0
5.354267900E1,-9.886490936E0,-4.459975433E0,5.794600067E0
5.355265600E1,-9.909842377E0,-4.022884369E0,5.790109406E0
5.356263200E1,-9.757908325E0,-4.088448029E0,5.726192322E0
5.357260900E1,-9.874366150E0,-4.026626587E0,5.734425201E0
5.358258500E1,-1.005623795E1,-3.964954834E0,5.769302673E0
5.359256200E1,-1.006701553E1,-3.962859192E0,5.673052826E0
5.360253900E1,-1.005399261E1,-3.895798645E0,5.755381622E0
5.361251500E1,-1.016311569E1,-4.022285614E0,5.808521118E0
5.362249200E1,-1.018197647E1,-3.702251129E0,5.843548279E0
5.363246800E1,-1.019934036E1,-3.633993073E0,5.893244934E0
5.364244500E1,-1.016042130E1,-3.916904755E0,5.959706726E0
5.365242100E1,-1.033406021E1,-3.777694244E0,6.055357819E0
5.366239825E1,-1.050784882E1,-3.553759918E0,6.117029572E0
5.367237425E1,-1.046144531E1,-3.549418945E0,6.154002686E0
5.368235125E1,-1.028870453E1,-3.520529022E0,6.104455719E0
5.369232725E1,-1.030696655E1,-3.693569183E0,6.102060699E0
5.370230425E1,-1.048015640E1,-3.818110199E0,6.197262726E0
5.371228025E1,-1.048509613E1,-3.764821014E0,6.298003235E0
5.372225725E1,-1.023810974E1,-3.809727631E0,6.318061523E0
5.373223325E1,-1.009470795E1,-3.853736115E0,6.282136230E0
5.374221025E1,-1.018661682E1,-3.671864319E0,6.207142181E0
5.375218625E1,-1.046249313E1,-3.923191681E0,6.398144989E0
5.376216325E1,-1.034229309E1,-3.902235260E0,6.502328339E0
5.377213925E1,-1.022583527E1,-3.899391174E0,6.491999817E0
5.378211625E1,-1.031295410E1,-4.138893127E0,6.584956512E0
5.379209225E1,-1.030936157E1,-3.914060669E0,6.599027252E0
5.380206925E1,-1.022059616E1,-3.787124634E0,6.602919159E0
5.381204525E1,-1.024319916E1,-3.639381866E0,6.678511963E0
5.382202225E1,-1.032597702E1,-3.470982056E0,6.742129669E0
5.383199825E1,-1.026789780E1,-3.530558167E0,6.843169556E0
5.384197525E1,-1.012060410E1,-3.429518280E0,6.905140686E0
5.385195125E1,-1.006102798E1,-3.263064423E0,6.878795471E0
5.386192825E1,-1.007464966E1,-3.237617340E0,6.915169830E0
5.387190425E1,-1.002375549E1,-3.234324188E0,7.010970612E0
5.388188125E1,-9.916877747E0,-3.327729950E0,7.105723572E0
5.389185825E1,-1.000594254E1,-3.344195709E0,7.289840698E0
5.390183425E1,-1.007749374E1,-3.159479828E0,7.386988678E0
5.391181125E1,-9.964329071E0,-2.993774414E0,7.374863892E0
5.392178725E1,-9.766739960E0,-2.880310364E0,7.344776459E0
5.393176425E1,-9.774972839E0,-2.870580597E0,7.474706268E0
5.394174025E1,-9.887239380E0,-2.937940521E0,7.682623901E0
5.395171725E1,-9.983189850E0,-3.059787140E0,7.890391846E0
5.396169325E1,-9.965526581E0,-3.070564728E0,8.031847687E0
5.397167025E1,-9.785151672E0,-2.965034180E0,8.033494263E0
5.398164625E1,-9.608219604E0,-2.766397247E0,7.932154999E0
5.399162325E1,-9.489666138E0,-2.691253510E0,7.935298462E0
5.400159925E1,-9.505832520E0,-2.717149658E0,8.155191193E0
5.401157625E1,-9.640552368E0,-2.598596191E0,8.339757385E0
5.402155225E1,-9.549391937E0,-2.498005371E0,8.372539215E0
5.403152925E1,-9.376052399E0,-2.380499725E0,8.374634857E0
5.404150525E1,-9.244925079E0,-2.253713379E0,8.331973572E0
5.405148225E1,-9.115444336E0,-2.191143494E0,8.360713806E0
5.406145825E1,-9.172775116E0,-2.106719055E0,8.443192291E0
5.407143525E1,-9.209299164E0,-2.016307068E0,8.456664276E0
5.408141125E1,-9.133856049E0,-2.004182281E0,8.497379608E0
5.409138825E1,-8.965156860E0,-1.941013641E0,8.642427979E0
5.410136425E1,-8.921298065E0,-1.930834808E0,8.855135651E0
5.411134125E1,-9.016799469E0,-1.929038544E0,9.078171844E0
5.412131725E1,-8.995843048E0,-1.958377533E0,9.042845306E0
5.413129425E1,-8.871751099E0,-1.932182007E0,8.978329468E0
5.414127025E1,-8.716224518E0,-1.820364532E0,9.021290131E0
5.415124725E1,-8.580007782E0,-1.786684570E0,9.141939240E0
5.416122325E1,-8.624016266E0,-1.699266357E0,9.189390564E0
5.417120025E1,-8.671467590E0,-1.554667053E0,9.043743439E0
5.418117625E1,-8.667425995E0,-1.495989075E0,8.935368805E0
5.419115325E1,-8.557255096E0,-1.537003784E0,8.981622620E0
5.420113025E1,-8.514294434E0,-1.536405029E0,9.156908112E0
5.421110625E1,-8.599167938E0,-1.440304871E0,9.226812744E0
5.422108325E1,-8.673263855E0,-1.337169342E0,9.133406982E0
5.423105925E1,-8.686735840E0,-1.338965607E0,9.038654022E0
5.424103625E1,-8.529712372E0,-1.346899109E0,9.015003204E0
5.425101225E1,-8.343050537E0,-1.297801208E0,9.162895660E0
5.426098925E1,-8.320148163E0,-1.165775757E0,9.299112396E0
5.427096525E1,-8.366102600E0,-1.143921204E0,9.303303680E0
5.428094225E1,-8.368647308E0,-1.137035522E0,9.287436676E0
5.429091825E1,-8.264613647E0,-1.097368011E0,9.298513641E0
5.430089525E1,-8.174051971E0,-1.042881317E0,9.465715942E0
5.431087125E1,-8.122559052E0,-9.204359436E-1,9.650132446E0
5.432084825E1,-8.011789398E0,-8.132588196E-1,9.596693573E0
5.433082425E1,-7.992030487E0,-6.741979980E-1,9.555379486E0
5.434080125E1,-7.943531342E0,-5.288502502E-1,9.614207153E0
5.435077725E1,-7.747139740E0,-4.812492371E-1,9.656718750E0
5.436075425E1,-7.672894135E0,-3.656895447E-1,9.715546417E0
5.437073025E1,-7.683821411E0,-1.826202393E-1,9.754166107E0
5.438070725E1,-7.763755188E0,-1.440005493E-1,9.830507355E0
5.439068325E1,-7.793243866E0,-1.704954529E-1,9.840386810E0
5.440066025E1,-7.770042114E0,-1.445993042E-1,9.836195526E0
5.441063625E1,-7.847580872E0,-1.332229614E-2,9.911638641E0
5.442061325E1,-8.059689789E0,1.327738953E-1,1.004531067E1
5.443058925E1,-8.187374268E0,2.002835083E-1,1.014230896E1
5.444056625E1,-8.242010651E0,3.236270142E-1,1.009800110E1
5.445054225E1,-8.189769287E0,4.195774841E-1,9.938732300E0
5.446051925E1,-8.007149048E0,5.270539856E-1,9.982890472E0
5.447049625E1,-7.835905151E0,5.767506409E-1,1.008662476E1
5.448047225E1,-7.691156158E0,6.646179199E-1,1.010668304E1
5.449044925E1,-7.681127014E0,7.487429810E-1,1.002031265E1
5.450042525E1,-7.635471954E0,7.342231750E-1,9.944869537E0
5.451040225E1,-7.465575256E0,7.155120850E-1,9.958341522E0
5.452037825E1,-7.300468597E0,9.008267212E-1,1.001522324E1
5.453035525E1,-7.221732330E0,9.954299927E-1,9.999206543E0
5.454033125E1,-7.138954468E0,9.280700684E-1,1.001207977E1
5.455030825E1,-7.080426178E0,9.372010803E-1,1.005444168E1
5.456028425E1,-7.109615479E0,1.123862915E0,1.010698242E1
5.457026125E1,-7.226222992E0,1.239721985E0,1.013497421E1
5.458023725E1,-7.220534821E0,1.219364319E0,1.000728973E1
5.459021425E1,-7.006929016E0,1.207239532E0,9.974208527E0
5.460019025E1,-7.096293182E0,1.289867706E0,1.003034180E1
5.461016725E1,-7.228767700E0,1.343007202E0,1.008437943E1
5.462014325E1,-7.201224976E0,1.315614166E0,1.003243744E1
5.463012025E1,-7.248376923E0,1.425785065E0,9.924960938E0
5.464009625E1,-7.287146301E0,1.482816467E0,9.906698914E0
5.465007325E1,-7.264393616E0,1.422042847E0,9.922266541E0
5.466004913E1,-7.382048950E0,1.484313354E0,9.921518097E0
5.467002612E1,-7.472760315E0,1.661544800E0,9.853110352E0
5.468000212E1,-7.520211639E0,1.739083557E0,9.753417664E0
5.468997913E1,-7.513026581E0,1.711391144E0,9.650581512E0
5.469995513E1,-7.313641205E0,1.627864838E0,9.630672913E0
5.470993212E1,-7.353757782E0,1.667532349E0,9.693093109E0
5.471990813E1,-7.360942841E0,1.739382935E0,9.694290619E0
5.472988513E1,-7.331005096E0,1.729204102E0,9.663005676E0
5.473986113E1,-7.306755524E0,1.744472351E0,9.623038788E0
5.474983812E1,-7.245981903E0,1.866768036E0,9.678872681E0
5.475981513E1,-7.248376923E0,1.939217377E0,9.699080658E0
5.476979113E1,-7.223079529E0,2.009720764E0,9.587412872E0
5.477976812E1,-7.130272522E0,2.132166138E0,9.472601624E0
5.478974412E1,-7.148085480E0,2.280357971E0,9.441915436E0
5.479972113E1,-7.166197815E0,2.369273071E0,9.433981934E0
5.480969713E1,-7.153923340E0,2.336042175E0,9.345815277E0
5.481967412E1,-7.069947968E0,2.362537079E0,9.235943756E0
5.482965013E1,-7.065756683E0,2.477647705E0,9.132059784E0
5.483962713E1,-7.192842407E0,2.520758057E0,9.093440094E0
5.484960313E1,-7.214547272E0,2.520308990E0,9.026229858E0
5.485958012E1,-7.115902405E0,2.553689575E0,9.026379547E0
5.486955613E1,-7.114255829E0,2.605032806E0,9.069639587E0
5.487953313E1,-7.207511902E0,2.572999420E0,9.039552155E0
5.488950912E1,-7.162904663E0,2.546055450E0,9.066645813E0
5.489948612E1,-7.087611237E0,2.665207672E0,9.075776825E0
5.490946213E1,-7.106771393E0,2.734363861E0,8.990903320E0
5.491943913E1,-7.113956451E0,2.744842072E0,8.954528961E0
5.492941512E1,-7.054979095E0,2.769391022E0,8.866062927E0
5.493939213E1,-6.932084656E0,2.905158691E0,8.785380707E0
5.494936813E1,-6.848109283E0,2.953358459E0,8.732989655E0
5.495934513E1,-6.829996948E0,2.935695190E0,8.721613312E0
5.496932112E1,-6.781946869E0,2.960543518E0,8.676706696E0
5.497929813E1,-6.644832001E0,2.999163208E0,8.725205841E0
5.498927413E1,-6.639592896E0,2.993325348E0,8.731193390E0
5.499925112E1,-6.719077606E0,2.993475037E0,8.699758759E0
5.500922812E1,-6.653663635E0,2.961890717E0,8.683442688E0
5.501920413E1,-6.532864838E0,2.998714142E0,8.683592377E0
5.502918113E1,-6.450236664E0,2.936443634E0,8.737630005E0
5.503915712E1,-6.439459076E0,2.826871490E0,8.763077087E0
5.504913413E1,-6.347550201E0,2.878065033E0,8.654253387E0
5.505911013E1,-6.205046539E0,2.919678497E0,8.608448639E0
5.506908713E1,-6.326144714E0,2.858156433E0,8.660989380E0
5.507906312E1,-6.336772614E0,2.822979584E0,8.709338837E0
5.508904013E1,-5.970334625E0,2.748733978E0,8.671916656E0
5.509901613E1,-5.980812836E0,2.775079193E0,8.628955994E0
5.510899312E1,-6.239924011E0,2.807561646E0,8.708889771E0
5.511896912E1,-6.271208954E0,2.883603516E0,8.695268097E0
5.512894613E1,-5.971981201E0,2.937641144E0,8.357570343E0
5.513892213E1,-5.979315948E0,3.086731110E0,8.121960297E0
5.514889912E1,-6.144272919E0,3.190914459E0,8.076903992E0
5.515887512E1,-6.046975250E0,3.143313446E0,8.065228271E0
5.516885213E1,-5.927823029E0,3.080743561E0,7.822582855E0
5.517882813E1,-6.015839996E0,3.085832977E0,7.763904877E0
5.518880512E1,-5.938301239E0,3.019670563E0,7.809410248E0
5.519878113E1,-5.869444427E0,2.868035889E0,7.910899200E0
5.520875813E1,-5.898184662E0,2.787203979E0,7.819888458E0
5.521873412E1,-5.955066376E0,2.799179077E0,8.010292511E0
5.522871112E1,-6.090235291E0,2.727777557E0,8.089627533E0
5.523868713E1,-6.090834045E0,2.742896118E0,7.964188385E0
5.524866413E1,-5.838907928E0,2.740351410E0,7.918533325E0
5.525864112E1,-5.790708160E0,2.746638336E0,7.845335541E0
5.526861712E1,-5.852679291E0,2.772684174E0,7.835156708E0
5.527859413E1,-5.855822754E0,2.783461761E0,7.802674255E0
5.528857013E1,-5.943091278E0,2.888543243E0,7.802973633E0
5.529854712E1,-6.019133148E0,2.945724335E0,7.783065033E0
5.530852313E1,-5.985602875E0,2.882106628E0,7.850125580E0
5.531850013E1,-5.887556763E0,2.795586548E0,7.784861298E0
5.532847612E1,-5.891448669E0,2.741249542E0,7.730374603E0
5.533845312E1,-5.965843964E0,2.677332458E0,7.810308380E0
5.534842913E1,-5.848937073E0,2.572700043E0,7.777676239E0
5.535840613E1,-5.659431152E0,2.411036224E0,7.731272736E0
5.536838212E1,-5.612279205E0,2.418520660E0,7.611671448E0
5.537835912E1,-5.520669708E0,2.400707703E0,7.540120239E0
5.538833513E1,-5.411097565E0,2.358944550E0,7.431446228E0
5.539831213E1,-5.373825073E0,2.351160736E0,7.277117157E0
5.540828812E1,-5.345982971E0,2.377206573E0,7.222630463E0
5.541826513E1,-5.300327911E0,2.391277313E0,7.163802795E0
5.542824113E1,-5.310506744E0,2.441872101E0,7.198530579E0
5.543821812E1,-5.351820831E0,2.404898987E0,7.228318634E0
5.544819412E1,-5.353018341E0,2.356699219E0,7.260202332E0
5.545817113E1,-5.344486084E0,2.301164703E0,7.323221283E0
5.546814713E1,-5.487887878E0,2.301015015E0,7.372618561E0
5.547812412E1,-5.581742706E0,2.255359955E0,7.386090546E0
5.548810112E1,-5.578599243E0,2.138303375E0,7.385042725E0
5.549807713E1,-5.432353363E0,1.919608154E0,7.359895020E0
5.550805413E1,-5.345982971E0,1.809736633E0,7.295828247E0
5.551803012E1,-5.460943909E0,1.785487061E0,7.344776459E0
5.552800713E1,-5.472769318E0,1.669627991E0,7.395820313E0
5.553798313E1,-5.421126709E0,1.570683746E0,7.330406342E0
5.554796012E1,-5.311853943E0,1.525926819E0,7.266938324E0
5.555793612E1,-5.394931183E0,1.512754211E0,7.317233734E0
5.556791313E1,-5.484445038E0,1.428778839E0,7.305258636E0
5.557788913E1,-5.396278381E0,1.375489655E0,7.244634705E0
5.558786612E1,-5.310955811E0,1.402433624E0,7.152127075E0
5.559784212E1,-5.436993713E0,1.471140747E0,7.129374390E0
5.560781913E1,-5.379662933E0,1.359772339E0,7.121590576E0
5.561779513E1,-5.237458649E0,1.241518250E0,7.072492676E0
5.562777212E1,-5.230273590E0,1.255289612E0,7.096143494E0
5.563774813E1,-5.336253204E0,1.247206421E0,7.097790070E0
5.564772513E1,-5.381758575E0,1.087039490E0,7.044650574E0
5.565770113E1,-5.176086273E0,9.544152832E-1,6.979535980E0
5.566767825E1,-5.134472809E0,1.015188904E0,6.960974579E0
5.567765425E1,-5.326972504E0,1.085093536E0,6.991960144E0
5.568763125E1,-5.304519196E0,9.120533752E-1,6.997498627E0
5.569760825E1,-5.075794830E0,6.911128235E-1,6.968309326E0
5.570758425E1,-5.165907440E0,6.695576477E-1,7.004833374E0
5.571756125E1,-5.386997681E0,6.761439514E-1,7.171287231E0
5.572753725E1,-5.415438538E0,5.709127808E-1,7.195985870E0
5.573751425E1,-5.255870361E0,4.730163574E-1,7.041507111E0
5.574749025E1,-5.249882812E0,5.215155029E-1,7.016958160E0
5.575746725E1,-5.489384766E0,5.797444153E-1,6.999294891E0
5.576744325E1,-5.363047485E0,4.426295471E-1,6.903643799E0
5.577742025E1,-5.081782379E0,2.839595032E-1,6.843917999E0
5.578739625E1,-5.304369507E0,3.968247986E-1,6.844217377E0
5.579737325E1,-5.582640839E0,4.399351501E-1,6.902446289E0
5.580734925E1,-5.472020874E0,2.044747925E-1,6.802304535E0
5.581732625E1,-5.195246429E0,-2.200424194E-2,6.745871887E0
5.582730225E1,-5.284311218E0,-7.484436035E-4,6.873556366E0
5.583727925E1,-5.541925507E0,1.571731567E-2,7.004983063E0
5.584725525E1,-5.367837524E0,-2.442919922E-1,6.995552673E0
5.585723225E1,-5.235662384E0,-3.817062378E-1,7.085066528E0
5.586720825E1,-5.390739899E0,-3.478765869E-1,7.277266846E0
5.587718525E1,-5.503754883E0,-3.007246399E-1,7.417375488E0
5.588716225E1,-5.306764526E0,-4.279600525E-1,7.391179962E0
5.589713825E1,-5.214107208E0,-4.891827393E-1,7.469018097E0
5.590711525E1,-5.365741882E0,-3.995191956E-1,7.614216156E0
5.591709125E1,-5.426665192E0,-4.173321533E-1,7.659571838E0
5.592706825E1,-5.250032501E0,-5.490582275E-1,7.587721252E0
5.593704425E1,-5.066065063E0,-7.414082336E-1,7.733368378E0
5.594702125E1,-5.243895264E0,-8.831634521E-1,7.955656128E0
5.595699725E1,-5.433700562E0,-1.047970734E0,8.116870880E0
5.596697425E1,-5.395080872E0,-1.283880157E0,8.231981506E0
5.597695025E1,-5.375920715E0,-1.573228455E0,8.267906799E0
5.598692725E1,-5.527854767E0,-1.677711182E0,8.304730225E0
5.599690325E1,-5.608836365E0,-1.626817017E0,8.237370300E0
5.600688025E1,-5.378615112E0,-1.616189117E0,8.010292511E0
5.601685625E1,-5.256918182E0,-1.532213745E0,7.901468811E0
5.602683325E1,-5.375471649E0,-1.227447510E0,7.748187561E0
5.603680925E1,-5.234614563E0,-9.892927551E-1,7.500153351E0
5.604678625E1,-4.936434631E0,-1.126707001E0,7.311395874E0
5.605676225E1,-4.881349182E0,-1.246757355E0,7.325915680E0
5.606673925E1,-4.987628174E0,-1.173110504E0,7.359895020E0
5.607671525E1,-4.978197784E0,-1.234632568E0,7.378905487E0
5.608669225E1,-4.856650543E0,-1.601669312E0,7.429350586E0
5.609666925E1,-4.946014709E0,-1.816472626E0,7.709867249E0
5.610664525E1,-5.244344330E0,-1.749412079E0,7.967331848E0
5.611662225E1,-5.222489777E0,-1.788031769E0,8.037535858E0
5.612659825E1,-5.156177673E0,-1.852547607E0,8.122858429E0
5.613657525E1,-5.200784912E0,-1.721420288E0,8.136929169E0
5.614655125E1,-5.132227478E0,-1.449585571E0,8.080646210E0
5.615652825E1,-4.929548950E0,-1.479074249E0,8.067024536E0
5.616650425E1,-4.804259491E0,-1.636247406E0,8.104297028E0
5.617648125E1,-4.744234314E0,-1.556613007E0,8.127199402E0
5.618645725E1,-4.627776489E0,-1.490300903E0,8.090076599E0
5.619643425E1,-4.574487305E0,-1.682950287E0,7.971822510E0
5.620641025E1,-4.668192444E0,-1.821112976E0,7.928113403E0
5.621638725E1,-4.847070465E0,-1.768871613E0,7.825876007E0
5.622636325E1,-5.002746735E0,-1.701661377E0,7.572752380E0
5.623634025E1,-5.038372650E0,-1.746867371E0,7.332352295E0
5.624631625E1,-5.115462341E0,-1.698068848E0,7.136858826E0
5.625629325E1,-5.207969971E0,-1.599274292E0,7.019353180E0
5.626627025E1,-5.190755768E0,-1.587448883E0,6.976542206E0
5.627624625E1,-5.179379425E0,-1.744172974E0,6.958280182E0
5.628622325E1,-5.252427521E0,-1.769769745E0,6.929240570E0
5.629619925E1,-5.359005890E0,-1.741029510E0,6.903793488E0
5.630617625E1,-5.347928925E0,-1.950893097E0,6.919061737E0
5.631615225E1,-5.525010681E0,-2.094594269E0,7.021448822E0
5.632612925E1,-5.625751190E0,-2.134112091E0,7.082372131E0
5.633610525E1,-5.682782593E0,-2.106419678E0,7.056326294E0
5.634608225E1,-5.615871735E0,-2.153272247E0,6.977140961E0
5.635605825E1,-5.553601227E0,-2.253863068E0,6.948400726E0
5.636603525E1,-5.723198547E0,-2.242187347E0,6.906936951E0
5.637601125E1,-5.849086761E0,-2.185155945E0,6.838529205E0
5.638598825E1,-5.905968475E0,-2.236050110E0,6.766678619E0
5.639596425E1,-6.008654938E0,-2.283052368E0,6.691534882E0
5.640594125E1,-5.932014313E0,-2.307900696E0,6.544091492E0
5.641591725E1,-5.691763916E0,-2.459685059E0,6.460714874E0
5.642589425E1,-5.601950684E0,-2.724634094E0,6.568191376E0
5.643587025E1,-5.650449829E0,-2.898871765E0,6.688092041E0
5.644584725E1,-5.777236176E0,-2.979853363E0,6.661297760E0
5.645582425E1,-5.906716919E0,-3.096311188E0,6.518794098E0
5.646580025E1,-6.122568054E0,-3.263064423E0,6.371949463E0
5.647577725E1,-6.342909851E0,-3.280578003E0,6.205944672E0
5.648575325E1,-6.689139862E0,-3.245550842E0,5.908213806E0
5.649573025E1,-1.139325760E1,-4.085154877E0,3.094514923E0
5.650570625E1,-8.196205902E0,-4.067790985E0,5.187312927E0
5.651568325E1,-6.847211151E0,-3.404969330E0,5.754782867E0
5.652565925E1,-7.312593384E0,-3.204087067E0,5.379962311E0
5.653563625E1,-7.141948242E0,-3.244503021E0,4.983586578E0
5.654561225E1,-7.244784393E0,-3.160827026E0,4.488715668E0
5.655558925E1,-7.286397858E0,-3.191213837E0,4.453987885E0
5.656556525E1,-7.446564789E0,-3.254981232E0,4.548890533E0
5.657554225E1,-7.606582031E0,-3.328628082E0,4.496050415E0
5.658551825E1,-7.765850830E0,-3.548221436E0,4.567601624E0
5.659549525E1,-8.080646210E0,-3.741469574E0,4.638254700E0
5.660547225E1,-8.319998474E0,-3.839964752E0,4.643493805E0
5.661544825E1,-8.329578552E0,-3.933220825E0,4.534221039E0
5.662542525E1,-8.263116760E0,-3.870052185E0,4.337979126E0
5.663540125E1,-8.165819092E0,-3.788471832E0,4.185596008E0
5.664537825E1,-8.103698273E0,-3.793411560E0,3.952979736E0
5.665535425E1,-7.995772705E0,-3.538341980E0,3.872147827E0
5.666533129E1,-8.186027069E0,-3.535497894E0,3.767814789E0
5.667530729E1,-8.009843445E0,-3.409759369E0,3.707639923E0
5.668528429E1,-8.046966248E0,-3.351979523E0,3.692970428E0
5.669526029E1,-8.152646484E0,-3.653003540E0,3.824846191E0
5.670523729E1,-8.496032410E0,-3.654051361E0,4.053271179E0
5.671521329E1,-8.486901398E0,-3.597469025E0,4.087699585E0
5.672519029E1,-8.700656891E0,-3.575015717E0,4.326902161E0
5.673516629E1,-8.651409302E0,-3.308569794E0,4.521497498E0
5.674514329E1,-8.496032410E0,-3.424428864E0,4.617447968E0
5.675511929E1,-8.544980621E0,-3.788920898E0,4.748126221E0
5.676509629E1,-8.481961670E0,-3.891457672E0,4.736001434E0
5.677507329E1,-8.612789612E0,-4.160897369E0,4.885989532E0
5.678504929E1,-8.498277740E0,-4.044439545E0,5.003345490E0
5.679502629E1,-8.660540314E0,-3.806284790E0,5.085075531E0
5.680500229E1,-8.587941284E0,-4.061054993E0,5.113666077E0
5.681497929E1,-8.355474701E0,-4.412075043E0,5.073250122E0
5.682495529E1,-8.305029602E0,-4.474794617E0,5.016218719E0
5.683493229E1,-8.273295593E0,-4.731061707E0,4.988975372E0
5.684490829E1,-8.102650452E0,-4.663851471E0,4.988675995E0
5.685488529E1,-8.225993958E0,-4.730013885E0,5.006488953E0
5.686486129E1,-8.312064972E0,-4.947960663E0,5.018763428E0
5.687483829E1,-8.264463959E0,-4.601730652E0,4.882696381E0
5.688481429E1,-8.475225677E0,-4.707560577E0,4.884193268E0
5.689479129E1,-8.584348755E0,-4.690945129E0,4.946912842E0
5.690476729E1,-8.534203033E0,-4.307292938E0,4.879552917E0
5.691474429E1,-8.798403625E0,-4.704267426E0,5.012476501E0
5.692472129E1,-8.648265839E0,-4.379293213E0,5.050946503E0
5.693469729E1,-8.461154938E0,-4.278403015E0,4.957241364E0
5.694467429E1,-8.715027008E0,-4.239933014E0,5.039570160E0
5.695465029E1,-8.780291290E0,-4.333638153E0,5.135670319E0
5.696462729E1,-8.893905029E0,-4.232448578E0,5.200784912E0
5.697460329E1,-8.993897095E0,-4.333787842E0,5.248834991E0
5.698458029E1,-8.962761841E0,-4.460424500E0,5.291047211E0
5.699455629E1,-9.001531219E0,-4.606969757E0,5.408702545E0
5.700453329E1,-9.146878967E0,-4.588558044E0,5.473368073E0
5.701450929E1,-9.270821228E0,-4.583318939E0,5.475014648E0
5.702448629E1,-9.362580414E0,-4.734205170E0,5.563031616E0
5.703446229E1,-9.473350067E0,-4.445156250E0,5.723348236E0
5.704443929E1,-9.559720459E0,-4.315675507E0,5.772745514E0
5.705441629E1,-9.547146606E0,-4.309388580E0,5.779331818E0
5.706439229E1,-9.412277069E0,-4.117188263E0,5.723048859E0
5.707436929E1,-9.387578430E0,-4.274660797E0,5.706283722E0
5.708434529E1,-9.493558044E0,-4.458179169E0,5.780529327E0
5.709432229E1,-9.482481079E0,-4.342469788E0,5.832171936E0
5.710429829E1,-9.517208862E0,-4.212989044E0,5.976771240E0
5.711427529E1,-9.530680847E0,-4.204905853E0,6.089935913E0
5.712425129E1,-9.495354309E0,-4.205354919E0,6.145620117E0
5.713422829E1,-9.478140106E0,-4.170178070E0,6.221811676E0
5.714420429E1,-9.533075867E0,-4.147126007E0,6.317013702E0
5.715418129E1,-9.479487305E0,-4.174369354E0,6.409371643E0
5.716415729E1,-9.351353760E0,-4.227059784E0,6.493796082E0
5.717413429E1,-9.340426483E0,-4.137695618E0,6.545887756E0
5.718411029E1,-9.323511658E0,-4.085454254E0,6.538702698E0
5.719408729E1,-9.215436401E0,-4.134552155E0,6.534361725E0
5.720406429E1,-9.167386322E0,-4.218826904E0,6.518644409E0
5.721404029E1,-9.426796875E0,-4.419858856E0,6.629414062E0
5.722401729E1,-9.548044739E0,-4.362228699E0,6.771468658E0
5.723399329E1,-9.442663879E0,-4.268224182E0,6.787485352E0
5.724397029E1,-9.275311890E0,-4.183650055E0,6.698719940E0
5.725394629E1,-9.446106720E0,-4.175267487E0,6.717131653E0
5.726392329E1,-9.478738861E0,-4.034709778E0,6.695726166E0
5.727389929E1,-9.444460144E0,-4.139641571E0,6.775959320E0
5.728387629E1,-9.595496063E0,-4.378245392E0,6.969357147E0
5.729385229E1,-9.810598755E0,-4.343816986E0,7.154821472E0
5.730382929E1,-9.719438324E0,-4.210893402E0,7.238497467E0
5.731380529E1,-9.566606140E0,-4.227359161E0,7.322921906E0
5.732378229E1,-9.452693024E0,-4.076622620E0,7.346572723E0
5.733375829E1,-9.421707458E0,-3.939507751E0,7.360344086E0
5.734373529E1,-9.472451935E0,-3.944297791E0,7.504045258E0
5.735371229E1,-9.451046448E0,-3.918850708E0,7.694449310E0
5.736368829E1,-9.442663879E0,-3.737577667E0,7.759863281E0
5.737366529E1,-9.479636993E0,-3.557801514E0,7.664511566E0
5.738364129E1,-9.393266602E0,-3.540287933E0,7.521558838E0
5.739361829E1,-9.203760681E0,-3.592978363E0,7.704029388E0
5.740359429E1,-9.096733246E0,-3.506458282E0,8.012837219E0
5.741357129E1,-9.148525543E0,-3.432062988E0,8.120463409E0
5.742354729E1,-9.147477722E0,-3.503165131E0,8.086484070E0
5.743352429E1,-9.087452545E0,-3.487447815E0,8.168214111E0
5.744350029E1,-9.123677216E0,-3.368744659E0,8.387957153E0
5.745347729E1,-9.212742004E0,-3.215762787E0,8.462502136E0
5.746345329E1,-9.228010254E0,-3.137026520E0,8.428373108E0
5.747343029E1,-9.214687958E0,-3.052302704E0,8.493787079E0
5.748340729E1,-9.200317841E0,-2.946023712E0,8.546327820E0
5.749338329E1,-9.188642120E0,-2.952759705E0,8.558153229E0
5.750336029E1,-9.184001770E0,-3.012036438E0,8.605005798E0
5.751333629E1,-9.249266052E0,-3.074007568E0,8.718469849E0
5.752331329E1,-9.318422241E0,-3.032543793E0,8.701854401E0
5.753328929E1,-9.291927338E0,-2.959346008E0,8.608598328E0
5.754326629E1,-9.181756439E0,-2.867437134E0,8.588090973E0
5.755324229E1,-9.056017914E0,-2.796035614E0,8.694519653E0
5.756321929E1,-9.084907837E0,-2.668500824E0,8.845256195E0
5.757319529E1,-9.097631378E0,-2.560724945E0,8.844358063E0
5.758317229E1,-9.125772858E0,-2.490221558E0,8.810229034E0
5.759314829E1,-9.072783051E0,-2.397863617E0,8.826844482E0
5.760312529E1,-9.012458496E0,-2.382745056E0,8.977281647E0
5.761310129E1,-9.042545929E0,-2.307601318E0,9.135951691E0
5.762307829E1,-8.947343903E0,-2.278262329E0,9.132359161E0
5.763305529E1,-8.944050751E0,-2.270628204E0,9.155560913E0
5.764303129E1,-8.893156586E0,-2.167941742E0,9.193881226E0
5.765300829E1,-8.707991638E0,-2.105371857E0,9.194330292E0
5.766298442E1,-8.634344788E0,-1.987566833E0,9.284592590E0
5.767296142E1,-8.571026459E0,-1.887574768E0,9.329648895E0
5.768293742E1,-8.466394043E0,-1.861678619E0,9.345964966E0
5.769291442E1,-8.437504120E0,-1.836381226E0,9.451495514E0
5.770289042E1,-8.371341705E0,-1.823358307E0,9.527238007E0
5.771286742E1,-8.417595520E0,-1.734592896E0,9.602082367E0
5.772284342E1,-8.432714081E0,-1.618584137E0,9.546996918E0
5.773282042E1,-8.306825867E0,-1.598675537E0,9.463919678E0
5.774279642E1,-8.361162872E0,-1.487456818E0,9.569450226E0
5.775277342E1,-8.349636841E0,-1.459315338E0,9.566456451E0
5.776275042E1,-8.394393768E0,-1.451232147E0,9.585167542E0
5.777272642E1,-8.590935059E0,-1.311123505E0,9.648785248E0
5.778270342E1,-8.618777161E0,-1.318308563E0,9.542206879E0
5.779267942E1,-8.561895447E0,-1.345701599E0,9.460626526E0
5.780265642E1,-8.524622955E0,-1.254840546E0,9.520502014E0
5.781263242E1,-8.541986847E0,-1.258582764E0,9.656119995E0
5.782260942E1,-8.655151520E0,-1.219514008E0,9.712253265E0
5.783258542E1,-8.591833191E0,-1.180295563E0,9.577533417E0
5.784256242E1,-8.537945251E0,-1.105750580E0,9.517807617E0
5.785253842E1,-8.441994781E0,-9.786648560E-1,9.545649719E0
5.786251542E1,-8.362061005E0,-8.723858643E-1,9.586514740E0
5.787249142E1,-8.340206451E0,-7.387138367E-1,9.569899292E0
5.788246842E1,-8.288563843E0,-5.983058167E-1,9.606872406E0
5.789244542E1,-8.306376801E0,-5.111869812E-1,9.630074158E0
5.790242142E1,-8.278385010E0,-4.327500916E-1,9.665849762E0
5.791239842E1,-8.166567535E0,-3.903881836E-1,9.781559143E0
5.792237442E1,-8.219707031E0,-3.782633972E-1,1.001073257E1
5.793235142E1,-8.358468475E0,-3.007246399E-1,1.022344025E1
5.794232742E1,-8.549620972E0,-2.409988403E-1,1.028990204E1
5.795230442E1,-8.471184082E0,-1.377136230E-1,1.015428406E1
5.796228042E1,-8.293204193E0,8.681945801E-3,1.012374756E1
5.797225742E1,-8.197253723E0,1.796264648E-1,1.020622604E1
5.798223342E1,-7.923173676E0,2.076182556E-1,1.018242554E1
5.799221042E1,-7.842341766E0,3.192860413E-1,1.011551468E1
5.800218642E1,-7.776927795E0,4.531077576E-1,1.009874954E1
5.801216342E1,-7.677085419E0,4.285588074E-1,1.017284546E1
5.802214042E1,-7.687114563E0,4.312532043E-1,1.021730301E1
5.803211642E1,-7.574398956E0,5.230123901E-1,1.012569351E1
5.804209342E1,-7.575446777E0,5.423222351E-1,1.010982651E1
5.805206942E1,-7.652237091E0,5.224136353E-1,1.015862503E1
5.806204642E1,-7.555238800E0,5.402265930E-1,1.020113663E1
5.807202242E1,-7.651788025E0,6.765930176E-1,1.023302032E1
5.808199942E1,-7.583380280E0,7.655081177E-1,1.015518219E1
5.809197542E1,-7.527396698E0,7.062313843E-1,1.006686584E1
5.810195242E1,-7.601941681E0,7.866142273E-1,1.004575974E1
5.811192842E1,-7.650440826E0,9.542655945E-1,1.002315674E1
5.812190542E1,-7.702233124E0,1.007255402E0,9.983638916E0
5.813188142E1,-7.714357910E0,1.076112213E0,9.949659576E0
5.814185842E1,-7.723937988E0,1.135538635E0,9.954150238E0
5.815183542E1,-7.726183319E0,1.172960815E0,9.940977631E0
5.816181142E1,-7.710765381E0,1.210532684E0,9.936187592E0
5.817178842E1,-7.721842346E0,1.272952881E0,9.976004791E0
5.818176442E1,-7.728129272E0,1.379980316E0,9.944719849E0
5.819174142E1,-7.690707092E0,1.425485687E0,9.807754669E0
5.820171742E1,-7.575895844E0,1.417252808E0,9.764943695E0
5.821169442E1,-7.500901794E0,1.465302887E0,9.858349457E0
5.822167042E1,-7.526049500E0,1.520987091E0,9.920619965E0
5.823164742E1,-7.516319733E0,1.597927094E0,9.873468018E0
5.824162342E1,-7.458390198E0,1.658700714E0,9.747130737E0
5.825160042E1,-7.314090271E0,1.727108459E0,9.647737427E0
5.826157642E1,-7.256011047E0,1.762884064E0,9.692494354E0
5.827155342E1,-7.302414551E0,1.731748810E0,9.748777313E0
5.828153042E1,-7.246430969E0,1.816622314E0,9.660760345E0
5.829150642E1,-7.288942566E0,1.906435547E0,9.581575012E0
5.830148342E1,-7.317233734E0,1.925446014E0,9.597442017E0
5.831145942E1,-7.205565948E0,1.973645782E0,9.544601898E0
5.832143642E1,-7.126679993E0,2.062560883E0,9.477840729E0
5.833141242E1,-7.111411743E0,2.185904388E0,9.347910919E0
5.834138942E1,-7.213050385E0,2.212099915E0,9.330696716E0
5.835136542E1,-7.127578125E0,2.196981354E0,9.451794891E0
5.836134242E1,-6.980733490E0,2.205214233E0,9.422904968E0
5.837131842E1,-7.109016724E0,2.304906921E0,9.206754456E0
5.838129542E1,-7.242688751E0,2.426603851E0,9.103918304E0
5.839127142E1,-7.232659607E0,2.461032257E0,9.068591766E0
5.840124842E1,-7.183861084E0,2.493065643E0,9.016051025E0
5.841122542E1,-6.958729248E0,2.448009338E0,8.940308533E0
5.842120142E1,-7.028184814E0,2.402054901E0,8.947343903E0
5.843117842E1,-7.095245361E0,2.453697510E0,9.001830597E0
5.844115442E1,-7.068750458E0,2.541265411E0,9.010811920E0
5.845113142E1,-7.028783569E0,2.623294830E0,8.823850708E0
5.846110742E1,-6.958280182E0,2.554138641E0,8.907826080E0
5.847108442E1,-6.939419403E0,2.666704559E0,8.816965027E0
5.848106042E1,-6.797813873E0,2.885848846E0,8.682843933E0
5.849103742E1,-6.753356323E0,3.013233948E0,8.702004089E0
5.850101342E1,-6.848408661E0,2.974015503E0,8.809779968E0
5.851099042E1,-6.731352081E0,2.898871765E0,8.805438995E0
5.852096642E1,-6.543193359E0,2.997965698E0,8.657696228E0
5.853094342E1,-6.440207520E0,3.068020020E0,8.575816498E0
5.854092042E1,-6.508914642E0,2.887645111E0,8.734636230E0
5.855089642E1,-6.549779663E0,2.857407990E0,8.749455414E0
5.856087342E1,-6.260730743E0,2.889441376E0,8.702752533E0
5.857084942E1,-6.307433624E0,2.767894135E0,8.694369965E0
5.858082642E1,-6.508615265E0,2.633473663E0,8.938661957E0
5.859080242E1,-6.521787872E0,2.709066467E0,8.858129425E0
5.860077942E1,-6.269263000E0,2.854114838E0,8.559350739E0
5.861075542E1,-6.112089844E0,2.782713318E0,8.616681519E0
5.862073242E1,-6.440806274E0,2.757116547E0,8.575517120E0
5.863070842E1,-6.168372803E0,2.810854797E0,8.538094940E0
5.864068542E1,-5.866001587E0,2.797233124E0,8.529412994E0
5.865066142E1,-6.161187744E0,2.749183044E0,8.466843109E0
5.866063842E1,-6.352938995E0,2.782713318E0,8.519832916E0
5.867061492E1,-6.030659180E0,2.809956665E0,8.269104309E0
5.868059092E1,-5.874683533E0,2.917582855E0,8.006550293E0
5.869056792E1,-6.005212097E0,2.979703674E0,7.839048615E0
5.870054392E1,-6.113586731E0,2.980452118E0,7.909402313E0
5.871052092E1,-5.810018005E0,2.934198303E0,7.828720093E0
5.872049692E1,-5.836961975E0,2.984344025E0,7.813002777E0
5.873047392E1,-6.001020813E0,2.924618225E0,7.676935730E0
5.874044992E1,-5.945785675E0,2.787203979E0,7.629783783E0
5.875042692E1,-5.903573456E0,2.747835846E0,7.878865814E0
5.876040292E1,-6.051316223E0,2.809058533E0,8.038733368E0
5.877037992E1,-6.139033813E0,2.779569855E0,8.092471619E0
5.878035692E1,-6.075416107E0,2.651136932E0,8.095016327E0
5.879033292E1,-5.808670807E0,2.600991211E0,7.929460602E0
5.880030992E1,-5.737568665E0,2.763702850E0,7.967331848E0
5.881028592E1,-5.772895203E0,2.774031372E0,7.891140289E0
5.882026292E1,-5.698050842E0,2.651585999E0,7.785460052E0
5.883023892E1,-5.712720337E0,2.745291138E0,7.887098694E0
5.884021592E1,-5.886059875E0,2.950065308E0,7.832312622E0
5.885019192E1,-6.093528442E0,2.988684998E0,7.748486938E0
5.886016892E1,-5.758824463E0,2.805316315E0,7.691904602E0
5.887014492E1,-5.529651031E0,2.736609192E0,7.725584564E0
5.888012192E1,-5.795797577E0,2.806513824E0,7.932304688E0
5.889009792E1,-5.930068359E0,2.656226349E0,7.872578888E0
5.890007492E1,-5.717959442E0,2.324067078E0,7.724087677E0
5.891005192E1,-5.578748932E0,2.223027191E0,7.621101837E0
5.892002792E1,-5.573958893E0,2.210603027E0,7.507039032E0
5.893000492E1,-5.568869476E0,2.162103882E0,7.380851440E0
5.893998092E1,-5.292993164E0,2.002086639E0,7.262747040E0
5.894995792E1,-5.314248962E0,2.115101624E0,7.231312408E0
5.895993392E1,-5.472619629E0,2.220183105E0,7.213200073E0
5.896991092E1,-5.471122742E0,2.126927032E0,7.223977661E0
5.897988692E1,-5.348377991E0,2.071841583E0,7.132218475E0
5.898986392E1,-5.290897522E0,2.072290649E0,7.173532562E0
5.899983992E1,-5.501659241E0,2.142494659E0,7.191944275E0
5.900981692E1,-5.473368073E0,2.100881195E0,7.059619446E0
5.901979392E1,-5.272036743E0,1.947599945E0,7.006479950E0
5.902976992E1,-5.384452972E0,1.964365082E0,7.132517853E0
5.903974692E1,-5.468128967E0,1.872605896E0,7.281757507E0
5.904972292E1,-5.554199982E0,1.790277100E0,7.289691010E0
5.905969992E1,-5.508844299E0,1.694775696E0,7.371720428E0
5.906967592E1,-5.626349945E0,1.699116669E0,7.489675140E0
5.907965292E1,-5.749394073E0,1.741628265E0,7.506739655E0
5.908962892E1,-5.540129242E0,1.604812775E0,7.462880859E0
5.909960592E1,-5.477559357E0,1.520987091E0,7.347470856E0
5.910958192E1,-5.516179047E0,1.601369934E0,7.315287781E0
5.911955892E1,-5.543721771E0,1.621727600E0,7.228767700E0
5.912953592E1,-5.372926941E0,1.483864288E0,7.039561157E0
5.913951192E1,-5.182223511E0,1.411115570E0,7.040758667E0
5.914948892E1,-5.328918457E0,1.452130280E0,7.023095398E0
5.915946492E1,-5.372926941E0,1.384021912E0,7.008874969E0
5.916944192E1,-5.273533630E0,1.158441010E0,6.941664734E0
5.917941792E1,-5.235213318E0,1.016685791E0,6.936126251E0
5.918939492E1,-5.318889313E0,9.595046997E-1,7.023245087E0
5.919937092E1,-5.465883636E0,8.601113892E-1,7.019802246E0
5.920934792E1,-5.269192657E0,6.785389709E-1,6.934479675E0
5.921932392E1,-5.313799896E0,6.764433289E-1,6.951843567E0
5.922930092E1,-5.484894104E0,6.968009949E-1,6.943161621E0
5.923927792E1,-5.442831573E0,6.393205261E-1,6.946454773E0
5.924925392E1,-5.381758575E0,5.255570984E-1,6.916666718E0
5.925923092E1,-5.433850250E0,5.480104065E-1,6.991511078E0
5.926920692E1,-5.636977844E0,5.965095520E-1,7.054230652E0
5.927918392E1,-5.685327301E0,5.514532471E-1,6.938670959E0
5.928915992E1,-5.524561615E0,4.331991577E-1,6.905589752E0
5.929913692E1,-5.695955200E0,4.496649170E-1,6.958429871E0
5.930911292E1,-5.711822205E0,4.150868225E-1,6.980284424E0
5.931908992E1,-5.664969635E0,4.445755005E-1,6.913972321E0
5.932906592E1,-5.482648773E0,3.420387268E-1,6.785539398E0
5.933904292E1,-5.544619904E0,3.833528137E-1,6.766977997E0
5.934901992E1,-5.650150452E0,3.311114502E-1,6.730453949E0
5.935899592E1,-5.523962860E0,9.819580078E-2,6.660549316E0
5.936897292E1,-5.562283173E0,3.891906738E-2,6.783743134E0
5.937894892E1,-5.662125549E0,3.891906738E-3,6.931934967E0
5.938892592E1,-5.727988586E0,-1.228944397E-1,6.993756409E0
5.939890192E1,-5.741460571E0,-2.442919922E-1,7.001240845E0
5.940887892E1,-5.561983795E0,-3.838018799E-1,7.119494934E0
5.941885492E1,-5.760321350E0,-3.620970154E-1,7.285499725E0
5.942883192E1,-5.852379913E0,-3.860472107E-1,7.370822296E0
5.943880792E1,-5.667065277E0,-5.830375671E-1,7.390581207E0
5.944878492E1,-5.669011230E0,-5.947132874E-1,7.400011597E0
5.945876192E1,-5.592220917E0,-6.051914978E-1,7.484585724E0
5.946873792E1,-5.546865234E0,-6.288423157E-1,7.400610352E0
5.947871492E1,-5.489534454E0,-7.140151978E-1,7.355853424E0
5.948869092E1,-5.314847717E0,-8.530760193E-1,7.467970276E0
5.949866792E1,-5.462141418E0,-1.018931122E0,7.587122498E0
5.950864392E1,-5.587730255E0,-1.239422607E0,7.743247833E0
5.951862092E1,-5.653742981E0,-1.431922302E0,7.896828461E0
5.952859692E1,-5.627248077E0,-1.643432465E0,7.962392120E0
5.953857392E1,-5.701343994E0,-1.808988190E0,8.035589905E0
5.954854992E1,-5.861211548E0,-1.705253906E0,7.904462585E0
5.955852692E1,-5.848937073E0,-1.557511139E0,7.708370361E0
5.956850392E1,-5.783373413E0,-1.378184052E0,7.609126740E0
5.957847992E1,-5.679639130E0,-1.230740662E0,7.543413391E0
5.958845692E1,-5.586832123E0,-1.019529877E0,7.409891052E0
5.959843292E1,-5.284909973E0,-9.108558655E-1,7.274722137E0
5.960840992E1,-4.968468018E0,-1.015338593E0,7.233408051E0
5.961838592E1,-4.886139221E0,-1.061442719E0,7.363038483E0
5.962836292E1,-4.802463226E0,-1.197809143E0,7.530390472E0
5.963833892E1,-4.891827393E0,-1.391206970E0,7.706125031E0
5.964831592E1,-4.976251831E0,-1.648671570E0,7.957302704E0
5.965829292E1,-5.073998566E0,-1.886077881E0,8.239465942E0
5.966826904E1,-5.296136627E0,-1.858684845E0,8.314909058E0
5.967824604E1,-5.280718689E0,-1.855840759E0,8.231083374E0
5.968822204E1,-5.343288574E0,-1.801503754E0,8.111931152E0
5.969819904E1,-5.302273865E0,-1.661694489E0,7.968529358E0
5.970817504E1,-5.209466858E0,-1.605710907E0,7.908653870E0
5.971815204E1,-5.202281799E0,-1.616488495E0,7.837402039E0
5.972812804E1,-5.065915375E0,-1.677561493E0,7.715256042E0
5.973810504E1,-4.957391052E0,-1.706451416E0,7.683671722E0
5.974808104E1,-4.993166656E0,-1.742825775E0,7.604486389E0
5.975805804E1,-5.034929810E0,-1.786983948E0,7.530390472E0
5.976803504E1,-5.188510437E0,-1.833537140E0,7.435787201E0
5.977801104E1,-5.365143127E0,-1.825304260E0,7.274273071E0
5.978798804E1,-5.579048309E0,-1.714235229E0,7.110663300E0
5.979796404E1,-5.601501617E0,-1.675465851E0,6.873107300E0
5.980794104E1,-5.539829865E0,-1.766925659E0,6.751110992E0
5.981791704E1,-5.575306091E0,-1.839225311E0,6.785988464E0
5.982789404E1,-5.693260803E0,-1.912572784E0,6.824608154E0
5.983787004E1,-5.815855865E0,-1.918111267E0,6.817423096E0
5.984784704E1,-5.747597809E0,-2.004631348E0,6.820416870E0
5.985782304E1,-5.714965668E0,-2.138453064E0,6.891369324E0
5.986780004E1,-5.832321625E0,-2.033970337E0,6.941515045E0
5.987777704E1,-5.668113098E0,-2.092648315E0,6.917714539E0
5.988775304E1,-5.760620728E0,-2.239343262E0,6.998396759E0
5.989773004E1,-5.860313416E0,-2.204615479E0,7.034172363E0
5.990770604E1,-5.699697418E0,-2.154320068E0,6.827601929E0
5.991768304E1,-5.501958618E0,-2.241887970E0,6.667734375E0
5.992765904E1,-5.403762817E0,-2.353406067E0,6.806645508E0
5.993763604E1,-5.609884186E0,-2.413431244E0,6.960525513E0
5.994761204E1,-5.860014038E0,-2.465672607E0,6.825356598E0
5.995758904E1,-5.907465363E0,-2.550845490E0,6.622378693E0
5.996756604E1,-5.852379913E0,-2.661465454E0,6.466552734E0
5.997754204E1,-5.824687500E0,-2.711611176E0,6.371799774E0
5.998751904E1,-5.849984894E0,-2.713257751E0,6.292913818E0
5.999749504E1,-5.934109955E0,-2.762505341E0,6.223907318E0
6.000747204E1,-6.105503540E0,-2.842139740E0,6.205645294E0
6.001744804E1,-6.446045380E0,-2.758314056E0,6.102659454E0
6.002742504E1,-6.695127411E0,-2.650089111E0,5.911207581E0
6.003740104E1,-6.811734924E0,-2.740351410E0,5.784271545E0
6.004737804E1,-7.009024658E0,-2.986439667E0,5.900280304E0
6.005735404E1,-7.959847412E0,-3.174149323E0,5.714067535E0
6.006733104E1,-1.153186935E1,-3.822900238E0,3.224594421E0
6.007730804E1,-7.617958374E0,-3.598816223E0,5.708229675E0
6.008728404E1,-7.694898376E0,-3.304528198E0,5.786965942E0
6.009726104E1,-7.810757446E0,-3.241209869E0,5.301226044E0
6.010723704E1,-7.544161835E0,-3.133583679E0,4.742138672E0
6.011721404E1,-7.210805054E0,-3.165167999E0,4.601131897E0
6.012719004E1,-7.397167511E0,-3.328927460E0,4.370611267E0
6.013716704E1,-7.564818878E0,-3.233426056E0,4.441863098E0
6.014714304E1,-7.662116547E0,-3.360362091E0,4.493056641E0
6.015712004E1,-7.722441101E0,-3.734733582E0,4.564757538E0
6.016709704E1,-7.836803284E0,-3.848497009E0,4.627327423E0
6.017707304E1,-7.942932587E0,-3.960164795E0,4.634811859E0
6.018705004E1,-8.066425781E0,-3.991000671E0,4.606221313E0
6.019702604E1,-7.856113129E0,-3.915258179E0,4.535119171E0
6.020700304E1,-7.705376587E0,-3.698209534E0,4.453239441E0
6.021697904E1,-7.791746979E0,-3.532803497E0,4.506079559E0
6.022695604E1,-7.934699707E0,-3.874393158E0,4.648583221E0
6.023693204E1,-8.038284302E0,-3.767066345E0,4.470603333E0
6.024690904E1,-8.105793915E0,-3.606899414E0,4.650678864E0
6.025688604E1,-8.275690613E0,-3.761827240E0,4.749323730E0
6.026686204E1,-8.226293335E0,-3.871549072E0,4.832101593E0
6.027683904E1,-8.223149872E0,-3.772155762E0,4.942721558E0
6.028681504E1,-8.251590729E0,-3.527115326E0,4.944368134E0
6.029679204E1,-8.295748901E0,-3.727099457E0,4.980143738E0
6.030676804E1,-8.124654694E0,-3.933520203E0,5.027744751E0
6.031674504E1,-8.245004425E0,-4.050876160E0,5.154531097E0
6.032672104E1,-8.471932526E0,-4.114942932E0,5.281317444E0
6.033669804E1,-8.334817657E0,-3.904181213E0,5.234315186E0
6.034667404E1,-8.204139404E0,-4.095932465E0,5.238356781E0
6.035665104E1,-8.176746368E0,-4.141886902E0,5.225333862E0
6.036662804E1,-8.241112518E0,-4.091890869E0,5.194048920E0
6.037660404E1,-8.459059296E0,-4.317322083E0,5.307962036E0
6.038658104E1,-8.226143646E0,-4.332590332E0,5.256020050E0
6.039655704E1,-8.257278900E0,-4.312831421E0,5.266198883E0
6.040653404E1,-8.350385284E0,-4.517904968E0,5.272934875E0
6.041651004E1,-8.132438507E0,-4.260440369E0,5.216502228E0
6.042648704E1,-8.271499329E0,-4.574187927E0,5.272785187E0
6.043646304E1,-8.242609406E0,-4.504732361E0,5.280419312E0
6.044644004E1,-8.352780304E0,-4.293222198E0,5.257666626E0
6.045641704E1,-8.487649841E0,-4.587659912E0,5.368436279E0
6.046639304E1,-8.475974121E0,-4.581672363E0,5.460494843E0
6.047637004E1,-8.592282257E0,-4.386178894E0,5.522915039E0
6.048634604E1,-8.672365723E0,-4.384682007E0,5.523513794E0
6.049632304E1,-8.642427979E0,-4.551135864E0,5.598507843E0
6.050629904E1,-8.593180389E0,-4.371958466E0,5.627697144E0
6.051627604E1,-8.617130585E0,-4.284091187E0,5.591322784E0
6.052625204E1,-8.719966736E0,-4.390220490E0,5.617817688E0
6.053622904E1,-8.690478058E0,-4.536765747E0,5.685327301E0
6.054620604E1,-8.812174988E0,-4.501738586E0,5.761668549E0
6.055618204E1,-9.003028107E0,-4.567152557E0,5.829776917E0
6.056615904E1,-8.994046783E0,-4.527784424E0,5.842799835E0
6.057613504E1,-9.240434418E0,-4.772974548E0,6.029611359E0
6.058611204E1,-9.219028931E0,-4.402045898E0,6.017785950E0
6.059608804E1,-9.286239166E0,-4.305796051E0,5.925727386E0
6.060606504E1,-9.124575348E0,-4.401147766E0,5.966293030E0
6.061604104E1,-9.169481964E0,-4.309538269E0,6.015091553E0
6.062601804E1,-9.313332825E0,-4.376149750E0,6.119873657E0
6.063599504E1,-9.224118347E0,-4.187841339E0,6.083798676E0
6.064597104E1,-9.269474030E0,-4.012406158E0,6.121819611E0
6.065594804E1,-9.356742554E0,-4.264332275E0,6.298003235E0
6.066592450E1,-9.308991852E0,-4.213138733E0,6.320306854E0
6.067590150E1,-9.390123138E0,-4.149221649E0,6.418802032E0
6.068587750E1,-9.398056641E0,-4.262685699E0,6.604116669E0
6.069585450E1,-9.453291779E0,-4.103716278E0,6.743776245E0
6.070583050E1,-9.320517883E0,-4.187092896E0,6.767726440E0
6.071580750E1,-9.325607300E0,-4.218228149E0,6.826404419E0
6.072578450E1,-9.245374146E0,-4.096082153E0,6.838529205E0
6.073576050E1,-9.081165619E0,-4.131408691E0,6.873256989E0
6.074573750E1,-9.105415192E0,-4.104165344E0,6.951544189E0
6.075571350E1,-8.915460205E0,-4.102219391E0,6.924300842E0
6.076569050E1,-8.937464447E0,-4.146078186E0,6.977889404E0
6.077566650E1,-9.051976318E0,-4.203109589E0,7.085515594E0
6.078564350E1,-8.998687134E0,-4.394860840E0,7.161707153E0
6.079561950E1,-9.141340485E0,-4.319268036E0,7.302115173E0
6.080559650E1,-9.101972351E0,-4.283642120E0,7.300618286E0
6.081557350E1,-9.034013672E0,-4.369713135E0,7.317084045E0
6.082554950E1,-9.119785309E0,-4.272565155E0,7.342980194E0
6.083552650E1,-9.098529510E0,-4.220323792E0,7.332651672E0
6.084550250E1,-9.131161652E0,-4.215982819E0,7.345375214E0
6.085547950E1,-9.195677490E0,-4.218228149E0,7.447462921E0
6.086545550E1,-9.266031189E0,-4.172722778E0,7.554789734E0
6.087543250E1,-9.315428467E0,-4.043242035E0,7.568112030E0
6.088540850E1,-9.281000061E0,-4.014651489E0,7.628586273E0
6.089538550E1,-9.233399048E0,-4.025129700E0,7.774233398E0
6.090536250E1,-9.194330292E0,-3.931723938E0,7.915838928E0
6.091533850E1,-9.146579590E0,-3.756887512E0,7.976911926E0
6.092531550E1,-9.088350677E0,-3.588637390E0,8.004604340E0
6.093529150E1,-9.058562622E0,-3.503913574E0,8.099956055E0
6.094526850E1,-8.937314758E0,-3.437751160E0,8.157586212E0
6.095524450E1,-8.839717712E0,-3.409459991E0,8.241262207E0
6.096522150E1,-8.899593201E0,-3.426225128E0,8.392896881E0
6.097519750E1,-8.927884369E0,-3.388353882E0,8.412506104E0
6.098517450E1,-8.874146118E0,-3.404370575E0,8.476273499E0
6.099515150E1,-8.982820129E0,-3.359014893E0,8.571176147E0
6.100512750E1,-9.045539703E0,-3.239413605E0,8.550818481E0
6.101510450E1,-9.107211456E0,-3.166215820E0,8.603059845E0
6.102508050E1,-9.166338501E0,-3.097209320E0,8.683292999E0
6.103505750E1,-9.276060333E0,-2.947819977E0,8.733887787E0
6.104503350E1,-9.414372711E0,-2.890489197E0,8.716074829E0
6.105501050E1,-9.433832245E0,-2.945574646E0,8.583899689E0
6.106498650E1,-9.475146332E0,-2.915038147E0,8.633746033E0
6.107496350E1,-9.497449951E0,-2.844085693E0,8.569679260E0
6.108494050E1,-9.472451935E0,-2.841990051E0,8.524323578E0
6.109491650E1,-9.436975708E0,-2.816393280E0,8.554710388E0
6.110489350E1,-9.291178894E0,-2.757266235E0,8.508606262E0
6.111486950E1,-9.288035431E0,-2.637664948E0,8.650960236E0
6.112484650E1,-9.307794342E0,-2.503094788E0,8.687035217E0
6.113482250E1,-9.275760956E0,-2.407892761E0,8.718020782E0
6.114479950E1,-9.284592590E0,-2.465971985E0,8.803343353E0
6.115477550E1,-9.078321533E0,-2.398462372E0,8.811875610E0
6.116475250E1,-8.984017639E0,-2.350561981E0,8.934470673E0
6.117472950E1,-8.936266937E0,-2.294728088E0,9.055419159E0
6.118470550E1,-8.911268921E0,-2.274669800E0,9.163793793E0
6.119468250E1,-8.942853241E0,-2.174528046E0,9.236243134E0
6.120465850E1,-8.898545380E0,-2.091899872E0,9.234446869E0
6.121463550E1,-8.843010864E0,-2.047592010E0,9.268126831E0
6.122461150E1,-8.640631714E0,-2.008672943E0,9.310189362E0
6.123458850E1,-8.531059570E0,-1.960473175E0,9.480086060E0
6.124456450E1,-8.581953735E0,-1.824705505E0,9.638456726E0
6.125454150E1,-8.471932526E0,-1.860481110E0,9.562863922E0
6.126451850E1,-8.592581635E0,-1.825453949E0,9.597292328E0
6.127449450E1,-8.524173889E0,-1.770817566E0,9.571845245E0
6.128447150E1,-8.439599762E0,-1.743723907E0,9.611063690E0
6.129444750E1,-8.528963928E0,-1.653611298E0,9.650731201E0
6.130442450E1,-8.383765869E0,-1.615290985E0,9.571096802E0
6.131440050E1,-8.462502136E0,-1.470691681E0,9.622290344E0
6.132437750E1,-8.455317078E0,-1.385369110E0,9.635013885E0
6.133435450E1,-8.379574585E0,-1.412462769E0,9.639205170E0
6.134433050E1,-8.464747467E0,-1.303489380E0,9.691895599E0
6.135430750E1,-8.391998749E0,-1.234183502E0,9.663005676E0
6.136428350E1,-8.449479218E0,-1.217568054E0,9.701924744E0
6.137426050E1,-8.529562683E0,-1.158890076E0,9.693991241E0
6.138423650E1,-8.341403961E0,-1.151705017E0,9.656569061E0
6.139421350E1,-8.452772369E0,-9.533674622E-1,9.751172333E0
6.140418950E1,-8.410859528E0,-8.183482361E-1,9.742490387E0
6.141416650E1,-8.346194000E0,-7.906558228E-1,9.715247040E0
6.142414350E1,-8.339907074E0,-6.700067139E-1,9.772428131E0
6.143411950E1,-8.333620148E0,-5.393284607E-1,9.815538483E0
6.144409650E1,-8.397387543E0,-4.544549561E-1,9.870474243E0
6.145407250E1,-8.468789062E0,-4.031117249E-1,9.928104401E0
6.146404950E1,-8.522377625E0,-3.680845642E-1,1.004486160E1
6.147402550E1,-8.548872528E0,-3.134481812E-1,1.011880783E1
6.148400250E1,-8.475525055E0,-3.456312561E-1,1.012614258E1
6.149397850E1,-8.373437347E0,-3.101550293E-1,1.015877472E1
6.150395550E1,-8.286318512E0,-2.056723022E-1,1.020098694E1
6.151393250E1,-8.227191467E0,-1.116677856E-1,1.024739044E1
6.152390850E1,-8.238717499E0,1.032852173E-2,1.022239243E1
6.153388550E1,-8.038134613E0,2.013313293E-1,1.009111542E1
6.154386150E1,-7.880362701E0,3.947291565E-1,1.006177643E1
6.155383850E1,-7.730075226E0,5.013075256E-1,1.010967682E1
6.156381450E1,-7.675738220E0,4.917274475E-1,1.016027161E1
6.157379150E1,-7.737260284E0,5.409750366E-1,1.018541931E1
6.158376750E1,-7.702981567E0,5.911207581E-1,1.015533188E1
6.159374450E1,-7.764503632E0,5.763015747E-1,1.019544846E1
6.160372150E1,-7.734715576E0,5.535488892E-1,1.020862106E1
6.161369750E1,-7.605833588E0,6.010002136E-1,1.018018021E1
6.162367450E1,-7.698041840E0,6.718029785E-1,1.024619293E1
6.163365050E1,-7.801177368E0,6.363267517E-1,1.026834686E1
6.164362750E1,-7.756719818E0,6.544390869E-1,1.017808456E1
6.165360350E1,-7.802823944E0,8.616082764E-1,1.013512390E1
6.166358050E1,-7.759563904E0,9.389973450E-1,1.009815079E1
6.167355767E1,-7.826474762E0,9.039701843E-1,9.989177399E0
6.168353367E1,-7.832612000E0,1.005758514E0,9.846673737E0
6.169351067E1,-7.824229431E0,1.133293304E0,9.863738251E0
6.170348667E1,-8.005652161E0,1.187630310E0,9.877060547E0
6.171346367E1,-7.962242432E0,1.081800385E0,9.863289185E0
6.172343967E1,-7.878117371E0,1.120569763E0,9.852212219E0
6.173341667E1,-7.785609741E0,1.203497314E0,9.891730042E0
6.174339267E1,-7.793692932E0,1.224603424E0,9.842033386E0
6.175336967E1,-7.785909119E0,1.239721985E0,9.776769104E0
6.176334667E1,-7.660020905E0,1.389560394E0,9.669741669E0
6.177332267E1,-7.567363586E0,1.521735535E0,9.603878632E0
6.178329967E1,-7.539820862E0,1.535057831E0,9.618398438E0
6.179327567E1,-7.504644012E0,1.560953979E0,9.664203186E0
6.180325267E1,-7.413782959E0,1.698218536E0,9.657766571E0
6.181322867E1,-7.363188171E0,1.803898773E0,9.623487854E0
6.182320567E1,-7.452103271E0,1.776206360E0,9.641899567E0
6.183318167E1,-7.444618835E0,1.747316437E0,9.607471161E0
6.184315867E1,-7.368576965E0,1.826651459E0,9.594897308E0
6.185313567E1,-7.405250702E0,1.890418854E0,9.657916260E0
6.186311167E1,-7.405849457E0,1.884580994E0,9.606872406E0
6.187308867E1,-7.368127899E0,1.932780762E0,9.535470886E0
6.188306467E1,-7.378007355E0,2.092199249E0,9.533674622E0
6.189304167E1,-7.377408600E0,2.185305634E0,9.434730377E0
6.190301767E1,-7.371570740E0,2.198478241E0,9.279203796E0
6.191299467E1,-7.266788635E0,2.241289215E0,9.159752197E0
6.192297067E1,-7.262896729E0,2.345771942E0,9.228908386E0
6.193294767E1,-7.276368713E0,2.397264862E0,9.203610992E0
6.194292467E1,-7.238647156E0,2.357297974E0,9.153914337E0
6.195290067E1,-7.170538788E0,2.400707703E0,8.998238068E0
6.196287767E1,-7.065157928E0,2.418520660E0,8.988059235E0
6.197285367E1,-7.080875244E0,2.392474823E0,9.097332001E0
6.198283067E1,-7.051685944E0,2.387834473E0,9.077423401E0
6.199280667E1,-6.873107300E0,2.465822296E0,8.909322968E0
6.200278367E1,-6.912924500E0,2.532583466E0,8.808133392E0
6.201276067E1,-6.918612671E0,2.505489807E0,8.892557831E0
6.202273667E1,-6.764133911E0,2.560425568E0,8.871002655E0
6.203271367E1,-6.577921143E0,2.669698334E0,8.723259888E0
6.204268967E1,-6.540948029E0,2.773432617E0,8.751401367E0
6.205266667E1,-6.716532898E0,2.814896393E0,8.845705261E0
6.206264267E1,-6.588698730E0,2.830014954E0,8.733588409E0
6.207261967E1,-6.495143280E0,3.001558228E0,8.690328369E0
6.208259667E1,-6.519542542E0,3.060834961E0,8.610544281E0
6.209257267E1,-6.528374176E0,3.014581146E0,8.633446655E0
6.210254967E1,-6.543343048E0,2.953508148E0,8.635991364E0
6.211252567E1,-6.331533508E0,2.889141998E0,8.552614746E0
6.212250267E1,-6.396199036E0,2.825973358E0,8.651409302E0
6.213247867E1,-6.641838226E0,2.805316315E0,8.630303192E0
6.214245567E1,-6.469247131E0,2.793790283E0,8.549321594E0
6.215243167E1,-6.312373352E0,2.729424133E0,8.537945251E0
6.216240867E1,-6.346352692E0,2.658022614E0,8.520581360E0
6.217238567E1,-6.429729309E0,2.667752380E0,8.565487976E0
6.218236167E1,-6.312373352E0,2.695594482E0,8.578211517E0
6.219233867E1,-6.149512024E0,2.647694092E0,8.707991638E0
6.220231467E1,-6.433621216E0,2.819237366E0,8.605903931E0
6.221229167E1,-6.284531250E0,2.894680481E0,8.477620697E0
6.222226767E1,-5.994584198E0,2.935844879E0,8.417745209E0
6.223224467E1,-6.055357819E0,3.006497955E0,8.224646759E0
6.224222167E1,-6.141279144E0,3.057541809E0,7.994425507E0
6.225219767E1,-6.150260468E0,3.056493988E0,7.852819977E0
6.226217467E1,-6.003715210E0,2.938389587E0,7.887098694E0
6.227215067E1,-6.026617584E0,2.775827637E0,7.876620483E0
6.228212767E1,-6.071673889E0,2.679577789E0,7.791896667E0
6.229210367E1,-5.933960266E0,2.539618835E0,7.809859314E0
6.230208067E1,-5.900579681E0,2.480491791E0,7.905360718E0
6.231205667E1,-6.186185760E0,2.478246460E0,7.963739319E0
6.232203367E1,-6.174809418E0,2.443518677E0,7.931107178E0
6.233201067E1,-5.872138824E0,2.515668640E0,7.672744446E0
6.234198667E1,-5.652395782E0,2.634222107E0,7.564968567E0
6.235196367E1,-5.636528778E0,2.640658722E0,7.600145416E0
6.236193967E1,-5.686824188E0,2.587968292E0,7.624095612E0
6.237191667E1,-5.757926331E0,2.552192688E0,7.711813202E0
6.238189267E1,-5.854924622E0,2.704126740E0,7.759863281E0
6.239186967E1,-5.882467346E0,2.901566162E0,7.579787750E0
6.240184667E1,-5.893394623E0,2.906954956E0,7.532037048E0
6.241182267E1,-5.876479797E0,2.839145966E0,7.611072693E0
6.242179967E1,-5.794749756E0,2.669398956E0,7.642357635E0
6.243177567E1,-5.898933105E0,2.640209656E0,7.779173126E0
6.244175267E1,-5.799240417E0,2.626737671E0,7.814200287E0
6.245172867E1,-5.642366638E0,2.555785217E0,7.626191254E0
6.246170567E1,-5.623954926E0,2.451901245E0,7.438032532E0
6.247168167E1,-5.467530212E0,2.371069336E0,7.503296814E0
6.248165867E1,-5.316045227E0,2.236948242E0,7.559879150E0
6.249163567E1,-5.386398926E0,2.175276489E0,7.523804169E0
6.250161167E1,-5.355413361E0,2.114951935E0,7.439080353E0
6.251158867E1,-5.378465424E0,2.120939484E0,7.419620819E0
6.252156467E1,-5.344785461E0,2.059567108E0,7.456444244E0
6.253154167E1,-5.464536438E0,2.084116058E0,7.390880585E0
6.254151767E1,-5.541326752E0,2.099533997E0,7.333998871E0
6.255149467E1,-5.516478424E0,1.997146912E0,7.296277313E0
6.256147167E1,-5.512586517E0,1.945653992E0,7.156767426E0
6.257144767E1,-5.484145660E0,1.912722473E0,7.135212250E0
6.258142467E1,-5.473068695E0,1.767374725E0,7.187752991E0
6.259140067E1,-5.483696594E0,1.686542816E0,7.073690186E0
6.260137767E1,-5.396877136E0,1.674418030E0,7.047045593E0
6.261135367E1,-5.610183563E0,1.717827759E0,7.090305634E0
6.262133067E1,-5.609584808E0,1.557660828E0,7.097041626E0
6.263130767E1,-5.474864960E0,1.422342224E0,7.090305634E0
6.264128367E1,-5.470074921E0,1.445993042E0,7.098388824E0
6.265126067E1,-5.572761383E0,1.531315613E0,7.170089722E0
6.266123667E1,-5.632187805E0,1.426084442E0,7.091203766E0
6.267121375E1,-5.489534454E0,1.291214905E0,7.018904114E0
6.268118975E1,-5.443280640E0,1.409019928E0,7.068900146E0
6.269116675E1,-5.562582550E0,1.499581604E0,7.099137268E0
6.270114275E1,-5.491630096E0,1.340163116E0,7.033723297E0
6.271111975E1,-5.384452972E0,1.139879608E0,7.004384308E0
6.272109675E1,-5.450166321E0,1.187630310E0,7.050338745E0
6.273107275E1,-5.548811188E0,1.221310272E0,7.118896179E0
6.274104975E1,-5.461842041E0,1.038839722E0,7.080276489E0
6.275102575E1,-5.234913940E0,8.018824768E-1,6.996001740E0
6.276100275E1,-5.327271881E0,8.409512329E-1,7.071893921E0
6.277097875E1,-5.553301849E0,9.145980835E-1,7.125482483E0
6.278095575E1,-5.513185272E0,7.604187012E-1,7.006330261E0
6.279093275E1,-5.330565033E0,5.035528564E-1,6.958878937E0
6.280090875E1,-5.462740173E0,5.278024292E-1,7.036268005E0
6.281088575E1,-5.672903137E0,5.670208740E-1,7.059619446E0
6.282086175E1,-5.553301849E0,4.411326599E-1,6.945107574E0
6.283083875E1,-5.389692078E0,2.877017212E-1,6.917714539E0
6.284081475E1,-5.568869476E0,3.432362366E-1,7.041058044E0
6.285079175E1,-5.788612518E0,4.382885742E-1,7.028184814E0
6.286076875E1,-5.587281189E0,2.939886475E-1,6.780899048E0
6.287074475E1,-5.341941376E0,1.356179810E-1,6.666387177E0
6.288072175E1,-5.490133209E0,2.466870117E-1,6.708599396E0
6.289069775E1,-5.519322510E0,1.996847534E-1,6.728058929E0
6.290067475E1,-5.410199432E0,-2.903961182E-2,6.636898499E0
6.291065075E1,-5.435796204E0,-1.523831177E-1,6.668183441E0
6.292062775E1,-5.697901154E0,-1.122665405E-1,6.783593445E0
6.293060375E1,-5.891897736E0,-9.550140381E-2,6.826404419E0
6.294058075E1,-5.690865784E0,-3.037184143E-1,6.808292084E0
6.295055775E1,-5.634882202E0,-4.375401306E-1,6.892417145E0
6.296053375E1,-5.877527618E0,-3.032693481E-1,7.053931274E0
6.297051075E1,-5.900429993E0,-3.261717224E-1,7.108118591E0
6.298048675E1,-5.711073761E0,-5.439688110E-1,7.139852600E0
6.299046375E1,-5.719156952E0,-5.840853882E-1,7.269333344E0
6.300043975E1,-5.854625244E0,-4.641847229E-1,7.375612335E0
6.301041675E1,-5.808221741E0,-5.478607178E-1,7.393125916E0
6.302039375E1,-5.653742981E0,-7.934999084E-1,7.393125916E0
6.303036975E1,-5.640720062E0,-9.184899902E-1,7.588918762E0
6.304034675E1,-5.746549988E0,-9.633966064E-1,7.812254333E0
6.305032275E1,-5.762866058E0,-1.121168518E0,7.861352234E0
6.306029975E1,-5.686973877E0,-1.339264984E0,7.803422699E0
6.307027575E1,-5.665269012E0,-1.526525574E0,7.855364685E0
6.308025275E1,-5.784720612E0,-1.655706940E0,7.885901184E0
6.309022975E1,-5.749394073E0,-1.724114685E0,7.861052856E0
6.310020575E1,-5.655389557E0,-1.711989899E0,7.765252075E0
6.311018275E1,-5.640570374E0,-1.541344757E0,7.735913086E0
6.312015875E1,-5.625900879E0,-1.294058990E0,7.653733978E0
6.313013575E1,-5.452561340E0,-1.164428558E0,7.452702026E0
6.314011175E1,-5.170248413E0,-1.200054474E0,7.319928131E0
6.315008875E1,-5.134023743E0,-1.183439026E0,7.316784668E0
6.316006475E1,-5.126239929E0,-1.055754547E0,7.280260620E0
6.317004175E1,-4.967569885E0,-1.224304047E0,7.249724121E0
6.318001875E1,-5.004842377E0,-1.551972656E0,7.371570740E0
6.318999475E1,-5.123246155E0,-1.754202118E0,7.585326233E0
6.319997175E1,-5.211113434E0,-1.797611847E0,7.830666046E0
6.320994775E1,-5.256469116E0,-1.915865936E0,7.952362976E0
6.321992475E1,-5.368286591E0,-1.989363098E0,8.097261658E0
6.322990075E1,-5.522765350E0,-1.771416321E0,8.142467651E0
6.323987775E1,-5.435197449E0,-1.584604797E0,8.051456909E0
6.324985475E1,-5.354515228E0,-1.660197601E0,8.012687531E0
6.325983075E1,-5.354365540E0,-1.642684021E0,8.033793640E0
6.326980775E1,-5.285209351E0,-1.500779114E0,7.961943054E0
6.327978375E1,-5.142106934E0,-1.425186310E0,7.755971375E0
6.328976075E1,-4.903054047E0,-1.569935303E0,7.588469696E0
6.329973675E1,-4.806804199E0,-1.611848145E0,7.524253235E0
6.330971375E1,-4.894372101E0,-1.601220245E0,7.480993195E0
6.331969075E1,-4.968917084E0,-1.701212311E0,7.416028290E0
6.332966675E1,-5.208718414E0,-1.716480560E0,7.280559998E0
6.333964375E1,-5.347779236E0,-1.634301453E0,7.116501160E0
6.334961975E1,-5.482648773E0,-1.546434174E0,6.978188782E0
6.335959675E1,-5.498066711E0,-1.675765228E0,6.875502319E0
6.336957275E1,-5.572761383E0,-1.879341888E0,6.912026367E0
6.337954975E1,-5.791306915E0,-1.955533447E0,6.926995239E0
6.338952675E1,-5.871240692E0,-2.014660492E0,6.902446289E0
6.339950275E1,-5.870941315E0,-2.158211975E0,6.913223877E0
6.340947975E1,-5.995781708E0,-2.244432678E0,6.986571350E0
6.341945575E1,-6.133794708E0,-2.223625946E0,6.989265747E0
6.342943275E1,-6.236181793E0,-2.202968903E0,6.915918274E0
6.343940875E1,-6.238427124E0,-2.296973419E0,6.850354614E0
6.344938575E1,-6.159241791E0,-2.337988129E0,6.803951111E0
6.345936275E1,-6.009253693E0,-2.302212524E0,6.675967255E0
6.346933875E1,-5.857319641E0,-2.362836456E0,6.576424255E0
6.347931575E1,-5.952671356E0,-2.461032257E0,6.636299744E0
6.348929175E1,-6.200705566E0,-2.448009338E0,6.638694763E0
6.349926875E1,-6.343059540E0,-2.438279572E0,6.479875031E0
6.350924475E1,-6.413113861E0,-2.476001129E0,6.235133972E0
6.351922175E1,-6.358926544E0,-2.611619110E0,6.105653229E0
6.352919875E1,-6.373296661E0,-2.693947906E0,6.082750854E0
6.353917475E1,-6.462211761E0,-2.720742188E0,6.028114471E0
6.354915175E1,-6.449637909E0,-2.857707367E0,5.980513458E0
6.355912775E1,-6.548881531E0,-2.961591339E0,5.984555054E0
6.356910475E1,-6.649023285E0,-3.000809784E0,5.959557037E0
6.357908075E1,-6.784940643E0,-3.026256866E0,5.883515167E0
6.358905775E1,-6.848558350E0,-3.152743835E0,5.770200806E0
6.359903475E1,-6.906038818E0,-3.299738159E0,5.729635162E0
6.360901075E1,-7.023394775E0,-3.321143646E0,5.664670258E0
6.361898775E1,-7.174131317E0,-3.311413879E0,5.622158661E0
6.362896375E1,-7.334747314E0,-3.288810883E0,5.537584534E0
6.363894075E1,-7.416327667E0,-3.260968781E0,5.403313751E0
6.364891675E1,-7.572602692E0,-3.183729401E0,5.410947876E0
6.365889375E1,-7.592511292E0,-3.131338348E0,5.169200592E0
6.366887000E1,-7.977810059E0,-3.234623566E0,4.675377502E0
6.367884600E1,-8.452173615E0,-3.456312561E0,4.234244843E0
6.368882300E1,-7.211104431E0,-3.341052246E0,5.178481293E0
6.369879900E1,-7.399562531E0,-3.338657227E0,5.188959503E0
6.370877600E1,-7.483986969E0,-3.422931976E0,5.154381409E0
6.371875200E1,-7.548053741E0,-3.587439880E0,5.097948761E0
6.372872900E1,-7.679480438E0,-3.671564941E0,5.122647400E0
6.373870600E1,-7.720195770E0,-3.736080780E0,5.083728333E0
6.374868200E1,-7.663314056E0,-3.822301483E0,5.067412262E0
6.375865900E1,-7.760012970E0,-3.818409576E0,5.087919617E0
6.376863500E1,-7.882308655E0,-3.888912964E0,5.044809265E0
6.377861200E1,-8.008795624E0,-3.869603119E0,5.054988098E0
6.378858800E1,-7.980504456E0,-3.742816772E0,5.014572144E0
6.379856500E1,-7.935148773E0,-3.813170471E0,5.015021210E0
6.380854200E1,-8.072263641E0,-3.826492767E0,5.026996307E0
6.381851800E1,-8.176896057E0,-3.731141052E0,5.067861328E0
6.382849500E1,-8.257129211E0,-3.682791595E0,5.106181641E0
6.383847100E1,-8.303832092E0,-3.740421753E0,5.091961212E0
6.384844800E1,-8.305029602E0,-3.961212616E0,5.061574402E0
6.385842400E1,-8.313412170E0,-3.997886353E0,5.106630707E0
6.386840100E1,-8.282875671E0,-3.938459930E0,5.110672302E0
6.387837800E1,-8.228538666E0,-3.966002655E0,5.082979889E0
6.388835400E1,-8.141868896E0,-3.940555573E0,5.096451874E0
6.389833100E1,-8.175249481E0,-4.070934448E0,5.173691254E0
6.390830700E1,-8.272846527E0,-4.117038574E0,5.291196899E0
6.391828400E1,-8.254434814E0,-4.015549622E0,5.324427795E0
6.392826000E1,-8.261470184E0,-4.173171844E0,5.390739899E0
6.393823700E1,-8.214617615E0,-4.180805969E0,5.497767334E0
6.394821400E1,-8.297245789E0,-4.449946289E0,5.582640839E0
6.395819000E1,-8.246201935E0,-4.370012512E0,5.567372589E0
6.396816700E1,-8.255632324E0,-4.459526367E0,5.579796753E0
6.397814300E1,-8.185578003E0,-4.326752472E0,5.603597260E0
6.398812000E1,-8.310568085E0,-4.321513367E0,5.613925781E0
6.399809700E1,-8.400680695E0,-4.440366211E0,5.630092163E0
6.400807300E1,-8.406518555E0,-4.506229248E0,5.639672241E0
6.401805000E1,-8.549770660E0,-4.646188202E0,5.734125824E0
6.402802600E1,-8.448730774E0,-4.214785309E0,5.620961151E0
6.403800300E1,-8.568032684E0,-4.324507141E0,5.619913330E0
6.404797900E1,-8.570727081E0,-4.362827454E0,5.657036133E0
6.405795600E1,-8.660240936E0,-4.328548737E0,5.686075745E0
6.406793300E1,-8.695717163E0,-4.583768005E0,5.721102905E0
6.407790900E1,-8.786428528E0,-4.631069641E0,5.725743256E0
6.408788600E1,-8.738677826E0,-4.525988159E0,5.747747498E0
6.409786200E1,-8.698112183E0,-4.644541626E0,5.814508667E0
6.410783900E1,-8.898096313E0,-4.651427307E0,5.984255676E0
6.411781500E1,-9.082512817E0,-4.620292053E0,6.131399689E0
6.412779200E1,-9.061406708E0,-4.481530609E0,6.181096344E0
6.413776900E1,-9.075627136E0,-4.546645203E0,6.191574554E0
6.414774500E1,-9.064699860E0,-4.501738586E0,6.258036346E0
6.415772200E1,-9.100924530E0,-4.405339050E0,6.264622650E0
6.416769800E1,-9.070986786E0,-4.345313873E0,6.315965881E0
6.417767500E1,-9.055269470E0,-4.151916046E0,6.335275726E0
6.418765100E1,-9.026529236E0,-3.914809113E0,6.287225647E0
6.419762800E1,-9.035211182E0,-3.928730164E0,6.359225922E0
6.420760500E1,-9.123826904E0,-4.259542236E0,6.541397095E0
6.421758100E1,-9.147777100E0,-4.385131073E0,6.700216827E0
6.422755800E1,-9.172026672E0,-4.077670441E0,6.711293793E0
6.423753400E1,-9.154064026E0,-4.013154602E0,6.733597412E0
6.424751100E1,-9.119934998E0,-4.172423401E0,6.812782745E0
6.425748800E1,-9.102720795E0,-4.223916321E0,6.811884613E0
6.426746400E1,-9.148824921E0,-4.220323792E0,6.811884613E0
6.427744100E1,-9.173373871E0,-4.193828888E0,6.918912048E0
6.428741700E1,-9.132209473E0,-4.165687408E0,6.990163879E0
6.429739400E1,-9.232201538E0,-4.206702118E0,7.020101624E0
6.430737000E1,-9.253008270E0,-4.199816437E0,7.068451080E0
6.431734700E1,-9.213340759E0,-4.191733246E0,7.184609528E0
6.432732400E1,-9.216334534E0,-4.318818970E0,7.239844666E0
6.433730000E1,-9.245374146E0,-4.274660797E0,7.160509644E0
6.434727700E1,-9.128018188E0,-4.193828888E0,7.157066803E0
6.435725300E1,-9.052126007E0,-4.186194763E0,7.253316650E0
6.436723000E1,-9.123677216E0,-4.154610443E0,7.356152802E0
6.437720600E1,-9.191785583E0,-4.051923981E0,7.392377472E0
6.438718300E1,-9.262438660E0,-4.038601685E0,7.433392181E0
6.439716000E1,-9.163644104E0,-4.116290131E0,7.462581482E0
6.440713600E1,-9.001231842E0,-4.171076202E0,7.602989502E0
6.441711300E1,-9.059011688E0,-4.033811646E0,7.821385345E0
6.442708900E1,-9.156608734E0,-3.914509735E0,7.898475037E0
6.443706600E1,-9.140592041E0,-3.915407867E0,7.933801575E0
6.444704200E1,-9.105415192E0,-3.835773468E0,7.954308929E0
6.445701900E1,-9.073980560E0,-3.688030701E0,8.004754028E0
6.446699600E1,-9.016799469E0,-3.673361206E0,8.049361267E0
6.447697200E1,-8.986412659E0,-3.633244629E0,8.092920685E0
6.448694900E1,-8.974437561E0,-3.504512329E0,8.088579712E0
6.449692500E1,-8.973240051E0,-3.426674194E0,8.118816833E0
6.450690200E1,-8.987759857E0,-3.433110809E0,8.203989716E0
6.451687900E1,-9.033414917E0,-3.434907074E0,8.361013184E0
6.452685500E1,-9.179810486E0,-3.351081390E0,8.514294434E0
6.453683200E1,-9.330247650E0,-3.232827301E0,8.541687469E0
6.454680800E1,-9.410480804E0,-3.256478119E0,8.474776611E0
6.455678500E1,-9.459279327E0,-3.224444733E0,8.529862061E0
6.456676100E1,-9.464219055E0,-3.149151306E0,8.624165955E0
6.457673800E1,-9.441765747E0,-3.048710175E0,8.647667084E0
6.458671500E1,-9.468260651E0,-2.928809509E0,8.592282257E0
6.459669100E1,-9.375303955E0,-2.914439392E0,8.531808014E0
6.460666800E1,-9.278605042E0,-2.916235657E0,8.576265564E0
6.461664400E1,-9.282646637E0,-2.955454102E0,8.690627747E0
6.462662100E1,-9.256900177E0,-2.849923553E0,8.744515686E0
6.463659800E1,-9.229806519E0,-2.781964874E0,8.769962769E0
6.464657400E1,-9.095086670E0,-2.718347168E0,8.763975220E0
6.465655100E1,-8.950487366E0,-2.653082886E0,8.791218567E0
6.466652700E1,-8.955876160E0,-2.554138641E0,8.941356354E0
6.467650442E1,-8.928183746E0,-2.477348328E0,9.003028107E0
6.468648042E1,-8.921298065E0,-2.362537079E0,9.031468964E0
6.469645742E1,-8.901090088E0,-2.279160461E0,9.017248535E0
6.470643442E1,-8.800050201E0,-2.329156494E0,9.025631104E0
6.471641042E1,-8.789422302E0,-2.346370697E0,9.232500916E0
6.472638742E1,-8.787476349E0,-2.269430695E0,9.341324615E0
6.473636342E1,-8.791817322E0,-2.144889679E0,9.350755005E0
6.474634042E1,-8.777447205E0,-2.062261505E0,9.329349518E0
6.475631642E1,-8.732989655E0,-2.062860260E0,9.343569946E0
6.476629342E1,-8.709638214E0,-2.011966095E0,9.389973450E0
6.477627042E1,-8.606352997E0,-1.932930450E0,9.424102478E0
6.478624642E1,-8.674161987E0,-1.860032043E0,9.490264893E0
6.479622342E1,-8.696465607E0,-1.789378967E0,9.441765747E0
6.480619942E1,-8.610244904E0,-1.791773987E0,9.379046173E0
6.481617642E1,-8.662635956E0,-1.728755035E0,9.454489288E0
6.482615342E1,-8.701704712E0,-1.672472076E0,9.558672638E0
6.483612942E1,-8.827293549E0,-1.612147522E0,9.608069916E0
6.484610642E1,-8.849297791E0,-1.459165649E0,9.504185944E0
6.485608242E1,-8.732241211E0,-1.402882690E0,9.392518158E0
6.486605942E1,-8.693022766E0,-1.356329498E0,9.491462402E0
6.487603542E1,-8.622669067E0,-1.386267242E0,9.538764038E0
6.488601242E1,-8.634344788E0,-1.338516541E0,9.606273651E0
6.489598942E1,-8.628506927E0,-1.207538910E0,9.604327698E0
6.490596542E1,-8.619226227E0,-1.168320465E0,9.618548126E0
6.491594242E1,-8.660690002E0,-1.091380463E0,9.641749878E0
6.492591842E1,-8.509055328E0,-9.855505371E-1,9.562863922E0
6.493589542E1,-8.395591278E0,-8.267308044E-1,9.612111511E0
6.494587242E1,-8.452323303E0,-6.918612671E-1,9.734107819E0
6.495584842E1,-8.404273224E0,-6.942562866E-1,9.724078674E0
6.496582542E1,-8.416996765E0,-6.364764404E-1,9.716145172E0
6.497580142E1,-8.426127777E0,-5.525010681E-1,9.751022644E0
6.498577842E1,-8.406069489E0,-5.102888489E-1,9.841284943E0
6.499575442E1,-8.521479492E0,-4.108955383E-1,9.940528564E0
6.500573142E1,-8.583151245E0,-3.499722290E-1,1.004890320E1
6.501570842E1,-8.618926849E0,-3.131488037E-1,1.014500336E1
6.502568442E1,-8.535699921E0,-2.573149109E-1,1.021161484E1
6.503566142E1,-8.367300110E0,-2.371069336E-1,1.033899994E1
6.504563742E1,-8.219707031E0,-9.460327148E-2,1.038225998E1
6.505561442E1,-8.043523407E0,6.646179199E-2,1.029678772E1
6.506559142E1,-8.033943329E0,1.633103943E-1,1.025262955E1
6.507556742E1,-7.971223755E0,1.978884888E-1,1.020562729E1
6.508554442E1,-7.793692932E0,2.447410583E-1,1.017613861E1
6.509552042E1,-7.725135498E0,3.330574036E-1,1.022014709E1
6.510549742E1,-7.687713318E0,4.460723877E-1,1.019050873E1
6.511547342E1,-7.746690674E0,5.016069031E-1,1.015129028E1
6.512545042E1,-7.753127289E0,5.077441406E-1,1.011865814E1
6.513542742E1,-7.689659271E0,4.782554626E-1,1.019604721E1
6.514540342E1,-7.747439117E0,5.412744141E-1,1.029080017E1
6.515538042E1,-7.798033905E0,6.128256226E-1,1.020996826E1
6.516535642E1,-7.869585114E0,5.942642212E-1,1.014335678E1
6.517533342E1,-7.918982391E0,6.056405640E-1,1.008198441E1
6.518530942E1,-7.802075500E0,6.656657410E-1,1.007779312E1
6.519528642E1,-7.911348267E0,8.175997925E-1,1.004575974E1
6.520526342E1,-7.954009552E0,9.171427917E-1,9.851912842E0
6.521523942E1,-7.869285736E0,8.928932190E-1,9.881850586E0
6.522521642E1,-7.957153015E0,9.761201477E-1,9.863139496E0
6.523519242E1,-7.871381378E0,9.970765686E-1,9.856852570E0
6.524516942E1,-7.912096710E0,1.024619293E0,9.804012451E0
6.525514642E1,-7.818391571E0,1.144669647E0,9.703122253E0
6.526512242E1,-7.762857056E0,1.216520233E0,9.720785522E0
6.527509942E1,-7.880512390E0,1.143921204E0,9.782606964E0
6.528507542E1,-7.821984100E0,1.151106262E0,9.767039337E0
6.529505242E1,-7.687713318E0,1.279988251E0,9.712702332E0
6.530502842E1,-7.702382813E0,1.455423431E0,9.761201477E0
6.531500542E1,-7.670050049E0,1.513203278E0,9.745184784E0
6.532498242E1,-7.572453003E0,1.550176392E0,9.647138672E0
6.533495842E1,-7.411837006E0,1.656455383E0,9.589658203E0
6.534493542E1,-7.428751831E0,1.719174957E0,9.717791748E0
6.535491142E1,-7.535779266E0,1.732646942E0,9.724078674E0
6.536488842E1,-7.529642029E0,1.785187683E0,9.621841278E0
6.537486542E1,-7.389683075E0,1.847009125E0,9.592502289E0
6.538484142E1,-7.307503967E0,1.794019318E0,9.680219879E0
6.539481842E1,-7.404352570E0,1.713935852E0,9.749226379E0
6.540479442E1,-7.409292297E0,1.799108734E0,9.636959839E0
6.541477142E1,-7.282505951E0,2.057022400E0,9.507928162E0
6.542474742E1,-7.334298248E0,2.073338470E0,9.422306213E0
6.543472442E1,-7.278164978E0,2.042801971E0,9.396410065E0
6.544470142E1,-7.192393341E0,2.091151428E0,9.259594574E0
6.545467742E1,-7.170239410E0,2.281854858E0,9.178612976E0
6.546465442E1,-7.184759216E0,2.296374664E0,9.147777100E0
6.547463042E1,-7.281757507E0,2.236050110E0,9.077124023E0
6.548460742E1,-7.074738007E0,2.309846649E0,8.959618378E0
6.549458442E1,-6.990163879E0,2.396516418E0,8.933273163E0
6.550456042E1,-7.094197540E0,2.336790619E0,8.970695343E0
6.551453742E1,-7.072043610E0,2.230960693E0,9.066945190E0
6.552451342E1,-7.033124542E0,2.364333344E0,9.044641571E0
6.553449042E1,-6.969656525E0,2.572400665E0,8.886121216E0
6.554446642E1,-6.922803955E0,2.482886810E0,8.905431061E0
6.555444342E1,-6.970554657E0,2.399809570E0,8.893905029E0
6.556442042E1,-6.746919708E0,2.589764557E0,8.859027557E0
6.557439642E1,-6.694828033E0,2.752625885E0,8.765172729E0
6.558437342E1,-6.779551849E0,2.697540436E0,8.669521637E0
6.559434942E1,-6.740632782E0,2.685265961E0,8.698411560E0
6.560432642E1,-6.591243439E0,2.826871490E0,8.565637665E0
6.561430342E1,-6.373446350E0,2.868784332E0,8.466843109E0
6.562427942E1,-6.504723358E0,2.765499115E0,8.572373657E0
6.563425642E1,-6.583160248E0,2.777174835E0,8.545729065E0
6.564423242E1,-6.384972382E0,2.910397797E0,8.490793304E0
6.565420942E1,-6.365961914E0,2.850671997E0,8.566386108E0
6.566418542E1,-6.454577637E0,2.687810669E0,8.638236694E0
6.567416225E1,-6.532864838E0,2.798131256E0,8.613987122E0
6.568413925E1,-6.323450317E0,2.946622467E0,8.512647858E0
6.569411525E1,-6.201304321E0,2.794389038E0,8.582402802E0
6.570409225E1,-6.567891998E0,2.667453003E0,8.795260162E0
6.571406825E1,-6.340814209E0,2.729573822E0,8.615783386E0
6.572404525E1,-6.062991943E0,2.772684174E0,8.601263580E0
6.573402225E1,-6.372398529E0,2.676134949E0,8.684789886E0
6.574399825E1,-6.359076233E0,2.720293121E0,8.696615295E0
6.575397525E1,-6.102210388E0,2.810555420E0,8.513545990E0
6.576395125E1,-5.908662872E0,2.875220947E0,8.227640533E0
6.577392825E1,-6.086792450E0,2.987637177E0,8.157137146E0
6.578390525E1,-6.171965332E0,2.970422974E0,8.039631500E0
6.579388125E1,-5.846991119E0,2.853665771E0,7.920778656E0
6.580385825E1,-5.930367737E0,2.898273010E0,7.783214722E0
6.581383425E1,-6.009253693E0,2.732866974E0,7.712711334E0
6.582381125E1,-5.824088745E0,2.450254669E0,7.692054291E0
6.583378725E1,-5.815107422E0,2.370470581E0,7.769892426E0
6.584376425E1,-5.922434235E0,2.424508209E0,7.824678497E0
6.585374125E1,-6.154900818E0,2.449655914E0,7.937094727E0
6.586371725E1,-6.024671631E0,2.303110657E0,7.899822235E0
6.587369425E1,-5.883365479E0,2.335892487E0,7.885152740E0
6.588367025E1,-5.973478088E0,2.484533386E0,7.821385345E0
6.589364725E1,-5.902825012E0,2.511177979E0,7.635022888E0
6.590362425E1,-5.879623260E0,2.440824280E0,7.426805878E0
6.591360025E1,-5.984405365E0,2.645149384E0,7.525600433E0
6.592357725E1,-5.969586182E0,2.784509583E0,7.701185303E0
6.593355325E1,-5.832621002E0,2.757715302E0,7.649692383E0
6.594353025E1,-5.590574341E0,2.659070435E0,7.559280396E0
6.595350625E1,-5.643713837E0,2.642904053E0,7.682474213E0
6.596348325E1,-5.832022247E0,2.688409424E0,7.834707642E0
6.597346025E1,-5.734125824E0,2.586471405E0,7.853568420E0
6.598343625E1,-5.645659790E0,2.477498016E0,7.721992035E0
6.599341325E1,-5.551655273E0,2.508932648E0,7.729626160E0
6.600338925E1,-5.556595001E0,2.380200348E0,7.743397522E0
6.601336625E1,-5.537434845E0,2.236199799E0,7.602690125E0
6.602334325E1,-5.361550598E0,2.166145477E0,7.504793701E0
6.603331925E1,-5.457950134E0,2.263892212E0,7.424560547E0
6.604329625E1,-5.545068970E0,2.229912872E0,7.316185913E0
6.605327225E1,-5.442831573E0,2.028880920E0,7.284900970E0
6.606324925E1,-5.398523712E0,2.000739441E0,7.291936340E0
6.607322525E1,-5.481900330E0,2.039209442E0,7.282955017E0
6.608320225E1,-5.657634888E0,1.988315277E0,7.267986145E0
6.609317925E1,-5.556744690E0,1.743723907E0,7.145391083E0
6.610315525E1,-5.469476166E0,1.685345306E0,7.109615479E0
6.611313225E1,-5.605243835E0,1.727856903E0,7.132218475E0
6.612310825E1,-5.690716095E0,1.632954254E0,7.171736298E0
6.613308525E1,-5.643414459E0,1.453926544E0,7.136709137E0
6.614306225E1,-5.592520294E0,1.459165649E0,7.197782135E0
6.615303825E1,-5.806724854E0,1.571132813E0,7.233557739E0
6.616301525E1,-5.754932556E0,1.516496429E0,7.181765442E0
6.617299125E1,-5.511389008E0,1.285227356E0,7.132368164E0
6.618296825E1,-5.645809479E0,1.368753662E0,7.084467773E0
6.619294525E1,-5.602848816E0,1.527723083E0,7.035818939E0
6.620292125E1,-5.589676208E0,1.488055573E0,6.955136719E0
6.621289825E1,-5.409900055E0,1.245410156E0,6.913972321E0
6.622287425E1,-5.440735931E0,1.262774048E0,7.022047577E0
6.623285125E1,-5.629942474E0,1.322499847E0,7.068301392E0
6.624282725E1,-5.455405426E0,1.243314514E0,7.044201508E0
6.625280425E1,-5.344037018E0,1.050066376E0,7.024292908E0
6.626278125E1,-5.451363831E0,9.987231445E-1,7.001390533E0
6.627275725E1,-5.440735931E0,9.668394470E-1,7.062164154E0
6.628273425E1,-5.460644531E0,7.647596741E-1,7.001240845E0
6.629271025E1,-5.382656708E0,5.998027039E-1,6.890471191E0
6.630268725E1,-5.425467682E0,6.382727051E-1,6.940916290E0
6.631266425E1,-5.615123291E0,6.572831726E-1,6.933581543E0
6.632264025E1,-5.552104340E0,5.671705627E-1,6.833290100E0
6.633261725E1,-5.454656982E0,4.752616882E-1,6.833290100E0
6.634259325E1,-5.639372864E0,4.183799744E-1,6.893015900E0
6.635257025E1,-5.854325867E0,4.830455017E-1,6.995402985E0
6.636254625E1,-5.833818512E0,4.038601685E-1,6.958130493E0
6.637252325E1,-5.794450378E0,2.649490356E-1,6.916517029E0
6.638250025E1,-5.905220032E0,3.161425781E-1,6.951693878E0
6.639247625E1,-5.735023956E0,2.606080627E-1,7.080725555E0
6.640245325E1,-5.739664307E0,6.286926270E-2,7.233857117E0
6.641242925E1,-5.893095245E0,-1.374142456E-1,7.533084869E0
6.642240625E1,-6.150559845E0,-2.483335876E-1,7.873926086E0
6.643238325E1,-6.527026978E0,-2.330653381E-1,7.928263092E0
6.644235925E1,-6.556515656E0,-3.272195435E-1,7.684120789E0
6.645233625E1,-6.615493011E0,-3.278182983E-1,7.271428986E0
6.646231225E1,-6.513105927E0,-3.302133179E-1,6.734495544E0
6.647228925E1,-6.117029572E0,-5.547463989E-1,6.304290161E0
6.648226625E1,-5.818550262E0,-8.623567200E-1,6.015390930E0
6.649224225E1,-5.438789978E0,-1.006207581E0,5.943390656E0
6.650221925E1,-5.138065338E0,-1.190324707E0,6.040987701E0
6.651219525E1,-5.237907715E0,-1.266665955E0,6.046226807E0
6.652217225E1,-5.384003906E0,-1.522783356E0,6.221811676E0
6.653214925E1,-5.620362396E0,-1.655557251E0,6.447841644E0
6.654212525E1,-5.845793610E0,-1.625918884E0,6.615193634E0
6.655210225E1,-5.972430267E0,-1.541644135E0,6.872358856E0
6.656207825E1,-6.141279144E0,-1.233584747E0,7.026089172E0
6.657205525E1,-6.100264435E0,-9.990225220E-1,7.208110657E0
6.658203125E1,-6.234834595E0,-6.700067139E-1,7.333549805E0
6.659200825E1,-6.300997009E0,-3.393443298E-1,7.341183929E0
6.660198525E1,-6.309229889E0,-7.589218140E-2,7.231162720E0
6.661196125E1,-6.217021637E0,1.785786438E-1,7.110363922E0
6.662193825E1,-5.937103729E0,3.489244080E-1,6.932833099E0
6.663191425E1,-5.649701385E0,4.631369019E-1,6.807244263E0
6.664189125E1,-5.285957794E0,3.694317627E-1,6.897955627E0
6.665186825E1,-5.081333313E0,6.466552734E-2,7.262297974E0
6.666184425E1,-5.123844910E0,-1.511856079E-1,7.661368103E0
6.667182200E1,-4.958438873E0,-3.300636292E-1,8.136031036E0
6.668179800E1,-5.019811249E0,-6.384223938E-1,8.672964478E0
6.669177500E1,-5.272785187E0,-1.086141357E0,9.176517334E0
6.670175100E1,-5.505551147E0,-1.373094635E0,9.416767731E0
6.671172800E1,-5.747148743E0,-1.364412689E0,9.397757263E0
6.672170500E1,-5.730982361E0,-1.246907043E0,9.157955933E0
6.673168100E1,-5.759123840E0,-9.797126770E-1,8.652157745E0
6.674165800E1,-5.463039551E0,-7.188052368E-1,8.062384186E0
6.675163400E1,-5.079087982E0,-5.986051941E-1,7.558382263E0
6.676161100E1,-4.943020935E0,-5.656736755E-1,6.951993256E0
6.677158800E1,-4.741689606E0,-6.261479187E-1,6.504573669E0
6.678156400E1,-4.588258667E0,-8.399034119E-1,6.324647827E0
6.679154100E1,-4.571343842E0,-1.210981750E0,6.355334015E0
6.680151700E1,-4.619393921E0,-1.730102234E0,6.626869354E0
6.681149400E1,-4.788392487E0,-2.286345520E0,6.957232361E0
6.682147100E1,-4.941524048E0,-2.738555145E0,7.272327118E0
6.683144700E1,-5.393733673E0,-2.919828186E0,7.510032806E0
6.684142400E1,-5.775739288E0,-2.936293945E0,7.536527710E0
6.685140000E1,-6.039790192E0,-2.892135773E0,7.470065918E0
6.686137700E1,-6.390361176E0,-2.682870941E0,7.318281555E0
6.687135400E1,-6.571783905E0,-2.259700928E0,7.068301392E0
6.688133000E1,-6.582711182E0,-1.855242004E0,6.765181732E0
6.689130700E1,-6.477929077E0,-1.739382935E0,6.473139038E0
6.690128300E1,-6.417754211E0,-1.706301727E0,6.417305145E0
6.691126000E1,-6.491101685E0,-1.556613007E0,6.495891724E0
6.692123600E1,-6.513105927E0,-1.604064331E0,6.581363983E0
6.693121300E1,-6.588848419E0,-1.786684570E0,6.776109009E0
6.694119000E1,-6.703360291E0,-1.904788971E0,7.062313843E0
6.695116600E1,-6.789431305E0,-1.911674652E0,7.338190155E0
6.696114300E1,-6.785838776E0,-1.979483643E0,7.450606384E0
6.697111900E1,-6.637048187E0,-2.142644348E0,7.557633820E0
6.698109600E1,-6.563101959E0,-2.055076447E0,7.531887360E0
6.699107300E1,-6.255791016E0,-1.936822357E0,7.368726654E0
6.700104900E1,-6.010301514E0,-1.920506287E0,7.213499451E0
6.701102600E1,-6.082451477E0,-1.899100800E0,7.080725555E0
6.702100200E1,-6.167025604E0,-1.798659668E0,6.967560883E0
6.703097900E1,-6.252048798E0,-1.766177216E0,6.787934418E0
6.704095600E1,-6.150260468E0,-1.939666443E0,6.473288727E0
6.705093200E1,-6.054160309E0,-2.143841858E0,6.381978607E0
6.706090900E1,-6.177803192E0,-2.252515869E0,6.361171875E0
6.707088500E1,-6.241420898E0,-2.442620544E0,6.424340515E0
6.708086200E1,-6.391708374E0,-2.743494873E0,6.499334564E0
6.709083900E1,-6.610403595E0,-2.811603241E0,6.415658569E0
6.710081500E1,-6.731501770E0,-2.863994293E0,6.418502655E0
6.711079200E1,-6.935976563E0,-2.960094452E0,6.487808533E0
6.712076800E1,-7.127428436E0,-3.160377960E0,6.508315887E0
6.713074500E1,-7.383695526E0,-3.200644226E0,6.534661102E0
6.714072100E1,-7.608378296E0,-3.053051147E0,6.396199036E0
6.715069800E1,-7.708220673E0,-2.994073792E0,6.221661987E0
6.716067500E1,-7.878267059E0,-2.880759430E0,6.091432800E0
6.717065100E1,-7.977660370E0,-2.640359344E0,5.918692017E0
6.718062800E1,-7.948022003E0,-2.456242218E0,5.694009247E0
6.719060400E1,-7.735613708E0,-2.458188171E0,5.427114258E0
6.720058100E1,-7.544161835E0,-2.532733154E0,5.295687561E0
6.721055800E1,-7.455097046E0,-2.567161560E0,5.341342621E0
6.722053400E1,-7.326963501E0,-2.877615967E0,5.511239319E0
6.723051100E1,-7.384294281E0,-3.236270142E0,5.827531586E0
6.724048700E1,-7.538623352E0,-3.389252014E0,6.155200195E0
6.725046400E1,-7.746391296E0,-3.523822174E0,6.436016235E0
6.726044100E1,-7.956554260E0,-3.675007782E0,6.609056396E0
6.727041700E1,-8.055199127E0,-3.874243469E0,6.735693054E0
6.728039400E1,-8.269403687E0,-3.803740082E0,6.851851501E0
6.729037000E1,-8.414302368E0,-3.620521088E0,6.794221344E0
6.730034700E1,-8.357869720E0,-3.717818756E0,6.747069397E0
6.731032400E1,-8.395291901E0,-3.716321869E0,6.750212860E0
6.732030000E1,-8.430618439E0,-3.660787354E0,6.792874146E0
6.733027700E1,-8.626411285E0,-3.587290192E0,6.624474335E0
6.734025300E1,-8.960516510E0,-3.664230194E0,5.953569489E0
6.735023000E1,-8.245603180E0,-3.820355530E0,6.249204712E0
6.736020700E1,-8.008945312E0,-3.550017700E0,6.249055023E0
6.737018300E1,-8.073910217E0,-3.716920624E0,6.215225372E0
6.738016000E1,-8.165819092E0,-4.097279663E0,6.268364868E0
6.739013600E1,-8.286468201E0,-4.135599976E0,6.316714325E0
6.740011300E1,-8.280780029E0,-4.121080170E0,6.392756195E0
6.741009000E1,-8.456664276E0,-4.085903320E0,6.450685730E0
6.742006600E1,-8.443940735E0,-4.061653748E0,6.408323822E0
6.743004300E1,-8.346643066E0,-4.119583282E0,6.272256775E0
6.744001900E1,-8.253237305E0,-3.682342529E0,6.047574005E0
6.744999600E1,-8.370144196E0,-3.797303467E0,6.023025055E0
6.745997300E1,-8.232430573E0,-3.920347595E0,6.005960541E0
6.746994900E1,-8.191864929E0,-3.894301758E0,6.012397156E0
6.747992600E1,-8.217312012E0,-3.772006073E0,6.046376495E0
6.748990200E1,-8.299790497E0,-3.847898254E0,6.149362335E0
6.749987900E1,-8.353828125E0,-3.906127167E0,6.289321289E0
6.750985500E1,-8.303383026E0,-3.957769775E0,6.347999268E0
6.751983200E1,-8.339757385E0,-3.873495026E0,6.375991058E0
6.752980900E1,-8.330027618E0,-3.979474640E0,6.442452850E0
6.753978500E1,-8.302185516E0,-4.121229858E0,6.480024719E0
6.754976200E1,-8.314759369E0,-4.168531494E0,6.616989899E0
6.755973800E1,-8.434360657E0,-4.197870483E0,6.715784454E0
6.756971500E1,-8.489296417E0,-4.144132233E0,6.757397919E0
6.757969200E1,-8.463400269E0,-4.340374146E0,6.992858276E0
6.758966800E1,-8.574918365E0,-4.308340759E0,7.048093414E0
6.759964500E1,-8.588090973E0,-4.296515350E0,7.045399017E0
6.760962100E1,-8.552165680E0,-4.535119171E0,7.121141510E0
6.761959800E1,-8.663384399E0,-4.427043915E0,7.141648865E0
6.762957500E1,-8.608897705E0,-4.489763489E0,7.315138092E0
6.763955100E1,-8.731043701E0,-4.550387421E0,7.389832764E0
6.764952800E1,-8.826096039E0,-4.391118622E0,7.338788910E0
6.765950400E1,-8.765621796E0,-4.449946289E0,7.432643738E0
6.766948100E1,-8.818461914E0,-4.361480255E0,7.439379730E0
6.767945750E1,-8.642577667E0,-4.418661346E0,7.475005646E0
6.768943350E1,-8.784183197E0,-4.327051849E0,7.675887909E0
6.769941050E1,-8.883576508E0,-3.954476624E0,7.610623627E0
6.770938650E1,-8.710835724E0,-3.981121216E0,7.521109772E0
6.771936350E1,-8.756041718E0,-3.870351563E0,7.503446503E0
6.772934050E1,-8.636141052E0,-3.791315918E0,7.451354828E0
6.773931650E1,-8.621920624E0,-4.016747131E0,7.510930939E0
6.774929350E1,-8.759334869E0,-4.028273163E0,7.490573273E0
6.775926950E1,-8.803642731E0,-4.029320984E0,7.603887634E0
6.776924650E1,-8.953481140E0,-3.940106506E0,7.551047516E0
6.777922350E1,-9.079519043E0,-3.992198181E0,7.398963776E0
6.778919950E1,-9.223968658E0,-4.082011414E0,7.597151642E0
6.779917650E1,-9.369466095E0,-3.920197906E0,7.733518066E0
6.780915250E1,-9.302405548E0,-3.926933899E0,7.674840088E0
6.781912950E1,-9.089248810E0,-3.710184631E0,7.507338409E0
6.782910650E1,-9.031618652E0,-3.783831482E0,7.511829071E0
6.783908250E1,-9.003626862E0,-3.778891754E0,7.439080353E0
6.784905950E1,-8.953181763E0,-3.675007782E0,7.352111206E0
6.785903550E1,-9.085506592E0,-3.788621521E0,7.551646271E0
6.786901250E1,-9.046437836E0,-3.661086731E0,7.518565063E0
6.787898950E1,-9.005273438E0,-3.861220551E0,7.601791992E0
6.788896550E1,-9.086105347E0,-3.899391174E0,7.742798767E0
6.789894250E1,-9.257199554E0,-3.763174438E0,7.797435150E0
6.790891850E1,-9.087901611E0,-3.770958252E0,7.752378845E0
6.791889550E1,-9.060807953E0,-3.784280548E0,7.829767914E0
6.792887250E1,-8.993747406E0,-3.596570892E0,7.835156708E0
6.793884850E1,-8.937314758E0,-3.646267548E0,7.920628967E0
6.794882550E1,-9.077423401E0,-3.669918365E0,8.005652161E0
6.795880150E1,-9.035211182E0,-3.598067780E0,7.989485779E0
6.796877850E1,-9.074130249E0,-3.619473267E0,8.122409363E0
6.797875550E1,-9.066795502E0,-3.614832916E0,8.115523682E0
6.798873150E1,-8.933422852E0,-3.676055603E0,8.223299561E0
6.799870850E1,-9.107660522E0,-3.616928558E0,8.446485443E0
6.800868450E1,-9.107361145E0,-3.500470734E0,8.431366882E0
6.801866150E1,-9.061706085E0,-3.530408478E0,8.478069763E0
6.802863850E1,-9.072483673E0,-3.453767853E0,8.497978363E0
6.803861450E1,-8.943751373E0,-3.344345398E0,8.483009491E0
6.804859150E1,-8.980425110E0,-3.256627808E0,8.581504669E0
6.805856750E1,-8.975036316E0,-3.154989166E0,8.525072021E0
6.806854450E1,-8.980425110E0,-3.111579437E0,8.564290466E0
6.807852150E1,-9.007369080E0,-3.033591614E0,8.637488251E0
6.808849750E1,-8.989556122E0,-2.981949005E0,8.660240936E0
6.809847450E1,-9.048383789E0,-2.923869781E0,8.827742615E0
6.810845050E1,-9.078471222E0,-2.860551453E0,8.849746857E0
6.811842750E1,-8.997040558E0,-2.786605225E0,8.722511444E0
6.812840450E1,-8.904383240E0,-2.681374054E0,8.612340546E0
6.813838050E1,-8.754993896E0,-2.667602692E0,8.614286499E0
6.814835750E1,-8.720565491E0,-2.700983276E0,8.775800629E0
6.815833350E1,-8.705746307E0,-2.620899811E0,8.778345337E0
6.816831050E1,-8.669072571E0,-2.543361053E0,8.728349304E0
6.817828750E1,-8.782087555E0,-2.540217590E0,8.757239227E0
6.818826350E1,-8.768016815E0,-2.558030548E0,8.711135101E0
6.819824050E1,-8.704848175E0,-2.464026031E0,8.724307709E0
6.820821650E1,-8.807235260E0,-2.281256104E0,8.733738098E0
6.821819350E1,-8.806187439E0,-2.274520111E0,8.675060120E0
6.822817050E1,-8.881331177E0,-2.286644897E0,8.699459381E0
6.823814650E1,-8.861572266E0,-2.185754700E0,8.637188873E0
6.824812350E1,-8.860524445E0,-2.059267731E0,8.700806580E0
6.825809950E1,-8.984317017E0,-2.006427612E0,8.765771484E0
6.826807650E1,-8.974437561E0,-1.994901581E0,8.670569458E0
6.827805350E1,-8.928632812E0,-1.983525238E0,8.659342804E0
6.828802950E1,-8.889114990E0,-1.973645782E0,8.682095490E0
6.829800650E1,-8.835676117E0,-2.004331970E0,8.740174713E0
6.830798250E1,-8.851243744E0,-1.883682861E0,8.778195648E0
6.831795950E1,-8.676107941E0,-1.792223053E0,8.716374207E0
6.832793650E1,-8.657696228E0,-1.753154297E0,8.870254211E0
6.833791250E1,-8.749156036E0,-1.664239197E0,8.942404175E0
6.834788950E1,-8.571625214E0,-1.694476318E0,8.871152344E0
6.835786550E1,-8.634045410E0,-1.569486237E0,8.959768066E0
6.836784250E1,-8.561296692E0,-1.440005493E0,8.995543671E0
6.837781950E1,-8.527916107E0,-1.457519073E0,9.065747681E0
6.838779550E1,-8.539591827E0,-1.320553894E0,9.013356628E0
6.839777250E1,-8.315956879E0,-1.294657745E0,8.978479156E0
6.840774850E1,-8.427774353E0,-1.275198212E0,9.164691925E0
6.841772550E1,-8.463400269E0,-1.170266418E0,9.188043365E0
6.842770150E1,-8.282725983E0,-1.143621826E0,9.121880951E0
6.843767850E1,-8.334069214E0,-1.030457153E0,9.094188538E0
6.844765550E1,-8.183182983E0,-1.039588165E0,9.071136475E0
6.845763150E1,-8.157286835E0,-1.112336884E0,9.216484222E0
6.846760850E1,-8.172106018E0,-9.719288635E-1,9.240284729E0
6.847758550E1,-8.004903717E0,-9.234297180E-1,9.182953949E0
6.848756150E1,-8.119714966E0,-8.652008057E-1,9.246272278E0
6.849753850E1,-8.005652161E0,-8.916957092E-1,9.189091187E0
6.850751450E1,-7.909552002E0,-8.919950867E-1,9.208850098E0
6.851749150E1,-7.984396362E0,-7.277865601E-1,9.230854340E0
6.852746850E1,-7.860154724E0,-7.152127075E-1,9.119934998E0
6.853744450E1,-7.884853363E0,-6.732998657E-1,9.057963867E0
6.854742150E1,-7.839797058E0,-5.689668274E-1,8.996441803E0
6.855739750E1,-7.788304138E0,-5.788462830E-1,9.029822388E0
6.856737450E1,-7.981252899E0,-5.063969421E-1,9.039103088E0
6.857735150E1,-7.838150482E0,-4.481680298E-1,8.887019348E0
6.858732750E1,-7.879314880E0,-3.881428528E-1,8.842711487E0
6.859730450E1,-7.951464844E0,-2.987786865E-1,8.823102264E0
6.860728050E1,-7.764503632E0,-4.113446045E-1,8.802295532E0
6.861725750E1,-7.981402588E0,-3.890409851E-1,8.915011139E0
6.862723450E1,-7.959997101E0,-2.347119141E-1,8.879385223E0
6.863721050E1,-7.862699432E0,-3.132984924E-1,8.824599152E0
6.864718750E1,-8.012537842E0,-2.436932373E-1,8.814719696E0
6.865716350E1,-7.750283203E0,-1.775308228E-1,8.813372498E0
6.866714050E1,-7.797135773E0,-1.790277100E-1,8.974138184E0
6.867711717E1,-7.836803284E0,-7.753875732E-2,8.855584717E0
6.868709317E1,-7.731422424E0,-2.993774414E-4,8.837472382E0
6.869707017E1,-8.037086792E0,1.240919495E-1,8.998238068E0
6.870704617E1,-7.924520874E0,1.836680603E-1,8.959319000E0
6.871702317E1,-7.748636627E0,1.136137390E-1,9.061257019E0
6.872700017E1,-7.770491180E0,2.082170105E-1,9.071435852E0
6.873697617E1,-7.435188446E0,2.868035889E-1,9.071735229E0
6.874695317E1,-7.554490356E0,3.046165466E-1,9.240284729E0
6.875692917E1,-7.549999695E0,3.860472107E-1,9.150471497E0
6.876690617E1,-7.267836456E0,4.435276794E-1,9.047036591E0
6.877688317E1,-7.190746765E0,5.040019226E-1,8.989855499E0
6.878685917E1,-7.152576141E0,5.282514954E-1,9.078770599E0
6.879683617E1,-7.184459839E0,5.514532471E-1,9.214238892E0
6.880681217E1,-7.106921082E0,6.629713440E-1,9.186995544E0
6.881678917E1,-6.918013916E0,7.671546936E-1,9.102421417E0
6.882676617E1,-7.085365906E0,8.117619324E-1,9.148076477E0
6.883674217E1,-6.969806213E0,8.409512329E-1,9.050778809E0
6.884671917E1,-6.703360291E0,9.135502625E-1,9.018146667E0
6.885669517E1,-6.828350372E0,9.833052063E-1,9.141490173E0
6.886667217E1,-6.849306793E0,9.220825195E-1,9.188642120E0
6.887664917E1,-6.833589478E0,8.279283142E-1,9.160800018E0
6.888662517E1,-6.795269165E0,9.375004578E-1,8.990454254E0
6.889660217E1,-6.745572510E0,1.040635986E0,9.038654022E0
6.890657817E1,-6.991511078E0,1.002315674E0,9.102571106E0
6.891655517E1,-6.912176056E0,1.050665131E0,8.926686859E0
6.892653217E1,-6.727310486E0,1.150357819E0,8.850644989E0
6.893650817E1,-6.913672943E0,1.198856964E0,8.899144135E0
6.894648517E1,-6.769373016E0,1.208287354E0,8.805888062E0
6.895646117E1,-6.663842468E0,1.260977783E0,8.686436462E0
6.896643817E1,-6.669680328E0,1.393601990E0,8.532257080E0
6.897641517E1,-6.619684296E0,1.382225647E0,8.596922607E0
6.898639117E1,-6.833589478E0,1.296903076E0,8.642278290E0
6.899636817E1,-6.655759277E0,1.362915802E0,8.558751984E0
6.900634417E1,-6.473887482E0,1.395697632E0,8.549770660E0
6.901632117E1,-6.702013092E0,1.301244049E0,8.588689728E0
6.902629817E1,-6.537205811E0,1.254990234E0,8.582253113E0
6.903627417E1,-6.516249390E0,1.334175568E0,8.585246887E0
6.904625117E1,-6.529871063E0,1.396895142E0,8.459807739E0
6.905622717E1,-6.433621216E0,1.346000977E0,8.430618439E0
6.906620417E1,-6.524182892E0,1.314266968E0,8.386011200E0
6.907618117E1,-6.386768646E0,1.402733002E0,8.381071472E0
6.908615717E1,-6.367009735E0,1.439406738E0,8.438551941E0
6.909613417E1,-6.542744293E0,1.427581329E0,8.361162872E0
6.910611017E1,-6.419251099E0,1.451381836E0,8.316855011E0
6.911608717E1,-6.460116119E0,1.541644135E0,8.383616180E0
6.912606417E1,-6.450236664E0,1.587598572E0,8.271050262E0
6.913604017E1,-6.483317871E0,1.523531799E0,8.287066956E0
6.914601717E1,-6.524781647E0,1.510808258E0,8.348888397E0
6.915599417E1,-6.359974365E0,1.648521881E0,8.271349640E0
6.916597017E1,-6.300398254E0,1.630858612E0,8.289012909E0
6.917594717E1,-6.487060089E0,1.622625732E0,8.292904816E0
6.918592317E1,-6.324797516E0,1.696871338E0,8.271798706E0
6.919590017E1,-6.319708099E0,1.770667877E0,8.271199951E0
6.920587717E1,-6.251000977E0,1.729503479E0,8.252788239E0
6.921585317E1,-6.175707550E0,1.705253906E0,8.388256531E0
6.922583017E1,-6.286028137E0,1.718426514E0,8.359815674E0
6.923580617E1,-6.164630585E0,1.896256714E0,8.239166565E0
6.924578317E1,-6.123466187E0,1.979783020E0,8.178243256E0
6.925576017E1,-6.147865448E0,1.846560059E0,8.045469360E0
6.926573617E1,-5.807922363E0,1.728305969E0,8.056396637E0
6.927571317E1,-5.697901154E0,1.641187134E0,8.092471619E0
6.928568917E1,-5.834117889E0,1.609902191E0,7.971523132E0
6.929566617E1,-5.723497925E0,1.448837128E0,7.905510406E0
6.930564317E1,-5.935307465E0,1.421893158E0,7.921377411E0
6.931561917E1,-5.829178162E0,1.411714325E0,7.940687256E0
6.932559617E1,-5.628295898E0,1.380579071E0,8.018525391E0
6.933557217E1,-5.844745789E0,1.513203278E0,7.979905701E0
6.934554917E1,-5.794450378E0,1.668131104E0,7.948022003E0
6.935552617E1,-5.873785400E0,1.743574219E0,7.934100952E0
6.936550217E1,-5.947881317E0,1.803449707E0,7.835156708E0
6.937547917E1,-5.798491974E0,1.761836243E0,7.823031921E0
6.938545517E1,-6.062991943E0,1.768422546E0,7.840246124E0
6.939543217E1,-6.063590698E0,1.752854919E0,7.796387329E0
6.940540917E1,-6.036347351E0,1.736239471E0,7.792794800E0
6.941538517E1,-6.070626068E0,1.677112427E0,7.735763397E0
6.942536217E1,-5.817652130E0,1.530267792E0,7.729626160E0
6.943533917E1,-5.846242676E0,1.462758179E0,7.871381378E0
6.944531517E1,-5.647905121E0,1.432071991E0,7.853418732E0
6.945529217E1,-5.747747498E0,1.508862305E0,7.857610016E0
6.946526817E1,-6.005212097E0,1.493294678E0,7.930209045E0
6.947524517E1,-5.859115906E0,1.396446075E0,8.088579712E0
6.948522217E1,-5.838009796E0,1.338666229E0,8.251590729E0
6.949519817E1,-5.978268127E0,1.437311096E0,8.304879913E0
6.950517517E1,-6.036047974E0,1.514849854E0,8.298892365E0
6.951515117E1,-6.143823853E0,1.435963898E0,8.142018585E0
6.952512817E1,-5.994284821E0,1.436263275E0,7.930807800E0
6.953510517E1,-5.965843964E0,1.401535492E0,7.972570953E0
6.954508117E1,-6.134992218E0,1.221609650E0,8.077053680E0
6.955505817E1,-5.993835754E0,1.116228790E0,7.959847412E0
6.956503417E1,-6.084247742E0,1.099313965E0,7.678282928E0
6.957501117E1,-6.143374786E0,1.105900269E0,7.731871490E0
6.958498817E1,-6.039640503E0,8.988807678E-1,7.981701965E0
6.959496417E1,-6.143225098E0,6.712042236E-1,8.018525391E0
6.960494117E1,-6.091582489E0,7.541317749E-1,7.922724609E0
6.961491717E1,-6.154152374E0,9.075627136E-1,7.800279236E0
6.962489417E1,-6.254743195E0,7.908055115E-1,7.666457520E0
6.963487117E1,-6.046077118E0,5.782475281E-1,7.617509308E0
6.964484717E1,-6.193520508E0,7.152127075E-1,7.682773590E0
6.965482417E1,-6.386020203E0,8.869056702E-1,7.662715302E0
6.966480017E1,-6.254294128E0,8.110134888E-1,7.643405457E0
6.967477754E1,-6.465055847E0,7.179071045E-1,7.590565338E0
6.968475454E1,-6.262676697E0,7.415579224E-1,7.688910828E0
6.969473054E1,-6.477779388E0,8.764274597E-1,7.832612000E0
6.970470754E1,-6.569239197E0,7.834707642E-1,7.667954407E0
6.971468354E1,-6.337521057E0,6.529421997E-1,7.708819427E0
6.972466054E1,-6.555168457E0,8.093669128E-1,7.822433167E0
6.973463754E1,-6.648274841E0,8.993298340E-1,7.845185852E0
6.974461354E1,-6.381978607E0,6.547384644E-1,7.950566711E0
6.975459054E1,-6.458619232E0,4.668791199E-1,8.014932861E0
6.976456754E1,-6.596183167E0,6.777905273E-1,8.080346832E0
6.977454354E1,-6.624923401E0,7.704478455E-1,8.296347656E0
6.978452054E1,-6.649023285E0,5.379812622E-1,8.098459167E0
6.979449654E1,-6.383924561E0,3.502716064E-1,8.199199677E0
6.980447354E1,-6.600075073E0,4.963677979E-1,8.412506104E0
6.981445054E1,-6.618786163E0,5.505551147E-1,8.171357574E0
6.982442654E1,-6.496041412E0,3.832031250E-1,8.175249481E0
6.983440354E1,-6.493047638E0,2.106120300E-1,8.007149048E0
6.984437954E1,-6.535559235E0,2.906954956E-1,8.138276367E0
6.985435654E1,-6.567891998E0,2.375559998E-1,8.095166016E0
6.986433354E1,-6.496640167E0,-8.352630615E-2,7.970475311E0
6.987430954E1,-6.424789581E0,-1.754351807E-1,8.027806091E0
6.988428654E1,-6.621929626E0,-4.236190796E-2,8.087082825E0
6.989426254E1,-6.691834259E0,-1.413061523E-1,8.029153290E0
6.990423954E1,-6.647676086E0,-3.911366272E-1,8.003706207E0
6.991421654E1,-6.693929901E0,-4.917274475E-1,8.076005859E0
6.992419254E1,-6.914571075E0,-3.275189209E-1,8.067922668E0
6.993416954E1,-7.013365631E0,-2.282752991E-1,8.035290527E0
6.994414554E1,-6.779551849E0,-5.025050354E-1,7.858208771E0
6.995412254E1,-6.846163330E0,-5.147795105E-1,7.860603790E0
6.996409954E1,-6.978338470E0,-4.098477173E-1,7.911797333E0
6.997407554E1,-6.997947693E0,-4.667294312E-1,7.899822235E0
6.998405254E1,-6.991361389E0,-6.008505249E-1,7.958649902E0
6.999402954E1,-7.041207733E0,-5.375321960E-1,7.868686981E0
7.000400554E1,-7.061715088E0,-4.400848389E-1,7.828420715E0
7.001398254E1,-7.010970612E0,-5.177732849E-1,7.893086243E0
7.002395854E1,-6.904541931E0,-6.727011108E-1,8.035889282E0
7.003393554E1,-7.061116333E0,-5.017565918E-1,8.182434540E0
7.004391254E1,-7.250173187E0,-3.017724609E-1,8.219407654E0
7.005388854E1,-7.170688477E0,-4.062551880E-1,8.125403137E0
7.006386554E1,-7.102280731E0,-4.378395081E-1,8.168214111E0
7.007384154E1,-7.024891663E0,-3.847000122E-1,8.300988007E0
7.008381854E1,-7.082372131E0,-4.123924255E-1,8.276139679E0
7.009379554E1,-7.182064819E0,-4.351451111E-1,8.209677887E0
7.010377154E1,-7.086563416E0,-5.212161255E-1,8.147856445E0
7.011374854E1,-7.165898438E0,-5.245092773E-1,8.175997925E0
7.012372554E1,-7.166197815E0,-5.773493958E-1,8.237819366E0
7.013370154E1,-7.100035400E0,-7.641609192E-1,8.277636566E0
7.014367854E1,-7.247628479E0,-8.024812317E-1,8.336613922E0
7.015365454E1,-7.397466888E0,-7.439529419E-1,8.306825867E0
7.016363154E1,-7.488178253E0,-8.559201050E-1,8.268355865E0
7.017360854E1,-7.469616852E0,-1.028062134E0,8.204738159E0
7.018358454E1,-7.393724670E0,-1.066232758E0,8.217761078E0
7.019356154E1,-7.468419342E0,-1.051114197E0,8.200696564E0
7.020353754E1,-7.495513000E0,-1.080752563E0,8.152197418E0
7.021351454E1,-7.360194397E0,-1.267115021E0,8.184081116E0
7.022349154E1,-7.436236267E0,-1.351838837E0,8.260422363E0
7.023346754E1,-7.502548370E0,-1.282832336E0,8.295000458E0
7.024344454E1,-7.470664673E0,-1.334175568E0,8.251890106E0
7.025342054E1,-7.427853699E0,-1.453776855E0,8.217910767E0
7.026339754E1,-7.476652222E0,-1.489552460E0,8.332422638E0
7.027337454E1,-7.611821136E0,-1.479074249E0,8.346942444E0
7.028335054E1,-7.502847748E0,-1.550026703E0,8.286767578E0
7.029332754E1,-7.473957825E0,-1.628014526E0,8.344098358E0
7.030330454E1,-7.638016663E0,-1.409468994E0,8.314609680E0
7.031328054E1,-7.539820862E0,-1.162781982E0,8.139324188E0
7.032325754E1,-7.346273346E0,-1.251996460E0,7.950716400E0
7.033323354E1,-7.319928131E0,-1.287772064E0,8.016579437E0
7.034321054E1,-7.354057159E0,-1.095871124E0,8.182284851E0
7.035318754E1,-7.445516968E0,-9.764195251E-1,8.152347107E0
7.036316354E1,-7.373067627E0,-1.195863190E0,8.128845978E0
7.037314054E1,-7.496261444E0,-1.358275452E0,8.322842560E0
7.038311654E1,-7.735913086E0,-1.322499847E0,8.420738983E0
7.039309354E1,-7.650440826E0,-1.343605957E0,8.393645325E0
7.040307054E1,-7.621401215E0,-1.479074249E0,8.356971588E0
7.041304654E1,-7.706574097E0,-1.450483704E0,8.323591003E0
7.042302354E1,-7.774383087E0,-1.325792999E0,8.189769287E0
7.043299954E1,-7.813302155E0,-1.291813660E0,7.883356476E0
7.044297654E1,-7.749834137E0,-1.425485687E0,7.792196045E0
7.045295354E1,-7.793992310E0,-1.451980591E0,7.916437683E0
7.046292954E1,-7.905660095E0,-1.441801758E0,7.955207062E0
7.047290654E1,-7.977510681E0,-1.551224213E0,7.902816010E0
7.048288354E1,-8.053402863E0,-1.755249939E0,7.902067566E0
7.049285954E1,-8.232131195E0,-1.745969238E0,7.936495972E0
7.050283654E1,-8.344397736E0,-1.602417755E0,7.894583130E0
7.051281254E1,-8.344098358E0,-1.633403320E0,7.770191803E0
7.052278954E1,-8.364456024E0,-1.652713165E0,7.762108612E0
7.053276654E1,-8.347990265E0,-1.639839935E0,7.870483246E0
7.054274254E1,-8.366252289E0,-1.594035187E0,7.853119354E0
7.055271954E1,-8.320447540E0,-1.662592621E0,7.844287720E0
7.056269554E1,-8.379724274E0,-1.691332855E0,7.805218964E0
7.057267254E1,-8.463999023E0,-1.578317871E0,7.747888184E0
7.058264954E1,-8.439599762E0,-1.604663086E0,7.767946472E0
7.059262554E1,-8.449479218E0,-1.730251923E0,7.893235931E0
7.060260254E1,-8.281977539E0,-1.790277100E0,7.868686981E0
7.061257954E1,-7.986941071E0,-1.849254456E0,7.782017212E0
7.062255554E1,-7.929909668E0,-1.869013367E0,7.663912811E0
7.063253254E1,-8.002059631E0,-1.841620331E0,7.700287170E0
7.064250854E1,-8.177195435E0,-1.881437531E0,7.782765656E0
7.065248554E1,-8.268505554E0,-1.894909515E0,7.680228882E0
7.066246254E1,-8.202193451E0,-1.945204926E0,7.609875183E0
7.067243854E1,-8.249644775E0,-2.003733215E0,7.540868683E0
7.068241529E1,-8.289312286E0,-2.076182556E0,7.538473663E0
7.069239129E1,-8.422385559E0,-2.217638397E0,7.697592773E0
7.070236829E1,-8.672665100E0,-2.276615753E0,7.737409973E0
7.071234529E1,-8.687184906E0,-2.282154236E0,7.681127014E0
7.072232129E1,-8.682544556E0,-2.255359955E0,7.599396973E0
7.073229829E1,-8.729247437E0,-2.270628204E0,7.551945648E0
7.074227529E1,-8.838819580E0,-2.353705444E0,7.642956390E0
7.075225129E1,-9.013955383E0,-2.365830231E0,7.621101837E0
7.076222829E1,-8.897497559E0,-2.340832214E0,7.517966309E0
7.077220429E1,-8.824898529E0,-2.270777893E0,7.521858215E0
7.078218129E1,-8.799002380E0,-2.159409485E0,7.433541870E0
7.079215829E1,-8.684789886E0,-2.198328552E0,7.360493774E0
7.080213429E1,-8.755293274E0,-2.285597076E0,7.422015839E0
7.081211129E1,-8.736731873E0,-2.282752991E0,7.379354553E0
7.082208729E1,-8.566236420E0,-2.384990387E0,7.452252960E0
7.083206429E1,-8.655001831E0,-2.437231750E0,7.602241058E0
7.084204129E1,-8.733438721E0,-2.422412567E0,7.656877441E0
7.085201729E1,-8.787027283E0,-2.457140350E0,7.683372345E0
7.086199429E1,-8.797804871E0,-2.354453888E0,7.567812653E0
7.087197129E1,-8.621172180E0,-2.281106415E0,7.425907745E0
7.088194729E1,-8.473728790E0,-2.384241943E0,7.432793427E0
7.089192429E1,-8.574319611E0,-2.425855408E0,7.552544403E0
7.090190029E1,-8.666677551E0,-2.405198364E0,7.701334991E0
7.091187729E1,-8.776848450E0,-2.347568207E0,7.624245300E0
7.092185429E1,-8.665480042E0,-2.327958984E0,7.435637512E0
7.093183029E1,-8.507857819E0,-2.380350037E0,7.479346619E0
7.094180729E1,-8.539442139E0,-2.426603851E0,7.580985260E0
7.095178329E1,-8.575068054E0,-2.401456146E0,7.623197479E0
7.096176029E1,-8.630602570E0,-2.567760315E0,7.703430634E0
7.097173729E1,-8.697064362E0,-2.536175995E0,7.559130707E0
7.098171329E1,-8.514593811E0,-2.423460388E0,7.394173737E0
7.099169029E1,-8.377478943E0,-2.571502533E0,7.490573273E0
7.100166729E1,-8.508755951E0,-2.598596191E0,7.595654755E0
7.101164329E1,-8.609197083E0,-2.542762299E0,7.608228607E0
7.102162029E1,-8.669222260E0,-2.559078369E0,7.510332184E0
7.103159629E1,-8.558751984E0,-2.600242767E0,7.516170044E0
7.104157329E1,-8.516839142E0,-2.746638336E0,7.692353668E0
7.105155029E1,-8.634045410E0,-2.713257751E0,7.689359894E0
7.106152629E1,-8.637637939E0,-2.651585999E0,7.726183319E0
7.107150329E1,-8.618178406E0,-2.750530243E0,7.789351959E0
7.108147929E1,-8.666976929E0,-2.673889618E0,7.779771881E0
7.109145629E1,-8.569230194E0,-2.615511017E0,7.741601257E0
7.110143329E1,-8.547076263E0,-2.638862457E0,7.674241333E0
7.111140929E1,-8.538843384E0,-2.685265961E0,7.677085419E0
7.112138629E1,-8.585246887E0,-2.690056000E0,7.872878265E0
7.113136329E1,-8.610993347E0,-2.704875183E0,7.958350525E0
7.114133929E1,-8.487649841E0,-2.721640320E0,7.895032196E0
7.115131629E1,-8.421786804E0,-2.700683899E0,7.778873749E0
7.116129229E1,-8.533604279E0,-2.618953857E0,7.770042114E0
7.117126929E1,-8.595575409E0,-2.593506775E0,7.879165192E0
7.118124629E1,-8.512049103E0,-2.599943390E0,7.824379120E0
7.119122229E1,-8.373886414E0,-2.542462921E0,7.840844879E0
7.120119929E1,-8.378975830E0,-2.474653931E0,7.916886749E0
7.121117629E1,-8.427774353E0,-2.460882568E0,7.783364410E0
7.122115229E1,-8.339308319E0,-2.459685059E0,7.645950165E0
7.123112929E1,-8.448730774E0,-2.382445679E0,7.642058258E0
7.124110529E1,-8.425229645E0,-2.390229492E0,7.886499939E0
7.125108229E1,-8.323591003E0,-2.459385681E0,7.885152740E0
7.126105929E1,-8.254584503E0,-2.466271362E0,7.775430908E0
7.127103529E1,-8.378227386E0,-2.348466339E0,7.755971375E0
7.128101229E1,-8.568481750E0,-2.288740540E0,7.856562195E0
7.129098829E1,-8.465046844E0,-2.527943115E0,8.010142822E0
7.130096529E1,-8.407865753E0,-2.557132416E0,7.817493439E0
7.131094229E1,-8.407716064E0,-2.368225250E0,7.636669464E0
7.132091829E1,-8.303233337E0,-2.452350311E0,7.746990051E0
7.133089529E1,-8.218659210E0,-2.644550629E0,7.888595581E0
7.134087229E1,-8.302933960E0,-2.612367554E0,7.874225464E0
7.135084829E1,-8.507558441E0,-2.508034515E0,7.933202820E0
7.136082529E1,-8.529712372E0,-2.502496033E0,7.977959747E0
7.137080129E1,-8.335416412E0,-2.609373779E0,7.860005035E0
7.138077829E1,-8.253836060E0,-2.483635254E0,7.827372894E0
7.139075529E1,-8.306227112E0,-2.280208282E0,7.847281494E0
7.140073129E1,-8.245902557E0,-2.399061127E0,7.804769897E0
7.141070829E1,-8.174650726E0,-2.493963776E0,7.755222931E0
7.142068429E1,-8.054899750E0,-2.352358246E0,7.774832153E0
7.143066129E1,-8.136480103E0,-2.208357697E0,7.846533051E0
7.144063829E1,-8.252937927E0,-2.224075012E0,7.851622467E0
7.145061429E1,-8.197403412E0,-2.304757233E0,7.960446167E0
7.146059129E1,-8.129295044E0,-2.316732330E0,8.034392395E0
7.147056829E1,-8.152496796E0,-2.160157928E0,8.012388153E0
7.148054429E1,-8.109087067E0,-2.128723297E0,7.963589630E0
7.149052129E1,-8.088280334E0,-2.156116333E0,7.945177917E0
7.150049729E1,-8.132887573E0,-1.965712280E0,8.043972473E0
7.151047429E1,-8.100554810E0,-1.902543640E0,8.062833252E0
7.152045129E1,-8.079598389E0,-1.947899323E0,7.888745270E0
7.153042729E1,-7.996371460E0,-1.995949402E0,7.874225464E0
7.154040429E1,-7.947123871E0,-1.973496094E0,8.003107452E0
7.155038129E1,-8.083190918E0,-1.892963562E0,8.109236755E0
7.156035729E1,-8.040978699E0,-1.944456482E0,8.112829285E0
7.157033429E1,-7.998018036E0,-2.026036835E0,8.049660645E0
7.158031029E1,-7.985444183E0,-1.908680878E0,8.017178192E0
7.159028729E1,-7.943231964E0,-1.858235779E0,8.059689789E0
7.160026429E1,-7.988437958E0,-1.927691345E0,8.070916443E0
7.161024029E1,-8.101303253E0,-1.829345856E0,8.094118195E0
7.162021729E1,-8.007149048E0,-1.801054688E0,8.061785431E0
7.163019329E1,-8.046517181E0,-1.785337372E0,7.995024261E0
7.164017029E1,-7.903564453E0,-1.825004883E0,7.826325073E0
7.165014729E1,-7.807015228E0,-1.832639008E0,7.849676514E0
7.166012329E1,-7.925119629E0,-1.752705231E0,8.028255157E0
7.167010029E1,-7.946974182E0,-1.706152039E0,8.092471619E0
7.168007700E1,-7.917335815E0,-1.739083557E0,7.997269592E0
7.169005300E1,-7.900720367E0,-1.713187408E0,7.903863831E0
7.170003000E1,-7.804620209E0,-1.731000366E0,7.937992859E0
7.171000600E1,-7.856412506E0,-1.678609314E0,7.977360992E0
7.171998300E1,-7.844736786E0,-1.604064331E0,7.936196594E0
7.172996000E1,-7.770790558E0,-1.568139038E0,7.930957489E0
7.173993600E1,-7.807763672E0,-1.566642151E0,7.944429474E0
7.174991300E1,-7.799680481E0,-1.562600555E0,7.917485504E0
7.175989000E1,-7.835007019E0,-1.512604523E0,7.937843170E0
7.176986600E1,-7.907156982E0,-1.409768372E0,7.906857605E0
7.177984300E1,-7.843838654E0,-1.371148682E0,7.874824219E0
7.178981900E1,-7.761509857E0,-1.343156891E0,7.798033905E0
7.179979600E1,-7.673792267E0,-1.356329498E0,7.725135498E0
7.180977300E1,-7.658673706E0,-1.399439850E0,7.856711884E0
7.181974900E1,-7.788304138E0,-1.382974091E0,7.967182159E0
7.182972600E1,-7.753875732E0,-1.289867706E0,7.935597839E0
7.183970300E1,-7.661966858E0,-1.187779999E0,7.879913635E0
7.184967900E1,-7.580386505E0,-1.252595215E0,7.831564178E0
7.185965600E1,-7.563771057E0,-1.274300079E0,7.843389587E0
7.186963200E1,-7.459737396E0,-1.244062958E0,7.892188110E0
7.187960900E1,-7.485184479E0,-1.142274628E0,7.949967957E0
7.188958600E1,-7.479496307E0,-1.081800385E0,7.999963989E0
7.189956200E1,-7.443571014E0,-1.082698517E0,7.977061615E0
7.190953900E1,-7.401658173E0,-1.098116455E0,7.902067566E0
7.191951500E1,-7.364834747E0,-1.113384705E0,7.939340057E0
7.192949200E1,-7.384593658E0,-1.124761047E0,8.063282318E0
7.193946900E1,-7.366032257E0,-1.015039215E0,8.029003601E0
7.194944500E1,-7.191944275E0,-9.874964905E-1,7.967481537E0
7.195942200E1,-7.195087738E0,-1.000220032E0,7.976462860E0
7.196939900E1,-7.293433228E0,-1.013242950E0,7.960146790E0
7.197937500E1,-7.270680542E0,-1.032403107E0,7.929011536E0
7.198935200E1,-7.247927856E0,-9.145980835E-1,7.838749237E0
7.199932800E1,-7.088509369E0,-9.023236084E-1,7.779622192E0
7.200930500E1,-7.175478516E0,-9.110055542E-1,7.917186127E0
7.201928200E1,-7.250023499E0,-9.569599915E-1,7.972870331E0
7.202925800E1,-7.233557739E0,-9.183403015E-1,7.994575195E0
7.203923500E1,-7.373067627E0,-7.958949280E-1,8.034691772E0
7.204921200E1,-7.399263153E0,-7.241940308E-1,7.957302704E0
7.205918800E1,-7.279512177E0,-7.164102173E-1,7.860304413E0
7.206916500E1,-7.169490967E0,-7.110214233E-1,7.798333282E0
7.207914100E1,-7.149582367E0,-7.294331360E-1,7.844437408E0
7.208911800E1,-7.247329102E0,-7.312294006E-1,7.927664337E0
7.209909500E1,-7.284900970E0,-6.800358582E-1,7.862549744E0
7.210907100E1,-7.136858826E0,-6.018983459E-1,7.757617950E0
7.211904800E1,-7.109465790E0,-5.737568665E-1,7.751630402E0
7.212902500E1,-7.064858551E0,-6.595285034E-1,7.774383087E0
7.213900100E1,-7.040758667E0,-6.963519287E-1,7.847281494E0
7.214897800E1,-7.107370148E0,-6.054908752E-1,7.902666321E0
7.215895400E1,-7.013066254E0,-5.736071777E-1,7.844736786E0
7.216893100E1,-6.947801971E0,-4.869374084E-1,7.801776123E0
7.217890800E1,-6.889423370E0,-4.790039062E-1,7.716752930E0
7.218888400E1,-6.834786987E0,-5.161267090E-1,7.743846588E0
7.219886100E1,-6.821913757E0,-5.275030518E-1,7.807763672E0
7.220883800E1,-6.849007416E0,-4.857398987E-1,7.845036163E0
7.221881400E1,-6.826404419E0,-4.230203247E-1,7.794291687E0
7.222879100E1,-6.748865662E0,-4.520599365E-1,7.768994293E0
7.223876700E1,-6.647526398E0,-5.275030518E-1,7.765102386E0
7.224874400E1,-6.724017334E0,-5.298980713E-1,7.767497406E0
7.225872100E1,-6.874304810E0,-4.785548401E-1,7.754175110E0
7.226869700E1,-6.773713989E0,-5.101391602E-1,7.690407715E0
7.227867400E1,-6.784491577E0,-4.688250732E-1,7.715705109E0
7.228865000E1,-6.960974579E0,-4.360432434E-1,7.856262817E0
7.229862700E1,-7.030130768E0,-5.372328186E-1,7.942932587E0
7.230860400E1,-7.020251312E0,-5.107379150E-1,7.949369202E0
7.231858000E1,-7.003635864E0,-3.439846802E-1,7.917635193E0
7.232855700E1,-6.924749908E0,-2.429447937E-1,7.855664063E0
7.233853400E1,-6.761140137E0,-3.116519165E-1,7.864346008E0
7.234851000E1,-6.688990173E0,-3.191363525E-1,7.834408264E0
7.235848700E1,-6.671177216E0,-2.517764282E-1,7.929460602E0
7.236846300E1,-6.776857452E0,-2.260299683E-1,8.054001617E0
7.237844000E1,-6.794969788E0,-2.408491516E-1,8.055797882E0
7.238841700E1,-6.707701263E0,-1.689985657E-1,8.000712433E0
7.239839300E1,-6.588698730E0,-1.582209778E-1,8.029602356E0
7.240837000E1,-6.630910950E0,-2.824626160E-1,8.159981232E0
7.241834700E1,-6.712341614E0,-3.071612549E-1,8.209677887E0
7.242832300E1,-6.586303711E0,-2.125579834E-1,8.212821350E0
7.243830000E1,-6.529272308E0,-1.095721436E-1,8.114475861E0
7.244827700E1,-6.435118103E0,-2.173480225E-1,8.054001617E0
7.245825300E1,-6.453080750E0,-2.541714478E-1,7.980055389E0
7.246823000E1,-6.384373627E0,-2.526745605E-1,8.067174225E0
7.247820600E1,-6.474336548E0,-1.778302002E-1,8.276888123E0
7.248818300E1,-6.514153748E0,-2.254312134E-1,8.236621857E0
7.249816000E1,-6.316115570E0,-3.390449524E-1,7.967032471E0
7.250813600E1,-6.244863739E0,-2.591111755E-1,7.943531342E0
7.251811300E1,-6.228098602E0,-2.827619934E-1,8.126900024E0
7.252809000E1,-6.364315338E0,-3.960763550E-1,8.200247498E0
7.253806600E1,-6.518494720E0,-3.031196594E-1,8.105195160E0
7.254804300E1,-6.361171875E0,-1.719923401E-1,8.026159515E0
7.255801900E1,-6.342311096E0,-1.600172424E-1,8.028554535E0
7.256799600E1,-6.492598572E0,-2.806663513E-1,8.104746094E0
7.257797300E1,-6.412664795E0,-2.998265076E-1,8.154592438E0
7.258794900E1,-6.411467285E0,-1.001417542E-1,8.174950104E0
7.259792600E1,-6.454877014E0,-4.939727783E-2,8.095465393E0
7.260790300E1,-6.448739777E0,-2.198927307E-1,8.022117920E0
7.261787900E1,-6.403533783E0,-1.607656860E-1,8.011639709E0
7.262785600E1,-6.233936462E0,1.646575928E-3,8.106841736E0
7.263783200E1,-6.364015961E0,-7.708969116E-2,8.230484619E0
7.264780900E1,-6.658902740E0,-1.245410156E-1,8.231083374E0
7.265778600E1,-6.453380127E0,4.939727783E-3,8.064030762E0
7.266776200E1,-6.294710083E0,1.689985657E-1,8.000113678E0
7.267773979E1,-6.279890900E0,3.727249146E-2,8.077652435E0
7.268771579E1,-6.423143005E0,-1.477427673E-1,8.269403687E0
7.269769279E1,-6.517147522E0,6.885681152E-3,8.250093842E0
7.270766979E1,-6.394702148E0,1.826202393E-1,8.111631775E0
7.271764579E1,-6.380481720E0,-4.370910645E-2,8.109236755E0
7.272762279E1,-6.439758453E0,-2.293231201E-1,8.171507263E0
7.273759979E1,-6.295907593E0,-1.408570862E-1,8.231831818E0
7.274757579E1,-6.266718292E0,-8.098159790E-2,8.244106293E0
7.275755279E1,-6.490203552E0,-2.417472839E-1,8.273295593E0
7.276752979E1,-6.458619232E0,-3.350033569E-1,8.225095825E0
7.277750579E1,-6.228547668E0,-1.568737793E-1,8.112230530E0
7.278748279E1,-6.237229614E0,-1.314266968E-1,8.100105743E0
7.279745879E1,-6.408772888E0,-3.791615295E-1,8.256081390E0
7.280743579E1,-6.666387177E0,-3.757186890E-1,8.385562134E0
7.281741279E1,-6.667884064E0,-1.616638184E-2,8.225694580E0
7.282738879E1,-6.349346466E0,3.981719971E-2,8.060288544E0
7.283736579E1,-6.458768921E0,-3.562591553E-1,8.157286835E0
7.284734279E1,-6.641987915E0,-3.966751099E-1,8.378377075E0
7.285731879E1,-6.549929352E0,-1.095721436E-1,8.507708130E0
7.286729579E1,-6.707551575E0,-5.239105225E-2,8.379424896E0
7.287727179E1,-6.629563751E0,-1.763333130E-1,8.131540375E0
7.288724879E1,-6.353088684E0,-2.330653381E-1,8.184679871E0
7.289722579E1,-6.414161682E0,-1.224453735E-1,8.292605438E0
7.290720179E1,-6.475683746E0,-5.807922363E-2,8.334518280E0
7.291717879E1,-6.681356049E0,-2.234852600E-1,8.471633148E0
7.292715579E1,-6.721023560E0,-1.043330383E-1,8.365952911E0
7.293713179E1,-6.299350433E0,6.930587769E-2,8.259823608E0
7.294710879E1,-6.388415222E0,-1.158590698E-1,8.376730499E0
7.295708479E1,-6.572382660E0,-3.141966248E-1,8.493338013E0
7.296706179E1,-6.672674103E0,-2.404000854E-1,8.722960510E0
7.297703879E1,-6.985523529E0,-6.346801758E-2,8.730594635E0
7.298701479E1,-6.876550140E0,1.377136230E-2,8.474177856E0
7.299699179E1,-6.507417755E0,-2.043251038E-1,8.422984314E0
7.300696879E1,-6.584058380E0,-2.525248718E-1,8.484656067E0
7.301694479E1,-6.731202393E0,-1.922003174E-1,8.707542572E0
7.302692179E1,-7.048093414E0,-3.677851868E-1,8.931476898E0
7.303689779E1,-7.065307617E0,-3.534150696E-1,8.633746033E0
7.304687479E1,-6.722670135E0,-2.333647156E-1,8.420589294E0
7.305685179E1,-6.687343597E0,-4.146377563E-1,8.415050812E0
7.306682779E1,-6.680308228E0,-6.578819275E-1,8.494535522E0
7.307680479E1,-6.773264923E0,-6.722520447E-1,8.653504944E0
7.308678179E1,-7.102580109E0,-5.469625854E-1,8.735384674E0
7.309675779E1,-7.107370148E0,-4.623884583E-1,8.652008057E0
7.310673479E1,-6.872209167E0,-6.053411865E-1,8.438701630E0
7.311671079E1,-6.843019867E0,-5.342390442E-1,8.456215210E0
7.312668779E1,-6.879094849E0,-4.463717651E-1,8.649313660E0
7.313666479E1,-7.226821747E0,-5.426216125E-1,8.879834290E0
7.314664079E1,-7.402556305E0,-5.201683044E-1,8.874595184E0
7.315661779E1,-7.158414001E0,-2.707868958E-1,8.703500977E0
7.316659479E1,-6.944359131E0,-3.228785706E-1,8.660390625E0
7.317657079E1,-7.135811005E0,-5.252577209E-1,8.821006622E0
7.318654779E1,-7.134014740E0,-5.864804077E-1,9.000184021E0
7.319652379E1,-7.298822021E0,-4.331991577E-1,9.110504608E0
7.320650079E1,-7.414381714E0,-2.938389587E-1,9.009165344E0
7.321647779E1,-7.202123108E0,-3.707789612E-1,8.851543121E0
7.322645379E1,-7.028184814E0,-5.810916138E-1,8.802295532E0
7.323643079E1,-7.089557190E0,-4.824467468E-1,8.940458221E0
7.324640779E1,-7.320377197E0,-4.257147217E-1,9.159452820E0
7.325638379E1,-7.576195221E0,-5.557942200E-1,9.229956207E0
7.326636079E1,-7.426955566E0,-4.914280701E-1,9.058562622E0
7.327633679E1,-7.238796844E0,-3.796105957E-1,8.988358612E0
7.328631379E1,-7.388784943E0,-5.456153870E-1,9.100774841E0
7.329629079E1,-7.386389923E0,-6.999444580E-1,9.224866791E0
7.330626679E1,-7.514523468E0,-7.584727478E-1,9.392667847E0
7.331624379E1,-7.604935455E0,-6.008505249E-1,9.303153992E0
7.332622079E1,-7.444618835E0,-4.839436340E-1,9.089248810E0
7.333619679E1,-7.317383423E0,-7.223977661E-1,8.919801178E0
7.334617379E1,-7.356452179E0,-7.551795959E-1,8.988807678E0
7.335615079E1,-7.513625336E0,-6.189628601E-1,9.213640137E0
7.336612679E1,-7.733218689E0,-6.472540283E-1,9.224118347E0
7.337610379E1,-7.629933472E0,-6.965016174E-1,9.044491882E0
7.338607979E1,-7.571554871E0,-7.222480774E-1,9.097332001E0
7.339605679E1,-7.704179077E0,-8.599617004E-1,9.156159668E0
7.340603379E1,-7.852969666E0,-8.455915833E-1,9.283095703E0
7.341600979E1,-7.955805817E0,-8.393046570E-1,9.411079559E0
7.342598679E1,-8.036338348E0,-8.051756287E-1,9.388326874E0
7.343596379E1,-7.936795349E0,-6.882687378E-1,9.353748779E0
7.344593979E1,-7.839198303E0,-7.896080017E-1,9.292675781E0
7.345591679E1,-7.955057373E0,-8.791218567E-1,9.247170410E0
7.346589279E1,-8.040679321E0,-8.437953186E-1,9.430090027E0
7.347586979E1,-8.073311462E0,-8.312214661E-1,9.511071625E0
7.348584679E1,-7.906857605E0,-8.375083923E-1,9.414821777E0
7.349582279E1,-7.782466278E0,-8.818162537E-1,9.397906952E0
7.350579979E1,-7.887847137E0,-1.009051666E0,9.484576721E0
7.351577679E1,-8.044122162E0,-1.045875092E0,9.642198944E0
7.352575279E1,-8.111033020E0,-9.845027161E-1,9.716743927E0
7.353572979E1,-8.041727142E0,-9.077124023E-1,9.613608398E0
7.354570579E1,-7.846533051E0,-8.482859802E-1,9.426946564E0
7.355568279E1,-7.814050598E0,-9.192384338E-1,9.409582672E0
7.356565979E1,-7.973618774E0,-1.004561005E0,9.504185944E0
7.357563579E1,-8.131390686E0,-9.559121704E-1,9.611961823E0
7.358561279E1,-8.202642517E0,-8.981323242E-1,9.621392212E0
7.359558979E1,-8.046816559E0,-8.901988220E-1,9.494007111E0
7.360556579E1,-7.940986633E0,-8.985813904E-1,9.466614075E0
7.361554279E1,-8.133486328E0,-9.530680847E-1,9.526489563E0
7.362551879E1,-8.303682404E0,-1.068777466E0,9.620793457E0
7.363549579E1,-8.421637115E0,-9.948312378E-1,9.761201477E0
7.364547279E1,-8.401728516E0,-8.734336853E-1,9.753567352E0
7.365544879E1,-8.204139404E0,-8.665480042E-1,9.619446259E0
7.366542579E1,-8.228388977E0,-8.747808838E-1,9.585167542E0
7.367540279E1,-8.345295868E0,-9.343569946E-1,9.622290344E0
7.368537867E1,-8.523724823E0,-9.267228699E-1,9.710157623E0
7.369535567E1,-8.515491943E0,-8.918453979E-1,9.699978790E0
7.370533167E1,-8.275391235E0,-9.247769165E-1,9.641450500E0
7.371530867E1,-8.164471893E0,-9.621990967E-1,9.619745636E0
7.372528567E1,-8.311765594E0,-9.927355957E-1,9.737999725E0
7.373526167E1,-8.511450348E0,-1.165626068E0,9.845027161E0
7.374523867E1,-8.655450897E0,-1.175505524E0,9.887987823E0
7.375521567E1,-8.514593811E0,-9.810598755E-1,9.808353424E0
7.376519167E1,-8.253237305E0,-9.318122864E-1,9.656868439E0
7.377516867E1,-8.296048279E0,-1.014739838E0,9.659562836E0
7.378514567E1,-8.430319061E0,-1.130299530E0,9.798024902E0
7.379512167E1,-8.605604553E0,-1.126257935E0,9.936936035E0
7.380509867E1,-8.711434479E0,-9.587562561E-1,9.942025452E0
7.381507467E1,-8.464448090E0,-9.672885132E-1,9.795629883E0
7.382505167E1,-8.244106293E0,-1.153501282E0,9.727072449E0
7.383502867E1,-8.451574860E0,-1.139430542E0,9.874066772E0
7.384500467E1,-8.622968445E0,-1.163979492E0,9.992171173E0
7.385498167E1,-8.761729889E0,-1.135838013E0,9.943073273E0
7.386495867E1,-8.521329803E0,-1.051563263E0,9.794132996E0
7.387493467E1,-8.208330688E0,-9.545649719E-1,9.663155365E0
7.388491167E1,-8.244854736E0,-9.647438049E-1,9.659712524E0
7.389488767E1,-8.451874237E0,-1.096020813E0,9.713301086E0
7.390486467E1,-8.520581360E0,-1.178349609E0,9.814490662E0
7.391484167E1,-8.660690002E0,-1.047222290E0,9.892478485E0
7.392481767E1,-8.488398285E0,-9.485774231E-1,9.697883148E0
7.393479467E1,-8.266409912E0,-1.078207855E0,9.500144348E0
7.394477167E1,-8.430468750E0,-1.240919495E0,9.677375793E0
7.395474767E1,-8.727002106E0,-1.180145874E0,9.798773346E0
7.396472467E1,-8.944499817E0,-1.157542877E0,9.702523499E0
7.397470067E1,-8.797056427E0,-1.119821320E0,9.464069366E0
7.398467767E1,-8.399183807E0,-1.013692017E0,9.256002045E0
7.399465467E1,-8.441545715E0,-9.786648560E-1,9.306896210E0
7.400463067E1,-8.776399384E0,-1.106798401E0,9.346563721E0
7.401460767E1,-8.850046234E0,-1.328487396E0,9.446705475E0
7.402458467E1,-8.926836548E0,-1.297651520E0,9.607920227E0
7.403456067E1,-8.828491058E0,-1.115630035E0,9.502090302E0
7.404453767E1,-8.611741791E0,-1.143621826E0,9.333391113E0
7.405451467E1,-8.691974945E0,-1.344504089E0,9.374854889E0
7.406449067E1,-8.938063202E0,-1.300196228E0,9.591155090E0
7.407446767E1,-9.063652039E0,-1.247056732E0,9.710457001E0
7.408444367E1,-8.992849274E0,-1.118324432E0,9.496701508E0
7.409442067E1,-8.552315369E0,-9.985734558E-1,9.203760681E0
7.410439767E1,-8.450676727E0,-9.755213928E-1,9.306147766E0
7.411437367E1,-8.753197632E0,-1.099463654E0,9.535620575E0
7.412435067E1,-8.998687134E0,-1.196461945E0,9.571246490E0
7.413432767E1,-8.913963318E0,-1.131646729E0,9.474248199E0
7.414430367E1,-8.677754517E0,-1.020577698E0,9.432934113E0
7.415428067E1,-8.556955719E0,-1.064436493E0,9.459129639E0
7.416425667E1,-8.552315369E0,-1.213376770E0,9.402996368E0
7.417423367E1,-8.641080780E0,-1.286574554E0,9.384584656E0
7.418421067E1,-8.824599152E0,-1.348096619E0,9.613758087E0
7.419418667E1,-8.926387482E0,-1.282083893E0,9.588161316E0
7.420416367E1,-8.449329529E0,-1.142124939E0,9.150621185E0
7.421414067E1,-8.148006134E0,-1.108894043E0,8.981472931E0
7.422411667E1,-8.669371948E0,-1.140927429E0,9.319170685E0
7.423409367E1,-8.932973785E0,-1.255139923E0,9.451645203E0
7.424406967E1,-8.770711212E0,-1.314566345E0,9.384434967E0
7.425404667E1,-8.675060120E0,-1.108444977E0,9.289382629E0
7.426402367E1,-8.501870270E0,-9.665400696E-1,9.266330566E0
7.427399967E1,-8.485105133E0,-1.228495331E0,9.315129089E0
7.428397667E1,-8.717422028E0,-1.395248566E0,9.461674347E0
7.429395367E1,-8.879385223E0,-1.349892883E0,9.561965790E0
7.430392967E1,-9.082662506E0,-1.191222839E0,9.460925903E0
7.431390667E1,-8.698860626E0,-1.039288788E0,9.085955658E0
7.432388367E1,-8.186476135E0,-1.035247192E0,8.874894562E0
7.433385967E1,-8.434510345E0,-1.218316498E0,9.225166168E0
7.434383667E1,-8.900491333E0,-1.362466736E0,9.543853455E0
7.435381267E1,-8.883277130E0,-1.481169891E0,9.540560303E0
7.436378967E1,-8.726553040E0,-1.242266693E0,9.208999786E0
7.437376667E1,-8.296497345E0,-1.022224274E0,9.000333710E0
7.438374267E1,-8.328830109E0,-1.179397430E0,9.085955658E0
7.439371967E1,-8.521629181E0,-1.432820435E0,9.167386322E0
7.440369667E1,-8.565338287E0,-1.424437866E0,9.383836212E0
7.441367267E1,-8.807384949E0,-1.326092377E0,9.460626526E0
7.442364967E1,-8.662037201E0,-1.118773499E0,9.083261261E0
7.443362567E1,-8.117619324E0,-1.169967041E0,8.886719971E0
7.444360267E1,-8.258476410E0,-1.272952881E0,9.114695892E0
7.445357967E1,-8.593928833E0,-1.314117279E0,9.372609558E0
7.446355567E1,-8.643326111E0,-1.425485687E0,9.399852905E0
7.447353267E1,-8.545130310E0,-1.406325531E0,9.194330292E0
7.448350967E1,-8.214617615E0,-1.113833771E0,8.946595459E0
7.449348567E1,-8.244255981E0,-1.082399139E0,8.951834564E0
7.450346267E1,-8.443192291E0,-1.315614166E0,8.987909546E0
7.451343967E1,-8.399034119E0,-1.402882690E0,9.122180328E0
7.452341567E1,-8.463999023E0,-1.283730469E0,9.199719086E0
7.453339267E1,-8.506809998E0,-1.081650696E0,8.995244293E0
7.454336867E1,-8.109835510E0,-1.120420074E0,8.726553040E0
7.455334567E1,-8.153394928E0,-1.234183502E0,8.784931641E0
7.456332267E1,-8.472830658E0,-1.124311981E0,9.023086395E0
7.457329867E1,-8.571176147E0,-1.103056183E0,9.089697876E0
7.458327567E1,-8.517288208E0,-1.166075134E0,8.861572266E0
7.459325267E1,-8.213270416E0,-9.939331055E-1,8.576115875E0
7.460322867E1,-8.043972473E0,-9.090596008E-1,8.643326111E0
7.461320567E1,-8.297545166E0,-1.096918945E0,8.824599152E0
7.462318167E1,-8.322543182E0,-1.256636810E0,8.865314484E0
7.463315867E1,-8.359516296E0,-1.204844513E0,8.972790985E0
7.464313567E1,-8.343349915E0,-9.621990967E-1,8.795858917E0
7.465311167E1,-7.901319122E0,-8.943901062E-1,8.450077972E0
7.466308867E1,-7.903564453E0,-1.055754547E0,8.487051086E0
7.467306567E1,-8.158334656E0,-1.084943848E0,8.730744324E0
7.468304175E1,-8.238567810E0,-1.077309723E0,8.984317017E0
7.469301875E1,-8.205935669E0,-1.103205872E0,8.881630554E0
7.470299575E1,-8.024213562E0,-8.990304565E-1,8.512498169E0
7.471297175E1,-7.781268768E0,-8.472381592E-1,8.435109100E0
7.472294875E1,-7.946525116E0,-9.614506531E-1,8.605454865E0
7.473292475E1,-8.011190643E0,-1.048270111E0,8.684041443E0
7.474290175E1,-8.099207611E0,-1.037642212E0,8.804091797E0
7.475287875E1,-8.174201660E0,-9.671388245E-1,8.677904205E0
7.476285475E1,-7.827971649E0,-8.972341919E-1,8.449179840E0
7.477283175E1,-7.674690399E0,-9.196875000E-1,8.366851044E0
7.478280875E1,-7.911797333E0,-9.128018188E-1,8.515192566E0
7.479278475E1,-8.002658386E0,-1.005010071E0,8.668773193E0
7.480276175E1,-8.107739868E0,-9.506730652E-1,8.674311676E0
7.481273875E1,-7.893535309E0,-7.613168335E-1,8.334218903E0
7.482271475E1,-7.559879150E0,-7.141648865E-1,8.173752594E0
7.483269175E1,-7.681576080E0,-8.170010376E-1,8.268655243E0
7.484266775E1,-7.728428650E0,-8.602610779E-1,8.288563843E0
7.485264475E1,-7.692503357E0,-9.083111572E-1,8.383616180E0
7.486262175E1,-7.916437683E0,-7.461982727E-1,8.337212677E0
7.487259775E1,-7.684869232E0,-6.655160522E-1,8.088430023E0
7.488257475E1,-7.400760040E0,-7.219487000E-1,7.979007568E0
7.489255175E1,-7.557334442E0,-6.849755859E-1,8.004754028E0
7.490252775E1,-7.660469971E0,-7.201524353E-1,8.117769012E0
7.491250475E1,-7.715106354E0,-8.403524780E-1,8.195158081E0
7.492248175E1,-7.684869232E0,-7.304809570E-1,8.013885040E0
7.493245775E1,-7.441026306E0,-5.984555054E-1,7.778274994E0
7.494243475E1,-7.532486115E0,-6.548881531E-1,7.843239899E0
7.495241075E1,-7.631430359E0,-7.939489746E-1,7.905061340E0
7.496238775E1,-7.511978760E0,-8.409512329E-1,7.954757996E0
7.497236475E1,-7.649093628E0,-7.319778442E-1,7.988138580E0
7.498234075E1,-7.505841522E0,-6.944059753E-1,7.816894684E0
7.499231775E1,-7.286996613E0,-7.881111145E-1,7.731272736E0
7.500229475E1,-7.380252686E0,-7.229965210E-1,7.674241333E0
7.501227075E1,-7.305857391E0,-6.439608765E-1,7.603737946E0
7.502224775E1,-7.293133850E0,-7.432044983E-1,7.737859039E0
7.503222375E1,-7.472910004E0,-7.387138367E-1,7.782017212E0
7.504220075E1,-7.304959259E0,-6.524931335E-1,7.654482422E0
7.505217775E1,-7.162006531E0,-6.553372192E-1,7.566315765E0
7.506215375E1,-7.222780151E0,-6.686595154E-1,7.494165802E0
7.507213075E1,-7.138655090E0,-6.839277649E-1,7.599396973E0
7.508210775E1,-7.198530579E0,-6.490502930E-1,7.709867249E0
7.509208375E1,-7.200177155E0,-5.442681885E-1,7.567662964E0
7.510206075E1,-7.009773102E0,-5.520520020E-1,7.470514984E0
7.511203775E1,-7.044500885E0,-6.342311096E-1,7.497309265E0
7.512201375E1,-7.055877228E0,-6.268963623E-1,7.513625336E0
7.513199075E1,-6.982679443E0,-5.882766724E-1,7.607330475E0
7.514196675E1,-7.110663300E0,-5.770500183E-1,7.583529968E0
7.515194375E1,-7.084318085E0,-5.037025452E-1,7.504045258E0
7.516192075E1,-6.914720764E0,-5.631289673E-1,7.423512726E0
7.517189675E1,-6.927144928E0,-6.245013428E-1,7.349416809E0
7.518187375E1,-6.795718231E0,-5.345384216E-1,7.267986145E0
7.519185075E1,-6.659202118E0,-5.560935974E-1,7.344626770E0
7.520182675E1,-6.847061462E0,-5.766009521E-1,7.417974243E0
7.521180375E1,-6.845414886E0,-5.105882263E-1,7.366181946E0
7.522178075E1,-6.753506012E0,-4.731660461E-1,7.266339569E0
7.523175675E1,-6.804250488E0,-5.060975647E-1,7.164700928E0
7.524173375E1,-6.643035736E0,-5.797444153E-1,7.189549255E0
7.525170975E1,-6.686295776E0,-4.607418823E-1,7.263345795E0
7.526168675E1,-6.641987915E0,-3.516188049E-1,7.086264038E0
7.527166375E1,-6.565946045E0,-3.772155762E-1,7.057823181E0
7.528163975E1,-6.697073364E0,-5.646258545E-1,7.118896179E0
7.529161675E1,-6.703060913E0,-5.050497437E-1,7.071744232E0
7.530159375E1,-6.424190826E0,-4.406835938E-1,7.062613220E0
7.531156975E1,-6.508166199E0,-4.902305603E-1,7.101981354E0
7.532154675E1,-6.574029236E0,-5.622308350E-1,7.110363922E0
7.533152375E1,-6.569538574E0,-5.111869812E-1,7.096742249E0
7.534149975E1,-6.539002075E0,-5.456153870E-1,7.040608978E0
7.535147675E1,-6.530469818E0,-6.255491638E-1,7.020700378E0
7.536145275E1,-6.475384369E0,-6.298901367E-1,7.040758667E0
7.537142975E1,-6.394851837E0,-4.843927002E-1,6.916666718E0
7.538140675E1,-6.334527283E0,-4.797523499E-1,6.835086365E0
7.539138275E1,-6.462361450E0,-6.566844177E-1,6.877897339E0
7.540135975E1,-6.507717133E0,-8.086184692E-1,6.919211426E0
7.541133675E1,-6.394253082E0,-7.364685059E-1,6.913822632E0
7.542131275E1,-6.426436157E0,-6.213578796E-1,6.881190491E0
7.543128975E1,-6.372398529E0,-7.578739929E-1,6.844367065E0
7.544126675E1,-6.384523315E0,-8.608598328E-1,6.890321503E0
7.545124275E1,-6.465205536E0,-7.544311523E-1,6.907685394E0
7.546121975E1,-6.360872498E0,-7.048841858E-1,6.836134186E0
7.547119575E1,-6.319259033E0,-7.475454712E-1,6.775809631E0
7.548117275E1,-6.298452301E0,-6.851252747E-1,6.694528656E0
7.549114975E1,-6.082451477E0,-5.596861267E-1,6.614295502E0
7.550112575E1,-6.034850464E0,-5.992039490E-1,6.613846436E0
7.551110275E1,-6.217021637E0,-7.285350037E-1,6.734046478E0
7.552107975E1,-6.263874207E0,-7.343728638E-1,6.800957336E0
7.553105575E1,-6.138285370E0,-6.324348450E-1,6.722071381E0
7.554103275E1,-6.061944122E0,-5.843847656E-1,6.601571960E0
7.555100975E1,-5.947282562E0,-7.903564453E-1,6.663243713E0
7.556098575E1,-6.102809143E0,-8.485853577E-1,6.822811890E0
7.557096275E1,-6.158044281E0,-6.861730957E-1,6.737339630E0
7.558093875E1,-5.916446686E0,-6.508465576E-1,6.586004333E0
7.559091575E1,-5.966143341E0,-7.059320068E-1,6.580914917E0
7.560089275E1,-5.905070343E0,-7.057823181E-1,6.563401337E0
7.561086875E1,-5.792654114E0,-6.800358582E-1,6.610553284E0
7.562084575E1,-6.015540619E0,-7.306306458E-1,6.625073090E0
7.563082275E1,-6.056255951E0,-9.220825195E-1,6.608607330E0
7.564079875E1,-5.990243225E0,-8.803193665E-1,6.602021027E0
7.565077575E1,-5.920637970E0,-7.512876892E-1,6.535110168E0
7.566075275E1,-5.962550812E0,-8.527766418E-1,6.605463867E0
7.567072875E1,-6.256988525E0,-1.066232758E0,6.807543640E0
7.568070575E1,-6.352789307E0,-9.219328308E-1,6.704557800E0
7.569068275E1,-5.987399139E0,-8.174501038E-1,6.483018494E0
7.570065875E1,-6.032754822E0,-8.801696777E-1,6.455775146E0
7.571063575E1,-6.077062683E0,-8.876541138E-1,6.563551025E0
7.572061175E1,-5.965245209E0,-8.220904541E-1,6.622079315E0
7.573058875E1,-6.112688599E0,-8.108638000E-1,6.546785889E0
7.574056575E1,-6.117328949E0,-9.641450500E-1,6.510411530E0
7.575054175E1,-5.958209839E0,-1.011296997E0,6.549330597E0
7.576051875E1,-5.912554779E0,-8.837622070E-1,6.561156006E0
7.577049575E1,-5.838907928E0,-8.997789001E-1,6.570137329E0
7.578047175E1,-5.975723419E0,-1.120569763E0,6.716981964E0
7.579044875E1,-6.179898834E0,-1.141825562E0,6.763235779E0
7.580042575E1,-5.999074860E0,-1.000070343E0,6.660699005E0
7.581040175E1,-5.832022247E0,-1.004261627E0,6.534361725E0
7.582037875E1,-5.835614777E0,-1.056952057E0,6.492149506E0
7.583035475E1,-5.745951233E0,-1.082698517E0,6.602021027E0
7.584033175E1,-5.903573456E0,-1.102307739E0,6.686894531E0
7.585030875E1,-6.184090118E0,-1.151705017E0,6.746320953E0
7.586028475E1,-6.150859222E0,-1.207987976E0,6.753805389E0
7.587026175E1,-6.054160309E0,-1.202150116E0,6.680906982E0
7.588023875E1,-6.034850464E0,-1.136586456E0,6.648125153E0
7.589021475E1,-5.993985443E0,-1.242416382E0,6.756948853E0
7.590019175E1,-6.087840271E0,-1.378932495E0,6.846911774E0
7.591016875E1,-6.184090118E0,-1.305435333E0,6.866670685E0
7.592014475E1,-6.043532410E0,-1.295256500E0,6.838379517E0
7.593012175E1,-6.038742371E0,-1.339863739E0,6.745871887E0
7.594009775E1,-5.928122406E0,-1.321302338E0,6.737339630E0
7.595007475E1,-5.958209839E0,-1.332678680E0,6.868317261E0
7.596005175E1,-6.233936462E0,-1.398242340E0,6.972949677E0
7.597002775E1,-6.170468445E0,-1.426683197E0,6.897057495E0
7.598000475E1,-5.988446960E0,-1.359472961E0,6.816075897E0
7.598998175E1,-6.012097778E0,-1.169967041E0,6.724915466E0
7.599995775E1,-5.809419250E0,-1.264121246E0,6.835834808E0
7.600993475E1,-6.062542877E0,-1.363215179E0,7.012467499E0
7.601991175E1,-6.286028137E0,-1.307980042E0,7.055128784E0
7.602988775E1,-6.170917511E0,-1.348096619E0,7.050039368E0
7.603986475E1,-6.236930237E0,-1.461560669E0,7.073091431E0
7.604984075E1,-6.086193695E0,-1.452579346E0,7.073540497E0
7.605981775E1,-6.011499023E0,-1.422042847E0,7.149282990E0
7.606979475E1,-6.347699890E0,-1.540147247E0,7.236551514E0
7.607977075E1,-6.561006317E0,-1.608554993E0,7.326514435E0
7.608974775E1,-6.328090668E0,-1.586550751E0,7.198680267E0
7.609972475E1,-6.225404205E0,-1.447489929E0,7.049141235E0
7.610970075E1,-6.119274902E0,-1.513203278E0,7.074139252E0
7.611967775E1,-6.262077942E0,-1.675615540E0,7.289840698E0
7.612965475E1,-6.509363708E0,-1.668580170E0,7.359296265E0
7.613963075E1,-6.514752502E0,-1.555714874E0,7.231013031E0
7.614960775E1,-6.382577362E0,-1.644180908E0,7.184459839E0
7.615958475E1,-6.425837402E0,-1.735491028E0,7.287146301E0
7.616956075E1,-6.330934753E0,-1.619332581E0,7.395071869E0
7.617953775E1,-6.407874756E0,-1.647773438E0,7.443271637E0
7.618951375E1,-6.741830292E0,-1.829345856E0,7.613467712E0
7.619949075E1,-6.705156555E0,-1.865720215E0,7.643106079E0
7.620946775E1,-6.468798065E0,-1.772464142E0,7.588769073E0
7.621944375E1,-6.472839661E0,-1.666185150E0,7.542066193E0
7.622942075E1,-6.398294678E0,-1.775607605E0,7.621251526E0
7.623939775E1,-6.543492737E0,-1.909878387E0,7.795339508E0
7.624937375E1,-6.755152588E0,-1.825903015E0,7.825277252E0
7.625935075E1,-6.595584412E0,-1.786834259E0,7.728428650E0
7.626932775E1,-6.531667328E0,-1.837429047E0,7.680977325E0
7.627930375E1,-6.450086975E0,-1.840871887E0,7.728428650E0
7.628928075E1,-6.565347290E0,-1.800605621E0,7.904911652E0
7.629925675E1,-6.868766327E0,-1.847009125E0,8.009244690E0
7.630923375E1,-6.893165588E0,-1.886526947E0,7.917635193E0
7.631921075E1,-6.787784729E0,-1.836830292E0,7.885452118E0
7.632918675E1,-6.758146362E0,-1.749262390E0,7.912246399E0
7.633916375E1,-6.631809082E0,-1.753453674E0,7.924670563E0
7.634914075E1,-6.889423370E0,-1.835483093E0,8.017776947E0
7.635911675E1,-7.256310425E0,-1.832339630E0,8.224347382E0
7.636909375E1,-7.195686493E0,-1.855840759E0,8.331075439E0
7.637907075E1,-7.033423920E0,-1.850302277E0,8.228239288E0
7.638904675E1,-6.941065979E0,-1.791923676E0,8.134384460E0
7.639902375E1,-6.903344421E0,-1.809287567E0,8.259374542E0
7.640900075E1,-7.130272522E0,-1.889820099E0,8.418643341E0
7.641897675E1,-7.230863342E0,-1.821412354E0,8.480464783E0
7.642895375E1,-7.030879211E0,-1.792073364E0,8.345295868E0
7.643892975E1,-7.008874969E0,-1.870659943E0,8.355474701E0
7.644890675E1,-6.950496368E0,-1.900148621E0,8.512947235E0
7.645888375E1,-6.894512787E0,-1.938468933E0,8.570727081E0
7.646885975E1,-7.188501434E0,-1.946252747E0,8.680897980E0
7.647883675E1,-7.329508209E0,-1.996398468E0,8.836873627E0
7.648881375E1,-7.318131866E0,-1.973945160E0,8.801247711E0
7.649878975E1,-7.131470032E0,-1.792821808E0,8.564140778E0
7.650876675E1,-6.922953644E0,-1.767524414E0,8.584199066E0
7.651874375E1,-7.169341278E0,-2.056273956E0,8.950637054E0
7.652871975E1,-7.519612885E0,-2.193388824E0,9.171577606E0
7.653869675E1,-7.493716736E0,-1.967658234E0,8.945547638E0
7.654867375E1,-7.365882568E0,-1.761087799E0,8.704399109E0
7.655864975E1,-7.339237976E0,-1.964814148E0,8.838220825E0
7.656862675E1,-7.380851440E0,-2.093995514E0,9.004375305E0
7.657860275E1,-7.468569031E0,-1.880240021E0,9.062454529E0
7.658857975E1,-7.665709076E0,-1.848805389E0,9.099277954E0
7.659855675E1,-7.750133514E0,-2.067051544E0,9.187294922E0
7.660853275E1,-7.724387054E0,-2.001936951E0,9.157207489E0
7.661850975E1,-7.435038757E0,-1.709894257E0,9.004225616E0
7.662848675E1,-7.390581207E0,-1.803150330E0,9.056766357E0
7.663846275E1,-7.880662079E0,-2.155367889E0,9.527986450E0
7.664843975E1,-7.977660370E0,-2.077679443E0,9.726773071E0
7.665841675E1,-7.719597015E0,-1.782343597E0,9.433832245E0
7.666839275E1,-7.660919037E0,-1.754501495E0,9.270970917E0
7.667836975E1,-7.680827637E0,-1.916015625E0,9.254954224E0
7.668834579E1,-7.646548920E0,-1.880240021E0,9.457333374E0
7.669832179E1,-7.855514374E0,-1.772613831E0,9.720486145E0
7.670829879E1,-7.989785156E0,-1.896107025E0,9.867480469E0
7.671827479E1,-8.018974457E0,-2.035916290E0,9.773625641E0
7.672825179E1,-7.759713593E0,-1.800605621E0,9.518106995E0
7.673822879E1,-7.599396973E0,-1.633403320E0,9.520202637E0
7.674820479E1,-7.895780640E0,-1.969155121E0,9.912836151E0
7.675818179E1,-8.257727966E0,-2.044598236E0,1.016895355E1
7.676815879E1,-8.142018585E0,-1.674867096E0,9.992171173E0
7.677813479E1,-8.022117920E0,-1.532962189E0,9.747729492E0
7.678811179E1,-7.959548035E0,-1.790426788E0,9.693392487E0
7.679808879E1,-7.955356750E0,-1.902843018E0,9.891580353E0
7.680806479E1,-8.116122437E0,-1.747166748E0,1.016446289E1
7.681804179E1,-8.279732208E0,-1.665736084E0,1.020697449E1
7.682801879E1,-8.409362640E0,-1.869911499E0,1.023616379E1
7.683799479E1,-8.299790497E0,-1.860481110E0,1.009306137E1
7.684797179E1,-8.010591888E0,-1.634451141E0,1.000714005E1
7.685794779E1,-8.205187225E0,-1.794318695E0,1.021236328E1
7.686792479E1,-8.502469025E0,-1.946851501E0,1.047521667E1
7.687790179E1,-8.325237579E0,-1.757644958E0,1.043510010E1
7.688787779E1,-8.359665985E0,-1.511257324E0,1.025697052E1
7.689785479E1,-8.369096375E0,-1.624571686E0,1.022074585E1
7.690783179E1,-8.283474426E0,-1.866917725E0,1.029978149E1
7.691780779E1,-8.326285400E0,-1.758094025E0,1.043180695E1
7.692778479E1,-8.516539764E0,-1.607058105E0,1.061098434E1
7.693776179E1,-8.600814514E0,-1.783391418E0,1.062939606E1
7.694773779E1,-8.553213501E0,-1.797462158E0,1.047012726E1
7.695771479E1,-8.337811432E0,-1.574425964E0,1.039453445E1
7.696769179E1,-8.373287659E0,-1.666634216E0,1.053045181E1
7.697766779E1,-8.695567474E0,-1.893412628E0,1.075827805E1
7.698764479E1,-8.725804596E0,-1.740879822E0,1.081381256E1
7.699762079E1,-8.576265564E0,-1.411714325E0,1.069795349E1
7.700759779E1,-8.553961945E0,-1.378483429E0,1.059257263E1
7.701757479E1,-8.612340546E0,-1.639690247E0,1.056218582E1
7.702755079E1,-8.639134827E0,-1.659748535E0,1.070169571E1
7.703752779E1,-8.769214325E0,-1.511407013E0,1.090706863E1
7.704750479E1,-8.871601410E0,-1.567839661E0,1.095347214E1
7.705748079E1,-8.874894562E0,-1.623523865E0,1.097323105E1
7.706745779E1,-8.733139343E0,-1.477427673E0,1.084060684E1
7.707743479E1,-8.615633698E0,-1.478774872E0,1.077923447E1
7.708741079E1,-8.830736389E0,-1.735341339E0,1.098056580E1
7.709738779E1,-8.949439545E0,-1.700314178E0,1.106888214E1
7.710736479E1,-8.780291290E0,-1.411864014E0,1.105062012E1
7.711734079E1,-8.773106232E0,-1.288520508E0,1.095871124E1
7.712731779E1,-8.856333160E0,-1.559606781E0,1.109073669E1
7.713729379E1,-8.876541138E0,-1.726360016E0,1.126257935E1
7.714727079E1,-8.945397949E0,-1.550775146E0,1.128667923E1
7.715724779E1,-9.026978302E0,-1.374591522E0,1.110405899E1
7.716722379E1,-8.976533203E0,-1.336121521E0,1.092667786E1
7.717720079E1,-8.925040283E0,-1.342707825E0,1.100451599E1
7.718717779E1,-8.903335419E0,-1.270408173E0,1.104403381E1
7.719715379E1,-8.987759857E0,-1.408570862E0,1.115704880E1
7.720713079E1,-9.253307648E0,-1.570534058E0,1.128114075E1
7.721710779E1,-9.087602234E0,-1.349743195E0,1.118384308E1
7.722708379E1,-8.949738922E0,-1.157991943E0,1.122111557E1
7.723706079E1,-9.147028656E0,-1.331331482E0,1.122680374E1
7.724703779E1,-9.243128815E0,-1.483115845E0,1.122575592E1
7.725701379E1,-9.285341034E0,-1.409468994E0,1.139295822E1
7.726699079E1,-9.263336792E0,-1.275497589E0,1.147528702E1
7.727696679E1,-9.200018463E0,-1.239123230E0,1.132455048E1
7.728694379E1,-9.240284729E0,-1.362317047E0,1.143067978E1
7.729692079E1,-9.284293213E0,-1.225202179E0,1.146376099E1
7.730689679E1,-9.228758698E0,-1.064286804E0,1.141062149E1
7.731687379E1,-9.322014771E0,-1.210832062E0,1.140478363E1
7.732685079E1,-9.279203796E0,-1.183289337E0,1.137754028E1
7.733682679E1,-9.120234375E0,-9.348060608E-1,1.128862518E1
7.734680379E1,-9.123377838E0,-8.869056702E-1,1.127305756E1
7.735678079E1,-9.270372162E0,-1.092128906E0,1.134460876E1
7.736675679E1,-9.293124847E0,-1.313069458E0,1.152812714E1
7.737673379E1,-9.364825745E0,-1.156944122E0,1.163889679E1
7.738671079E1,-9.338031464E0,-9.062155151E-1,1.146151566E1
7.739668679E1,-9.299411774E0,-9.948312378E-1,1.126168121E1
7.740666379E1,-9.418264618E0,-1.047970734E0,1.137679184E1
7.741664079E1,-9.380543060E0,-8.866062927E-1,1.143067978E1
7.742661679E1,-9.474547577E0,-9.514215088E-1,1.156330399E1
7.743659379E1,-9.554331665E0,-9.674382019E-1,1.145433060E1
7.744656979E1,-9.330247650E0,-8.542735291E-1,1.134401001E1
7.745654679E1,-9.246421967E0,-8.211923218E-1,1.142334503E1
7.746652379E1,-9.449549561E0,-8.175997925E-1,1.142768600E1
7.747649979E1,-9.508526917E0,-9.225315857E-1,1.142109970E1
7.748647679E1,-9.501491547E0,-9.753717041E-1,1.149624344E1
7.749645379E1,-9.338330841E0,-8.464897156E-1,1.160850998E1
7.750642979E1,-9.248068542E0,-7.581733704E-1,1.147618515E1
7.751640679E1,-9.452842712E0,-8.321195984E-1,1.132110764E1
7.752638379E1,-9.462572479E0,-7.864645386E-1,1.147768204E1
7.753635979E1,-9.535620575E0,-7.882608032E-1,1.168065994E1
7.754633679E1,-9.511820068E0,-7.536827087E-1,1.157078842E1
7.755631379E1,-9.311686249E0,-6.096821594E-1,1.122994720E1
7.756628979E1,-9.114546204E0,-5.902226257E-1,1.125584335E1
7.757626679E1,-9.375303955E0,-6.786886597E-1,1.148052612E1
7.758624379E1,-9.495953064E0,-7.894583130E-1,1.145672562E1
7.759621979E1,-9.431437225E0,-8.289761353E-1,1.138667130E1
7.760619679E1,-9.438921661E0,-6.972500610E-1,1.138637192E1
7.761617279E1,-9.213041382E0,-5.598358154E-1,1.135239258E1
7.762614979E1,-9.220525818E0,-6.213578796E-1,1.133353180E1
7.763612679E1,-9.416618042E0,-6.358776855E-1,1.124506577E1
7.764610279E1,-9.458081818E0,-5.694158936E-1,1.135493729E1
7.765607979E1,-9.599687347E0,-5.751040649E-1,1.154773636E1
7.766605679E1,-9.501491547E0,-3.629951477E-1,1.120375168E1
7.767603279E1,-9.080716553E0,-2.351609802E-1,1.090991272E1
7.768601067E1,-9.230704651E0,-3.879931641E-1,1.108265350E1
7.769598767E1,-9.443861389E0,-5.628295898E-1,1.124686203E1
7.770596367E1,-9.496701508E0,-6.625222778E-1,1.146660507E1
7.771594067E1,-9.536668396E0,-6.084846497E-1,1.145073807E1
7.772591667E1,-9.321116638E0,-4.194277954E-1,1.120150635E1
7.773589367E1,-9.049581299E0,-2.656974792E-1,1.093416229E1
7.774587067E1,-9.123377838E0,-2.157014465E-1,1.085078568E1
7.775584667E1,-9.274713135E0,-2.466870117E-1,1.101454514E1
7.776582367E1,-9.439670105E0,-3.216810608E-1,1.118309464E1
7.777580067E1,-9.376651154E0,-3.231779480E-1,1.114881592E1
7.778577667E1,-9.092841339E0,-9.699829102E-2,1.094838272E1
7.779575367E1,-8.886570282E0,-1.122665405E-1,1.084928879E1
7.780573067E1,-9.053173828E0,-2.086660767E-1,1.083506836E1
7.781570667E1,-9.145980835E0,-2.171983337E-1,1.083491867E1
7.782568367E1,-9.284742279E0,-1.532812500E-1,1.093176727E1
7.783566067E1,-9.184750214E0,-1.451980591E-2,1.081665665E1
7.784563667E1,-8.910221100E0,5.688171387E-2,1.054946228E1
7.785561367E1,-8.916358337E0,8.891510010E-2,1.052281769E1
7.786559067E1,-8.981472931E0,7.140151978E-2,1.047970734E1
7.787556667E1,-9.194779358E0,-8.681945801E-2,1.063328796E1
7.788554367E1,-9.295070801E0,-5.463638306E-2,1.055455170E1
7.789552067E1,-8.943451996E0,1.025367737E-1,1.035636383E1
7.790549667E1,-8.824599152E0,2.353106689E-1,1.013123199E1
7.791547367E1,-8.924740906E0,2.549198914E-1,1.006432114E1
7.792544967E1,-9.070238342E0,1.341210938E-1,1.013287857E1
7.793542667E1,-9.233399048E0,2.559677124E-2,1.023796005E1
7.794540367E1,-9.156309357E0,7.918533325E-2,1.020353165E1
7.795537967E1,-8.992549896E0,1.904040527E-1,1.019320312E1
7.796535667E1,-8.739725647E0,1.396595764E-1,1.004336472E1
7.797533367E1,-8.713829498E0,9.819580078E-2,1.001926483E1
7.798530967E1,-8.972042542E0,4.296066284E-2,1.021415955E1
7.799528667E1,-9.275611267E0,1.499880981E-1,1.001746857E1
7.800526367E1,-8.953930206E0,2.999761963E-1,9.711205444E0
7.801523967E1,-8.559201050E0,3.676354980E-1,9.663454742E0
7.802521667E1,-8.450676727E0,4.743635559E-1,9.637857971E0
7.803519367E1,-8.661588135E0,4.312532043E-1,9.680668945E0
7.804516967E1,-8.812324677E0,3.245251465E-1,9.659263458E0
7.805514667E1,-8.848549347E0,2.972817993E-1,9.770931244E0
7.806512367E1,-8.667575684E0,3.489244080E-1,9.736203461E0
7.807509967E1,-8.324489136E0,4.876858521E-1,9.406888275E0
7.808507667E1,-8.268056488E0,4.860392761E-1,9.443112946E0
7.809505267E1,-8.331823883E0,3.987707520E-1,9.450896759E0
7.810502967E1,-8.540190582E0,3.191363525E-1,9.575587463E0
7.811500667E1,-8.534652100E0,4.230203247E-1,9.365125122E0
7.812498267E1,-8.125103760E0,5.631289673E-1,9.157806244E0
7.813495967E1,-8.081993408E0,5.914201355E-1,9.235794067E0
7.814493667E1,-8.250243530E0,5.496569824E-1,9.291029205E0
7.815491267E1,-8.297844543E0,4.526586914E-1,9.321865082E0
7.816488967E1,-8.393795013E0,4.668791199E-1,9.344168701E0
7.817486667E1,-8.336164856E0,6.201603699E-1,9.146429901E0
7.818484267E1,-8.098309479E0,7.366181946E-1,8.954229584E0
7.819481967E1,-8.026758270E0,6.968009949E-1,8.727750549E0
7.820479667E1,-7.940387878E0,6.435118103E-1,8.802295532E0
7.821477267E1,-8.070467377E0,5.192701721E-1,9.003477173E0
7.822474967E1,-8.401129761E0,4.927752686E-1,9.228309631E0
7.823472567E1,-7.993078308E0,6.604266357E-1,8.896449738E0
7.824470267E1,-7.757767639E0,7.810757446E-1,8.621920624E0
7.825467967E1,-7.705675964E0,5.526507568E-1,8.816366272E0
7.826465567E1,-7.766299896E0,4.754113770E-1,8.804241486E0
7.827463267E1,-7.892337799E0,5.303471375E-1,8.762029266E0
7.828460967E1,-7.812104645E0,6.647676086E-1,8.598419495E0
7.829458567E1,-7.661068726E0,7.943980408E-1,8.550968170E0
7.830456267E1,-7.458839264E0,7.126679993E-1,8.600515137E0
7.831453967E1,-7.247778168E0,6.249504089E-1,8.460406494E0
7.832451567E1,-7.448211365E0,6.727011108E-1,8.513096924E0
7.833449267E1,-7.708070984E0,6.173162842E-1,8.509953461E0
7.834446967E1,-7.666906586E0,6.738986206E-1,8.458310852E0
7.835444567E1,-7.201674042E0,7.858657837E-1,8.293054504E0
7.836442267E1,-7.086264038E0,9.698332214E-1,8.287066956E0
7.837439967E1,-7.254514160E0,8.840615845E-1,8.267457733E0
7.838437567E1,-7.470215607E0,7.791297913E-1,8.232729950E0
7.839435267E1,-7.296427002E0,8.158035278E-1,8.046217804E0
7.840432867E1,-7.082671509E0,9.849517822E-1,8.118966522E0
7.841430567E1,-7.057374115E0,1.056353302E0,8.027955780E0
7.842428267E1,-6.958130493E0,1.001716919E0,7.838749237E0
7.843425867E1,-6.846762085E0,1.005608826E0,7.765401764E0
7.844423567E1,-7.001240845E0,9.864486694E-1,7.872129822E0
7.845421267E1,-7.164251862E0,8.593629456E-1,7.983797607E0
7.846418867E1,-6.963968353E0,8.110134888E-1,7.887697449E0
7.847416567E1,-6.630910950E0,9.196875000E-1,7.748636627E0
7.848414267E1,-6.654561768E0,9.481283569E-1,7.733967133E0
7.849411867E1,-6.806645508E0,8.445437622E-1,7.671397247E0
7.850409567E1,-6.735094299E0,7.542814636E-1,7.620203705E0
7.851407267E1,-6.558012543E0,8.252339172E-1,7.590565338E0
7.852404867E1,-6.493945770E0,9.391470337E-1,7.526797943E0
7.853402567E1,-6.501280518E0,8.503816223E-1,7.483088837E0
7.854400267E1,-6.459068298E0,7.345225525E-1,7.387737122E0
7.855397867E1,-6.447093201E0,7.855664063E-1,7.306007080E0
7.856395567E1,-6.633605347E0,8.378077698E-1,7.407645721E0
7.857393267E1,-6.641239471E0,7.764353943E-1,7.351213074E0
7.858390867E1,-6.300098877E0,7.318281555E-1,7.149432678E0
7.859388567E1,-6.192622375E0,7.607180786E-1,7.025789795E0
7.860386167E1,-6.336473236E0,7.795788574E-1,6.966063995E0
7.861383867E1,-6.364764404E0,6.911128235E-1,7.025490417E0
7.862381567E1,-6.262377319E0,6.497987366E-1,6.991511078E0
7.863379167E1,-6.062542877E0,7.741900635E-1,6.866970062E0
7.864376867E1,-6.049370270E0,8.384065247E-1,6.726562042E0
7.865374567E1,-6.073320465E0,7.258406067E-1,6.694678345E0
7.866372167E1,-6.072721710E0,6.574328613E-1,6.677314453E0
7.867369867E1,-6.064788208E0,7.620652771E-1,6.688092041E0
7.868367538E1,-6.030060425E0,7.952961731E-1,6.676266632E0
7.869365138E1,-5.908213806E0,7.529342651E-1,6.567742310E0
7.870362837E1,-5.816005554E0,7.433541870E-1,6.445296936E0
7.871360538E1,-5.822142792E0,7.496411133E-1,6.416257324E0
7.872358138E1,-5.909561005E0,7.427554321E-1,6.454577637E0
7.873355837E1,-5.823190613E0,6.132746887E-1,6.423592072E0
7.874353537E1,-5.695206757E0,6.773414612E-1,6.340065765E0
7.875351138E1,-5.570366364E0,7.186555481E-1,6.231541443E0
7.876348838E1,-5.631888428E0,6.343807983E-1,6.191275177E0
7.877346537E1,-5.672304382E0,5.007087708E-1,6.175707550E0
7.878344138E1,-5.626649323E0,4.981640625E-1,6.211333466E0
7.879341838E1,-5.566923523E0,5.147795105E-1,6.223757629E0
7.880339537E1,-5.439089355E0,4.534071350E-1,6.157744904E0
7.881337137E1,-5.345384216E0,3.803590393E-1,6.089486847E0
7.882334838E1,-5.459297333E0,4.278103638E-1,6.027815094E0
7.883332438E1,-5.507646790E0,3.779640198E-1,6.045927429E0
7.884330137E1,-5.477110291E0,2.728825378E-1,6.071823578E0
7.885327837E1,-5.347928925E0,2.124082947E-1,6.025420074E0
7.886325438E1,-5.155878296E0,2.362088013E-1,5.995332642E0
7.887323138E1,-5.218148804E0,3.047662354E-1,5.959706726E0
7.888320837E1,-5.284460907E0,1.905537415E-1,5.915398865E0
7.889318438E1,-5.318589935E0,8.277786255E-2,5.943091278E0
7.890316138E1,-5.273833008E0,1.074765015E-1,5.982758789E0
7.891313837E1,-5.103636932E0,8.502319336E-2,5.948330383E0
7.892311437E1,-4.906646576E0,2.110610962E-2,5.898484039E0
7.893309138E1,-4.986730042E0,1.107696533E-2,5.846841431E0
7.894306838E1,-5.087320862E0,1.496887207E-3,5.860313416E0
7.895304437E1,-5.150190125E0,-3.966751099E-2,5.851481781E0
7.896302138E1,-4.996160431E0,-9.789642334E-2,5.771548004E0
7.897299838E1,-4.758305054E0,-1.811233521E-1,5.696553955E0
7.898297438E1,-4.776866455E0,-1.616638184E-1,5.664520569E0
7.899295137E1,-4.861889648E0,-1.673519897E-1,5.697302399E0
7.900292738E1,-4.893324280E0,-2.469863892E-1,5.704487457E0
7.901290438E1,-4.920118561E0,-3.486250305E-1,5.655988312E0
7.902288137E1,-4.785099335E0,-3.965254211E-1,5.652545471E0
7.903285737E1,-4.686304779E0,-3.769161987E-1,5.608387299E0
7.904283438E1,-4.687651978E0,-3.882925415E-1,5.538183289E0
7.905281138E1,-4.792434082E0,-4.424798584E-1,5.542075195E0
7.906278737E1,-4.940027161E0,-4.989125061E-1,5.567971344E0
7.907276438E1,-4.873715057E0,-5.402265930E-1,5.533842316E0
7.908274138E1,-4.681215363E0,-5.396278381E-1,5.394482117E0
7.909271737E1,-4.563110962E0,-5.581892395E-1,5.363496552E0
7.910269437E1,-4.671934662E0,-6.179150391E-1,5.447920990E0
7.911267138E1,-4.870571594E0,-6.668632507E-1,5.563181305E0
7.912264738E1,-4.889132996E0,-7.026388550E-1,5.493276672E0
7.913262437E1,-4.768184509E0,-7.599696350E-1,5.381309509E0
7.914260138E1,-4.687502289E0,-8.189469910E-1,5.381459198E0
7.915257738E1,-4.646188202E0,-8.815168762E-1,5.438939667E0
7.916255438E1,-4.711153107E0,-8.976832581E-1,5.463039551E0
7.917253137E1,-4.856351166E0,-9.023236084E-1,5.480253754E0
7.918250738E1,-4.899311829E0,-9.755213928E-1,5.403463440E0
7.919248438E1,-4.769232330E0,-9.809101868E-1,5.314248962E0
7.920246137E1,-4.584067383E0,-1.032852173E0,5.275030518E0
7.921243737E1,-4.635560303E0,-1.082399139E0,5.342091064E0
7.922241438E1,-4.833598480E0,-1.116079102E0,5.398823090E0
7.923239038E1,-4.863536224E0,-1.214723969E0,5.426365814E0
7.924236737E1,-4.892426147E0,-1.316661987E0,5.346132660E0
7.925234438E1,-4.884492645E0,-1.299747162E0,5.232069855E0
7.926232038E1,-4.719984741E0,-1.385668488E0,5.254822540E0
7.927229737E1,-4.843178558E0,-1.460512848E0,5.344336395E0
7.928227437E1,-5.074597321E0,-1.514550476E0,5.420228577E0
7.929225038E1,-5.097649384E0,-1.515897675E0,5.338648224E0
7.930222738E1,-4.986580353E0,-1.501377869E0,5.185516663E0
7.931220437E1,-4.858746185E0,-1.560654602E0,5.172344055E0
7.932218037E1,-4.889731750E0,-1.617985382E0,5.305417328E0
7.933215738E1,-5.009632416E0,-1.648970947E0,5.384452972E0
7.934213438E1,-5.161416779E0,-1.699266357E0,5.379962311E0
7.935211037E1,-5.211263123E0,-1.815873871E0,5.399122467E0
7.936208738E1,-5.095404053E0,-1.902693329E0,5.352120209E0
7.937206438E1,-4.918621674E0,-1.915566559E0,5.254972229E0
7.938204037E1,-4.970563660E0,-1.932930450E0,5.378914490E0
7.939201737E1,-5.131778412E0,-2.122436371E0,5.576802979E0
7.940199438E1,-5.266797638E0,-2.144889679E0,5.642216949E0
7.941197038E1,-5.176235962E0,-1.998793488E0,5.464237061E0
7.942194737E1,-5.109923859E0,-1.891466675E0,5.322481842E0
7.943192438E1,-5.010979614E0,-2.031725006E0,5.388195190E0
7.944190038E1,-5.034630432E0,-2.172582092E0,5.514233093E0
7.945187738E1,-5.324427795E0,-2.095043335E0,5.623056793E0
7.946185337E1,-5.474715271E0,-2.164798279E0,5.694608002E0
7.947183038E1,-5.410947876E0,-2.299967194E0,5.665418701E0
7.948180738E1,-5.228477325E0,-2.292183380E0,5.474565582E0
7.949178337E1,-5.154231720E0,-2.295626221E0,5.569468231E0
7.950176037E1,-5.415737915E0,-2.483036499E0,5.822442169E0
7.951173738E1,-5.623206482E0,-2.705473938E0,5.865851898E0
7.952171338E1,-5.639522552E0,-2.601589966E0,5.728587341E0
7.953169037E1,-5.632786560E0,-2.360441437E0,5.614524536E0
7.954166738E1,-5.425916748E0,-2.488724670E0,5.594017181E0
7.955164338E1,-5.400170288E0,-2.694696350E0,5.729934540E0
7.956162037E1,-5.655539246E0,-2.686313782E0,5.812113647E0
7.957159737E1,-5.931864624E0,-2.615361328E0,5.949827271E0
7.958157338E1,-6.085295563E0,-2.701881409E0,5.973178711E0
7.959155038E1,-5.917494507E0,-2.734064484E0,5.829178162E0
7.960152737E1,-5.661676483E0,-2.680625610E0,5.744454346E0
7.961150337E1,-5.798042908E0,-2.701282654E0,5.987548828E0
7.962148038E1,-6.061345367E0,-2.947221222E0,6.325845337E0
7.963145738E1,-6.280339966E0,-2.986439667E0,6.356830902E0
7.964143337E1,-6.218368835E0,-2.744093628E0,6.076912994E0
7.965141038E1,-6.007906494E0,-2.658321991E0,5.995332642E0
7.966138738E1,-5.898034973E0,-2.917732544E0,6.259682922E0
7.967136337E1,-6.049519958E0,-3.108136597E0,6.516548767E0
7.968134037E1,-6.423292694E0,-2.903063049E0,6.627318420E0
7.969131638E1,-6.671626282E0,-2.851719818E0,6.618786163E0
7.970129338E1,-6.443800049E0,-3.034938812E0,6.466552734E0
7.971127037E1,-6.091881866E0,-2.990930328E0,6.328689423E0
7.972124638E1,-6.068380737E0,-2.951861572E0,6.493796082E0
7.973122338E1,-6.451434174E0,-3.162922668E0,6.904092865E0
7.974120037E1,-6.797813873E0,-3.350632324E0,7.054679718E0
7.975117637E1,-6.730753326E0,-3.189267883E0,6.845414886E0
7.976115338E1,-6.486760712E0,-2.888243866E0,6.560257874E0
7.977113038E1,-6.223009186E0,-3.049458618E0,6.575526123E0
7.978110637E1,-6.446494446E0,-3.316054230E0,6.982529755E0
7.979108337E1,-6.845863953E0,-3.270099792E0,7.256160736E0
7.980106038E1,-7.136709137E0,-3.137475586E0,7.263345795E0
7.981103638E1,-7.107669525E0,-3.191213837E0,7.122788086E0
7.982101337E1,-6.663543091E0,-3.275338898E0,6.972799988E0
7.983099038E1,-6.454727325E0,-3.232976990E0,6.975195007E0
7.984096638E1,-6.675368500E0,-3.192411346E0,7.062613220E0
7.985094337E1,-7.038513336E0,-3.405268707E0,7.252867584E0
7.986092037E1,-7.287894745E0,-3.520229645E0,7.369774475E0
7.987089638E1,-7.247478790E0,-3.325933685E0,7.266189880E0
7.988087338E1,-7.034322052E0,-3.244652710E0,7.022646332E0
7.989085037E1,-7.062014465E0,-3.403173065E0,7.081623688E0
7.990082638E1,-7.316185913E0,-3.559897156E0,7.447911987E0
7.991080338E1,-7.724836121E0,-3.576213226E0,7.729027405E0
7.992078038E1,-8.056246948E0,-3.529510345E0,7.705526276E0
7.993075637E1,-7.844587097E0,-3.529959412E0,7.405101013E0
7.994073338E1,-7.508086853E0,-3.501668243E0,7.315437469E0
7.995071038E1,-7.555388489E0,-3.460204468E0,7.595954132E0
7.996068637E1,-7.795788574E0,-3.511847076E0,7.823181610E0
7.997066337E1,-8.094417572E0,-3.620221710E0,7.942782898E0
7.998063938E1,-8.246651001E0,-3.529660034E0,7.943082275E0
7.999061638E1,-7.957602081E0,-3.388503571E0,7.812553711E0
8.000059337E1,-7.607480164E0,-3.414549408E0,7.732170868E0
8.001056938E1,-7.702682190E0,-3.542682953E0,8.011789398E0
8.002054638E1,-8.063282318E0,-3.639381866E0,8.393795013E0
8.003052337E1,-8.348139954E0,-3.608096924E0,8.580606537E0
8.004049937E1,-8.268056488E0,-3.560046844E0,8.441845093E0
8.005047638E1,-7.868686981E0,-3.499722290E0,8.140372009E0
8.006045338E1,-7.729027405E0,-3.516936493E0,8.171357574E0
8.007042937E1,-7.983498230E0,-3.648213501E0,8.564889221E0
8.008040637E1,-8.356522522E0,-3.690276031E0,8.850195923E0
8.009038338E1,-8.619824982E0,-3.610042877E0,8.861572266E0
8.010035938E1,-8.467741241E0,-3.462749176E0,8.586294708E0
8.011033637E1,-8.088579712E0,-3.453917542E0,8.260721741E0
8.012031338E1,-8.069868622E0,-3.502117310E0,8.397088165E0
8.013028938E1,-8.478369141E0,-3.528911591E0,8.907975769E0
8.014026637E1,-8.802445221E0,-3.588338013E0,9.218579865E0
8.015024337E1,-8.964558105E0,-3.497327271E0,9.201066284E0
8.016021938E1,-8.735234985E0,-3.358865204E0,8.873846741E0
8.017019638E1,-8.396639099E0,-3.278482361E0,8.723708954E0
8.018017337E1,-8.536598053E0,-3.374432831E0,9.014703827E0
8.019014938E1,-8.871451721E0,-3.479065247E0,9.545050964E0
8.020012638E1,-9.103469238E0,-3.431763611E0,9.823921051E0
8.021010337E1,-9.152267761E0,-3.255729675E0,9.561367035E0
8.022007937E1,-8.772657166E0,-3.204087067E0,9.223519592E0
8.023005638E1,-8.531059570E0,-3.293151855E0,9.252409515E0
8.024003338E1,-8.728349304E0,-3.314707031E0,9.711055756E0
8.025000937E1,-9.055119781E0,-3.370091858E0,1.015129028E1
8.025998637E1,-9.282946014E0,-3.388952637E0,1.028840515E1
8.026996238E1,-9.232201538E0,-3.200793915E0,9.919721832E0
8.027993938E1,-8.795559540E0,-3.118315430E0,9.738149414E0
8.028991637E1,-8.637488251E0,-3.186274109E0,9.921518097E0
8.029989238E1,-9.027726746E0,-3.344345398E0,1.035666321E1
8.030986938E1,-9.419013062E0,-3.391946411E0,1.065484314E1
8.031984637E1,-9.487420807E0,-3.147355042E0,1.044243484E1
8.032982237E1,-9.078321533E0,-3.101999359E0,1.018302429E1
8.033979938E1,-8.779842224E0,-3.247496796E0,9.980794830E0
8.034977638E1,-8.879534912E0,-3.285667419E0,1.025128235E1
8.035975237E1,-9.319320374E0,-3.242706757E0,1.079809525E1
8.036972938E1,-9.683063965E0,-3.215313721E0,1.088850723E1
8.037970638E1,-9.773176575E0,-3.081791382E0,1.064406555E1
8.038968238E1,-9.419911194E0,-3.030298462E0,1.038091278E1
8.039965937E1,-9.030271454E0,-3.050506439E0,1.037612274E1
8.040963638E1,-9.283993835E0,-3.121758270E0,1.073253159E1
8.041961238E1,-9.699529724E0,-3.092119904E0,1.091530151E1
8.042958937E1,-9.943672028E0,-3.009342041E0,1.087129303E1
8.043956637E1,-9.965376892E0,-2.883753204E0,1.075693085E1
8.044954238E1,-9.678872681E0,-2.820584564E0,1.061846878E1
8.045951938E1,-9.510622559E0,-2.976560211E0,1.071142548E1
8.046949637E1,-9.967322845E0,-3.011138306E0,1.122874969E1
8.047947238E1,-1.028466293E1,-2.952909393E0,1.161120438E1
8.048944938E1,-1.043689636E1,-2.871628418E0,1.173739197E1
8.049942637E1,-1.029199768E1,-2.631976776E0,1.158426041E1
8.050940237E1,-9.816885681E0,-2.592159576E0,1.145043869E1
8.051937938E1,-9.742490387E0,-2.693049774E0,1.178619049E1
8.052935538E1,-9.948611755E0,-2.561772766E0,1.213900681E1
8.053933237E1,-1.007375153E1,-2.453697510E0,1.229513214E1
8.054930937E1,-1.019455032E1,-2.406695251E0,1.219888229E1
8.055928538E1,-9.844578094E0,-2.375559998E0,1.201087326E1
8.056926238E1,-9.533674622E0,-2.412832489E0,1.203617065E1
8.057923937E1,-9.721833344E0,-2.373763733E0,1.222777222E1
8.058921538E1,-9.847571869E0,-2.312840424E0,1.240410553E1
8.059919238E1,-1.001342697E1,-2.318229218E0,1.250813919E1
8.060916937E1,-9.918075256E0,-2.124831390E0,1.230635880E1
8.061914537E1,-9.598190460E0,-2.131417694E0,1.213107330E1
8.062912238E1,-9.696835327E0,-2.394121399E0,1.231474136E1
8.063909938E1,-9.918823700E0,-2.319726105E0,1.265243912E1
8.064907537E1,-1.012629227E1,-2.117796021E0,1.280766632E1
8.065905238E1,-1.037223083E1,-2.103874969E0,1.267249741E1
8.066902938E1,-1.028496231E1,-2.039957886E0,1.247954865E1
8.067900538E1,-1.006566833E1,-1.966011658E0,1.244646744E1
8.068898217E1,-1.009545639E1,-1.956730957E0,1.249317032E1
8.069895917E1,-1.034259247E1,-1.966460724E0,1.257849289E1
8.070893517E1,-1.057356216E1,-1.977238312E0,1.260648468E1
8.071891217E1,-1.058748322E1,-1.813927917E0,1.252101242E1
8.072888917E1,-1.044991928E1,-1.672172699E0,1.241039246E1
8.073886517E1,-1.031475037E1,-1.777553558E0,1.239617203E1
8.074884217E1,-1.038465500E1,-1.867666168E0,1.263402740E1
8.075881917E1,-1.053015244E1,-1.787582703E0,1.281634827E1
8.076879517E1,-1.063508423E1,-1.717977448E0,1.285451889E1
8.077877217E1,-1.065634003E1,-1.779948578E0,1.284404068E1
8.078874917E1,-1.044602737E1,-1.667831726E0,1.271171585E1
8.079872517E1,-1.013078293E1,-1.554966431E0,1.275183243E1
8.080870217E1,-1.037537430E1,-1.579216003E0,1.300929703E1
8.081867817E1,-1.056278458E1,-1.514101410E0,1.305300613E1
8.082865517E1,-1.055859329E1,-1.349892883E0,1.298190399E1
8.083863217E1,-1.052670959E1,-1.137035522E0,1.292831543E1
8.084860817E1,-1.029693741E1,-1.082399139E0,1.290421555E1
8.085858517E1,-1.033705399E1,-1.315464478E0,1.309432022E1
8.086856217E1,-1.053569092E1,-1.289268951E0,1.315374664E1
8.087853817E1,-1.064466431E1,-1.010997620E0,1.309521835E1
8.088851517E1,-1.075438614E1,-1.017883301E0,1.309177551E1
8.089849217E1,-1.060843964E1,-1.016985168E0,1.273491760E1
8.090846817E1,-1.021056702E1,-9.536668396E-1,1.264899628E1
8.091844517E1,-1.034483780E1,-9.834548950E-1,1.299058594E1
8.092842217E1,-1.068942123E1,-9.848020935E-1,1.313862808E1
8.093839817E1,-1.081051941E1,-9.211843872E-1,1.304851547E1
8.094837517E1,-1.068208649E1,-7.399113464E-1,1.286799088E1
8.095835217E1,-1.044198578E1,-6.517446899E-1,1.284344193E1
8.096832817E1,-1.050126251E1,-8.346643066E-1,1.301393738E1
8.097830517E1,-1.069960007E1,-8.427474976E-1,1.314177155E1
8.098828217E1,-1.080722626E1,-6.014492798E-1,1.311363007E1
8.099825817E1,-1.091784622E1,-5.001100159E-1,1.308084824E1
8.100823517E1,-1.084764221E1,-5.393284607E-1,1.294118866E1
8.101821217E1,-1.062131287E1,-4.484674072E-1,1.271755371E1
8.102818817E1,-1.050126251E1,-2.881507874E-1,1.277204041E1
8.103816517E1,-1.067639832E1,-3.381468201E-1,1.290197021E1
8.104814217E1,-1.083551743E1,-3.487747192E-1,1.279479309E1
8.105811817E1,-1.077130096E1,-1.916015625E-1,1.276949570E1
8.106809517E1,-1.065589096E1,-3.098556519E-2,1.272428970E1
8.107807217E1,-1.058374100E1,-8.158035278E-2,1.274704239E1
8.108804817E1,-1.060993652E1,-3.107537842E-1,1.298579590E1
8.109802517E1,-1.068073929E1,-2.290237427E-1,1.302965469E1
8.110800117E1,-1.074794952E1,-5.598358154E-2,1.301528458E1
8.111797817E1,-1.074211166E1,-4.086502075E-2,1.288041504E1
8.112795517E1,-1.056248520E1,5.538482666E-3,1.277233978E1
8.113793117E1,-1.030531998E1,1.023870850E-1,1.270797363E1
8.114790817E1,-1.034289185E1,9.445358276E-2,1.276111313E1
8.115788517E1,-1.047850983E1,7.798782349E-2,1.268537064E1
8.116786117E1,-1.043031006E1,1.350192261E-1,1.251517456E1
8.117783817E1,-1.029963181E1,2.401007080E-1,1.252295837E1
8.118781517E1,-1.020697449E1,1.836680603E-1,1.264226028E1
8.119779117E1,-1.031729507E1,3.906875610E-2,1.267998184E1
8.120776817E1,-1.037372772E1,1.420545959E-1,1.260962814E1
8.121774517E1,-1.025517426E1,3.412902832E-1,1.242760666E1
8.122772117E1,-1.027867538E1,4.620890808E-1,1.229168930E1
8.123769817E1,-1.027448410E1,4.227209473E-1,1.227701981E1
8.124767517E1,-1.025008484E1,5.113366699E-1,1.234767288E1
8.125765117E1,-1.020727386E1,5.977070618E-1,1.241054214E1
8.126762817E1,-1.030696655E1,6.056405640E-1,1.236518646E1
8.127760517E1,-1.027418472E1,6.197113037E-1,1.225995529E1
8.128758117E1,-1.012000534E1,7.235952759E-1,1.225935654E1
8.129755817E1,-1.002061203E1,8.068222046E-1,1.228659988E1
8.130753517E1,-1.002615051E1,8.726852417E-1,1.204320602E1
8.131751117E1,-1.002225861E1,8.343649292E-1,1.196970886E1
8.132748817E1,-9.926906891E0,8.463400269E-1,1.189486450E1
8.133746517E1,-9.836345215E0,1.101559296E0,1.178424454E1
8.134744117E1,-9.793683929E0,1.243314514E0,1.178469360E1
8.135741817E1,-9.796528015E0,1.179696808E0,1.188453598E1
8.136739517E1,-9.836494904E0,1.073717194E0,1.192540100E1
8.137737117E1,-9.791438599E0,1.091829529E0,1.188827820E1
8.138734817E1,-9.722282410E0,1.237626343E0,1.187286026E1
8.139732517E1,-9.684261475E0,1.267713776E0,1.175730057E1
8.140730117E1,-9.586814117E0,1.343156891E0,1.161120438E1
8.141727817E1,-9.526040497E0,1.495090942E0,1.142184814E1
8.142725517E1,-9.613758087E0,1.525926819E0,1.134206406E1
8.143723117E1,-9.608069916E0,1.344204712E0,1.135583542E1
8.144720817E1,-9.514065399E0,1.308878174E0,1.138472534E1
8.145718417E1,-9.431137848E0,1.521585846E0,1.135942795E1
8.146716117E1,-9.504335632E0,1.709145813E0,1.110271179E1
8.147713817E1,-9.437424774E0,1.613045654E0,1.094254486E1
8.148711417E1,-9.392069092E0,1.440304871E0,1.104717728E1
8.149709117E1,-9.446256409E0,1.573527832E0,1.110450806E1
8.150706817E1,-9.366771698E0,1.748813324E0,1.102008362E1
8.151704417E1,-9.273515625E0,1.731898499E0,1.088401657E1
8.152702117E1,-9.199868774E0,1.796863403E0,1.071052734E1
8.153699817E1,-9.175918579E0,1.902393951E0,1.061517563E1
8.154697417E1,-9.210796051E0,1.817370758E0,1.066801575E1
8.155695117E1,-9.141639862E0,1.744622040E0,1.066562073E1
8.156692817E1,-8.915759583E0,1.840123444E0,1.061008621E1
8.157690417E1,-8.842861176E0,2.026336212E0,1.052655991E1
8.158688117E1,-8.793164520E0,2.004930725E0,1.041189835E1
8.159685817E1,-8.804391174E0,1.859133911E0,1.037028488E1
8.160683417E1,-8.806037750E0,1.857038269E0,1.025861710E1
8.161681117E1,-8.705297241E0,2.035317535E0,1.021655457E1
8.162678817E1,-8.669371948E0,2.124232635E0,1.012734009E1
8.163676417E1,-8.450676727E0,2.125280457E0,1.000010468E1
8.164674117E1,-8.380472717E0,2.123933258E0,9.929451599E0
8.165671817E1,-8.591084747E0,2.133962402E0,9.952503662E0
8.166669417E1,-8.539591827E0,2.122436371E0,9.998308411E0
8.167667117E1,-8.403973846E0,2.129322052E0,9.878707123E0
8.168664975E1,-8.277187500E0,2.185155945E0,9.770781555E0
8.169662575E1,-8.031997375E0,2.293979645E0,9.520502014E0
8.170660275E1,-8.086783447E0,2.363884277E0,9.345665588E0
8.171657975E1,-8.108488312E0,2.265239410E0,9.299711151E0
8.172655575E1,-7.982300720E0,2.310744781E0,9.347312164E0
8.173653275E1,-7.971223755E0,2.362537079E0,9.415420532E0
8.174650975E1,-7.799231415E0,2.389481049E0,9.346563721E0
8.175648575E1,-7.572902069E0,2.413431244E0,9.357041931E0
8.176646275E1,-7.651189270E0,2.434537354E0,9.343420258E0
8.177643975E1,-7.725285187E0,2.397713928E0,9.261241150E0
8.178641575E1,-7.541916504E0,2.334245911E0,9.285640411E0
8.179639275E1,-7.429200897E0,2.516866150E0,8.989256744E0
8.180636975E1,-7.287445679E0,2.755170593E0,8.705446930E0
8.181634575E1,-7.092850342E0,2.772235107E0,8.530460815E0
8.182632275E1,-6.990912323E0,2.561922455E0,8.743467865E0
8.183629975E1,-6.891069946E0,2.438429260E0,8.856482849E0
8.184627575E1,-7.023245087E0,2.593207397E0,8.607700195E0
8.185625275E1,-6.881340179E0,2.672243042E0,8.550668793E0
8.186622975E1,-6.661597137E0,2.626887360E0,8.554560699E0
8.187620575E1,-6.754404144E0,2.597398682E0,8.429869995E0
8.188618275E1,-6.753506012E0,2.497406616E0,8.448880463E0
8.189615975E1,-6.800059204E0,2.544708252E0,8.358917542E0
8.190613575E1,-6.654861145E0,2.634521484E0,8.285270691E0
8.191611275E1,-6.429280243E0,2.730471954E0,8.080646210E0
8.192608975E1,-6.331234131E0,2.741399231E0,7.905959473E0
8.193606575E1,-6.271208954E0,2.616259460E0,8.035889282E0
8.194604275E1,-6.434669037E0,2.629731445E0,7.899073792E0
8.195601975E1,-6.422544250E0,2.841690674E0,7.732470245E0
8.196599575E1,-6.279292145E0,2.859653320E0,7.643854523E0
8.197597275E1,-6.178252258E0,2.766696625E0,7.607180786E0
8.198594875E1,-5.945186920E0,2.584076385E0,7.664960632E0
8.199592575E1,-6.114634552E0,2.673141174E0,7.542515259E0
8.200590275E1,-6.149362335E0,2.786455536E0,7.421117706E0
8.201587975E1,-5.972130890E0,2.731968842E0,7.335046692E0
8.202585575E1,-5.748346252E0,2.681673431E0,7.267986145E0
8.203583275E1,-5.619763641E0,2.674787750E0,7.160809021E0
8.204580875E1,-5.550607452E0,2.516417084E0,7.131320343E0
8.205578575E1,-5.673202515E0,2.446213074E0,7.078629913E0
8.206576275E1,-5.564528503E0,2.474204865E0,7.036717072E0
8.207573875E1,-5.474715271E0,2.581232300E0,7.030729523E0
8.208571575E1,-5.289101257E0,2.502196655E0,6.881489868E0
8.209569275E1,-5.077591095E0,2.451152802E0,6.776707764E0
8.210566875E1,-5.067412262E0,2.478545837E0,6.732100525E0
8.211564575E1,-5.263953552E0,2.594704285E0,6.666985931E0
8.212562275E1,-5.244194641E0,2.649939423E0,6.531367950E0
8.213559875E1,-5.047054596E0,2.570454712E0,6.426885223E0
8.214557575E1,-4.953948212E0,2.536475372E0,6.281687164E0
8.215555275E1,-4.875361633E0,2.450853424E0,6.200855255E0
8.216552875E1,-4.916376343E0,2.390379181E0,6.171965332E0
8.217550575E1,-5.004393311E0,2.363135834E0,6.117478638E0
8.218548275E1,-4.962779846E0,2.360591125E0,6.059998169E0
8.219545875E1,-4.826114044E0,2.366878052E0,5.961502991E0
8.220543575E1,-4.632716217E0,2.248174896E0,5.861660614E0
8.221541275E1,-4.527485046E0,2.094294891E0,5.815406799E0
8.222538875E1,-4.677772522E0,2.135309601E0,5.752387848E0
8.223536575E1,-4.678071899E0,2.160008240E0,5.729036407E0
8.224534275E1,-4.488116913E0,2.103276215E0,5.682632904E0
8.225531875E1,-4.327949982E0,2.007924500E0,5.591173096E0
8.226529575E1,-4.278253326E0,1.919009399E0,5.503455505E0
8.227527275E1,-4.344116364E0,1.896406403E0,5.443280640E0
8.228524875E1,-4.330345001E0,1.793420563E0,5.424270172E0
8.229522575E1,-4.290378113E0,1.820065155E0,5.339097290E0
8.230520275E1,-4.078568573E0,1.732347565E0,5.261857910E0
8.231517875E1,-3.938010864E0,1.620979156E0,5.163512421E0
8.232515575E1,-3.842958527E0,1.537752228E0,5.107678528E0
8.233513275E1,-3.816763000E0,1.470991058E0,5.100194092E0
8.234510875E1,-3.915258179E0,1.468745728E0,5.071453857E0
8.235508575E1,-3.914210358E0,1.514550476E0,4.971312103E0
8.236506275E1,-3.712579651E0,1.514700165E0,4.842430115E0
8.237503875E1,-3.525917816E0,1.444047089E0,4.769681396E0
8.238501575E1,-3.509302368E0,1.236279144E0,4.734205170E0
8.239499275E1,-3.649261322E0,1.190624084E0,4.695136414E0
8.240496875E1,-3.750600586E0,1.266067200E0,4.694986725E0
8.241494575E1,-3.724405060E0,1.252295837E0,4.659360809E0
8.242492275E1,-3.542682953E0,1.110989685E0,4.562063141E0
8.243489875E1,-3.369044037E0,9.319619751E-1,4.466711426E0
8.244487575E1,-3.334615631E0,8.458909607E-1,4.457730103E0
8.245485275E1,-3.422632599E0,8.041278076E-1,4.506229248E0
8.246482875E1,-3.538042603E0,8.294252014E-1,4.553530884E0
8.247480575E1,-3.511248322E0,8.391549683E-1,4.465962982E0
8.248478275E1,-3.282074890E0,7.334747314E-1,4.360282745E0
8.249475875E1,-3.198548584E0,6.131250000E-1,4.307442627E0
8.250473575E1,-3.225492554E0,4.537065125E-1,4.242028656E0
8.251471275E1,-3.251239014E0,3.703298950E-1,4.310137024E0
8.252468875E1,-3.438948669E0,4.567002869E-1,4.382436676E0
8.253466575E1,-3.470383301E0,4.011657715E-1,4.340972900E0
8.254464275E1,-3.248095551E0,2.311193848E-1,4.214785309E0
8.255461875E1,-3.073408813E0,1.092727661E-1,4.072131958E0
8.256459575E1,-2.985092468E0,-3.143463135E-3,4.094734955E0
8.257457275E1,-3.028352509E0,-1.124162292E-1,4.190835114E0
8.258454875E1,-3.195255432E0,-1.565744019E-1,4.214635620E0
8.259452575E1,-3.334016876E0,-1.067280579E-1,4.171076202E0
8.260450275E1,-3.226390686E0,-2.128573608E-1,4.120331726E0
8.261447875E1,-3.095712433E0,-4.695735168E-1,4.032464447E0
8.262445575E1,-3.006647644E0,-7.065307617E-1,4.029919739E0
8.263443275E1,-3.076851654E0,-6.436614990E-1,4.085603943E0
8.264440875E1,-3.272195435E0,-4.620890808E-1,4.054768066E0
8.265438575E1,-3.283871155E0,-4.845423889E-1,3.963457947E0
8.266436275E1,-3.154390411E0,-6.038442993E-1,3.880231018E0
8.267433875E1,-3.016078033E0,-8.517288208E-1,3.875440979E0
8.268431442E1,-2.854863281E0,-1.123413849E0,4.049379272E0
8.269429142E1,-3.084485779E0,-1.060095520E0,4.129013672E0
8.270426742E1,-3.448229370E0,-1.078656921E0,4.129313049E0
8.271424442E1,-3.344794464E0,-1.264720001E0,4.053869934E0
8.272422142E1,-3.225193176E0,-1.565145264E0,4.033512268E0
8.273419742E1,-3.335813141E0,-1.832938385E0,4.108805695E0
8.274417442E1,-3.307971039E0,-1.887425079E0,4.200115814E0
8.275415142E1,-3.188818817E0,-1.748064880E0,4.072281647E0
8.276412742E1,-3.102897491E0,-1.657652893E0,3.849544830E0
8.277410442E1,-3.069367218E0,-1.648072815E0,3.792513428E0
8.278408142E1,-2.905308380E0,-1.890568542E0,3.860472107E0
8.279405742E1,-2.898273010E0,-2.056423645E0,3.843706970E0
8.280403442E1,-2.942131805E0,-1.952240295E0,3.841761017E0
8.281401142E1,-2.955603790E0,-1.962868195E0,3.811224518E0
8.282398742E1,-2.975961456E0,-2.099833374E0,3.738326111E0
8.283396442E1,-3.100652161E0,-2.326761475E0,3.804937592E0
8.284394142E1,-3.328029327E0,-2.445015564E0,4.011208649E0
8.285391742E1,-3.486699371E0,-2.456391907E0,4.130959625E0
8.286389442E1,-3.520079956E0,-2.488874359E0,4.018543396E0
8.287387142E1,-3.640279999E0,-2.518213348E0,3.899391174E0
8.288384742E1,-3.781137085E0,-2.543361053E0,3.907174988E0
8.289382442E1,-3.776197357E0,-2.752176819E0,4.066144409E0
8.290380142E1,-3.926035767E0,-2.831362152E0,4.216731262E0
8.291377742E1,-4.005370789E0,-2.724484406E0,4.123175812E0
8.292375442E1,-4.000580750E0,-2.560126190E0,3.959116974E0
8.293373142E1,-3.949536896E0,-2.657573547E0,3.863765259E0
8.294370742E1,-3.941753082E0,-2.932851105E0,4.007316742E0
8.295368442E1,-4.027075653E0,-2.980901184E0,4.196074219E0
8.296366142E1,-4.132905579E0,-2.791994019E0,4.165986786E0
8.297363742E1,-4.144132233E0,-2.789449310E0,4.045487366E0
8.298361442E1,-4.120182037E0,-2.968327332E0,4.065845032E0
8.299359142E1,-4.126169586E0,-3.131488037E0,4.243824921E0
8.300356742E1,-4.167333984E0,-3.320844269E0,4.480632477E0
8.301354442E1,-4.250261536E0,-3.478017426E0,4.622088318E0
8.302352142E1,-4.319268036E0,-3.495381317E0,4.567302246E0
8.303349742E1,-4.355343018E0,-3.410657501E0,4.528981934E0
8.304347442E1,-4.358486481E0,-3.473077698E0,4.534370728E0
8.305345142E1,-4.327949982E0,-3.672163696E0,4.631518707E0
8.306342742E1,-4.392615509E0,-3.757935333E0,4.728666687E0
8.307340442E1,-4.538562012E0,-3.572471008E0,4.628674622E0
8.308338142E1,-4.525090027E0,-3.492537231E0,4.443659363E0
8.309335742E1,-4.476890259E0,-3.570225677E0,4.385280762E0
8.310333442E1,-4.544699249E0,-3.642076263E0,4.432283020E0
8.311331142E1,-4.690046997E0,-3.727997589E0,4.533322906E0
8.312328742E1,-4.873864746E0,-3.834575958E0,4.607718201E0
8.313326442E1,-5.055586853E0,-3.894002380E0,4.597239990E0
8.314324142E1,-5.213209076E0,-3.875890045E0,4.488416290E0
8.315321742E1,-5.298831024E0,-3.870351563E0,4.346212006E0
8.316319442E1,-5.291196899E0,-4.061354370E0,4.423152008E0
8.317317142E1,-5.465733948E0,-4.224365387E0,4.684209137E0
8.318314742E1,-5.760770416E0,-4.108656006E0,4.811294861E0
8.319312442E1,-5.912554779E0,-3.919898529E0,4.634662170E0
8.320310142E1,-5.870941315E0,-3.977977753E0,4.470902710E0
8.321307742E1,-5.914800110E0,-4.064198456E0,4.611610107E0
8.322305442E1,-5.916147308E0,-4.194727020E0,4.867278442E0
8.323303142E1,-6.107748871E0,-4.298012238E0,5.105433197E0
8.324300742E1,-6.470594330E0,-4.237088928E0,5.204976196E0
8.325298442E1,-6.589297485E0,-4.209845581E0,5.135820007E0
8.326296142E1,-6.516099701E0,-4.154161377E0,5.123545532E0
8.327293742E1,-6.206244049E0,-4.213138733E0,5.134173431E0
8.328291442E1,-5.862708435E0,-4.428840179E0,5.278922424E0
8.329289142E1,-6.018684082E0,-4.393962708E0,5.507048035E0
8.330286742E1,-6.265969849E0,-4.132306824E0,5.447022858E0
8.331284442E1,-6.301146698E0,-4.121678925E0,5.242098999E0
8.332282142E1,-6.466403046E0,-4.130809937E0,5.187612305E0
8.333279742E1,-6.677015076E0,-4.190236359E0,5.325625305E0
8.334277442E1,-6.861431580E0,-4.443659363E0,5.576653290E0
8.335275142E1,-7.284900970E0,-4.545298004E0,5.702092438E0
8.336272742E1,-7.590715027E0,-4.448748779E0,5.666167145E0
8.337270442E1,-7.544760590E0,-4.423451385E0,5.473517761E0
8.338268142E1,-7.552544403E0,-4.433031464E0,5.296735382E0
8.339265742E1,-7.651937714E0,-4.486470337E0,5.447771301E0
8.340263442E1,-8.005502472E0,-4.663552094E0,5.874683533E0
8.341261142E1,-8.591234436E0,-4.621938629E0,5.933062134E0
8.342258742E1,-8.635392609E0,-4.551135864E0,5.652994537E0
8.343256442E1,-8.513096924E0,-4.559967499E0,5.446873169E0
8.344254142E1,-8.575966187E0,-4.576283569E0,5.558391266E0
8.345251742E1,-8.600814514E0,-4.775369568E0,5.880072327E0
8.346249442E1,-8.826994171E0,-4.781506805E0,6.279591522E0
8.347247142E1,-8.957373047E0,-4.636009369E0,6.390211487E0
8.348244742E1,-8.723110199E0,-4.745132446E0,6.210135956E0
8.349242442E1,-8.475525055E0,-4.924160156E0,6.106102295E0
8.350240142E1,-8.462502136E0,-4.882397003E0,6.366860046E0
8.351237742E1,-8.632997589E0,-5.054688721E0,6.823111267E0
8.352235442E1,-8.990603943E0,-5.125192108E0,7.067552948E0
8.353233142E1,-9.072932739E0,-5.023403778E0,7.009024658E0
8.354230742E1,-8.886869659E0,-4.963378601E0,6.837481384E0
8.355228442E1,-8.704249420E0,-5.056185608E0,6.963369598E0
8.356226142E1,-8.834628296E0,-5.162913666E0,7.369026031E0
8.357223742E1,-9.191635895E0,-5.168302460E0,7.700436859E0
8.358221442E1,-9.434131622E0,-5.075046387E0,7.688162384E0
8.359219142E1,-9.385183411E0,-4.861141205E0,7.449857941E0
8.360216742E1,-9.052874451E0,-4.789140930E0,7.238796844E0
8.361214442E1,-8.981023865E0,-4.738396454E0,7.289691010E0
8.362212142E1,-9.140142975E0,-4.843328247E0,7.698341217E0
8.363209742E1,-9.460177460E0,-5.083578644E0,8.126600647E0
8.364207442E1,-9.712552643E0,-4.933291168E0,8.199798431E0
8.365205142E1,-9.516460419E0,-4.792284393E0,7.971523132E0
8.366202742E1,-9.367669830E0,-4.837640076E0,7.956105194E0
8.367200442E1,-9.420210571E0,-4.895419922E0,8.143216095E0
8.368198142E1,-9.632469177E0,-5.063520355E0,8.537795563E0
8.369195838E1,-9.997709656E0,-5.131928101E0,8.872050476E0
8.370193438E1,-1.004351440E1,-4.952451324E0,8.732839966E0
8.371191137E1,-9.735155640E0,-4.863685913E0,8.317154388E0
8.372188838E1,-9.464368744E0,-4.848118286E0,8.326285400E0
8.373186438E1,-9.509125671E0,-4.937931519E0,8.775201874E0
8.374184138E1,-9.961335297E0,-5.177882538E0,9.410780182E0
8.375181837E1,-1.024125320E1,-5.132077789E0,9.505233765E0
8.376179438E1,-1.008018814E1,-4.858297119E0,9.107959900E0
8.377177138E1,-9.784403229E0,-4.767436066E0,8.898695068E0
8.378174837E1,-9.544901276E0,-4.824916534E0,9.152716827E0
8.379172437E1,-9.510023804E0,-4.854105835E0,9.587263184E0
8.380170138E1,-9.947713623E0,-4.830604706E0,9.999356232E0
8.381167838E1,-1.010997620E1,-4.706512756E0,9.961784363E0
8.382165437E1,-9.837692413E0,-4.718487854E0,9.737101593E0
8.383163138E1,-9.566905518E0,-4.624932404E0,9.549691315E0
8.384160838E1,-9.341324615E0,-4.499493256E0,9.595645752E0
8.385158437E1,-9.563163300E0,-4.687053223E0,1.030127838E1
8.386156137E1,-1.003722748E1,-4.685256958E0,1.081276474E1
8.387153838E1,-1.010907806E1,-4.482877808E0,1.053703812E1
8.388151438E1,-9.948911133E0,-4.284240875E0,1.020592667E1
8.389149137E1,-9.762099609E0,-4.302652588E0,1.024754013E1
8.390146837E1,-9.697134705E0,-4.372407532E0,1.065125061E1
8.391144438E1,-9.983189850E0,-4.266427917E0,1.120330261E1
8.392142138E1,-1.043090881E1,-4.133504333E0,1.135823044E1
8.393139837E1,-1.055694672E1,-4.187991028E0,1.119462067E1
8.394137438E1,-1.029663803E1,-4.193080444E0,1.091155930E1
8.395135138E1,-9.920320587E0,-4.008963318E0,1.085602478E1
8.396132837E1,-9.867330780E0,-3.965104523E0,1.118279526E1
8.397130437E1,-1.026714935E1,-4.181554413E0,1.179816559E1
8.398128138E1,-1.056787399E1,-4.149221649E0,1.188663162E1
8.399125838E1,-1.046548691E1,-3.891158295E0,1.160985718E1
8.400123437E1,-1.021535706E1,-3.926484833E0,1.164129181E1
8.401121138E1,-1.006970993E1,-3.908222809E0,1.176478500E1
8.402118838E1,-1.007779312E1,-3.776796112E0,1.200802917E1
8.403116438E1,-1.047671356E1,-3.742517395E0,1.238793915E1
8.404114137E1,-1.071786209E1,-3.648662567E0,1.242551102E1
8.405111838E1,-1.058134598E1,-3.668421478E0,1.225217148E1
8.406109438E1,-1.038031403E1,-3.590733032E0,1.220741455E1
8.407107137E1,-1.017583923E1,-3.434008942E0,1.240635086E1
8.408104837E1,-1.047117508E1,-3.487597504E0,1.293190796E1
8.409102438E1,-1.084300186E1,-3.592529297E0,1.310195435E1
8.410100138E1,-1.093955109E1,-3.485052795E0,1.308429108E1
8.411097837E1,-1.095407089E1,-3.514541473E0,1.343201797E1
8.412095438E1,-1.076172089E1,-3.527863770E0,1.355640930E1
8.413093138E1,-1.040875488E1,-3.259172516E0,1.343561050E1
8.414090837E1,-1.028975235E1,-3.149600372E0,1.362272141E1
8.415088437E1,-1.037342834E1,-3.216062164E0,1.377300888E1
8.416086138E1,-1.032178574E1,-3.132535858E0,1.372900040E1
8.417083838E1,-1.030696655E1,-3.032394104E0,1.374711273E1
8.418081437E1,-1.014260834E1,-2.860102386E0,1.364248032E1
8.419079138E1,-1.010338989E1,-2.773282928E0,1.374307114E1
8.420076838E1,-1.053673874E1,-2.842439117E0,1.407567947E1
8.421074438E1,-1.061712158E1,-2.761906586E0,1.401834869E1
8.422072137E1,-1.055979080E1,-2.718796234E0,1.403885605E1
8.423069838E1,-1.079824493E1,-2.785407715E0,1.419079010E1
8.424067438E1,-1.072489746E1,-2.617906036E0,1.410876068E1
8.425065137E1,-1.064271835E1,-2.434986420E0,1.417342621E1
8.426062837E1,-1.083866089E1,-2.288740540E0,1.416444489E1
8.427060438E1,-1.068672684E1,-1.880988464E0,1.357886261E1
8.428058138E1,-1.056413177E1,-2.086062012E0,1.373828110E1
8.429055837E1,-1.097637451E1,-2.366578674E0,1.391940445E1
8.430053438E1,-1.055470139E1,-2.046244812E0,1.366957397E1
8.431051138E1,-1.080692688E1,-2.146835632E0,1.393197830E1
8.432048837E1,-1.114896561E1,-1.897753601E0,1.370998993E1
8.433046437E1,-1.070169571E1,-1.576820984E0,1.357048004E1
8.434044138E1,-1.090332642E1,-2.008523254E0,1.413286057E1
8.435041838E1,-1.125389740E1,-2.061812439E0,1.460782288E1
8.436039437E1,-1.104283630E1,-1.629062347E0,1.454525299E1
8.437037138E1,-1.106633743E1,-1.399739227E0,1.441921509E1
8.438034838E1,-1.117471207E1,-1.237177277E0,1.442340637E1
8.439032538E1,-1.112217133E1,-1.395098877E0,1.449869980E1
8.440030137E1,-1.108385101E1,-1.597178650E0,1.461261292E1
8.441027838E1,-1.100391724E1,-1.518292694E0,1.474553650E1
8.442025538E1,-1.120524857E1,-1.538201294E0,1.474748245E1
8.443023137E1,-1.129072083E1,-1.531614990E0,1.446980988E1
8.444020837E1,-1.113624207E1,-1.382974091E0,1.428539337E1
8.445018538E1,-1.118968094E1,-1.485211487E0,1.447415085E1
8.446016138E1,-1.146301254E1,-1.612446899E0,1.476125381E1
8.447013837E1,-1.163560364E1,-1.603914642E0,1.479268845E1
8.448011538E1,-1.189471481E1,-1.188678131E0,1.461126572E1
8.449009138E1,-1.198737213E1,-1.020877075E0,1.438748108E1
8.450006837E1,-1.209320206E1,-1.223106537E0,1.432161804E1
8.451004537E1,-1.214215027E1,-1.192120972E0,1.435305267E1
8.452002138E1,-1.220262451E1,-1.122216339E0,1.450842957E1
8.452999838E1,-1.252939499E1,-1.142723694E0,1.445184723E1
8.453997537E1,-1.261217285E1,-8.800199890E-1,1.407493103E1
8.454995137E1,-1.244676682E1,-6.553372192E-1,1.393916336E1
8.455992838E1,-1.249182312E1,-6.045927429E-1,1.411115570E1
8.456990538E1,-1.258687546E1,-5.436694336E-1,1.432266586E1
8.457988137E1,-1.256457184E1,-4.670288086E-1,1.438074509E1
8.458985838E1,-1.252086273E1,-2.195933533E-1,1.434541855E1
8.459983538E1,-1.239692047E1,-1.347198486E-1,1.441607162E1
8.460981137E1,-1.241084152E1,-3.149450684E-1,1.457354416E1
8.461978837E1,-1.248927841E1,-2.553689575E-1,1.459210556E1
8.462976538E1,-1.233105743E1,-1.197509766E-1,1.459435089E1
8.463974138E1,-1.221100708E1,-1.264869690E-1,1.456680817E1
8.464971837E1,-1.214364716E1,-6.586303711E-3,1.436427933E1
8.465969538E1,-1.181672699E1,2.941383362E-1,1.394829437E1
8.466967138E1,-1.166569107E1,4.317022705E-1,1.395188690E1
8.467964837E1,-1.180714691E1,5.249583435E-1,1.396476013E1
8.468962575E1,-1.171538773E1,7.370672607E-1,1.371762405E1
8.469960175E1,-1.156944122E1,7.948471069E-1,1.357841354E1
8.470957875E1,-1.137514526E1,8.024812317E-1,1.343276642E1
8.471955575E1,-1.124416763E1,6.682104492E-1,1.352871689E1
8.472953175E1,-1.147633484E1,4.138893127E-1,1.380953293E1
8.473950875E1,-1.161449753E1,5.451663208E-1,1.369442230E1
8.474948575E1,-1.147768204E1,5.978567505E-1,1.355446335E1
8.475946175E1,-1.142618912E1,5.257067871E-1,1.323862015E1
8.476943875E1,-1.126287872E1,7.979905701E-1,1.278880554E1
8.477941575E1,-1.121243362E1,1.022373962E0,1.272608597E1
8.478939175E1,-1.152213959E1,1.077908478E0,1.274868896E1
8.479936875E1,-1.155537048E1,1.252445526E0,1.264091309E1
8.480934575E1,-1.158141632E1,1.256038055E0,1.255319550E1
8.481932175E1,-1.154893387E1,1.321751404E0,1.228749802E1
8.482929875E1,-1.133517838E1,1.403481445E0,1.226220062E1
8.483927575E1,-1.151106262E1,1.279090118E0,1.238434662E1
8.484925175E1,-1.163320862E1,1.382525024E0,1.220127731E1
8.485922875E1,-1.143397293E1,1.549278259E0,1.214200058E1
8.486920575E1,-1.129431335E1,1.466650085E0,1.215457443E1
8.487918175E1,-1.111289062E1,1.547781372E0,1.207808350E1
8.488915875E1,-1.106558899E1,1.745370483E0,1.215771790E1
8.489913575E1,-1.117321518E1,1.843416595E0,1.210876968E1
8.490911175E1,-1.101409607E1,1.994003448E0,1.191582092E1
8.491908875E1,-1.085482727E1,1.927391968E0,1.195294373E1
8.492906575E1,-1.072819061E1,1.961670685E0,1.174128387E1
8.493904275E1,-1.040740768E1,2.095492401E0,1.169503006E1
8.494901875E1,-1.045860123E1,2.038460999E0,1.187046524E1
8.495899575E1,-1.063149170E1,2.094444580E0,1.172736282E1
8.496897275E1,-1.043120819E1,2.196532288E0,1.162722107E1
8.497894875E1,-1.029409332E1,2.105820923E0,1.152842651E1
8.498892575E1,-1.012898666E1,2.162852325E0,1.154968231E1
8.499890275E1,-1.016221756E1,2.232756958E0,1.174697205E1
8.500887875E1,-1.036639297E1,2.297422485E0,1.174008636E1
8.501885575E1,-1.031864227E1,2.481090546E0,1.145717468E1
8.502883275E1,-1.019799316E1,2.424657898E0,1.134640503E1
8.503880875E1,-1.016805542E1,2.410736847E0,1.118713623E1
8.504878575E1,-9.925260315E0,2.614014130E0,1.107187592E1
8.505876275E1,-9.874216461E0,2.722538452E0,1.112411728E1
8.506873875E1,-9.973160706E0,2.757415924E0,1.104792572E1
8.507871575E1,-9.841883698E0,2.786006470E0,1.096978821E1
8.508869275E1,-9.769733734E0,2.740950165E0,1.078851517E1
8.509866875E1,-9.473948822E0,2.809507599E0,1.040426422E1
8.510864575E1,-9.090596008E0,2.889291687E0,1.038046371E1
8.511862275E1,-9.119934998E0,2.931354218E0,1.049811905E1
8.512859875E1,-9.230854340E0,3.003504181E0,1.034828064E1
8.513857575E1,-9.235195312E0,3.042722626E0,1.018586838E1
8.514855275E1,-9.179960175E0,3.031046906E0,9.994865570E0
8.515852875E1,-8.940757599E0,3.131338348E0,9.815388794E0
8.516850575E1,-8.722960510E0,3.270997925E0,9.792935486E0
8.517848275E1,-8.752449188E0,3.468736725E0,9.780960388E0
8.518845875E1,-8.768765259E0,3.565585327E0,9.713151398E0
8.519843575E1,-8.831933899E0,3.461252289E0,9.699978790E0
8.520841275E1,-8.677155762E0,3.410358124E0,9.449399872E0
8.521838875E1,-8.251590729E0,3.477568359E0,9.275910645E0
8.522836575E1,-8.105494537E0,3.592678986E0,9.224417725E0
8.523834275E1,-8.216264191E0,3.647165680E0,9.199419708E0
8.524831875E1,-8.365054779E0,3.688779144E0,9.103020172E0
8.525829575E1,-8.168363800E0,3.712130585E0,8.900491333E0
8.526827275E1,-7.781717834E0,3.612587585E0,8.917256470E0
8.527824875E1,-7.644902344E0,3.510050812E0,8.898246002E0
8.528822575E1,-7.695347443E0,3.510499878E0,9.098230133E0
8.529820275E1,-7.512427826E0,3.576512604E0,8.925489349E0
8.530817975E1,-7.312743073E0,3.509302368E0,8.743168488E0
8.531815575E1,-7.249574432E0,3.375780029E0,8.672814789E0
8.532813275E1,-7.120093689E0,3.429667969E0,8.371341705E0
8.533810975E1,-6.875801697E0,3.628454590E0,8.325387268E0
8.534808575E1,-6.687193909E0,3.754941559E0,8.371790771E0
8.535806275E1,-6.816824341E0,3.736230469E0,8.344248047E0
8.536803975E1,-7.020101624E0,3.751648407E0,8.168513489E0
8.537801575E1,-6.756350098E0,3.656895447E0,8.028554535E0
8.538799275E1,-6.529272308E0,3.597918091E0,8.029602356E0
8.539796975E1,-6.651268616E0,3.753444672E0,8.093369751E0
8.540794575E1,-6.917265472E0,3.975433044E0,7.941585388E0
8.541792275E1,-6.889722748E0,3.879781952E0,7.623197479E0
8.542789975E1,-6.772217102E0,3.768862610E0,7.474406891E0
8.543787575E1,-6.826554108E0,3.752247162E0,7.856711884E0
8.544785275E1,-6.785240021E0,3.777843933E0,7.858358459E0
8.545782975E1,-6.464008026E0,3.841162262E0,7.612120514E0
8.546780575E1,-6.124663696E0,3.841761017E0,7.325616302E0
8.547778275E1,-5.999523926E0,3.800596619E0,7.273374939E0
8.548775975E1,-6.045628052E0,3.694467316E0,7.278464355E0
8.549773575E1,-5.792205048E0,3.699556732E0,7.375312958E0
8.550771275E1,-5.459297333E0,3.757486267E0,7.339986420E0
8.551768975E1,-5.444927216E0,3.884571991E0,7.247329102E0
8.552766575E1,-5.540428619E0,3.955973511E0,7.092700653E0
8.553764275E1,-5.416037292E0,3.893403625E0,6.929989014E0
8.554761975E1,-5.190306702E0,3.854634247E0,6.965315552E0
8.555759575E1,-5.076992340E0,3.871848450E0,7.076534271E0
8.556757275E1,-5.062771912E0,3.872596893E0,7.069349213E0
8.557754975E1,-4.979844360E0,3.699257355E0,6.879244537E0
8.558752575E1,-4.919669495E0,3.578608246E0,6.627318420E0
8.559750275E1,-4.908442841E0,3.490441589E0,6.488556976E0
8.560747975E1,-4.798870697E0,3.354224854E0,6.501879272E0
8.561745575E1,-4.616998901E0,3.233276367E0,6.486461334E0
8.562743275E1,-4.439019012E0,3.127446442E0,6.321504364E0
8.563740975E1,-4.551285553E0,3.224295044E0,6.018534393E0
8.564738575E1,-4.602030029E0,3.320395203E0,5.800886993E0
8.565736275E1,-4.423152008E0,3.247646484E0,5.712121582E0
8.566733975E1,-4.256997528E0,3.201692047E0,5.609135742E0
8.567731675E1,-4.301604767E0,3.192411346E0,5.544320526E0
8.568729262E1,-4.309238892E0,3.112776947E0,5.439837799E0
8.569726963E1,-4.277355194E0,3.104544067E0,5.227279816E0
8.570724663E1,-4.224066010E0,3.124602356E0,5.055586853E0
8.571722262E1,-4.145180054E0,3.099304962E0,4.991370392E0
8.572719962E1,-3.950884094E0,2.903811493E0,5.016667786E0
8.573717663E1,-3.698209534E0,2.714155884E0,4.996010742E0
8.574715263E1,-3.685186615E0,2.816692657E0,4.825664978E0
8.575712962E1,-3.846401367E0,2.931952972E0,4.809648285E0
8.576710663E1,-3.726051636E0,2.858455811E0,4.788242798E0
8.577708263E1,-3.396586761E0,2.680326233E0,4.723876648E0
8.578705962E1,-3.157833252E0,2.575843506E0,4.669539642E0
8.579703662E1,-3.358865204E0,2.598895569E0,4.663552094E0
8.580701263E1,-3.460503845E0,2.547851715E0,4.718038788E0
8.581698963E1,-3.378624115E0,2.524500275E0,4.640649719E0
8.582696662E1,-3.241359558E0,2.460283813E0,4.609514465E0
8.583694262E1,-3.220103760E0,2.280807037E0,4.627327423E0
8.584691963E1,-3.176993408E0,2.150278473E0,4.630770264E0
8.585689663E1,-3.111878815E0,2.084864502E0,4.663103027E0
8.586687262E1,-3.272345123E0,2.150278473E0,4.582121429E0
8.587684963E1,-3.360811157E0,2.173330536E0,4.518653412E0
8.588682663E1,-3.191363525E0,1.983974304E0,4.415218506E0
8.589680262E1,-2.973566437E0,1.804497528E0,4.290527802E0
8.590677962E1,-2.891986084E0,1.733096008E0,4.303850098E0
8.591675663E1,-3.001857605E0,1.762734375E0,4.250710602E0
8.592673263E1,-3.077749786E0,1.854044495E0,4.128863983E0
8.593670962E1,-2.977907410E0,1.802551575E0,3.981570282E0
8.594668663E1,-2.887196045E0,1.653760986E0,3.878734131E0
8.595666263E1,-2.775228882E0,1.418150940E0,3.861370239E0
8.596663962E1,-2.740201721E0,1.332379303E0,3.848347321E0
8.597661662E1,-2.822530518E0,1.468296661E0,3.844904480E0
8.598659363E1,-2.853516083E0,1.437460785E0,3.817810822E0
8.599656963E1,-2.850222931E0,1.364263000E0,3.710933075E0
8.600654662E1,-2.754871216E0,1.204545135E0,3.651207275E0
8.601652363E1,-2.612816620E0,1.017134857E0,3.617078247E0
8.602649963E1,-2.705473938E0,1.132395172E0,3.570674744E0
8.603647663E1,-2.732268219E0,1.090482330E0,3.556604004E0
8.604645362E1,-2.680326233E0,1.035995636E0,3.461701355E0
8.605642963E1,-2.539020081E0,9.205856323E-1,3.402424622E0
8.606640663E1,-2.458786926E0,6.741979980E-1,3.376977539E0
8.607638362E1,-2.557431793E0,6.168672180E-1,3.394341431E0
8.608635962E1,-2.637664948E0,6.521937561E-1,3.473975830E0
8.609633663E1,-2.618504791E0,5.701643372E-1,3.413651276E0
8.610631363E1,-2.524200897E0,5.396278381E-1,3.323987732E0
8.611628962E1,-2.510728912E0,2.715353394E-1,3.284619598E0
8.612626663E1,-2.510279846E0,5.987548828E-3,3.273991699E0
8.613624363E1,-2.538121948E0,-4.625381470E-2,3.299588470E0
8.614621962E1,-2.609373779E0,-1.097218323E-1,3.363505554E0
8.615619662E1,-2.694995728E0,-1.893562317E-1,3.376678162E0
8.616617363E1,-2.659669189E0,-3.778143311E-1,3.343297577E0
8.617614963E1,-2.515818329E0,-6.656657410E-1,3.247496796E0
8.618612662E1,-2.425556030E0,-8.622070313E-1,3.234473877E0
8.619610362E1,-2.427352295E0,-8.840615845E-1,3.281925201E0
8.620607963E1,-2.473606110E0,-8.973838806E-1,3.289259949E0
8.621605663E1,-2.504591675E0,-9.638456726E-1,3.246448975E0
8.622603362E1,-2.464475098E0,-1.125359802E0,3.244503021E0
8.623601063E1,-2.427801361E0,-1.446142731E0,3.317700806E0
8.624598663E1,-2.520907745E0,-1.669777679E0,3.440295868E0
8.625596362E1,-2.790796509E0,-1.671124878E0,3.568878479E0
8.626594062E1,-2.886297913E0,-1.731898499E0,3.546425171E0
8.627591663E1,-2.890638885E0,-1.950743408E0,3.431164856E0
8.628589363E1,-2.879561920E0,-2.256407776E0,3.429518280E0
8.629587062E1,-2.912792816E0,-2.513572998E0,3.497476959E0
8.630584663E1,-2.959795074E0,-2.506238251E0,3.558100891E0
8.631582363E1,-2.937042389E0,-2.449805603E0,3.492836609E0
8.632580062E1,-2.872376862E0,-2.547103271E0,3.425776062E0
8.633577662E1,-2.762804718E0,-2.662513275E0,3.495081940E0
8.634575363E1,-2.736908569E0,-2.586471405E0,3.593726807E0
8.635573063E1,-2.806663513E0,-2.376607819E0,3.547173615E0
8.636570662E1,-2.833457794E0,-2.251468048E0,3.438200226E0
8.637568362E1,-2.749632111E0,-2.408042450E0,3.369792480E0
8.638566063E1,-2.777324524E0,-2.523751831E0,3.465742950E0
8.639563663E1,-2.885549469E0,-2.661166077E0,3.677851868E0
8.640561362E1,-3.115770721E0,-2.801723785E0,3.908222809E0
8.641559063E1,-3.367547150E0,-2.845432892E0,4.052373047E0
8.642556663E1,-3.507356415E0,-2.914289703E0,4.038302307E0
8.643554362E1,-3.601660309E0,-3.010090485E0,4.069886627E0
8.644552062E1,-3.650458832E0,-3.219355316E0,4.129462738E0
8.645549763E1,-3.699257355E0,-3.295846252E0,4.255350952E0
8.646547363E1,-3.906426544E0,-3.066223755E0,4.216880951E0
8.647545062E1,-3.910019073E0,-3.049608307E0,4.081562347E0
8.648542763E1,-3.755690002E0,-3.340902557E0,4.122427368E0
8.649540363E1,-3.722608795E0,-3.446582794E0,4.237088928E0
8.650538062E1,-3.735482025E0,-3.317401428E0,4.180506592E0
8.651535762E1,-3.794010315E0,-3.162323914E0,4.001927948E0
8.652533363E1,-3.783382416E0,-3.246299286E0,3.842509460E0
8.653531063E1,-3.869303741E0,-3.468736725E0,3.896397400E0
8.654528762E1,-4.008813629E0,-3.632496185E0,3.993994446E0
8.655526362E1,-4.145778809E0,-3.719764709E0,4.039350128E0
8.656524063E1,-4.297263794E0,-3.811224518E0,4.078418884E0
8.657521763E1,-4.484674072E0,-3.770958252E0,4.122127991E0
8.658519362E1,-4.578229523E0,-3.829486542E0,4.164489899E0
8.659517063E1,-4.611161041E0,-4.134402466E0,4.404740295E0
8.660514763E1,-4.817282410E0,-4.233346710E0,4.725373535E0
8.661512362E1,-5.082381134E0,-4.080963593E0,4.793930969E0
8.662510062E1,-5.280419312E0,-3.982767792E0,4.647685089E0
8.663507763E1,-5.314099274E0,-4.086352386E0,4.530478821E0
8.664505463E1,-5.263504486E0,-4.330943756E0,4.672533417E0
8.665503062E1,-5.357808380E0,-4.431983643E0,4.811893616E0
8.666500763E1,-5.522765350E0,-4.312981110E0,4.886887665E0
8.667498463E1,-5.618266754E0,-4.247567139E0,4.797523499E0
8.668496063E1,-5.638325043E0,-4.241729279E0,4.577181702E0
8.669493750E1,-5.630990295E0,-4.235592041E0,4.406985626E0
8.670491450E1,-5.528752899E0,-4.418062592E0,4.498146057E0
8.671489050E1,-5.542224884E0,-4.449497223E0,4.728217621E0
8.672486750E1,-5.718109131E0,-4.323159943E0,4.801714783E0
8.673484450E1,-6.027366028E0,-4.287833405E0,4.794080658E0
8.674482050E1,-6.212980042E0,-4.468358002E0,4.756957855E0
8.675479750E1,-6.165528717E0,-4.767436066E0,4.990921326E0
8.676477450E1,-6.227499847E0,-4.885540466E0,5.384303284E0
8.677475050E1,-6.508615265E0,-4.726271667E0,5.520220642E0
8.678472750E1,-6.781497803E0,-4.676724701E0,5.453459473E0
8.679470450E1,-6.934030609E0,-4.646786957E0,5.432652740E0
8.680468050E1,-6.956483917E0,-4.649631042E0,5.534890137E0
8.681465750E1,-6.930288391E0,-4.816384277E0,5.710774384E0
8.682463450E1,-7.020999756E0,-4.838089142E0,5.870641937E0
8.683461150E1,-7.248526611E0,-4.737797699E0,6.004014587E0
8.684458750E1,-7.541617126E0,-4.618795166E0,6.058501282E0
8.685456450E1,-7.626939697E0,-4.564308472E0,5.841901703E0
8.686454150E1,-7.381899261E0,-4.768483887E0,5.725892944E0
8.687451750E1,-7.181316376E0,-4.913232880E0,5.846392365E0
8.688449450E1,-7.146738281E0,-4.740342407E0,5.915548553E0
8.689447150E1,-7.274422760E0,-4.689448242E0,5.919290771E0
8.690444750E1,-7.495812378E0,-4.710704041E0,5.844596100E0
8.691442450E1,-7.724536743E0,-4.758604431E0,5.955515442E0
8.692440150E1,-8.000263367E0,-4.895419922E0,6.140081635E0
8.693437750E1,-8.294551392E0,-4.957091675E0,6.221063232E0
8.694435450E1,-8.480464783E0,-4.955445099E0,6.189778290E0
8.695433150E1,-8.668922882E0,-4.937781830E0,6.141428833E0
8.696430750E1,-8.729696503E0,-4.912783813E0,6.101611633E0
8.697428450E1,-8.624914398E0,-5.143603821E0,6.183940430E0
8.698426150E1,-8.781638489E0,-5.235363007E0,6.426735535E0
8.699423750E1,-9.081315308E0,-5.183870087E0,6.634653168E0
8.700421450E1,-9.278305664E0,-5.180876312E0,6.574178925E0
8.701419150E1,-9.261540527E0,-5.060676270E0,6.432872772E0
8.702416750E1,-9.028175812E0,-5.133424988E0,6.500532074E0
8.703414450E1,-8.985065460E0,-5.196743317E0,6.879843292E0
8.704412150E1,-9.137747955E0,-4.978197784E0,7.130122833E0
8.705409850E1,-9.478289795E0,-4.641697540E0,7.105424194E0
8.706407450E1,-9.706415405E0,-4.438719635E0,7.029382324E0
8.707405150E1,-9.585766296E0,-4.497247925E0,6.918762360E0
8.708402850E1,-9.428593140E0,-4.810247040E0,7.191046143E0
8.709400450E1,-9.574389954E0,-4.909640350E0,7.610773315E0
8.710398150E1,-1.002345612E1,-4.910987549E0,7.807613983E0
8.711395850E1,-1.035666321E1,-4.940326538E0,7.768545227E0
8.712393450E1,-1.031534912E1,-5.025649109E0,7.691305847E0
8.713391150E1,-1.007824219E1,-5.269492035E0,7.831564178E0
8.714388850E1,-1.028406418E1,-5.351521454E0,8.154293060E0
8.715386450E1,-1.052191956E1,-5.202581177E0,8.227790222E0
8.716384150E1,-1.045875092E1,-4.897515564E0,8.011789398E0
8.717381850E1,-1.016910324E1,-4.755610657E0,7.861501923E0
8.718379450E1,-1.004306534E1,-4.809498596E0,7.915988617E0
8.719377150E1,-1.022852966E1,-5.007087708E0,8.232879639E0
8.720374850E1,-1.059706329E1,-4.813689880E0,8.377179565E0
8.721372550E1,-1.074405762E1,-4.754263458E0,8.400081940E0
8.722370150E1,-1.070094727E1,-4.902305603E0,8.436905365E0
8.723367850E1,-1.046443909E1,-5.083878021E0,8.507708130E0
8.724365550E1,-1.050425629E1,-5.158722382E0,8.797206116E0
8.725363150E1,-1.078926361E1,-5.047204285E0,9.147328033E0
8.726360850E1,-1.093371323E1,-4.949756927E0,9.247170410E0
8.727358550E1,-1.090347610E1,-4.947960663E0,9.157656555E0
8.728356150E1,-1.071771240E1,-4.873116302E0,9.124275970E0
8.729353850E1,-1.038749908E1,-4.873415680E0,9.210496674E0
8.730351550E1,-1.045021866E1,-4.919669495E0,9.674382019E0
8.731349150E1,-1.056787399E1,-4.936584320E0,1.003647903E1
8.732346850E1,-1.065574127E1,-4.877157898E0,1.014171021E1
8.733344550E1,-1.058718384E1,-4.781656494E0,9.911638641E0
8.734342150E1,-1.026774811E1,-4.775818634E0,9.724378052E0
8.735339850E1,-1.013736923E1,-4.929099884E0,1.015697845E1
8.736337550E1,-1.040306671E1,-4.987478485E0,1.073552536E1
8.737335150E1,-1.066008224E1,-4.894970856E0,1.074271042E1
8.738332850E1,-1.068732559E1,-4.794230347E0,1.046818130E1
8.739330550E1,-1.038734940E1,-4.694986725E0,1.025756927E1
8.740328250E1,-1.012719040E1,-4.707261200E0,1.045366150E1
8.741325850E1,-1.040291702E1,-4.683311005E0,1.088521408E1
8.742323550E1,-1.074869797E1,-4.646188202E0,1.109253296E1
8.743321250E1,-1.097921860E1,-4.590653687E0,1.107412125E1
8.744318850E1,-1.087907684E1,-4.481380920E0,1.087084396E1
8.745316550E1,-1.065259781E1,-4.379891968E0,1.090901459E1
8.746314250E1,-1.063373703E1,-4.358187103E0,1.124102417E1
8.747311850E1,-1.089075256E1,-4.371958466E0,1.171209457E1
8.748309550E1,-1.116243759E1,-4.340972900E0,1.192719727E1
8.749307250E1,-1.133368149E1,-4.129612427E0,1.176673096E1
8.750304850E1,-1.111693222E1,-3.858376465E0,1.154773636E1
8.751302550E1,-1.075633209E1,-3.781137085E0,1.165027313E1
8.752300250E1,-1.065993256E1,-3.760629730E0,1.201281921E1
8.753297850E1,-1.077504318E1,-3.782783661E0,1.227746887E1
8.754295550E1,-1.097008759E1,-3.834725647E0,1.233749405E1
8.755293250E1,-1.101304825E1,-3.879183197E0,1.222986786E1
8.756290850E1,-1.085318069E1,-3.786825256E0,1.225426712E1
8.757288550E1,-1.082024918E1,-3.659589844E0,1.250828888E1
8.758286250E1,-1.115121094E1,-3.609743500E0,1.282637741E1
8.759283950E1,-1.140059235E1,-3.552861786E0,1.288924667E1
8.760281550E1,-1.152438492E1,-3.391946411E0,1.288595352E1
8.761279250E1,-1.135583542E1,-3.247496796E0,1.284044815E1
8.762276950E1,-1.121512802E1,-3.182082825E0,1.303848633E1
8.763274550E1,-1.154264694E1,-3.164269867E0,1.355491241E1
8.764272250E1,-1.179532150E1,-3.146157532E0,1.371732468E1
8.765269950E1,-1.172421936E1,-3.107537842E0,1.352452560E1
8.766267550E1,-1.138472534E1,-3.119063873E0,1.339594299E1
8.767265250E1,-1.094493988E1,-3.227887573E0,1.348216370E1
8.768262950E1,-1.085198318E1,-3.335962830E0,1.404170013E1
8.769260538E1,-1.120929016E1,-3.207679596E0,1.446082855E1
8.770258237E1,-1.121961868E1,-3.067570953E0,1.430814606E1
8.771255937E1,-1.107277405E1,-3.061882782E0,1.410307251E1
8.772253538E1,-1.077624069E1,-2.984793091E0,1.403182068E1
8.773251238E1,-1.059691360E1,-3.007246399E0,1.430784668E1
8.774248937E1,-1.093086914E1,-3.077899475E0,1.478729965E1
8.775246638E1,-1.098580490E1,-2.954256592E0,1.471500000E1
8.776244238E1,-1.093775482E1,-2.858306122E0,1.445888260E1
8.777241938E1,-1.077758789E1,-2.737806702E0,1.428853683E1
8.778239637E1,-1.054871384E1,-2.646646271E0,1.435125641E1
8.779237238E1,-1.088775879E1,-2.776725769E0,1.474927872E1
8.780234938E1,-1.129236740E1,-2.649340668E0,1.481469269E1
8.781232637E1,-1.132380203E1,-2.509681091E0,1.462204330E1
8.782230237E1,-1.129506180E1,-2.501597900E0,1.440694061E1
8.783227938E1,-1.114522339E1,-2.391876068E0,1.427386734E1
8.784225638E1,-1.128997238E1,-2.432292023E0,1.438553513E1
8.785223237E1,-1.172092621E1,-2.331701202E0,1.446292419E1
8.786220938E1,-1.187450684E1,-2.041155396E0,1.440709030E1
8.787218638E1,-1.189187073E1,-2.037862244E0,1.420186707E1
8.788216237E1,-1.177316757E1,-2.051932983E0,1.410576691E1
8.789213937E1,-1.175131302E1,-2.081271973E0,1.429676971E1
8.790211638E1,-1.200219131E1,-2.072290649E0,1.452968536E1
8.791209338E1,-1.218226685E1,-1.944755859E0,1.453163132E1
8.792206937E1,-1.211999634E1,-1.862127686E0,1.448627563E1
8.793204638E1,-1.201461548E1,-1.737886047E0,1.433598816E1
8.794202338E1,-1.190219925E1,-1.683099976E0,1.439825867E1
8.795199938E1,-1.207793381E1,-1.586550751E0,1.460976883E1
8.796197637E1,-1.213900681E1,-1.345102844E0,1.467817657E1
8.797195338E1,-1.215427505E1,-1.244961090E0,1.465632202E1
8.798192938E1,-1.214065338E1,-1.289418640E0,1.458971054E1
8.799190637E1,-1.208751389E1,-1.210682373E0,1.447968933E1
8.800188337E1,-1.207269470E1,-1.195264435E0,1.454106171E1
8.801185938E1,-1.209080704E1,-9.791139221E-1,1.464614319E1
8.802183638E1,-1.229603027E1,-8.765771484E-1,1.462204330E1
8.803181337E1,-1.224483673E1,-9.427395630E-1,1.441786789E1
8.804178938E1,-1.198168396E1,-8.890013123E-1,1.445394287E1
8.805176638E1,-1.197928894E1,-8.942404175E-1,1.481199829E1
8.806174337E1,-1.217657867E1,-8.891510010E-1,1.477412704E1
8.807171937E1,-1.208077789E1,-5.789959717E-1,1.445469131E1
8.808169638E1,-1.189261917E1,-4.037104797E-1,1.434811295E1
8.809167338E1,-1.187600372E1,-3.882925415E-1,1.426398788E1
8.810165037E1,-1.183798279E1,-4.173321533E-1,1.418629944E1
8.811162638E1,-1.184920944E1,-3.640429688E-1,1.427207108E1
8.812160338E1,-1.195893127E1,-2.284249878E-1,1.436143524E1
8.813158038E1,-1.208347229E1,-3.302133179E-1,1.433089874E1
8.814155637E1,-1.217837494E1,-3.409909058E-1,1.413420776E1
8.815153338E1,-1.202703964E1,-3.194357300E-1,1.408600800E1
8.816151038E1,-1.213736023E1,-3.700305176E-1,1.427910645E1
8.817148637E1,-1.232402206E1,-2.083666992E-1,1.418510193E1
8.818146337E1,-1.221819214E1,-4.340972900E-3,1.393317581E1
8.819144038E1,-1.213316895E1,1.351689148E-1,1.380429382E1
8.820141638E1,-1.199425781E1,2.148033142E-1,1.384500916E1
8.821139337E1,-1.199859879E1,-7.634124756E-3,1.399215317E1
8.822137038E1,-1.206311462E1,-3.293151855E-3,1.397673523E1
8.823134638E1,-1.199575470E1,2.411485291E-1,1.386836060E1
8.824132337E1,-1.206416245E1,2.478845215E-1,1.372510849E1
8.825130037E1,-1.197943863E1,2.661465454E-1,1.351584366E1
8.826127738E1,-1.175251053E1,2.411485291E-1,1.359742401E1
8.827125338E1,-1.176777878E1,2.369572449E-1,1.382659744E1
8.828123037E1,-1.171972870E1,3.811074829E-1,1.379067215E1
8.829120738E1,-1.160551620E1,3.189866638E-1,1.368753662E1
8.830118338E1,-1.149759064E1,4.137396240E-1,1.344414276E1
8.831116038E1,-1.134415970E1,6.459068298E-1,1.331466202E1
8.832113737E1,-1.140089172E1,6.174659729E-1,1.337932755E1
8.833111338E1,-1.130973129E1,7.156617737E-1,1.303085220E1
8.834109038E1,-1.117261642E1,8.521778870E-1,1.296364197E1
8.835106737E1,-1.111513596E1,8.517288208E-1,1.294193710E1
8.836104337E1,-1.111438751E1,8.164022827E-1,1.287293060E1
8.837102038E1,-1.123788071E1,8.857081604E-1,1.263657211E1
8.838099738E1,-1.134924911E1,1.174607391E0,1.247221390E1
8.839097337E1,-1.116468292E1,1.298849030E0,1.229258743E1
8.840095038E1,-1.111588440E1,1.302291870E0,1.227178070E1
8.841092738E1,-1.116348541E1,1.322649536E0,1.227821732E1
8.842090437E1,-1.129296616E1,1.518891449E0,1.228061234E1
8.843088037E1,-1.156240585E1,1.661844177E0,1.204260727E1
8.844085738E1,-1.145702499E1,1.749861145E0,1.182331329E1
8.845083438E1,-1.125404709E1,1.746268616E0,1.184262314E1
8.846081037E1,-1.120764359E1,1.690285034E0,1.199755096E1
8.847078738E1,-1.131841324E1,1.797312469E0,1.209649521E1
8.848076438E1,-1.123114471E1,1.785037994E0,1.184771255E1
8.849074038E1,-1.116917358E1,1.985022125E0,1.160806091E1
8.850071737E1,-1.089419540E1,2.123933258E0,1.153231842E1
8.851069438E1,-1.080333435E1,2.202519836E0,1.149579437E1
8.852067038E1,-1.076396622E1,2.163002014E0,1.152408554E1
8.853064737E1,-1.055724609E1,2.039658508E0,1.156225616E1
8.854062437E1,-1.063972458E1,2.077230377E0,1.144789398E1
8.855060038E1,-1.024768982E1,2.081870728E0,1.139430542E1
8.856057738E1,-1.028451324E1,2.193089447E0,1.127799728E1
8.857055437E1,-1.003333557E1,2.077529755E0,1.127530289E1
8.858053138E1,-9.818831635E0,2.281555481E0,1.117935242E1
8.859050738E1,-1.007330246E1,2.268831940E0,1.122605530E1
8.860048437E1,-9.694140930E0,2.219883728E0,1.083237396E1
8.861046137E1,-9.517657928E0,2.194286957E0,1.065693878E1
8.862043738E1,-9.656718750E0,2.463427277E0,1.041354492E1
8.863041438E1,-9.486522675E0,2.545606384E0,1.077519287E1
8.864039137E1,-9.483528900E0,2.475102997E0,1.059302170E1
8.865036737E1,-9.372908936E0,2.570005646E0,1.029963181E1
8.866034438E1,-9.219028931E0,2.572999420E0,1.032867142E1
8.867032138E1,-9.409732361E0,2.567161560E0,1.028286667E1
8.868029737E1,-9.382039948E0,2.888393555E0,1.011296997E1
8.869027487E1,-9.253457336E0,2.849474487E0,1.014290771E1
8.870025187E1,-9.116791534E0,2.855611725E0,9.846673737E0
8.871022888E1,-8.877139893E0,2.841840363E0,9.797575836E0
8.872020488E1,-8.757388916E0,2.913840637E0,9.605525208E0
8.873018187E1,-9.009464722E0,3.151246948E0,9.574240265E0
8.874015888E1,-8.736731873E0,3.128045197E0,9.501042480E0
8.875013488E1,-8.646319885E0,3.108735352E0,9.350305939E0
8.876011188E1,-8.250991974E0,3.090473328E0,9.146280212E0
8.877008887E1,-8.223299561E0,3.184028778E0,9.199419708E0
8.878006488E1,-8.406368866E0,3.250340881E0,9.451645203E0
8.879004188E1,-8.384065247E0,3.278482361E0,9.225615234E0
8.880001887E1,-8.166717224E0,3.345842285E0,8.961264954E0
8.880999487E1,-8.074958038E0,3.430865479E0,8.678952026E0
8.881997188E1,-7.863597565E0,3.301833801E0,8.782835999E0
8.882994888E1,-7.696395264E0,3.388204193E0,8.824449463E0
8.883992487E1,-7.803572388E0,3.462150421E0,8.722212067E0
8.884990188E1,-7.865693207E0,3.482807465E0,8.602760468E0
8.885987888E1,-7.462282104E0,3.442391510E0,8.384664001E0
8.886985487E1,-7.346722412E0,3.369493103E0,8.460107117E0
8.887983187E1,-7.360793152E0,3.312910767E0,8.517437897E0
8.888980888E1,-7.195985870E0,3.446133728E0,8.122858429E0
8.889978588E1,-7.269782410E0,3.413950653E0,8.297694855E0
8.890976187E1,-7.145391083E0,3.390599213E0,7.942333832E0
8.891973888E1,-6.775809631E0,3.367547150E0,7.774383087E0
8.892971588E1,-6.610702972E0,3.413501587E0,7.902965698E0
8.893969188E1,-6.829547882E0,3.437002716E0,8.043523407E0
8.894966887E1,-6.829098816E0,3.492836609E0,7.717201996E0
8.895964588E1,-6.729705505E0,3.547472992E0,7.419620819E0
8.896962188E1,-6.413862305E0,3.520379333E0,7.305707703E0
8.897959887E1,-6.363566895E0,3.618575134E0,7.322323151E0
8.898957587E1,-6.336024170E0,3.700903931E0,7.534731445E0
8.899955188E1,-6.279142456E0,3.702400818E0,7.323820038E0
8.900952888E1,-6.298901367E0,3.672762451E0,7.204817505E0
8.901950587E1,-6.259533234E0,3.617976379E0,7.141948242E0
8.902948288E1,-6.001020813E0,3.638184357E0,6.944508820E0
8.903945888E1,-5.881868591E0,3.655548248E0,6.880292358E0
8.904943587E1,-5.651048584E0,3.672014008E0,6.784042511E0
8.905941287E1,-5.610033875E0,3.451372833E0,7.016808472E0
8.906938888E1,-5.552104340E0,3.432212677E0,6.738686829E0
8.907936588E1,-5.442382507E0,3.496578827E0,6.733597412E0
8.908934287E1,-5.379662933E0,3.491190033E0,6.597979431E0
8.909931887E1,-5.276377716E0,3.386707306E0,6.796915741E0
8.910929588E1,-5.057981873E0,3.226091309E0,6.605763245E0
8.911927288E1,-5.085973663E0,3.296295319E0,6.466702423E0
8.912924887E1,-5.026696930E0,3.241209869E0,6.375541992E0
8.913922588E1,-4.856949921E0,3.234473877E0,6.166127472E0
8.914920288E1,-5.021308136E0,3.204536133E0,6.387068024E0
8.915917987E1,-4.990771637E0,3.207978973E0,6.148763580E0
8.916915587E1,-4.675377502E0,3.186573486E0,5.832920380E0
8.917913288E1,-4.454886017E0,3.175496521E0,5.720204773E0
8.918910988E1,-4.358336792E0,3.101101227E0,5.886359253E0
8.919908587E1,-4.440515900E0,3.086581421E0,5.675896912E0
8.920906288E1,-4.377646637E0,2.982847137E0,5.442083130E0
8.921903988E1,-4.168980560E0,2.894381104E0,5.519322510E0
8.922901587E1,-4.054319000E0,2.834056549E0,5.492079163E0
8.923899287E1,-4.023333435E0,2.812351685E0,5.368735657E0
8.924896988E1,-3.970193939E0,2.779569855E0,5.292394409E0
8.925894588E1,-3.842808838E0,2.720592499E0,5.033881989E0
8.926892287E1,-3.847000122E0,2.649490356E0,5.021008759E0
8.927889988E1,-3.839365997E0,2.702031097E0,4.994813232E0
8.928887688E1,-3.689826965E0,2.647095337E0,4.892725525E0
8.929885288E1,-3.589685211E0,2.572400665E0,4.897216187E0
8.930882987E1,-3.605252838E0,2.528242493E0,4.680017853E0
8.931880688E1,-3.560795288E0,2.521805878E0,4.572391663E0
8.932878288E1,-3.600911865E0,2.583477631E0,4.610262909E0
8.933875987E1,-3.497177582E0,2.468516693E0,4.565805359E0
8.934873687E1,-3.458258514E0,2.390528870E0,4.487667847E0
8.935871288E1,-3.461551666E0,2.245779877E0,4.446952515E0
8.936868988E1,-3.376827850E0,2.117047577E0,4.345313873E0
8.937866687E1,-3.307521973E0,2.118694153E0,4.206402740E0
8.938864288E1,-3.282523956E0,2.066153412E0,4.226311340E0
8.939861988E1,-3.238216095E0,2.009421387E0,4.256847839E0
8.940859687E1,-3.098406830E0,1.972597961E0,4.100722504E0
8.941857287E1,-3.095263367E0,1.967957611E0,4.064647522E0
8.942854988E1,-3.088826752E0,1.805245972E0,4.194277954E0
8.943852688E1,-3.007396088E0,1.735940094E0,4.122726746E0
8.944850387E1,-2.963686981E0,1.745220795E0,4.048481140E0
8.945847988E1,-3.130589905E0,1.730401611E0,4.059558105E0
8.946845688E1,-3.179687805E0,1.601519623E0,4.020040283E0
8.947843388E1,-3.048261108E0,1.499731293E0,3.911665649E0
8.948840987E1,-2.815644836E0,1.379082184E0,3.896098022E0
8.949838688E1,-2.771486664E0,1.332528992E0,3.851191406E0
8.950836388E1,-2.816692657E0,1.258133698E0,3.851191406E0
8.951833987E1,-2.786156158E0,1.144519958E0,3.835174713E0
8.952831687E1,-2.740201721E0,9.815089417E-1,3.778891754E0
8.953829388E1,-2.774779816E0,8.529263306E-1,3.724554749E0
8.954827088E1,-2.615511017E0,8.246351624E-1,3.555406494E0
8.955824687E1,-2.485132141E0,7.789801025E-1,3.392545166E0
8.956822388E1,-2.476899261E0,6.487509155E-1,3.457809448E0
8.957820088E1,-2.580184479E0,5.394781494E-1,3.420686646E0
8.958817687E1,-2.658920746E0,5.243595886E-1,3.388952637E0
8.959815387E1,-2.480641479E0,4.664300537E-1,3.399879913E0
8.960813088E1,-2.309098206E0,2.874023438E-1,3.383713531E0
8.961810688E1,-2.359094238E0,1.543290710E-1,3.341800690E0
8.962808387E1,-2.421364746E0,8.487350464E-2,3.340752869E0
8.963806088E1,-2.491269379E0,9.355545044E-2,3.350033569E0
8.964803688E1,-2.515968018E0,6.286926270E-2,3.310515747E0
8.965801388E1,-2.506537628E0,-4.595443726E-2,3.235970764E0
8.966799087E1,-2.449057159E0,-1.887574768E-1,3.229085083E0
8.967796788E1,-2.430944824E0,-3.195854187E-1,3.264860687E0
8.968794388E1,-2.520458679E0,-3.408412170E-1,3.300636292E0
8.969792092E1,-2.652633820E0,-3.906875610E-1,3.328628082E0
8.970789792E1,-2.676883392E0,-4.540058899E-1,3.317551117E0
8.971787392E1,-2.605781250E0,-6.239025879E-1,3.239413605E0
8.972785092E1,-2.662064209E0,-7.375163269E-1,3.251388702E0
8.973782792E1,-2.752925262E0,-8.286767578E-1,3.340603180E0
8.974780392E1,-2.732866974E0,-9.746232605E-1,3.409909058E0
8.975778092E1,-2.675386505E0,-1.107397156E0,3.386707306E0
8.976775792E1,-2.671793976E0,-1.231339417E0,3.376977539E0
8.977773392E1,-2.645299072E0,-1.345701599E0,3.409759369E0
8.978771092E1,-2.562670898E0,-1.456471252E0,3.416794739E0
8.979768792E1,-2.491718445E0,-1.688339081E0,3.496578827E0
8.980766492E1,-2.665656738E0,-1.808239746E0,3.637286224E0
8.981764092E1,-2.799628143E0,-1.872905273E0,3.737128601E0
8.982761792E1,-2.736010437E0,-2.113005981E0,3.698808289E0
8.983759492E1,-2.794838104E0,-2.278262329E0,3.609593811E0
8.984757092E1,-3.002905426E0,-2.267185364E0,3.684587860E0
8.985754792E1,-3.086880798E0,-2.288141785E0,3.774999847E0
8.986752492E1,-3.070864105E0,-2.410886536E0,3.677402802E0
8.987750092E1,-3.029849396E0,-2.591261444E0,3.492088165E0
8.988747792E1,-3.083887024E0,-2.541564789E0,3.392245789E0
8.989745492E1,-3.016826477E0,-2.470911713E0,3.363355865E0
8.990743192E1,-2.945724335E0,-2.598296814E0,3.272794189E0
8.991740792E1,-3.026406555E0,-2.698887634E0,3.339255981E0
8.992738492E1,-3.185974731E0,-2.730022888E0,3.480861511E0
8.993736192E1,-3.383863220E0,-2.822231140E0,3.528013458E0
8.994733792E1,-3.468287659E0,-3.040926361E0,3.523223419E0
8.995731492E1,-3.553011475E0,-3.227588196E0,3.663481750E0
8.996729192E1,-3.711531830E0,-3.271746368E0,3.828438721E0
8.997726792E1,-3.886218567E0,-3.420686646E0,3.980073395E0
8.998724492E1,-4.011058960E0,-3.624113617E0,4.049528961E0
8.999722192E1,-4.126618652E0,-3.645070038E0,4.145479431E0
9.000719792E1,-4.151766357E0,-3.606001282E0,4.120930481E0
9.001717492E1,-4.026476898E0,-3.660188599E0,4.068090363E0
9.002715192E1,-4.010011139E0,-3.765569458E0,4.153562622E0
9.003712892E1,-4.197421417E0,-3.602558441E0,4.285288696E0
9.004710492E1,-4.386927338E0,-3.358266449E0,4.236490173E0
9.005708192E1,-4.404141541E0,-3.314557343E0,4.047133942E0
9.006705892E1,-4.324507141E0,-3.440894623E0,3.995042267E0
9.007703492E1,-4.345164185E0,-3.541335754E0,4.179758148E0
9.008701192E1,-4.531526642E0,-3.632795563E0,4.386328583E0
9.009698892E1,-4.776866455E0,-3.668870544E0,4.511019287E0
9.010696492E1,-4.939877472E0,-3.723506927E0,4.498445435E0
9.011694192E1,-5.049299927E0,-3.716471558E0,4.519701233E0
9.012691892E1,-5.000501404E0,-3.848497009E0,4.570894775E0
9.013689592E1,-4.943170624E0,-4.065994720E0,4.803511047E0
9.014687192E1,-5.037025452E0,-4.043391724E0,4.960384827E0
9.015684892E1,-5.135670319E0,-3.911366272E0,4.891977081E0
9.016682592E1,-5.162763977E0,-3.910917206E0,4.811743927E0
9.017680192E1,-5.093458099E0,-4.122876434E0,4.908442841E0
9.018677892E1,-5.024002533E0,-4.342170410E0,5.115612030E0
9.019675592E1,-5.036127319E0,-4.353397064E0,5.186564484E0
9.020673192E1,-5.077740784E0,-4.356690216E0,5.156626740E0
9.021670892E1,-5.214705963E0,-4.450545044E0,5.184618530E0
9.022668592E1,-5.307662659E0,-4.576882324E0,5.248385925E0
9.023666192E1,-5.414241028E0,-4.627177734E0,5.345234528E0
9.024663892E1,-5.509143677E0,-4.569996643E0,5.367987213E0
9.025661592E1,-5.645061035E0,-4.530628510E0,5.395080872E0
9.026659292E1,-5.896388397E0,-4.423900452E0,5.402864685E0
9.027656892E1,-6.120472412E0,-4.417763214E0,5.323978729E0
9.028654592E1,-6.278992767E0,-4.554878082E0,5.410498810E0
9.029652292E1,-6.470294952E0,-4.576133881E0,5.540727997E0
9.030649892E1,-6.694528656E0,-4.454736328E0,5.529800720E0
9.031647592E1,-6.945406952E0,-4.312532043E0,5.460345154E0
9.032645292E1,-7.125033417E0,-4.408183136E0,5.501509552E0
9.033642992E1,-7.186854858E0,-4.650080109E0,5.668262787E0
9.034640592E1,-7.283703461E0,-4.719685364E0,5.832321625E0
9.035638292E1,-7.347470856E0,-4.636458435E0,5.873336334E0
9.036635992E1,-7.382947083E0,-4.644242249E0,5.946534119E0
9.037633592E1,-7.414681091E0,-4.730612640E0,6.081403656E0
9.038631292E1,-7.403903503E0,-4.847220154E0,6.271358643E0
9.039628992E1,-7.406448212E0,-4.850812683E0,6.462062073E0
9.040626592E1,-7.384593658E0,-4.619094543E0,6.555018768E0
9.041624292E1,-7.222181396E0,-4.568050690E0,6.441105652E0
9.042621992E1,-7.163503418E0,-4.594395905E0,6.330934753E0
9.043619692E1,-7.267686768E0,-4.603526917E0,6.419999542E0
9.044617292E1,-7.405999146E0,-4.810696106E0,6.679410095E0
9.045614992E1,-7.841293945E0,-4.840334473E0,6.936126251E0
9.046612692E1,-8.325536957E0,-4.560566254E0,6.879094849E0
9.047610292E1,-8.538244629E0,-4.485272827E0,6.599476318E0
9.048607992E1,-8.606352997E0,-4.654720459E0,6.513105927E0
9.049605692E1,-8.625513153E0,-4.906047821E0,6.740333405E0
9.050603292E1,-8.789871368E0,-4.953648834E0,6.968159637E0
9.051600992E1,-9.018595734E0,-4.729415131E0,6.950646057E0
9.052598692E1,-9.246721344E0,-4.604425049E0,6.835984497E0
9.053596392E1,-9.365424500E0,-4.674329681E0,6.766828308E0
9.054593992E1,-9.255702667E0,-4.781057739E0,6.742578735E0
9.055591692E1,-9.150920563E0,-4.818330231E0,6.904242554E0
9.056589392E1,-9.284891968E0,-4.688400421E0,7.084318085E0
9.057586992E1,-9.482930145E0,-4.662803650E0,7.202871552E0
9.058584692E1,-9.521400146E0,-4.679419098E0,7.172035675E0
9.059582392E1,-9.366472321E0,-4.728966064E0,7.310797119E0
9.060579992E1,-9.366322632E0,-5.026098175E0,7.757468262E0
9.061577692E1,-9.529932404E0,-5.151537323E0,8.107590179E0
9.062575392E1,-9.642797699E0,-5.085225220E0,8.165220337E0
9.063572992E1,-9.818981323E0,-5.042414246E0,8.219557343E0
9.064570692E1,-9.802814941E0,-5.120851135E0,8.378377075E0
9.065568392E1,-9.732161865E0,-5.272934875E0,8.712931366E0
9.066566092E1,-9.905052338E0,-5.072202301E0,8.878337402E0
9.067563692E1,-9.998009033E0,-4.774022369E0,8.802594910E0
9.068561392E1,-9.928703156E0,-4.823419647E0,8.710985413E0
9.069559029E1,-9.720336456E0,-4.790637817E0,8.682843933E0
9.070556629E1,-9.637259216E0,-4.783452759E0,8.907227325E0
9.071554329E1,-9.835596771E0,-4.874912567E0,9.114546204E0
9.072552029E1,-1.009336075E1,-4.760400696E0,9.155411224E0
9.073549629E1,-1.014724869E1,-4.688999176E0,9.073531494E0
9.074547329E1,-1.013407608E1,-4.654421082E0,9.075178070E0
9.075545029E1,-9.993668060E0,-4.774621124E0,9.228609009E0
9.076542729E1,-1.014575180E1,-4.966522064E0,9.586365051E0
9.077540329E1,-1.038914566E1,-4.843328247E0,9.767488403E0
9.078538029E1,-1.042162811E1,-4.622088318E0,9.673034821E0
9.079535729E1,-1.034813095E1,-4.622088318E0,9.441616058E0
9.080533329E1,-1.017913239E1,-4.756808167E0,9.567354584E0
9.081531029E1,-1.024424698E1,-4.937931519E0,1.011551468E1
9.082528729E1,-1.046129562E1,-4.888085175E0,1.030666718E1
9.083526329E1,-1.065439407E1,-4.604874115E0,1.005084915E1
9.084524029E1,-1.064182022E1,-4.597988434E0,9.820927277E0
9.085521729E1,-1.049482590E1,-4.676874390E0,9.963430939E0
9.086519429E1,-1.050380722E1,-4.639302521E0,1.035965698E1
9.087517029E1,-1.071501801E1,-4.650678864E0,1.064945435E1
9.088514729E1,-1.092293564E1,-4.443958740E0,1.066023193E1
9.089512429E1,-1.080812439E1,-4.306095428E0,1.048928741E1
9.090510029E1,-1.063912582E1,-4.376598816E0,1.053075119E1
9.091507729E1,-1.048764084E1,-4.186943207E0,1.066457291E1
9.092505429E1,-1.058868073E1,-4.260140991E0,1.113818802E1
9.093503029E1,-1.082833237E1,-4.312532043E0,1.142394379E1
9.094500729E1,-1.077579163E1,-4.273612976E0,1.149923721E1
9.095498429E1,-1.069466034E1,-4.304448853E0,1.150941605E1
9.096496129E1,-1.058194473E1,-4.215384064E0,1.157767410E1
9.097493729E1,-1.043180695E1,-4.234693909E0,1.201147202E1
9.098491429E1,-1.054751633E1,-4.214485931E0,1.217223770E1
9.099489129E1,-1.055769516E1,-3.992497559E0,1.192959229E1
9.100486729E1,-1.044857208E1,-4.059707794E0,1.194231583E1
9.101484429E1,-1.042492126E1,-4.175566864E0,1.221654556E1
9.102482129E1,-1.039543259E1,-4.018992462E0,1.245215561E1
9.103479829E1,-1.055844360E1,-4.003125458E0,1.261322067E1
9.104477429E1,-1.061622345E1,-3.792962494E0,1.242491226E1
9.105475129E1,-1.044976959E1,-3.833228760E0,1.232192642E1
9.106472829E1,-1.036639297E1,-3.795507202E0,1.246218475E1
9.107470429E1,-1.035681290E1,-3.619173889E0,1.264690063E1
9.108468129E1,-1.068792435E1,-3.714824982E0,1.288355850E1
9.109465829E1,-1.100840790E1,-3.696113892E0,1.295765442E1
9.110463429E1,-1.099433716E1,-3.610641632E0,1.288864792E1
9.111461129E1,-1.105675735E1,-3.597768402E0,1.293684769E1
9.112458829E1,-1.108729385E1,-3.462749176E0,1.309147614E1
9.113456529E1,-1.120958954E1,-3.562142487E0,1.343576019E1
9.114454129E1,-1.160865967E1,-3.495980072E0,1.367990250E1
9.115451829E1,-1.164727936E1,-3.196902008E0,1.361239288E1
9.116449529E1,-1.143442200E1,-3.196003876E0,1.356718689E1
9.117447129E1,-1.117710709E1,-3.045267334E0,1.357646759E1
9.118444829E1,-1.094449081E1,-2.968776398E0,1.383917130E1
9.119442529E1,-1.098849930E1,-3.179538116E0,1.416683990E1
9.120440129E1,-1.100736008E1,-3.076851654E0,1.421698563E1
9.121437829E1,-1.096559692E1,-3.020568695E0,1.412058609E1
9.122435529E1,-1.086710175E1,-3.042273560E0,1.415306854E1
9.123433229E1,-1.071561676E1,-2.888842621E0,1.427985489E1
9.124430829E1,-1.085692291E1,-2.958298187E0,1.447968933E1
9.125428529E1,-1.091649902E1,-2.905458069E0,1.445813416E1
9.126426229E1,-1.074750046E1,-2.796634369E0,1.452654190E1
9.127423829E1,-1.088012466E1,-2.865640869E0,1.467503311E1
9.128421529E1,-1.098670303E1,-2.706671448E0,1.475287125E1
9.129419229E1,-1.114582214E1,-2.675386505E0,1.480705856E1
9.130416829E1,-1.114417557E1,-2.585872650E0,1.459734467E1
9.131414529E1,-1.104568039E1,-2.441722412E0,1.450693268E1
9.132412229E1,-1.121692429E1,-2.628084869E0,1.464135315E1
9.133409929E1,-1.129356491E1,-2.436782684E0,1.456471252E1
9.134407529E1,-1.140253830E1,-2.225122833E0,1.457668762E1
9.135405229E1,-1.159698395E1,-2.193837891E0,1.446531921E1
9.136402929E1,-1.151555328E1,-2.138602753E0,1.438897797E1
9.137400529E1,-1.156135803E1,-2.347717896E0,1.452175186E1
9.138398229E1,-1.172856033E1,-2.308948517E0,1.456950256E1
9.139395929E1,-1.179666870E1,-2.138902130E0,1.466545303E1
9.140393629E1,-1.195563812E1,-2.162702637E0,1.464644257E1
9.141391229E1,-1.184277283E1,-2.004182281E0,1.451501587E1
9.142388929E1,-1.180924255E1,-1.991458740E0,1.459150681E1
9.143386629E1,-1.192195816E1,-2.000589752E0,1.461246323E1
9.144384229E1,-1.192540100E1,-1.723216553E0,1.459584778E1
9.145381929E1,-1.201910614E1,-1.649719391E0,1.462264206E1
9.146379629E1,-1.203542221E1,-1.606459351E0,1.455198898E1
9.147377229E1,-1.201251984E1,-1.596729584E0,1.468191879E1
9.148374929E1,-1.213376770E1,-1.697769470E0,1.485301300E1
9.149372629E1,-1.213930618E1,-1.533111877E0,1.485870117E1
9.150370329E1,-1.216071167E1,-1.370400238E0,1.490345810E1
9.151367929E1,-1.210921875E1,-1.365310822E0,1.473999802E1
9.152365629E1,-1.195893127E1,-1.375339966E0,1.472413101E1
9.153363329E1,-1.201266953E1,-1.347048798E0,1.481304611E1
9.154360929E1,-1.201985458E1,-1.297052765E0,1.479927475E1
9.155358629E1,-1.209529770E1,-1.128952332E0,1.472787323E1
9.156356329E1,-1.202943466E1,-1.049467621E0,1.461381042E1
9.157353929E1,-1.195294373E1,-1.102307739E0,1.461051727E1
9.158351629E1,-1.195354248E1,-1.009051666E0,1.462249237E1
9.159349329E1,-1.190983337E1,-9.481283569E-1,1.458372299E1
9.160347029E1,-1.199665283E1,-7.662565613E-1,1.453492447E1
9.161344629E1,-1.192614944E1,-7.044351196E-1,1.441412567E1
9.162342329E1,-1.194291458E1,-7.852670288E-1,1.434452042E1
9.163340029E1,-1.200264038E1,-6.336323547E-1,1.429108154E1
9.164337629E1,-1.191477310E1,-5.879772949E-1,1.430170944E1
9.165335329E1,-1.205458237E1,-5.773493958E-1,1.427521454E1
9.166333029E1,-1.198422867E1,-5.011578369E-1,1.421039932E1
9.167330629E1,-1.191492279E1,-6.069877625E-1,1.424228302E1
9.168328329E1,-1.199425781E1,-5.659730530E-1,1.426832886E1
9.169326100E1,-1.188723038E1,-5.453160095E-1,1.428254929E1
9.170323800E1,-1.194126801E1,-4.049079895E-1,1.421399185E1
9.171321400E1,-1.187585403E1,-9.639953613E-2,1.414109344E1
9.172319100E1,-1.183513870E1,-1.142124939E-1,1.415546356E1
9.173316800E1,-1.199874847E1,-7.634124756E-2,1.405891434E1
9.174314400E1,-1.192120972E1,6.511459351E-2,1.404693924E1
9.175312100E1,-1.195803314E1,8.696914673E-2,1.405562119E1
9.176309800E1,-1.190324707E1,2.531236267E-1,1.398631531E1
9.177307500E1,-1.177900543E1,2.386038208E-1,1.395338379E1
9.178305100E1,-1.183394119E1,2.227368164E-1,1.383363281E1
9.179302800E1,-1.164847687E1,2.866539001E-1,1.377690079E1
9.180300500E1,-1.162392792E1,2.424957275E-1,1.376462631E1
9.181298100E1,-1.152812714E1,4.519102478E-1,1.355371490E1
9.182295800E1,-1.135074600E1,5.028044128E-1,1.344848373E1
9.183293500E1,-1.144998962E1,4.920268250E-1,1.329041245E1
9.184291100E1,-1.136047577E1,5.897735596E-1,1.313264053E1
9.185288800E1,-1.132664612E1,6.746470642E-1,1.299298096E1
9.186286500E1,-1.130733627E1,7.673043823E-1,1.279239807E1
9.187284200E1,-1.130209717E1,7.250921631E-1,1.277757889E1
9.188281800E1,-1.146675476E1,6.882687378E-1,1.278715897E1
9.189279500E1,-1.151405640E1,8.189469910E-1,1.275213181E1
9.190277200E1,-1.153261780E1,8.788224792E-1,1.262160324E1
9.191274800E1,-1.151839737E1,9.500743103E-1,1.242221786E1
9.192272500E1,-1.137394775E1,1.096918945E0,1.229498245E1
9.193270200E1,-1.143546982E1,1.151106262E0,1.229737747E1
9.194267900E1,-1.147124542E1,1.259181519E0,1.216819611E1
9.195265500E1,-1.136406830E1,1.412911835E0,1.211311066E1
9.196263200E1,-1.129161896E1,1.523232422E0,1.203826630E1
9.197260900E1,-1.110166397E1,1.703607330E0,1.205832458E1
9.198258500E1,-1.105196732E1,1.710343323E0,1.214858688E1
9.199256200E1,-1.105271576E1,1.658251648E0,1.206356369E1
9.200253900E1,-1.087308929E1,1.744023285E0,1.202599182E1
9.201251500E1,-1.074869797E1,1.798809357E0,1.195084808E1
9.202249200E1,-1.052596115E1,1.898951111E0,1.176972473E1
9.203246900E1,-1.035666321E1,1.916913757E0,1.183079773E1
9.204244600E1,-1.041204803E1,1.885778503E0,1.181627792E1
9.205242200E1,-1.027104126E1,2.062560883E0,1.165162033E1
9.206239900E1,-1.014724869E1,2.103725281E0,1.153516251E1
9.207237600E1,-1.007345215E1,2.025288391E0,1.137933655E1
9.208235200E1,-1.001956421E1,2.029928741E0,1.140822647E1
9.209232900E1,-1.016251694E1,2.093546448E0,1.140433456E1
9.210230600E1,-1.008063721E1,2.094893646E0,1.128548172E1
9.211228300E1,-9.926757202E0,1.930685120E0,1.128054199E1
9.212225900E1,-9.906998291E0,1.932032318E0,1.115495316E1
9.213223600E1,-9.798024902E0,2.155667267E0,1.089703949E1
9.214221300E1,-9.825867004E0,2.313289490E0,1.077130096E1
9.215218900E1,-9.653874664E0,2.360740814E0,1.063463516E1
9.216216600E1,-9.345665588E0,2.342927856E0,1.046713348E1
9.217214300E1,-9.270970917E0,2.447859650E0,1.021371048E1
9.218211900E1,-9.097332001E0,2.462678833E0,1.014889526E1
9.219209600E1,-9.147477722E0,2.468367004E0,1.023840912E1
9.220207300E1,-9.285041656E0,2.586770782E0,1.010982651E1
9.221205000E1,-9.095236359E0,2.689756622E0,9.951605530E0
9.222202600E1,-8.922794952E0,2.719245300E0,9.824968872E0
9.223200300E1,-8.837622070E0,2.716700592E0,9.784253540E0
9.224198000E1,-8.823551331E0,2.781964874E0,9.881102142E0
9.225195600E1,-8.844657440E0,2.962639160E0,9.746531982E0
9.226193300E1,-8.620124359E0,3.137774963E0,9.605375519E0
9.227191000E1,-8.489745483E0,3.150348816E0,9.515562286E0
9.228188700E1,-8.362659760E0,3.111429749E0,9.376351776E0
9.229186300E1,-8.272247772E0,3.124752045E0,9.357041931E0
9.230184000E1,-8.240663452E0,3.300486603E0,9.245523834E0
9.231181700E1,-8.085136871E0,3.446882172E0,9.104367371E0
9.232179300E1,-8.054600372E0,3.484154663E0,8.954229584E0
9.233177000E1,-7.973618774E0,3.374432831E0,8.775650940E0
9.234174700E1,-7.753127289E0,3.329675903E0,8.878187714E0
9.235172300E1,-7.752827911E0,3.382815399E0,8.955277405E0
9.236170000E1,-7.665110321E0,3.404969330E0,8.914711761E0
9.237167700E1,-7.533234558E0,3.334166565E0,8.782985687E0
9.238165400E1,-7.384593658E0,3.282673645E0,8.535400543E0
9.239163000E1,-7.183561707E0,3.226390686E0,8.547675018E0
9.240160700E1,-7.293582916E0,3.307521973E0,8.501570892E0
9.241158400E1,-7.215445404E0,3.394640808E0,8.292605438E0
9.242156000E1,-6.875951385E0,3.374582520E0,8.118367767E0
9.243153700E1,-6.921307068E0,3.426075439E0,7.953410797E0
9.244151400E1,-6.924450531E0,3.366798706E0,7.940537567E0
9.245149100E1,-6.959328003E0,3.390748901E0,7.928861847E0
9.246146700E1,-6.821315002E0,3.423530731E0,7.680079193E0
9.247144400E1,-6.589447174E0,3.455713806E0,7.536677399E0
9.248142100E1,-6.556216278E0,3.536994781E0,7.346423035E0
9.249139700E1,-6.411766663E0,3.407064972E0,7.299720154E0
9.250137400E1,-6.337670746E0,3.385060730E0,7.351811829E0
9.251135100E1,-6.368057556E0,3.438798981E0,7.269782410E0
9.252132700E1,-6.307583313E0,3.377426605E0,7.170987854E0
9.253130400E1,-6.160738678E0,3.336711273E0,6.953789520E0
9.254128100E1,-5.911207581E0,3.275039520E0,6.785988464E0
9.255125800E1,-5.844596100E0,3.376678162E0,6.806795197E0
9.256123400E1,-6.065985718E0,3.506009216E0,6.872358856E0
9.257121100E1,-6.030659180E0,3.446732483E0,6.849306793E0
9.258118800E1,-5.914201355E0,3.506757660E0,6.671326904E0
9.259116400E1,-5.691165161E0,3.491788788E0,6.598129120E0
9.260114100E1,-5.568420410E0,3.433859253E0,6.667434998E0
9.261111800E1,-5.398972778E0,3.362607422E0,6.665788422E0
9.262109500E1,-5.220094757E0,3.314108276E0,6.658004608E0
9.263107100E1,-5.236859894E0,3.369044037E0,6.574328613E0
9.264104800E1,-5.130431213E0,3.313509521E0,6.451134796E0
9.265102500E1,-4.841981049E0,3.135978699E0,6.406826935E0
9.266100100E1,-4.614603882E0,3.133433990E0,6.280789032E0
9.267097800E1,-4.511618042E0,3.123404846E0,6.259832611E0
9.268095500E1,-4.531526642E0,3.103645935E0,6.238427124E0
9.269093200E1,-4.460274811E0,3.074306946E0,6.012546844E0
9.270090729E1,-4.232298889E0,3.019221497E0,5.901477814E0
9.271088429E1,-4.180057526E0,3.059188385E0,5.853577423E0
9.272086129E1,-4.127067719E0,2.982697449E0,5.851781158E0
9.273083729E1,-3.979923706E0,2.880160675E0,5.775888977E0
9.274081429E1,-3.943998413E0,2.936892700E0,5.521118774E0
9.275079129E1,-3.970343628E0,2.859803009E0,5.443280640E0
9.276076729E1,-4.021387482E0,2.827320557E0,5.389093323E0
9.277074429E1,-3.885919189E0,2.716251526E0,5.318889313E0
9.278072129E1,-3.784879303E0,2.608775024E0,5.291795654E0
9.279069829E1,-3.881278839E0,2.682122498E0,5.123994598E0
9.280067429E1,-3.802692261E0,2.519560547E0,5.059179382E0
9.281065129E1,-3.616928558E0,2.405647430E0,4.895120544E0
9.282062829E1,-3.519032135E0,2.443967743E0,4.761598206E0
9.283060429E1,-3.534001007E0,2.404749298E0,4.774621124E0
9.284058129E1,-3.595672760E0,2.437680817E0,4.699477386E0
9.285055829E1,-3.389252014E0,2.338137817E0,4.607718201E0
9.286053529E1,-3.320395203E0,2.293380890E0,4.515060883E0
9.287051129E1,-3.477568359E0,2.392923889E0,4.441264343E0
9.288048829E1,-3.376079407E0,2.193388824E0,4.514911194E0
9.289046529E1,-3.332370300E0,2.190095673E0,4.410578156E0
9.290044129E1,-3.275488586E0,2.112107849E0,4.332889709E0
9.291041829E1,-3.290158081E0,2.040107574E0,4.290378113E0
9.292039529E1,-3.274740143E0,1.988914032E0,4.221820679E0
9.293037229E1,-3.058290253E0,1.756597137E0,4.252057800E0
9.294034829E1,-3.055895233E0,1.782493286E0,4.112697601E0
9.295032529E1,-3.076701965E0,1.794019318E0,4.114194489E0
9.296030229E1,-3.004402313E0,1.650916901E0,4.129762115E0
9.297027829E1,-2.937790833E0,1.634002075E0,4.023782501E0
9.298025529E1,-2.854713593E0,1.540296936E0,4.050576782E0
9.299023229E1,-2.846480713E0,1.501976624E0,3.994892578E0
9.300020929E1,-2.808459778E0,1.483415222E0,3.930676117E0
9.301018529E1,-2.733166351E0,1.332079926E0,3.846551056E0
9.302016229E1,-2.776426392E0,1.323098602E0,3.746409302E0
9.303013929E1,-2.720442810E0,1.167721710E0,3.751498718E0
9.304011529E1,-2.670746155E0,1.102906494E0,3.725901947E0
9.305009229E1,-2.533481598E0,1.039438477E0,3.712280273E0
9.306006929E1,-2.484832764E0,9.556127930E-1,3.648512878E0
9.307004629E1,-2.542313232E0,1.001267853E0,3.562591553E0
9.308002229E1,-2.528242493E0,8.919950867E-1,3.565884705E0
9.308999929E1,-2.539319458E0,7.792794800E-1,3.568429413E0
9.309997629E1,-2.548600159E0,7.596702576E-1,3.543132019E0
9.310995229E1,-2.514022064E0,6.174659729E-1,3.513793030E0
9.311992929E1,-2.545905762E0,5.553451538E-1,3.471131744E0
9.312990629E1,-2.535427551E0,4.104464722E-1,3.413052521E0
9.313988329E1,-2.594255219E0,2.923420715E-1,3.348686371E0
9.314985929E1,-2.657124481E0,2.597099304E-1,3.356919250E0
9.315983629E1,-2.569107513E0,7.274871826E-2,3.381019135E0
9.316981329E1,-2.585722961E0,-4.281097412E-2,3.382216644E0
9.317978929E1,-2.614912262E0,-1.776805115E-1,3.423530731E0
9.318976629E1,-2.640658722E0,-3.204835510E-1,3.460952911E0
9.319974329E1,-2.775677948E0,-3.556604004E-1,3.509601746E0
9.320972029E1,-2.767894135E0,-4.887336731E-1,3.484753418E0
9.321969629E1,-2.751727753E0,-6.030958557E-1,3.381617889E0
9.322967329E1,-2.705923004E0,-6.653663635E-1,3.361858978E0
9.323965029E1,-2.639610901E0,-8.548722839E-1,3.340902557E0
9.324962629E1,-2.702779541E0,-9.445358276E-1,3.304977264E0
9.325960329E1,-2.703827362E0,-1.066382446E0,3.309767303E0
9.326958029E1,-2.735711060E0,-1.160985718E0,3.325185242E0
9.327955629E1,-2.720592499E0,-1.283431091E0,3.380121002E0
9.328953329E1,-2.630330200E0,-1.504072266E0,3.410507812E0
9.329951029E1,-2.605032806E0,-1.644629974E0,3.447929993E0
9.330948729E1,-2.713557129E0,-1.712438965E0,3.525468750E0
9.331946329E1,-2.854414215E0,-1.829345856E0,3.505410461E0
9.332944029E1,-2.884501648E0,-1.924398193E0,3.458857269E0
9.333941729E1,-2.788700867E0,-2.036365356E0,3.435655518E0
9.334939329E1,-2.668201447E0,-2.245779877E0,3.435505829E0
9.335937029E1,-2.573598175E0,-2.332898712E0,3.540886688E0
9.336934729E1,-2.460283813E0,-2.393822021E0,3.589086456E0
9.337932429E1,-2.496209106E0,-2.337838440E0,3.549119568E0
9.338930029E1,-2.611020355E0,-2.269580383E0,3.462150421E0
9.339927729E1,-2.647095337E0,-2.312391357E0,3.409010925E0
9.340925429E1,-2.636168060E0,-2.385738831E0,3.441044312E0
9.341923129E1,-2.704575806E0,-2.347717896E0,3.529510345E0
9.342920729E1,-2.834954681E0,-2.347568207E0,3.565884705E0
9.343918429E1,-2.960244141E0,-2.437980194E0,3.614234161E0
9.344916129E1,-3.011886749E0,-2.757415924E0,3.655248871E0
9.345913729E1,-3.229833527E0,-2.861150208E0,3.833378448E0
9.346911429E1,-3.347039795E0,-2.962339783E0,4.030368805E0
9.347909129E1,-3.417543182E0,-3.111130371E0,4.088897095E0
9.348906729E1,-3.691922607E0,-3.090473328E0,4.080215149E0
9.349904429E1,-3.922742615E0,-3.093018036E0,4.057462463E0
9.350902129E1,-3.999532928E0,-3.094514923E0,4.054319000E0
9.351899829E1,-3.972289581E0,-3.244952087E0,4.079466705E0
9.352897429E1,-4.028572540E0,-3.306174774E0,4.152215424E0
9.353895129E1,-4.121229858E0,-3.202889557E0,4.176464996E0
9.354892829E1,-4.110751648E0,-3.279829559E0,4.095184021E0
9.355890529E1,-4.171375580E0,-3.415597229E0,4.098926239E0
9.356888129E1,-4.266727295E0,-3.491788788E0,4.251009979E0
9.357885829E1,-4.336931305E0,-3.621119843E0,4.374503174E0
9.358883529E1,-4.447401581E0,-3.653003540E0,4.394860840E0
9.359881129E1,-4.480183411E0,-3.772604828E0,4.350852356E0
9.360878829E1,-4.621489563E0,-3.864962769E0,4.415817261E0
9.361876529E1,-4.683011627E0,-3.912713470E0,4.549938354E0
9.362874229E1,-4.635260925E0,-4.108656006E0,4.672832794E0
9.363871829E1,-4.681365051E0,-4.112847290E0,4.753964081E0
9.364869529E1,-4.700974274E0,-4.043391724E0,4.703369293E0
9.365867229E1,-4.708159332E0,-4.024530945E0,4.678670654E0
9.366864829E1,-4.701273651E0,-4.115541687E0,4.776866455E0
9.367862529E1,-4.741539917E0,-4.183350677E0,4.943919067E0
9.368860229E1,-5.013823700E0,-4.013753357E0,5.069208527E0
9.369857850E1,-5.167254639E0,-4.018094330E0,5.056484985E0
9.370855550E1,-5.228477325E0,-4.209995270E0,5.117258606E0
9.371853250E1,-5.410349121E0,-4.192032623E0,5.348827057E0
9.372850950E1,-5.502707062E0,-4.277055817E0,5.489833832E0
9.373848550E1,-5.546116791E0,-4.307442627E0,5.511688385E0
9.374846250E1,-5.497467957E0,-4.243974609E0,5.409151611E0
9.375843950E1,-5.466033325E0,-4.297413483E0,5.400619354E0
9.376841650E1,-5.537584534E0,-4.234843597E0,5.392386475E0
9.377839250E1,-5.476361847E0,-4.343816986E0,5.357209625E0
9.378836950E1,-5.647156677E0,-4.414919128E0,5.461243286E0
9.379834650E1,-5.901926880E0,-4.291126556E0,5.449417877E0
9.380832250E1,-6.068530426E0,-4.391417999E0,5.445076904E0
9.381829950E1,-6.348897400E0,-4.421655121E0,5.444029083E0
9.382827650E1,-6.520290985E0,-4.434378662E0,5.533093872E0
9.383825350E1,-6.721472626E0,-4.531826019E0,5.669759674E0
9.384822950E1,-6.951394501E0,-4.507875824E0,5.717660065E0
9.385820650E1,-7.019502869E0,-4.605023804E0,5.760171661E0
9.386818350E1,-7.197931824E0,-4.649331665E0,5.832920380E0
9.387815950E1,-7.414232025E0,-4.676724701E0,5.938151550E0
9.388813650E1,-7.564070435E0,-4.821024628E0,6.055357819E0
9.389811350E1,-7.672145691E0,-4.694687347E0,6.083648987E0
9.390809050E1,-7.680827637E0,-4.685406647E0,6.188580780E0
9.391806650E1,-7.816894684E0,-4.719385986E0,6.402785339E0
9.392804350E1,-7.758815460E0,-4.683610382E0,6.403234406E0
9.393802050E1,-7.463778992E0,-4.814138947E0,6.381529541E0
9.394799650E1,-7.372319183E0,-4.643493805E0,6.351591797E0
9.395797350E1,-7.287894745E0,-4.669839020E0,6.465205536E0
9.396795050E1,-7.317982178E0,-4.921465759E0,6.706204376E0
9.397792750E1,-7.562723236E0,-4.812342682E0,6.813980255E0
9.398790350E1,-7.835605774E0,-4.778962097E0,6.860683136E0
9.399788050E1,-8.154293060E0,-4.767286377E0,6.881789246E0
9.400785750E1,-8.087232513E0,-4.789290619E0,6.812183990E0
9.401783350E1,-8.103698273E0,-4.913981323E0,6.974147186E0
9.402781050E1,-8.305628357E0,-4.781506805E0,7.102430420E0
9.403778750E1,-8.435707855E0,-4.805157623E0,7.213349762E0
9.404776450E1,-8.751101990E0,-4.779261475E0,7.278314667E0
9.405774050E1,-8.961863708E0,-4.523892517E0,7.275320892E0
9.406771750E1,-8.957822113E0,-4.690645752E0,7.337441711E0
9.407769450E1,-9.181606750E0,-4.761897583E0,7.285350037E0
9.408767050E1,-9.205407257E0,-4.697531433E0,7.396718445E0
9.409764750E1,-9.333241425E0,-4.675976257E0,7.564669189E0
9.410762450E1,-9.539662170E0,-4.560266876E0,7.510930939E0
9.411760150E1,-9.618099060E0,-4.592899017E0,7.517217865E0
9.412757750E1,-9.666897583E0,-4.670288086E0,7.532336426E0
9.413755450E1,-9.612410889E0,-4.775369568E0,7.625143433E0
9.414753150E1,-9.675130463E0,-5.075944519E0,8.015531616E0
9.415750850E1,-9.840985565E0,-5.096751251E0,8.072563019E0
9.416748450E1,-9.897567902E0,-5.085075531E0,8.138426056E0
9.417746150E1,-1.011132339E1,-5.110372925E0,8.304131470E0
9.418743850E1,-1.006162674E1,-5.038372650E0,8.393345947E0
9.419741450E1,-1.006836273E1,-5.092859344E0,8.621770935E0
9.420739150E1,-1.008333160E1,-4.906796265E0,8.692873077E0
9.421736850E1,-1.003992188E1,-4.799020386E0,8.762628021E0
9.422734550E1,-1.005818390E1,-4.868026886E0,8.900491333E0
9.423732150E1,-1.000878662E1,-4.657265167E0,8.876391449E0
9.424729850E1,-9.952204285E0,-4.744234314E0,9.118438110E0
9.425727550E1,-1.006282425E1,-4.751419373E0,9.235943756E0
9.426725150E1,-9.985884247E0,-4.640200653E0,9.151968384E0
9.427722850E1,-1.008812164E1,-4.785997467E0,9.426497498E0
9.428720550E1,-1.016416351E1,-4.702920227E0,9.500294037E0
9.429718250E1,-1.009036697E1,-4.788392487E0,9.607920227E0
9.430715850E1,-1.027568161E1,-4.948559418E0,9.867330780E0
9.431713550E1,-1.036025574E1,-4.729714508E0,9.719288635E0
9.432711250E1,-1.032837204E1,-4.800367584E0,9.938582611E0
9.433708850E1,-1.040082138E1,-4.836741943E0,1.003363495E1
9.434706550E1,-1.032388138E1,-4.690346375E0,1.002240829E1
9.435704250E1,-1.050500473E1,-4.687352600E0,1.028136978E1
9.436701950E1,-1.056098831E1,-4.597239990E0,1.019859192E1
9.437699550E1,-1.051862640E1,-4.503983917E0,1.016446289E1
9.438697250E1,-1.061442719E1,-4.543052673E0,1.037477554E1
9.439694950E1,-1.056787399E1,-4.457730103E0,1.041863434E1
9.440692550E1,-1.060529617E1,-4.366419983E0,1.060155396E1
9.441690250E1,-1.071666458E1,-4.346212006E0,1.060335022E1
9.442687950E1,-1.069600754E1,-4.448150024E0,1.068927155E1
9.443685650E1,-1.079629898E1,-4.483027496E0,1.098146393E1
9.444683250E1,-1.071606583E1,-4.355941772E0,1.107082809E1
9.445680950E1,-1.067714676E1,-4.264182587E0,1.127665009E1
9.446678650E1,-1.076651093E1,-4.318669281E0,1.150791916E1
9.447676350E1,-1.077668976E1,-4.351151733E0,1.157018967E1
9.448673950E1,-1.079285614E1,-4.384532318E0,1.173978699E1
9.449671650E1,-1.073597443E1,-4.224515076E0,1.173335037E1
9.450669350E1,-1.060963715E1,-4.157454529E0,1.180594940E1
9.451666950E1,-1.064675995E1,-4.069287872E0,1.193198730E1
9.452664650E1,-1.061008621E1,-3.950285339E0,1.200593353E1
9.453662350E1,-1.067026108E1,-4.094435577E0,1.217074081E1
9.454660050E1,-1.071307205E1,-4.085454254E0,1.230486191E1
9.455657650E1,-1.054976166E1,-3.947441254E0,1.235455856E1
9.456655350E1,-1.067609894E1,-3.799399109E0,1.244407242E1
9.457653050E1,-1.075752960E1,-3.741918640E0,1.244003082E1
9.458650650E1,-1.086440735E1,-3.785328369E0,1.254630981E1
9.459648350E1,-1.096080688E1,-3.758833466E0,1.267294647E1
9.460646050E1,-1.088102280E1,-3.600762177E0,1.260648468E1
9.461643750E1,-1.093056976E1,-3.559897156E0,1.273761200E1
9.462641350E1,-1.107876160E1,-3.547323303E0,1.287802002E1
9.463639050E1,-1.114342712E1,-3.669169922E0,1.309940964E1
9.464636750E1,-1.140613083E1,-3.769311676E0,1.340118210E1
9.465634350E1,-1.155641830E1,-3.653602295E0,1.362032639E1
9.466632050E1,-1.154025192E1,-3.469185791E0,1.369741608E1
9.467629750E1,-1.143307480E1,-3.247047729E0,1.364128281E1
9.468627450E1,-1.120958954E1,-3.172053680E0,1.370011047E1
9.469625025E1,-1.112037506E1,-3.222648468E0,1.393572052E1
9.470622725E1,-1.104358475E1,-3.248095551E0,1.410127625E1
9.471620425E1,-1.109822113E1,-3.092419281E0,1.416115173E1
9.472618125E1,-1.107846222E1,-2.927162933E0,1.407463165E1
9.473615725E1,-1.089853638E1,-2.938988342E0,1.407942169E1
9.474613425E1,-1.096739319E1,-3.051554260E0,1.436397995E1
9.475611125E1,-1.101424576E1,-2.999612274E0,1.447639618E1
9.476608725E1,-1.097936829E1,-2.863395538E0,1.435589676E1
9.477606425E1,-1.100736008E1,-2.794389038E0,1.435410049E1
9.478604125E1,-1.096709381E1,-2.816393280E0,1.444660812E1
9.479601825E1,-1.115180969E1,-2.887794800E0,1.454585175E1
9.480599425E1,-1.126961472E1,-2.825823669E0,1.455408463E1
9.481597125E1,-1.124656265E1,-2.675236816E0,1.451516556E1
9.482594825E1,-1.130404312E1,-2.540516968E0,1.447235458E1
9.483592525E1,-1.128099106E1,-2.520458679E0,1.443972244E1
9.484590125E1,-1.138592285E1,-2.547103271E0,1.444062057E1
9.485587825E1,-1.159129578E1,-2.495161285E0,1.447684525E1
9.486585525E1,-1.171359146E1,-2.503094788E0,1.447699493E1
9.487583125E1,-1.181612823E1,-2.429747314E0,1.447175583E1
9.488580825E1,-1.175026520E1,-2.267634430E0,1.433523972E1
9.489578525E1,-1.181582886E1,-2.321672058E0,1.444915283E1
9.490576225E1,-1.203766754E1,-2.393672333E0,1.454181015E1
9.491573825E1,-1.203751785E1,-2.374362488E0,1.460438004E1
9.492571525E1,-1.201895645E1,-2.043550415E0,1.445888260E1
9.493569225E1,-1.188573349E1,-1.764979706E0,1.435904022E1
9.494566825E1,-1.198497711E1,-2.035616913E0,1.446741486E1
9.495564525E1,-1.203617065E1,-1.960622864E0,1.440334808E1
9.496562225E1,-1.191492279E1,-1.758692780E0,1.439661209E1
9.497559925E1,-1.209859085E1,-1.610650635E0,1.440993439E1
9.498557525E1,-1.216924393E1,-1.553170166E0,1.437236252E1
9.499555225E1,-1.221205490E1,-1.657802582E0,1.445723602E1
9.500552925E1,-1.235186417E1,-1.499132538E0,1.463491653E1
9.501550625E1,-1.233809280E1,-1.587299194E0,1.480915421E1
9.502548225E1,-1.242341537E1,-1.615440674E0,1.467009338E1
9.503545925E1,-1.221100708E1,-1.341660004E0,1.447370178E1
9.504543625E1,-1.219364319E1,-1.369202728E0,1.465003510E1
9.505541225E1,-1.236698273E1,-1.388662262E0,1.463267120E1
9.506538925E1,-1.215337692E1,-1.439257050E0,1.458327393E1
9.507536625E1,-1.221699463E1,-1.302142181E0,1.460258377E1
9.508534325E1,-1.209889023E1,-1.036893768E0,1.443268707E1
9.509531925E1,-1.209709396E1,-1.181792450E0,1.445738571E1
9.510529625E1,-1.221190521E1,-1.032552795E0,1.435859116E1
9.511527325E1,-1.189246948E1,-9.252259827E-1,1.427326859E1
9.512525025E1,-1.213197144E1,-1.096619568E0,1.448403030E1
9.513522625E1,-1.204754700E1,-8.684939575E-1,1.433823349E1
9.514520325E1,-1.182825302E1,-7.740403748E-1,1.421309372E1
9.515518025E1,-1.198542618E1,-7.138655090E-1,1.420141800E1
9.516515625E1,-1.193019104E1,-6.783892822E-1,1.425545563E1
9.517513325E1,-1.199814972E1,-8.806187439E-1,1.432012115E1
9.518511025E1,-1.197794174E1,-5.584886169E-1,1.413495621E1
9.519508725E1,-1.187375839E1,-4.234693909E-1,1.414558411E1
9.520506325E1,-1.222507782E1,-4.797523499E-1,1.407762543E1
9.521504025E1,-1.200024536E1,-2.981799316E-1,1.395024033E1
9.522501725E1,-1.189980423E1,-3.445834351E-1,1.409468994E1
9.523499325E1,-1.199934723E1,-2.082170105E-1,1.397748367E1
9.524497025E1,-1.199814972E1,-1.839674377E-1,1.401400772E1
9.525494725E1,-1.213451614E1,-1.986369324E-1,1.388946671E1
9.526492425E1,-1.198183365E1,8.277786255E-2,1.380803604E1
9.527490025E1,-1.204679855E1,-3.203338623E-2,1.392793671E1
9.528487725E1,-1.210652435E1,1.541793823E-1,1.354817642E1
9.529485425E1,-1.181717606E1,2.633024597E-1,1.363843872E1
9.530483125E1,-1.200548447E1,1.953437805E-1,1.375145370E1
9.531480725E1,-1.193767548E1,3.327580261E-1,1.362556549E1
9.532478425E1,-1.179098053E1,2.236349487E-1,1.356254654E1
9.533476125E1,-1.189142166E1,4.203259277E-1,1.327963486E1
9.534473725E1,-1.149115402E1,7.286846924E-1,1.298609528E1
9.535471425E1,-1.160806091E1,6.114784241E-1,1.301738022E1
9.536469125E1,-1.152977371E1,6.024971008E-1,1.288116348E1
9.537466825E1,-1.136466705E1,5.352868652E-1,1.292891418E1
9.538464425E1,-1.170221512E1,5.682183838E-1,1.278072235E1
9.539462125E1,-1.151240982E1,7.349716187E-1,1.244332397E1
9.540459825E1,-1.147379013E1,5.980064392E-1,1.256067993E1
9.541457525E1,-1.164458496E1,7.006929016E-1,1.242161911E1
9.542455125E1,-1.147334106E1,9.042695618E-1,1.242012222E1
9.543452825E1,-1.160821060E1,9.104067993E-1,1.235395981E1
9.544450525E1,-1.148052612E1,1.087937622E0,1.220082825E1
9.545448125E1,-1.136062546E1,1.135239258E0,1.225336899E1
9.546445825E1,-1.145792313E1,1.203048248E0,1.203572159E1
9.547443525E1,-1.141855499E1,1.415007477E0,1.184412003E1
9.548441225E1,-1.128548172E1,1.428180084E0,1.183169586E1
9.549438825E1,-1.119207596E1,1.415007477E0,1.181657730E1
9.550436525E1,-1.110375961E1,1.525477753E0,1.189067322E1
9.551434225E1,-1.115809662E1,1.610351257E0,1.190339676E1
9.552431925E1,-1.105975113E1,1.703158264E0,1.187884781E1
9.553429525E1,-1.094194611E1,1.700912933E0,1.177750854E1
9.554427225E1,-1.079300583E1,1.739832001E0,1.165386566E1
9.555424925E1,-1.067460205E1,1.792821808E0,1.171583679E1
9.556422525E1,-1.071247330E1,1.878892822E0,1.164204025E1
9.557420225E1,-1.051802765E1,1.951491852E0,1.169068909E1
9.558417925E1,-1.046099625E1,1.953288116E0,1.154070099E1
9.559415625E1,-1.024604324E1,2.029329987E0,1.120644608E1
9.560413225E1,-9.942624207E0,1.984573059E0,1.124641296E1
9.561410925E1,-1.012225067E1,1.926643524E0,1.126018433E1
9.562408625E1,-1.006072861E1,1.997595978E0,1.111528564E1
9.563406325E1,-9.933642883E0,1.904639282E0,1.099927689E1
9.564403925E1,-9.899663544E0,2.029030609E0,1.058883041E1
9.565401625E1,-9.618548126E0,2.092049561E0,1.066981201E1
9.566399325E1,-9.737850037E0,2.077080688E0,1.079614929E1
9.567396925E1,-9.772128754E0,2.220183105E0,1.068268524E1
9.568394625E1,-9.524992676E0,2.184108124E0,1.059661423E1
9.569392325E1,-9.670340424E0,2.221081238E0,1.046174469E1
9.570390037E1,-9.558672638E0,2.306852875E0,1.028750702E1
9.571387637E1,-9.513316956E0,2.324516144E0,1.025382706E1
9.572385338E1,-9.408385162E0,2.487078094E0,1.002121078E1
9.573383038E1,-9.184600525E0,2.607278137E0,9.982591095E0
9.574380737E1,-9.167985077E0,2.627037048E0,9.916278992E0
9.575378338E1,-9.051527252E0,2.741698608E0,9.536668396E0
9.576376038E1,-8.790919189E0,2.803669739E0,9.486223297E0
9.577373737E1,-8.603808289E0,2.850222931E0,9.650132446E0
9.578371337E1,-8.583001556E0,2.915187836E0,9.743238831E0
9.579369038E1,-8.496331787E0,3.003055115E0,9.612111511E0
9.580366738E1,-8.364006958E0,3.071462860E0,9.307944031E0
9.581364437E1,-8.298892365E0,3.085982666E0,9.292376404E0
9.582362038E1,-8.346942444E0,3.120111694E0,9.264085236E0
9.583359738E1,-8.184081116E0,3.191513214E0,9.174272003E0
9.584357437E1,-8.080496521E0,3.323388977E0,8.981472931E0
9.585355137E1,-7.917934570E0,3.298690338E0,8.841513977E0
9.586352738E1,-7.827073517E0,3.168760529E0,8.809031525E0
9.587350438E1,-7.906408539E0,3.322640533E0,8.662486267E0
9.588348137E1,-7.707172852E0,3.474424896E0,8.671467590E0
9.589345738E1,-7.554789734E0,3.518882446E0,8.700058136E0
9.590343438E1,-7.488028564E0,3.389102325E0,8.549321594E0
9.591341138E1,-7.274871826E0,3.233575745E0,8.424331512E0
9.592338837E1,-7.338040466E0,3.274141388E0,8.383915558E0
9.593336438E1,-7.266040192E0,3.268902283E0,8.440797272E0
9.594334138E1,-7.268734589E0,3.201991425E0,8.342002716E0
9.595331837E1,-7.170688477E0,3.329675903E0,7.944279785E0
9.596329537E1,-6.779551849E0,3.279530182E0,7.768545227E0
9.597327138E1,-6.706952820E0,3.189567261E0,7.765401764E0
9.598324838E1,-6.871610413E0,3.190615082E0,7.782316589E0
9.599322537E1,-6.824159088E0,3.279380493E0,7.572003937E0
9.600320138E1,-6.754104767E0,3.371289368E0,7.281458130E0
9.601317838E1,-6.440207520E0,3.233426056E0,7.052733765E0
9.602315537E1,-6.403234406E0,3.217409363E0,6.994654541E0
9.603313237E1,-6.384822693E0,3.285667419E0,7.059769135E0
9.604310838E1,-6.367009735E0,3.339405670E0,7.067103882E0
9.605308538E1,-6.368656311E0,3.377426605E0,6.896608429E0
9.606306237E1,-6.245612183E0,3.357817383E0,6.783144379E0
9.607303938E1,-6.295009460E0,3.473526764E0,6.804100800E0
9.608301538E1,-6.236181793E0,3.471281433E0,6.811585236E0
9.609299237E1,-6.094875641E0,3.439547424E0,6.794371033E0
9.610296937E1,-5.976621552E0,3.466042328E0,6.764882355E0
9.611294638E1,-5.713768158E0,3.448229370E0,6.628815308E0
9.612292238E1,-5.529950409E0,3.416495361E0,6.549480286E0
9.613289937E1,-5.422922974E0,3.324287109E0,6.543492737E0
9.614287638E1,-5.272336121E0,3.224594421E0,6.590195618E0
9.615285238E1,-5.272635498E0,3.288062439E0,6.530769196E0
9.616282938E1,-5.090763702E0,3.210523682E0,6.425837402E0
9.617280637E1,-4.823719025E0,3.156785431E0,6.318211212E0
9.618278338E1,-4.668940887E0,3.184328156E0,6.358776855E0
9.619275938E1,-4.670737152E0,3.166365509E0,6.169270935E0
9.620273637E1,-4.672084351E0,3.253035278E0,6.101461945E0
9.621271337E1,-4.539909210E0,3.260370026E0,5.844895477E0
9.622269038E1,-4.405788116E0,3.200045471E0,5.664221191E0
9.623266638E1,-4.268523560E0,3.110381927E0,5.630840607E0
9.624264337E1,-4.154311066E0,2.963986359E0,5.648503876E0
9.625262038E1,-4.172573090E0,2.950514374E0,5.620063019E0
9.626259638E1,-4.239483948E0,2.903512115E0,5.437742157E0
9.627257337E1,-4.146676941E0,2.739004211E0,5.443580017E0
9.628255037E1,-3.816164246E0,2.647544403E0,5.371579742E0
9.629252738E1,-3.604504395E0,2.589764557E0,5.444927216E0
9.630250338E1,-3.829636230E0,2.705324249E0,5.287604370E0
9.631248037E1,-3.916904755E0,2.756667480E0,5.137915649E0
9.632245738E1,-3.740571442E0,2.645448761E0,4.947361908E0
9.633243438E1,-3.620970154E0,2.622696075E0,4.837041321E0
9.634241038E1,-3.488944702E0,2.468367004E0,4.995711365E0
9.635238737E1,-3.582200775E0,2.418370972E0,4.924908600E0
9.636236438E1,-3.533252563E0,2.458038483E0,4.787045288E0
9.637234138E1,-3.520379333E0,2.378853149E0,4.791535950E0
9.638231737E1,-3.658691711E0,2.381397858E0,4.584366760E0
9.639229437E1,-3.587290192E0,2.240690460E0,4.525988159E0
9.640227138E1,-3.434308319E0,2.154619446E0,4.373455353E0
9.641224738E1,-3.431015167E0,2.224673767E0,4.198918304E0
9.642222437E1,-3.390599213E0,2.145338745E0,4.032614136E0
9.643220138E1,-3.288511505E0,2.070045319E0,3.963457947E0
9.644217838E1,-3.165317688E0,1.960024109E0,3.929478607E0
9.645215437E1,-3.118914185E0,1.911075897E0,3.880380707E0
9.646213137E1,-3.239413605E0,1.932930450E0,3.980522461E0
9.647210838E1,-3.057242432E0,1.723815308E0,4.048481140E0
9.648208538E1,-2.996618500E0,1.649120636E0,3.974085846E0
9.649206137E1,-3.060984650E0,1.647024994E0,3.979923706E0
9.650203838E1,-3.092568970E0,1.500629425E0,4.054917755E0
9.651201538E1,-3.019969940E0,1.458417206E0,3.912114716E0
9.652199138E1,-2.821482697E0,1.296304321E0,3.827989655E0
9.653196837E1,-2.859503632E0,1.262474670E0,3.846850433E0
9.654194538E1,-2.889890442E0,1.237326965E0,3.898193665E0
9.655192238E1,-2.769989777E0,1.025068359E0,3.768862610E0
9.656189837E1,-2.656376038E0,1.015188904E0,3.736080780E0
9.657187537E1,-2.629731445E0,9.611512756E-1,3.825894012E0
9.658185238E1,-2.878364410E0,1.065484314E0,3.787573700E0
9.659182938E1,-2.859353943E0,1.070424042E0,3.702251129E0
9.660180537E1,-2.696492615E0,8.990304565E-1,3.603456573E0
9.661178238E1,-2.716550903E0,8.764274597E-1,3.577560425E0
9.662175938E1,-2.691403198E0,8.313711548E-1,3.495531006E0
9.663173637E1,-2.629132690E0,8.015830994E-1,3.450774078E0
9.664171237E1,-2.507136383E0,6.631210327E-1,3.498225403E0
9.665168938E1,-2.484084320E0,4.481680298E-1,3.447331238E0
9.666166638E1,-2.595003662E0,4.089495850E-1,3.469485168E0
9.667164337E1,-2.560126190E0,3.523672485E-1,3.543431396E0
9.668161938E1,-2.490071869E0,2.046244812E-1,3.467239838E0
9.669159638E1,-2.574945374E0,1.420545959E-1,3.392694855E0
9.670157388E1,-2.620301056E0,-1.811233521E-2,3.341950378E0
9.671154988E1,-2.691403198E0,-7.813751221E-2,3.382965088E0
9.672152687E1,-2.692750397E0,-1.496887207E-1,3.469485168E0
9.673150387E1,-2.715353394E0,-3.077600098E-1,3.488196259E0
9.674148088E1,-2.750530243E0,-4.278103638E-1,3.510649567E0
9.675145688E1,-2.716401215E0,-5.683680725E-1,3.480262756E0
9.676143387E1,-2.672841797E0,-6.984475708E-1,3.334016876E0
9.677141088E1,-2.675087128E0,-7.541317749E-1,3.256478119E0
9.678138788E1,-2.616708527E0,-9.026229858E-1,3.277883606E0
9.679136387E1,-2.532882843E0,-1.032403107E0,3.297043762E0
9.680134087E1,-2.466870117E0,-1.155896301E0,3.246299286E0
9.681131788E1,-2.439926147E0,-1.306034088E0,3.228037262E0
9.682129488E1,-2.407443695E0,-1.469793549E0,3.268153839E0
9.683127087E1,-2.364483032E0,-1.618883514E0,3.341351624E0
9.684124788E1,-2.464774475E0,-1.772164764E0,3.463796997E0
9.685122488E1,-2.735112305E0,-1.902843018E0,3.563040619E0
9.686120187E1,-2.977907410E0,-2.138902130E0,3.603755951E0
9.687117787E1,-3.168311462E0,-2.307301941E0,3.572021942E0
9.688115488E1,-3.272494812E0,-2.338137817E0,3.567830658E0
9.689113188E1,-3.263663177E0,-2.358645172E0,3.549868011E0
9.690110787E1,-3.225342865E0,-2.311942291E0,3.495381317E0
9.691108487E1,-3.021167450E0,-2.361339569E0,3.442840576E0
9.692106188E1,-2.869532776E0,-2.193239136E0,3.467090149E0
9.693103888E1,-2.818488922E0,-2.055076447E0,3.497027893E0
9.694101487E1,-2.792443085E0,-2.155218201E0,3.491938477E0
9.695099188E1,-2.777773590E0,-2.342927856E0,3.574866028E0
9.696096888E1,-2.864143982E0,-2.497556305E0,3.714226227E0
9.697094587E1,-3.071313171E0,-2.540516968E0,3.775598602E0
9.698092187E1,-3.180885315E0,-2.681972809E0,3.779939575E0
9.699089888E1,-3.281925201E0,-3.002156982E0,3.854933624E0
9.700087588E1,-3.495680695E0,-3.133433990E0,4.095483398E0
9.701085287E1,-3.675157471E0,-3.245700531E0,4.249064026E0
9.702082888E1,-3.876937866E0,-3.311563568E0,4.227209473E0
9.703080588E1,-3.996389465E0,-3.385509796E0,4.224215698E0
9.704078287E1,-4.025728455E0,-3.471131744E0,4.237837372E0
9.705075987E1,-4.119134216E0,-3.353626099E0,4.332740021E0
9.706073588E1,-4.135899353E0,-3.301833801E0,4.281696167E0
9.707071288E1,-4.162094879E0,-3.190764771E0,4.154161377E0
9.708068987E1,-4.226610718E0,-3.102298737E0,4.072281647E0
9.709066688E1,-4.280947723E0,-3.222648468E0,4.096231842E0
9.710064288E1,-4.425397339E0,-3.345243530E0,4.217180328E0
9.711061987E1,-4.499792633E0,-3.437900848E0,4.295168152E0
9.712059687E1,-4.638853455E0,-3.436254272E0,4.275259552E0
9.713057388E1,-4.775070190E0,-3.561693420E0,4.349205780E0
9.714054988E1,-4.839286652E0,-3.916306000E0,4.552782440E0
9.715052687E1,-4.943020935E0,-4.013154602E0,4.730612640E0
9.716050387E1,-5.012476501E0,-3.923640747E0,4.747527466E0
9.717047988E1,-5.078189850E0,-3.909570007E0,4.729714508E0
9.718045688E1,-5.062023468E0,-3.971840515E0,4.730163574E0
9.719043387E1,-4.988675995E0,-4.153113556E0,4.829107819E0
9.720041088E1,-5.057532806E0,-4.115391998E0,5.009482727E0
9.721038688E1,-5.128335571E0,-4.123624878E0,5.059478760E0
9.722036387E1,-5.214406586E0,-4.203558655E0,5.067711639E0
9.723034087E1,-5.271587677E0,-4.143383789E0,5.054988098E0
9.724031788E1,-5.208568726E0,-4.226461029E0,5.058880005E0
9.725029388E1,-5.176685028E0,-4.309987335E0,5.273982697E0
9.726027087E1,-5.203928375E0,-4.289629669E0,5.399571533E0
9.727024788E1,-5.358856201E0,-4.218228149E0,5.350174255E0
9.728022488E1,-5.543871460E0,-4.117038574E0,5.275180206E0
9.729020087E1,-5.567671967E0,-4.218677216E0,5.271288300E0
9.730017787E1,-5.609435120E0,-4.438420258E0,5.425916748E0
9.731015488E1,-5.822142792E0,-4.422403564E0,5.592370605E0
9.732013188E1,-6.094276886E0,-4.374503174E0,5.596861267E0
9.733010787E1,-6.422843628E0,-4.281546478E0,5.545068970E0
9.734008488E1,-6.559659119E0,-4.283642120E0,5.569168854E0
9.735006188E1,-6.624474335E0,-4.389472046E0,5.692811737E0
9.736003888E1,-6.760242004E0,-4.385430450E0,5.734425201E0
9.737001487E1,-6.863527222E0,-4.341272278E0,5.755830688E0
9.737999188E1,-7.112309875E0,-4.358037415E0,5.813760223E0
9.738996888E1,-7.295528870E0,-4.380790100E0,5.825885010E0
9.739994587E1,-7.300318909E0,-4.573738861E0,5.926625519E0
9.740992187E1,-7.377558289E0,-4.663402405E0,6.132148132E0
9.741989888E1,-7.453749847E0,-4.634811859E0,6.274202728E0
9.742987588E1,-7.614665222E0,-4.618645477E0,6.395749969E0
9.743985287E1,-7.566315765E0,-4.509223022E0,6.291416931E0
9.744982888E1,-7.159012756E0,-4.801565094E0,6.285130005E0
9.745980588E1,-7.094197540E0,-4.824467468E0,6.548282776E0
9.746978287E1,-7.115303650E0,-4.685556335E0,6.626869354E0
9.747975987E1,-7.238048401E0,-4.692442017E0,6.591842194E0
9.748973588E1,-7.549700317E0,-4.569098511E0,6.590045929E0
9.749971288E1,-7.765551453E0,-4.569397888E0,6.681805115E0
9.750968987E1,-7.992928619E0,-4.742587738E0,6.781497803E0
9.751966588E1,-8.034691772E0,-4.780908051E0,6.811285858E0
9.752964288E1,-8.180488586E0,-4.790338440E0,6.907236328E0
9.753961987E1,-8.443940735E0,-4.747677155E0,6.979685669E0
9.754959687E1,-8.606802063E0,-4.812941437E0,7.055577850E0
9.755957288E1,-8.805438995E0,-4.888384552E0,7.150031433E0
9.756954988E1,-9.009614410E0,-4.745880890E0,7.225624237E0
9.757952687E1,-9.150770874E0,-4.732109528E0,7.254514160E0
9.758950388E1,-9.258995819E0,-4.649631042E0,7.169341278E0
9.759947988E1,-9.253607025E0,-4.509372711E0,7.191046143E0
9.760945688E1,-9.331295471E0,-4.559219055E0,7.373965759E0
9.761943387E1,-9.491462402E0,-4.618196411E0,7.511978760E0
9.762941088E1,-9.525591431E0,-4.612358551E0,7.510332184E0
9.763938688E1,-9.562714233E0,-4.553081818E0,7.482190704E0
9.764936387E1,-9.450896759E0,-4.774920502E0,7.566764832E0
9.765934087E1,-9.338330841E0,-5.169050903E0,7.999814301E0
9.766931788E1,-9.360035706E0,-5.146597595E0,8.254584503E0
9.767929388E1,-9.507179718E0,-4.919968872E0,8.250393219E0
9.768927087E1,-9.680668945E0,-4.921016693E0,8.345894623E0
9.769924713E1,-9.674232330E0,-4.960085449E0,8.329279175E0
9.770922412E1,-9.663604431E0,-5.002297668E0,8.522377625E0
9.771920012E1,-9.709858246E0,-4.986131287E0,8.811725922E0
9.772917713E1,-9.878407745E0,-4.872966614E0,8.841813354E0
9.773915413E1,-9.909393311E0,-4.794380035E0,8.886719971E0
9.774913112E1,-9.865983582E0,-4.554279327E0,8.771908722E0
9.775910712E1,-9.770931244E0,-4.649481354E0,8.912765808E0
9.776908413E1,-9.996811523E0,-4.876259766E0,9.222172394E0
9.777906113E1,-1.012509476E1,-4.752317505E0,9.374405823E0
9.778903812E1,-1.021894958E1,-4.564907227E0,9.337432709E0
9.779901413E1,-1.029469208E1,-4.471501465E0,9.241482239E0
9.780899113E1,-1.009874954E1,-4.667294312E0,9.253008270E0
9.781896812E1,-1.014889526E1,-4.932842102E0,9.699529724E0
9.782894512E1,-1.034648438E1,-4.675078125E0,9.783954163E0
9.783892113E1,-1.037462585E1,-4.518204346E0,9.711804199E0
9.784889813E1,-1.039064255E1,-4.519701233E0,9.578880615E0
9.785887512E1,-1.017254608E1,-4.621639252E0,9.657018127E0
9.786885213E1,-1.020892044E1,-4.742887115E0,1.007060806E1
9.787882813E1,-1.042716660E1,-4.690795441E0,1.031789383E1
9.788880512E1,-1.062834824E1,-4.543651428E0,1.035546570E1
9.789878212E1,-1.073013657E1,-4.419260101E0,1.025921585E1
9.790875913E1,-1.058044785E1,-4.417613525E0,1.028990204E1
9.791873513E1,-1.045725403E1,-4.445755005E0,1.048165329E1
9.792871212E1,-1.059152481E1,-4.483326874E0,1.081725540E1
9.793868913E1,-1.074091415E1,-4.321064301E0,1.104523132E1
9.794866613E1,-1.070513855E1,-4.299359436E0,1.101679047E1
9.795864213E1,-1.058239380E1,-4.276007996E0,1.080093933E1
9.796861912E1,-1.054841446E1,-4.299958191E0,1.095571747E1
9.797859613E1,-1.060933777E1,-4.415966949E0,1.129940277E1
9.798857313E1,-1.072474777E1,-4.329446869E0,1.149414780E1
9.799854912E1,-1.076890594E1,-4.261787567E0,1.149759064E1
9.800852612E1,-1.069181625E1,-4.225862274E0,1.142903320E1
9.801850313E1,-1.062221100E1,-4.351451111E0,1.171643555E1
9.802848013E1,-1.073283096E1,-4.291575623E0,1.193662766E1
9.803845612E1,-1.079749649E1,-4.112398224E0,1.194575867E1
9.804843313E1,-1.074016571E1,-3.991898804E0,1.196985855E1
9.805841013E1,-1.067026108E1,-4.009113007E0,1.195698532E1
9.806838712E1,-1.063179108E1,-3.968547363E0,1.199081497E1
9.807836312E1,-1.073657318E1,-3.891757050E0,1.234617599E1
9.808834013E1,-1.084195404E1,-3.776347046E0,1.244182709E1
9.809831713E1,-1.097188385E1,-3.758983154E0,1.247505798E1
9.810829412E1,-1.096978821E1,-3.648662567E0,1.251083359E1
9.811827013E1,-1.090706863E1,-3.501817932E0,1.252909561E1
9.812824713E1,-1.098086517E1,-3.524869995E0,1.273596542E1
9.813822412E1,-1.118474121E1,-3.553310852E0,1.287757095E1
9.814820112E1,-1.121078705E1,-3.559597778E0,1.302142181E1
9.815817713E1,-1.123713226E1,-3.681145020E0,1.312934738E1
9.816815413E1,-1.141211838E1,-3.681893463E0,1.343022171E1
9.817813112E1,-1.154040161E1,-3.695215759E0,1.378109207E1
9.818810813E1,-1.149280060E1,-3.505410461E0,1.387165375E1
9.819808413E1,-1.130149841E1,-3.247197418E0,1.371283401E1
9.820806113E1,-1.106753494E1,-3.199147339E0,1.373813141E1
9.821803812E1,-1.078926361E1,-3.240910492E0,1.389994492E1
9.822801513E1,-1.089823700E1,-3.142565002E0,1.411804138E1
9.823799113E1,-1.107037903E1,-2.971321106E0,1.414603317E1
9.824796812E1,-1.104313568E1,-2.890339508E0,1.402388718E1
9.825794512E1,-1.093535980E1,-2.916535034E0,1.397658554E1
9.826792213E1,-1.082339264E1,-2.903212738E0,1.412387924E1
9.827789813E1,-1.092278595E1,-2.962788849E0,1.445783478E1
9.828787512E1,-1.116153946E1,-3.005001068E0,1.464644257E1
9.829785213E1,-1.115674942E1,-2.868484955E0,1.454570206E1
9.830782913E1,-1.110390930E1,-2.692301331E0,1.433089874E1
9.831780512E1,-1.097263229E1,-2.702929230E0,1.429168030E1
9.832778212E1,-1.113639175E1,-2.805466003E0,1.449361038E1
9.833775913E1,-1.134625534E1,-2.757415924E0,1.469164856E1
9.834773613E1,-1.145163620E1,-2.604733429E0,1.454270828E1
9.835771212E1,-1.140732834E1,-2.499951324E0,1.436727310E1
9.836768913E1,-1.145238464E1,-2.559976501E0,1.435948929E1
9.837766613E1,-1.153336624E1,-2.602039032E0,1.450842957E1
9.838764312E1,-1.169862259E1,-2.497107239E0,1.471110809E1
9.839761912E1,-1.179726746E1,-2.360740814E0,1.465407669E1
9.840759613E1,-1.181328415E1,-2.283950500E0,1.451621338E1
9.841757313E1,-1.180190781E1,-2.363135834E0,1.447310303E1
9.842755012E1,-1.179232773E1,-2.336940308E0,1.457758575E1
9.843752612E1,-1.189097260E1,-2.221081238E0,1.475541595E1
9.844750313E1,-1.197569641E1,-2.100881195E0,1.469075043E1
9.845748013E1,-1.187435715E1,-1.996398468E0,1.454315735E1
9.846745712E1,-1.188318878E1,-2.024989014E0,1.453851700E1
9.847743313E1,-1.186342987E1,-1.966909790E0,1.460797256E1
9.848741013E1,-1.197869019E1,-1.847308502E0,1.477771957E1
9.849738712E1,-1.211924789E1,-1.706750793E0,1.475466751E1
9.850736412E1,-1.201521423E1,-1.598076782E0,1.458042984E1
9.851734013E1,-1.194426178E1,-1.554966431E0,1.450498672E1
9.852731713E1,-1.197584610E1,-1.601369934E0,1.458521988E1
9.853729412E1,-1.210188400E1,-1.575473785E0,1.474867996E1
9.854727113E1,-1.221983871E1,-1.457818451E0,1.477277985E1
9.855724713E1,-1.210622498E1,-1.447190552E0,1.467353622E1
9.856722412E1,-1.203063217E1,-1.457818451E0,1.462518677E1
9.857720112E1,-1.198108521E1,-1.485061798E0,1.461530731E1
9.858717813E1,-1.204425385E1,-1.366658020E0,1.466530334E1
9.859715413E1,-1.211026657E1,-1.206640778E0,1.467817657E1
9.860713112E1,-1.209335175E1,-1.177451477E0,1.463761093E1
9.861710813E1,-1.202105209E1,-1.067879333E0,1.453507416E1
9.862708513E1,-1.186477707E1,-9.862989807E-1,1.444840439E1
9.863706113E1,-1.201476517E1,-9.515711975E-1,1.449271225E1
9.864703812E1,-1.212703171E1,-8.390052795E-1,1.451696182E1
9.865701513E1,-1.214304840E1,-8.387059021E-1,1.446561859E1
9.866699213E1,-1.209649521E1,-7.656578064E-1,1.429437469E1
9.867696812E1,-1.203003342E1,-7.708969116E-1,1.423734329E1
9.868694512E1,-1.204185883E1,-7.439529419E-1,1.428494431E1
9.869692275E1,-1.203332657E1,-5.316943359E-1,1.428853683E1
9.870689975E1,-1.198782120E1,-5.713618469E-1,1.440289902E1
9.871687575E1,-1.193962143E1,-5.632786560E-1,1.430964294E1
9.872685275E1,-1.193797485E1,-4.526586914E-1,1.423659485E1
9.873682975E1,-1.194920151E1,-4.317022705E-1,1.427027481E1
9.874680675E1,-1.192914322E1,-1.648072815E-1,1.419632858E1
9.875678275E1,-1.175400742E1,-1.924996948E-1,1.415621201E1
9.876675975E1,-1.179487244E1,-2.585124207E-1,1.397344208E1
9.877673675E1,-1.162961609E1,-1.950444031E-1,1.385354141E1
9.878671375E1,-1.166075134E1,-2.297721863E-1,1.402149216E1
9.879668975E1,-1.187854843E1,-3.996688843E-2,1.404708893E1
9.880666675E1,-1.175355835E1,4.640350342E-2,1.386057678E1
9.881664375E1,-1.169622757E1,1.579216003E-1,1.359966934E1
9.882662075E1,-1.144325363E1,2.691403198E-1,1.347183517E1
9.883659675E1,-1.147603546E1,2.070195007E-1,1.355820557E1
9.884657375E1,-1.154025192E1,3.131488037E-1,1.346584763E1
9.885655075E1,-1.143816422E1,5.233117676E-1,1.333217560E1
9.886652775E1,-1.143487106E1,5.845344543E-1,1.314760941E1
9.887650375E1,-1.131961075E1,5.724096680E-1,1.299328033E1
9.888648075E1,-1.130808472E1,4.743635559E-1,1.302381683E1
9.889645775E1,-1.153486313E1,6.587800598E-1,1.295945068E1
9.890643475E1,-1.155821457E1,7.872129822E-1,1.290765839E1
9.891641075E1,-1.169503006E1,7.349716187E-1,1.278191986E1
9.892638775E1,-1.160925842E1,8.336164856E-1,1.256262589E1
9.893636475E1,-1.140942398E1,8.975335693E-1,1.254077133E1
9.894634175E1,-1.148172363E1,9.837542725E-1,1.242581039E1
9.895631775E1,-1.140134079E1,1.095571747E0,1.233000961E1
9.896629475E1,-1.136766083E1,1.149010620E0,1.226594284E1
9.897627175E1,-1.132170639E1,1.254840546E0,1.218017120E1
9.898624875E1,-1.117351456E1,1.230141907E0,1.224124420E1
9.899622475E1,-1.119791382E1,1.195713501E0,1.221010895E1
9.900620175E1,-1.110510681E1,1.313668213E0,1.214619186E1
9.901617875E1,-1.103131027E1,1.315913544E0,1.209694427E1
9.902615575E1,-1.099224152E1,1.351240082E0,1.201880676E1
9.903613175E1,-1.084898941E1,1.359772339E0,1.207508972E1
9.904610875E1,-1.078088104E1,1.457968140E0,1.196162567E1
9.905608575E1,-1.050620224E1,1.670675812E0,1.183858154E1
9.906606275E1,-1.041608963E1,1.727258148E0,1.178080170E1
9.907603875E1,-1.043315414E1,1.777852936E0,1.164922531E1
9.908601575E1,-1.031819321E1,1.866768036E0,1.165461411E1
9.909599275E1,-1.029514114E1,1.916913757E0,1.161928757E1
9.910596975E1,-1.015967285E1,1.966760101E0,1.151226013E1
9.911594575E1,-1.011237122E1,1.887874146E0,1.154129974E1
9.912592275E1,-1.023212219E1,1.993404694E0,1.135748199E1
9.913589975E1,-1.010773087E1,2.170785828E0,1.129491211E1
9.914587675E1,-1.009066635E1,2.116448822E0,1.121018829E1
9.915585375E1,-9.936786346E0,2.154170380E0,1.101364700E1
9.916582975E1,-9.750423889E0,2.249671783E0,1.094628708E1
9.917580675E1,-9.788893890E0,2.377655640E0,1.078761703E1
9.918578375E1,-9.627230072E0,2.349963226E0,1.067954178E1
9.919575975E1,-9.622739410E0,2.286794586E0,1.063194077E1
9.920573675E1,-9.595346375E0,2.381846924E0,1.051218979E1
9.921571375E1,-9.331894226E0,2.476300507E0,1.045306274E1
9.922569075E1,-9.299711151E0,2.457290039E0,1.038405624E1
9.923566775E1,-9.281149750E0,2.448308716E0,1.032807266E1
9.924564375E1,-9.184899902E0,2.452200623E0,1.031280441E1
9.925562075E1,-9.111103363E0,2.513872375E0,1.014320709E1
9.926559775E1,-8.842112732E0,2.538121948E0,1.007629623E1
9.927557475E1,-8.852441254E0,2.585273895E0,9.952653351E0
9.928555075E1,-8.777147827E0,2.706072693E0,9.824220428E0
9.929552775E1,-8.601562958E0,2.743195496E0,9.850715332E0
9.930550475E1,-8.548273773E0,2.768193512E0,9.624685364E0
9.931548175E1,-8.411158905E0,2.864143982E0,9.466763763E0
9.932545775E1,-8.334069214E0,2.983445892E0,9.357041931E0
9.933543475E1,-8.353678436E0,3.126248932E0,9.229507141E0
9.934541175E1,-8.099956055E0,3.310665436E0,9.089548187E0
9.935538875E1,-8.079598389E0,3.321293335E0,9.131760406E0
9.936536475E1,-7.900570679E0,3.178340607E0,9.103768616E0
9.937534175E1,-7.748187561E0,3.199297028E0,9.030121765E0
9.938531875E1,-7.769143982E0,3.207978973E0,8.988208923E0
9.939529575E1,-7.750283203E0,3.327430573E0,8.744216309E0
9.940527175E1,-7.745642853E0,3.353177032E0,8.730744324E0
9.941524875E1,-7.685467987E0,3.341950378E0,8.498726807E0
9.942522575E1,-7.440277863E0,3.329675903E0,8.481662292E0
9.943520275E1,-7.424111481E0,3.326083374E0,8.510851593E0
9.944517875E1,-7.457941132E0,3.314407654E0,8.513246613E0
9.945515575E1,-7.293732605E0,3.280578003E0,8.422235870E0
9.946513275E1,-7.117548981E0,3.265160065E0,8.204738159E0
9.947510975E1,-7.048093414E0,3.359314270E0,8.094716949E0
9.948508575E1,-7.001989288E0,3.418890381E0,8.090226288E0
9.949506275E1,-6.925198975E0,3.367846527E0,8.049361267E0
9.950503975E1,-6.888076172E0,3.332669678E0,7.907007294E0
9.951501675E1,-6.807244263E0,3.323089600E0,7.770790558E0
9.952499275E1,-6.709048462E0,3.333118744E0,7.675738220E0
9.953496975E1,-6.539451141E0,3.382516022E0,7.523355103E0
9.954494675E1,-6.483317871E0,3.407963104E0,7.354655914E0
9.955492375E1,-6.325995026E0,3.268453217E0,7.329957275E0
9.956489975E1,-6.303092651E0,3.217109985E0,7.119644623E0
9.957487675E1,-6.117927704E0,3.185226288E0,7.038213959E0
9.958485375E1,-5.954617310E0,3.236868896E0,7.032226410E0
9.959483075E1,-6.019881592E0,3.337010651E0,6.950646057E0
9.960480675E1,-5.996829529E0,3.321443024E0,6.937772827E0
9.961478375E1,-5.835465088E0,3.296594696E0,6.790329437E0
9.962476075E1,-5.647006989E0,3.338806915E0,6.627019043E0
9.963473775E1,-5.580245819E0,3.438050537E0,6.629713440E0
9.964471375E1,-5.610932007E0,3.507506104E0,6.643035736E0
9.965469075E1,-5.487139435E0,3.449426880E0,6.637048187E0
9.966466775E1,-5.253774719E0,3.400328979E0,6.536756744E0
9.967464475E1,-5.079387360E0,3.294948120E0,6.464906158E0
9.968462175E1,-4.982987823E0,3.219804382E0,6.470893707E0
9.969459775E1,-4.830604706E0,3.209924927E0,6.432274017E0
9.970457467E1,-4.769980774E0,3.251388702E0,6.354286194E0
9.971455167E1,-4.722679138E0,3.299887848E0,6.272107086E0
9.972452867E1,-4.605772247E0,3.293750610E0,6.189029846E0
9.973450467E1,-4.440066833E0,3.216810608E0,6.121969299E0
9.974448167E1,-4.364923096E0,3.221151581E0,5.961353302E0
9.975445867E1,-4.395160217E0,3.227887573E0,5.859564972E0
9.976443567E1,-4.373904419E0,3.152145081E0,5.772146759E0
9.977441167E1,-4.276307373E0,3.046315155E0,5.634433136E0
9.978438867E1,-4.113296356E0,2.921624451E0,5.531896362E0
9.979436567E1,-4.105961609E0,2.877765656E0,5.465883636E0
9.980434267E1,-4.106111298E0,2.788401489E0,5.419330444E0
9.981431867E1,-3.990102539E0,2.661166077E0,5.338797913E0
9.982429567E1,-3.846101990E0,2.651136932E0,5.169949036E0
9.983427267E1,-3.777993622E0,2.599644012E0,5.151986389E0
9.984424967E1,-3.745960236E0,2.534230042E0,5.087769928E0
9.985422567E1,-3.655548248E0,2.531236267E0,4.979245605E0
9.986420267E1,-3.567381592E0,2.530936890E0,4.908143463E0
9.987417967E1,-3.571722565E0,2.558030548E0,4.776866455E0
9.988415667E1,-3.465593262E0,2.466421051E0,4.702022095E0
9.989413267E1,-3.309018860E0,2.360591125E0,4.648732910E0
9.990410967E1,-3.332819366E0,2.408192139E0,4.520299988E0
9.991408667E1,-3.369493103E0,2.415975952E0,4.547842712E0
9.992406367E1,-3.381318512E0,2.326611786E0,4.499792633E0
9.993403967E1,-3.215762787E0,2.215393066E0,4.422403564E0
9.994401667E1,-3.140169983E0,2.156415710E0,4.337530060E0
9.995399367E1,-3.155887299E0,2.150727539E0,4.241429901E0
9.996397067E1,-3.115471344E0,2.036065979E0,4.279450836E0
9.997394667E1,-3.040327606E0,1.943558350E0,4.231999512E0
9.998392367E1,-3.011437683E0,1.915117493E0,4.152664490E0
9.999390067E1,-3.004252625E0,1.795516205E0,4.112996979E0
1.000038777E2,-2.993624725E0,1.731150055E0,4.087849274E0
1.000138547E2,-2.903212738E0,1.621428223E0,4.066294098E0
1.000238307E2,-2.915038147E0,1.627415771E0,4.012406158E0
1.000338077E2,-2.923121338E0,1.609303436E0,3.924389191E0
1.000437847E2,-2.904709625E0,1.480421448E0,3.913761292E0
1.000537617E2,-2.874771881E0,1.388662262E0,3.849694519E0
1.000637377E2,-2.831511841E0,1.325643311E0,3.830085297E0
1.000737147E2,-2.778821411E0,1.264869690E0,3.777694244E0
1.000836917E2,-2.737956390E0,1.242266693E0,3.723656616E0
1.000936687E2,-2.653981018E0,1.124012604E0,3.676504669E0
1.001036447E2,-2.722089386E0,1.117575989E0,3.627556458E0
1.001136217E2,-2.717449036E0,1.015039215E0,3.633993073E0
1.001235987E2,-2.675386505E0,9.295669556E-1,3.628005524E0
1.001335757E2,-2.627935181E0,8.966354370E-1,3.556454315E0
1.001435517E2,-2.592309265E0,8.331674194E-1,3.503314819E0
1.001535287E2,-2.635569305E0,7.592211914E-1,3.456462250E0
1.001635057E2,-2.666405182E0,6.283932495E-1,3.485950928E0
1.001734827E2,-2.729873199E0,5.140310669E-1,3.443439331E0
1.001834587E2,-2.731370087E0,5.195695496E-1,3.391647034E0
1.001934357E2,-2.632874908E0,4.414320374E-1,3.377875671E0
1.002034127E2,-2.572250977E0,3.222798157E-1,3.333118744E0
1.002133897E2,-2.589914246E0,1.977388000E-1,3.295846252E0
1.002233657E2,-2.661315765E0,1.510359192E-1,3.351979523E0
1.002333427E2,-2.737657013E0,1.140628052E-1,3.484603729E0
1.002433197E2,-2.737956390E0,-2.484832764E-2,3.495381317E0
1.002532967E2,-2.723885651E0,-2.354603577E-1,3.447331238E0
1.002632737E2,-2.677332458E0,-4.206253052E-1,3.445235596E0
1.002732497E2,-2.636467438E0,-5.798941040E-1,3.505709839E0
1.002832267E2,-2.614762573E0,-7.161108398E-1,3.496279449E0
1.002932037E2,-2.594255219E0,-7.942483521E-1,3.417992249E0
1.003031807E2,-2.534080353E0,-9.574090576E-1,3.416345673E0
1.003131567E2,-2.571951599E0,-1.053658905E0,3.391197968E0
1.003231337E2,-2.570454712E0,-1.200054474E0,3.407813416E0
1.003331107E2,-2.609673157E0,-1.309177551E0,3.433410187E0
1.003430877E2,-2.598745880E0,-1.399439850E0,3.459905090E0
1.003530637E2,-2.632874908E0,-1.540895691E0,3.469036102E0
1.003630407E2,-2.741848297E0,-1.638343048E0,3.423830109E0
1.003730177E2,-2.742147675E0,-1.775158539E0,3.422333221E0
1.003829947E2,-2.756068726E0,-1.919009399E0,3.466042328E0
1.003929707E2,-2.831362152E0,-2.015109558E0,3.482508087E0
1.004029477E2,-2.892884216E0,-2.176623688E0,3.563938751E0
1.004129247E2,-2.930156708E0,-2.291734314E0,3.503165131E0
1.004229017E2,-2.924019470E0,-2.351609802E0,3.419339447E0
1.004328777E2,-2.917882233E0,-2.445913696E0,3.430266724E0
1.004428547E2,-2.835703125E0,-2.510728912E0,3.531156921E0
1.004528317E2,-2.747386780E0,-2.655777283E0,3.617078247E0
1.004628087E2,-2.841391296E0,-2.611619110E0,3.661236420E0
1.004727847E2,-3.009940796E0,-2.523901520E0,3.652554474E0
1.004827617E2,-2.982996826E0,-2.641107788E0,3.618126068E0
1.004927387E2,-3.016676788E0,-2.715652771E0,3.618874512E0
1.005027157E2,-3.110082550E0,-2.820734253E0,3.715872803E0
1.005126927E2,-3.293301544E0,-2.870879974E0,3.841461639E0
1.005226687E2,-3.409010925E0,-2.940036163E0,3.887266388E0
1.005326457E2,-3.482208710E0,-3.078647919E0,3.931125183E0
1.005426227E2,-3.619622955E0,-3.128643951E0,4.071982269E0
1.005525997E2,-3.765719147E0,-3.175646210E0,4.200864258E0
1.005625757E2,-3.871249695E0,-3.271446991E0,4.208648071E0
1.005725527E2,-4.054768066E0,-3.314707031E0,4.175866241E0
1.005825297E2,-4.157005463E0,-3.290457458E0,4.181704102E0
1.005925067E2,-4.155358887E0,-3.300785980E0,4.193230133E0
1.006024827E2,-4.117038574E0,-3.421584778E0,4.236041107E0
1.006124597E2,-4.236939240E0,-3.420237579E0,4.340972900E0
1.006224367E2,-4.434228973E0,-3.312761078E0,4.455185394E0
1.006324137E2,-4.464915161E0,-3.400628357E0,4.388274536E0
1.006423897E2,-4.430037689E0,-3.563789062E0,4.410578156E0
1.006523667E2,-4.447700958E0,-3.633843384E0,4.526886292E0
1.006623437E2,-4.529431000E0,-3.641477509E0,4.643493805E0
1.006723207E2,-4.573888550E0,-3.738176422E0,4.630021820E0
1.006822977E2,-4.558171234E0,-3.844455414E0,4.604275360E0
1.006922737E2,-4.607568512E0,-3.897445221E0,4.726421356E0
1.007022509E2,-4.662653961E0,-3.951333160E0,4.938530273E0
1.007122279E2,-4.659959564E0,-4.167034607E0,5.147495728E0
1.007222049E2,-4.790637817E0,-4.093238068E0,5.265899506E0
1.007321809E2,-4.830754395E0,-4.031716003E0,5.178780670E0
1.007421579E2,-4.962929535E0,-4.088148651E0,5.214256897E0
1.007521349E2,-4.964276733E0,-4.259991302E0,5.351970520E0
1.007621119E2,-5.000052338E0,-4.298461304E0,5.528453522E0
1.007720879E2,-5.204227753E0,-4.110302582E0,5.570965118E0
1.007820649E2,-5.240003357E0,-4.102967834E0,5.414989471E0
1.007920419E2,-5.184618530E0,-4.286935272E0,5.377118225E0
1.008020189E2,-5.263205109E0,-4.385280762E0,5.439837799E0
1.008119949E2,-5.405708771E0,-4.383783875E0,5.530249786E0
1.008219719E2,-5.612129517E0,-4.324058075E0,5.548362122E0
1.008319489E2,-5.753884735E0,-4.271517334E0,5.454357605E0
1.008419259E2,-5.869294739E0,-4.301604767E0,5.348976746E0
1.008519019E2,-6.067332916E0,-4.309388580E0,5.331014099E0
1.008618789E2,-6.210884399E0,-4.449946289E0,5.446124725E0
1.008718559E2,-6.476282501E0,-4.431085510E0,5.666167145E0
1.008818329E2,-6.769971771E0,-4.303700409E0,5.770500183E0
1.008918099E2,-7.013066254E0,-4.358935547E0,5.774541779E0
1.009017859E2,-7.144642639E0,-4.461322632E0,5.777236176E0
1.009117629E2,-7.141798553E0,-4.617747345E0,5.914500732E0
1.009217399E2,-7.265740814E0,-4.671485596E0,6.189927979E0
1.009317169E2,-7.386240234E0,-4.581522675E0,6.302344208E0
1.009416929E2,-7.401358795E0,-4.616549835E0,6.285878448E0
1.009516699E2,-7.514972534E0,-4.603975983E0,6.287824402E0
1.009616469E2,-7.473658447E0,-4.622687073E0,6.361770630E0
1.009716239E2,-7.442223816E0,-4.686454468E0,6.539451141E0
1.009815999E2,-7.414531403E0,-4.542004852E0,6.629863129E0
1.009915769E2,-7.213798828E0,-4.666845245E0,6.556365967E0
1.010015539E2,-7.197183380E0,-4.723427582E0,6.614894257E0
1.010115309E2,-7.186854858E0,-4.745880890E0,6.749763794E0
1.010215069E2,-7.291487274E0,-4.814438324E0,6.939718781E0
1.010314839E2,-7.591313782E0,-4.722080383E0,6.985972595E0
1.010414609E2,-7.931855621E0,-4.600084076E0,6.897656250E0
1.010514379E2,-8.272696838E0,-4.674928436E0,6.882986755E0
1.010614149E2,-8.397986298E0,-4.713847504E0,6.989714813E0
1.010713909E2,-8.407117310E0,-4.881199493E0,7.238647156E0
1.010813679E2,-8.681496735E0,-4.795278168E0,7.247628479E0
1.010913449E2,-8.809929657E0,-4.651427307E0,7.179220734E0
1.011013219E2,-8.943451996E0,-4.703518982E0,7.187154236E0
1.011112979E2,-9.176367645E0,-4.583468628E0,7.235653381E0
1.011212749E2,-9.103319550E0,-4.699926453E0,7.403604126E0
1.011312519E2,-9.258696442E0,-4.659959564E0,7.414381714E0
1.011412289E2,-9.343569946E0,-4.516707458E0,7.440427551E0
1.011512049E2,-9.427844696E0,-4.658462677E0,7.709418182E0
1.011611819E2,-9.556576996E0,-4.680167542E0,7.765102386E0
1.011711589E2,-9.496851196E0,-4.756209412E0,7.781568146E0
1.011811359E2,-9.675280151E0,-4.838388519E0,8.035290527E0
1.011911129E2,-9.625583496E0,-4.796924744E0,7.943830719E0
1.012010889E2,-9.495204620E0,-5.051694946E0,8.105494537E0
1.012110659E2,-9.643097076E0,-5.058131561E0,8.313561859E0
1.012210429E2,-9.558223572E0,-5.077591095E0,8.542735291E0
1.012310199E2,-9.798174591E0,-5.173990631E0,8.828191681E0
1.012409959E2,-1.001926483E1,-5.024900665E0,8.797804871E0
1.012509729E2,-9.887239380E0,-4.979694672E0,8.794062653E0
1.012609499E2,-9.857451324E0,-4.910089417E0,8.761430511E0
1.012709269E2,-9.627978516E0,-4.778662720E0,8.873098297E0
1.012809029E2,-9.654623108E0,-4.792733459E0,9.138197021E0
1.012908799E2,-9.935439148E0,-4.552183685E0,9.076525269E0
1.013008569E2,-1.003004242E1,-4.487518158E0,8.978179779E0
1.013108339E2,-1.014739838E1,-4.711452484E0,9.192384338E0
1.013208099E2,-1.012719040E1,-4.739444275E0,9.366023254E0
1.013307869E2,-1.017359390E1,-4.933141479E0,9.759105835E0
1.013407639E2,-1.041234741E1,-4.911885681E0,9.864786072E0
1.013507409E2,-1.047117508E1,-4.890480194E0,9.844278717E0
1.013607179E2,-1.044557831E1,-4.879253540E0,9.939630432E0
1.013706939E2,-1.040950333E1,-4.716691589E0,9.908046112E0
1.013806709E2,-1.034648438E1,-4.620441742E0,9.949659576E0
1.013906479E2,-1.056263489E1,-4.547992401E0,9.971514130E0
1.014006249E2,-1.046384033E1,-4.323010254E0,9.992470551E0
1.014106009E2,-1.042028091E1,-4.406536560E0,1.009650421E1
1.014205779E2,-1.054197784E1,-4.458628235E0,1.025622208E1
1.014305549E2,-1.052476364E1,-4.556973724E0,1.052296738E1
1.014405319E2,-1.082503922E1,-4.600233765E0,1.074360855E1
1.014505079E2,-1.088147186E1,-4.406985626E0,1.059017761E1
1.014604849E2,-1.070154602E1,-4.466711426E0,1.065663940E1
1.014704619E2,-1.069106781E1,-4.584516449E0,1.087683151E1
1.014804389E2,-1.060200302E1,-4.399800568E0,1.106918152E1
1.014904159E2,-1.074256073E1,-4.250860291E0,1.128862518E1
1.015003919E2,-1.084060684E1,-4.102967834E0,1.122351059E1
1.015103689E2,-1.062879730E1,-4.085753632E0,1.119102814E1
1.015203459E2,-1.070962921E1,-4.223616943E0,1.144699585E1
1.015303229E2,-1.069675598E1,-4.058360596E0,1.159324173E1
1.015402989E2,-1.065065186E1,-4.006268921E0,1.180565002E1
1.015502759E2,-1.085198318E1,-4.060156860E0,1.195848221E1
1.015602529E2,-1.073537567E1,-4.131109314E0,1.196372131E1
1.015702299E2,-1.075498489E1,-4.126618652E0,1.213586334E1
1.015802059E2,-1.076381653E1,-4.017046509E0,1.231099915E1
1.015901829E2,-1.071801178E1,-3.927532654E0,1.236413864E1
1.016001599E2,-1.087713089E1,-3.894451447E0,1.242925323E1
1.016101369E2,-1.079629898E1,-3.791465607E0,1.238434662E1
1.016201129E2,-1.088551346E1,-3.810476074E0,1.249706223E1
1.016300899E2,-1.089195007E1,-3.695814514E0,1.252191055E1
1.016400669E2,-1.090302704E1,-3.525768127E0,1.256591904E1
1.016500439E2,-1.106813370E1,-3.577410736E0,1.276036469E1
1.016600209E2,-1.115839600E1,-3.561992798E0,1.283895126E1
1.016699969E2,-1.120165604E1,-3.741619263E0,1.303908508E1
1.016799739E2,-1.137424713E1,-3.793112183E0,1.320104828E1
1.016899509E2,-1.137484589E1,-3.652853851E0,1.338771011E1
1.016999280E2,-1.159369080E1,-3.549119568E0,1.364233063E1
1.017099040E2,-1.152543274E1,-3.467539215E0,1.375040588E1
1.017198810E2,-1.135823044E1,-3.374133453E0,1.384860168E1
1.017298580E2,-1.119282440E1,-3.308420105E0,1.400382889E1
1.017398350E2,-1.082084793E1,-3.215613098E0,1.406565033E1
1.017498110E2,-1.081620758E1,-3.169508972E0,1.424722275E1
1.017597880E2,-1.076456497E1,-3.006048889E0,1.419378387E1
1.017697650E2,-1.067520081E1,-3.000211029E0,1.419932236E1
1.017797420E2,-1.080752563E1,-3.137325897E0,1.435185516E1
1.017897190E2,-1.075453583E1,-2.984793091E0,1.437939789E1
1.017996950E2,-1.074181229E1,-2.886746979E0,1.447459991E1
1.018096720E2,-1.077668976E1,-2.886896667E0,1.445259567E1
1.018196490E2,-1.072923843E1,-2.868784332E0,1.452953568E1
1.018296260E2,-1.097682358E1,-2.948867798E0,1.470152802E1
1.018396020E2,-1.109388016E1,-2.809956665E0,1.472053848E1
1.018495790E2,-1.108609634E1,-2.551593933E0,1.457474167E1
1.018595560E2,-1.108205475E1,-2.489622803E0,1.433059937E1
1.018695330E2,-1.101289856E1,-2.643951874E0,1.442250824E1
1.018795100E2,-1.127171036E1,-2.871179352E0,1.472098755E1
1.018894860E2,-1.146301254E1,-2.757715302E0,1.470736588E1
1.018994630E2,-1.148351990E1,-2.408641205E0,1.451127365E1
1.019094400E2,-1.146885040E1,-2.331850891E0,1.431622925E1
1.019194170E2,-1.154070099E1,-2.487377472E0,1.440110275E1
1.019293930E2,-1.166853516E1,-2.480042725E0,1.462668365E1
1.019393700E2,-1.178199921E1,-2.343376923E0,1.476499603E1
1.019493470E2,-1.199500626E1,-2.257455597E0,1.473146576E1
1.019593240E2,-1.195054871E1,-2.098635864E0,1.446412170E1
1.019693000E2,-1.162332916E1,-2.041454773E0,1.439466614E1
1.019792770E2,-1.168485123E1,-2.008972321E0,1.456156906E1
1.019892540E2,-1.184771255E1,-1.961520996E0,1.476574448E1
1.019992310E2,-1.191671906E1,-1.925146637E0,1.466635117E1
1.020092080E2,-1.182705551E1,-1.522483978E0,1.443178894E1
1.020191840E2,-1.167437302E1,-1.487756195E0,1.449196381E1
1.020291610E2,-1.190803711E1,-1.793121185E0,1.476364883E1
1.020391380E2,-1.189231979E1,-1.660347290E0,1.489238113E1
1.020491150E2,-1.180535065E1,-1.454076233E0,1.486034775E1
1.020590910E2,-1.203557190E1,-1.348695374E0,1.490615250E1
1.020690680E2,-1.198482742E1,-1.492546234E0,1.481978210E1
1.020790450E2,-1.190998306E1,-1.506167908E0,1.479164063E1
1.020890220E2,-1.191522217E1,-1.269060974E0,1.477921646E1
1.020989980E2,-1.196192505E1,-1.256337433E0,1.474074646E1
1.021089750E2,-1.204754700E1,-1.241667938E0,1.454031326E1
1.021189520E2,-1.178933395E1,-1.121767273E0,1.445663727E1
1.021289290E2,-1.180071030E1,-1.170715485E0,1.465422638E1
1.021389060E2,-1.203377563E1,-1.193468170E0,1.481618958E1
1.021488820E2,-1.199156342E1,-1.121467896E0,1.468341568E1
1.021588590E2,-1.194231583E1,-7.843688965E-1,1.441068283E1
1.021688360E2,-1.180460220E1,-6.843768311E-1,1.444750626E1
1.021788130E2,-1.195518906E1,-9.824070740E-1,1.449899918E1
1.021887890E2,-1.205084015E1,-8.342152405E-1,1.441921509E1
1.021987660E2,-1.176149185E1,-7.584727478E-1,1.442580139E1
1.022087430E2,-1.188483536E1,-7.695497131E-1,1.435679489E1
1.022187200E2,-1.174996582E1,-5.748046875E-1,1.414887726E1
1.022286970E2,-1.172586594E1,-6.253994751E-1,1.415591263E1
1.022386730E2,-1.183094742E1,-5.719606018E-1,1.431832489E1
1.022486500E2,-1.170221512E1,-6.677613831E-1,1.446172668E1
1.022586270E2,-1.196282318E1,-6.078858948E-1,1.431982178E1
1.022686040E2,-1.169173691E1,-1.905537415E-1,1.396266449E1
1.022785800E2,-1.156599838E1,-2.553689575E-1,1.412462769E1
1.022885570E2,-1.184546722E1,-2.778222656E-1,1.413944687E1
1.022985340E2,-1.166329605E1,-1.104702759E-1,1.407193726E1
1.023085110E2,-1.172092621E1,-7.484436035E-2,1.416204987E1
1.023184870E2,-1.167377426E1,1.675016785E-1,1.392374542E1
1.023284640E2,-1.144894180E1,2.067201233E-1,1.371313339E1
1.023384410E2,-1.158186539E1,1.465452576E-1,1.370205643E1
1.023484180E2,-1.140613083E1,3.290158081E-1,1.372840164E1
1.023583950E2,-1.142259659E1,3.989204407E-1,1.374965744E1
1.023683710E2,-1.136631363E1,5.019062805E-1,1.342243790E1
1.023783480E2,-1.115465378E1,4.861889648E-1,1.345566879E1
1.023883250E2,-1.134880005E1,3.757186890E-1,1.360086685E1
1.023983020E2,-1.151794830E1,5.595364380E-1,1.352871689E1
1.024082780E2,-1.144280457E1,5.965095520E-1,1.327439575E1
1.024182550E2,-1.129057114E1,6.462062073E-1,1.309731400E1
1.024282320E2,-1.111363907E1,6.809339905E-1,1.311467789E1
1.024382090E2,-1.140657990E1,6.364764404E-1,1.280886383E1
1.024481860E2,-1.141032211E1,7.701484680E-1,1.259929962E1
1.024581620E2,-1.142678787E1,8.083190918E-1,1.268432281E1
1.024681390E2,-1.141211838E1,9.210346985E-1,1.242401413E1
1.024781160E2,-1.114642090E1,9.345066833E-1,1.236413864E1
1.024880930E2,-1.126497437E1,8.497828674E-1,1.240470428E1
1.024980690E2,-1.118264557E1,9.485774231E-1,1.226100311E1
1.025080460E2,-1.113624207E1,1.020577698E0,1.222926910E1
1.025180230E2,-1.112411728E1,1.129251709E0,1.204754700E1
1.025280000E2,-1.079270645E1,1.228046265E0,1.200219131E1
1.025379770E2,-1.082788330E1,1.109492798E0,1.210143494E1
1.025479530E2,-1.089943451E1,1.371747437E0,1.190549240E1
1.025579300E2,-1.070603668E1,1.549727325E0,1.191911407E1
1.025679070E2,-1.074645264E1,1.493444366E0,1.179038177E1
1.025778840E2,-1.056772430E1,1.592687988E0,1.183483932E1
1.025878600E2,-1.057775345E1,1.597927094E0,1.188558380E1
1.025978370E2,-1.065948349E1,1.694176941E0,1.163410675E1
1.026078140E2,-1.037208115E1,1.810784454E0,1.160895905E1
1.026177910E2,-1.031579819E1,1.824855194E0,1.149190247E1
1.026277670E2,-1.013317795E1,2.045795746E0,1.128129044E1
1.026377440E2,-9.987231445E0,2.075583801E0,1.130494125E1
1.026477210E2,-1.010294083E1,2.048490143E0,1.126976440E1
1.026576980E2,-1.003378464E1,2.231858826E0,1.128024261E1
1.026676750E2,-9.950258331E0,2.073188782E0,1.127305756E1
1.026776510E2,-9.813592529E0,2.202519836E0,1.096185471E1
1.026876280E2,-9.589658203E0,2.221081238E0,1.097577576E1
1.026976050E2,-9.801617432E0,2.255809021E0,1.093910202E1
1.027075812E2,-9.706864471E0,2.316732330E0,1.087653214E1
1.027175573E2,-9.607770538E0,2.312840424E0,1.076082275E1
1.027275343E2,-9.509574738E0,2.346969452E0,1.048344955E1
1.027375112E2,-9.418863373E0,2.277364197E0,1.049632278E1
1.027474883E2,-9.573192444E0,2.348616028E0,1.044872177E1
1.027574653E2,-9.254355469E0,2.436483307E0,1.021745270E1
1.027674412E2,-9.104367371E0,2.390678558E0,1.004575974E1
1.027774182E2,-9.010961609E0,2.454146576E0,9.849218445E0
1.027873953E2,-8.819360046E0,2.371668091E0,9.864187317E0
1.027973723E2,-8.901389465E0,2.533780975E0,9.818382568E0
1.028073482E2,-8.675209808E0,2.715652771E0,9.705666962E0
1.028173253E2,-8.560099182E0,2.698588257E0,9.676777039E0
1.028273023E2,-8.574768677E0,2.762954407E0,9.430090027E0
1.028372792E2,-8.471633148E0,2.854114838E0,9.409882050E0
1.028472562E2,-8.490044861E0,2.918480988E0,9.419462128E0
1.028572323E2,-8.438851318E0,3.132685547E0,9.258846130E0
1.028672093E2,-8.214916992E0,3.115920410E0,9.424102478E0
1.028771862E2,-8.254434814E0,3.163371735E0,9.246272278E0
1.028871633E2,-7.998616791E0,3.188818817E0,9.010063477E0
1.028971393E2,-8.092471619E0,3.229833527E0,9.061107330E0
1.029071163E2,-8.111182709E0,3.326382751E0,8.882678375E0
1.029170932E2,-7.750582581E0,3.383863220E0,8.822054443E0
1.029270703E2,-7.499255219E0,3.305725708E0,8.637188873E0
1.029370463E2,-7.365583191E0,3.272045746E0,8.529712372E0
1.029470232E2,-7.386689301E0,3.285667419E0,8.631949768E0
1.029570002E2,-7.506739655E0,3.353326721E0,8.616980896E0
1.029669773E2,-7.242239685E0,3.329675903E0,8.440198517E0
1.029769543E2,-7.140900421E0,3.263962555E0,8.291108551E0
1.029869302E2,-7.010521545E0,3.182831268E0,8.155490570E0
1.029969073E2,-6.925348663E0,3.121159515E0,8.197702789E0
1.030068843E2,-7.147187347E0,3.277883606E0,8.165669403E0
1.030168612E2,-6.980883179E0,3.225791931E0,8.055348816E0
1.030268372E2,-6.945556641E0,3.239862671E0,7.879614258E0
1.030368143E2,-6.864425354E0,3.294798431E0,7.638016663E0
1.030467913E2,-6.720125427E0,3.299738159E0,7.570057983E0
1.030567682E2,-6.697223053E0,3.433410187E0,7.338040466E0
1.030667453E2,-6.418203278E0,3.468736725E0,7.291786652E0
1.030767213E2,-6.383176117E0,3.460503845E0,7.291187897E0
1.030866982E2,-6.473887482E0,3.426075439E0,7.091353455E0
1.030966752E2,-6.214027863E0,3.356919250E0,7.073390808E0
1.031066523E2,-6.236032104E0,3.390898590E0,7.061864777E0
1.031166283E2,-6.191424866E0,3.441343689E0,6.978937225E0
1.031266052E2,-6.079008636E0,3.482358398E0,6.859635315E0
1.031365823E2,-5.919290771E0,3.431763611E0,6.635700989E0
1.031465593E2,-5.751040649E0,3.399131470E0,6.600224762E0
1.031565362E2,-5.711073761E0,3.423680420E0,6.681805115E0
1.031665122E2,-5.659131775E0,3.382815399E0,6.656208344E0
1.031764893E2,-5.550457764E0,3.295696564E0,6.546037445E0
1.031864663E2,-5.498665466E0,3.345991974E0,6.376440125E0
1.031964432E2,-5.411696320E0,3.319497070E0,6.276148682E0
1.032064192E2,-5.319188690E0,3.331023102E0,6.270909576E0
1.032163963E2,-5.086273041E0,3.261567535E0,6.173312531E0
1.032263733E2,-4.903952179E0,3.249891815E0,6.145021362E0
1.032363502E2,-4.950655060E0,3.312461700E0,5.984854431E0
1.032463273E2,-4.840783539E0,3.222199402E0,5.937552795E0
1.032563033E2,-4.610562286E0,3.138822784E0,5.917644196E0
1.032662802E2,-4.506079559E0,3.084934845E0,5.826334076E0
1.032762572E2,-4.486620026E0,3.035238190E0,5.928272095E0
1.032862343E2,-4.500241699E0,3.058589630E0,5.873336334E0
1.032962103E2,-4.344116364E0,2.985391846E0,5.772595825E0
1.033061872E2,-4.248165894E0,2.911894684E0,5.619164886E0
1.033161643E2,-4.219275970E0,2.950214996E0,5.557044067E0
1.033261413E2,-4.037703552E0,2.793640594E0,5.602848816E0
1.033361182E2,-3.929328918E0,2.733914795E0,5.422473907E0
1.033460942E2,-3.871399384E0,2.765050049E0,5.241200867E0
1.033560713E2,-3.829935608E0,2.738854523E0,5.117408295E0
1.033660483E2,-3.749852142E0,2.728376312E0,5.011728058E0
1.033760252E2,-3.509901123E0,2.552492065E0,4.972060547E0
1.033860013E2,-3.544928284E0,2.569855957E0,4.807852020E0
1.033959783E2,-3.577859802E0,2.602039032E0,4.715943146E0
1.034059552E2,-3.453318787E0,2.495760040E0,4.629423065E0
1.034159322E2,-3.370690613E0,2.470911713E0,4.524341583E0
1.034259093E2,-3.378324738E0,2.404150543E0,4.509073334E0
1.034358853E2,-3.469185791E0,2.440075836E0,4.451892242E0
1.034458622E2,-3.362607422E0,2.335144043E0,4.390220490E0
1.034558393E2,-3.265459442E0,2.240989838E0,4.252656555E0
1.034658163E2,-3.391048279E0,2.298320618E0,4.144730988E0
1.034757923E2,-3.355272675E0,2.163451080E0,4.186793518E0
1.034857692E2,-3.280428314E0,2.042652283E0,4.168381805E0
1.034957463E2,-3.223995667E0,1.907034302E0,4.095333710E0
1.035057233E2,-3.287313995E0,1.890418854E0,4.047283630E0
1.035157002E2,-3.234922943E0,1.823957062E0,4.013004913E0
1.035256762E2,-3.060834961E0,1.654958496E0,3.998634796E0
1.035356533E2,-3.036286011E0,1.600471802E0,3.964805145E0
1.035456303E2,-3.231480103E0,1.637893982E0,3.993096313E0
1.035556072E2,-3.185525665E0,1.558858337E0,3.965403900E0
1.035655833E2,-2.983296204E0,1.487756195E0,3.896547089E0
1.035755603E2,-2.917283478E0,1.455872498E0,3.859873352E0
1.035855372E2,-2.984194336E0,1.434167633E0,3.874093781E0
1.035955142E2,-2.986888733E0,1.384920044E0,3.829486542E0
1.036054913E2,-2.823428650E0,1.251248016E0,3.715872803E0
1.036154673E2,-2.756218414E0,1.180594940E0,3.579955444E0
1.036254442E2,-2.747536469E0,1.142723694E0,3.544778595E0
1.036354213E2,-2.619253235E0,9.650431824E-1,3.569477234E0
1.036453983E2,-2.564766541E0,9.270222473E-1,3.550167389E0
1.036553742E2,-2.586172028E0,8.824150085E-1,3.552113342E0
1.036653512E2,-2.671943665E0,8.394543457E-1,3.513643341E0
1.036753283E2,-2.583777008E0,7.526348877E-1,3.501368866E0
1.036853053E2,-2.340832214E0,5.102888489E-1,3.472329254E0
1.036952822E2,-2.397414551E0,4.623884583E-1,3.412304077E0
1.037052588E2,-2.498005371E0,4.137396240E-1,3.451672211E0
1.037152357E2,-2.561922455E0,3.385958862E-1,3.428620148E0
1.037252128E2,-2.543361053E0,2.538720703E-1,3.419938202E0
1.037351898E2,-2.488125916E0,-4.490661621E-3,3.411256256E0
1.037451667E2,-2.573897552E0,-9.759704590E-2,3.420986023E0
1.037551427E2,-2.584226074E0,-1.971400452E-1,3.463796997E0
1.037651198E2,-2.581980743E0,-3.224295044E-1,3.366948395E0
1.037750968E2,-2.657274170E0,-3.553610229E-1,3.332669678E0
1.037850737E2,-2.567161560E0,-5.821394348E-1,3.333867188E0
1.037950498E2,-2.548001404E0,-7.192543030E-1,3.343596954E0
1.038050268E2,-2.572550354E0,-8.003855896E-1,3.374582520E0
1.038150037E2,-2.681972809E0,-8.265811157E-1,3.331023102E0
1.038249807E2,-2.720742188E0,-8.529263306E-1,3.339405670E0
1.038349578E2,-2.606529694E0,-1.106349335E0,3.339405670E0
1.038449338E2,-2.587818604E0,-1.240919495E0,3.304827576E0
1.038549107E2,-2.723436584E0,-1.239721985E0,3.333418121E0
1.038648878E2,-2.766097870E0,-1.317859497E0,3.370989990E0
1.038748648E2,-2.770438843E0,-1.412313080E0,3.372786255E0
1.038848417E2,-2.679577789E0,-1.597927094E0,3.384911041E0
1.038948177E2,-2.665357361E0,-1.761836243E0,3.449426880E0
1.039047948E2,-2.751877441E0,-1.883682861E0,3.572920074E0
1.039147718E2,-2.762505341E0,-2.012265472E0,3.604654083E0
1.039247487E2,-2.741399231E0,-2.199675751E0,3.606749725E0
1.039347247E2,-2.799628143E0,-2.230960693E0,3.590882721E0
1.039447018E2,-2.751578064E0,-2.343376923E0,3.649261322E0
1.039546788E2,-2.703527985E0,-2.492766266E0,3.655847626E0
1.039646557E2,-2.786605225E0,-2.528242493E0,3.610192566E0
1.039746328E2,-2.880609741E0,-2.470911713E0,3.556604004E0
1.039846088E2,-2.949915619E0,-2.331551514E0,3.526067505E0
1.039945857E2,-2.839295654E0,-2.439477081E0,3.513942719E0
1.040045627E2,-2.871778107E0,-2.486778717E0,3.600313110E0
1.040145398E2,-2.976859589E0,-2.477348328E0,3.645968170E0
1.040245158E2,-3.066972198E0,-2.578388214E0,3.626358948E0
1.040344927E2,-3.232228546E0,-2.718347168E0,3.674109650E0
1.040444698E2,-3.408861237E0,-2.937641144E0,3.806733856E0
1.040544468E2,-3.697760468E0,-2.957549744E0,3.970942383E0
1.040644237E2,-3.839216309E0,-3.126548309E0,4.056264954E0
1.040743997E2,-3.864513702E0,-3.332220612E0,4.177213440E0
1.040843768E2,-4.036356354E0,-3.276386719E0,4.253854065E0
1.040943538E2,-4.108805695E0,-3.277733917E0,4.194277954E0
1.041043307E2,-4.181704102E0,-3.294948120E0,4.172573090E0
1.041143078E2,-4.211342468E0,-3.346740417E0,4.233945465E0
1.041242838E2,-4.156107330E0,-3.458408203E0,4.351002045E0
1.041342607E2,-4.282145233E0,-3.364553375E0,4.420607300E0
1.041442377E2,-4.302951965E0,-3.447929993E0,4.352199554E0
1.041542148E2,-4.347409515E0,-3.542832642E0,4.396058350E0
1.041641908E2,-4.420008545E0,-3.526965637E0,4.398303680E0
1.041741677E2,-4.415218506E0,-3.693718872E0,4.462370453E0
1.041841448E2,-4.557871857E0,-3.780837708E0,4.576283569E0
1.041941218E2,-4.557871857E0,-3.902983704E0,4.576433258E0
1.042040987E2,-4.683311005E0,-3.903582458E0,4.621788940E0
1.042140747E2,-4.876409454E0,-3.855083313E0,4.645739136E0
1.042240518E2,-4.847519531E0,-4.073329468E0,4.734953613E0
1.042340288E2,-4.945865021E0,-4.145180054E0,4.921166382E0
1.042440057E2,-4.984484711E0,-4.061803436E0,4.924908600E0
1.042539828E2,-5.026247864E0,-4.093986511E0,4.955894165E0
1.042639588E2,-5.156926117E0,-4.083358612E0,5.005441132E0
1.042739358E2,-5.076094208E0,-4.171076202E0,5.059927826E0
1.042839127E2,-5.155728607E0,-4.106859741E0,5.196593628E0
1.042938898E2,-5.225483551E0,-4.058360596E0,5.274880829E0
1.043038658E2,-5.227579193E0,-4.264182587E0,5.366939392E0
1.043138427E2,-5.361251221E0,-4.216581573E0,5.427114258E0
1.043238197E2,-5.480104065E0,-4.181105347E0,5.342390442E0
1.043337968E2,-5.566624146E0,-4.270619202E0,5.426216125E0
1.043437738E2,-5.644312592E0,-4.277953949E0,5.519921265E0
1.043537497E2,-5.681884460E0,-4.325405273E0,5.548511810E0
1.043637268E2,-5.930966492E0,-4.243226166E0,5.526208191E0
1.043737038E2,-6.133195953E0,-4.264032898E0,5.516478424E0
1.043836807E2,-6.254743195E0,-4.437522125E0,5.607189789E0
1.043936577E2,-6.481222229E0,-4.327051849E0,5.685327301E0
1.044036338E2,-6.557862854E0,-4.375251617E0,5.770949249E0
1.044136108E2,-6.746021576E0,-4.452490997E0,5.810317383E0
1.044235877E2,-6.928791504E0,-4.478536835E0,5.808970184E0
1.044335648E2,-7.037166138E0,-4.605173492E0,5.935457153E0
1.044435418E2,-7.202272797E0,-4.528682556E0,6.037095795E0
1.044535177E2,-7.256609802E0,-4.516557770E0,6.028563538E0
1.044634947E2,-7.398514709E0,-4.560865631E0,6.140081635E0
1.044734718E2,-7.495063934E0,-4.473297729E0,6.240373077E0
1.044834488E2,-7.545359344E0,-4.594096527E0,6.328988800E0
1.044934247E2,-7.637717285E0,-4.655618591E0,6.322552185E0
1.045034018E2,-7.474257202E0,-4.607418823E0,6.344406738E0
1.045133788E2,-7.295229492E0,-4.610412598E0,6.466103668E0
1.045233558E2,-7.408543854E0,-4.544848938E0,6.518644409E0
1.045333327E2,-7.358248444E0,-4.717290344E0,6.577322388E0
1.045433088E2,-7.715555420E0,-4.746629333E0,6.696773987E0
1.045532858E2,-8.056696014E0,-4.487218781E0,6.761289825E0
1.045632627E2,-8.088579712E0,-4.636608124E0,6.757846985E0
1.045732397E2,-8.166567535E0,-4.771477661E0,6.795718231E0
1.045832168E2,-8.140821075E0,-4.791086884E0,6.895111542E0
1.045931928E2,-8.368048553E0,-4.828209686E0,7.016958160E0
1.046031697E2,-8.643026733E0,-4.736151123E0,6.972201233E0
1.046131468E2,-8.795409851E0,-4.772375793E0,6.991660767E0
1.046231238E2,-9.106612701E0,-4.730912018E0,7.138655090E0
1.046330997E2,-9.191785583E0,-4.686304779E0,7.165599060E0
1.046430767E2,-9.205706635E0,-4.884492645E0,7.250322876E0
1.046530538E2,-9.421108704E0,-4.773722992E0,7.367978210E0
1.046630308E2,-9.505682831E0,-4.608466644E0,7.425009613E0
1.046730077E2,-9.532177734E0,-4.575684814E0,7.447462921E0
1.046829838E2,-9.472302246E0,-4.421505432E0,7.439828796E0
1.046929608E2,-9.497899017E0,-4.501738586E0,7.570507050E0
1.047029373E2,-9.630074158E0,-4.477339325E0,7.510631561E0
1.047129143E2,-9.597891083E0,-4.578678589E0,7.629484406E0
1.047228912E2,-9.764344940E0,-4.756808167E0,7.913892975E0
1.047328672E2,-9.832004242E0,-4.753065948E0,8.082592163E0
1.047428443E2,-9.861193542E0,-5.101541290E0,8.384214935E0
1.047528213E2,-1.012838791E1,-5.232967987E0,8.632997589E0
1.047627982E2,-1.012015503E1,-5.047054596E0,8.518785095E0
1.047727753E2,-1.015667908E1,-5.063220978E0,8.604556732E0
1.047827513E2,-1.003632935E1,-4.858297119E0,8.684939575E0
1.047927282E2,-9.956096191E0,-4.737947388E0,8.728498993E0
1.048027052E2,-1.001028351E1,-4.618046722E0,8.679850159E0
1.048126823E2,-1.002600082E1,-4.514162750E0,8.641679535E0
1.048226583E2,-1.014605118E1,-4.663552094E0,9.013955383E0
1.048326352E2,-1.030801437E1,-4.701273651E0,9.158554688E0
1.048426123E2,-1.030981064E1,-4.799319763E0,9.272018738E0
1.048525893E2,-1.054392380E1,-4.963378601E0,9.551786957E0
1.048625662E2,-1.058344162E1,-4.834496613E0,9.694589996E0
1.048725422E2,-1.057131683E1,-4.746180267E0,9.730814667E0
1.048825193E2,-1.051862640E1,-4.644990692E0,9.658365326E0
1.048924963E2,-1.028571075E1,-4.549489288E0,9.668244781E0
1.049024732E2,-1.029379395E1,-4.556225281E0,9.886041870E0
1.049124503E2,-1.034902908E1,-4.423900452E0,9.875713348E0
1.049224263E2,-1.051563263E1,-4.373904419E0,9.849817200E0
1.049324033E2,-1.054826477E1,-4.499792633E0,1.015742752E1
1.049423802E2,-1.054616913E1,-4.588108978E0,1.022778122E1
1.049523573E2,-1.074794952E1,-4.618346100E0,1.032253418E1
1.049623343E2,-1.082923050E1,-4.526287537E0,1.057715469E1
1.049723102E2,-1.076157120E1,-4.441264343E0,1.059766205E1
1.049822872E2,-1.078522202E1,-4.448299713E0,1.059257263E1
1.049922643E2,-1.066786606E1,-4.304598541E0,1.064331711E1
1.050022413E2,-1.065469345E1,-4.329895935E0,1.082773361E1
1.050122182E2,-1.080782501E1,-4.373455353E0,1.111857880E1
1.050221943E2,-1.087832840E1,-4.303401031E0,1.119282440E1
1.050321713E2,-1.095916031E1,-4.278103638E0,1.118533997E1
1.050421482E2,-1.087413712E1,-4.254303131E0,1.119192627E1
1.050521252E2,-1.067849396E1,-4.316124573E0,1.140373581E1
1.050621013E2,-1.085243225E1,-4.337829437E0,1.166793640E1
1.050720783E2,-1.092188782E1,-4.152365112E0,1.171763306E1
1.050820552E2,-1.102502335E1,-3.970942383E0,1.161554535E1
1.050920323E2,-1.099897751E1,-3.985312500E0,1.156285492E1
1.051020093E2,-1.074480606E1,-3.999383240E0,1.171164551E1
1.051119852E2,-1.076710968E1,-3.954925690E0,1.206161774E1
1.051219622E2,-1.081486038E1,-3.824546814E0,1.216056198E1
1.051319393E2,-1.091140961E1,-3.901786194E0,1.211655350E1
1.051419163E2,-1.111348938E1,-3.884422302E0,1.220576797E1
1.051518932E2,-1.104672821E1,-3.708538055E0,1.233045868E1
1.051618693E2,-1.110271179E1,-3.785028992E0,1.256906250E1
1.051718463E2,-1.130748596E1,-3.705394592E0,1.267234772E1
1.051818232E2,-1.127560226E1,-3.633094940E0,1.284254379E1
1.051918002E2,-1.135134476E1,-3.577410736E0,1.287727158E1
1.052017773E2,-1.128338608E1,-3.474424896E0,1.282263519E1
1.052117533E2,-1.151151169E1,-3.426524506E0,1.311497726E1
1.052217302E2,-1.161794037E1,-3.356320496E0,1.337154373E1
1.052317073E2,-1.157512939E1,-3.186723175E0,1.349952759E1
1.052416843E2,-1.158201508E1,-3.145109711E0,1.356778564E1
1.052516613E2,-1.127425507E1,-3.165018311E0,1.355700806E1
1.052616372E2,-1.115719849E1,-3.237916718E0,1.389455612E1
1.052716143E2,-1.128278732E1,-3.162024536E0,1.412328049E1
1.052815913E2,-1.128757736E1,-2.995570679E0,1.409079803E1
1.052915682E2,-1.141286682E1,-3.029550018E0,1.405292679E1
1.053015452E2,-1.123922791E1,-3.020419006E0,1.406026154E1
1.053115213E2,-1.112696136E1,-2.955903168E0,1.417836594E1
1.053214983E2,-1.121153549E1,-2.900967407E0,1.424078613E1
1.053314752E2,-1.121482864E1,-2.845881958E0,1.422461975E1
1.053414523E2,-1.125389740E1,-2.746039581E0,1.417372559E1
1.053514283E2,-1.118548965E1,-2.682571564E0,1.415097290E1
1.053614052E2,-1.117037109E1,-2.662812653E0,1.420441177E1
1.053713822E2,-1.131841324E1,-2.665656738E0,1.438044571E1
1.053813593E2,-1.140927429E1,-2.608924713E0,1.442744797E1
1.053913363E2,-1.146091690E1,-2.524350586E0,1.435499863E1
1.054013122E2,-1.149309998E1,-2.580334167E0,1.434826263E1
1.054112893E2,-1.162377823E1,-2.600841522E0,1.442430450E1
1.054212663E2,-1.179142960E1,-2.541115723E0,1.444032120E1
1.054312432E2,-1.187375839E1,-2.380350037E0,1.434167633E1
1.054412202E2,-1.191177933E1,-2.242486725E0,1.428659088E1
1.054511963E2,-1.190668991E1,-2.295775909E0,1.428689026E1
1.054611733E2,-1.194096863E1,-2.374362488E0,1.441457474E1
1.054711502E2,-1.203422470E1,-2.282303925E0,1.454809708E1
1.054811273E2,-1.204889420E1,-2.148182831E0,1.451950653E1
1.054911043E2,-1.200728073E1,-2.091899872E0,1.446082855E1
1.055010803E2,-1.195818283E1,-2.152374115E0,1.444900314E1
1.055110572E2,-1.193647797E1,-2.185155945E0,1.453761887E1
1.055210343E2,-1.209963867E1,-2.003284149E0,1.462922836E1
1.055310113E2,-1.209170517E1,-1.819915466E0,1.455513245E1
1.055409882E2,-1.206506058E1,-1.721270599E0,1.456650879E1
1.055509642E2,-1.206431213E1,-1.597478027E0,1.448837128E1
1.055609413E2,-1.186148392E1,-1.621577911E0,1.448432968E1
1.055709183E2,-1.202838684E1,-1.655407562E0,1.470826401E1
1.055808952E2,-1.207299408E1,-1.396146698E0,1.468880447E1
1.055908723E2,-1.194950089E1,-1.334924011E0,1.460887070E1
1.056008483E2,-1.206401276E1,-1.355880432E0,1.463132401E1
1.056108252E2,-1.199605408E1,-1.457219696E0,1.470706650E1
1.056208022E2,-1.218391342E1,-1.567839661E0,1.485885086E1
1.056307793E2,-1.220951019E1,-1.227896576E0,1.463761093E1
1.056407563E2,-1.208257416E1,-1.114282837E0,1.446457077E1
1.056507322E2,-1.214005463E1,-1.280437317E0,1.445139816E1
1.056607093E2,-1.203108124E1,-1.175804901E0,1.434571793E1
1.056706863E2,-1.209574677E1,-1.043330383E0,1.430155975E1
1.056806632E2,-1.226399689E1,-6.521937561E-1,1.421863220E1
1.056906402E2,-1.231638794E1,-7.110214233E-1,1.430694855E1
1.057006163E2,-1.240874588E1,-7.592211914E-1,1.426563446E1
1.057105935E2,-1.215816696E1,-6.842271423E-1,1.428464493E1
1.057205705E2,-1.220741455E1,-8.140072632E-1,1.439062454E1
1.057305475E2,-1.225411743E1,-8.159532166E-1,1.446472046E1
1.057405245E2,-1.209529770E1,-7.568261719E-1,1.441996353E1
1.057505005E2,-1.210847031E1,-6.385720825E-1,1.426114380E1
1.057604775E2,-1.196267349E1,-4.058061218E-1,1.398406998E1
1.057704545E2,-1.191761719E1,-5.263055420E-1,1.399095566E1
1.057804315E2,-1.200069443E1,-3.052153015E-1,1.380489258E1
1.057904075E2,-1.179621964E1,-1.383123779E-1,1.398960846E1
1.058003845E2,-1.198827026E1,-3.141966248E-1,1.425350967E1
1.058103615E2,-1.189097260E1,-2.848576355E-1,1.416953430E1
1.058203385E2,-1.174263107E1,-3.504212952E-1,1.404499329E1
1.058303155E2,-1.194560898E1,-4.655319214E-2,1.388317978E1
1.058402915E2,-1.170865173E1,9.131011963E-2,1.385653519E1
1.058502685E2,-1.187705154E1,-5.643264771E-2,1.386386993E1
1.058602455E2,-1.173739197E1,1.312770081E-1,1.365595230E1
1.058702225E2,-1.148501678E1,1.416055298E-1,1.373034760E1
1.058801995E2,-1.172227341E1,2.474354553E-1,1.366089203E1
1.058901755E2,-1.144250519E1,5.369334412E-1,1.333861221E1
1.059001525E2,-1.132814301E1,5.276527405E-1,1.317904404E1
1.059101295E2,-1.137828873E1,5.903723145E-1,1.302082306E1
1.059201065E2,-1.135538635E1,5.328918457E-1,1.308204575E1
1.059300835E2,-1.164353714E1,4.908293152E-1,1.306662781E1
1.059400595E2,-1.169982010E1,8.262817383E-1,1.289403671E1
1.059500365E2,-1.166793640E1,9.177415466E-1,1.283401154E1
1.059600135E2,-1.166135010E1,9.065148926E-1,1.259989838E1
1.059699905E2,-1.150327881E1,8.940907288E-1,1.254481293E1
1.059799675E2,-1.160731247E1,8.870553589E-1,1.256636810E1
1.059899435E2,-1.152393585E1,1.066083069E0,1.244482086E1
1.059999205E2,-1.145582748E1,1.009351044E0,1.249152374E1
1.060098975E2,-1.153980286E1,1.079704742E0,1.231159790E1
1.060198745E2,-1.140388550E1,1.178948364E0,1.221385117E1
1.060298515E2,-1.147573608E1,1.119671631E0,1.220516922E1
1.060398275E2,-1.140178986E1,1.251547394E0,1.208960953E1
1.060498045E2,-1.119896164E1,1.265618134E0,1.205218735E1
1.060597815E2,-1.120345230E1,1.362317047E0,1.198018707E1
1.060697585E2,-1.103849533E1,1.423539734E0,1.191432404E1
1.060797355E2,-1.106064926E1,1.324595490E0,1.196087723E1
1.060897115E2,-1.094000015E1,1.440454559E0,1.183394119E1
1.060996885E2,-1.067624863E1,1.580413513E0,1.187196213E1
1.061096655E2,-1.076666061E1,1.492845612E0,1.186313049E1
1.061196425E2,-1.060170364E1,1.553020477E0,1.165087189E1
1.061296195E2,-1.050201096E1,1.762285309E0,1.145897095E1
1.061395955E2,-1.035546570E1,2.109712830E0,1.110405899E1
1.061495725E2,-1.000055374E1,2.108665009E0,1.138622223E1
1.061595495E2,-1.012748978E1,1.888023834E0,1.163784897E1
1.061695265E2,-1.017808456E1,2.011517029E0,1.130748596E1
1.061795035E2,-1.011970596E1,2.047142944E0,1.135284164E1
1.061894795E2,-1.005114853E1,2.126927032E0,1.104897354E1
1.061994565E2,-9.841284943E0,2.181862793E0,1.103894440E1
1.062094335E2,-9.858050079E0,2.188449097E0,1.103610031E1
1.062194105E2,-9.924811249E0,2.237546997E0,1.097368011E1
1.062293875E2,-9.751471710E0,2.330952759E0,1.076800781E1
1.062393635E2,-9.831106110E0,2.304158478E0,1.076800781E1
1.062493405E2,-9.621541901E0,2.286495209E0,1.042971130E1
1.062593175E2,-9.287736053E0,2.433639221E0,1.026400589E1
1.062692945E2,-9.097332001E0,2.596799927E0,1.017658768E1
1.062792715E2,-8.990154877E0,2.576292572E0,1.043330383E1
1.062892475E2,-9.189689941E0,2.568508759E0,1.018886215E1
1.062992245E2,-9.130113831E0,2.723735962E0,9.820178833E0
1.063092015E2,-8.807384949E0,2.676134949E0,9.668095093E0
1.063191785E2,-8.820557556E0,2.630928955E0,1.005204666E1
1.063291555E2,-8.678802338E0,2.680924988E0,9.982890472E0
1.063391315E2,-8.721463623E0,2.892435150E0,9.728419647E0
1.063491085E2,-8.566086731E0,2.920426941E0,9.394763489E0
1.063590855E2,-8.231083374E0,2.925366669E0,9.667795715E0
1.063690625E2,-8.591234436E0,2.981649628E0,9.551188202E0
1.063790395E2,-8.315807190E0,3.130889282E0,9.470805359E0
1.063890155E2,-8.258775787E0,3.080144806E0,9.293424225E0
1.063989925E2,-8.061036987E0,3.202739868E0,9.164991302E0
1.064089695E2,-7.984995117E0,3.102298737E0,8.943451996E0
1.064189465E2,-7.825127563E0,3.195405121E0,9.030570831E0
1.064289235E2,-7.655230865E0,3.370840302E0,8.787775726E0
1.064388995E2,-7.891589355E0,3.464994507E0,8.829838257E0
1.064488765E2,-7.740254059E0,3.412603455E0,8.759334869E0
1.064588535E2,-7.533533936E0,3.228186951E0,8.379873962E0
1.064688305E2,-7.204518127E0,3.239862671E0,8.643176422E0
1.064788075E2,-7.209308167E0,3.315605164E0,8.303981781E0
1.064887835E2,-7.173831940E0,3.402873688E0,8.381670227E0
1.064987605E2,-7.427853699E0,3.389701080E0,8.312364349E0
1.065087375E2,-7.188202057E0,3.314856720E0,7.759414215E0
1.065187145E2,-6.788233795E0,3.316652985E0,7.862549744E0
1.065286915E2,-7.126081238E0,3.244053955E0,8.190817108E0
1.065386675E2,-7.131470032E0,3.183430023E0,8.057743835E0
1.065486445E2,-6.734046478E0,3.347788239E0,7.649692383E0
1.065586215E2,-6.905589752E0,3.378923492E0,7.657625885E0
1.065685985E2,-7.169640656E0,3.457510071E0,7.751780090E0
1.065785755E2,-6.921007690E0,3.386258240E0,7.432943115E0
1.065885515E2,-6.311774597E0,3.315605164E0,7.646399231E0
1.065985285E2,-6.400390320E0,3.302582245E0,7.394922180E0
1.066085055E2,-6.178102570E0,3.325035553E0,7.090754700E0
1.066184825E2,-6.065237274E0,3.563639374E0,7.035669250E0
1.066284595E2,-6.249504089E0,3.461102600E0,7.014263763E0
1.066384355E2,-6.096671906E0,3.412603455E0,7.015910339E0
1.066484125E2,-6.083948364E0,3.383713531E0,7.086114349E0
1.066583895E2,-5.954617310E0,3.362607422E0,6.904691620E0
1.066683665E2,-5.809269562E0,3.340752869E0,6.829847260E0
1.066783435E2,-5.672753448E0,3.381767578E0,6.829098816E0
1.066883195E2,-5.625302124E0,3.426225128E0,6.719227295E0
1.066982965E2,-5.572012939E0,3.278033295E0,6.672674103E0
1.067082734E2,-5.270390167E0,3.301235046E0,6.459367676E0
1.067182504E2,-5.085225220E0,3.339405670E0,6.359674988E0
1.067282274E2,-5.126988373E0,3.250041504E0,6.408174133E0
1.067382034E2,-5.234764252E0,3.137176208E0,6.428382111E0
1.067481804E2,-5.039869537E0,3.119962006E0,6.198909302E0
1.067581574E2,-4.868625641E0,3.112327881E0,6.157595215E0
1.067681344E2,-4.700525208E0,3.144960022E0,5.993835754E0
1.067781114E2,-4.443958740E0,3.038082275E0,5.937103729E0
1.067880874E2,-4.472399597E0,3.028053131E0,6.035598907E0
1.067980644E2,-4.569697266E0,3.024011536E0,5.877228241E0
1.068080414E2,-4.668342133E0,3.055296478E0,5.720953217E0
1.068180184E2,-4.415218506E0,2.926264801E0,5.668113098E0
1.068279954E2,-4.208348694E0,2.901715851E0,5.559439087E0
1.068379724E2,-4.210893402E0,2.915936279E0,5.586083679E0
1.068479484E2,-4.089645538E0,2.911894684E0,5.426365814E0
1.068579254E2,-3.977079620E0,2.862198029E0,5.341941376E0
1.068679024E2,-3.871998138E0,2.824177094E0,5.238805847E0
1.068778794E2,-3.889811096E0,2.828967133E0,5.185666351E0
1.068878564E2,-3.874093781E0,2.728825378E0,5.101092224E0
1.068978324E2,-3.723806305E0,2.582878876E0,5.046755219E0
1.069078094E2,-3.530857544E0,2.520608368E0,4.957540741E0
1.069177864E2,-3.534599762E0,2.506837006E0,4.786596222E0
1.069277634E2,-3.499722290E0,2.456840973E0,4.729265442E0
1.069377404E2,-3.392395477E0,2.402354279E0,4.689148865E0
1.069477164E2,-3.328478394E0,2.300266571E0,4.590953064E0
1.069576934E2,-3.361409912E0,2.314487000E0,4.542902985E0
1.069676704E2,-3.282374268E0,2.255210266E0,4.486620026E0
1.069776474E2,-3.168012085E0,2.195334778E0,4.438120880E0
1.069876244E2,-3.186274109E0,2.192939758E0,4.286785583E0
1.069976004E2,-3.208727417E0,2.078427887E0,4.283043365E0
1.070075774E2,-3.209924927E0,2.031874695E0,4.270918579E0
1.070175544E2,-3.102897491E0,1.948498077E0,4.200115814E0
1.070275314E2,-3.072360992E0,1.896107025E0,4.148024139E0
1.070375084E2,-3.138373718E0,1.810036011E0,4.121229858E0
1.070474844E2,-3.154390411E0,1.700164490E0,4.109853516E0
1.070574614E2,-3.126099243E0,1.616787872E0,4.075874176E0
1.070674384E2,-3.087778931E0,1.550326080E0,3.955823822E0
1.070774154E2,-3.024610291E0,1.478176117E0,3.877386932E0
1.070873924E2,-2.972817993E0,1.410965881E0,3.836521912E0
1.070973684E2,-2.876867523E0,1.285377045E0,3.834875336E0
1.071073454E2,-2.865940247E0,1.211879883E0,3.800147552E0
1.071173224E2,-2.817441101E0,1.190773773E0,3.746858368E0
1.071272994E2,-2.721191254E0,1.153650970E0,3.706592102E0
1.071372764E2,-2.665507050E0,1.079405365E0,3.671265564E0
1.071472524E2,-2.685116272E0,1.011895752E0,3.627706146E0
1.071572294E2,-2.768941956E0,1.010698242E0,3.654650116E0
1.071672064E2,-2.781665497E0,9.618997192E-1,3.641627197E0
1.071771834E2,-2.690954132E0,8.592132568E-1,3.544179840E0
1.071871604E2,-2.657872925E0,7.686515808E-1,3.463946686E0
1.071971374E2,-2.656226349E0,7.083270264E-1,3.416645050E0
1.072071134E2,-2.699336700E0,6.673123169E-1,3.437601471E0
1.072170904E2,-2.760709076E0,5.938151550E-1,3.412004700E0
1.072270674E2,-2.788401489E0,4.974156189E-1,3.386856995E0
1.072370444E2,-2.780168610E0,3.793112183E-1,3.413651276E0
1.072470214E2,-2.791395264E0,2.195933533E-1,3.426075439E0
1.072569974E2,-2.773282928E0,9.026229858E-2,3.394640808E0
1.072669744E2,-2.785707092E0,2.978805542E-2,3.414549408E0
1.072769514E2,-2.780917053E0,-6.032455444E-2,3.509002991E0
1.072869284E2,-2.754571838E0,-2.694396973E-1,3.570525055E0
1.072969054E2,-2.747386780E0,-4.484674072E-1,3.517984314E0
1.073068814E2,-2.714455261E0,-6.065386963E-1,3.487298126E0
1.073168584E2,-2.679727478E0,-7.047344971E-1,3.536994781E0
1.073268354E2,-2.670446777E0,-7.887098694E-1,3.556005249E0
1.073368124E2,-2.657274170E0,-8.864566040E-1,3.519032135E0
1.073467894E2,-2.637814636E0,-9.705816650E-1,3.479963379E0
1.073567654E2,-2.594554596E0,-1.111438751E0,3.430566101E0
1.073667424E2,-2.585722961E0,-1.227746887E0,3.366050262E0
1.073767194E2,-2.680326233E0,-1.261576538E0,3.337160339E0
1.073866964E2,-2.694097595E0,-1.382075958E0,3.311264191E0
1.073966734E2,-2.720442810E0,-1.525926819E0,3.282374268E0
1.074066504E2,-2.702929230E0,-1.667532349E0,3.317850494E0
1.074166264E2,-2.685116272E0,-1.760938110E0,3.443439331E0
1.074266034E2,-2.664010162E0,-1.846709747E0,3.495081940E0
1.074365804E2,-2.716550903E0,-1.999990997E0,3.484603729E0
1.074465574E2,-2.926414490E0,-2.117496643E0,3.535946960E0
1.074565344E2,-3.018173676E0,-2.201472015E0,3.558999023E0
1.074665104E2,-2.979104919E0,-2.288740540E0,3.609743500E0
1.074764874E2,-2.964585114E0,-2.326462097E0,3.663481750E0
1.074864644E2,-2.926713867E0,-2.453697510E0,3.731889496E0
1.074964414E2,-2.899470520E0,-2.607427826E0,3.794908447E0
1.075064184E2,-2.974314880E0,-2.626587982E0,3.815266113E0
1.075163944E2,-3.083887024E0,-2.506238251E0,3.740122375E0
1.075263714E2,-3.052602081E0,-2.509830780E0,3.644620972E0
1.075363484E2,-3.031046906E0,-2.653831329E0,3.610941010E0
1.075463254E2,-3.087329865E0,-2.708018646E0,3.624113617E0
1.075563024E2,-3.289709015E0,-2.615361328E0,3.668720856E0
1.075662794E2,-3.375929718E0,-2.700234833E0,3.639830933E0
1.075762554E2,-3.468287659E0,-2.879861298E0,3.697161713E0
1.075862324E2,-3.608845367E0,-3.099454651E0,3.881877594E0
1.075962094E2,-3.851790161E0,-3.180136871E0,4.103865967E0
1.076061864E2,-3.992347870E0,-3.349285126E0,4.165238342E0
1.076161634E2,-4.186643829E0,-3.330424347E0,4.160597992E0
1.076261394E2,-4.346960449E0,-3.259920959E0,4.146078186E0
1.076361164E2,-4.430935822E0,-3.343147888E0,4.180207214E0
1.076460934E2,-4.402944031E0,-3.511098633E0,4.209845581E0
1.076560704E2,-4.436923370E0,-3.543431396E0,4.208797760E0
1.076660474E2,-4.637057190E0,-3.418740692E0,4.199966125E0
1.076760234E2,-4.766537933E0,-3.436254272E0,4.220024414E0
1.076860004E2,-4.703818359E0,-3.636837158E0,4.293371887E0
1.076959774E2,-4.728067932E0,-3.748205566E0,4.479734344E0
1.077059549E2,-4.840484161E0,-3.770359497E0,4.623884583E0
1.077159319E2,-4.863685913E0,-3.901187439E0,4.644541626E0
1.077259079E2,-4.838538208E0,-4.003724213E0,4.661157074E0
1.077358849E2,-4.876110077E0,-4.005221100E0,4.726870422E0
1.077458619E2,-4.967869263E0,-4.032015381E0,4.843178558E0
1.077558389E2,-4.987777863E0,-4.211791534E0,4.975653076E0
1.077658159E2,-5.045857086E0,-4.208199005E0,5.013674011E0
1.077757929E2,-5.186414795E0,-4.073479156E0,4.984634399E0
1.077857689E2,-5.234614563E0,-4.106560364E0,5.034780121E0
1.077957459E2,-5.151537323E0,-4.331841888E0,5.093757477E0
1.078057229E2,-5.162165222E0,-4.261637878E0,5.154680786E0
1.078156999E2,-5.271288300E0,-4.071682892E0,5.174589386E0
1.078256769E2,-5.376818848E0,-4.084406433E0,5.198090515E0
1.078356529E2,-5.368286591E0,-4.333039398E0,5.246739349E0
1.078456299E2,-5.567821655E0,-4.348307648E0,5.418881378E0
1.078556069E2,-5.713319092E0,-4.313430176E0,5.596112823E0
1.078655839E2,-5.876479797E0,-4.329746246E0,5.577850800E0
1.078755609E2,-5.951174469E0,-4.361330566E0,5.580545197E0
1.078855379E2,-6.045927429E0,-4.364324341E0,5.642216949E0
1.078955139E2,-6.128256226E0,-4.345613251E0,5.695057068E0
1.079054909E2,-6.228847046E0,-4.352648621E0,5.627996521E0
1.079154679E2,-6.398444366E0,-4.269571381E0,5.571863251E0
1.079254449E2,-6.622678070E0,-4.220174103E0,5.570366364E0
1.079354219E2,-6.808890839E0,-4.265230408E0,5.620362396E0
1.079453979E2,-6.859335938E0,-4.521198120E0,5.798342285E0
1.079553749E2,-7.011719055E0,-4.612957306E0,6.067183228E0
1.079653519E2,-7.223229218E0,-4.545148315E0,6.186634827E0
1.079753289E2,-7.368726654E0,-4.495451660E0,6.200106812E0
1.079853059E2,-7.461084595E0,-4.484524384E0,6.320157166E0
1.079952819E2,-7.541766815E0,-4.489314423E0,6.495891724E0
1.080052589E2,-7.458539886E0,-4.501888275E0,6.512357483E0
1.080152359E2,-7.282206573E0,-4.357438660E0,6.307134247E0
1.080252129E2,-7.254214783E0,-4.203558655E0,6.214327240E0
1.080351899E2,-7.268285522E0,-4.293222198E0,6.349645844E0
1.080451669E2,-7.390880585E0,-4.524341583E0,6.498586121E0
1.080551429E2,-7.705675964E0,-4.627926178E0,6.615942078E0
1.080651199E2,-8.133186951E0,-4.522994385E0,6.665189667E0
1.080750969E2,-8.273295593E0,-4.672533417E0,6.664291534E0
1.080850739E2,-8.315208435E0,-4.797972565E0,6.639592896E0
1.080950509E2,-8.340805206E0,-4.791535950E0,6.706503754E0
1.081050269E2,-8.514444122E0,-4.847669220E0,6.890920258E0
1.081150039E2,-8.639733582E0,-4.766088867E0,7.079228668E0
1.081249809E2,-8.935518494E0,-4.561464386E0,6.969656525E0
1.081349579E2,-9.167086945E0,-4.484225006E0,6.925648041E0
1.081449349E2,-9.305698700E0,-4.638254700E0,6.871909790E0
1.081549119E2,-9.097032623E0,-4.763693848E0,7.128925323E0
1.081648879E2,-9.262139282E0,-4.694088593E0,7.345674591E0
1.081748649E2,-9.645043030E0,-4.528532867E0,7.375911713E0
1.081848419E2,-9.640702057E0,-4.365521851E0,7.422913971E0
1.081948189E2,-9.727671204E0,-4.436324615E0,7.314389648E0
1.082047959E2,-9.783056030E0,-4.659360809E0,7.437433777E0
1.082147719E2,-9.765392761E0,-4.792434082E0,7.769593048E0
1.082247489E2,-9.732161865E0,-4.647236023E0,7.930658112E0
1.082347259E2,-9.843230896E0,-4.756209412E0,7.895331573E0
1.082447029E2,-9.993518372E0,-4.828808441E0,7.983498230E0
1.082546799E2,-9.929451599E0,-4.857848053E0,8.177045746E0
1.082646559E2,-9.793833618E0,-4.939428406E0,8.444988556E0
1.082746329E2,-1.038734940E1,-4.919220428E0,8.452622681E0
1.082846099E2,-1.012913635E1,-4.722379761E0,8.610244904E0
1.082945869E2,-9.994416504E0,-4.705165558E0,8.545130310E0
1.083045639E2,-1.017763550E1,-4.674778748E0,8.453520813E0
1.083145409E2,-1.011671219E1,-4.713997192E0,8.748856659E0
1.083245169E2,-1.013871643E1,-4.508474579E0,8.889564056E0
1.083344939E2,-1.021715332E1,-4.400099945E0,8.780440979E0
1.083444709E2,-1.014185989E1,-4.401596832E0,8.804391174E0
1.083544479E2,-1.048614395E1,-4.523443451E0,8.788374481E0
1.083644249E2,-1.062146255E1,-4.645140381E0,9.130413208E0
1.083744009E2,-1.064675995E1,-4.503085785E0,9.440568237E0
1.083843779E2,-1.089269852E1,-4.560266876E0,9.412576447E0
1.083943549E2,-1.073013657E1,-4.754712524E0,9.533075867E0
1.084043319E2,-1.058613602E1,-4.723427582E0,9.652826843E0
1.084143089E2,-1.056607773E1,-4.562961273E0,9.703421631E0
1.084242859E2,-1.068807404E1,-4.490661621E0,9.731413422E0
1.084342619E2,-1.076067307E1,-4.301455078E0,9.683363342E0
1.084442389E2,-1.068253555E1,-4.281396790E0,9.836943970E0
1.084542159E2,-1.066457291E1,-4.379143524E0,1.005339386E1
1.084641929E2,-1.065993256E1,-4.498445435E0,1.030726593E1
1.084741699E2,-1.081007034E1,-4.544699249E0,1.056981995E1
1.084841459E2,-1.086306015E1,-4.392166443E0,1.062655197E1
1.084941229E2,-1.075588303E1,-4.240531769E0,1.049781967E1
1.085040999E2,-1.076336746E1,-4.320016479E0,1.055739578E1
1.085140769E2,-1.073567505E1,-4.353995819E0,1.084225342E1
1.085240539E2,-1.087608307E1,-4.342769165E0,1.114028366E1
1.085340309E2,-1.103669907E1,-4.218826904E0,1.109328140E1
1.085440069E2,-1.099029556E1,-4.060905304E0,1.096694412E1
1.085539839E2,-1.079614929E1,-4.275409241E0,1.104538101E1
1.085639609E2,-1.085467758E1,-4.284091187E0,1.140732834E1
1.085739379E2,-1.084809128E1,-4.204905853E0,1.170161636E1
1.085839149E2,-1.106364304E1,-4.187991028E0,1.164727936E1
1.085938909E2,-1.116138977E1,-4.104315033E0,1.163290924E1
1.086038679E2,-1.091859467E1,-4.064048767E0,1.158650574E1
1.086138449E2,-1.059391983E1,-3.956422577E0,1.172002808E1
1.086238219E2,-1.130434250E1,-4.005520477E0,1.175879745E1
1.086337989E2,-1.104807541E1,-3.913012848E0,1.208047852E1
1.086437759E2,-1.097188385E1,-3.735931091E0,1.217148926E1
1.086537519E2,-1.086335953E1,-3.599265289E0,1.208781326E1
1.086637289E2,-1.157468033E1,-3.781436462E0,1.198797089E1
1.086737059E2,-1.120030884E1,-3.597019958E0,1.247460892E1
1.086836829E2,-1.147259262E1,-3.575614471E0,1.267219803E1
1.086936599E2,-1.153725815E1,-3.432661743E0,1.266007324E1
1.087036359E2,-1.151375702E1,-3.421435089E0,1.271455994E1
1.087136126E2,-1.147603546E1,-3.528911591E0,1.286634430E1
1.087235896E2,-1.156914185E1,-3.442990265E0,1.307022034E1
1.087335666E2,-1.180265625E1,-3.442092133E0,1.339205109E1
1.087435436E2,-1.186298080E1,-3.312461700E0,1.354533234E1
1.087535206E2,-1.157183624E1,-3.133433990E0,1.349129471E1
1.087634966E2,-1.133233429E1,-3.172951813E0,1.356269623E1
1.087734736E2,-1.108834167E1,-3.113076324E0,1.376612320E1
1.087834506E2,-1.117635864E1,-3.144960022E0,1.412941772E1
1.087934276E2,-1.137559433E1,-3.100652161E0,1.415950516E1
1.088034046E2,-1.136975647E1,-2.940485229E0,1.398975815E1
1.088133816E2,-1.127380600E1,-2.962489471E0,1.394500122E1
1.088233576E2,-1.108938950E1,-2.862347717E0,1.395383286E1
1.088333346E2,-1.105226669E1,-2.747087402E0,1.416713928E1
1.088433116E2,-1.122380997E1,-2.757715302E0,1.424961777E1
1.088532886E2,-1.131107849E1,-2.637814636E0,1.420950119E1
1.088632656E2,-1.149220184E1,-2.719844055E0,1.430111069E1
1.088732416E2,-1.154309601E1,-2.753224640E0,1.435469925E1
1.088832186E2,-1.158096725E1,-2.681523743E0,1.450977676E1
1.088931956E2,-1.170505920E1,-2.697690125E0,1.451666245E1
1.089031726E2,-1.164967438E1,-2.529290314E0,1.434017944E1
1.089131496E2,-1.164787811E1,-2.630629578E0,1.434317322E1
1.089231266E2,-1.181957108E1,-2.644850006E0,1.435874084E1
1.089331026E2,-1.192989166E1,-2.431992645E0,1.439571396E1
1.089430796E2,-1.207523941E1,-2.462080078E0,1.440095306E1
1.089530566E2,-1.195593750E1,-2.368075562E0,1.432057022E1
1.089630336E2,-1.184561691E1,-2.320773926E0,1.435275330E1
1.089730106E2,-1.187824905E1,-2.373015289E0,1.441637100E1
1.089829866E2,-1.190100174E1,-2.288590851E0,1.448103653E1
1.089929636E2,-1.209634552E1,-2.222727814E0,1.452773941E1
1.090029406E2,-1.208661575E1,-2.164947968E0,1.430155975E1
1.090129176E2,-1.192405380E1,-2.057022400E0,1.428659088E1
1.090228946E2,-1.204500229E1,-2.100432129E0,1.443822556E1
1.090328716E2,-1.203647003E1,-2.008822632E0,1.452579346E1
1.090428476E2,-1.210951813E1,-1.795516205E0,1.468566101E1
1.090528246E2,-1.232881210E1,-1.724713440E0,1.463102463E1
1.090628016E2,-1.205233704E1,-1.722019043E0,1.456680817E1
1.090727786E2,-1.234782257E1,-1.800755310E0,1.463806000E1
1.090827556E2,-1.217104019E1,-1.614542542E0,1.463341965E1
1.090927326E2,-1.227178070E1,-1.447040863E0,1.470407272E1
1.091027086E2,-1.233659592E1,-1.351988525E0,1.457863358E1
1.091126856E2,-1.207958038E1,-1.370400238E0,1.441083252E1
1.091226626E2,-1.210876968E1,-1.428329773E0,1.452354813E1
1.091326396E2,-1.230336502E1,-1.313668213E0,1.449435883E1
1.091426166E2,-1.232851273E1,-1.223405914E0,1.454495361E1
1.091525936E2,-1.242371475E1,-1.131047974E0,1.442834610E1
1.091625696E2,-1.224199265E1,-1.024319916E0,1.420396271E1
1.091725466E2,-1.207583817E1,-9.985734558E-1,1.430066162E1
1.091825236E2,-1.228405518E1,-1.040785675E0,1.439601334E1
1.091925006E2,-1.245335312E1,-8.400531006E-1,1.429542252E1
1.092024776E2,-1.247071701E1,-6.026467896E-1,1.420680679E1
1.092124536E2,-1.233614685E1,-5.685177612E-1,1.412537613E1
1.092224306E2,-1.223735229E1,-6.363267517E-1,1.410471909E1
1.092324076E2,-1.218106934E1,-5.771997070E-1,1.406894348E1
1.092423846E2,-1.231444199E1,-4.805007935E-1,1.413645309E1
1.092523616E2,-1.244392273E1,-3.817062378E-1,1.414244064E1
1.092623386E2,-1.228540237E1,-5.239105225E-1,1.408570862E1
1.092723146E2,-1.216774704E1,-5.760021973E-1,1.408750488E1
1.092822916E2,-1.200952606E1,-4.206253052E-1,1.407762543E1
1.092922686E2,-1.207254501E1,-4.370910645E-1,1.417177963E1
1.093022456E2,-1.216205887E1,-2.865042114E-1,1.408106827E1
1.093122226E2,-1.194471085E1,-2.097138977E-1,1.407223663E1
1.093221996E2,-1.213257019E1,-2.993774414E-1,1.411085632E1
1.093321756E2,-1.199785034E1,-1.916015625E-1,1.398766251E1
1.093421526E2,-1.187765030E1,-1.113684082E-1,1.395473099E1
1.093521296E2,-1.191252777E1,5.014572144E-2,1.383378250E1
1.093621066E2,-1.168395309E1,9.819580078E-2,1.372795258E1
1.093720836E2,-1.177616135E1,-5.209167480E-2,1.366298767E1
1.093820606E2,-1.161374908E1,4.191284180E-2,1.363529526E1
1.093920366E2,-1.157033936E1,1.582209778E-1,1.364143250E1
1.094020136E2,-1.170311325E1,3.074606323E-1,1.348860031E1
1.094119906E2,-1.152603149E1,3.944297791E-1,1.327753922E1
1.094219676E2,-1.153486313E1,4.367916870E-1,1.318128937E1
1.094319446E2,-1.148771118E1,6.224057007E-1,1.311692322E1
1.094419206E2,-1.149504593E1,7.176077271E-1,1.305375458E1
1.094518976E2,-1.150612289E1,8.903485107E-1,1.283116745E1
1.094618746E2,-1.143771515E1,9.485774231E-1,1.273192383E1
1.094718516E2,-1.159788208E1,8.707392883E-1,1.264989441E1
1.094818286E2,-1.167287613E1,9.849517822E-1,1.248673370E1
1.094918056E2,-1.170520889E1,9.888436890E-1,1.248059647E1
1.095017816E2,-1.156240585E1,1.187031555E0,1.245993942E1
1.095117586E2,-1.175730057E1,1.366208954E0,1.232072891E1
1.095217356E2,-1.155267609E1,1.350791016E0,1.225052490E1
1.095317126E2,-1.189007446E1,1.298100586E0,1.196701447E1
1.095416896E2,-1.146989822E1,1.374890900E0,1.201476517E1
1.095516666E2,-1.144475052E1,1.402733002E0,1.189845703E1
1.095616426E2,-1.156405243E1,1.429527283E0,1.162722107E1
1.095716196E2,-1.108190506E1,1.423240356E0,1.185714294E1
1.095815966E2,-1.121707397E1,1.389560394E0,1.186417831E1
1.095915736E2,-1.117950211E1,1.365610199E0,1.179966248E1
1.096015506E2,-1.114672028E1,1.490899658E0,1.168470154E1
1.096115276E2,-1.082908081E1,1.621727600E0,1.172781189E1
1.096215036E2,-1.075453583E1,1.630858612E0,1.185250259E1
1.096314806E2,-1.060679306E1,1.686692505E0,1.178364578E1
1.096414576E2,-1.101484451E1,1.662742310E0,1.135224289E1
1.096514346E2,-1.019484970E1,1.860032043E0,1.148516647E1
1.096614116E2,-1.053898407E1,1.863325195E0,1.127156067E1
1.096713886E2,-1.012958542E1,1.879192200E0,1.125299927E1
1.096813646E2,-1.013961456E1,2.039808197E0,1.117396362E1
1.096913416E2,-1.018197647E1,1.964215393E0,1.106543930E1
1.097013186E2,-1.007659561E1,2.019749908E0,1.102951401E1
1.097112950E2,-9.988428955E0,2.102827148E0,1.101394638E1
1.097212720E2,-9.853709106E0,2.171534271E0,1.097772171E1
1.097312480E2,-9.885293427E0,2.230511627E0,1.086395828E1
1.097412250E2,-9.929301910E0,2.408641205E0,1.068522995E1
1.097512020E2,-9.799372101E0,2.429747314E0,1.063822769E1
1.097611790E2,-9.597442017E0,2.464175720E0,1.046129562E1
1.097711560E2,-9.430389404E0,2.535726929E0,1.036998550E1
1.097811330E2,-9.514514465E0,2.570903778E0,1.031654663E1
1.097911090E2,-9.497000885E0,2.655028839E0,1.017030075E1
1.098010860E2,-9.328750763E0,2.581232300E0,1.020712418E1
1.098110630E2,-9.277856598E0,2.500699768E0,1.004336472E1
1.098210400E2,-9.089548187E0,2.493065643E0,1.001971390E1
1.098310170E2,-9.078920288E0,2.611619110E0,1.001267853E1
1.098409940E2,-8.987909546E0,2.795287170E0,9.811496887E0
1.098509700E2,-8.661139069E0,2.953807526E0,9.697134705E0
1.098609470E2,-8.667276306E0,2.910248108E0,9.574988708E0
1.098709240E2,-8.521778870E0,2.850522308E0,9.394164734E0
1.098809010E2,-8.350385284E0,2.996768188E0,9.372759247E0
1.098908780E2,-8.370742950E0,3.134631500E0,9.320368195E0
1.099008550E2,-8.258925476E0,3.210673370E0,9.382039948E0
1.099108310E2,-8.150700531E0,3.131188660E0,9.154213715E0
1.099208080E2,-8.028704224E0,3.214415588E0,8.823102264E0
1.099307850E2,-7.875572662E0,3.203338623E0,8.964707794E0
1.099407620E2,-8.063132629E0,3.269051971E0,8.948691101E0
1.099507390E2,-7.904013519E0,3.355122986E0,8.792565765E0
1.099607160E2,-7.742948456E0,3.401526489E0,8.645122375E0
1.099706920E2,-7.663463745E0,3.262166290E0,8.511150970E0
1.099806690E2,-7.516469421E0,3.166664886E0,8.632099457E0
1.099906460E2,-7.559879150E0,3.280278625E0,8.578959961E0
1.100006230E2,-7.501350861E0,3.442840576E0,8.347391510E0
1.100106000E2,-7.369624786E0,3.492088165E0,8.212372284E0
1.100205770E2,-7.182214508E0,3.368894348E0,7.999365234E0
1.100305530E2,-7.004683685E0,3.312461700E0,7.903414764E0
1.100405300E2,-7.066205750E0,3.455564117E0,7.949668579E0
1.100505070E2,-7.023394775E0,3.499422913E0,7.824079742E0
1.100604840E2,-6.794520721E0,3.355871429E0,7.679630127E0
1.100704610E2,-6.651268616E0,3.272045746E0,7.519762573E0
1.100804380E2,-6.537804565E0,3.283272400E0,7.417674866E0
1.100904140E2,-6.552474060E0,3.354075165E0,7.442074127E0
1.101003910E2,-6.510411530E0,3.415148163E0,7.458240509E0
1.101103680E2,-6.636748810E0,3.430715790E0,7.435936890E0
1.101203450E2,-6.607709198E0,3.439846802E0,7.267237701E0
1.101303220E2,-6.360124054E0,3.346590729E0,7.147037659E0
1.101402990E2,-6.247258759E0,3.363505554E0,7.128476257E0
1.101502750E2,-6.277196503E0,3.459006958E0,7.031477966E0
1.101602520E2,-6.200406189E0,3.458108826E0,6.971003723E0
1.101702290E2,-6.053262177E0,3.412902832E0,6.756350098E0
1.101802060E2,-5.687273254E0,3.355422363E0,6.684948578E0
1.101901830E2,-5.620362396E0,3.367098083E0,6.639892273E0
1.102001600E2,-5.548362122E0,3.370690613E0,6.603517914E0
1.102101360E2,-5.400918732E0,3.341052246E0,6.504573669E0
1.102201130E2,-5.253175964E0,3.355871429E0,6.327042847E0
1.102300900E2,-5.176235962E0,3.314557343E0,6.269712067E0
1.102400670E2,-5.166356506E0,3.266207886E0,6.341862030E0
1.102500440E2,-5.032684479E0,3.232228546E0,6.334078217E0
1.102600210E2,-4.823419647E0,3.181484070E0,6.296206970E0
1.102699970E2,-4.795876923E0,3.315156097E0,6.158343658E0
1.102799740E2,-4.740342407E0,3.340603180E0,6.066734161E0
1.102899510E2,-4.693489838E0,3.226240997E0,5.977070618E0
1.102999280E2,-4.549339600E0,3.207679596E0,5.939947815E0
1.103099050E2,-4.499493256E0,3.186124420E0,5.967939606E0
1.103198820E2,-4.521946564E0,3.166964264E0,5.929319916E0
1.103298580E2,-4.356390839E0,3.103047180E0,5.799090729E0
1.103398350E2,-4.206552429E0,3.033142548E0,5.686674500E0
1.103498120E2,-4.259242859E0,3.031945038E0,5.584586792E0
1.103597890E2,-4.224664764E0,2.910098419E0,5.579946442E0
1.103697660E2,-4.085304565E0,2.808010712E0,5.518723755E0
1.103797430E2,-3.898193665E0,2.796185303E0,5.311105499E0
1.103897190E2,-3.789519653E0,2.731070709E0,5.185965729E0
1.103996960E2,-3.691623230E0,2.676584015E0,5.077441406E0
1.104096730E2,-3.540138245E0,2.619702301E0,5.007836151E0
1.104196500E2,-3.504362640E0,2.587070160E0,4.927453308E0
1.104296270E2,-3.614084473E0,2.655178528E0,4.816084900E0
1.104396040E2,-3.498375092E0,2.459535370E0,4.808750153E0
1.104495800E2,-3.352727966E0,2.371967468E0,4.695136414E0
1.104595570E2,-3.259322205E0,2.341580658E0,4.621639252E0
1.104695340E2,-3.341501312E0,2.305355988E0,4.610711975E0
1.104795110E2,-3.376229095E0,2.300715637E0,4.500690765E0
1.104894880E2,-3.208877106E0,2.161056061E0,4.434228973E0
1.104994650E2,-3.132685547E0,2.114053802E0,4.322411499E0
1.105094410E2,-3.143313446E0,2.082319794E0,4.264481964E0
1.105194180E2,-3.095113678E0,1.916764069E0,4.289330292E0
1.105293950E2,-3.058739319E0,1.911974030E0,4.189188538E0
1.105393720E2,-3.113226013E0,1.858385468E0,4.156107330E0
1.105493490E2,-3.191513214E0,1.779948578E0,4.103865967E0
1.105593260E2,-3.106639709E0,1.663640442E0,4.030069427E0
1.105693020E2,-2.886447601E0,1.511706390E0,4.037254486E0
1.105792790E2,-2.930755463E0,1.564696198E0,3.958218842E0
1.105892560E2,-3.014281769E0,1.531315613E0,3.907474365E0
1.105992330E2,-2.981799316E0,1.450334015E0,3.840413818E0
1.106092100E2,-2.819237366E0,1.409618683E0,3.777993622E0
1.106191870E2,-2.742447052E0,1.263522491E0,3.758234711E0
1.106291630E2,-2.786455536E0,1.296004944E0,3.703298950E0
1.106391400E2,-2.681823120E0,1.212029572E0,3.739523621E0
1.106491170E2,-2.627785492E0,1.128054199E0,3.730691986E0
1.106590940E2,-2.717449036E0,1.084045715E0,3.681294708E0
1.106690710E2,-2.705923004E0,9.205856323E-1,3.640130310E0
1.106790480E2,-2.638563080E0,8.881031799E-1,3.586092682E0
1.106890240E2,-2.503843231E0,8.452922058E-1,3.574117584E0
1.106990010E2,-2.546205139E0,7.764353943E-1,3.551364899E0
1.107089780E2,-2.625240784E0,7.602690125E-1,3.490890656E0
1.107189550E2,-2.539469147E0,6.164181519E-1,3.562142487E0
1.107289320E2,-2.579436035E0,5.598358154E-1,3.615581360E0
1.107389090E2,-2.712060242E0,5.080435181E-1,3.624562683E0
1.107488850E2,-2.716999969E0,3.435356140E-1,3.630849609E0
1.107588620E2,-2.682421875E0,2.552192688E-1,3.564836884E0
1.107688390E2,-2.589764557E0,1.026864624E-1,3.560196533E0
1.107788160E2,-2.673889618E0,4.640350342E-2,3.467239838E0
1.107887930E2,-2.664608917E0,5.403762817E-2,3.433260498E0
1.107987700E2,-2.546354828E0,-7.469467163E-2,3.405268707E0
1.108087460E2,-2.468965759E0,-1.541793823E-1,3.357218628E0
1.108187230E2,-2.416425018E0,-3.017724609E-1,3.335813141E0
1.108287000E2,-2.434387665E0,-4.409829712E-1,3.360062714E0
1.108386770E2,-2.439028015E0,-5.270539856E-1,3.470682678E0
1.108486540E2,-2.478695526E0,-6.480024719E-1,3.493285675E0
1.108586310E2,-2.598446503E0,-7.917036438E-1,3.505111084E0
1.108686080E2,-2.666105804E0,-9.809101868E-1,3.576063538E0
1.108785840E2,-2.623743896E0,-1.247356110E0,3.590433655E0
1.108885610E2,-2.677781525E0,-1.355581055E0,3.538491669E0
1.108985380E2,-2.726430359E0,-1.459015961E0,3.523223419E0
1.109085150E2,-2.731370087E0,-1.549577637E0,3.497327271E0
1.109184920E2,-2.638563080E0,-1.651365967E0,3.456761627E0
1.109284690E2,-2.576891327E0,-1.782792664E0,3.374732208E0
1.109384450E2,-2.629731445E0,-1.828747101E0,3.404669952E0
1.109484220E2,-2.673889618E0,-1.905088348E0,3.438499603E0
1.109583990E2,-2.676733704E0,-2.010618896E0,3.388653259E0
1.109683760E2,-2.757266235E0,-2.096240845E0,3.419189758E0
1.109783530E2,-2.845133514E0,-2.201921082E0,3.539988556E0
1.109883300E2,-2.889890442E0,-2.432890778E0,3.635340271E0
1.109983060E2,-2.903212738E0,-2.614163818E0,3.622766418E0
1.110082830E2,-2.959196320E0,-2.668949890E0,3.601211243E0
1.110182600E2,-3.138972473E0,-2.433190155E0,3.505111084E0
1.110282370E2,-3.155138855E0,-2.451302490E0,3.388054504E0
1.110382140E2,-3.077151031E0,-2.632874908E0,3.444038086E0
1.110481910E2,-3.051404572E0,-2.543959808E0,3.632496185E0
1.110581670E2,-3.027454376E0,-2.552492065E0,3.694018250E0
1.110681440E2,-3.119213562E0,-2.647544403E0,3.718417511E0
1.110781210E2,-3.245550842E0,-2.865940247E0,3.730242920E0
1.110880980E2,-3.454216919E0,-3.075504456E0,3.967349854E0
1.110980750E2,-3.620221710E0,-3.185974731E0,4.280199280E0
1.111080520E2,-3.644770660E0,-3.401526489E0,4.423900452E0
1.111180290E2,-3.749253387E0,-3.425925751E0,4.320914612E0
1.111280050E2,-3.813020782E0,-3.355721741E0,4.204756165E0
1.111379820E2,-3.840413818E0,-3.376079407E0,4.152963867E0
1.111479590E2,-3.843257904E0,-3.412154388E0,4.155957642E0
1.111579360E2,-3.795507202E0,-3.458857269E0,4.152963867E0
1.111679130E2,-3.977678375E0,-3.276686096E0,4.187242584E0
1.111778900E2,-4.180207214E0,-3.291355591E0,4.164340210E0
1.111878660E2,-4.288731537E0,-3.546425171E0,4.220772858E0
1.111978430E2,-4.402494965E0,-3.622766418E0,4.311633911E0
1.112078200E2,-4.537663879E0,-3.664529572E0,4.425547028E0
1.112177970E2,-4.685406647E0,-3.727099457E0,4.553081818E0
1.112277740E2,-4.772226105E0,-3.775748291E0,4.480333099E0
1.112377510E2,-4.788841553E0,-3.830983429E0,4.443060608E0
1.112477280E2,-4.917873230E0,-3.765270081E0,4.587809601E0
1.112577040E2,-4.924160156E0,-4.022435303E0,4.763394470E0
1.112676810E2,-5.003195801E0,-4.180656281E0,4.889582062E0
1.112776580E2,-5.116809540E0,-3.975133667E0,4.793332214E0
1.112876350E2,-5.207820282E0,-3.914659424E0,4.702920227E0
1.112976120E2,-5.304968262E0,-4.030368805E0,4.838687897E0
1.113075890E2,-5.204976196E0,-4.337979126E0,4.983885956E0
1.113175650E2,-5.334007874E0,-4.377796326E0,5.133724365E0
1.113275420E2,-5.483247528E0,-4.190835114E0,5.161416779E0
1.113375190E2,-5.547314301E0,-4.305197296E0,5.145100708E0
1.113474960E2,-5.612877960E0,-4.363725586E0,5.220543823E0
1.113574730E2,-5.622008972E0,-4.359833679E0,5.316494293E0
1.113674500E2,-5.736071777E0,-4.432881775E0,5.462440796E0
1.113774260E2,-5.839356995E0,-4.362827454E0,5.482948151E0
1.113874030E2,-5.849984894E0,-4.425397339E0,5.468727722E0
1.113973800E2,-6.053860931E0,-4.345613251E0,5.463787994E0
1.114073570E2,-6.200256500E0,-4.381688232E0,5.440586243E0
1.114173340E2,-6.172264709E0,-4.595443726E0,5.438041534E0
1.114273110E2,-6.251150665E0,-4.411176910E0,5.469775543E0
1.114372880E2,-6.419101410E0,-4.316274261E0,5.552403717E0
1.114472640E2,-6.721023560E0,-4.445305939E0,5.696104889E0
1.114572410E2,-6.843169556E0,-4.551884308E0,5.799090729E0
1.114672180E2,-6.907386017E0,-4.656965790E0,5.954317932E0
1.114771950E2,-7.101681976E0,-4.559817810E0,6.036796417E0
1.114871720E2,-7.208709412E0,-4.587809601E0,6.074368286E0
1.114971490E2,-7.261998596E0,-4.728516998E0,6.228697357E0
1.115071250E2,-7.403753815E0,-4.579427032E0,6.279142456E0
1.115171020E2,-7.496560822E0,-4.665498047E0,6.373146973E0
1.115270790E2,-7.571704559E0,-4.730912018E0,6.456523590E0
1.115370560E2,-7.414531403E0,-4.606520691E0,6.442003784E0
1.115470330E2,-7.264543304E0,-4.684508514E0,6.401587830E0
1.115570100E2,-7.321275330E0,-4.636009369E0,6.417454834E0
1.115669870E2,-7.250322876E0,-4.833897858E0,6.547234955E0
1.115769630E2,-7.387587433E0,-4.979095917E0,6.710695038E0
1.115869400E2,-7.653584290E0,-4.696483612E0,6.668632507E0
1.115969170E2,-7.928113403E0,-4.656067657E0,6.675218811E0
1.116068940E2,-8.177794189E0,-4.693938904E0,6.734495544E0
1.116168710E2,-8.198002167E0,-4.741090851E0,6.797664185E0
1.116268480E2,-8.359216919E0,-4.910837860E0,6.972500610E0
1.116368240E2,-8.585995331E0,-4.688999176E0,6.923552399E0
1.116468010E2,-8.679999847E0,-4.718787231E0,6.946604462E0
1.116567780E2,-8.985514526E0,-4.848118286E0,7.234156494E0
1.116667550E2,-9.141190796E0,-4.844974823E0,7.353308716E0
1.116767320E2,-9.131161652E0,-4.911436615E0,7.372618561E0
1.116867090E2,-9.303902435E0,-4.658163300E0,7.272177429E0
1.116966860E2,-9.341623993E0,-4.581223297E0,7.514523468E0
1.117066620E2,-9.347312164E0,-4.737049255E0,7.616162109E0
1.117166391E2,-9.221573639E0,-4.570296021E0,7.485483856E0
1.117266161E2,-9.313332825E0,-4.591701508E0,7.675887909E0
1.117365931E2,-9.603728943E0,-4.701423340E0,7.820187836E0
1.117465701E2,-9.550140381E0,-4.895719299E0,7.846083984E0
1.117565471E2,-9.580078125E0,-5.053191833E0,8.008945312E0
1.117665241E2,-9.714947662E0,-4.962630157E0,8.170609131E0
1.117765001E2,-9.818083191E0,-5.127736816E0,8.467292175E0
1.117864771E2,-9.958191833E0,-5.074597321E0,8.562793579E0
1.117964541E2,-9.957293701E0,-4.805756378E0,8.551566925E0
1.118064311E2,-1.006581802E1,-4.839436340E0,8.613238678E0
1.118164081E2,-1.001881577E1,-4.812941437E0,8.664432220E0
1.118263851E2,-9.925709381E0,-4.662055206E0,8.698860626E0
1.118363611E2,-9.939780121E0,-4.537663879E0,8.779243469E0
1.118463381E2,-1.004740631E1,-4.443809052E0,8.906029816E0
1.118563151E2,-1.011641281E1,-4.726121979E0,9.012608185E0
1.118662921E2,-1.017434235E1,-4.742887115E0,8.976084137E0
1.118762691E2,-1.004276596E1,-4.696034546E0,9.170380096E0
1.118862461E2,-1.023661285E1,-4.898114319E0,9.442364502E0
1.118962231E2,-1.039139099E1,-4.901856537E0,9.542206879E0
1.119061991E2,-1.039558228E1,-4.937931519E0,9.670041046E0
1.119161761E2,-1.043824356E1,-4.838687897E0,9.702373810E0
1.119261531E2,-1.027657974E1,-4.669839020E0,9.670340424E0
1.119361301E2,-1.032448013E1,-4.714745636E0,9.859996033E0
1.119461071E2,-1.031983978E1,-4.612807617E0,1.000474503E1
1.119560841E2,-1.038884628E1,-4.497247925E0,1.002809647E1
1.119660611E2,-1.051922516E1,-4.581522675E0,1.014754807E1
1.119760371E2,-1.045500870E1,-4.584217072E0,1.027598099E1
1.119860141E2,-1.050829788E1,-4.572391663E0,1.045725403E1
1.119959911E2,-1.056083862E1,-4.401596832E0,1.044662613E1
1.120059681E2,-1.057760376E1,-4.351900177E0,1.048030609E1
1.120159451E2,-1.066951263E1,-4.541406097E0,1.078656921E1
1.120259221E2,-1.069570816E1,-4.437522125E0,1.092682755E1
1.120358991E2,-1.071426956E1,-4.376748505E0,1.104283630E1
1.120458751E2,-1.077908478E1,-4.362677765E0,1.113429611E1
1.120558521E2,-1.072983719E1,-4.381388855E0,1.111019623E1
1.120658291E2,-1.070139633E1,-4.507875824E0,1.128593079E1
1.120758061E2,-1.071441925E1,-4.313579865E0,1.138023468E1
1.120857831E2,-1.058613602E1,-4.167184296E0,1.140448425E1
1.120957601E2,-1.060140427E1,-4.195924530E0,1.156839340E1
1.121057361E2,-1.058419006E1,-4.140090637E0,1.165700912E1
1.121157131E2,-1.062969543E1,-4.142635345E0,1.186043610E1
1.121256901E2,-1.073792038E1,-4.165537720E0,1.195848221E1
1.121356671E2,-1.069061874E1,-4.124073944E0,1.196806229E1
1.121456441E2,-1.066861450E1,-4.090992737E0,1.211161377E1
1.121556211E2,-1.070334229E1,-3.914659424E0,1.212299011E1
1.121655981E2,-1.081007034E1,-3.923341370E0,1.221579712E1
1.121755741E2,-1.094209579E1,-3.957320709E0,1.230052094E1
1.121855511E2,-1.096544724E1,-3.789369965E0,1.226115280E1
1.121955281E2,-1.107876160E1,-3.564687195E0,1.226639191E1
1.122055051E2,-1.117635864E1,-3.476221161E0,1.235006790E1
1.122154821E2,-1.124596390E1,-3.648662567E0,1.256142838E1
1.122254591E2,-1.134595596E1,-3.698059845E0,1.275123367E1
1.122354361E2,-1.135014725E1,-3.585942993E0,1.286454803E1
1.122454121E2,-1.154713760E1,-3.644022217E0,1.314880692E1
1.122553891E2,-1.175505524E1,-3.529360657E0,1.333157684E1
1.122653661E2,-1.175580368E1,-3.441044312E0,1.350581451E1
1.122753431E2,-1.177750854E1,-3.331771545E0,1.367451370E1
1.122853201E2,-1.151749924E1,-3.106190643E0,1.369217697E1
1.122952971E2,-1.124057510E1,-3.085084534E0,1.384291351E1
1.123052741E2,-1.115600098E1,-2.955154724E0,1.402194122E1
1.123152501E2,-1.103086121E1,-2.857407990E0,1.405157959E1
1.123252271E2,-1.110166397E1,-2.970722351E0,1.410217438E1
1.123352041E2,-1.097876953E1,-2.986739044E0,1.410307251E1
1.123451811E2,-1.085677322E1,-2.831811218E0,1.423569672E1
1.123551581E2,-1.083506836E1,-2.817441101E0,1.433479065E1
1.123651351E2,-1.072699310E1,-2.872676239E0,1.439376801E1
1.123751121E2,-1.087129303E1,-2.931354218E0,1.454974365E1
1.123850881E2,-1.093910202E1,-2.922073517E0,1.459689560E1
1.123950651E2,-1.099688187E1,-2.742447052E0,1.453582260E1
1.124050421E2,-1.103235809E1,-2.548749847E0,1.439391769E1
1.124150191E2,-1.103160965E1,-2.623893585E0,1.436772217E1
1.124249961E2,-1.119551880E1,-2.755919037E0,1.450034637E1
1.124349731E2,-1.135254227E1,-2.704126740E0,1.444062057E1
1.124449501E2,-1.158231445E1,-2.601589966E0,1.433838318E1
1.124549261E2,-1.170520889E1,-2.364932098E0,1.416264862E1
1.124649031E2,-1.161973663E1,-2.381098480E0,1.413645309E1
1.124748801E2,-1.184576660E1,-2.474055176E0,1.431667831E1
1.124848571E2,-1.196372131E1,-2.367925873E0,1.437026688E1
1.124948341E2,-1.206850342E1,-2.425705719E0,1.442520264E1
1.125048111E2,-1.217852463E1,-2.267484741E0,1.434796326E1
1.125147881E2,-1.196761322E1,-2.126178589E0,1.435544769E1
1.125247641E2,-1.199560501E1,-2.258653107E0,1.455722809E1
1.125347411E2,-1.200159256E1,-2.187550964E0,1.467144058E1
1.125447181E2,-1.196716415E1,-2.159708862E0,1.481080078E1
1.125546951E2,-1.206251587E1,-1.972148895E0,1.466889587E1
1.125646721E2,-1.177631104E1,-1.730700989E0,1.440888657E1
1.125746491E2,-1.175715088E1,-1.843715973E0,1.453327789E1
1.125846261E2,-1.187166275E1,-1.803749084E0,1.465557358E1
1.125946021E2,-1.179801590E1,-1.694775696E0,1.466485428E1
1.126045791E2,-1.194755493E1,-1.477577362E0,1.457369385E1
1.126145561E2,-1.185983734E1,-1.377884674E0,1.451606369E1
1.126245331E2,-1.189441544E1,-1.604962463E0,1.460617630E1
1.126345101E2,-1.188917633E1,-1.475481720E0,1.472652603E1
1.126444871E2,-1.177690979E1,-1.466500397E0,1.488399857E1
1.126544641E2,-1.202374649E1,-1.429527283E0,1.477277985E1
1.126644401E2,-1.194261520E1,-1.167272644E0,1.449825073E1
1.126744171E2,-1.184412003E1,-1.239871674E0,1.453103256E1
1.126843941E2,-1.201237015E1,-1.056652679E0,1.456905350E1
1.126943711E2,-1.183738403E1,-1.089883575E0,1.462758179E1
1.127043481E2,-1.222358093E1,-1.172362061E0,1.437475754E1
1.127143258E2,-1.200293976E1,-6.418652344E-1,1.407088943E1
1.127243028E2,-1.186642365E1,-7.542814636E-1,1.423749298E1
1.127342788E2,-1.238075409E1,-8.907975769E-1,1.421054901E1
1.127442558E2,-1.206865311E1,-7.367678833E-1,1.434946014E1
1.127542328E2,-1.223316101E1,-8.316705322E-1,1.449286194E1
1.127642098E2,-1.231593887E1,-5.945635986E-1,1.429901505E1
1.127741868E2,-1.210083618E1,-7.027885437E-1,1.420216644E1
1.127841638E2,-1.218615875E1,-6.670129395E-1,1.401041519E1
1.127941408E2,-1.188603287E1,-3.588038635E-1,1.410037811E1
1.128041168E2,-1.197599579E1,-5.337899780E-1,1.434526886E1
1.128140938E2,-1.217163895E1,-3.954776001E-1,1.396595764E1
1.128240708E2,-1.160386963E1,-2.248324585E-1,1.392179947E1
1.128340478E2,-1.173963730E1,-2.276765442E-1,1.407597885E1
1.128440248E2,-1.185459824E1,-1.883084106E-1,1.397179550E1
1.128540018E2,-1.179861465E1,-3.728746033E-1,1.402598282E1
1.128639788E2,-1.176313843E1,-1.302291870E-1,1.386836060E1
1.128739548E2,-1.141256744E1,-8.981323242E-2,1.409034897E1
1.128839318E2,-1.177975388E1,-2.405497742E-1,1.417207901E1
1.128939088E2,-1.166239792E1,4.565505981E-2,1.381986145E1
1.129038858E2,-1.147274231E1,6.286926270E-2,1.379920441E1
1.129138628E2,-1.157093811E1,2.249821472E-1,1.358619736E1
1.129238398E2,-1.134146530E1,4.228706360E-1,1.341525284E1
1.129338168E2,-1.140538239E1,3.981719971E-1,1.324745178E1
1.129437928E2,-1.135972733E1,6.298901367E-1,1.306887314E1
1.129537698E2,-1.134236343E1,5.185217285E-1,1.325269089E1
1.129637468E2,-1.155731644E1,5.384303284E-1,1.313787964E1
1.129737238E2,-1.128877487E1,6.956034851E-1,1.293924271E1
1.129837008E2,-1.140568176E1,5.861810303E-1,1.298265244E1
1.129936778E2,-1.146151566E1,8.337661743E-1,1.278311737E1
1.130036548E2,-1.143921204E1,8.711883545E-1,1.268596939E1
1.130136308E2,-1.176807816E1,9.075627136E-1,1.257115814E1
1.130236078E2,-1.129266678E1,1.257684631E0,1.235410950E1
1.130335848E2,-1.129745682E1,1.142424316E0,1.243853394E1
1.130435618E2,-1.138173157E1,1.119521942E0,1.230366440E1
1.130535388E2,-1.119521942E1,1.259780273E0,1.225187210E1
1.130635158E2,-1.129640900E1,1.220561829E0,1.222328156E1
1.130734928E2,-1.120524857E1,1.300794983E0,1.208227478E1
1.130834698E2,-1.107097778E1,1.254541168E0,1.217343521E1
1.130934458E2,-1.113025452E1,1.274898834E0,1.211520630E1
1.131034228E2,-1.094913116E1,1.434766388E0,1.203437439E1
1.131133998E2,-1.092488159E1,1.353635101E0,1.205952209E1
1.131233768E2,-1.088760910E1,1.360820160E0,1.192570038E1
1.131333538E2,-1.070573730E1,1.541494446E0,1.183409088E1
1.131433308E2,-1.067250641E1,1.655407562E0,1.169622757E1
1.131533078E2,-1.058583664E1,1.736239471E0,1.163380737E1
1.131632838E2,-1.049228119E1,1.667382660E0,1.171658524E1
1.131732608E2,-1.043465103E1,1.721420288E0,1.156629776E1
1.131832378E2,-1.021266266E1,1.839075623E0,1.147319138E1
1.131932148E2,-1.022418869E1,1.823957062E0,1.146480881E1
1.132031918E2,-1.017449203E1,1.851350098E0,1.136915771E1
1.132131688E2,-1.003677841E1,1.947001190E0,1.134356094E1
1.132231458E2,-9.953401794E0,2.093097382E0,1.109388016E1
1.132331218E2,-9.790390778E0,2.103425903E0,1.103804626E1
1.132430988E2,-9.788594513E0,1.993105316E0,1.107756409E1
1.132530758E2,-9.730664978E0,2.157313843E0,1.088207062E1
1.132630528E2,-9.630223846E0,2.365231476E0,1.073148376E1
1.132730298E2,-9.613758087E0,2.398761749E0,1.056637711E1
1.132830068E2,-9.437424774E0,2.341580658E0,1.061293030E1
1.132929838E2,-9.464518433E0,2.335593109E0,1.058718384E1
1.133029598E2,-9.423503723E0,2.487227783E0,1.043001068E1
1.133129368E2,-9.290729828E0,2.522105255E0,1.045785278E1
1.133229138E2,-9.269623718E0,2.503843231E0,1.033825150E1
1.133328908E2,-9.112749939E0,2.583028564E0,1.015727783E1
1.133428678E2,-9.019793243E0,2.652933197E0,1.008093658E1
1.133528448E2,-8.874445496E0,2.716101837E0,9.993368683E0
1.133628218E2,-8.787027283E0,2.771037598E0,1.003393433E1
1.133727978E2,-8.848549347E0,2.809058533E0,9.799222412E0
1.133827748E2,-8.634195099E0,2.906805267E0,9.500443726E0
1.133927518E2,-8.574918365E0,2.910697174E0,9.669891357E0
1.134027288E2,-8.577762451E0,2.927761688E0,9.725425873E0
1.134127058E2,-8.436755676E0,3.005150757E0,9.504036255E0
1.134226828E2,-8.361911316E0,3.158432007E0,9.278904419E0
1.134326598E2,-8.158484344E0,3.137774963E0,9.127569122E0
1.134426368E2,-8.063132629E0,3.101849670E0,9.161698151E0
1.134526128E2,-8.105045471E0,3.179837494E0,9.145232391E0
1.134625898E2,-7.969726868E0,3.324586487E0,9.001231842E0
1.134725668E2,-7.742349701E0,3.370241547E0,8.849447479E0
1.134825438E2,-7.577542419E0,3.351081390E0,8.660091248E0
1.134925208E2,-7.521858215E0,3.343297577E0,8.607400818E0
1.135024978E2,-7.593259735E0,3.428620148E0,8.529263306E0
1.135124748E2,-7.343728638E0,3.377576294E0,8.593779144E0
1.135224508E2,-7.342082062E0,3.343596954E0,8.488547974E0
1.135324278E2,-7.332202606E0,3.288511505E0,8.400231628E0
1.135424048E2,-7.240892487E0,3.212170258E0,8.250393219E0
1.135523818E2,-7.114555206E0,3.200494537E0,8.227191467E0
1.135623588E2,-7.057374115E0,3.178340607E0,8.218808899E0
1.135723358E2,-7.012317810E0,3.208877106E0,8.264014893E0
1.135823128E2,-6.882537689E0,3.199147339E0,8.012238464E0
1.135922888E2,-6.606811066E0,3.114722900E0,7.878117371E0
1.136022658E2,-6.660549316E0,3.180436249E0,7.805668030E0
1.136122428E2,-6.647077332E0,3.218606873E0,7.782615967E0
1.136222198E2,-6.520440674E0,3.336711273E0,7.625442810E0
1.136321968E2,-6.387666779E0,3.361858978E0,7.446115723E0
1.136421738E2,-6.195765839E0,3.254083099E0,7.250622253E0
1.136521508E2,-6.122717743E0,3.401227112E0,7.087162170E0
1.136621278E2,-5.979914703E0,3.427871704E0,7.154372406E0
1.136721038E2,-5.859864349E0,3.411256256E0,7.207212524E0
1.136820808E2,-5.882467346E0,3.491788788E0,7.036866760E0
1.136920578E2,-5.844147034E0,3.480711823E0,6.973548431E0
1.137020348E2,-5.719456329E0,3.452121277E0,6.962022400E0
1.137120115E2,-5.561834106E0,3.394341431E0,6.991660767E0
1.137219885E2,-5.551355896E0,3.368894348E0,6.995103607E0
1.137319655E2,-5.492977295E0,3.417094116E0,6.869963837E0
1.137419415E2,-5.288352814E0,3.342399445E0,6.722819824E0
1.137519185E2,-5.172493744E0,3.366948395E0,6.553821259E0
1.137618955E2,-5.084776154E0,3.317850494E0,6.460116119E0
1.137718725E2,-5.079537048E0,3.340752869E0,6.437962189E0
1.137818495E2,-5.005890198E0,3.330574036E0,6.338868256E0
1.137918265E2,-4.853656769E0,3.253933411E0,6.250701599E0
1.138018035E2,-4.770579529E0,3.249293060E0,6.094576263E0
1.138117805E2,-4.711153107E0,3.251538391E0,5.979465637E0
1.138217565E2,-4.622088318E0,3.178340607E0,6.019881592E0
1.138317335E2,-4.638404388E0,3.209625549E0,5.916147308E0
1.138417105E2,-4.588558044E0,3.148402863E0,5.820196838E0
1.138516875E2,-4.436025238E0,3.013533325E0,5.779930573E0
1.138616645E2,-4.339925079E0,2.935096436E0,5.650300140E0
1.138716415E2,-4.267924805E0,2.812201996E0,5.654790802E0
1.138816185E2,-4.273014221E0,2.795287170E0,5.614973602E0
1.138915945E2,-4.164789276E0,2.707569580E0,5.506000214E0
1.139015715E2,-3.965254211E0,2.648143158E0,5.372477875E0
1.139115485E2,-3.867058411E0,2.646346893E0,5.256768494E0
1.139215255E2,-3.763473816E0,2.524350586E0,5.261408844E0
1.139315025E2,-3.700305176E0,2.544109497E0,5.209466858E0
1.139414795E2,-3.654500427E0,2.597997437E0,5.046755219E0
1.139514565E2,-3.639830933E0,2.571203156E0,4.968617706E0
1.139614335E2,-3.612138519E0,2.574645996E0,4.892276459E0
1.139714095E2,-3.455115051E0,2.425256653E0,4.855902100E0
1.139813865E2,-3.379971313E0,2.349963226E0,4.757257233E0
1.139913635E2,-3.478316803E0,2.341580658E0,4.620591431E0
1.140013405E2,-3.462749176E0,2.254162445E0,4.596192169E0
1.140113175E2,-3.363355865E0,2.194586334E0,4.475692749E0
1.140212945E2,-3.205284576E0,2.112407227E0,4.396208038E0
1.140312715E2,-3.198099518E0,2.040257263E0,4.353247375E0
1.140412475E2,-3.223995667E0,2.039508820E0,4.296215973E0
1.140512245E2,-3.108885040E0,1.964963837E0,4.266427917E0
1.140612015E2,-3.020718384E0,1.910926208E0,4.192332001E0
1.140711785E2,-3.017125854E0,1.857337646E0,4.128564606E0
1.140811555E2,-2.912044373E0,1.703906708E0,4.149071960E0
1.140911325E2,-2.869832153E0,1.654060364E0,4.136498108E0
1.141011095E2,-2.794389038E0,1.574425964E0,4.136049042E0
1.141110865E2,-2.861599274E0,1.563648376E0,4.057163086E0
1.141210625E2,-2.807711334E0,1.476080475E0,4.002526703E0
1.141310395E2,-2.703078918E0,1.378184052E0,3.996988220E0
1.141410165E2,-2.660717010E0,1.325194244E0,3.965403900E0
1.141509935E2,-2.737956390E0,1.315015411E0,3.923491058E0
1.141609705E2,-2.799777832E0,1.333427124E0,3.861519928E0
1.141709475E2,-2.739602966E0,1.284927979E0,3.792663116E0
1.141809245E2,-2.631378021E0,1.097368011E0,3.725003815E0
1.141909015E2,-2.725981293E0,1.102607117E0,3.602708130E0
1.142008775E2,-2.689606934E0,1.038240967E0,3.599864044E0
1.142108545E2,-2.595153351E0,9.292675781E-1,3.570525055E0
1.142208315E2,-2.541265411E0,8.399034119E-1,3.511697388E0
1.142308085E2,-2.506537628E0,7.225474548E-1,3.515738983E0
1.142407855E2,-2.613265686E0,7.216493225E-1,3.582051086E0
1.142507625E2,-2.595452728E0,5.978567505E-1,3.664978638E0
1.142607395E2,-2.681823120E0,5.034031677E-1,3.588936768E0
1.142707155E2,-2.777324524E0,4.188290405E-1,3.561693420E0
1.142806925E2,-2.782713318E0,2.896476746E-1,3.568130035E0
1.142906695E2,-2.732268219E0,1.692979431E-1,3.597469025E0
1.143006465E2,-2.694696350E0,1.811233521E-2,3.536845093E0
1.143106235E2,-2.668650513E0,-1.017883301E-1,3.465892639E0
1.143206005E2,-2.681972809E0,-1.483415222E-1,3.489393768E0
1.143305775E2,-2.606679382E0,-3.438349915E-1,3.515439606E0
1.143405545E2,-2.652484131E0,-3.743714905E-1,3.473676453E0
1.143505305E2,-2.635868683E0,-4.037104797E-1,3.484454041E0
1.143605075E2,-2.553988953E0,-5.010081482E-1,3.414399719E0
1.143704845E2,-2.467319183E0,-5.903723145E-1,3.347937927E0
1.143804615E2,-2.421065369E0,-7.845185852E-1,3.299738159E0
1.143904385E2,-2.368674316E0,-9.192384338E-1,3.329226837E0
1.144004155E2,-2.367177429E0,-1.015338593E0,3.488495636E0
1.144103925E2,-2.432441711E0,-1.177750854E0,3.591481476E0
1.144203695E2,-2.541564789E0,-1.326092377E0,3.621568909E0
1.144303455E2,-2.522105255E0,-1.519190826E0,3.623514862E0
1.144403225E2,-2.515968018E0,-1.674268341E0,3.602857819E0
1.144502995E2,-2.526296539E0,-1.726659393E0,3.647914124E0
1.144602765E2,-2.511477356E0,-1.780996399E0,3.608096924E0
1.144702535E2,-2.475402374E0,-1.829645233E0,3.561094666E0
1.144802305E2,-2.582579498E0,-1.877096558E0,3.496429138E0
1.144902075E2,-2.718347168E0,-1.909728699E0,3.432512054E0
1.145001835E2,-2.737058258E0,-2.014211426E0,3.412004700E0
1.145101605E2,-2.773432617E0,-2.103126526E0,3.396137695E0
1.145201375E2,-2.865491180E0,-2.167193298E0,3.445834351E0
1.145301145E2,-2.903362427E0,-2.221979370E0,3.476670227E0
1.145400915E2,-2.827170868E0,-2.339185638E0,3.512445831E0
1.145500685E2,-2.838098145E0,-2.371368713E0,3.612737274E0
1.145600455E2,-2.909948730E0,-2.420316925E0,3.761378174E0
1.145700225E2,-2.945874023E0,-2.518961792E0,3.836970978E0
1.145799985E2,-3.058889008E0,-2.555036774E0,3.822301483E0
1.145899755E2,-3.175496521E0,-2.657723236E0,3.841910706E0
1.145999525E2,-3.443888397E0,-2.730471954E0,3.967649231E0
1.146099295E2,-3.449726257E0,-2.955304413E0,4.051025848E0
1.146199065E2,-3.459156647E0,-3.076552277E0,4.196523285E0
1.146298835E2,-3.532504120E0,-2.996618500E0,4.355043640E0
1.146398605E2,-3.628454590E0,-3.077749786E0,4.330794067E0
1.146498375E2,-3.772006073E0,-3.145409088E0,4.179458771E0
1.146598135E2,-3.811972961E0,-3.138822784E0,4.076323242E0
1.146697905E2,-4.008514252E0,-3.150498505E0,4.099974060E0
1.146797675E2,-4.177363129E0,-3.088826752E0,4.176914062E0
1.146897445E2,-4.203259277E0,-3.246598663E0,4.176315308E0
1.146997215E2,-4.312082977E0,-3.249891815E0,4.202510834E0
1.147096985E2,-4.380640411E0,-3.284469910E0,4.313130798E0
1.147196755E2,-4.423002319E0,-3.597469025E0,4.473297729E0
1.147296525E2,-4.576882324E0,-3.739373932E0,4.564158783E0
1.147396285E2,-4.713847504E0,-3.729943542E0,4.481680298E0
1.147496055E2,-4.958438873E0,-3.652105408E0,4.467459869E0
1.147595825E2,-4.950505371E0,-3.776347046E0,4.421804810E0
1.147695595E2,-4.922812958E0,-4.069138184E0,4.519551544E0
1.147795365E2,-5.119953003E0,-4.019142151E0,4.667593689E0
1.147895135E2,-5.135520630E0,-3.985312500E0,4.752018127E0
1.147994905E2,-5.260510712E0,-4.026776276E0,4.724924469E0
1.148094675E2,-5.222340088E0,-3.989204407E0,4.707859955E0
1.148194435E2,-5.212760010E0,-4.054169312E0,4.868026886E0
1.148294205E2,-5.118456116E0,-4.072581024E0,5.052892456E0
1.148393975E2,-5.322631531E0,-4.278253326E0,5.103786621E0
1.148493745E2,-5.394781494E0,-4.263284454E0,5.322032776E0
1.148593515E2,-5.579796753E0,-4.200415192E0,5.331762543E0
1.148693285E2,-5.342689819E0,-4.458328857E0,5.380411377E0
1.148793055E2,-5.289400635E0,-4.536316681E0,5.611979828E0
1.148892825E2,-5.370232544E0,-4.425547028E0,5.607489166E0
1.148992585E2,-5.448519745E0,-4.307891693E0,5.583988037E0
1.149092355E2,-5.915099487E0,-4.316873016E0,5.343737640E0
1.149192125E2,-5.647755432E0,-4.328249359E0,5.480553131E0
1.149291895E2,-5.890400848E0,-4.404440918E0,5.565127258E0
1.149391665E2,-6.137686615E0,-4.385580139E0,5.590724030E0
1.149491435E2,-6.273005219E0,-4.324058075E0,5.702840881E0
1.149591205E2,-6.534810791E0,-4.232149200E0,5.685476990E0
1.149690975E2,-6.962321777E0,-4.405488739E0,5.618566132E0
1.149790735E2,-7.015910339E0,-4.614454193E0,5.800288239E0
1.149890505E2,-6.945406952E0,-4.584067383E0,6.014941864E0
1.149990275E2,-7.020999756E0,-4.683610382E0,6.084547119E0
1.150090045E2,-7.136709137E0,-4.593048706E0,6.079457703E0
1.150189815E2,-7.556735687E0,-4.700824585E0,5.932613068E0
1.150289585E2,-7.312144318E0,-4.721182251E0,6.328539734E0
1.150389355E2,-7.339237976E0,-4.695435791E0,6.468498688E0
1.150489125E2,-7.664661255E0,-4.753515015E0,6.400989075E0
1.150588885E2,-7.752378845E0,-4.603676605E0,6.494095459E0
1.150688655E2,-7.532037048E0,-4.500840454E0,6.521039429E0
1.150788425E2,-7.102729797E0,-4.629273376E0,6.561605072E0
1.150888195E2,-7.144492950E0,-4.685107269E0,6.624174957E0
1.150987965E2,-7.176226959E0,-4.572391663E0,6.753056946E0
1.151087735E2,-7.392676849E0,-4.689897308E0,6.800508270E0
1.151187505E2,-7.692353668E0,-4.562811584E0,6.800208893E0
1.151287275E2,-7.934699707E0,-4.711751862E0,6.951693878E0
1.151387035E2,-8.127349091E0,-4.831353149E0,7.135062561E0
1.151486805E2,-8.233179016E0,-4.877157898E0,7.206913147E0
1.151586575E2,-8.477171631E0,-4.868326263E0,7.363188171E0
1.151686345E2,-8.674311676E0,-4.621339874E0,7.295379181E0
1.151786115E2,-8.727900238E0,-4.669090576E0,7.292385406E0
1.151885885E2,-8.894054718E0,-4.721930695E0,7.460036774E0
1.151985655E2,-8.903485107E0,-4.608466644E0,7.476053467E0
1.152085425E2,-9.040450287E0,-4.446204071E0,7.404053192E0
1.152185185E2,-9.290879517E0,-4.367467804E0,7.309898987E0
1.152284955E2,-9.284891968E0,-4.561913452E0,7.566465454E0
1.152384725E2,-9.377848663E0,-4.829556885E0,7.813451843E0
1.152484495E2,-9.530830536E0,-4.825365601E0,7.907606049E0
1.152584265E2,-9.687255249E0,-4.874164124E0,8.076155548E0
1.152684035E2,-9.803413696E0,-4.974605255E0,8.091872864E0
1.152783805E2,-9.647737427E0,-5.186265106E0,8.172405396E0
1.152883575E2,-9.612710266E0,-5.298381958E0,8.443341980E0
1.152983345E2,-9.701775055E0,-5.096002808E0,8.572074280E0
1.153083105E2,-9.816436615E0,-4.964276733E0,8.547824707E0
1.153182875E2,-9.921967163E0,-4.802014160E0,8.571475525E0
1.153282645E2,-9.746831360E0,-4.685855713E0,8.641679535E0
1.153382415E2,-9.786049805E0,-4.849465485E0,8.757089539E0
1.153482185E2,-9.874964905E0,-4.938979340E0,8.980275421E0
1.153581955E2,-9.989027710E0,-4.842579803E0,9.143585815E0
1.153681725E2,-1.011267059E1,-4.754712524E0,9.269174652E0
1.153781495E2,-9.977501678E0,-4.740342407E0,9.249266052E0
1.153881255E2,-9.873468018E0,-4.938380585E0,9.410780182E0
1.153981025E2,-9.962233429E0,-4.946912842E0,9.610015869E0
1.154080795E2,-9.962083740E0,-4.764142914E0,9.657467194E0
1.154180565E2,-1.008093658E1,-4.645589447E0,9.580078125E0
1.154280335E2,-1.002165985E1,-4.544250183E0,9.594448242E0
1.154380105E2,-1.000609222E1,-4.688999176E0,9.746681671E0
1.154479875E2,-1.020472916E1,-4.700974274E0,9.879305878E0
1.154579645E2,-1.034768188E1,-4.660408630E0,1.001088226E1
1.154679405E2,-1.049901718E1,-4.644391937E0,1.004531067E1
1.154779175E2,-1.042537033E1,-4.513563995E0,9.953551483E0
1.154878945E2,-1.032882111E1,-4.509971466E0,1.008677444E1
1.154978715E2,-1.054916290E1,-4.544250183E0,1.042641815E1
1.155078485E2,-1.068882248E1,-4.460574188E0,1.063478485E1
1.155178255E2,-1.080602875E1,-4.372856598E0,1.058179504E1
1.155278025E2,-1.079719711E1,-4.210294647E0,1.051533325E1
1.155377795E2,-1.065678909E1,-4.259841614E0,1.053928345E1
1.155477555E2,-1.037253021E1,-4.394561462E0,1.096365097E1
1.155577325E2,-1.061682220E1,-4.438719635E0,1.135763168E1
1.155677095E2,-1.069211563E1,-4.342320099E0,1.137574402E1
1.155776865E2,-1.051802765E1,-4.227209473E0,1.140508301E1
1.155876635E2,-1.061427750E1,-4.413721619E0,1.143292511E1
1.155976405E2,-1.047416885E1,-4.506678314E0,1.170954987E1
1.156076175E2,-1.050784882E1,-4.362977142E0,1.199650314E1
1.156175945E2,-1.079285614E1,-4.182602234E0,1.186073547E1
1.156275715E2,-1.054826477E1,-4.040248260E0,1.182915115E1
1.156375475E2,-1.050844757E1,-4.122577057E0,1.182061890E1
1.156475245E2,-1.046713348E1,-4.192930756E0,1.199680252E1
1.156575015E2,-1.046818130E1,-4.050127716E0,1.225127335E1
1.156674785E2,-1.073552536E1,-4.032913513E0,1.225202179E1
1.156774555E2,-1.079899338E1,-3.972439270E0,1.217957245E1
1.156874325E2,-1.053584061E1,-3.801943817E0,1.222582626E1
1.156974095E2,-1.060858932E1,-3.759132843E0,1.237521561E1
1.157073865E2,-1.104014191E1,-3.801644440E0,1.257609787E1
1.157173622E2,-1.106813370E1,-3.728746033E0,1.268043091E1
1.157273392E2,-1.115779724E1,-3.595972137E0,1.279194901E1
1.157373162E2,-1.104223755E1,-3.588338013E0,1.277683044E1
1.157472932E2,-1.080108902E1,-3.522325287E0,1.305106018E1
1.157572702E2,-1.133008896E1,-3.701053619E0,1.335043762E1
1.157672472E2,-1.152109177E1,-3.645070038E0,1.359712463E1
1.157772242E2,-1.145971939E1,-3.491190033E0,1.382539993E1
1.157872012E2,-1.133877090E1,-3.351979523E0,1.372001907E1
1.157971772E2,-1.103190903E1,-3.323838043E0,1.370295456E1
1.158071542E2,-1.088656128E1,-3.424129486E0,1.403047348E1
1.158171312E2,-1.088626190E1,-3.372187500E0,1.424812088E1
1.158271082E2,-1.093371323E1,-3.229534149E0,1.423180481E1
1.158370852E2,-1.096589630E1,-3.167862396E0,1.415965485E1
1.158470622E2,-1.076172089E1,-3.051404572E0,1.409618683E1
1.158570392E2,-1.074600357E1,-3.025209045E0,1.430500259E1
1.158670162E2,-1.086156326E1,-2.980003052E0,1.447025894E1
1.158769932E2,-1.088716003E1,-2.828967133E0,1.441532318E1
1.158869692E2,-1.104313568E1,-2.847977600E0,1.437550598E1
1.158969462E2,-1.099239120E1,-2.803969116E0,1.432670746E1
1.159069232E2,-1.099224152E1,-2.762355652E0,1.446861237E1
1.159169002E2,-1.121527771E1,-2.810256042E0,1.454076233E1
1.159268772E2,-1.124117386E1,-2.658771057E0,1.439840836E1
1.159368542E2,-1.125374771E1,-2.598895569E0,1.432985092E1
1.159468312E2,-1.141511215E1,-2.744991760E0,1.432416275E1
1.159568082E2,-1.147498764E1,-2.644850006E0,1.441277847E1
1.159667842E2,-1.168919220E1,-2.554587708E0,1.451666245E1
1.159767612E2,-1.181822388E1,-2.370470581E0,1.440110275E1
1.159867382E2,-1.187794968E1,-2.272723846E0,1.434437073E1
1.159967152E2,-1.194486053E1,-2.417772217E0,1.430530197E1
1.160066922E2,-1.193453201E1,-2.394570465E0,1.438089478E1
1.160166692E2,-1.210412933E1,-2.282902679E0,1.452818848E1
1.160266462E2,-1.218511093E1,-2.234852600E0,1.440499466E1
1.160366232E2,-1.210023743E1,-2.230361938E0,1.431892365E1
1.160466002E2,-1.208272385E1,-2.199975128E0,1.441921509E1
1.160565762E2,-1.206431213E1,-2.170187073E0,1.464958603E1
1.160665532E2,-1.213421677E1,-2.065255280E0,1.484852234E1
1.160765302E2,-1.212897766E1,-1.887874146E0,1.480376541E1
1.160865072E2,-1.198662369E1,-1.783690796E0,1.460363159E1
1.160964842E2,-1.188498505E1,-1.698068848E0,1.451411774E1
1.161064612E2,-1.189022415E1,-1.803599396E0,1.469119949E1
1.161164382E2,-1.201311859E1,-1.800006866E0,1.479957413E1
1.161264152E2,-1.198692307E1,-1.640438690E0,1.475152405E1
1.161363912E2,-1.194036987E1,-1.583856354E0,1.459225525E1
1.161463682E2,-1.189202042E1,-1.621727600E0,1.459959000E1
1.161563452E2,-1.191103088E1,-1.685195618E0,1.471245529E1
1.161663222E2,-1.195893127E1,-1.434017944E0,1.478475494E1
1.161762992E2,-1.202748871E1,-1.243913269E0,1.475646378E1
1.161862762E2,-1.196057785E1,-1.265169067E0,1.462683334E1
1.161962532E2,-1.201296890E1,-1.321901093E0,1.452279968E1
1.162062302E2,-1.182840271E1,-1.176703033E0,1.462458801E1
1.162162062E2,-1.228495331E1,-1.120270386E0,1.459869186E1
1.162261832E2,-1.209260330E1,-1.025068359E0,1.459195587E1
1.162361602E2,-1.221669525E1,-1.025966492E0,1.431338516E1
1.162461372E2,-1.208092758E1,-9.925859070E-1,1.426802948E1
1.162561142E2,-1.193557983E1,-9.780661011E-1,1.444825470E1
1.162660912E2,-1.214439560E1,-1.003363495E0,1.448612595E1
1.162760682E2,-1.216370544E1,-7.535330200E-1,1.444211746E1
1.162860452E2,-1.214903595E1,-6.713539124E-1,1.432970123E1
1.162960222E2,-1.241173965E1,-7.779322815E-1,1.421114777E1
1.163059982E2,-1.201237015E1,-7.481442261E-1,1.429901505E1
1.163159752E2,-1.203946381E1,-5.327421570E-1,1.438119415E1
1.163259522E2,-1.204799606E1,-3.818559265E-1,1.433419189E1
1.163359292E2,-1.201416641E1,-3.626957703E-1,1.417776718E1
1.163459062E2,-1.191013275E1,-3.387455750E-1,1.402268967E1
1.163558832E2,-1.179681839E1,-2.859054565E-1,1.398990784E1
1.163658602E2,-1.185849014E1,-1.727407837E-1,1.402718033E1
1.163758372E2,-1.197075668E1,-1.050814819E-1,1.408900177E1
1.163858142E2,-1.197809143E1,-4.221221924E-2,1.401789963E1
1.163957902E2,-1.190609116E1,4.640350342E-2,1.389380768E1
1.164057672E2,-1.172122559E1,1.092727661E-2,1.390877655E1
1.164157442E2,-1.174816956E1,1.122665405E-2,1.387479721E1
1.164257212E2,-1.185714294E1,2.001338196E-1,1.385863083E1
1.164356982E2,-1.170910080E1,2.439926147E-1,1.377675110E1
1.164456752E2,-1.165236877E1,2.781216431E-1,1.345971039E1
1.164556522E2,-1.145462997E1,3.240760803E-1,1.332618805E1
1.164656292E2,-1.152198990E1,3.207829285E-1,1.333277435E1
1.164756052E2,-1.140598114E1,5.430706787E-1,1.314865723E1
1.164855822E2,-1.126003464E1,5.435197449E-1,1.298130524E1
1.164955592E2,-1.131003067E1,5.252577209E-1,1.287592438E1
1.165055362E2,-1.125479553E1,6.170169067E-1,1.288715103E1
1.165155132E2,-1.151734955E1,5.930667114E-1,1.289508453E1
1.165254902E2,-1.157662628E1,7.421566772E-1,1.269749542E1
1.165354672E2,-1.146136597E1,8.898994446E-1,1.274898834E1
1.165454442E2,-1.158590698E1,8.749305725E-1,1.268581970E1
1.165554202E2,-1.151136200E1,9.918374634E-1,1.246338226E1
1.165653972E2,-1.133203491E1,1.039588165E0,1.241323654E1
1.165753742E2,-1.136047577E1,1.153201904E0,1.217912338E1
1.165853512E2,-1.121602615E1,1.287622375E0,1.211011688E1
1.165953282E2,-1.120060822E1,1.270557861E0,1.207793381E1
1.166053052E2,-1.125689117E1,1.266665955E0,1.209170517E1
1.166152822E2,-1.120719452E1,1.251996460E0,1.212807953E1
1.166252592E2,-1.109328140E1,1.350641327E0,1.192854446E1
1.166352362E2,-1.076246933E1,1.397793274E0,1.195309341E1
1.166452122E2,-1.071486832E1,1.424587555E0,1.185834045E1
1.166551892E2,-1.071920929E1,1.412911835E0,1.179472275E1
1.166651662E2,-1.069076843E1,1.401385803E0,1.177526321E1
1.166751432E2,-1.059377014E1,1.412612457E0,1.172930878E1
1.166851202E2,-1.036609360E1,1.424737244E0,1.180579971E1
1.166950972E2,-1.036175262E1,1.479074249E0,1.174502609E1
1.167050742E2,-1.042836411E1,1.736389160E0,1.158920013E1
1.167150519E2,-1.034828064E1,1.827100525E0,1.140119110E1
1.167250289E2,-1.027882507E1,1.914219360E0,1.116543137E1
1.167350049E2,-1.000998413E1,1.962568817E0,1.114297806E1
1.167449819E2,-9.988728333E0,1.920655975E0,1.115091156E1
1.167549589E2,-9.943522339E0,2.038760376E0,1.098595459E1
1.167649359E2,-9.834249573E0,2.175426178E0,1.093760513E1
1.167749129E2,-9.869276733E0,2.125879211E0,1.094344299E1
1.167848899E2,-9.792336731E0,2.199376373E0,1.086979614E1
1.167948669E2,-9.631421356E0,2.352957001E0,1.077399536E1
1.168048439E2,-9.544302521E0,2.465223541E0,1.057880127E1
1.168148209E2,-9.384734344E0,2.455194397E0,1.057446030E1
1.168247969E2,-9.351503448E0,2.424059143E0,1.052805679E1
1.168347739E2,-9.249864807E0,2.518363037E0,1.030606842E1
1.168447509E2,-9.035809937E0,2.677033081E0,1.011686188E1
1.168547279E2,-8.974287872E0,2.726280670E0,1.012898666E1
1.168647049E2,-8.974886627E0,2.766846313E0,1.014994308E1
1.168746819E2,-8.923543396E0,2.816692657E0,1.008093658E1
1.168846589E2,-8.861721954E0,2.848276978E0,9.873168640E0
1.168946359E2,-8.569529572E0,2.873873749E0,9.736053772E0
1.169046129E2,-8.486452332E0,2.971171417E0,9.738598480E0
1.169145889E2,-8.491541748E0,3.080893250E0,9.809550934E0
1.169245659E2,-8.476423187E0,3.118016052E0,9.535919952E0
1.169345429E2,-8.321645050E0,2.937940521E0,9.184450836E0
1.169445199E2,-7.876620483E0,2.834056549E0,9.169032898E0
1.169544969E2,-8.024662628E0,3.014581146E0,9.161997528E0
1.169644739E2,-8.051456909E0,3.152743835E0,9.022637329E0
1.169744509E2,-7.923173676E0,3.035687256E0,9.138646088E0
1.169844279E2,-7.899971924E0,2.947071533E0,8.990154877E0
1.169944039E2,-7.524253235E0,2.805466003E0,8.907975769E0
1.170043809E2,-7.407046967E0,2.888094177E0,8.861123199E0
1.170143579E2,-7.622149658E0,3.245401154E0,8.507558441E0
1.170243349E2,-7.372319183E0,3.284469910E0,8.405770111E0
1.170343119E2,-7.088509369E0,3.173999634E0,8.325686646E0
1.170442889E2,-7.327861633E0,3.164419556E0,8.144114227E0
1.170542659E2,-7.089108124E0,3.128643951E0,7.942633209E0
1.170642429E2,-7.016509094E0,3.108435974E0,8.148455200E0
1.170742199E2,-6.833888855E0,3.004851379E0,8.044870605E0
1.170841959E2,-7.083719330E0,3.117117920E0,7.886649628E0
1.170941729E2,-6.674021301E0,2.889441376E0,7.758216705E0
1.171041499E2,-6.498286743E0,2.928510132E0,7.757468262E0
1.171141269E2,-6.674320679E0,3.226839752E0,7.418123932E0
1.171241039E2,-6.664141846E0,3.316503296E0,7.309000854E0
1.171340809E2,-6.568939819E0,3.192111969E0,7.280410309E0
1.171440579E2,-6.464008026E0,3.215613098E0,6.949747925E0
1.171540349E2,-6.173761597E0,3.370241547E0,6.804100800E0
1.171640119E2,-6.115682373E0,3.297792206E0,6.933581543E0
1.171739879E2,-6.200555878E0,3.190764771E0,6.870113525E0
1.171839649E2,-6.083050232E0,3.074456635E0,6.835236053E0
1.171939419E2,-6.063291321E0,3.154240723E0,6.747368774E0
1.172039189E2,-6.015839996E0,3.081791382E0,6.762786713E0
1.172138959E2,-5.877228241E0,3.099604340E0,6.428681488E0
1.172238729E2,-5.937403107E0,3.131937103E0,6.458768921E0
1.172338499E2,-5.718109131E0,3.130290527E0,6.472540283E0
1.172438269E2,-5.904172211E0,3.216211853E0,6.496789856E0
1.172538039E2,-5.547913055E0,3.170407104E0,6.187383270E0
1.172637799E2,-5.337450714E0,3.264112244E0,5.964347076E0
1.172737569E2,-5.400020599E0,3.326682129E0,5.943989410E0
1.172837339E2,-5.347479858E0,3.257675629E0,5.925877075E0
1.172937109E2,-5.156477051E0,3.259322205E0,5.859115906E0
1.173036879E2,-4.921914825E0,3.166515198E0,5.787564697E0
1.173136649E2,-4.840035095E0,3.212469635E0,5.628295898E0
1.173236419E2,-4.763394470E0,3.210523682E0,5.587580566E0
1.173336189E2,-4.588558044E0,3.122057648E0,5.632487183E0
1.173435959E2,-4.408781891E0,3.098406830E0,5.580096130E0
1.173535719E2,-4.360133057E0,3.142115936E0,5.553900604E0
1.173635489E2,-4.358785858E0,3.121009827E0,5.518723755E0
1.173735259E2,-4.275109863E0,3.027753754E0,5.486390991E0
1.173835029E2,-4.140390015E0,2.987936554E0,5.505102081E0
1.173934799E2,-4.083957367E0,2.930456085E0,5.460794220E0
1.174034569E2,-3.978726196E0,2.842588806E0,5.349725189E0
1.174134339E2,-3.769461365E0,2.712958374E0,5.296286316E0
1.174234109E2,-3.722908173E0,2.694097595E0,5.170547791E0
1.174333879E2,-3.820056152E0,2.669249268E0,5.109175415E0
1.174433639E2,-3.723357239E0,2.510728912E0,5.103487244E0
1.174533409E2,-3.547622681E0,2.410886536E0,5.036277008E0
1.174633179E2,-3.393742676E0,2.309996338E0,4.947661285E0
1.174732949E2,-3.439697113E0,2.290686493E0,4.818779297E0
1.174832719E2,-3.397933960E0,2.225571899E0,4.761298828E0
1.174932489E2,-3.242257690E0,2.145937500E0,4.701123962E0
1.175032259E2,-3.222049713E0,2.142195282E0,4.560865631E0
1.175132029E2,-3.191064148E0,2.055076447E0,4.519102478E0
1.175231799E2,-3.128344574E0,1.991907806E0,4.420158234E0
1.175331559E2,-3.098406830E0,2.039957886E0,4.339775391E0
1.175431329E2,-3.159629517E0,1.988015900E0,4.326153717E0
1.175531099E2,-3.225342865E0,1.947450256E0,4.258494415E0
1.175630869E2,-3.055146790E0,1.792821808E0,4.201762390E0
1.175730639E2,-2.905158691E0,1.726060638E0,4.119583282E0
1.175830409E2,-3.000959473E0,1.730251923E0,4.067192230E0
1.175930179E2,-3.007246399E0,1.599124603E0,4.046535187E0
1.176029949E2,-2.927761688E0,1.548978882E0,3.951632538E0
1.176129719E2,-2.813249817E0,1.456920319E0,3.905079346E0
1.176229479E2,-2.848875732E0,1.428778839E0,3.861070862E0
1.176329249E2,-2.832709351E0,1.397942963E0,3.781286774E0
1.176429019E2,-2.681972809E0,1.250499573E0,3.786376190E0
1.176528789E2,-2.661615143E0,1.259780273E0,3.753294983E0
1.176628559E2,-2.799478455E0,1.263971558E0,3.770209808E0
1.176728329E2,-2.807411957E0,1.154549103E0,3.780688019E0
1.176828099E2,-2.705324249E0,1.110091553E0,3.703448639E0
1.176927869E2,-2.600691833E0,9.900411987E-1,3.638633423E0
1.177027639E2,-2.674488373E0,1.068777466E0,3.589834900E0
1.177127399E2,-2.618205414E0,9.809101868E-1,3.591930542E0
1.177227158E2,-2.576741638E0,8.860075378E-1,3.626059570E0
1.177326928E2,-2.642454987E0,8.593629456E-1,3.592379608E0
1.177426698E2,-2.749781799E0,7.650590515E-1,3.612437897E0
1.177526468E2,-2.687660980E0,6.252497864E-1,3.597918091E0
1.177626238E2,-2.570005646E0,4.933740234E-1,3.499722290E0
1.177726008E2,-2.537373505E0,4.164340210E-1,3.399281158E0
1.177825778E2,-2.743644562E0,5.183720398E-1,3.305276642E0
1.177925548E2,-2.790048065E0,4.704716492E-1,3.319347382E0
1.178025308E2,-2.738854523E0,3.603007507E-1,3.257975006E0
1.178125078E2,-2.690954132E0,2.366578674E-1,3.144061890E0
1.178224848E2,-2.762954407E0,1.381626892E-1,3.103047180E0
1.178324618E2,-2.825224915E0,6.077362061E-2,3.142714691E0
1.178424388E2,-2.798730011E0,-6.122268677E-2,3.159928894E0
1.178524158E2,-2.904559937E0,-1.824705505E-1,3.214265900E0
1.178623928E2,-3.016227722E0,-2.830613708E-1,3.343447266E0
1.178723698E2,-3.011587372E0,-4.697232056E-1,3.441343689E0
1.178823468E2,-2.953957214E0,-6.322851562E-1,3.436254272E0
1.178923228E2,-2.942580872E0,-7.813751221E-1,3.445085907E0
1.179022998E2,-2.998714142E0,-9.154962158E-1,3.562292175E0
1.179122768E2,-2.991080017E0,-1.034199371E0,3.654201050E0
1.179222538E2,-2.920576630E0,-1.163680115E0,3.598816223E0
1.179322308E2,-2.927162933E0,-1.210832062E0,3.487597504E0
1.179422078E2,-2.910846863E0,-1.240171051E0,3.491339722E0
1.179521848E2,-2.827619934E0,-1.361568604E0,3.580404510E0
1.179621618E2,-2.762355652E0,-1.465452576E0,3.575764160E0
1.179721388E2,-2.813399506E0,-1.506018219E0,3.544329529E0
1.179821148E2,-2.881956940E0,-1.557511139E0,3.586841125E0
1.179920918E2,-2.939886475E0,-1.633253632E0,3.596121826E0
1.180020688E2,-2.869383087E0,-1.855092316E0,3.661984863E0
1.180120458E2,-2.928959198E0,-1.999841309E0,3.763773193E0
1.180220228E2,-3.049308929E0,-2.036065979E0,3.867208099E0
1.180319998E2,-3.070564728E0,-2.166444855E0,3.906127167E0
1.180419768E2,-3.175496521E0,-2.130220184E0,3.858226776E0
1.180519538E2,-3.085683289E0,-2.203268280E0,3.862118683E0
1.180619308E2,-3.014880524E0,-2.370769958E0,3.937711487E0
1.180719078E2,-3.008294220E0,-2.548600159E0,4.061204681E0
1.180818838E2,-3.032244415E0,-2.656525726E0,4.141587524E0
1.180918608E2,-3.341651001E0,-2.544708252E0,4.268822937E0
1.181018378E2,-3.574117584E0,-2.611170044E0,4.326004028E0
1.181118148E2,-3.594026184E0,-2.908451843E0,4.323609009E0
1.181217918E2,-3.539090424E0,-3.025059357E0,4.328399048E0
1.181317688E2,-3.571572876E0,-2.978655853E0,4.425996094E0
1.181417458E2,-3.767665100E0,-2.927312622E0,4.487069092E0
1.181517228E2,-3.852688293E0,-2.990780640E0,4.393663330E0
1.181616998E2,-3.851640472E0,-2.985990601E0,4.316274261E0
1.181716758E2,-3.962559814E0,-2.883004761E0,4.398303680E0
1.181816528E2,-3.959416351E0,-3.010539551E0,4.484973450E0
1.181916298E2,-4.023932190E0,-3.085832977E0,4.465364227E0
1.182016068E2,-4.214186554E0,-2.992576904E0,4.444707184E0
1.182115838E2,-4.436623993E0,-3.025508423E0,4.567451935E0
1.182215608E2,-4.643793182E0,-3.335364075E0,4.840484161E0
1.182315378E2,-4.752467194E0,-3.582949219E0,5.045408020E0
1.182415148E2,-4.972210236E0,-3.487747192E0,5.167703705E0
1.182514918E2,-5.151387634E0,-3.447031860E0,5.252427521E0
1.182614678E2,-5.130730591E0,-3.667373657E0,5.310057678E0
1.182714448E2,-4.993316345E0,-3.716022491E0,5.350623322E0
1.182814218E2,-5.010231171E0,-3.565285950E0,5.454956360E0
1.182913988E2,-5.109325104E0,-3.582200775E0,5.553301849E0
1.183013758E2,-5.096900940E0,-3.742966461E0,5.503605194E0
1.183113528E2,-5.016518097E0,-3.784579926E0,5.490881653E0
1.183213298E2,-5.104535065E0,-3.754193115E0,5.722599792E0
1.183313068E2,-5.194647675E0,-4.000880127E0,5.932762756E0
1.183412838E2,-5.323230286E0,-4.271217957E0,6.081852722E0
1.183512608E2,-5.510191498E0,-4.104614410E0,6.071374512E0
1.183612368E2,-5.534590759E0,-3.985013123E0,5.998625793E0
1.183712138E2,-5.508095856E0,-4.205055542E0,6.001020813E0
1.183811908E2,-5.392087097E0,-4.428091736E0,6.030359802E0
1.183911678E2,-5.417085114E0,-4.270469513E0,6.136788483E0
1.184011448E2,-5.704188080E0,-4.062701569E0,6.291716309E0
1.184111218E2,-5.960754547E0,-4.154011688E0,6.370452576E0
1.184210988E2,-6.083349609E0,-4.313579865E0,6.433770905E0
1.184310758E2,-6.249055023E0,-4.152215424E0,6.489904175E0
1.184410528E2,-6.310876465E0,-4.114643555E0,6.508465576E0
1.184510298E2,-6.343807983E0,-4.163741455E0,6.521338806E0
1.184610058E2,-6.423143005E0,-4.085603943E0,6.608757019E0
1.184709828E2,-6.571634216E0,-4.014801178E0,6.822512512E0
1.184809598E2,-6.708749084E0,-4.076921997E0,6.868017883E0
1.184909368E2,-6.677913208E0,-4.390370178E0,6.928641815E0
1.185009138E2,-6.872508545E0,-4.439468079E0,7.126979370E0
1.185108908E2,-7.042554932E0,-4.263284454E0,7.090155945E0
1.185208678E2,-7.022346954E0,-4.300407257E0,6.972799988E0
1.185308448E2,-7.001989288E0,-4.399950256E0,7.013665009E0
1.185408218E2,-6.982829132E0,-4.477788391E0,7.201674042E0
1.185507978E2,-7.132667542E0,-4.390070801E0,7.321874084E0
1.185607748E2,-7.257208557E0,-4.320914612E0,7.283404083E0
1.185707518E2,-7.475005646E0,-4.375850372E0,7.343429260E0
1.185807288E2,-7.714657288E0,-4.318369904E0,7.393275604E0
1.185907058E2,-7.696544952E0,-4.335135040E0,7.364984436E0
1.186006828E2,-7.827971649E0,-4.377347260E0,7.514822845E0
1.186106598E2,-8.032596130E0,-4.308191071E0,7.615862732E0
1.186206368E2,-8.089328156E0,-4.342320099E0,7.659571838E0
1.186306138E2,-8.229287109E0,-4.362378387E0,7.760911102E0
1.186405908E2,-8.310268707E0,-4.416715393E0,7.895181885E0
1.186505668E2,-8.431067505E0,-4.607867889E0,8.079299011E0
1.186605438E2,-8.687035217E0,-4.662803650E0,8.136629791E0
1.186705208E2,-8.770561523E0,-4.564607849E0,8.101153564E0
1.186804978E2,-8.874295807E0,-4.525539093E0,8.080346832E0
1.186904748E2,-8.870852966E0,-4.546345825E0,8.183781738E0
1.187004518E2,-8.769064636E0,-4.576433258E0,8.350984039E0
1.187104288E2,-8.922495575E0,-4.371958466E0,8.424930267E0
1.187204063E2,-8.991801453E0,-4.289779358E0,8.445437622E0
1.187303832E2,-9.122779083E0,-4.467310181E0,8.523575134E0
1.187403602E2,-9.202413483E0,-4.626878357E0,8.647367706E0
1.187503363E2,-9.208999786E0,-4.673730927E0,8.862769775E0
1.187603133E2,-9.314230957E0,-4.571493530E0,8.997639313E0
1.187702902E2,-9.347012787E0,-4.483027496E0,9.073082428E0
1.187802673E2,-9.408834229E0,-4.401896210E0,9.138945465E0
1.187902443E2,-9.422156525E0,-4.137246552E0,9.189091187E0
1.188002212E2,-9.391320648E0,-4.240681458E0,9.353898468E0
1.188101982E2,-9.577084351E0,-4.353846130E0,9.548044739E0
1.188201753E2,-9.574389954E0,-4.388723602E0,9.681267700E0
1.188301523E2,-9.669292603E0,-4.482578430E0,9.834399261E0
1.188401292E2,-9.852212219E0,-4.395459595E0,9.830058289E0
1.188501053E2,-9.902058563E0,-4.499493256E0,9.987231445E0
1.188600823E2,-9.959838409E0,-4.478536835E0,1.014814682E1
1.188700592E2,-9.879156189E0,-4.276307373E0,1.000160156E1
1.188800362E2,-9.947863312E0,-4.242627411E0,9.951755219E0
1.188900133E2,-9.958491211E0,-4.192032623E0,1.006477020E1
1.188999903E2,-9.959838409E0,-4.214934998E0,1.004785538E1
1.189099672E2,-1.010668304E1,-4.140539703E0,1.002704865E1
1.189199443E2,-1.012030472E1,-4.016747131E0,9.967023468E0
1.189299213E2,-1.008228378E1,-4.230203247E0,1.019529877E1
1.189398972E2,-1.020442978E1,-4.357738037E0,1.034618500E1
1.189498742E2,-1.016072067E1,-4.339326324E0,1.035741165E1
1.189598513E2,-1.041249710E1,-4.445305939E0,1.056458084E1
1.189698283E2,-1.059826080E1,-4.387825470E0,1.065065186E1
1.189798052E2,-1.051742889E1,-4.344415741E0,1.066187851E1
1.189897823E2,-1.067145859E1,-4.258344727E0,1.067819458E1
1.189997593E2,-1.061397812E1,-4.072880402E0,1.068373306E1
1.190097362E2,-1.066906357E1,-4.137246552E0,1.086695206E1
1.190197132E2,-1.085782104E1,-4.046834564E0,1.090721832E1
1.190296903E2,-1.077399536E1,-3.970792694E0,1.097278198E1
1.190396663E2,-1.094598770E1,-4.016747131E0,1.107921066E1
1.190496432E2,-1.098760117E1,-4.008065186E0,1.121767273E1
1.190596203E2,-1.085333038E1,-4.077221375E0,1.151240982E1
1.190695973E2,-1.089180038E1,-4.043691101E0,1.169143753E1
1.190795742E2,-1.076366684E1,-3.940705261E0,1.155282578E1
1.190895512E2,-1.077279785E1,-4.033811646E0,1.168200714E1
1.190995283E2,-1.076052338E1,-3.873794403E0,1.163440613E1
1.191095053E2,-1.070843170E1,-3.761527863E0,1.169233566E1
1.191194822E2,-1.083985840E1,-3.647764435E0,1.182795364E1
1.191294593E2,-1.074076447E1,-3.546724548E0,1.185474792E1
1.191394353E2,-1.080557968E1,-3.620371399E0,1.196417038E1
1.191494122E2,-1.079465240E1,-3.622467041E0,1.195788345E1
1.191593892E2,-1.075693085E1,-3.683090973E0,1.212792984E1
1.191693663E2,-1.106933121E1,-3.658991089E0,1.233479965E1
1.191793433E2,-1.104104004E1,-3.547173615E0,1.226444595E1
1.191893202E2,-1.114986374E1,-3.546874237E0,1.239213043E1
1.191992973E2,-1.137514526E1,-3.479514313E0,1.259525803E1
1.192092743E2,-1.147259262E1,-3.421734467E0,1.275467651E1
1.192192512E2,-1.168919220E1,-3.391197968E0,1.280287628E1
1.192292282E2,-1.167437302E1,-3.166515198E0,1.264166153E1
1.192392043E2,-1.145567780E1,-3.381318512E0,1.289268951E1
1.192491813E2,-1.126452530E1,-3.504362640E0,1.323158478E1
1.192591582E2,-1.118923187E1,-3.472329254E0,1.333457062E1
1.192691353E2,-1.136541550E1,-3.386258240E0,1.331660797E1
1.192791123E2,-1.124297012E1,-3.180885315E0,1.307725571E1
1.192890892E2,-1.101095261E1,-3.188968506E0,1.308324326E1
1.192990662E2,-1.114118179E1,-3.410358124E0,1.347108673E1
1.193090433E2,-1.098086517E1,-3.244053955E0,1.360820160E1
1.193190203E2,-1.097427887E1,-3.113226013E0,1.367481308E1
1.193289972E2,-1.108804230E1,-3.031346283E0,1.371103775E1
1.193389733E2,-1.084599564E1,-2.938090210E0,1.355356522E1
1.193489503E2,-1.083566711E1,-3.024310913E0,1.368648880E1
1.193589272E2,-1.082099762E1,-2.949466553E0,1.373633514E1
1.193689042E2,-1.102008362E1,-2.901865540E0,1.381013168E1
1.193788813E2,-1.118054993E1,-2.948718109E0,1.376657227E1
1.193888583E2,-1.097667389E1,-2.775977325E0,1.370490051E1
1.193988352E2,-1.106364304E1,-2.779869232E0,1.366672989E1
1.194088123E2,-1.118923187E1,-2.812800751E0,1.364756973E1
1.194187893E2,-1.117725677E1,-2.716251526E0,1.381312546E1
1.194287662E2,-1.125763962E1,-2.647843781E0,1.383273468E1
1.194387422E2,-1.121363113E1,-2.542313232E0,1.380429382E1
1.194487193E2,-1.145942001E1,-2.669997711E0,1.391730881E1
1.194586963E2,-1.160042679E1,-2.628533936E0,1.377839767E1
1.194686732E2,-1.159773239E1,-2.433489532E0,1.374756180E1
1.194786503E2,-1.173829010E1,-2.398911438E0,1.378842682E1
1.194886273E2,-1.151899612E1,-2.498903503E0,1.371927063E1
1.194986042E2,-1.149339935E1,-2.578388214E0,1.379621063E1
1.195085812E2,-1.156704620E1,-2.587219849E0,1.377001511E1
1.195185583E2,-1.153142029E1,-2.490520935E0,1.371717499E1
1.195285353E2,-1.158156601E1,-2.374961243E0,1.364233063E1
1.195385112E2,-1.132559830E1,-2.287543030E0,1.360490845E1
1.195484883E2,-1.138113281E1,-2.292632446E0,1.377585297E1
1.195584653E2,-1.154608978E1,-2.193987579E0,1.375699219E1
1.195684423E2,-1.145612686E1,-2.080822906E0,1.384396133E1
1.195784192E2,-1.156569901E1,-1.993704071E0,1.386656433E1
1.195883963E2,-1.150327881E1,-1.867516479E0,1.381357452E1
1.195983733E2,-1.139041351E1,-1.927092590E0,1.383468063E1
1.196083502E2,-1.137484589E1,-1.935624847E0,1.386012772E1
1.196183273E2,-1.151914581E1,-1.885030060E0,1.386746246E1
1.196283043E2,-1.154608978E1,-1.739532623E0,1.365295853E1
1.196382803E2,-1.131512009E1,-1.623972931E0,1.353665039E1
1.196482572E2,-1.130299530E1,-1.815424805E0,1.371971970E1
1.196582343E2,-1.128907425E1,-1.809287567E0,1.376462631E1
1.196682113E2,-1.131062943E1,-1.692081299E0,1.374142456E1
1.196781882E2,-1.147319138E1,-1.439706116E0,1.357362350E1
1.196881653E2,-1.135972733E1,-1.302291870E0,1.354114105E1
1.196981423E2,-1.129296616E1,-1.445843353E0,1.353395599E1
1.197081193E2,-1.125389740E1,-1.324146423E0,1.356509125E1
1.197180961E2,-1.128727798E1,-1.375190277E0,1.374681335E1
1.197280731E2,-1.148067581E1,-1.276096344E0,1.362631393E1
1.197380501E2,-1.126242966E1,-1.177451477E0,1.348500778E1
1.197480261E2,-1.117261642E1,-1.234183502E0,1.340567276E1
1.197580031E2,-1.118129837E1,-1.068927155E0,1.330987198E1
1.197679801E2,-1.119641693E1,-1.103355560E0,1.341360626E1
1.197779571E2,-1.133832184E1,-1.112187195E0,1.345881226E1
1.197879341E2,-1.110525650E1,-9.868977356E-1,1.327963486E1
1.197979111E2,-1.107457031E1,-9.412426758E-1,1.305076080E1
1.198078881E2,-1.105660767E1,-8.966354370E-1,1.294852341E1
1.198178651E2,-1.093206665E1,-9.044192505E-1,1.298175430E1
1.198278421E2,-1.112920670E1,-9.081614685E-1,1.311901886E1
1.198378191E2,-1.107876160E1,-7.792794800E-1,1.302396652E1
1.198477951E2,-1.101993393E1,-8.728349304E-1,1.299298096E1
1.198577721E2,-1.106169708E1,-8.405021667E-1,1.312216232E1
1.198677491E2,-1.100945572E1,-7.059320068E-1,1.302666092E1
1.198777261E2,-1.104163879E1,-7.949967957E-1,1.302127213E1
1.198877031E2,-1.102816681E1,-6.782395935E-1,1.288475601E1
1.198976801E2,-1.071322174E1,-5.827381897E-1,1.277698013E1
1.199076571E2,-1.080063995E1,-5.420228577E-1,1.283655624E1
1.199176341E2,-1.086365891E1,-3.388952637E-1,1.269809418E1
1.199276111E2,-1.085153412E1,-3.917353821E-1,1.274494675E1
1.199375881E2,-1.077175003E1,-2.992277527E-1,1.241458374E1
1.199475651E2,-1.056398209E1,-2.594105530E-1,1.232941086E1
1.199575411E2,-1.064870590E1,-3.393443298E-1,1.235560638E1
1.199675181E2,-1.058808197E1,-3.155438232E-1,1.230680786E1
1.199774951E2,-1.052296738E1,-2.414479065E-1,1.215262848E1
1.199874721E2,-1.049168243E1,-1.606159973E-1,1.196147598E1
1.199974491E2,-1.044048889E1,-7.050338745E-2,1.198168396E1
1.200074261E2,-1.049467621E1,-1.233435059E-1,1.192255692E1
1.200174031E2,-1.034738251E1,-9.909393311E-2,1.171134613E1
1.200273801E2,-1.036669235E1,-8.008346558E-2,1.173335037E1
1.200373571E2,-1.044078827E1,2.350112915E-2,1.165491348E1
1.200473341E2,-1.037223083E1,5.119354248E-2,1.158725418E1
1.200573101E2,-1.049826874E1,7.768844604E-2,1.150417694E1
1.200672871E2,-1.033211426E1,1.691482544E-1,1.148396896E1
1.200772641E2,-1.031085846E1,1.323248291E-1,1.147917892E1
1.200872411E2,-1.037312897E1,2.362088013E-1,1.132559830E1
1.200972181E2,-1.017209702E1,3.990701294E-1,1.115076187E1
1.201071951E2,-1.027134064E1,4.516108704E-1,1.113444580E1
1.201171721E2,-1.016910324E1,4.983137512E-1,1.113294891E1
1.201271491E2,-1.005968079E1,5.843847656E-1,1.102726868E1
1.201371261E2,-9.969717865E0,6.390211487E-1,1.084839066E1
1.201471031E2,-9.840985565E0,7.212002563E-1,1.087353836E1
1.201570791E2,-9.857301636E0,6.484515381E-1,1.083970871E1
1.201670561E2,-9.846823425E0,7.229965210E-1,1.072459808E1
1.201770331E2,-9.807006226E0,8.526269531E-1,1.075648178E1
1.201870101E2,-9.733359375E0,8.240364075E-1,1.074929672E1
1.201969871E2,-9.522447968E0,7.438032532E-1,1.078312637E1
1.202069641E2,-9.598340149E0,7.605683899E-1,1.080498093E1
1.202169411E2,-9.604627075E0,9.386979675E-1,1.052147049E1
1.202269181E2,-9.301058350E0,1.012045441E0,1.039258850E1
1.202368951E2,-9.316326599E0,1.045725403E0,1.022942780E1
1.202468721E2,-9.170080719E0,1.056053925E0,1.025712021E1
1.202568491E2,-9.117839355E0,1.040037231E0,1.019050873E1
1.202668251E2,-9.077722778E0,1.078656921E0,1.002091141E1
1.202768021E2,-9.014853516E0,1.088686066E0,1.005548950E1
1.202867791E2,-9.144334259E0,1.029708710E0,1.003617966E1
1.202967561E2,-8.902886353E0,1.020278320E0,9.955497437E0
1.203067331E2,-8.813222809E0,1.009351044E0,9.918674011E0
1.203167101E2,-8.839268646E0,1.044228516E0,9.779613190E0
1.203266871E2,-8.701704712E0,1.055305481E0,9.667795715E0
1.203366641E2,-8.692424011E0,1.166224823E0,9.393565979E0
1.203466411E2,-8.537795563E0,1.207538910E0,9.388326874E0
1.203566181E2,-8.418643341E0,1.146016846E0,9.439969482E0
1.203665941E2,-8.457113342E0,1.192120972E0,9.327403564E0
1.203765711E2,-8.296796722E0,1.294508057E0,9.201665039E0
1.203865481E2,-8.342601471E0,1.375489655E0,9.203461304E0
1.203965251E2,-8.271649017E0,1.378184052E0,9.127718811E0
1.204065021E2,-8.172555084E0,1.455722809E0,8.971593475E0
1.204164791E2,-8.078101501E0,1.591041412E0,8.798104248E0
1.204264561E2,-7.957302704E0,1.634451141E0,8.783434753E0
1.204364331E2,-7.942333832E0,1.652563477E0,8.745713196E0
1.204464101E2,-7.783963165E0,1.691183167E0,8.616831207E0
1.204563871E2,-7.674540710E0,1.800904999E0,8.537047119E0
1.204663641E2,-7.740254059E0,1.847757568E0,8.509055328E0
1.204763401E2,-7.585326233E0,1.749861145E0,8.492140503E0
1.204863171E2,-7.507937164E0,1.743873596E0,8.478069763E0
1.204962941E2,-7.450007629E0,1.871109009E0,8.342751160E0
1.205062711E2,-7.345973969E0,1.902543640E0,8.286019135E0
1.205162481E2,-7.346572723E0,1.884730682E0,8.232131195E0
1.205262251E2,-7.146887970E0,1.876348114E0,8.328680420E0
1.205362021E2,-7.114555206E0,1.972298584E0,8.272547150E0
1.205461791E2,-7.090605011E0,1.971999207E0,8.081993408E0
1.205561561E2,-6.976542206E0,1.961820374E0,7.979756012E0
1.205661331E2,-6.949149170E0,1.991608429E0,8.010591888E0
1.205761091E2,-6.774163055E0,1.926493835E0,7.924520874E0
1.205860861E2,-6.770121460E0,1.869013367E0,7.832761688E0
1.205960631E2,-6.817273407E0,1.881138153E0,7.658823395E0
1.206060401E2,-6.658603363E0,1.852547607E0,7.565417633E0
1.206160171E2,-6.639293518E0,1.849553833E0,7.549550629E0
1.206259941E2,-6.516848145E0,1.762434998E0,7.595505066E0
1.206359711E2,-6.568341064E0,1.785487061E0,7.462132416E0
1.206459481E2,-6.560257874E0,1.940414886E0,7.201674042E0
1.206559251E2,-6.392905884E0,1.976938934E0,7.187902679E0
1.206659021E2,-6.427633667E0,1.982178040E0,7.163653107E0
1.206758791E2,-6.284830627E0,1.932780762E0,7.076534271E0
1.206858551E2,-6.199508057E0,1.945055237E0,6.965914307E0
1.206958321E2,-6.117628326E0,1.956880646E0,6.793023834E0
1.207058091E2,-5.939648438E0,1.852098541E0,6.789281616E0
1.207157861E2,-5.914201355E0,1.781744843E0,6.765930176E0
1.207257634E2,-5.861361237E0,1.794767761E0,6.727909241E0
1.207357404E2,-5.818999329E0,1.835483093E0,6.718329163E0
1.207457174E2,-5.863606567E0,1.852397919E0,6.615642700E0
1.207556944E2,-5.719755707E0,1.769021301E0,6.574777679E0
1.207656714E2,-5.671705627E0,1.771566010E0,6.549480286E0
1.207756484E2,-5.583688660E0,1.743424530E0,6.513704681E0
1.207856254E2,-5.475014648E0,1.688788147E0,6.461912384E0
1.207956014E2,-5.584736481E0,1.697170715E0,6.377787323E0
1.208055784E2,-5.521567841E0,1.650018768E0,6.328539734E0
1.208155554E2,-5.441634064E0,1.655706940E0,6.315816193E0
1.208255324E2,-5.296885071E0,1.565594330E0,6.251000977E0
1.208355094E2,-5.168601837E0,1.532962189E0,6.176905060E0
1.208454864E2,-5.150639191E0,1.600022736E0,6.040688324E0
1.208554634E2,-5.082231445E0,1.602118378E0,6.013894043E0
1.208654404E2,-5.014871521E0,1.548380127E0,5.970184937E0
1.208754174E2,-4.979844360E0,1.491199036E0,5.919739838E0
1.208853944E2,-4.798271942E0,1.380429382E0,5.878874817E0
1.208953714E2,-4.812043304E0,1.450633392E0,5.757028198E0
1.209053474E2,-4.708907776E0,1.372046814E0,5.750292206E0
1.209153244E2,-4.668641510E0,1.296454010E0,5.769302673E0
1.209253014E2,-4.676275635E0,1.275946655E0,5.762117615E0
1.209352784E2,-4.530179443E0,1.212029572E0,5.806126099E0
1.209452554E2,-4.602030029E0,1.259929962E0,5.740562439E0
1.209552324E2,-4.514312439E0,1.168619843E0,5.714965668E0
1.209652094E2,-4.412075043E0,1.115330658E0,5.704637146E0
1.209751864E2,-4.463418274E0,1.172661438E0,5.648204498E0
1.209851634E2,-4.380490723E0,1.106798401E0,5.688770142E0
1.209951404E2,-4.400249634E0,1.106499023E0,5.578599243E0
1.210051174E2,-4.342320099E0,1.102008362E0,5.498216400E0
1.210150934E2,-4.196373596E0,1.040186920E0,5.496120758E0
1.210250704E2,-4.284091187E0,1.039139099E0,5.491480408E0
1.210350474E2,-4.130809937E0,8.431965637E-1,5.453908539E0
1.210450244E2,-4.145479431E0,8.948391724E-1,5.405259705E0
1.210550014E2,-4.167034607E0,8.910969543E-1,5.395679626E0
1.210649784E2,-4.109703827E0,7.523355103E-1,5.364244995E0
1.210749554E2,-4.068838806E0,6.647676086E-1,5.337899780E0
1.210849324E2,-3.974684601E0,5.902226257E-1,5.333109741E0
1.210949094E2,-4.035308533E0,6.641688538E-1,5.296735382E0
1.211048864E2,-4.059857483E0,6.243516541E-1,5.279670868E0
1.211148634E2,-4.024530945E0,5.089416504E-1,5.208119659E0
1.211248404E2,-4.007466431E0,5.004093933E-1,5.191504211E0
1.211348164E2,-3.936214600E0,4.067042542E-1,5.185816040E0
1.211447934E2,-3.956272888E0,3.918850708E-1,5.107977905E0
1.211547704E2,-3.881578217E0,3.436853027E-1,5.102140045E0
1.211647474E2,-3.880081329E0,3.074606323E-1,5.067561951E0
1.211747244E2,-3.968397675E0,3.023712158E-1,5.052742767E0
1.211847014E2,-3.823798370E0,1.345701599E-1,5.067412262E0
1.211946784E2,-3.857029266E0,1.478924561E-1,5.056335297E0
1.212046554E2,-3.897295532E0,1.273851013E-1,5.043013000E0
1.212146324E2,-3.826343079E0,4.775070190E-2,5.036127319E0
1.212246094E2,-3.840413818E0,-5.134323120E-2,5.000501404E0
1.212345864E2,-3.834725647E0,-1.365161133E-1,5.031037903E0
1.212445624E2,-3.917503510E0,-7.035369873E-2,5.048850861E0
1.212545394E2,-3.929478607E0,-1.043330383E-1,5.030888214E0
1.212645164E2,-3.877237244E0,-1.555265808E-1,4.973707123E0
1.212744934E2,-3.891607361E0,-1.974394226E-1,4.999752960E0
1.212844704E2,-3.830384674E0,-3.486250305E-1,5.026247864E0
1.212944474E2,-3.901935883E0,-2.963836670E-1,5.032534790E0
1.213044244E2,-3.895648956E0,-2.996768188E-1,5.059179382E0
1.213144014E2,-3.929478607E0,-4.257147217E-1,5.060526581E0
1.213243784E2,-3.925137634E0,-5.462141418E-1,5.073399811E0
1.213343554E2,-3.781286774E0,-6.933581543E-1,5.077441406E0
1.213443324E2,-3.872297516E0,-6.563850403E-1,5.101840668E0
1.213543094E2,-3.853137360E0,-7.509883118E-1,5.171595612E0
1.213642854E2,-3.903133392E0,-8.674461365E-1,5.200934601E0
1.213742624E2,-4.041894836E0,-8.089178467E-1,5.262905731E0
1.213842394E2,-3.913461914E0,-9.178912354E-1,5.280119934E0
1.213942164E2,-3.914360046E0,-1.011895752E0,5.287005615E0
1.214041934E2,-3.992647247E0,-1.054107971E0,5.247487793E0
1.214141704E2,-3.990252228E0,-1.009351044E0,5.267097015E0
1.214241474E2,-4.104913788E0,-9.265731812E-1,5.241649933E0
1.214341244E2,-3.996539154E0,-1.145118713E0,5.200635223E0
1.214441014E2,-3.988156586E0,-1.190474396E0,5.160967712E0
1.214540784E2,-3.953428802E0,-1.091081085E0,5.148094482E0
1.214640554E2,-3.825145569E0,-1.270258484E0,5.187761993E0
1.214740324E2,-4.081412659E0,-1.341210938E0,5.272785187E0
1.214840084E2,-4.075874176E0,-1.408421173E0,5.319039001E0
1.214939854E2,-4.107308807E0,-1.349892883E0,5.363795929E0
1.215039624E2,-4.169279938E0,-1.489103394E0,5.392236786E0
1.215139394E2,-4.171225891E0,-1.754950562E0,5.533243561E0
1.215239164E2,-4.385280762E0,-1.682052155E0,5.631738739E0
1.215338934E2,-4.396956482E0,-1.658700714E0,5.603597260E0
1.215438704E2,-4.519850922E0,-1.789378967E0,5.687872009E0
1.215538474E2,-4.654121704E0,-1.894011383E0,5.699547729E0
1.215638244E2,-4.572691040E0,-1.883233795E0,5.682782593E0
1.215738014E2,-4.665198669E0,-1.764231262E0,5.620212708E0
1.215837784E2,-4.572541351E0,-1.923799438E0,5.581293640E0
1.215937554E2,-4.572840729E0,-2.037113800E0,5.667364655E0
1.216037314E2,-4.651876373E0,-1.922452240E0,5.709127808E0
1.216137084E2,-4.580923920E0,-1.985321503E0,5.800587616E0
1.216236854E2,-4.742887115E0,-2.089804230E0,5.870941315E0
1.216336624E2,-4.728217621E0,-2.235900421E0,5.954317932E0
1.216436394E2,-4.804858246E0,-2.219734039E0,6.012995911E0
1.216536164E2,-4.903353424E0,-2.185754700E0,6.015540619E0
1.216635934E2,-4.863087158E0,-2.389780426E0,6.165828094E0
1.216735704E2,-5.081932068E0,-2.494113464E0,6.316115570E0
1.216835474E2,-5.116510162E0,-2.487377472E0,6.352938995E0
1.216935244E2,-5.112767944E0,-2.488275604E0,6.362668762E0
1.217035014E2,-5.207221527E0,-2.546953583E0,6.352340240E0
1.217134784E2,-5.198689270E0,-2.630779266E0,6.447542267E0
1.217234541E2,-5.378914490E0,-2.546504517E0,6.494245148E0
1.217334311E2,-5.322631531E0,-2.533631287E0,6.424639893E0
1.217434081E2,-5.236261139E0,-2.618804169E0,6.542893982E0
1.217533851E2,-5.328619080E0,-2.612367554E0,6.576274567E0
1.217633621E2,-5.202132111E0,-2.627336426E0,6.562802582E0
1.217733391E2,-5.323230286E0,-2.609224091E0,6.639892273E0
1.217833161E2,-5.410049744E0,-2.741848297E0,6.750063171E0
1.217932931E2,-5.570516052E0,-2.809357910E0,6.949149170E0
1.218032701E2,-5.786367188E0,-2.682571564E0,6.962471466E0
1.218132471E2,-5.642067261E0,-2.759661255E0,6.915469208E0
1.218232241E2,-5.841602325E0,-2.799777832E0,7.087910614E0
1.218332011E2,-5.886508942E0,-2.844235382E0,7.184310150E0
1.218431771E2,-5.940696259E0,-2.800825653E0,7.252418518E0
1.218531541E2,-6.140979767E0,-2.650687866E0,7.201823730E0
1.218631311E2,-6.068380737E0,-2.772833862E0,7.251370697E0
1.218731081E2,-6.201304321E0,-2.773731995E0,7.343878326E0
1.218830851E2,-6.120771790E0,-2.713557129E0,7.305558014E0
1.218930621E2,-6.057303772E0,-2.800226898E0,7.423063660E0
1.219030391E2,-6.196364594E0,-2.899620209E0,7.611372070E0
1.219130161E2,-6.156697083E0,-2.978655853E0,7.628286896E0
1.219229931E2,-6.332731018E0,-2.841690674E0,7.605384521E0
1.219329701E2,-6.339167633E0,-2.758613434E0,7.521409149E0
1.219429471E2,-6.259832611E0,-2.877615967E0,7.651788025E0
1.219529241E2,-6.347849579E0,-2.822380829E0,7.762557678E0
1.219629011E2,-6.319109344E0,-2.768792267E0,7.746241608E0
1.219728771E2,-6.493047638E0,-2.793790283E0,7.827522583E0
1.219828541E2,-6.581813049E0,-2.865341492E0,7.872279510E0
1.219928311E2,-6.611002350E0,-2.945874023E0,8.012537842E0
1.220028081E2,-6.736441498E0,-2.869682465E0,8.033643951E0
1.220127851E2,-6.742728424E0,-2.939437408E0,8.076305237E0
1.220227621E2,-6.980883179E0,-3.064876556E0,8.237519989E0
1.220327391E2,-7.100634155E0,-3.098406830E0,8.333171082E0
1.220427161E2,-7.127877502E0,-3.044369202E0,8.327632599E0
1.220526931E2,-7.255711670E0,-2.937042389E0,8.302335205E0
1.220626701E2,-7.161557465E0,-3.010389862E0,8.325986023E0
1.220726471E2,-7.277117157E0,-3.005450134E0,8.451275482E0
1.220826241E2,-7.368576965E0,-2.917133789E0,8.450077972E0
1.220926001E2,-7.392377472E0,-2.958747253E0,8.521778870E0
1.221025771E2,-7.555837555E0,-2.970273285E0,8.661588135E0
1.221125541E2,-7.420369263E0,-3.058140564E0,8.810678101E0
1.221225311E2,-7.546107788E0,-3.075055389E0,8.851692810E0
1.221325081E2,-7.582931213E0,-2.992726593E0,8.810528412E0
1.221424851E2,-7.560028839E0,-3.111579437E0,8.947942657E0
1.221524621E2,-7.814349976E0,-3.060685272E0,9.056466980E0
1.221624391E2,-7.752528534E0,-2.972668304E0,9.107361145E0
1.221724161E2,-7.829618225E0,-3.044518890E0,9.263636169E0
1.221823931E2,-7.991731110E0,-3.049907684E0,9.317973175E0
1.221923701E2,-7.953859863E0,-3.122806091E0,9.366921387E0
1.222023471E2,-8.167166290E0,-3.064577179E0,9.431736603E0
1.222123241E2,-8.050858154E0,-3.046464844E0,9.446406097E0
1.222223001E2,-8.155041504E0,-3.196003876E0,9.685458984E0
1.222322771E2,-8.383466492E0,-3.185525665E0,9.767338715E0
1.222422541E2,-8.214617615E0,-3.094963989E0,9.707612915E0
1.222522311E2,-8.365503845E0,-3.084485779E0,9.839488678E0
1.222622081E2,-8.335117035E0,-3.132386169E0,9.896669769E0
1.222721851E2,-8.343200226E0,-3.170856171E0,9.977202301E0
1.222821621E2,-8.444838867E0,-3.094664612E0,1.005084915E1
1.222921391E2,-8.343050537E0,-3.017425232E0,1.011087433E1
1.223021161E2,-8.527766418E0,-3.017874298E0,1.016655853E1
1.223120931E2,-8.511899414E0,-2.940634918E0,1.014739838E1
1.223220701E2,-8.485105133E0,-2.934946747E0,1.032627640E1
1.223320471E2,-8.600515137E0,-2.975512390E0,1.051263885E1
1.223420241E2,-8.620723114E0,-2.946323090E0,1.041369461E1
1.223520001E2,-8.724307709E0,-2.968626709E0,1.033825150E1
1.223619771E2,-8.625812531E0,-2.948269043E0,1.054497162E1
1.223719541E2,-8.562943268E0,-3.017125854E0,1.077728851E1
1.223819311E2,-8.825796661E0,-3.051703949E0,1.067714676E1
1.223919081E2,-8.768316193E0,-2.929557953E0,1.070064789E1
1.224018851E2,-8.838969269E0,-2.839595032E0,1.072579559E1
1.224118621E2,-8.915460205E0,-2.754871216E0,1.078971268E1
1.224218391E2,-8.940757599E0,-2.906655579E0,1.104642883E1
1.224318161E2,-9.016350403E0,-2.858755188E0,1.107951004E1
1.224417931E2,-8.856931915E0,-2.772833862E0,1.111289062E1
1.224517701E2,-8.940757599E0,-2.895578613E0,1.126302841E1
1.224617471E2,-8.965905304E0,-2.867287445E0,1.122321121E1
1.224717241E2,-8.919651489E0,-2.810854797E0,1.134266281E1
1.224817001E2,-9.056916046E0,-2.727178802E0,1.135149445E1
1.224916771E2,-8.993448029E0,-2.629132690E0,1.136721176E1
1.225016541E2,-9.106463013E0,-2.756966858E0,1.152633087E1
1.225116311E2,-9.147926788E0,-2.737507324E0,1.145927032E1
1.225216081E2,-9.029523010E0,-2.708617401E0,1.156719589E1
1.225315851E2,-9.260642395E0,-2.842738495E0,1.181463135E1
1.225415621E2,-9.262139282E0,-2.856659546E0,1.187884781E1
1.225515391E2,-9.291478271E0,-2.744542694E0,1.179846497E1
1.225615161E2,-9.314829712E0,-2.684367828E0,1.164159119E1
1.225714931E2,-9.231153717E0,-2.739453278E0,1.176837753E1
1.225814701E2,-9.471404114E0,-2.877316589E0,1.195518906E1
1.225914471E2,-9.417216797E0,-2.764151917E0,1.185789139E1
1.226014241E2,-9.325607300E0,-2.724334717E0,1.187405777E1
1.226114011E2,-9.456435242E0,-2.704725494E0,1.182585800E1
1.226213771E2,-9.379195862E0,-2.605930939E0,1.174517578E1
1.226313541E2,-9.462273102E0,-2.632725220E0,1.182705551E1
1.226413311E2,-9.548044739E0,-2.512076111E0,1.187510559E1
1.226513081E2,-9.529782715E0,-2.447709961E0,1.188318878E1
1.226612851E2,-9.697733459E0,-2.608775024E0,1.189905579E1
1.226712621E2,-9.648934937E0,-2.537074127E0,1.200353851E1
1.226812391E2,-9.668843536E0,-2.438429260E0,1.222747284E1
1.226912161E2,-9.794132996E0,-2.441722412E0,1.227297821E1
1.227011931E2,-9.819879456E0,-2.429897003E0,1.228225891E1
1.227111701E2,-9.809850311E0,-2.339035950E0,1.217493210E1
1.227211479E2,-9.804162140E0,-2.341730347E0,1.213975525E1
1.227311249E2,-9.912985840E0,-2.404898987E0,1.223196350E1
1.227411019E2,-9.953401794E0,-2.282902679E0,1.226938568E1
1.227510779E2,-9.997709656E0,-2.266137543E0,1.232312393E1
1.227610549E2,-1.005369324E1,-2.264191589E0,1.227582230E1
1.227710319E2,-9.951904907E0,-2.325713654E0,1.239542358E1
1.227810089E2,-1.011012589E1,-2.471061401E0,1.252280869E1
1.227909859E2,-1.004126907E1,-2.294877777E0,1.242176880E1
1.228009629E2,-9.983938293E0,-2.257904663E0,1.250798950E1
1.228109399E2,-1.007929001E1,-2.314936066E0,1.257505005E1
1.228209169E2,-9.979747009E0,-2.227667542E0,1.246158600E1
1.228308939E2,-9.943372650E0,-2.291434937E0,1.246323257E1
1.228408709E2,-1.000354752E1,-2.220332794E0,1.248373993E1
1.228508479E2,-1.002136047E1,-2.198927307E0,1.252250931E1
1.228608249E2,-1.004965164E1,-2.293081512E0,1.260364059E1
1.228708019E2,-9.943971405E0,-2.269430695E0,1.256681717E1
1.228807779E2,-1.001836670E1,-2.247725830E0,1.261816040E1
1.228907549E2,-1.008108627E1,-2.240241394E0,1.266725830E1
1.229007319E2,-1.002674927E1,-2.163151703E0,1.262399826E1
1.229107089E2,-9.983938293E0,-2.173330536E0,1.259450958E1
1.229206859E2,-1.003019211E1,-2.164947968E0,1.260977783E1
1.229306629E2,-1.008602600E1,-2.141446838E0,1.257190659E1
1.229406399E2,-1.013647110E1,-2.160008240E0,1.258448044E1
1.229506169E2,-1.017643799E1,-2.121987305E0,1.264779877E1
1.229605939E2,-1.012389725E1,-1.978435822E0,1.258208542E1
1.229705709E2,-1.010503647E1,-2.015558624E0,1.257954071E1
1.229805479E2,-1.014664993E1,-2.055675201E0,1.268941223E1
1.229905249E2,-1.015428406E1,-2.012115784E0,1.266291733E1
1.230005019E2,-1.018287460E1,-2.048190765E0,1.264270935E1
1.230104789E2,-1.027508286E1,-2.007176056E0,1.257310410E1
1.230204559E2,-1.021939865E1,-2.071542206E0,1.248119522E1
1.230304319E2,-1.016670822E1,-2.271825714E0,1.263253052E1
1.230404089E2,-1.014620087E1,-2.044897614E0,1.261037659E1
1.230503859E2,-1.015787659E1,-1.896855469E0,1.261920822E1
1.230603629E2,-1.018961060E1,-1.877395935E0,1.252685028E1
1.230703399E2,-9.990524597E0,-1.916614380E0,1.243374390E1
1.230803169E2,-1.006491989E1,-2.026485901E0,1.267519180E1
1.230902939E2,-1.026505371E1,-2.105820923E0,1.267893402E1
1.231002709E2,-1.010069550E1,-1.908980255E0,1.248299149E1
1.231102479E2,-1.004665787E1,-1.843266907E0,1.243943207E1
1.231202249E2,-1.014380585E1,-1.822160797E0,1.251592300E1
1.231302019E2,-1.020682480E1,-1.798809357E0,1.257804382E1
1.231401789E2,-9.998757477E0,-1.750010834E0,1.237566467E1
1.231501559E2,-1.016131943E1,-1.770368500E0,1.231189728E1
1.231601329E2,-9.799671478E0,-1.637444916E0,1.239407639E1
1.231701089E2,-1.022718246E1,-1.839225311E0,1.234662506E1
1.231800859E2,-1.012389725E1,-1.641187134E0,1.224693237E1
1.231900629E2,-9.898915100E0,-1.500330048E0,1.236189331E1
1.232000399E2,-1.017374359E1,-1.574425964E0,1.231653763E1
1.232100169E2,-1.006357269E1,-1.568887482E0,1.230995132E1
1.232199939E2,-1.018152740E1,-1.567839661E0,1.230126938E1
1.232299709E2,-1.016461258E1,-1.541344757E0,1.220681580E1
1.232399479E2,-9.980495453E0,-1.517693939E0,1.215681976E1
1.232499249E2,-1.028166916E1,-1.578916626E0,1.204799606E1
1.232599019E2,-9.986033936E0,-1.372346191E0,1.206101898E1
1.232698789E2,-1.003677841E1,-1.376687164E0,1.201581299E1
1.232798559E2,-1.001746857E1,-1.537602539E0,1.218870346E1
1.232898329E2,-9.835596771E0,-1.376238098E0,1.222373062E1
1.232998099E2,-9.873917084E0,-1.302291870E0,1.201057388E1
1.233097859E2,-9.738748169E0,-1.324894867E0,1.191597061E1
1.233197629E2,-1.009156448E1,-1.373244324E0,1.188767944E1
1.233297399E2,-1.002001328E1,-1.345851288E0,1.200069443E1
1.233397169E2,-9.752369843E0,-1.291065216E0,1.205607925E1
1.233496939E2,-9.726473694E0,-1.292412415E0,1.191177933E1
1.233596709E2,-9.724677429E0,-1.255139923E0,1.171808212E1
1.233696479E2,-9.731862488E0,-1.266815643E0,1.164159119E1
1.233796249E2,-9.697583771E0,-1.109941864E0,1.158276352E1
1.233896019E2,-9.606273651E0,-1.139729919E0,1.156689651E1
1.233995789E2,-9.674831085E0,-1.132544861E0,1.150761978E1
1.234095559E2,-9.612410889E0,-1.022673340E0,1.149759064E1
1.234195329E2,-9.734856262E0,-1.119222565E0,1.143142822E1
1.234295099E2,-9.740544434E0,-9.976753235E-1,1.118219650E1
1.234394869E2,-9.569450226E0,-9.380992126E-1,1.110061615E1
1.234494639E2,-9.816286926E0,-1.066681824E0,1.100062408E1
1.234594399E2,-9.652826843E0,-9.198371887E-1,1.078462326E1
1.234694169E2,-9.556277618E0,-9.957293701E-1,1.081276474E1
1.234793939E2,-9.789792023E0,-1.056952057E0,1.081022003E1
1.234893709E2,-9.609267426E0,-1.010099487E0,1.091724747E1
1.234993479E2,-9.685908051E0,-1.091979218E0,1.088701035E1
1.235093249E2,-9.564660187E0,-9.352551270E-1,1.072235275E1
1.235193019E2,-9.542057190E0,-9.758207703E-1,1.081426163E1
1.235292789E2,-9.737550659E0,-9.553134155E-1,1.065274750E1
1.235392559E2,-9.366921387E0,-7.789801025E-1,1.044692551E1
1.235492329E2,-9.370214539E0,-8.776249695E-1,1.041773621E1
1.235592099E2,-9.397757263E0,-7.761360168E-1,1.031175659E1
1.235691869E2,-9.308093719E0,-6.885681152E-1,1.031295410E1
1.235791639E2,-9.445507965E0,-6.833290100E-1,1.026176056E1
1.235891409E2,-9.234746246E0,-7.228468323E-1,1.043001068E1
1.235991179E2,-9.298813019E0,-8.159532166E-1,1.042806473E1
1.236090939E2,-9.242080994E0,-8.258326721E-1,1.031370255E1
1.236190709E2,-9.100774841E0,-8.303233337E-1,1.015742752E1
1.236290479E2,-9.213939514E0,-6.271957397E-1,9.748178558E0
1.236390249E2,-8.987460480E0,-5.334906006E-1,9.990374908E0
1.236490019E2,-8.989705811E0,-6.812333679E-1,1.010189301E1
1.236589789E2,-8.768914948E0,-5.287005615E-1,9.704918518E0
1.236689559E2,-8.926836548E0,-4.523593140E-1,1.004710693E1
1.236789329E2,-9.164542236E0,-5.878276062E-1,9.814640350E0
1.236889099E2,-8.862769775E0,-7.858657837E-1,9.960287476E0
1.236988869E2,-8.908424835E0,-6.854246521E-1,9.857750702E0
1.237088639E2,-8.802145844E0,-5.107379150E-1,9.750573578E0
1.237188409E2,-8.782985687E0,-4.779560852E-1,9.573940887E0
1.237288169E2,-8.530161438E0,-3.439846802E-1,9.098529510E0
1.237387939E2,-8.621770935E0,-2.282752991E-1,9.628726959E0
1.237487699E2,-8.728648682E0,-5.492079163E-1,9.432485046E0
1.237587469E2,-8.551117859E0,-3.745211792E-1,9.263935547E0
1.237687239E2,-8.402926025E0,-3.128494263E-1,9.374555511E0
1.237787009E2,-8.263266449E0,-8.786727905E-2,9.499994659E0
1.237886779E2,-8.272696838E0,-1.787283325E-1,9.217082977E0
1.237986549E2,-8.146808624E0,-1.981878662E-1,8.989855499E0
1.238086319E2,-8.438252563E0,-6.631210327E-2,9.025182037E0
1.238186089E2,-8.120613098E0,-6.990463257E-2,9.165739746E0
1.238285859E2,-8.299341431E0,-1.098715210E-1,9.090745697E0
1.238385629E2,-8.261769562E0,-4.400848389E-2,8.967252502E0
1.238485399E2,-7.975714417E0,-1.055305481E-1,9.034762115E0
1.238585169E2,-8.116122437E0,-1.484912109E-1,8.838370514E0
1.238684939E2,-7.835755463E0,-4.745132446E-2,8.765172729E0
1.238784709E2,-7.913294220E0,-1.531315613E-1,8.829239502E0
1.238884479E2,-8.015381927E0,-2.285746765E-1,8.742869110E0
1.238984249E2,-8.009693756E0,-1.679507446E-1,8.650960236E0
1.239084009E2,-7.802823944E0,-1.658551025E-1,8.589737549E0
1.239183779E2,-7.807314606E0,-1.553768921E-1,8.618777161E0
1.239283549E2,-7.710166626E0,-1.477427673E-1,8.601263580E0
1.239383319E2,-7.735014954E0,-1.987866211E-1,8.534652100E0
1.239483089E2,-7.613916779E0,-1.386117554E-1,8.285869446E0
1.239582859E2,-7.415878601E0,-3.832031250E-2,8.180638275E0
1.239682629E2,-7.565717010E0,1.137634277E-2,8.271050262E0
1.239782399E2,-7.495812378E0,1.469943237E-1,8.033045197E0
1.239882169E2,-7.414381714E0,1.179547119E-1,8.028255157E0
1.239981939E2,-7.497159576E0,1.276844788E-1,8.020022278E0
1.240081709E2,-7.333998871E0,1.380130005E-1,7.925419006E0
1.240181479E2,-7.334747314E0,1.059796143E-1,8.053253174E0
1.240281249E2,-7.304959259E0,-2.649490356E-2,7.959548035E0
1.240381019E2,-7.285350037E0,4.505630493E-2,7.840545502E0
1.240480789E2,-7.262148285E0,4.580474854E-2,7.957751770E0
1.240580549E2,-7.213200073E0,9.280700684E-3,7.912845154E0
1.240680319E2,-6.995103607E0,1.032852173E-1,7.681127014E0
1.240780089E2,-7.118746490E0,1.901046753E-1,7.666607208E0
1.240879859E2,-6.790179749E0,9.894424438E-2,7.620652771E0
1.240979629E2,-6.784341888E0,1.983375549E-1,7.502248993E0
1.241079399E2,-6.689289551E0,2.534230042E-1,7.382048950E0
1.241179169E2,-6.762637024E0,3.221301270E-1,7.464826813E0
1.241278939E2,-6.671626282E0,2.588117981E-1,7.451354828E0
1.241378709E2,-6.703809357E0,2.459385681E-1,7.482190704E0
1.241478479E2,-6.492299194E0,2.409988403E-1,7.244634705E0
1.241578249E2,-6.661447449E0,3.183879089E-1,7.260801086E0
1.241678019E2,-6.584058380E0,1.734892273E-1,7.273674316E0
1.241777789E2,-6.502028961E0,1.752854919E-1,7.235653381E0
1.241877559E2,-6.610852661E0,1.672023010E-1,7.179071045E0
1.241977329E2,-6.435716858E0,1.567240906E-1,7.181615753E0
1.242077099E2,-6.425388336E0,1.456471252E-1,7.017407227E0
1.242176859E2,-6.366710358E0,1.496887207E-1,6.911577301E0
1.242276629E2,-6.261179810E0,1.800755310E-1,7.031777344E0
1.242376399E2,-6.258784790E0,1.040336609E-1,6.914571075E0
1.242476169E2,-6.202501831E0,2.185455322E-2,6.897656250E0
1.242575939E2,-6.117029572E0,5.029541016E-2,6.760691071E0
1.242675709E2,-6.231391754E0,8.891510010E-2,6.930288391E0
1.242775479E2,-6.137985992E0,8.981323242E-4,6.763984222E0
1.242875249E2,-6.228397980E0,1.149609375E-1,6.766379242E0
1.242975019E2,-6.137985992E0,8.173004150E-2,6.848708038E0
1.243074789E2,-5.883664856E0,5.792953491E-2,6.668931885E0
1.243174559E2,-5.904321899E0,1.971400452E-1,6.712042236E0
1.243274329E2,-5.977070618E0,2.299218750E-1,6.695127411E0
1.243374099E2,-5.873935089E0,2.227368164E-1,6.616391144E0
1.243473869E2,-5.987997894E0,2.411485291E-1,6.561904449E0
1.243573639E2,-5.790708160E0,3.183879089E-1,6.519542542E0
1.243673409E2,-5.794749756E0,2.390528870E-1,6.615043945E0
1.243773169E2,-5.665418701E0,2.866539001E-1,6.667734375E0
1.243872939E2,-5.712121582E0,2.863545227E-1,6.571334839E0
1.243972709E2,-5.845045166E0,3.273692322E-1,6.517746277E0
1.244072479E2,-5.669759674E0,2.742297363E-1,6.514303436E0
1.244172249E2,-5.644911346E0,2.350112915E-1,6.454278259E0
1.244272019E2,-5.573360138E0,2.806663513E-1,6.441854095E0
1.244371789E2,-5.701493683E0,1.377136230E-1,6.226751404E0
1.244471559E2,-5.627248077E0,1.222956848E-1,6.221961365E0
1.244571329E2,-5.409450989E0,2.098635864E-1,6.348448334E0
1.244671099E2,-5.511089630E0,1.463955688E-1,6.336173859E0
1.244770869E2,-5.421276398E0,1.270857239E-1,6.249953156E0
1.244870639E2,-5.480553131E0,4.775070190E-2,6.207890625E0
1.244970409E2,-5.549409943E0,-3.517684937E-2,6.054309998E0
1.245070179E2,-5.334906006E0,3.517684937E-2,6.234984283E0
1.245169949E2,-5.369184723E0,-4.026626587E-2,6.207740936E0
1.245269719E2,-5.380261688E0,-5.209167480E-2,6.225404205E0
1.245369479E2,-5.317991180E0,-6.481521606E-2,6.235433350E0
1.245469249E2,-5.408552856E0,-7.783813477E-2,6.128405914E0
1.245569019E2,-5.379962311E0,-2.031275940E-1,6.257287903E0
1.245668789E2,-5.468727722E0,-1.892065430E-1,6.073619843E0
1.245768559E2,-5.406606903E0,-1.874102783E-1,6.072272644E0
1.245868329E2,-5.291795654E0,-2.656974792E-1,6.040239258E0
1.245968099E2,-5.350323944E0,-2.754272461E-1,5.951473846E0
1.246067869E2,-5.263354797E0,-3.601510620E-1,6.061045990E0
1.246167639E2,-5.251379700E0,-3.793112183E-1,6.098168793E0
1.246267409E2,-5.280419312E0,-3.878434753E-1,6.043831787E0
1.246367179E2,-5.368286591E0,-4.001179504E-1,6.015690308E0
1.246466949E2,-5.368286591E0,-3.992198181E-1,6.038293304E0
1.246566719E2,-5.344336395E0,-3.885919189E-1,6.015091553E0
1.246666489E2,-5.257067871E0,-3.252735901E-1,6.024521942E0
1.246766259E2,-5.218597870E0,-3.698808289E-1,6.057303772E0
1.246866029E2,-5.176385651E0,-4.893324280E-1,6.038742371E0
1.246965799E2,-5.154381409E0,-5.430706787E-1,6.037395172E0
1.247065559E2,-5.182073822E0,-5.361849976E-1,6.029162292E0
1.247165329E2,-5.153782654E0,-5.551954651E-1,6.047873383E0
1.247265100E2,-5.134921875E0,-5.857319641E-1,6.042484589E0
1.247364870E2,-5.099894714E0,-5.822891235E-1,6.021378479E0
1.247464640E2,-5.091512146E0,-6.027964783E-1,6.018983459E0
1.247564410E2,-5.135370941E0,-6.644682312E-1,6.041287079E0
1.247664180E2,-5.163961487E0,-7.108717346E-1,6.077661438E0
1.247763950E2,-5.140759735E0,-6.932084656E-1,6.058351593E0
1.247863720E2,-5.079087982E0,-7.571255493E-1,6.086493073E0
1.247963490E2,-5.112917633E0,-8.286767578E-1,6.149811401E0
1.248063260E2,-5.201982422E0,-8.175997925E-1,6.219117279E0
1.248163030E2,-5.239703979E0,-7.996371460E-1,6.249653778E0
1.248262800E2,-5.313799896E0,-8.162525940E-1,6.260880432E0
1.248362570E2,-5.344635773E0,-9.039701843E-1,6.294710083E0
1.248462340E2,-5.350174255E0,-8.650511169E-1,6.267017670E0
1.248562110E2,-5.238207092E0,-8.083190918E-1,6.200555878E0
1.248661880E2,-5.168003082E0,-8.137078857E-1,6.139931946E0
1.248761650E2,-5.155429230E0,-8.904981995E-1,6.145320740E0
1.248861410E2,-5.209616547E0,-8.610095215E-1,6.189329224E0
1.248961180E2,-5.231171722E0,-8.060737610E-1,6.218368835E0
1.249060950E2,-5.235063629E0,-8.791218567E-1,6.271807709E0
1.249160720E2,-5.276677094E0,-9.723779297E-1,6.331683197E0
1.249260490E2,-5.327122192E0,-1.004261627E0,6.436465302E0
1.249360260E2,-5.431754608E0,-9.096583557E-1,6.496939545E0
1.249460030E2,-5.444627838E0,-9.683363342E-1,6.514902191E0
1.249559800E2,-5.484445038E0,-1.106199646E0,6.587052155E0
1.249659570E2,-5.551056519E0,-1.061143341E0,6.649322662E0
1.249759340E2,-5.351072388E0,-1.040635986E0,6.573879547E0
1.249859110E2,-5.325026550E0,-1.038839722E0,6.557264099E0
1.249958880E2,-5.361400909E0,-1.147064667E0,6.616241455E0
1.250058650E2,-5.392386475E0,-1.175954590E0,6.681356049E0
1.250158420E2,-5.374274139E0,-1.085841980E0,6.694079590E0
1.250258190E2,-5.318290558E0,-1.169517975E0,6.734794922E0
1.250357960E2,-5.415887604E0,-1.347348175E0,6.901548157E0
1.250457720E2,-5.488336945E0,-1.350192261E0,7.027136993E0
1.250557490E2,-5.469476166E0,-1.195114746E0,7.027735748E0
1.250657260E2,-5.472769318E0,-1.197958832E0,7.004533997E0
1.250757030E2,-5.524411926E0,-1.386865997E0,7.025490417E0
1.250856800E2,-5.498216400E0,-1.368454285E0,6.999594269E0
1.250956570E2,-5.489534454E0,-1.182690582E0,6.996899872E0
1.251056340E2,-5.538482666E0,-1.278042297E0,7.035070496E0
1.251156110E2,-5.557792511E0,-1.531914368E0,7.122488708E0
1.251255880E2,-5.606141968E0,-1.475481720E0,7.150929565E0
1.251355650E2,-5.640420685E0,-1.309177551E0,7.163353729E0
1.251455420E2,-5.680387573E0,-1.447040863E0,7.231462097E0
1.251555190E2,-5.825885010E0,-1.551972656E0,7.310348053E0
1.251654960E2,-5.752238159E0,-1.376836853E0,7.319628754E0
1.251754730E2,-5.767506409E0,-1.288520508E0,7.344926147E0
1.251854500E2,-5.857918396E0,-1.501976624E0,7.435188446E0
1.251954270E2,-5.880671082E0,-1.589245148E0,7.526049500E0
1.252054040E2,-5.976621552E0,-1.332379303E0,7.553143158E0
1.252153810E2,-5.935008087E0,-1.245110779E0,7.466024323E0
1.252253580E2,-5.898633728E0,-1.513652344E0,7.504344635E0
1.252353340E2,-6.048921204E0,-1.551972656E0,7.628586273E0
1.252453110E2,-6.066434784E0,-1.338815918E0,7.719597015E0
1.252552880E2,-6.056405640E0,-1.359622650E0,7.726333008E0
1.252652650E2,-6.144572296E0,-1.502276001E0,7.771239624E0
1.252752420E2,-6.123017120E0,-1.516047363E0,7.830666046E0
1.252852190E2,-6.179898834E0,-1.384920044E0,7.832312622E0
1.252951960E2,-6.155649261E0,-1.508113861E0,7.831564178E0
1.253051730E2,-6.262077942E0,-1.682800598E0,7.942034454E0
1.253151500E2,-6.345604248E0,-1.611548767E0,8.069868622E0
1.253251270E2,-6.251899109E0,-1.480122070E0,8.009544067E0
1.253351040E2,-6.232439575E0,-1.554517365E0,7.950566711E0
1.253450810E2,-6.309379578E0,-1.622625732E0,7.968978424E0
1.253550580E2,-6.332132263E0,-1.515298920E0,8.090825043E0
1.253650350E2,-6.400090942E0,-1.416504364E0,8.162226562E0
1.253750120E2,-6.455924835E0,-1.466051331E0,8.162076874E0
1.253849890E2,-6.453529816E0,-1.527423706E0,8.208330688E0
1.253949660E2,-6.523883514E0,-1.541344757E0,8.323890381E0
1.254049430E2,-6.579418030E0,-1.531315613E0,8.427025909E0
1.254149190E2,-6.616391144E0,-1.627415771E0,8.450826416E0
1.254248960E2,-6.671775970E0,-1.663490753E0,8.464448090E0
1.254348730E2,-6.694828033E0,-1.569186859E0,8.516090698E0
1.254448500E2,-6.631210327E0,-1.580114136E0,8.529862061E0
1.254548270E2,-6.638694763E0,-1.570534058E0,8.512348480E0
1.254648040E2,-6.591991882E0,-1.456770630E0,8.558153229E0
1.254747810E2,-6.645430756E0,-1.429227905E0,8.650211792E0
1.254847580E2,-6.720275116E0,-1.488654327E0,8.723110199E0
1.254947350E2,-6.623875580E0,-1.535656586E0,8.810229034E0
1.255047120E2,-6.743626556E0,-1.522933044E0,8.918753357E0
1.255146890E2,-6.856791229E0,-1.512903900E0,9.003028107E0
1.255246660E2,-6.861581268E0,-1.578916626E0,9.046587524E0
1.255346430E2,-6.909481659E0,-1.503772888E0,9.020391998E0
1.255446200E2,-6.879543915E0,-1.403481445E0,9.076674957E0
1.255545970E2,-6.934928741E0,-1.550326080E0,9.188043365E0
1.255645740E2,-6.979835358E0,-1.617386627E0,9.178463287E0
1.255745510E2,-6.932234344E0,-1.497935028E0,9.156009979E0
1.255845280E2,-7.008126526E0,-1.482217712E0,9.207652588E0
1.255945050E2,-7.087012482E0,-1.643432465E0,9.279203796E0
1.256044810E2,-7.140002289E0,-1.628912659E0,9.316775665E0
1.256144580E2,-7.194638672E0,-1.498384094E0,9.299561462E0
1.256244350E2,-7.194638672E0,-1.525926819E0,9.314230957E0
1.256344120E2,-7.282655640E0,-1.705104218E0,9.396260376E0
1.256443890E2,-7.355104980E0,-1.698817291E0,9.445058899E0
1.256543660E2,-7.367529144E0,-1.559756470E0,9.471104736E0
1.256643430E2,-7.458988953E0,-1.628014526E0,9.575886841E0
1.256743200E2,-7.586374054E0,-1.741478577E0,9.631870422E0
1.256842970E2,-7.586224365E0,-1.655856628E0,9.685309296E0
1.256942740E2,-7.544910278E0,-1.563947754E0,9.714049530E0
1.257042510E2,-7.574997711E0,-1.670675812E0,9.730066223E0
1.257142280E2,-7.652386780E0,-1.777403870E0,9.867779846E0
1.257242053E2,-7.676636353E0,-1.656006317E0,9.920619965E0
1.257341823E2,-7.541018372E0,-1.536105652E0,9.897717590E0
1.257441593E2,-7.615862732E0,-1.636247406E0,9.939331055E0
1.257541363E2,-7.738757172E0,-1.658101959E0,1.000788849E1
1.257641133E2,-7.730374603E0,-1.503024445E0,1.005084915E1
1.257740903E2,-7.760911102E0,-1.480720825E0,1.005803421E1
1.257840673E2,-7.792944489E0,-1.565594330E0,1.011671219E1
1.257940433E2,-7.806566162E0,-1.595532074E0,1.020158569E1
1.258040203E2,-7.816445618E0,-1.554217987E0,1.023751099E1
1.258139973E2,-7.872728577E0,-1.497485962E0,1.028900391E1
1.258239743E2,-7.889942780E0,-1.552122345E0,1.034124527E1
1.258339513E2,-7.962242432E0,-1.550026703E0,1.033241364E1
1.258439283E2,-7.966433716E0,-1.455722809E0,1.026460464E1
1.258539053E2,-7.981701965E0,-1.447040863E0,1.021805145E1
1.258638823E2,-8.050109711E0,-1.488654327E0,1.027957352E1
1.258738593E2,-8.111182709E0,-1.473236389E0,1.039019348E1
1.258838363E2,-8.158035278E0,-1.442250824E0,1.041384430E1
1.258938133E2,-8.138875122E0,-1.484313354E0,1.043255539E1
1.259037903E2,-8.160729675E0,-1.585652618E0,1.056323364E1
1.259137673E2,-8.300838318E0,-1.612746277E0,1.068148773E1
1.259237443E2,-8.300838318E0,-1.498084717E0,1.065828598E1
1.259337213E2,-8.303682404E0,-1.427281952E0,1.062655197E1
1.259436983E2,-8.373287659E0,-1.444945221E0,1.058703415E1
1.259536753E2,-8.408015442E0,-1.443448334E0,1.059391983E1
1.259636523E2,-8.491841125E0,-1.430575104E0,1.065753754E1
1.259736293E2,-8.500972137E0,-1.425485687E0,1.069660629E1
1.259836063E2,-8.505762177E0,-1.526375885E0,1.080363373E1
1.259935833E2,-8.616082764E0,-1.613045654E0,1.088955505E1
1.260035593E2,-8.571325836E0,-1.641486511E0,1.094987961E1
1.260135363E2,-8.561596069E0,-1.700164490E0,1.097637451E1
1.260235133E2,-8.628357239E0,-1.727258148E0,1.100107315E1
1.260334903E2,-8.667875061E0,-1.697320404E0,1.098819992E1
1.260434673E2,-8.644972687E0,-1.652713165E0,1.092727661E1
1.260534443E2,-8.617579651E0,-1.614243164E0,1.087608307E1
1.260634213E2,-8.686586151E0,-1.688937836E0,1.093775482E1
1.260733983E2,-8.731193390E0,-1.690285034E0,1.095032867E1
1.260833753E2,-8.674311676E0,-1.653162231E0,1.092278595E1
1.260933523E2,-8.755892029E0,-1.628014526E0,1.087353836E1
1.261033293E2,-8.833730164E0,-1.628463593E0,1.089389603E1
1.261133063E2,-8.865164795E0,-1.671573944E0,1.092787537E1
1.261232833E2,-8.898545380E0,-1.636546783E0,1.094688583E1
1.261332603E2,-8.947343903E0,-1.565893707E0,1.104508163E1
1.261432373E2,-9.027127991E0,-1.560205536E0,1.105047043E1
1.261532143E2,-9.027726746E0,-1.489253082E0,1.100346817E1
1.261631913E2,-9.013057251E0,-1.430575104E0,1.097951797E1
1.261731683E2,-9.085656281E0,-1.395697632E0,1.102666992E1
1.261831453E2,-9.125174103E0,-1.406475220E0,1.116662888E1
1.261931223E2,-9.116043091E0,-1.404080200E0,1.121662491E1
1.262030983E2,-9.101223907E0,-1.373244324E0,1.122276215E1
1.262130753E2,-9.163045349E0,-1.351240082E0,1.125704086E1
1.262230523E2,-9.163793793E0,-1.347348175E0,1.128368546E1
1.262330293E2,-9.110354919E0,-1.381626892E0,1.136122421E1
1.262430063E2,-9.123078461E0,-1.437909851E0,1.144519958E1
1.262529833E2,-9.150471497E0,-1.519190826E0,1.148471741E1
1.262629603E2,-9.188043365E0,-1.589095459E0,1.148157394E1
1.262729373E2,-9.191486206E0,-1.637594604E0,1.141361526E1
1.262829143E2,-9.180708618E0,-1.774410095E0,1.149265091E1
1.262928913E2,-9.329050140E0,-1.880539398E0,1.149100433E1
1.263028683E2,-9.273515625E0,-1.892664185E0,1.133457962E1
1.263128453E2,-9.207951965E0,-1.952539673E0,1.129027176E1
1.263228223E2,-9.294322357E0,-2.010469208E0,1.126632156E1
1.263327993E2,-9.240135040E0,-1.882635040E0,1.120300323E1
1.263427763E2,-9.169332275E0,-1.833986206E0,1.112157257E1
1.263527533E2,-9.195228424E0,-1.761536865E0,1.108100693E1
1.263627303E2,-9.190887451E0,-1.649270325E0,1.114567245E1
1.263727073E2,-9.302255859E0,-1.622476044E0,1.114986374E1
1.263826843E2,-9.338630219E0,-1.567989349E0,1.108998825E1
1.263926613E2,-9.290280762E0,-1.589993591E0,1.111558502E1
1.264026383E2,-9.346414032E0,-1.665436707E0,1.113998428E1
1.264126143E2,-9.293723602E0,-1.638193359E0,1.118893250E1
1.264225913E2,-9.330846405E0,-1.647474060E0,1.127724884E1
1.264325683E2,-9.457033997E0,-1.617087250E0,1.123638382E1
1.264425453E2,-9.334888000E0,-1.539548492E0,1.120929016E1
1.264525223E2,-9.318422241E0,-1.530716858E0,1.120464981E1
1.264624993E2,-9.375603333E0,-1.503323822E0,1.119312378E1
1.264724763E2,-9.320068817E0,-1.463656311E0,1.119971008E1
1.264824533E2,-9.262438660E0,-1.548080750E0,1.122171432E1
1.264924303E2,-9.256600800E0,-1.541045380E0,1.117785553E1
1.265024073E2,-9.223369904E0,-1.577270050E0,1.118354370E1
1.265123843E2,-9.305998077E0,-1.703158264E0,1.120943985E1
1.265223613E2,-9.208251343E0,-1.705104218E0,1.120120697E1
1.265323383E2,-9.212592316E0,-1.716480560E0,1.130973129E1
1.265423153E2,-9.339678040E0,-1.723216553E0,1.123383911E1
1.265522923E2,-9.264534302E0,-1.698517914E0,1.115285751E1
1.265622693E2,-9.278754730E0,-1.805844727E0,1.115300720E1
1.265722463E2,-9.266031189E0,-1.748813324E0,1.111289062E1
1.265822233E2,-9.188043365E0,-1.636995850E0,1.105750580E1
1.265922003E2,-9.196276245E0,-1.684746552E0,1.099942657E1
1.266021773E2,-9.072034607E0,-1.660197601E0,1.096619568E1
1.266121543E2,-9.115594025E0,-1.673968964E0,1.105466171E1
1.266221313E2,-9.252110138E0,-1.668879547E0,1.101888611E1
1.266321083E2,-9.115893402E0,-1.612147522E0,1.090377548E1
1.266420843E2,-9.089099121E0,-1.662442932E0,1.082923050E1
1.266520613E2,-9.082512817E0,-1.654808807E0,1.075603271E1
1.266620383E2,-9.042994995E0,-1.639839935E0,1.070753357E1
1.266720153E2,-9.103020172E0,-1.691183167E0,1.060454773E1
1.266819923E2,-9.058113556E0,-1.597927094E0,1.052626053E1
1.266919693E2,-9.113797760E0,-1.573976898E0,1.058733353E1
1.267019463E2,-9.324110413E0,-1.606908417E0,1.045470932E1
1.267119233E2,-9.212891693E0,-1.531914368E0,1.032897079E1
1.267219003E2,-9.220825195E0,-1.527423706E0,1.032642609E1
1.267318773E2,-9.264534302E0,-1.546134796E0,1.023481659E1
1.267418543E2,-9.165140991E0,-1.488504639E0,1.015413437E1
1.267518313E2,-9.166488190E0,-1.543290710E0,1.017464172E1
1.267618083E2,-9.189240875E0,-1.534309387E0,1.016371445E1
1.267717853E2,-9.191486206E0,-1.526525574E0,1.016805542E1
1.267817623E2,-9.234596558E0,-1.655557251E0,1.021535706E1
1.267917393E2,-9.295519867E0,-1.661245422E0,1.018706589E1
1.268017163E2,-9.279952240E0,-1.670376434E0,1.019529877E1
1.268116933E2,-9.291029205E0,-1.774410095E0,1.015623001E1
1.268216703E2,-9.136251068E0,-1.773511963E0,1.003573059E1
1.268316473E2,-9.114246826E0,-1.770967255E0,1.006941055E1
1.268416243E2,-9.199419708E0,-1.815424805E0,1.004171814E1
1.268516013E2,-9.144184570E0,-1.846410370E0,1.000100281E1
1.268615773E2,-9.091045074E0,-1.784289551E0,9.880503387E0
1.268715543E2,-8.958420868E0,-1.746118927E0,9.758956146E0
1.268815313E2,-8.857680359E0,-1.771116943E0,9.748477936E0
1.268915083E2,-8.734636230E0,-1.904489594E0,9.818681946E0
1.269014853E2,-8.820108490E0,-1.935924225E0,9.920021210E0
1.269114623E2,-8.932674408E0,-1.881587219E0,9.889634399E0
1.269214393E2,-8.740623779E0,-1.895059204E0,9.840087433E0
1.269314163E2,-8.744964752E0,-1.860181732E0,9.710457001E0
1.269413933E2,-8.598718872E0,-1.766626282E0,9.614506531E0
1.269513703E2,-8.656349030E0,-1.736987915E0,9.697583771E0
1.269613473E2,-8.777297516E0,-1.733994141E0,9.777218170E0
1.269713243E2,-8.721912689E0,-1.644629974E0,9.752369843E0
1.269813013E2,-8.769364014E0,-1.617087250E0,9.640552368E0
1.269912783E2,-8.621770935E0,-1.594484253E0,9.500443726E0
1.270012553E2,-8.473878479E0,-1.697320404E0,9.474996643E0
1.270112323E2,-8.650511169E0,-1.725162506E0,9.568701782E0
1.270212093E2,-8.688083038E0,-1.626068573E0,9.539362793E0
1.270311863E2,-8.644822998E0,-1.601669312E0,9.417366486E0
1.270411633E2,-8.625213776E0,-1.602866821E0,9.320517883E0
1.270511403E2,-8.516390076E0,-1.593436432E0,9.277108154E0
1.270611173E2,-8.515491943E0,-1.586550751E0,9.251960449E0
1.270710943E2,-8.508157196E0,-1.672172699E0,9.217382355E0
1.270810713E2,-8.472680969E0,-1.764081573E0,9.293723602E0
1.270910473E2,-8.495882721E0,-1.768572235E0,9.298513641E0
1.271010243E2,-8.414601746E0,-1.740879822E0,9.210646362E0
1.271110013E2,-8.327632599E0,-1.775757294E0,9.119036865E0
1.271209783E2,-8.228688354E0,-1.792522430E0,9.115893402E0
1.271309553E2,-8.197104034E0,-1.760489044E0,9.155261536E0
1.271409323E2,-8.272996216E0,-1.775308228E0,9.211544495E0
1.271509093E2,-8.297545166E0,-1.765279083E0,9.165140991E0
1.271608863E2,-8.213869171E0,-1.668879547E0,9.074579315E0
1.271708633E2,-8.186476135E0,-1.640887756E0,8.984017639E0
1.271808403E2,-8.186027069E0,-1.606609039E0,8.959468689E0
1.271908173E2,-8.162376251E0,-1.633253632E0,9.004225616E0
1.272007943E2,-8.212671661E0,-1.626667328E0,8.997639313E0
1.272107713E2,-8.193361816E0,-1.499132538E0,8.899293823E0
1.272207483E2,-8.072113953E0,-1.423240356E0,8.732091522E0
1.272307253E2,-8.062982941E0,-1.382824402E0,8.582253113E0
1.272407023E2,-7.959398346E0,-1.438358917E0,8.669222260E0
1.272506793E2,-7.962990875E0,-1.470691681E0,8.829089813E0
1.272606563E2,-7.916138306E0,-1.466500397E0,8.670569458E0
1.272706333E2,-7.824678497E0,-1.379381561E0,8.557853851E0
1.272806103E2,-7.804769897E0,-1.393751678E0,8.558751984E0
1.272905873E2,-7.789501648E0,-1.389859772E0,8.546926575E0
1.273005643E2,-7.849676514E0,-1.412013702E0,8.458310852E0
1.273105413E2,-8.037086792E0,-1.398541718E0,8.352630615E0
1.273205183E2,-7.919281769E0,-1.394649811E0,8.307574310E0
1.273304953E2,-7.952961731E0,-1.418001251E0,8.299191742E0
1.273404713E2,-7.952812042E0,-1.473386078E0,8.267906799E0
1.273504483E2,-8.023315430E0,-1.532812500E0,8.231532440E0
1.273604253E2,-8.082592163E0,-1.549877014E0,8.321046295E0
1.273704023E2,-8.017926636E0,-1.629361725E0,8.384963379E0
1.273803793E2,-8.059989166E0,-1.600771179E0,8.272247772E0
1.273903563E2,-7.906109161E0,-1.480571136E0,8.138725433E0
1.274003333E2,-7.752827911E0,-1.428329773E0,8.068970490E0
1.274103103E2,-7.652686157E0,-1.437311096E0,7.995024261E0
1.274202873E2,-7.554640045E0,-1.394200745E0,7.880213013E0
1.274302643E2,-7.498656464E0,-1.367256775E0,7.799979858E0
1.274402413E2,-7.479945374E0,-1.381177826E0,7.803871765E0
1.274502183E2,-7.420968018E0,-1.394350433E0,7.959847412E0
1.274601953E2,-7.498057709E0,-1.412163391E0,7.986042938E0
1.274701723E2,-7.463180237E0,-1.379980316E0,7.862998810E0
1.274801493E2,-7.382348328E0,-1.347797241E0,7.838898926E0
1.274901263E2,-7.429949341E0,-1.437460785E0,7.925419006E0
1.275001033E2,-7.502398682E0,-1.408421173E0,7.990084534E0
1.275100803E2,-7.513026581E0,-1.260229340E0,7.848778381E0
1.275200573E2,-7.405101013E0,-1.212179260E0,7.647297363E0
1.275300343E2,-7.321275330E0,-1.267863464E0,7.633526001E0
1.275400113E2,-7.376510468E0,-1.237626343E0,7.699389038E0
1.275499883E2,-7.350764008E0,-1.196162567E0,7.633526001E0
1.275599653E2,-7.330705719E0,-1.154100037E0,7.514224091E0
1.275699423E2,-7.281458130E0,-1.168470154E0,7.449408875E0
1.275799193E2,-7.176526337E0,-1.207987976E0,7.453001404E0
1.275898953E2,-7.204967194E0,-1.189127197E0,7.497608643E0
1.275998723E2,-7.265591125E0,-1.156195679E0,7.520960083E0
1.276098493E2,-7.250472565E0,-1.154100037E0,7.481292572E0
1.276198263E2,-7.133865051E0,-1.157991943E0,7.410190430E0
1.276298033E2,-7.036417694E0,-1.135987701E0,7.392527161E0
1.276397803E2,-7.069498901E0,-1.112037506E0,7.413633270E0
1.276497573E2,-7.185956726E0,-1.182989960E0,7.336842957E0
1.276597343E2,-6.937174072E0,-1.163530426E0,7.406148834E0
1.276697113E2,-6.936575317E0,-1.072819061E0,7.463778992E0
1.276796883E2,-7.015910339E0,-1.149459686E0,7.424859924E0
1.276896653E2,-6.972051544E0,-1.201551361E0,7.410190430E0
1.276996423E2,-6.920408936E0,-1.133592682E0,7.387737122E0
1.277096193E2,-6.928342438E0,-1.068777466E0,7.336393890E0
1.277195963E2,-6.793023834E0,-1.123114471E0,7.244185638E0
1.277295733E2,-6.819668427E0,-1.152603149E0,7.266040192E0
1.277395503E2,-6.819369049E0,-1.119222565E0,7.246730347E0
1.277495273E2,-6.768923950E0,-1.045575714E0,7.191644897E0
1.277595043E2,-6.800358582E0,-1.002914429E0,7.098987579E0
1.277694813E2,-6.705006866E0,-1.072819061E0,7.060068512E0
1.277794583E2,-6.697522430E0,-1.083896027E0,7.139553223E0
1.277894353E2,-6.773264923E0,-1.019679565E0,7.191644897E0
1.277994123E2,-6.826853485E0,-1.001417542E0,7.157815247E0
1.278093893E2,-6.881040802E0,-9.675878906E-1,7.082671509E0
1.278193663E2,-6.713239746E0,-1.002615051E0,6.999594269E0
1.278293433E2,-6.738537140E0,-9.665400696E-1,7.059918823E0
1.278393203E2,-6.772516479E0,-9.467811584E-1,7.078779602E0
1.278492963E2,-6.708150330E0,-9.518705750E-1,7.024143219E0
1.278592733E2,-6.689289551E0,-9.178912354E-1,7.011419678E0
1.278692503E2,-6.620133362E0,-9.235794067E-1,7.018155670E0
1.278792273E2,-6.633455658E0,-9.404942322E-1,7.076983337E0
1.278892043E2,-6.617588654E0,-9.589059448E-1,7.068750458E0
1.278991813E2,-6.517297211E0,-9.189390564E-1,7.034920807E0
1.279091583E2,-6.490802307E0,-9.404942322E-1,7.076683960E0
1.279191353E2,-6.566544800E0,-9.689350891E-1,7.087162170E0
1.279291123E2,-6.422693939E0,-9.937834167E-1,7.091802521E0
1.279390893E2,-6.333629150E0,-9.439370728E-1,7.112459564E0
1.279490663E2,-6.384523315E0,-9.921368408E-1,7.086413727E0
1.279590433E2,-6.450685730E0,-9.452842712E-1,7.108118591E0
1.279690203E2,-6.369853821E0,-8.713380432E-1,7.100185089E0
1.279789973E2,-6.203100586E0,-9.309141541E-1,7.053033142E0
1.279889743E2,-6.343358917E0,-9.113049316E-1,7.040908356E0
1.279989513E2,-6.354435883E0,-8.443940735E-1,7.075336761E0
1.280089283E2,-6.277196503E0,-8.220904541E-1,7.038363647E0
1.280189053E2,-6.287075958E0,-8.416996765E-1,7.011868744E0
1.280288823E2,-6.339766388E0,-8.635542297E-1,7.037315826E0
1.280388593E2,-6.333778839E0,-8.557704163E-1,7.054380341E0
1.280488363E2,-6.319408722E0,-8.002359009E-1,7.044201508E0
1.280588133E2,-6.336772614E0,-7.620652771E-1,6.979236603E0
1.280687903E2,-6.335575104E0,-7.426057434E-1,6.954388275E0
1.280787673E2,-6.278693390E0,-7.442523193E-1,6.933282166E0
1.280887443E2,-6.170318756E0,-7.574249268E-1,6.940167847E0
1.280987213E2,-6.232888641E0,-7.265890503E-1,6.967860260E0
1.281086983E2,-6.289171600E0,-7.086264038E-1,6.964567108E0
1.281186743E2,-6.195616150E0,-7.782316589E-1,6.972051544E0
1.281286513E2,-6.287075958E0,-7.701484680E-1,7.054530029E0
1.281386283E2,-6.223757629E0,-7.894583130E-1,7.058272247E0
1.281486053E2,-6.151308289E0,-7.689509583E-1,7.063361664E0
1.281585823E2,-6.135890350E0,-8.024812317E-1,7.062463531E0
1.281685593E2,-6.165079651E0,-8.461903381E-1,7.121590576E0
1.281785363E2,-6.239474945E0,-8.114625549E-1,7.212152252E0
1.281885133E2,-6.177803192E0,-7.993377686E-1,7.175328827E0
1.281984903E2,-6.086044006E0,-7.673043823E-1,7.106322327E0
1.282084673E2,-6.107299805E0,-7.876620483E-1,7.119794312E0
1.282184443E2,-6.008505249E0,-8.403524780E-1,7.101532288E0
1.282284213E2,-5.980363770E0,-8.075706482E-1,7.104376373E0
1.282383983E2,-6.136788483E0,-7.173083496E-1,7.108717346E0
1.282483753E2,-6.164780273E0,-7.291337585E-1,7.151678009E0
1.282583523E2,-6.155349884E0,-7.661068726E-1,7.083120575E0
1.282683293E2,-6.075116730E0,-8.542735291E-1,6.981631622E0
1.282783063E2,-5.822891235E0,-7.131170654E-1,7.180867310E0
1.282882833E2,-5.997278595E0,-7.288343811E-1,7.295528870E0
1.282982603E2,-6.239474945E0,-7.803273010E-1,7.183711395E0
1.283082373E2,-5.909261627E0,-5.800437927E-1,7.322323151E0
1.283182143E2,-6.202352142E0,-6.556365967E-1,7.224277039E0
1.283281913E2,-6.011049957E0,-6.620732117E-1,7.323071594E0
1.283381683E2,-5.950875092E0,-6.626719666E-1,7.372618561E0
1.283481453E2,-5.998476105E0,-5.971083069E-1,7.298073578E0
1.283581223E2,-5.948929138E0,-5.595364380E-1,7.318880310E0
1.283680993E2,-6.054609375E0,-6.548881531E-1,7.381001129E0
1.283780763E2,-6.084846497E0,-6.822811890E-1,7.425009613E0
1.283880533E2,-6.044729919E0,-6.116281128E-1,7.449109497E0
1.283980303E2,-6.199957123E0,-6.310876465E-1,7.519612885E0
1.284080073E2,-6.055208130E0,-7.430548096E-1,7.393574982E0
1.284179833E2,-6.116131439E0,-5.932164001E-1,7.303013306E0
1.284279603E2,-6.103707275E0,-5.192701721E-1,7.356302490E0
1.284379373E2,-5.979315948E0,-6.872209167E-1,7.423063660E0
1.284479143E2,-6.105952606E0,-7.622149658E-1,7.419022064E0
1.284578913E2,-6.161187744E0,-6.361770630E-1,7.361242218E0
1.284678683E2,-6.090235291E0,-6.297404480E-1,7.406597900E0
1.284778453E2,-6.198310547E0,-7.457492065E-1,7.548203430E0
1.284878223E2,-6.316714325E0,-7.601193237E-1,7.667355652E0
1.284977993E2,-6.337521057E0,-6.738986206E-1,7.748786316E0
1.285077763E2,-6.240822144E0,-6.629713440E-1,7.772287445E0
1.285177533E2,-6.018085327E0,-7.102729797E-1,7.823480988E0
1.285277303E2,-6.056555328E0,-6.908134460E-1,7.950716400E0
1.285377073E2,-6.277645569E0,-7.008425903E-1,7.863747253E0
1.285476843E2,-5.885012054E0,-5.083428955E-1,8.130193176E0
1.285576613E2,-6.065237274E0,-5.836363220E-1,7.961044922E0
1.285676383E2,-6.017935638E0,-6.337820435E-1,7.876021729E0
1.285776153E2,-5.811215515E0,-4.965174866E-1,8.050858154E0
1.285875923E2,-5.847140808E0,-5.020559692E-1,8.148455200E0
1.285975693E2,-5.839806061E0,-5.812413025E-1,8.170908508E0
1.286075463E2,-5.930517426E0,-5.587879944E-1,8.216713257E0
1.286175233E2,-5.922284546E0,-5.548960876E-1,8.277935944E0
1.286275003E2,-5.908962250E0,-5.230123901E-1,8.265212402E0
1.286374773E2,-5.893394623E0,-5.040019226E-1,8.340505829E0
1.286474543E2,-6.001619568E0,-4.728666687E-1,8.241262207E0
1.286574313E2,-6.016438751E0,-4.647834778E-1,8.339308319E0
1.286674083E2,-5.950426025E0,-4.652325439E-1,8.434360657E0
1.286773853E2,-5.968688049E0,-5.060975647E-1,8.427325287E0
1.286873623E2,-6.096522217E0,-4.909790039E-1,8.408614197E0
1.286973393E2,-6.073769531E0,-4.424798584E-1,8.396339722E0
1.287073163E2,-6.027665405E0,-4.977149963E-1,8.366851044E0
1.287172933E2,-6.171665955E0,-5.084925842E-1,8.401578827E0
1.287272700E2,-6.168522491E0,-4.827461243E-1,8.524323578E0
1.287372470E2,-6.187982025E0,-4.513114929E-1,8.595575409E0
1.287472240E2,-6.188281403E0,-4.484674072E-1,8.550219727E0
1.287572010E2,-6.195616150E0,-4.463717651E-1,8.583750000E0
1.287671780E2,-6.286477203E0,-4.258644104E-1,8.582253113E0
1.287771550E2,-6.298152924E0,-3.351530457E-1,8.523425446E0
1.287871320E2,-6.168073425E0,-2.704875183E-1,8.516390076E0
1.287971090E2,-6.182593231E0,-3.559597778E-1,8.608448639E0
1.288070860E2,-6.194119263E0,-4.363426208E-1,8.687184906E0
1.288170630E2,-6.277196503E0,-3.604504395E-1,8.673563232E0
1.288270400E2,-6.265071716E0,-3.635939026E-1,8.665180664E0
1.288370170E2,-6.333329773E0,-4.340972900E-1,8.736282806E0
1.288469940E2,-6.392007751E0,-4.818479919E-1,8.835376740E0
1.288569710E2,-6.289171600E0,-4.035607910E-1,8.802594910E0
1.288669480E2,-6.235433350E0,-4.291575623E-1,8.886121216E0
1.288769250E2,-6.461613007E0,-4.972659302E-1,8.908275146E0
1.288869020E2,-6.471941528E0,-4.581971741E-1,8.997789001E0
1.288968790E2,-6.459068298E0,-3.098556519E-1,8.839568024E0
1.289068560E2,-6.443650360E0,-3.013233948E-1,8.760083313E0
1.289168330E2,-6.457421722E0,-3.373983765E-1,8.894503784E0
1.289268100E2,-6.553521881E0,-3.288661194E-1,8.970845032E0
1.289367870E2,-6.545289001E0,-2.423460388E-1,8.988807678E0
1.289467640E2,-6.584507446E0,-2.511776733E-1,8.991951141E0
1.289567410E2,-6.754404144E0,-2.942880249E-1,9.205556946E0
1.289667180E2,-6.709946594E0,-2.728825378E-1,9.155111847E0
1.289766950E2,-6.510112152E0,-2.835104370E-1,9.151219940E0
1.289866720E2,-6.636748810E0,-2.642005920E-1,9.161698151E0
1.289966490E2,-6.749165039E0,-2.908451843E-1,9.246421967E0
1.290066260E2,-6.788533173E0,-3.435356140E-1,9.241482239E0
1.290166030E2,-6.759493561E0,-2.475851440E-1,9.156908112E0
1.290265800E2,-6.622229004E0,-3.746708679E-1,9.333241425E0
1.290365570E2,-6.783593445E0,-4.442761230E-1,9.303752747E0
1.290465340E2,-6.756350098E0,-3.426374817E-1,9.219927063E0
1.290565110E2,-6.866970062E0,-2.157014465E-1,9.191785583E0
1.290664880E2,-7.004533997E0,-2.489323425E-1,9.341773682E0
1.290764650E2,-6.702462158E0,-3.703298950E-1,9.510622559E0
1.290864410E2,-6.949298859E0,-2.552192688E-1,9.225764923E0
1.290964180E2,-6.970255280E0,-2.770738220E-1,9.204658813E0
1.291063950E2,-6.997498627E0,-2.574645996E-1,9.155560913E0
1.291163720E2,-7.042704620E0,-2.733316040E-1,9.574689331E0
1.291263490E2,-6.990762634E0,-3.616479492E-1,9.677675171E0
1.291363260E2,-7.136110382E0,-4.077520752E-1,9.603130188E0
1.291463030E2,-7.222929840E0,-3.366499329E-1,9.468859406E0
1.291562800E2,-7.101232910E0,-3.474275208E-1,9.436975708E0
1.291662570E2,-7.184010773E0,-2.426454163E-1,9.593101044E0
1.291762340E2,-7.295678558E0,-2.652484131E-1,9.563762054E0
1.291862110E2,-7.189399567E0,-3.736230469E-1,9.588011627E0
1.291961880E2,-7.191644897E0,-4.987628174E-1,9.632918243E0
1.292061650E2,-7.397466888E0,-5.628295898E-1,9.804611206E0
1.292161420E2,-7.446864166E0,-6.364764404E-1,9.803862762E0
1.292261190E2,-7.310048676E0,-6.836283875E-1,9.949659576E0
1.292360960E2,-7.383695526E0,-6.849755859E-1,1.014200958E1
1.292460730E2,-7.535180511E0,-6.831793213E-1,1.010398865E1
1.292560500E2,-7.594756622E0,-4.025129700E-1,9.764943695E0
1.292660270E2,-7.345225525E0,-3.251239014E-1,9.550739136E0
1.292760040E2,-7.371421051E0,-2.655477905E-1,9.701775055E0
1.292859810E2,-7.320077820E0,-3.574566650E-1,9.973310394E0
1.292959580E2,-7.379504242E0,-3.375480652E-1,9.761800232E0
1.293059350E2,-7.281009064E0,-3.344046021E-1,9.541308746E0
1.293159120E2,-7.455845490E0,-3.025209045E-1,9.686357117E0
1.293258890E2,-7.541168060E0,-4.284091187E-1,9.817334747E0
1.293358660E2,-7.453899536E0,-4.328997803E-1,9.946366425E0
1.293458430E2,-7.614665222E0,-4.176315308E-1,9.975555725E0
1.293558200E2,-7.785759430E0,-3.400927734E-1,1.006117767E1
1.293657970E2,-7.826774139E0,-3.844006348E-1,1.009680359E1
1.293757740E2,-7.822433167E0,-4.793032837E-1,9.967472534E0
1.293857510E2,-7.781268768E0,-3.391946411E-1,9.982291718E0
1.293957280E2,-7.840844879E0,-3.697311401E-1,1.005489075E1
1.294057050E2,-7.888894958E0,-5.170248413E-1,9.891879730E0
1.294156820E2,-7.882757721E0,-6.098318481E-1,9.916578369E0
1.294256590E2,-8.000712433E0,-4.596940613E-1,9.956694946E0
1.294356360E2,-8.033943329E0,-4.587959290E-1,9.977801056E0
1.294456130E2,-8.000413055E0,-7.063810730E-1,1.007300308E1
1.294555890E2,-7.991581421E0,-7.692503357E-1,1.021835083E1
1.294655660E2,-8.066276093E0,-6.840774536E-1,1.027628036E1
1.294755430E2,-8.146808624E0,-7.252418518E-1,1.018437149E1
1.294855200E2,-8.110733643E0,-8.288264465E-1,1.007749374E1
1.294954970E2,-7.946375427E0,-7.664062500E-1,1.010743149E1
1.295054740E2,-7.965385895E0,-7.098239136E-1,1.013751892E1
1.295154510E2,-8.059540100E0,-8.217910767E-1,1.003363495E1
1.295254280E2,-8.016280060E0,-9.165440369E-1,1.004246658E1
1.295354050E2,-8.065228271E0,-8.132588196E-1,1.014230896E1
1.295453820E2,-8.070916443E0,-7.352709961E-1,1.019859192E1
1.295553590E2,-8.071664886E0,-8.202941895E-1,1.012269974E1
1.295653360E2,-8.011789398E0,-8.762777710E-1,1.003348526E1
1.295753130E2,-8.034841461E0,-7.429051208E-1,1.015263748E1
1.295852900E2,-8.132139130E0,-6.327342224E-1,1.015772690E1
1.295952670E2,-8.046966248E0,-7.488926697E-1,1.000639160E1
1.296052440E2,-8.054151306E0,-8.146060181E-1,9.997559967E0
1.296152210E2,-8.086783447E0,-7.304809570E-1,1.010189301E1
1.296251980E2,-8.150999908E0,-6.923103333E-1,1.011012589E1
1.296351750E2,-8.155191193E0,-7.891589355E-1,1.004561005E1
1.296451520E2,-8.095315704E0,-8.339158630E-1,1.008857071E1
1.296551290E2,-8.200397186E0,-7.342231750E-1,1.015563126E1
1.296651060E2,-8.273295593E0,-7.271878052E-1,1.007105713E1
1.296750830E2,-8.172555084E0,-8.062234497E-1,1.000684067E1
1.296850600E2,-8.179889832E0,-7.783813477E-1,1.010114456E1
1.296950370E2,-8.280181274E0,-7.448510742E-1,1.021311172E1
1.297050140E2,-8.305328979E0,-7.969427490E-1,1.016027161E1
1.297149910E2,-8.224946136E0,-9.207353210E-1,1.013272888E1
1.297249680E2,-8.262967072E0,-9.877958679E-1,1.016910324E1
1.297349442E2,-8.334069214E0,-9.419911194E-1,1.015682877E1
1.297449212E2,-8.237519989E0,-1.004411316E0,1.007015900E1
1.297548982E2,-8.152496796E0,-1.047371979E0,1.003153931E1
1.297648752E2,-8.122109985E0,-1.051413574E0,1.013796799E1
1.297748522E2,-8.254584503E0,-1.030756531E0,1.013796799E1
1.297848292E2,-8.239316254E0,-1.146615601E0,1.006956024E1
1.297948062E2,-8.233029327E0,-1.240171051E0,1.014470398E1
1.298047832E2,-8.299042053E0,-1.265318756E0,1.019963974E1
1.298147602E2,-8.333620148E0,-1.222358093E0,1.009126511E1
1.298247372E2,-8.256680145E0,-1.230441284E0,9.974657593E0
1.298347142E2,-8.192164307E0,-1.266815643E0,9.964179382E0
1.298446912E2,-8.257428589E0,-1.275048523E0,1.009650421E1
1.298546682E2,-8.286617889E0,-1.309925995E0,1.008961853E1
1.298646452E2,-8.181237030E0,-1.423390045E0,1.002195923E1
1.298746222E2,-8.091872864E0,-1.508562927E0,1.002210892E1
1.298845982E2,-8.227640533E0,-1.379231873E0,1.011147308E1
1.298945752E2,-8.214767303E0,-1.334025879E0,9.934840393E0
1.299045522E2,-8.204438782E0,-1.326242065E0,9.940678253E0
1.299145292E2,-8.164172516E0,-1.225950623E0,9.935139771E0
1.299245062E2,-8.107590179E0,-1.099613342E0,9.859846344E0
1.299344832E2,-7.920628967E0,-1.160536652E0,9.745484161E0
1.299444602E2,-7.911198578E0,-1.292711792E0,9.825867004E0
1.299544372E2,-7.991880798E0,-1.276545410E0,9.902507629E0
1.299644142E2,-8.026907959E0,-1.263672180E0,9.865684204E0
1.299743912E2,-8.050409088E0,-1.361568604E0,9.764794006E0
1.299843682E2,-8.045619049E0,-1.446591797E0,9.761351166E0
1.299943452E2,-8.110134888E0,-1.416953430E0,9.812544708E0
1.300043222E2,-8.103249207E0,-1.419348450E0,9.693093109E0
1.300142992E2,-8.062533875E0,-1.476828918E0,9.579778748E0
1.300242762E2,-8.007897491E0,-1.466650085E0,9.453291779E0
1.300342532E2,-8.020321655E0,-1.345551910E0,9.346414032E0
1.300442302E2,-8.098309479E0,-1.361867981E0,9.158854065E0
1.300542072E2,-8.077951813E0,-1.488804016E0,9.089997253E0
1.300641842E2,-8.201744385E0,-1.564546509E0,9.186396790E0
1.300741612E2,-8.334518280E0,-1.555565186E0,9.183253326E0
1.300841382E2,-8.256231079E0,-1.617835693E0,9.097930756E0
1.300941152E2,-8.252189484E0,-1.765279083E0,9.171577606E0
1.301040922E2,-8.248147888E0,-1.777403870E0,9.280251617E0
1.301140692E2,-8.314759369E0,-1.646276550E0,9.232650604E0
1.301240462E2,-8.347690887E0,-1.606908417E0,9.078171844E0
1.301340232E2,-8.247998199E0,-1.648970947E0,8.944050751E0
1.301440002E2,-8.219108276E0,-1.579066315E0,8.954678650E0
1.301539772E2,-8.197403412E0,-1.466350708E0,8.947343903E0
1.301639542E2,-8.110883331E0,-1.607806549E0,8.898994446E0
1.301739312E2,-8.145910492E0,-1.725461884E0,8.947343903E0
1.301839082E2,-8.083041229E0,-1.790426788E0,9.069789276E0
1.301938852E2,-8.144712982E0,-1.786235504E0,9.035809937E0
1.302038622E2,-8.096064148E0,-1.844913483E0,8.923992462E0
1.302138392E2,-7.923772430E0,-1.885778503E0,8.914861450E0
1.302238162E2,-8.036188660E0,-1.936972046E0,8.913065186E0
1.302337932E2,-7.937843170E0,-1.946552124E0,8.929081879E0
1.302437702E2,-7.892487488E0,-1.986069946E0,8.843759308E0
1.302537472E2,-7.876470795E0,-2.077230377E0,8.750054169E0
1.302637242E2,-7.837851105E0,-2.073787537E0,8.813821564E0
1.302737012E2,-7.902067566E0,-2.071242828E0,8.803043976E0
1.302836782E2,-7.989934845E0,-2.066003723E0,8.744066620E0
1.302936552E2,-7.885751495E0,-2.151176605E0,8.771309967E0
1.303036322E2,-8.042625275E0,-2.216141510E0,8.747958527E0
1.303136092E2,-7.955356750E0,-2.235750732E0,8.690478058E0
1.303235862E2,-7.909102936E0,-2.265538788E0,8.682843933E0
1.303335632E2,-7.952961731E0,-2.364033966E0,8.692124634E0
1.303435402E2,-7.941136322E0,-2.364333344E0,8.698561249E0
1.303535172E2,-8.000413055E0,-2.295626221E0,8.623118134E0
1.303634942E2,-7.889793091E0,-2.284698944E0,8.517886963E0
1.303734712E2,-7.789801025E0,-2.396217041E0,8.465346222E0
1.303834482E2,-7.826774139E0,-2.419718170E0,8.544531555E0
1.303934242E2,-7.869285736E0,-2.441273346E0,8.682394867E0
1.304034012E2,-7.882308655E0,-2.515968018E0,8.689130859E0
1.304133782E2,-7.838749237E0,-2.569706268E0,8.636440430E0
1.304233552E2,-7.790699158E0,-2.566263428E0,8.609646149E0
1.304333322E2,-7.818690948E0,-2.549049225E0,8.558901672E0
1.304433092E2,-7.771988068E0,-2.554887085E0,8.520731049E0
1.304532862E2,-7.719746704E0,-2.624342651E0,8.542136536E0
1.304632632E2,-7.764952698E0,-2.585573273E0,8.512348480E0
1.304732402E2,-7.793393555E0,-2.539319458E0,8.399632874E0
1.304832172E2,-7.669451294E0,-2.531984711E0,8.361611938E0
1.304931942E2,-7.622299347E0,-2.549797668E0,8.408913574E0
1.305031712E2,-7.627089386E0,-2.478994904E0,8.401279449E0
1.305131482E2,-7.663613434E0,-2.460882568E0,8.354426880E0
1.305231252E2,-7.652386780E0,-2.482138367E0,8.315358124E0
1.305331022E2,-7.534881134E0,-2.521955566E0,8.314759369E0
1.305430792E2,-7.563022614E0,-2.492766266E0,8.252937927E0
1.305530562E2,-7.517666931E0,-2.493963776E0,8.149053955E0
1.305630332E2,-7.490872650E0,-2.620151367E0,8.095914459E0
1.305730102E2,-7.621550903E0,-2.709066467E0,8.176446991E0
1.305829872E2,-7.774682465E0,-2.673739929E0,8.228239288E0
1.305929642E2,-7.909701691E0,-2.636168060E0,8.092920685E0
1.306029412E2,-7.815397797E0,-2.650538177E0,7.942184143E0
1.306129182E2,-7.815547485E0,-2.610870667E0,8.077203369E0
1.306228952E2,-7.885901184E0,-2.594105530E0,8.148006134E0
1.306328722E2,-7.811805267E0,-2.607577515E0,7.980803833E0
1.306428492E2,-7.714058533E0,-2.627635803E0,7.828420715E0
1.306528262E2,-7.725434875E0,-2.527194672E0,7.809410248E0
1.306628032E2,-7.621101837E0,-2.609074402E0,7.856861572E0
1.306727802E2,-7.544610901E0,-2.782413940E0,7.890092468E0
1.306827572E2,-7.588619385E0,-2.821782074E0,7.990982666E0
1.306927342E2,-7.676187286E0,-2.799179077E0,8.093519440E0
1.307027112E2,-7.695796509E0,-2.851121063E0,8.006101227E0
1.307126882E2,-7.628735962E0,-2.818937988E0,7.791746979E0
1.307226652E2,-7.444918213E0,-2.718796234E0,7.793393555E0
1.307326425E2,-7.485334167E0,-2.783611450E0,7.910001068E0
1.307426195E2,-7.627239075E0,-2.852468262E0,7.919730835E0
1.307525965E2,-7.648644562E0,-2.839894409E0,7.905510406E0
1.307625735E2,-7.711064758E0,-2.764600983E0,7.871830444E0
1.307725505E2,-7.670499115E0,-2.768792267E0,7.807613983E0
1.307825275E2,-7.610773315E0,-2.827619934E0,7.766898651E0
1.307925045E2,-7.634424133E0,-2.824476471E0,7.754923553E0
1.308024815E2,-7.702831879E0,-2.766247559E0,7.781568146E0
1.308124585E2,-7.792196045E0,-2.753524017E0,7.782466278E0
1.308224355E2,-7.801626434E0,-2.764002228E0,7.708819427E0
1.308324125E2,-7.768994293E0,-2.669548645E0,7.612719269E0
1.308423895E2,-7.791148224E0,-2.535726929E0,7.554939423E0
1.308523665E2,-7.743547211E0,-2.566413116E0,7.518115997E0
1.308623435E2,-7.639663239E0,-2.653082886E0,7.482041016E0
1.308723205E2,-7.667804718E0,-2.692600708E0,7.491621094E0
1.308822975E2,-7.822732544E0,-2.669249268E0,7.576195221E0
1.308922745E2,-7.798632660E0,-2.791245575E0,7.553143158E0
1.309022515E2,-7.783364410E0,-2.879112854E0,7.556735687E0
1.309122285E2,-7.838599548E0,-2.876717834E0,7.622598724E0
1.309222055E2,-7.844437408E0,-2.885998535E0,7.664212189E0
1.309321825E2,-7.907306671E0,-2.919528809E0,7.643555145E0
1.309421595E2,-7.914491730E0,-2.844684448E0,7.652686157E0
1.309521365E2,-7.877518616E0,-2.736309814E0,7.605683899E0
1.309621135E2,-7.742798767E0,-2.674787750E0,7.416028290E0
1.309720905E2,-7.569309540E0,-2.625390472E0,7.247628479E0
1.309820675E2,-7.531887360E0,-2.535726929E0,7.222630463E0
1.309920445E2,-7.518265686E0,-2.518812103E0,7.287595367E0
1.310020215E2,-7.609276428E0,-2.538271637E0,7.334597626E0
1.310119975E2,-7.632029114E0,-2.612217865E0,7.378456421E0
1.310219745E2,-7.676037598E0,-2.667003937E0,7.485184479E0
1.310319515E2,-7.801327057E0,-2.606978760E0,7.480993195E0
1.310419285E2,-7.743696899E0,-2.566263428E0,7.395371246E0
1.310519055E2,-7.722590790E0,-2.560425568E0,7.362739105E0
1.310618825E2,-7.681576080E0,-2.533032532E0,7.416028290E0
1.310718595E2,-7.662715302E0,-2.474204865E0,7.458240509E0
1.310818365E2,-7.700287170E0,-2.422412567E0,7.379504242E0
1.310918135E2,-7.683522034E0,-2.366129608E0,7.300618286E0
1.311017905E2,-7.624993744E0,-2.296524353E0,7.270081787E0
1.311117675E2,-7.566615143E0,-2.312541046E0,7.236401825E0
1.311217445E2,-7.596702576E0,-2.396366730E0,7.331603851E0
1.311317215E2,-7.679779816E0,-2.399510193E0,7.420968018E0
1.311416985E2,-7.752528534E0,-2.430046692E0,7.466623077E0
1.311516755E2,-7.767946472E0,-2.434387665E0,7.445966034E0
1.311616525E2,-7.718549194E0,-2.445015564E0,7.392377472E0
1.311716295E2,-7.677983551E0,-2.401605835E0,7.417974243E0
1.311816065E2,-7.674989777E0,-2.425106964E0,7.532785492E0
1.311915835E2,-7.688910828E0,-2.352957001E0,7.473508759E0
1.312015605E2,-7.692054291E0,-2.248773651E0,7.365433502E0
1.312115375E2,-7.578290863E0,-2.280507660E0,7.315437469E0
1.312215145E2,-7.613018646E0,-2.260599060E0,7.406448212E0
1.312314915E2,-7.605833588E0,-2.236648865E0,7.433242493E0
1.312414685E2,-7.547904053E0,-2.263892212E0,7.461234283E0
1.312514455E2,-7.598648529E0,-2.301314392E0,7.533384247E0
1.312614225E2,-7.677534485E0,-2.292183380E0,7.541766815E0
1.312713995E2,-7.657326508E0,-2.243983612E0,7.489824829E0
1.312813765E2,-7.626640320E0,-2.164648590E0,7.420968018E0
1.312913535E2,-7.618407440E0,-2.118843842E0,7.444469147E0
1.313013305E2,-7.613767090E0,-2.099384308E0,7.458689575E0
1.313113075E2,-7.553741913E0,-2.058668976E0,7.439978485E0
1.313212845E2,-7.577243042E0,-1.951940918E0,7.400161285E0
1.313312615E2,-7.550748138E0,-1.903890839E0,7.421267395E0
1.313412385E2,-7.567513275E0,-1.922302551E0,7.401658173E0
1.313512155E2,-7.541168060E0,-1.924248505E0,7.382198639E0
1.313611925E2,-7.584278412E0,-1.838776245E0,7.482041016E0
1.313711695E2,-7.621550903E0,-1.857637024E0,7.561226349E0
1.313811465E2,-7.601642303E0,-1.844314728E0,7.641309814E0
1.313911235E2,-7.757468262E0,-1.822160797E0,7.542515259E0
1.314011005E2,-7.553292847E0,-1.739832001E0,7.570357361E0
1.314110775E2,-7.635621643E0,-1.769620056E0,7.631130981E0
1.314210545E2,-7.654632111E0,-1.738634491E0,7.565717010E0
1.314310315E2,-7.648345184E0,-1.708397369E0,7.552843781E0
1.314410085E2,-7.511529694E0,-1.628463593E0,7.592211914E0
1.314509855E2,-7.498357086E0,-1.647024994E0,7.594606934E0
1.314609625E2,-7.547155609E0,-1.641037445E0,7.638465729E0
1.314709395E2,-7.470215607E0,-1.609602814E0,7.597451019E0
1.314809165E2,-7.462731171E0,-1.567689972E0,7.625442810E0
1.314908935E2,-7.479047241E0,-1.520388336E0,7.631580048E0
1.315008705E2,-7.328909454E0,-1.553469543E0,7.579638062E0
1.315108475E2,-7.288343811E0,-1.530716858E0,7.599097595E0
1.315208245E2,-7.267836456E0,-1.534010010E0,7.623796234E0
1.315308015E2,-7.274871826E0,-1.621727600E0,7.682025146E0
1.315407785E2,-7.390581207E0,-1.632804565E0,7.746241608E0
1.315507555E2,-7.322023773E0,-1.659898224E0,7.801626434E0
1.315607325E2,-7.337591400E0,-1.570683746E0,7.851622467E0
1.315707095E2,-7.281607819E0,-1.466500397E0,7.832462311E0
1.315806865E2,-7.274123383E0,-1.365460510E0,7.832162933E0
1.315906635E2,-7.244485016E0,-1.310375061E0,7.774083710E0
1.316006405E2,-7.135661316E0,-1.305135956E0,7.767347717E0
1.316106175E2,-7.154671783E0,-1.218017120E0,7.818391571E0
1.316205945E2,-7.147786102E0,-1.144819336E0,7.825726318E0
1.316305715E2,-7.037016449E0,-1.179996185E0,7.785909119E0
1.316405485E2,-7.041058044E0,-1.226100311E0,7.789950714E0
1.316505255E2,-7.182214508E0,-1.297950897E0,7.856711884E0
1.316605025E2,-7.122339020E0,-1.286424866E0,8.064330139E0
1.316704795E2,-7.073989563E0,-1.229992218E0,8.162825317E0
1.316804565E2,-7.089257813E0,-1.151405640E0,8.144712982E0
1.316904335E2,-7.091652832E0,-1.085243225E0,8.115673370E0
1.317004105E2,-7.031927032E0,-1.029708710E0,8.062982941E0
1.317103875E2,-6.996151428E0,-9.226812744E-1,8.032147064E0
1.317203645E2,-6.931336212E0,-8.244854736E-1,8.013885040E0
1.317303401E2,-6.892716522E0,-7.984396362E-1,8.059689789E0
1.317403171E2,-6.889722748E0,-8.144563293E-1,8.092471619E0
1.317502941E2,-6.863078156E0,-7.985893250E-1,8.141569519E0
1.317602711E2,-6.856192474E0,-7.695497131E-1,8.206833801E0
1.317702481E2,-6.862778778E0,-8.021818542E-1,8.252189484E0
1.317802251E2,-6.879543915E0,-7.725434875E-1,8.288713531E0
1.317902021E2,-6.836882629E0,-7.309300232E-1,8.284073181E0
1.318001791E2,-6.833439789E0,-6.950047302E-1,8.334069214E0
1.318101561E2,-6.849456482E0,-6.592291260E-1,8.386460266E0
1.318201331E2,-6.838529205E0,-6.117778015E-1,8.404871979E0
1.318301101E2,-6.783892822E0,-4.685256958E-1,8.349038086E0
1.318400871E2,-6.623576202E0,-4.120930481E-1,8.266409912E0
1.318500641E2,-6.590345306E0,-4.285588074E-1,8.311166840E0
1.318600411E2,-6.592590637E0,-4.132905579E-1,8.394992523E0
1.318700181E2,-6.617139587E0,-3.528163147E-1,8.422984314E0
1.318799951E2,-6.598727875E0,-3.260220337E-1,8.405021667E0
1.318899721E2,-6.628665619E0,-3.788621521E-1,8.429271240E0
1.318999491E2,-6.629863129E0,-4.287084961E-1,8.430319061E0
1.319099261E2,-6.615493011E0,-3.773652649E-1,8.423583069E0
1.319199031E2,-6.611301727E0,-3.153941345E-1,8.436605988E0
1.319298801E2,-6.606811066E0,-3.553610229E-1,8.465944977E0
1.319398571E2,-6.718628540E0,-2.850073242E-1,8.469836884E0
1.319498341E2,-6.732100525E0,-1.564247131E-1,8.457861786E0
1.319598111E2,-6.662495270E0,-1.820214844E-1,8.537047119E0
1.319697881E2,-6.810836792E0,-2.303709412E-1,8.707841949E0
1.319797651E2,-6.985074463E0,-2.125579834E-1,8.858428802E0
1.319897421E2,-7.011569366E0,-1.835183716E-1,8.918304291E0
1.319997191E2,-6.926845551E0,-1.739382935E-1,8.911867676E0
1.320096961E2,-6.761289825E0,-1.387614441E-1,8.906927948E0
1.320196731E2,-6.612798615E0,-6.002517700E-2,8.969946899E0
1.320296501E2,-6.540498962E0,3.891906738E-2,8.969647522E0
1.320396271E2,-6.430028687E0,8.457412720E-2,8.967551880E0
1.320496041E2,-6.387816467E0,1.059796143E-1,8.965905304E0
1.320595811E2,-6.389762421E0,2.104623413E-1,8.856482849E0
1.320695581E2,-6.246360626E0,2.435435486E-1,8.818461914E0
1.320795351E2,-6.169121246E0,2.351609802E-1,8.853189697E0
1.320895121E2,-6.113736420E0,2.460882568E-1,8.972042542E0
1.320994891E2,-6.260730743E0,2.818638611E-1,9.087452545E0
1.321094661E2,-6.230194244E0,2.689906311E-1,9.196575623E0
1.321194431E2,-6.221661987E0,2.730322266E-1,9.196725311E0
1.321294201E2,-6.259233856E0,3.376977539E-1,9.250164185E0
1.321393971E2,-6.250551910E0,3.632945251E-1,9.237889709E0
1.321493741E2,-6.298003235E0,3.418890381E-1,9.188642120E0
1.321593511E2,-6.270011444E0,4.005670166E-1,9.114546204E0
1.321693281E2,-6.249204712E0,5.399272156E-1,9.125174103E0
1.321793051E2,-6.421496429E0,5.089416504E-1,9.138047333E0
1.321892821E2,-6.471791840E0,4.810995483E-1,9.065897369E0
1.321992591E2,-6.349047089E0,5.427713013E-1,8.996890869E0
1.322092361E2,-6.440955963E0,5.629792786E-1,9.036857758E0
1.322192131E2,-6.455176392E0,5.313949585E-1,9.120833130E0
1.322291901E2,-6.444847870E0,5.200186157E-1,9.148974609E0
1.322391671E2,-6.471193085E0,6.518943787E-1,9.042246552E0
1.322491441E2,-6.383475494E0,7.744894409E-1,9.014703827E0
1.322591211E2,-6.547085266E0,6.691085815E-1,9.013356628E0
1.322690981E2,-6.429429932E0,6.619235229E-1,9.116941223E0
1.322790751E2,-6.488257599E0,8.387059021E-1,9.173822937E0
1.322890521E2,-6.552174683E0,8.134085083E-1,9.222471771E0
1.322990291E2,-6.548432465E0,7.473957825E-1,9.185498657E0
1.323090061E2,-6.388864288E0,8.497828674E-1,9.159003754E0
1.323189831E2,-6.398743744E0,1.034648438E0,9.122330017E0
1.323289601E2,-6.461014252E0,1.022074585E0,9.214987335E0
1.323389371E2,-6.551426239E0,8.913963318E-1,9.279952240E0
1.323489141E2,-6.579567719E0,1.049317932E0,9.082063751E0
1.323588911E2,-6.408922577E0,1.178499298E0,9.087153168E0
1.323688681E2,-6.568490753E0,9.153465271E-1,9.342222748E0
1.323788451E2,-6.774312744E0,8.113128662E-1,9.333241425E0
1.323888221E2,-6.648574219E0,1.005159760E0,9.202413483E0
1.323987991E2,-6.571484528E0,1.052461395E0,9.001680908E0
1.324087761E2,-6.578669586E0,8.446934509E-1,9.125623169E0
1.324187531E2,-6.777905273E0,8.370593262E-1,9.249415741E0
1.324287301E2,-6.621779938E0,1.084794159E0,9.114097137E0
1.324387071E2,-6.437962189E0,1.163231049E0,9.060209198E0
1.324486841E2,-6.811136169E0,9.506730652E-1,9.087452545E0
1.324586611E2,-6.711293793E0,8.256829834E-1,9.261540527E0
1.324686381E2,-6.643484802E0,1.014889526E0,9.332792358E0
1.324786151E2,-6.668033752E0,1.056203613E0,9.260193329E0
1.324885921E2,-6.771618347E0,8.898994446E-1,9.451196136E0
1.324985691E2,-6.785988464E0,8.729846191E-1,9.535321198E0
1.325085461E2,-6.645430756E0,1.116977234E0,9.271719360E0
1.325185231E2,-6.500382385E0,1.108295288E0,9.330547028E0
1.325285001E2,-6.672823792E0,8.554710388E-1,9.567653961E0
1.325384771E2,-6.646777954E0,9.310638428E-1,9.540111237E0
1.325484541E2,-6.517446899E0,1.164278870E0,9.413324890E0
1.325584311E2,-6.721921692E0,1.162183228E0,9.416917419E0
1.325684081E2,-6.741381226E0,1.017134857E0,9.384734344E0
1.325783851E2,-6.638844452E0,9.945318604E-1,9.391170959E0
1.325883621E2,-6.540498962E0,1.090482330E0,9.461225281E0
1.325983391E2,-6.562353516E0,1.067579956E0,9.557475128E0
1.326083161E2,-6.703809357E0,9.383985901E-1,9.524393921E0
1.326182931E2,-6.812633057E0,1.042432251E0,9.349707184E0
1.326282701E2,-6.747817841E0,1.150806885E0,9.408983917E0
1.326382471E2,-6.800807648E0,1.133592682E0,9.395362244E0
1.326482231E2,-6.730603638E0,1.025966492E0,9.253906403E0
1.326582001E2,-6.838678894E0,1.114881592E0,9.168733521E0
1.326681771E2,-6.909930725E0,1.321452026E0,9.160350952E0
1.326781541E2,-6.850504303E0,1.245260468E0,9.237740021E0
1.326881311E2,-6.909331970E0,1.015338593E0,9.142837372E0
1.326981081E2,-6.977440338E0,1.004411316E0,9.108708344E0
1.327080851E2,-7.105424194E0,1.060544586E0,9.326655121E0
1.327180621E2,-7.154671783E0,9.020242310E-1,9.427994385E0
1.327280391E2,-7.116800537E0,6.827302551E-1,9.422455902E0
1.327380158E2,-7.154372406E0,6.566844177E-1,9.482930145E0
1.327479928E2,-7.226222992E0,8.280780029E-1,9.377399597E0
1.327579698E2,-7.140002289E0,8.470884705E-1,9.227112122E0
1.327679468E2,-7.107220459E0,7.542814636E-1,9.157955933E0
1.327779238E2,-7.150480499E0,8.072712708E-1,9.134754181E0
1.327879008E2,-7.153923340E0,8.912466431E-1,9.168883209E0
1.327978778E2,-7.013215942E0,7.517367554E-1,9.214238892E0
1.328078548E2,-7.127877502E0,6.104306030E-1,9.288185120E0
1.328178318E2,-7.252119141E0,6.132746887E-1,9.409432983E0
1.328278088E2,-7.218439178E0,6.120771790E-1,9.403295746E0
1.328377858E2,-7.132667542E0,5.785469055E-1,9.331295471E0
1.328477628E2,-7.180867310E0,5.751040649E-1,9.316476288E0
1.328577398E2,-7.259304199E0,6.282435608E-1,9.304501190E0
1.328677168E2,-7.193141785E0,7.447013855E-1,9.277856598E0
1.328776938E2,-7.143295441E0,7.571255493E-1,9.279952240E0
1.328876708E2,-7.228767700E0,7.924520874E-1,9.332043915E0
1.328976478E2,-7.173382874E0,6.164181519E-1,9.437873840E0
1.329076248E2,-7.177723846E0,5.331912231E-1,9.353449402E0
1.329176018E2,-7.114106140E0,5.953120422E-1,9.270671539E0
1.329275788E2,-7.213948517E0,6.333329773E-1,9.263636169E0
1.329375558E2,-7.217690735E0,5.492079163E-1,9.326355743E0
1.329475328E2,-7.197931824E0,4.864883423E-1,9.310339050E0
1.329575098E2,-7.241341553E0,5.276527405E-1,9.267228699E0
1.329674868E2,-7.141349487E0,5.147795105E-1,9.208999786E0
1.329774638E2,-7.172634430E0,4.339476013E-1,9.086704102E0
1.329874408E2,-7.175478516E0,3.857478333E-1,9.043893127E0
1.329974178E2,-7.115752716E0,3.851490784E-1,9.109905853E0
1.330073948E2,-7.223079529E0,3.851490784E-1,9.074579315E0
1.330173718E2,-7.212601318E0,2.424957275E-1,9.013506317E0
1.330273488E2,-7.196884003E0,1.627116394E-1,9.135203247E0
1.330373258E2,-7.318131866E0,1.811233521E-1,9.216484222E0
1.330473028E2,-7.365433502E0,1.294807434E-1,9.257798309E0
1.330572798E2,-7.434739380E0,7.454498291E-2,9.264683990E0
1.330672568E2,-7.385940857E0,3.532653809E-2,9.165739746E0
1.330772338E2,-7.299121399E0,1.100212097E-1,9.110953674E0
1.330872108E2,-7.257807312E0,4.610412598E-2,9.076974335E0
1.330971878E2,-7.106322327E0,-9.580078125E-2,9.021439819E0
1.331071648E2,-7.100035400E0,-8.652008057E-2,9.021589508E0
1.331171418E2,-7.124734039E0,1.392105103E-2,8.969198456E0
1.331271188E2,-7.089407501E0,-4.340972900E-3,8.896449738E0
1.331370958E2,-7.170838165E0,-7.798782349E-2,8.830137634E0
1.331470728E2,-7.073540497E0,-7.978408813E-2,8.895401917E0
1.331570498E2,-7.196434937E0,-4.715194702E-2,8.959319000E0
1.331670268E2,-7.244185638E0,-1.019380188E-1,8.911418610E0
1.331770038E2,-7.148684235E0,-2.127076721E-1,8.874744873E0
1.331869808E2,-7.242239685E0,-2.091151428E-1,8.888815613E0
1.331969578E2,-7.160509644E0,-2.353106689E-1,8.868008881E0
1.332069348E2,-7.182513885E0,-2.327659607E-1,8.789122925E0
1.332169118E2,-7.234006805E0,-2.119592285E-1,8.777297516E0
1.332268888E2,-7.251221008E0,-2.347119141E-1,8.871152344E0
1.332368658E2,-7.382647705E0,-2.639012146E-1,8.966504059E0
1.332468428E2,-7.309300232E0,-2.829116821E-1,8.944050751E0
1.332568198E2,-7.261848907E0,-3.204835510E-1,8.932973785E0
1.332667968E2,-7.330556030E0,-3.953279114E-1,8.929381256E0
1.332767738E2,-7.304210815E0,-3.535647583E-1,8.818162537E0
1.332867508E2,-7.201224976E0,-3.968247986E-1,8.773106232E0
1.332967278E2,-7.242539063E0,-3.998185730E-1,8.793912964E0
1.333067048E2,-7.157815247E0,-4.451742554E-1,8.879534912E0
1.333166818E2,-7.164401550E0,-5.930667114E-1,8.910071411E0
1.333266588E2,-7.159761200E0,-6.846762085E-1,9.000782776E0
1.333366358E2,-7.170987854E0,-7.319778442E-1,9.094637604E0
1.333466128E2,-7.261549530E0,-7.999365234E-1,9.142238617E0
1.333565898E2,-7.217840424E0,-9.148974609E-1,9.107510834E0
1.333665668E2,-7.122788086E0,-1.018482056E0,9.117240601E0
1.333765438E2,-7.146738281E0,-1.074016571E0,9.036857758E0
1.333865208E2,-7.056775360E0,-1.210532684E0,8.906329193E0
1.333964978E2,-7.060667267E0,-1.315015411E0,8.846154327E0
1.334064748E2,-7.051236877E0,-1.181642761E0,8.786129150E0
1.334164518E2,-6.954088898E0,-1.048719177E0,8.764573975E0
1.334264288E2,-6.946903839E0,-1.015937347E0,8.686286774E0
1.334364058E2,-6.798861694E0,-1.043480072E0,8.648565216E0
1.334463828E2,-6.891069946E0,-9.090596008E-1,8.668024750E0
1.334563598E2,-6.876400452E0,-8.382568359E-1,8.521030426E0
1.334663368E2,-6.722071381E0,-9.324110413E-1,8.385562134E0
1.334763138E2,-6.663243713E0,-1.185384979E0,8.348738708E0
1.334862908E2,-6.645580444E0,-1.285676422E0,8.487350464E0
1.334962678E2,-6.814279633E0,-1.240919495E0,8.614436188E0
1.335062448E2,-6.880442047E0,-1.298399963E0,8.603359222E0
1.335162218E2,-6.840624847E0,-1.376986542E0,8.590785370E0
1.335261988E2,-6.948101349E0,-1.220711517E0,8.584199066E0
1.335361758E2,-6.885381775E0,-1.102906494E0,8.499475250E0
1.335461528E2,-6.803202667E0,-1.201401672E0,8.369545441E0
1.335561298E2,-6.882238312E0,-1.297352142E0,8.308472443E0
1.335661068E2,-6.949897614E0,-1.228195953E0,8.254135437E0
1.335760838E2,-7.014263763E0,-1.259480896E0,8.172255707E0
1.335860608E2,-6.996899872E0,-1.472188568E0,8.088729401E0
1.335960378E2,-6.965764618E0,-1.664239197E0,8.165519714E0
1.336060148E2,-7.146887970E0,-1.609303436E0,8.149503021E0
1.336159918E2,-7.121141510E0,-1.586101685E0,8.055049438E0
1.336259688E2,-7.065307617E0,-1.721120911E0,7.950566711E0
1.336359458E2,-7.094945984E0,-1.717827759E0,7.882158966E0
1.336459228E2,-7.151977386E0,-1.577120361E0,7.845934296E0
1.336558998E2,-7.154522095E0,-1.632056122E0,7.688012695E0
1.336658768E2,-7.078629913E0,-1.770667877E0,7.574848022E0
1.336758538E2,-7.075636139E0,-1.750010834E0,7.571854248E0
1.336858308E2,-7.090006256E0,-1.732197876E0,7.565567322E0
1.336958078E2,-7.100185089E0,-1.849104767E0,7.468419342E0
1.337057848E2,-7.034771118E0,-2.016307068E0,7.507338409E0
1.337157618E2,-7.058721313E0,-2.066901855E0,7.587870941E0
1.337257388E2,-7.089557190E0,-2.038011932E0,7.545359344E0
1.337357160E2,-7.078929291E0,-2.143243103E0,7.471562805E0
1.337456930E2,-7.072043610E0,-2.232906647E0,7.461084595E0
1.337556700E2,-7.103478241E0,-2.198328552E0,7.449558563E0
1.337656470E2,-7.081623688E0,-2.241139526E0,7.408992920E0
1.337756240E2,-7.080725555E0,-2.417173462E0,7.462282104E0
1.337856010E2,-7.192243652E0,-2.468067627E0,7.511679382E0
1.337955780E2,-7.214846649E0,-2.459834747E0,7.521409149E0
1.338055550E2,-7.258106689E0,-2.469414825E0,7.415279846E0
1.338155320E2,-7.076534271E0,-2.609523468E0,7.343878326E0
1.338255090E2,-6.955735474E0,-2.658471680E0,7.386240234E0
1.338354860E2,-7.010072479E0,-2.567011871E0,7.420518951E0
1.338454630E2,-6.886279907E0,-2.648741913E0,7.345973969E0
1.338554400E2,-6.788383484E0,-2.774929504E0,7.252568207E0
1.338654170E2,-6.699618073E0,-2.743794250E0,7.155569916E0
1.338753940E2,-6.719376984E0,-2.756218414E0,7.168443146E0
1.338853710E2,-6.891369324E0,-2.897225189E0,7.192393341E0
1.338953480E2,-7.036417694E0,-2.998564453E0,7.187154236E0
1.339053250E2,-7.094496918E0,-2.964734802E0,7.106022949E0
1.339153020E2,-7.107669525E0,-2.972069550E0,7.005731506E0
1.339252790E2,-7.073091431E0,-3.126398621E0,7.000492401E0
1.339352560E2,-7.164700928E0,-3.127895508E0,6.992858276E0
1.339452330E2,-7.253765717E0,-3.021766205E0,6.879094849E0
1.339552100E2,-7.178172913E0,-3.100801849E0,6.741830292E0
1.339651870E2,-7.129823456E0,-3.197949829E0,6.761439514E0
1.339751640E2,-7.112309875E0,-3.216660919E0,6.856791229E0
1.339851410E2,-7.228618011E0,-3.241658936E0,6.894213409E0
1.339951180E2,-7.263794861E0,-3.358565826E0,6.895859985E0
1.340050950E2,-7.259453888E0,-3.437751160E0,6.873107300E0
1.340150720E2,-7.271129608E0,-3.327430573E0,6.818919983E0
1.340250490E2,-7.199428711E0,-3.376528473E0,6.860683136E0
1.340350260E2,-7.235803070E0,-3.527714081E0,6.982380066E0
1.340450030E2,-7.276967468E0,-3.516038361E0,6.995103607E0
1.340549800E2,-7.267237701E0,-3.473826141E0,6.975793762E0
1.340649570E2,-7.220534821E0,-3.480562134E0,6.859335938E0
1.340749340E2,-7.076983337E0,-3.582799530E0,6.875352631E0
1.340849110E2,-7.099137268E0,-3.622467041E0,6.936725006E0
1.340948880E2,-7.132667542E0,-3.548071747E0,6.927743683E0
1.341048650E2,-7.111411743E0,-3.497177582E0,6.849905548E0
1.341148420E2,-7.005731506E0,-3.519181824E0,6.820416870E0
1.341248190E2,-7.017407227E0,-3.492986298E0,6.804849243E0
1.341347960E2,-7.083120575E0,-3.402125244E0,6.782395935E0
1.341447730E2,-7.151678009E0,-3.449875946E0,6.776558075E0
1.341547500E2,-7.154073029E0,-3.412453766E0,6.779102783E0
1.341647270E2,-7.124734039E0,-3.395688629E0,6.723867645E0
1.341747040E2,-7.177723846E0,-3.520678711E0,6.734196167E0
1.341846810E2,-7.269333344E0,-3.559597778E0,6.776408386E0
1.341946580E2,-7.311545563E0,-3.563040619E0,6.799161072E0
1.342046350E2,-7.403155060E0,-3.645519104E0,6.839726715E0
1.342146120E2,-7.469766541E0,-3.712579651E0,6.850354614E0
1.342245900E2,-7.484436035E0,-3.768563232E0,6.820865936E0
1.342345670E2,-7.569758606E0,-3.768712921E0,6.797813873E0
1.342445440E2,-7.547305298E0,-3.747756500E0,6.702162781E0
1.342545210E2,-7.451354828E0,-3.780538330E0,6.616540833E0
1.342644980E2,-7.479795685E0,-3.879033508E0,6.660848694E0
1.342744750E2,-7.612120514E0,-3.982767792E0,6.791227570E0
1.342844520E2,-7.777825928E0,-3.977079620E0,6.857689362E0
1.342944290E2,-7.743996277E0,-3.966451721E0,6.769971771E0
1.343044060E2,-7.686216431E0,-3.974534912E0,6.792874146E0
1.343143830E2,-7.745044098E0,-3.902983704E0,6.865622864E0
1.343243600E2,-7.678731995E0,-3.806584167E0,6.777905273E0
1.343343370E2,-7.660919037E0,-3.666625214E0,6.668333130E0
1.343443140E2,-7.672145691E0,-3.563639374E0,6.596183167E0
1.343542910E2,-7.605983276E0,-3.527414703E0,6.560407562E0
1.343642680E2,-7.545509033E0,-3.614683228E0,6.529721375E0
1.343742450E2,-7.574249268E0,-3.693120117E0,6.541546783E0
1.343842220E2,-7.622449036E0,-3.800446930E0,6.609804840E0
1.343941990E2,-7.720944214E0,-3.919898529E0,6.668931885E0
1.344041760E2,-7.766299896E0,-4.030069427E0,6.734196167E0
1.344141530E2,-7.984246674E0,-4.092339935E0,6.892117767E0
1.344241300E2,-8.155041504E0,-4.096830597E0,6.919959869E0
1.344341070E2,-8.144114227E0,-4.159999237E0,6.921756134E0
1.344440840E2,-8.213719482E0,-4.035308533E0,6.835385742E0
1.344540610E2,-8.152496796E0,-3.887565765E0,6.686146088E0
1.344640380E2,-8.138126678E0,-3.832330627E0,6.636150055E0
1.344740150E2,-8.100854187E0,-3.712429962E0,6.535409546E0
1.344839920E2,-8.008496246E0,-3.626658325E0,6.478827209E0
1.344939690E2,-8.053552551E0,-3.616329803E0,6.536157990E0
1.345039460E2,-8.060737610E0,-3.658991089E0,6.672374725E0
1.345139230E2,-8.144563293E0,-3.672313385E0,6.848708038E0
1.345239000E2,-8.278834076E0,-3.629053345E0,6.935826874E0
1.345338770E2,-8.290210419E0,-3.625909882E0,6.988367615E0
1.345438540E2,-8.287366333E0,-3.631148987E0,6.984625397E0
1.345538310E2,-8.270301819E0,-3.644620972E0,7.029382324E0
1.345638080E2,-8.282875671E0,-3.617078247E0,7.111112366E0
1.345737850E2,-8.322842560E0,-3.555556183E0,7.138804779E0
1.345837620E2,-8.268206177E0,-3.493135986E0,7.091353455E0
1.345937390E2,-8.164471893E0,-3.457360382E0,7.082671509E0
1.346037160E2,-8.160579987E0,-3.368594971E0,7.065756683E0
1.346136930E2,-8.070617065E0,-3.325634308E0,7.002737732E0
1.346236700E2,-8.088729401E0,-3.379222870E0,7.026388550E0
1.346336470E2,-8.231532440E0,-3.393293610E0,7.099436646E0
1.346436240E2,-8.248147888E0,-3.493734741E0,7.214696960E0
1.346536010E2,-8.390801239E0,-3.483256531E0,7.245981903E0
1.346635780E2,-8.342451782E0,-3.475023651E0,7.170838165E0
1.346735550E2,-8.343349915E0,-3.514391785E0,7.153025208E0
1.346835320E2,-8.321345673E0,-3.507506104E0,7.132218475E0
1.346935090E2,-8.247100067E0,-3.482957153E0,7.185357971E0
1.347034860E2,-8.409212952E0,-3.387156372E0,7.240892487E0
1.347134630E2,-8.494834900E0,-3.323987732E0,7.235803070E0
1.347234400E2,-8.455766144E0,-3.381468201E0,7.244634705E0
1.347334176E2,-8.399782562E0,-3.381019135E0,7.259304199E0
1.347433946E2,-8.337811432E0,-3.298390961E0,7.303162994E0
1.347533716E2,-8.435558167E0,-3.262914734E0,7.412286072E0
1.347633486E2,-8.471184082E0,-3.267405396E0,7.424111481E0
1.347733256E2,-8.387957153E0,-3.278033295E0,7.387288055E0
1.347833026E2,-8.406069489E0,-3.209924927E0,7.434739380E0
1.347932796E2,-8.362360382E0,-3.197201385E0,7.488627319E0
1.348032566E2,-8.336314545E0,-3.135829010E0,7.556885376E0
1.348132336E2,-8.367300110E0,-3.017574921E0,7.550448761E0
1.348232106E2,-8.414751434E0,-2.941533051E0,7.576045532E0
1.348331876E2,-8.427025909E0,-2.970872040E0,7.629185028E0
1.348431646E2,-8.333769836E0,-2.944975891E0,7.641010437E0
1.348531416E2,-8.260871429E0,-2.821632385E0,7.672295380E0
1.348631186E2,-8.292306061E0,-2.780018921E0,7.757468262E0
1.348730956E2,-8.326285400E0,-2.823129272E0,7.820038147E0
1.348830726E2,-8.332871704E0,-2.798730011E0,7.894732819E0
1.348930496E2,-8.307424622E0,-2.722837830E0,7.933801575E0
1.349030266E2,-8.307274933E0,-2.636168060E0,7.932604065E0
1.349130036E2,-8.366851044E0,-2.621947632E0,7.959997101E0
1.349229806E2,-8.311166840E0,-2.635269928E0,7.968379669E0
1.349329576E2,-8.272397461E0,-2.547702026E0,8.059839478E0
1.349429346E2,-8.412206726E0,-2.402503967E0,8.138725433E0
1.349529116E2,-8.424181824E0,-2.401755524E0,8.130941620E0
1.349628886E2,-8.418343964E0,-2.381098480E0,8.070617065E0
1.349728656E2,-8.306376801E0,-2.291434937E0,8.046666870E0
1.349828426E2,-8.223000183E0,-2.258952484E0,8.136929169E0
1.349928196E2,-8.283923492E0,-2.166744232E0,8.203540649E0
1.350027966E2,-8.144563293E0,-2.123035126E0,8.187673645E0
1.350127736E2,-8.176147614E0,-2.050136719E0,8.235574036E0
1.350227506E2,-8.198750610E0,-2.045346680E0,8.249644775E0
1.350327276E2,-8.083639984E0,-2.098486176E0,8.335117035E0
1.350427046E2,-8.043074341E0,-2.015259247E0,8.339907074E0
1.350526816E2,-7.942184143E0,-1.900897064E0,8.336314545E0
1.350626586E2,-7.902067566E0,-1.937870178E0,8.408165131E0
1.350726356E2,-7.889194336E0,-1.962718506E0,8.451425171E0
1.350826126E2,-7.768395538E0,-1.957479401E0,8.513845367E0
1.350925896E2,-7.863447876E0,-1.861079865E0,8.600365448E0
1.351025666E2,-7.905959473E0,-1.797162781E0,8.588689728E0
1.351125436E2,-7.790250092E0,-1.764231262E0,8.533903656E0
1.351225206E2,-7.699239349E0,-1.702559509E0,8.514893188E0
1.351324976E2,-7.661667480E0,-1.622476044E0,8.591084747E0
1.351424746E2,-7.763455811E0,-1.593586121E0,8.723110199E0
1.351524516E2,-7.801327057E0,-1.589095459E0,8.748706970E0
1.351624286E2,-7.734565887E0,-1.578617249E0,8.749006348E0
1.351724066E2,-7.688162384E0,-1.540596313E0,8.807235260E0
1.351823836E2,-7.608827362E0,-1.523232422E0,8.866212616E0
1.351923606E2,-7.600444794E0,-1.477577362E0,8.945248260E0
1.352023376E2,-7.669600983E0,-1.375639343E0,9.009764099E0
1.352123146E2,-7.646698608E0,-1.333876190E0,9.047036591E0
1.352222916E2,-7.500003662E0,-1.331930237E0,9.085656281E0
1.352322686E2,-7.510631561E0,-1.192120972E0,9.122479706E0
1.352422456E2,-7.458240509E0,-1.033001862E0,9.053772583E0
1.352522226E2,-7.419022064E0,-9.833052063E-1,9.033265228E0
1.352621996E2,-7.407795410E0,-9.571096802E-1,9.013805695E0
1.352721766E2,-7.327711945E0,-8.779243469E-1,9.111253052E0
1.352821536E2,-7.351662140E0,-7.241940308E-1,9.163943481E0
1.352921306E2,-7.227869568E0,-6.993457031E-1,9.115144958E0
1.353021076E2,-7.244335327E0,-7.304809570E-1,9.139394531E0
1.353120846E2,-7.298522644E0,-7.499404907E-1,9.204509125E0
1.353220616E2,-7.299869843E0,-7.241940308E-1,9.279353485E0
1.353320386E2,-7.339237976E0,-6.357279968E-1,9.286089478E0
1.353420156E2,-7.350165253E0,-5.671705627E-1,9.233698425E0
1.353519926E2,-7.352560272E0,-4.611909485E-1,9.215286713E0
1.353619696E2,-7.391778717E0,-3.867956543E-1,9.231453094E0
1.353719466E2,-7.423213348E0,-3.132984924E-1,9.262738037E0
1.353819236E2,-7.438032532E0,-1.740879822E-1,9.301357727E0
1.353919006E2,-7.496560822E0,-8.756790161E-2,9.356892242E0
1.354018776E2,-7.513325958E0,-7.529342651E-2,9.385183411E0
1.354118546E2,-7.575596466E0,-8.756790161E-2,9.563462677E0
1.354218316E2,-7.623197479E0,-4.266128540E-2,9.686357117E0
1.354318086E2,-7.566315765E0,8.113128662E-2,9.736203461E0
1.354417856E2,-7.414232025E0,1.065783691E-1,9.690997467E0
1.354517626E2,-7.093299408E0,9.310638428E-2,9.603728943E0
1.354617396E2,-6.938221893E0,1.249900818E-1,9.740095367E0
1.354717166E2,-7.072342987E0,2.369572449E-1,9.902507629E0
1.354816936E2,-6.990463257E0,3.143463135E-1,9.804910583E0
1.354916706E2,-6.878496094E0,3.611988831E-1,9.701026611E0
1.355016476E2,-6.790329437E0,3.847000122E-1,9.699380035E0
1.355116246E2,-6.742578735E0,4.224215698E-1,9.727970581E0
1.355216016E2,-6.660100250E0,4.680766296E-1,9.766590271E0
1.355315786E2,-6.738836517E0,6.249504089E-1,9.791438599E0
1.355415556E2,-6.812782745E0,6.542893982E-1,9.866432648E0
1.355515326E2,-6.883585510E0,5.746549988E-1,9.959089966E0
1.355615096E2,-6.883136444E0,5.959107971E-1,9.968819733E0
1.355714866E2,-6.927893372E0,7.479945374E-1,9.973460083E0
1.355814636E2,-6.981481934E0,7.629634094E-1,9.944121094E0
1.355914406E2,-7.036118317E0,7.644602966E-1,9.803264008E0
1.356014176E2,-7.047344971E0,8.425978088E-1,9.782157898E0
1.356113946E2,-7.038812714E0,8.839118958E-1,9.812694397E0
1.356213716E2,-7.104975128E0,8.644523621E-1,9.774224396E0
1.356313486E2,-7.141050110E0,8.786727905E-1,9.682016144E0
1.356413256E2,-7.107669525E0,1.018631744E0,9.566157074E0
1.356513026E2,-7.094796295E0,1.124162292E0,9.503587189E0
1.356612796E2,-7.116052094E0,1.120719452E0,9.519454193E0
1.356712566E2,-7.100783844E0,1.142124939E0,9.551188202E0
1.356812336E2,-7.096293182E0,1.260229340E0,9.528884583E0
1.356912106E2,-7.063361664E0,1.324296112E0,9.530082092E0
1.357011876E2,-7.017107849E0,1.304986267E0,9.507928162E0
1.357111646E2,-7.017407227E0,1.281485138E0,9.572444000E0
1.357211416E2,-7.076085205E0,1.366658020E0,9.647887115E0
1.357311186E2,-7.051985321E0,1.488354950E0,9.615704041E0
1.357410952E2,-6.940766602E0,1.516795807E0,9.500294037E0
1.357510722E2,-6.904691620E0,1.508113861E0,9.567653961E0
1.357610492E2,-6.888076172E0,1.551373901E0,9.698332214E0
1.357710262E2,-6.914571075E0,1.659299469E0,9.653575287E0
1.357810032E2,-6.917564850E0,1.752106476E0,9.575587463E0
1.357909802E2,-6.858437805E0,1.804198151E0,9.587562561E0
1.358009572E2,-6.801556091E0,1.790426788E0,9.563762054E0
1.358109342E2,-6.765930176E0,1.836680603E0,9.508826294E0
1.358209122E2,-6.792425079E0,1.894161072E0,9.546098785E0
1.358308892E2,-6.887028351E0,1.909878387E0,9.616003418E0
1.358408662E2,-6.968459015E0,1.962868195E0,9.644743652E0
1.358508432E2,-6.910828857E0,2.025737457E0,9.529932404E0
1.358608202E2,-6.841223602E0,2.022593994E0,9.486822052E0
1.358707972E2,-6.876101074E0,2.023192749E0,9.458530884E0
1.358807742E2,-6.868017883E0,2.051034851E0,9.407337341E0
1.358907512E2,-6.752907257E0,2.142943726E0,9.207353210E0
1.359007282E2,-6.723867645E0,2.187850342E0,9.065448303E0
1.359107052E2,-6.774163055E0,2.135758667E0,9.171727295E0
1.359206822E2,-6.821614380E0,2.123035126E0,9.221423950E0
1.359306592E2,-6.700516205E0,2.183359680E0,9.153315582E0
1.359406362E2,-6.720574493E0,2.217937775E0,9.079818420E0
1.359506132E2,-6.844516754E0,2.095941467E0,9.262738037E0
1.359605902E2,-7.005132751E0,2.057920532E0,9.488618317E0
1.359705672E2,-6.910379791E0,2.158211975E0,9.371861115E0
1.359805442E2,-6.789730682E0,2.152074738E0,9.314081268E0
1.359905212E2,-6.920109558E0,2.016007690E0,9.378297729E0
1.360004982E2,-7.012916565E0,2.042951660E0,9.385482788E0
1.360104752E2,-6.892117767E0,2.239792328E0,9.273665314E0
1.360204522E2,-6.678511963E0,2.281256104E0,9.120533752E0
1.360304292E2,-6.716083832E0,2.110461273E0,9.147328033E0
1.360404062E2,-6.787635040E0,2.085612946E0,9.196276245E0
1.360503832E2,-6.477030945E0,2.107467499E0,9.285341034E0
1.360603602E2,-6.615493011E0,2.022593994E0,9.374106445E0
1.360703372E2,-6.956034851E0,1.981878662E0,9.409432983E0
1.360803142E2,-6.703060913E0,2.085313568E0,9.268426208E0
1.360902912E2,-6.404581604E0,2.262994080E0,8.993597717E0
1.361002682E2,-6.393654327E0,2.349663849E0,8.939111023E0
1.361102452E2,-6.570736084E0,2.322420502E0,9.063352661E0
1.361202222E2,-6.597829742E0,2.373913422E0,8.922495575E0
1.361301992E2,-6.433621216E0,2.485132141E0,8.748706970E0
1.361401762E2,-6.491251373E0,2.492766266E0,8.676706696E0
1.361501532E2,-6.574478302E0,2.290536804E0,8.960217133E0
1.361601302E2,-6.562802582E0,2.133213959E0,9.128766632E0
1.361701072E2,-6.628066864E0,2.224075012E0,9.026978302E0
1.361800842E2,-6.700216827E0,2.260000305E0,8.966803436E0
1.361900612E2,-6.728807373E0,2.072590027E0,8.994645538E0
1.362000382E2,-6.531517639E0,1.924547882E0,8.940009155E0
1.362100152E2,-6.469995575E0,2.102228394E0,8.800499268E0
1.362199922E2,-6.532415771E0,2.196382599E0,8.611143036E0
1.362299692E2,-6.516848145E0,2.052082672E0,8.535101166E0
1.362399462E2,-6.542893982E0,1.963017883E0,8.516689453E0
1.362499232E2,-6.573879547E0,2.181862793E0,8.511300659E0
1.362599002E2,-6.515950012E0,2.256407776E0,8.549471283E0
1.362698772E2,-6.535259857E0,2.020198975E0,8.570577393E0
1.362798542E2,-6.552773438E0,1.882635040E0,8.554411011E0
1.362898312E2,-6.606362000E0,1.962868195E0,8.733588409E0
1.362998082E2,-6.771318970E0,1.961520996E0,8.912915497E0
1.363097852E2,-6.612499237E0,1.765129395E0,8.739725647E0
1.363197622E2,-6.403234406E0,1.684147797E0,8.588989105E0
1.363297392E2,-6.258635101E0,1.789229279E0,8.595874786E0
1.363397172E2,-6.139482880E0,1.760788422E0,8.661139069E0
1.363496942E2,-6.228397980E0,1.709894257E0,8.518934784E0
1.363596712E2,-6.334676971E0,1.845961304E0,8.451724548E0
1.363696482E2,-6.412365417E0,2.073787537E0,8.432714081E0
1.363796252E2,-6.289770355E0,1.964664459E0,8.438851318E0
1.363896022E2,-6.240223389E0,1.729503479E0,8.402776337E0
1.363995792E2,-6.365812225E0,1.741777954E0,8.371042328E0
1.364095562E2,-6.412215729E0,1.827399902E0,8.411757660E0
1.364195332E2,-6.463409271E0,1.703457642E0,8.431815948E0
1.364295102E2,-6.327192535E0,1.505120087E0,8.329877930E0
1.364394872E2,-6.282435608E0,1.576371918E0,8.357121277E0
1.364494642E2,-6.328988800E0,1.661844177E0,8.356372833E0
1.364594412E2,-6.313870239E0,1.526375885E0,8.232580261E0
1.364694182E2,-6.278992767E0,1.417552185E0,8.159532166E0
1.364793952E2,-6.340664520E0,1.494342499E0,8.176746368E0
1.364893722E2,-6.285429382E0,1.529070282E0,8.175698547E0
1.364993492E2,-6.185437317E0,1.358275452E0,8.097111969E0
1.365093262E2,-6.147715759E0,1.210233307E0,8.079299011E0
1.365193032E2,-6.232738953E0,1.271905060E0,8.182733917E0
1.365292802E2,-6.351442108E0,1.238674164E0,8.289761353E0
1.365392572E2,-6.280489655E0,1.062939606E0,8.193062439E0
1.365492342E2,-6.256539459E0,1.046773224E0,8.100405121E0
1.365592112E2,-6.297554169E0,1.116378479E0,8.041278076E0
1.365691882E2,-6.223907318E0,9.948312378E-1,8.038134613E0
1.365791652E2,-6.173312531E0,8.083190918E-1,7.958799591E0
1.365891422E2,-6.166426849E0,8.443940735E-1,7.915539551E0
1.365991192E2,-6.206842804E0,9.898915100E-1,7.950716400E0
1.366090962E2,-6.188131714E0,9.312135315E-1,7.886949005E0
1.366190732E2,-6.016588440E0,6.905140686E-1,7.837851105E0
1.366290502E2,-6.074967041E0,7.059320068E-1,7.849227448E0
1.366390272E2,-6.187832336E0,8.171507263E-1,7.890092468E0
1.366490042E2,-6.159241791E0,7.429051208E-1,7.871381378E0
1.366589812E2,-6.115832062E0,5.528004456E-1,7.840545502E0
1.366689582E2,-6.172713776E0,5.394781494E-1,7.899822235E0
1.366789352E2,-6.236630859E0,6.032455444E-1,8.044870605E0
1.366889122E2,-6.144272919E0,5.207670593E-1,8.014334106E0
1.366988892E2,-5.979315948E0,4.101470947E-1,7.924820251E0
1.367088662E2,-6.023174744E0,4.881349182E-1,7.924071808E0
1.367188432E2,-5.986650696E0,4.740641785E-1,7.968978424E0
1.367288202E2,-5.877228241E0,2.808160400E-1,7.951614532E0
1.367387975E2,-5.824837189E0,1.924996948E-1,7.871531067E0
1.367487745E2,-5.798192596E0,2.469863892E-1,7.898325348E0
1.367587515E2,-5.816454620E0,2.405497742E-1,7.962990875E0
1.367687285E2,-5.779780884E0,1.026864624E-1,7.966433716E0
1.367787055E2,-5.745651855E0,1.347198486E-2,8.029003601E0
1.367886835E2,-5.882916412E0,9.385482788E-2,8.177794189E0
1.367986605E2,-5.966143341E0,6.152206421E-2,8.278834076E0
1.368086375E2,-5.943240967E0,-4.700225830E-2,8.198451233E0
1.368186145E2,-5.862109680E0,-2.170486450E-2,8.144862671E0
1.368285915E2,-5.788911896E0,-4.670288086E-2,8.195307770E0
1.368385685E2,-5.799689484E0,-1.576222229E-1,8.273594971E0
1.368485455E2,-5.725144501E0,-3.026705933E-1,8.281229095E0
1.368585225E2,-5.694608002E0,-4.014651489E-1,8.381520538E0
1.368684995E2,-5.803581390E0,-4.649331665E-1,8.505163422E0
1.368784765E2,-5.850284271E0,-5.770500183E-1,8.522677002E0
1.368884535E2,-5.684878235E0,-7.836204529E-1,8.472381592E0
1.368984305E2,-5.681136017E0,-9.898915100E-1,8.424780579E0
1.369084075E2,-5.770350494E0,-1.038989410E0,8.439150696E0
1.369183845E2,-5.798042908E0,-9.530680847E-1,8.425978088E0
1.369283615E2,-5.692512360E0,-8.872050476E-1,8.290360107E0
1.369383385E2,-5.628295898E0,-8.012837219E-1,8.203241272E0
1.369483155E2,-5.552553406E0,-6.162684631E-1,8.162376251E0
1.369582925E2,-5.271138611E0,-5.599855042E-1,7.999365234E0
1.369682695E2,-5.059478760E0,-6.858737183E-1,7.806865540E0
1.369782465E2,-5.029990082E0,-7.018904114E-1,7.697892151E0
1.369882235E2,-5.074747009E0,-7.592211914E-1,7.735014954E0
1.369982005E2,-5.081183624E0,-9.340576172E-1,7.755522308E0
1.370081775E2,-4.989873505E0,-1.215472412E0,7.857460327E0
1.370181545E2,-5.074597321E0,-1.353934479E0,8.047415314E0
1.370281315E2,-5.239853668E0,-1.259331207E0,8.180338898E0
1.370381085E2,-5.236859894E0,-1.263073425E0,8.183332672E0
1.370480855E2,-5.222340088E0,-1.322948914E0,8.055797882E0
1.370580625E2,-5.089865570E0,-1.276994476E0,7.942034454E0
1.370680395E2,-5.006339264E0,-1.150208130E0,7.853568420E0
1.370780165E2,-4.928201752E0,-1.234183502E0,7.710466003E0
1.370879935E2,-4.917124786E0,-1.376836853E0,7.665858765E0
1.370979705E2,-5.077890472E0,-1.441203003E0,7.652536469E0
1.371079475E2,-5.217250671E0,-1.484013977E0,7.623945923E0
1.371179245E2,-5.319637756E0,-1.575623474E0,7.550448761E0
1.371279015E2,-5.406307526E0,-1.661544800E0,7.437134399E0
1.371378785E2,-5.515131226E0,-1.654060364E0,7.368876343E0
1.371478555E2,-5.602848816E0,-1.626817017E0,7.217541046E0
1.371578325E2,-5.559738464E0,-1.614243164E0,7.152127075E0
1.371678095E2,-5.567522278E0,-1.674717407E0,7.110962677E0
1.371777875E2,-5.569318542E0,-1.704655151E0,7.049590302E0
1.371877645E2,-5.643863525E0,-1.684147797E0,6.975494385E0
1.371977415E2,-5.667214966E0,-1.729353790E0,6.868616638E0
1.372077185E2,-5.640570374E0,-1.847458191E0,6.820416870E0
1.372176955E2,-5.651497650E0,-1.947450256E0,6.860383759E0
1.372276725E2,-5.637277222E0,-2.038610687E0,6.942263489E0
1.372376495E2,-5.663622437E0,-2.135908356E0,6.968459015E0
1.372476265E2,-5.694907379E0,-2.227368164E0,6.960974579E0
1.372576035E2,-5.705684967E0,-2.304607544E0,6.938072205E0
1.372675805E2,-5.693709869E0,-2.340083771E0,6.893614655E0
1.372775575E2,-5.707032166E0,-2.319875793E0,6.865173798E0
1.372875345E2,-5.643414459E0,-2.343526611E0,6.802304535E0
1.372975115E2,-5.550457764E0,-2.438129883E0,6.719227295E0
1.373074885E2,-5.440735931E0,-2.562521210E0,6.659800873E0
1.373174655E2,-5.430407410E0,-2.633773041E0,6.584806824E0
1.373274425E2,-5.353168030E0,-2.648891602E0,6.628515930E0
1.373374195E2,-5.489833832E0,-2.747536469E0,6.584357758E0
1.373473965E2,-5.626799011E0,-2.759062500E0,6.473737793E0
1.373573735E2,-5.695057068E0,-2.694247284E0,6.287824402E0
1.373673505E2,-5.619763641E0,-2.776875458E0,6.092330933E0
1.373773275E2,-5.648354187E0,-2.861748962E0,6.028862915E0
1.373873045E2,-5.760321350E0,-2.820883942E0,6.059399414E0
1.373972815E2,-5.873635712E0,-2.830164642E0,6.022575989E0
1.374072585E2,-5.838309174E0,-2.980601807E0,5.936355286E0
1.374172355E2,-5.844446411E0,-3.075354767E0,5.894143066E0
1.374272125E2,-6.014193420E0,-3.048859863E0,5.830974426E0
1.374371895E2,-6.143823853E0,-3.105741577E0,5.945635986E0
1.374471665E2,-6.266418915E0,-3.308569794E0,6.033353577E0
1.374571435E2,-6.457571411E0,-3.403322754E0,6.010451202E0
1.374671205E2,-6.571334839E0,-3.330873413E0,5.934109955E0
1.374770975E2,-6.554420013E0,-3.375780029E0,5.823789368E0
1.374870745E2,-6.530170441E0,-3.490890656E0,5.783822479E0
1.374970515E2,-6.569089508E0,-3.407064972E0,5.773943024E0
1.375070285E2,-6.508914642E0,-3.287014618E0,5.657485199E0
1.375170065E2,-6.364465027E0,-3.377127228E0,5.508694611E0
1.375269835E2,-6.271208954E0,-3.564836884E0,5.444029083E0
1.375369605E2,-6.314019928E0,-3.604953461E0,5.501509552E0
1.375469375E2,-6.418951721E0,-3.667373657E0,5.588329010E0
1.375569145E2,-6.495442657E0,-3.866160278E0,5.618865509E0
1.375668915E2,-6.596033478E0,-3.930526428E0,5.681285706E0
1.375768685E2,-6.715934143E0,-3.885619812E0,5.690416718E0
1.375868455E2,-6.720424805E0,-3.953428802E0,5.662275238E0
1.375968225E2,-6.659800873E0,-4.130360870E0,5.736071777E0
1.376067995E2,-6.753206635E0,-4.139192505E0,5.829776917E0
1.376167765E2,-6.886579285E0,-3.955075378E0,5.815855865E0
1.376267535E2,-6.914870453E0,-3.980821838E0,5.798791351E0
1.376367305E2,-6.947502594E0,-3.978726196E0,5.732329559E0
1.376467075E2,-6.937473450E0,-3.914958801E0,5.717959442E0
1.376566845E2,-6.926695862E0,-3.962410126E0,5.760920105E0
1.376666615E2,-6.919959869E0,-4.051325226E0,5.739514618E0
1.376766385E2,-6.808591461E0,-4.124822388E0,5.840704193E0
1.376866155E2,-6.885980530E0,-4.061803436E0,5.959107971E0
1.376965925E2,-6.821015625E0,-4.084855499E0,5.960006104E0
1.377065695E2,-6.749763794E0,-4.257895660E0,5.968388672E0
1.377165465E2,-6.796316986E0,-4.262086945E0,6.041586456E0
1.377265235E2,-6.903943176E0,-4.111051025E0,6.111790466E0
1.377365008E2,-6.940167847E0,-4.096830597E0,6.005062408E0
1.377464778E2,-6.865772552E0,-4.122577057E0,5.875282288E0
1.377564547E2,-6.808890839E0,-4.115691376E0,5.846542053E0
1.377664318E2,-6.866371307E0,-4.170178070E0,5.920637970E0
1.377764088E2,-7.006779327E0,-4.236939240E0,5.972579956E0
1.377863857E2,-7.058571625E0,-4.355043640E0,5.969885559E0
1.377963627E2,-7.229067078E0,-4.339625702E0,6.016139374E0
1.378063398E2,-7.325167236E0,-4.395010529E0,6.013145599E0
1.378163168E2,-7.359146576E0,-4.589306488E0,6.067033539E0
1.378262937E2,-7.438182220E0,-4.708159332E0,6.108796692E0
1.378362718E2,-7.542964325E0,-4.726421356E0,6.188730469E0
1.378462488E2,-7.700736237E0,-4.694537659E0,6.216422882E0
1.378562257E2,-7.721992035E0,-4.768483887E0,6.187532959E0
1.378662028E2,-7.743996277E0,-4.848118286E0,6.233786774E0
1.378761798E2,-7.849975891E0,-4.778063965E0,6.248905334E0
1.378861567E2,-7.884853363E0,-4.766687622E0,6.264922028E0
1.378961337E2,-7.822433167E0,-4.751718750E0,6.279890900E0
1.379061108E2,-7.774083710E0,-4.682263184E0,6.289770355E0
1.379160878E2,-7.815846863E0,-4.557572479E0,6.230643311E0
1.379260647E2,-7.729775848E0,-4.596940613E0,6.098318481E0
1.379360418E2,-7.661667480E0,-4.750371552E0,6.129453735E0
1.379460188E2,-7.766898651E0,-4.749922485E0,6.296057281E0
1.379559957E2,-7.969876556E0,-4.784350891E0,6.457870789E0
1.379659727E2,-8.173902283E0,-4.890929260E0,6.570885773E0
1.379759498E2,-8.252638550E0,-4.926255798E0,6.654561768E0
1.379859268E2,-8.380772095E0,-4.820276184E0,6.770271149E0
1.379959037E2,-8.483009491E0,-4.621040497E0,6.757248230E0
1.380058808E2,-8.449179840E0,-4.543950806E0,6.674021301E0
1.380158578E2,-8.327482910E0,-4.350852356E0,6.613397369E0
1.380258347E2,-8.307274933E0,-4.207450562E0,6.581064606E0
1.380358117E2,-8.378826141E0,-4.105213165E0,6.570436707E0
1.380457888E2,-8.207731934E0,-4.035757599E0,6.634503479E0
1.380557658E2,-8.294850769E0,-4.038901062E0,6.737189941E0
1.380657427E2,-8.435258789E0,-4.084705811E0,6.852899323E0
1.380757198E2,-8.515791321E0,-4.206851807E0,6.910828857E0
1.380856968E2,-8.639284515E0,-4.314927063E0,7.073540497E0
1.380956737E2,-8.750054169E0,-4.362228699E0,7.274123383E0
1.381056507E2,-8.843908997E0,-4.430037689E0,7.425907745E0
1.381156278E2,-8.840615845E0,-4.457131348E0,7.430548096E0
1.381256048E2,-8.800948334E0,-4.475692749E0,7.444469147E0
1.381355827E2,-8.750203857E0,-4.431833954E0,7.438930664E0
1.381455598E2,-8.665180664E0,-4.434678040E0,7.408094788E0
1.381555368E2,-8.705446930E0,-4.390070801E0,7.400760040E0
1.381655137E2,-8.743467865E0,-4.317771149E0,7.375312958E0
1.381754907E2,-8.779842224E0,-4.425846405E0,7.491321716E0
1.381854678E2,-8.877588959E0,-4.458927612E0,7.520960083E0
1.381954448E2,-8.856482849E0,-4.391717377E0,7.510032806E0
1.382054217E2,-8.854686584E0,-4.369563446E0,7.512128448E0
1.382153988E2,-8.819509735E0,-4.353846130E0,7.501500549E0
1.382253758E2,-8.752299500E0,-4.327051849E0,7.605683899E0
1.382353527E2,-8.888815613E0,-4.223916321E0,7.546257477E0
1.382453298E2,-8.825497284E0,-4.196972351E0,7.472910004E0
1.382553068E2,-8.785680084E0,-4.157753906E0,7.692353668E0
1.382652837E2,-8.744515686E0,-4.174519043E0,7.747439117E0
1.382752607E2,-8.659492493E0,-4.097728729E0,7.842641144E0
1.382852378E2,-8.895401917E0,-4.061953125E0,7.989336090E0
1.382952148E2,-9.023834839E0,-4.042343903E0,8.050109711E0
1.383051917E2,-8.968599701E0,-3.962709503E0,8.084687805E0
1.383151688E2,-8.907377014E0,-3.809428253E0,8.079448700E0
1.383251458E2,-8.827143860E0,-3.653302917E0,8.163573761E0
1.383351227E2,-8.844956818E0,-3.740122375E0,8.308023376E0
1.383450997E2,-8.881181488E0,-3.770060120E0,8.301287384E0
1.383550768E2,-8.871751099E0,-3.618724823E0,8.263715515E0
1.383650538E2,-8.866511993E0,-3.614982605E0,8.262368317E0
1.383750307E2,-8.827143860E0,-3.661236420E0,8.258925476E0
1.383850078E2,-8.761729889E0,-3.605851593E0,8.363557892E0
1.383949848E2,-8.843010864E0,-3.513343964E0,8.465046844E0
1.384049617E2,-8.901389465E0,-3.437451782E0,8.540939026E0
1.384149387E2,-8.996591492E0,-3.471880188E0,8.662186890E0
1.384249168E2,-9.002279663E0,-3.398383026E0,8.593330078E0
1.384348938E2,-8.884175262E0,-3.324736176E0,8.600215759E0
1.384448707E2,-8.906478882E0,-3.302881622E0,8.665180664E0
1.384548478E2,-8.863218842E0,-3.301983490E0,8.713081055E0
1.384648248E2,-8.882378998E0,-3.269800415E0,8.818461914E0
1.384748017E2,-8.945847015E0,-3.203638000E0,8.826844482E0
1.384847787E2,-8.976084137E0,-3.117267609E0,8.868158569E0
1.384947558E2,-8.931327209E0,-3.119662628E0,8.869206390E0
1.385047328E2,-8.842561798E0,-3.047512665E0,8.887767792E0
1.385147097E2,-8.806636505E0,-2.881657562E0,8.922196198E0
1.385246868E2,-8.784183197E0,-2.778971100E0,8.926986237E0
1.385346638E2,-8.708590393E0,-2.779569855E0,8.910071411E0
1.385446407E2,-8.634494476E0,-2.718197479E0,8.942853241E0
1.385546177E2,-8.538544006E0,-2.668351135E0,9.027876434E0
1.385645948E2,-8.531808014E0,-2.643053741E0,9.152118073E0
1.385745718E2,-8.547225952E0,-2.628234558E0,9.276509399E0
1.385845487E2,-8.501570892E0,-2.622845764E0,9.334139557E0
1.385945258E2,-8.419092407E0,-2.553689575E0,9.339977417E0
1.386045028E2,-8.313861237E0,-2.520458679E0,9.367370453E0
1.386144797E2,-8.267607422E0,-2.471959534E0,9.423803101E0
1.386244567E2,-8.195307770E0,-2.379751282E0,9.418264618E0
1.386344338E2,-8.149053955E0,-2.268233185E0,9.416618042E0
1.386444108E2,-8.196954346E0,-2.189646606E0,9.422904968E0
1.386543877E2,-8.182284851E0,-2.162852325E0,9.482181702E0
1.386643648E2,-8.168962555E0,-2.173629913E0,9.507928162E0
1.386743418E2,-8.222700806E0,-2.064506836E0,9.542506256E0
1.386843187E2,-8.276738434E0,-1.975891113E0,9.568103027E0
1.386942957E2,-8.300239563E0,-2.018253021E0,9.555978241E0
1.387042738E2,-8.336613922E0,-1.972298584E0,9.536967773E0
1.387142507E2,-8.277187500E0,-1.845512238E0,9.554181976E0
1.387242277E2,-8.294252014E0,-1.739532623E0,9.572294312E0
1.387342048E2,-8.303083649E0,-1.681603088E0,9.569001160E0
1.387441825E2,-8.242459717E0,-1.640139313E0,9.569899292E0
1.387541595E2,-8.281229095E0,-1.470242615E0,9.592202911E0
1.387641365E2,-8.189769287E0,-1.368753662E0,9.599088593E0
1.387741135E2,-8.179440765E0,-1.331181793E0,9.680519257E0
1.387840905E2,-8.202941895E0,-1.185684357E0,9.668993225E0
1.387940675E2,-8.030201111E0,-1.115480347E0,9.708361359E0
1.388040445E2,-8.005652161E0,-1.040037231E0,9.761650543E0
1.388140215E2,-8.068222046E0,-9.909393311E-1,9.731563110E0
1.388239985E2,-7.928263092E0,-9.015751648E-1,9.827663269E0
1.388339755E2,-7.852221222E0,-7.265890503E-1,9.854607239E0
1.388439525E2,-7.813152466E0,-6.807843018E-1,9.875863037E0
1.388539295E2,-7.783663788E0,-7.349716187E-1,9.848619690E0
1.388639065E2,-7.757468262E0,-6.786886597E-1,9.812245331E0
1.388738835E2,-7.787705383E0,-5.616320801E-1,9.896669769E0
1.388838605E2,-7.889194336E0,-5.289999390E-1,9.961634674E0
1.388938375E2,-7.912396088E0,-5.216651917E-1,9.952803040E0
1.389038145E2,-7.894134064E0,-4.290078735E-1,9.930349731E0
1.389137915E2,-7.888595581E0,-3.296145630E-1,9.899962921E0
1.389237685E2,-7.913593597E0,-3.062631226E-1,9.920769653E0
1.389337455E2,-8.054001617E0,-2.297721863E-1,1.004052063E1
1.389437225E2,-8.155789948E0,-5.343887329E-2,1.007165588E1
1.389536995E2,-8.120912476E0,1.484912109E-1,1.013796799E1
1.389636765E2,-7.984845428E0,1.830693054E-1,1.017149826E1
1.389736545E2,-7.840545502E0,1.531315613E-1,1.014784744E1
1.389836315E2,-7.582631836E0,2.332150269E-1,1.012599289E1
1.389936085E2,-7.502698059E0,3.177891541E-1,1.019380188E1
1.390035855E2,-7.566764832E0,3.971241760E-1,1.024709106E1
1.390135625E2,-7.464677124E0,4.153862000E-1,1.017045044E1
1.390235395E2,-7.307503967E0,5.034031677E-1,1.007839188E1
1.390335165E2,-7.159611511E0,5.824388123E-1,1.006177643E1
1.390434935E2,-7.092101898E0,5.197192383E-1,1.016476227E1
1.390534705E2,-7.088958435E0,5.948629761E-1,1.017179764E1
1.390634475E2,-7.031927032E0,8.092172241E-1,1.018901184E1
1.390734245E2,-7.137756958E0,8.677455139E-1,1.028032196E1
1.390834015E2,-7.137307892E0,8.195457458E-1,1.028945297E1
1.390933785E2,-7.034022675E0,8.589138794E-1,1.027238846E1
1.391033555E2,-7.095694427E0,1.025966492E0,1.031011002E1
1.391133325E2,-7.204218750E0,1.035696259E0,1.036309982E1
1.391233095E2,-7.245682526E0,9.714797974E-1,1.027388535E1
1.391332865E2,-7.230114899E0,1.082099762E0,1.011761032E1
1.391432635E2,-7.172335052E0,1.178349609E0,1.008153534E1
1.391532405E2,-7.149282990E0,1.154848480E0,1.009306137E1
1.391632175E2,-7.152426453E0,1.145567780E0,9.988728333E0
1.391731945E2,-7.280110931E0,1.339414673E0,9.865384827E0
1.391831715E2,-7.331603851E0,1.465901642E0,9.807155914E0
1.391931485E2,-7.415130157E0,1.388063507E0,9.756112061E0
1.392031255E2,-7.248676300E0,1.361418915E0,9.776619415E0
1.392131025E2,-7.236701202E0,1.381327515E0,9.852661285E0
1.392230795E2,-7.318730621E0,1.443448334E0,9.819580078E0
1.392330565E2,-7.421716461E0,1.486708374E0,9.762848053E0
1.392430345E2,-7.404801636E0,1.550176392E0,9.696086884E0
1.392530115E2,-7.265142059E0,1.685345306E0,9.629924469E0
1.392629885E2,-7.109016724E0,1.726210327E0,9.606123962E0
1.392729655E2,-7.077582092E0,1.688638458E0,9.557624817E0
1.392829425E2,-6.982829132E0,1.811233521E0,9.495653687E0
1.392929195E2,-6.924151154E0,1.970502319E0,9.478140106E0
1.393028965E2,-6.930288391E0,2.003882904E0,9.589807892E0
1.393128735E2,-6.966962128E0,1.997146912E0,9.612261200E0
1.393228505E2,-6.909032593E0,2.113005981E0,9.572294312E0
1.393328275E2,-6.813381500E0,2.221380615E0,9.543853455E0
1.393428045E2,-6.727310486E0,2.201621704E0,9.608069916E0
1.393527815E2,-6.705306244E0,2.226020966E0,9.619446259E0
1.393627585E2,-6.812633057E0,2.304906921E0,9.459728394E0
1.393727355E2,-6.754104767E0,2.407294006E0,9.463470612E0
1.393827125E2,-6.815926208E0,2.424807587E0,9.483379211E0
1.393926895E2,-6.697372742E0,2.452500000E0,9.350305939E0
1.394026665E2,-6.646328888E0,2.612666931E0,9.338031464E0
1.394126435E2,-6.609206085E0,2.742147675E0,9.318871307E0
1.394226205E2,-6.621630249E0,2.734962616E0,9.174870758E0
1.394325975E2,-6.570885773E0,2.701731720E0,9.141490173E0
1.394425745E2,-6.450685730E0,2.754871216E0,9.034762115E0
1.394525515E2,-6.317762146E0,2.724783783E0,9.084009705E0
1.394625285E2,-6.492448883E0,2.644999695E0,9.073980560E0
1.394725055E2,-6.493796082E0,2.738704834E0,8.893905029E0
1.394824825E2,-6.327192535E0,2.812800751E0,8.838370514E0
1.394924595E2,-6.375092926E0,2.697091370E0,8.912167053E0
1.395024375E2,-6.427933044E0,2.647694092E0,8.930728455E0
1.395124145E2,-6.291267242E0,2.740800476E0,8.694369965E0
1.395223915E2,-6.242319031E0,2.840642853E0,8.684640198E0
1.395323685E2,-6.346352692E0,2.819836121E0,8.678203583E0
1.395423455E2,-6.400240631E0,2.737058258E0,8.892857208E0
1.395523225E2,-6.289021912E0,2.780168610E0,8.758885803E0
1.395622995E2,-6.160139923E0,2.886746979E0,8.668024750E0
1.395722765E2,-6.281537476E0,2.783312073E0,8.778345337E0
1.395822535E2,-6.376290436E0,2.669698334E0,8.801696777E0
1.395922305E2,-6.151308289E0,2.800226898E0,8.666527863E0
1.396022075E2,-5.949228516E0,2.858156433E0,8.569230194E0
1.396121845E2,-6.026318207E0,2.779869232E0,8.731193390E0
1.396221615E2,-6.014941864E0,2.687361603E0,8.881929932E0
1.396321385E2,-5.913452911E0,2.737207947E0,8.851992188E0
1.396421155E2,-5.870641937E0,2.749482422E0,8.802295532E0
1.396520925E2,-5.932164001E0,2.703078918E0,8.824299774E0
1.396620695E2,-6.029611359E0,2.786904602E0,8.544681244E0
1.396720465E2,-5.731281738E0,2.838696899E0,8.298742676E0
1.396820235E2,-5.749094696E0,3.001109161E0,8.180638275E0
1.396920005E2,-5.815855865E0,3.015778656E0,8.147706757E0
1.397019775E2,-5.714965668E0,2.967129822E0,8.082292786E0
1.397119545E2,-5.553601227E0,3.009042664E0,7.941735077E0
1.397219315E2,-5.593119049E0,2.981499939E0,7.938591614E0
1.397319085E2,-5.829477539E0,2.864143982E0,8.004155273E0
1.397418842E2,-5.909411316E0,2.712509308E0,8.049960022E0
1.397518623E2,-5.785618744E0,2.593806152E0,8.110434265E0
1.397618393E2,-5.804629211E0,2.576442261E0,8.042176208E0
1.397718162E2,-5.776038666E0,2.504142609E0,8.082592163E0
1.397817933E2,-5.764213257E0,2.495909729E0,8.123606873E0
1.397917703E2,-5.811215515E0,2.551294556E0,7.833659821E0
1.398017472E2,-5.744903412E0,2.615361328E0,7.825726318E0
1.398117242E2,-5.662424927E0,2.639311523E0,7.912695465E0
1.398217013E2,-5.664520569E0,2.575544128E0,7.796087952E0
1.398316783E2,-5.744005280E0,2.766097870E0,7.682025146E0
1.398416552E2,-5.690566406E0,2.811154175E0,7.803422699E0
1.398516323E2,-5.690716095E0,2.691552887E0,8.004604340E0
1.398616093E2,-5.629942474E0,2.515968018E0,8.098459167E0
1.398715862E2,-5.654641113E0,2.425705719E0,8.117769012E0
1.398815632E2,-5.770949249E0,2.441423035E0,8.030350800E0
1.398915403E2,-5.663023682E0,2.350112915E0,8.100704498E0
1.399015173E2,-5.673801270E0,2.200873260E0,8.115523682E0
1.399114942E2,-5.649402008E0,2.146536255E0,7.924071808E0
1.399214713E2,-5.442083130E0,2.097438354E0,7.824828186E0
1.399314483E2,-5.305716705E0,2.064506836E0,7.748037872E0
1.399414252E2,-5.300776978E0,2.067650299E0,7.687713318E0
1.399514022E2,-5.370382233E0,2.106719055E0,7.588170319E0
1.399613793E2,-5.434149628E0,2.165097656E0,7.477400665E0
1.399713563E2,-5.335055695E0,2.215393066E0,7.312443695E0
1.399813342E2,-5.371579742E0,2.244133301E0,7.271428986E0
1.399913113E2,-5.378914490E0,2.127974854E0,7.409741364E0
1.400012883E2,-5.413193207E0,2.041005707E0,7.433092804E0
1.400112652E2,-5.473517761E0,1.999990997E0,7.368427277E0
1.400212422E2,-5.536536713E0,1.994153137E0,7.401807861E0
1.400312193E2,-5.470973053E0,1.861079865E0,7.525899811E0
1.400411963E2,-5.419031067E0,1.716031494E0,7.539820862E0
1.400511732E2,-5.407954102E0,1.711091766E0,7.504494324E0
1.400611503E2,-5.476062469E0,1.766925659E0,7.532785492E0
1.400711273E2,-5.454507294E0,1.750160522E0,7.469616852E0
1.400811042E2,-5.359005890E0,1.650018768E0,7.361541595E0
1.400910812E2,-5.359305267E0,1.641037445E0,7.335645447E0
1.401010583E2,-5.411097565E0,1.658551025E0,7.335196381E0
1.401110353E2,-5.395080872E0,1.533860321E0,7.408992920E0
1.401210122E2,-5.418582001E0,1.441951447E0,7.360344086E0
1.401309893E2,-5.464835815E0,1.449136505E0,7.289691010E0
1.401409663E2,-5.528902588E0,1.378333740E0,7.404502258E0
1.401509432E2,-5.499114532E0,1.084794159E0,7.426506500E0
1.401609202E2,-5.376369781E0,8.557704163E-1,7.430847473E0
1.401708973E2,-5.497917023E0,9.187893677E-1,7.367229767E0
1.401808743E2,-5.604495392E0,9.897418213E-1,7.330705719E0
1.401908512E2,-5.505251770E0,8.583151245E-1,7.317533112E0
1.402008283E2,-5.405559082E0,6.670129395E-1,7.193441162E0
1.402108053E2,-5.379363556E0,6.412664795E-1,7.225324860E0
1.402207822E2,-5.462440796E0,7.030879211E-1,7.295229492E0
1.402307603E2,-5.401667175E0,5.456153870E-1,7.245981903E0
1.402407373E2,-5.335953827E0,4.602928162E-1,7.128476257E0
1.402507142E2,-5.521867218E0,5.881269836E-1,7.115153961E0
1.402606912E2,-5.496569824E0,4.972659302E-1,7.177723846E0
1.402706683E2,-5.400170288E0,2.924917603E-1,7.091353455E0
1.402806453E2,-5.333708496E0,1.468446350E-1,7.036866760E0
1.402906222E2,-5.508844299E0,2.604583740E-1,7.055278473E0
1.403005993E2,-5.591322784E0,3.118016052E-1,7.155719604E0
1.403105763E2,-5.567372589E0,1.231938171E-1,7.174580383E0
1.403205532E2,-5.594466248E0,6.406677246E-2,7.183112640E0
1.403305302E2,-5.745951233E0,2.637515259E-1,7.221133575E0
1.403405073E2,-5.724246368E0,2.314187622E-1,7.225923615E0
1.403504843E2,-5.626499634E0,6.092330933E-2,7.148684235E0
1.403604612E2,-5.600453796E0,2.874023438E-2,7.167694702E0
1.403704383E2,-5.662724304E0,1.113684082E-1,7.310946808E0
1.403804153E2,-5.623805237E0,1.766326904E-2,7.424859924E0
1.403903922E2,-5.567222900E0,-1.829196167E-1,7.469167786E0
1.404003692E2,-5.531447296E0,-2.824626160E-1,7.609126740E0
1.404103463E2,-5.677543488E0,-1.348695374E-1,7.767796783E0
1.404203233E2,-5.683830414E0,-1.178050232E-1,7.816595306E0
1.404303002E2,-5.549559631E0,-3.448828125E-1,7.741750946E0
1.404402773E2,-5.480253754E0,-3.829037476E-1,7.791896667E0
1.404502553E2,-5.529351654E0,-2.923420715E-1,7.897576904E0
1.404602322E2,-5.439987488E0,-3.709286499E-1,7.925718384E0
1.404702092E2,-5.379213867E0,-5.652246094E-1,7.808063049E0
1.404801863E2,-5.308261414E0,-6.707551575E-1,7.863747253E0
1.404901633E2,-5.416935425E0,-6.372248840E-1,8.046367493E0
1.405001402E2,-5.413642273E0,-8.527766418E-1,8.145311737E0
1.405101173E2,-5.374573517E0,-1.234482880E0,8.184679871E0
1.405200943E2,-5.545817413E0,-1.325343933E0,8.225245514E0
1.405300712E2,-5.630541229E0,-1.378184052E0,8.327782288E0
1.405400482E2,-5.595364380E0,-1.602866821E0,8.290360107E0
1.405500253E2,-5.526956635E0,-1.768871613E0,8.199948120E0
1.405600023E2,-5.481002197E0,-1.642384644E0,8.138426056E0
1.405699792E2,-5.352868652E0,-1.424288177E0,8.026907959E0
1.405799563E2,-5.178780670E0,-1.342408447E0,7.865244141E0
1.405899333E2,-4.854554901E0,-1.287173309E0,7.817942505E0
1.405999102E2,-4.823419647E0,-1.160087585E0,7.802674255E0
1.406098873E2,-4.838388519E0,-1.063987427E0,7.734416199E0
1.406198643E2,-4.758754120E0,-1.230740662E0,7.652686157E0
1.406298413E2,-4.748575287E0,-1.468895416E0,7.696844330E0
1.406398182E2,-4.833897858E0,-1.636546783E0,7.919730835E0
1.406497953E2,-4.918022919E0,-1.682351532E0,8.133636017E0
1.406597723E2,-4.927752686E0,-1.761237488E0,8.276888123E0
1.406697502E2,-4.967120819E0,-1.801653442E0,8.328381042E0
1.406797273E2,-5.045707397E0,-1.556463318E0,8.329877930E0
1.406897043E2,-4.875361633E0,-1.340013428E0,8.145162048E0
1.406996812E2,-4.605323181E0,-1.471440125E0,7.940836945E0
1.407096582E2,-4.498295746E0,-1.500180359E0,7.846383362E0
1.407196353E2,-4.630470886E0,-1.320553894E0,7.840695190E0
1.407296123E2,-4.799020386E0,-1.322948914E0,7.740254059E0
1.407395894E2,-5.010680237E0,-1.561552734E0,7.696395264E0
1.407495664E2,-5.167703705E0,-1.600621490E0,7.643106079E0
1.407595434E2,-5.259762268E0,-1.533710632E0,7.580386505E0
1.407695204E2,-5.420378265E0,-1.573827209E0,7.484436035E0
1.407794974E2,-5.526507568E0,-1.732646942E0,7.357500000E0
1.407894744E2,-5.711971893E0,-1.687740326E0,7.253166962E0
1.407994514E2,-5.833219757E0,-1.555714874E0,7.134463806E0
1.408094284E2,-5.791755981E0,-1.745071106E0,7.005881195E0
1.408194054E2,-5.863007812E0,-1.798959045E0,6.952592010E0
1.408293824E2,-5.921536102E0,-1.731449432E0,6.990313568E0
1.408393594E2,-5.992039490E0,-1.816622314E0,7.065756683E0
1.408493364E2,-6.115532684E0,-1.994901581E0,7.054829407E0
1.408593134E2,-6.066285095E0,-2.056423645E0,7.019353180E0
1.408692904E2,-5.972729645E0,-2.042951660E0,6.882388000E0
1.408792674E2,-5.894741821E0,-2.073787537E0,6.700366516E0
1.408892444E2,-5.881269836E0,-2.283052368E0,6.660998383E0
1.408992224E2,-6.071524200E0,-2.299218750E0,6.733447723E0
1.409091994E2,-6.161636810E0,-2.287543030E0,6.778504028E0
1.409191764E2,-6.187982025E0,-2.498903503E0,6.770720215E0
1.409291534E2,-6.209237823E0,-2.720592499E0,6.626569977E0
1.409391304E2,-6.189778290E0,-2.706222382E0,6.557413788E0
1.409491074E2,-6.292913818E0,-2.624192963E0,6.457122345E0
1.409590844E2,-6.284381561E0,-2.675835571E0,6.390510864E0
1.409690614E2,-6.255341949E0,-2.785856781E0,6.345604248E0
1.409790384E2,-6.282734985E0,-2.692001953E0,6.195017395E0
1.409890154E2,-6.228697357E0,-2.622396698E0,6.023923187E0
1.409989924E2,-6.264173584E0,-2.721340942E0,5.950575714E0
1.410089694E2,-6.324348450E0,-2.897374878E0,5.953419800E0
1.410189464E2,-6.427633667E0,-2.922073517E0,5.952371979E0
1.410289234E2,-6.515500946E0,-2.901566162E0,5.886359253E0
1.410389004E2,-6.533463593E0,-3.069367218E0,5.852230225E0
1.410488774E2,-6.616989899E0,-3.227139130E0,5.870492249E0
1.410588544E2,-6.737189941E0,-3.277434540E0,5.926625519E0
1.410688314E2,-6.824608154E0,-3.271446991E0,5.898633728E0
1.410788084E2,-6.800358582E0,-3.378175049E0,5.804329834E0
1.410887854E2,-6.805298309E0,-3.391197968E0,5.693410492E0
1.410987634E2,-6.808292084E0,-3.281625824E0,5.663772125E0
1.411087404E2,-6.768774261E0,-3.334465942E0,5.598956909E0
1.411187174E2,-6.862030334E0,-3.415297852E0,5.528303833E0
1.411286944E2,-6.922504578E0,-3.487896881E0,5.483097839E0
1.411386714E2,-7.040309601E0,-3.541335754E0,5.489684143E0
1.411486484E2,-7.149133301E0,-3.615281982E0,5.452860718E0
1.411586254E2,-7.232809296E0,-3.765569458E0,5.473667450E0
1.411686024E2,-7.408543854E0,-3.841311951E0,5.572012939E0
1.411785794E2,-7.451055450E0,-3.949387207E0,5.648503876E0
1.411885564E2,-7.516469421E0,-4.091292114E0,5.657335510E0
1.411985334E2,-7.497309265E0,-4.097878418E0,5.648354187E0
1.412085104E2,-7.487579498E0,-4.102069702E0,5.691614227E0
1.412184874E2,-7.632328491E0,-4.000880127E0,5.680836639E0
1.412284644E2,-7.557633820E0,-3.975283356E0,5.574557648E0
1.412384414E2,-7.391179962E0,-4.029919739E0,5.584586792E0
1.412484184E2,-7.347770233E0,-4.089944916E0,5.670957184E0
1.412583954E2,-7.375762024E0,-4.104614410E0,5.738017731E0
1.412683724E2,-7.354057159E0,-4.180356903E0,5.784271545E0
1.412783494E2,-7.396419067E0,-4.178111572E0,5.827531586E0
1.412883264E2,-7.359296265E0,-4.170926514E0,5.871689758E0
1.412983034E2,-7.327861633E0,-4.244573364E0,5.927523651E0
1.413082814E2,-7.325466614E0,-4.301904144E0,5.983656921E0
1.413182584E2,-7.353608093E0,-4.305197296E0,5.990542603E0
1.413282354E2,-7.337441711E0,-4.253404999E0,5.861959991E0
1.413382124E2,-7.328759766E0,-4.264032898E0,5.844446411E0
1.413481894E2,-7.375911713E0,-4.285887451E0,5.913602600E0
1.413581664E2,-7.561825104E0,-4.282294922E0,5.956114197E0
1.413681434E2,-7.618557129E0,-4.193230133E0,5.931864624E0
1.413781204E2,-7.589367828E0,-4.311484222E0,5.763315125E0
1.413880974E2,-7.618856506E0,-4.324357452E0,5.716312866E0
1.413980744E2,-7.539820862E0,-4.516108704E0,5.964945831E0
1.414080514E2,-7.735314331E0,-4.605023804E0,6.120921478E0
1.414180284E2,-8.054450684E0,-4.393513641E0,6.054908752E0
1.414280054E2,-8.014633484E0,-4.476590881E0,6.100114746E0
1.414379824E2,-8.103099518E0,-4.587809601E0,5.985303497E0
1.414479594E2,-8.180338898E0,-4.525539093E0,6.017187195E0
1.414579364E2,-8.077053680E0,-4.674629059E0,6.217919769E0
1.414679134E2,-8.137827301E0,-4.741839294E0,6.236930237E0
1.414778904E2,-8.234077148E0,-4.773273926E0,6.271059265E0
1.414878674E2,-8.271349640E0,-4.681664429E0,6.271508331E0
1.414978444E2,-8.158484344E0,-4.500990143E0,6.227948914E0
1.415078224E2,-8.089028778E0,-4.516108704E0,6.355783081E0
1.415177994E2,-8.104297028E0,-4.605622559E0,6.316115570E0
1.415277764E2,-8.051606598E0,-4.650229797E0,6.265670471E0
1.415377534E2,-7.996670837E0,-4.781955872E0,6.239924011E0
1.415477304E2,-8.023764496E0,-4.816084900E0,6.395151215E0
1.415577074E2,-8.157885590E0,-4.893773346E0,6.649771729E0
1.415676844E2,-8.317753143E0,-4.912035370E0,6.680906982E0
1.415776614E2,-8.459658051E0,-4.859794006E0,6.725364532E0
1.415876384E2,-8.536298676E0,-4.825814667E0,6.754404144E0
1.415976154E2,-8.580905914E0,-4.757406921E0,6.776109009E0
1.416075924E2,-8.617429962E0,-4.634063416E0,6.748117218E0
1.416175694E2,-8.559051361E0,-4.364024963E0,6.617438965E0
1.416275464E2,-8.464597778E0,-4.212390289E0,6.595135345E0
1.416375234E2,-8.472231903E0,-4.126019897E0,6.548881531E0
1.416475004E2,-8.503367157E0,-4.221820679E0,6.748715973E0
1.416574774E2,-8.671916656E0,-4.256997528E0,6.985523529E0
1.416674544E2,-8.812773743E0,-4.295317841E0,7.075636139E0
1.416774314E2,-8.888815613E0,-4.411625977E0,7.270680542E0
1.416874084E2,-8.922794952E0,-4.379143524E0,7.331005096E0
1.416973854E2,-8.838969269E0,-4.447551270E0,7.314838715E0
1.417073624E2,-8.828940125E0,-4.450395355E0,7.380252686E0
1.417173404E2,-8.760382690E0,-4.331542511E0,7.375762024E0
1.417273174E2,-8.682843933E0,-4.348756714E0,7.367229767E0
1.417372944E2,-8.643176422E0,-4.333338776E0,7.364235992E0
1.417472713E2,-8.589438171E0,-4.355343018E0,7.451055450E0
1.417572483E2,-8.808582458E0,-4.363875275E0,7.524103546E0
1.417672253E2,-8.917555847E0,-4.312082977E0,7.434440002E0
1.417772022E2,-8.817414093E0,-4.390669556E0,7.408244476E0
1.417871793E2,-8.828491058E0,-4.363276520E0,7.485633545E0
1.417971563E2,-8.858279114E0,-4.347409515E0,7.582631836E0
1.418071332E2,-8.927734680E0,-4.409230957E0,7.664062500E0
1.418171103E2,-8.903634796E0,-4.257147217E0,7.638615417E0
1.418270873E2,-8.959019623E0,-4.120182037E0,7.644153900E0
1.418370642E2,-8.998687134E0,-4.060605927E0,7.682623901E0
1.418470412E2,-8.877439270E0,-4.070784760E0,7.710316315E0
1.418570183E2,-8.891809387E0,-3.980223083E0,7.799231415E0
1.418669953E2,-8.870703278E0,-3.832480316E0,7.821535034E0
1.418769722E2,-8.791967010E0,-3.892655182E0,7.902217255E0
1.418869493E2,-8.753197632E0,-3.941154327E0,7.974965973E0
1.418969263E2,-8.739575958E0,-3.844904480E0,8.142317963E0
1.419069032E2,-8.901539154E0,-3.719615021E0,8.246351624E0
1.419168812E2,-8.879085846E0,-3.759282532E0,8.225095825E0
1.419268583E2,-8.782087555E0,-3.793710938E0,8.253087616E0
1.419368353E2,-8.726702728E0,-3.656296692E0,8.279432831E0
1.419468122E2,-8.696764984E0,-3.534749451E0,8.338559875E0
1.419567893E2,-8.788823547E0,-3.509002991E0,8.425529022E0
1.419667663E2,-8.836125183E0,-3.484304352E0,8.413553925E0
1.419767432E2,-8.833730164E0,-3.417992249E0,8.454119568E0
1.419867202E2,-8.908125458E0,-3.342698822E0,8.526419220E0
1.419966973E2,-8.958271179E0,-3.306174774E0,8.588090973E0
1.420066743E2,-8.970096588E0,-3.342549133E0,8.669671326E0
1.420166512E2,-9.027577057E0,-3.298840027E0,8.709488525E0
1.420266283E2,-9.060209198E0,-3.186423798E0,8.731343079E0
1.420366053E2,-9.065298615E0,-3.162473602E0,8.747359772E0
1.420465822E2,-8.977730713E0,-3.164868622E0,8.719966736E0
1.420565592E2,-8.903485107E0,-3.091072083E0,8.800948334E0
1.420665363E2,-8.952732697E0,-2.950664062E0,8.869954834E0
1.420765133E2,-8.926836548E0,-2.871628418E0,8.816066895E0
1.420864902E2,-8.835376740E0,-2.827021179E0,8.826545105E0
1.420964673E2,-8.846753082E0,-2.666854248E0,8.896898804E0
1.421064443E2,-8.807684326E0,-2.537373505E0,8.940308533E0
1.421164222E2,-8.791817322E0,-2.465672607E0,8.973539429E0
1.421263993E2,-8.719367981E0,-2.387235718E0,9.023086395E0
1.421363763E2,-8.637338562E0,-2.378553772E0,9.094787292E0
1.421463532E2,-8.624465332E0,-2.319576416E0,9.179660797E0
1.421563302E2,-8.598718872E0,-2.271975403E0,9.267827454E0
1.421663073E2,-8.585995331E0,-2.232607269E0,9.362281036E0
1.421762843E2,-8.599167938E0,-2.172133026E0,9.463620300E0
1.421862612E2,-8.554411011E0,-2.174827423E0,9.515711975E0
1.421962383E2,-8.500822449E0,-2.135758667E0,9.560169525E0
1.422062153E2,-8.454269257E0,-2.099384308E0,9.591454468E0
1.422161922E2,-8.429570618E0,-2.021695862E0,9.592951355E0
1.422261692E2,-8.376281433E0,-1.912722473E0,9.523795166E0
1.422361463E2,-8.227041779E0,-1.851350098E0,9.468260651E0
1.422461233E2,-8.175848236E0,-1.866318970E0,9.503886566E0
1.422561002E2,-8.192164307E0,-1.819466400E0,9.549242249E0
1.422660773E2,-8.132438507E0,-1.805096283E0,9.577383728E0
1.422760543E2,-8.150850220E0,-1.778002625E0,9.636959839E0
1.422860312E2,-8.212971039E0,-1.739682312E0,9.736802216E0
1.422960082E2,-8.285420380E0,-1.674717407E0,9.794582062E0
1.423059853E2,-8.265062714E0,-1.605411530E0,9.739047546E0
1.423159633E2,-8.231233063E0,-1.543141022E0,9.742340698E0
1.423259402E2,-8.233478394E0,-1.503772888E0,9.742490387E0
1.423359173E2,-8.194259949E0,-1.388961639E0,9.678573303E0
1.423458943E2,-8.138126678E0,-1.268761597E0,9.591155090E0
1.423558712E2,-8.058192902E0,-1.188079376E0,9.571845245E0
1.423658482E2,-8.066425781E0,-1.129850464E0,9.643097076E0
1.423758253E2,-8.043822784E0,-1.085991669E0,9.667047272E0
1.423858023E2,-8.005652161E0,-9.982740784E-1,9.708361359E0
1.423957792E2,-8.029452667E0,-9.177415466E-1,9.758806458E0
1.424057563E2,-7.990832977E0,-8.839118958E-1,9.788744202E0
1.424157333E2,-7.968529358E0,-8.036787415E-1,9.803114319E0
1.424257102E2,-7.959548035E0,-6.908134460E-1,9.855355682E0
1.424356872E2,-7.989934845E0,-6.289920044E-1,9.884245605E0
1.424456643E2,-7.989934845E0,-6.948550415E-1,9.914782104E0
1.424556413E2,-7.980953522E0,-6.873706055E-1,9.949360199E0
1.424656182E2,-8.040379944E0,-5.767506409E-1,1.002300705E1
1.424755953E2,-8.169860687E0,-5.005590820E-1,1.014500336E1
1.424855723E2,-8.296497345E0,-5.095404053E-1,1.026999344E1
1.424955502E2,-8.288563843E0,-4.442761230E-1,1.032088760E1
1.425055273E2,-8.231083374E0,-2.454895020E-1,1.032956955E1
1.425155043E2,-8.113877106E0,-1.166075134E-1,1.030097900E1
1.425254812E2,-7.882757721E0,-9.894424438E-2,1.023346939E1
1.425354582E2,-7.731123047E0,3.158432007E-2,1.013617172E1
1.425454353E2,-7.633975067E0,2.188449097E-1,1.009066635E1
1.425554123E2,-7.548203430E0,2.782713318E-1,1.005833359E1
1.425653892E2,-7.453300781E0,2.432441711E-1,1.005863297E1
1.425753663E2,-7.419920197E0,3.228785706E-1,1.008168503E1
1.425853433E2,-7.347321167E0,4.037104797E-1,1.015383499E1
1.425953202E2,-7.333549805E0,4.406835938E-1,1.021161484E1
1.426052972E2,-7.322622528E0,5.128335571E-1,1.022373962E1
1.426152743E2,-7.298223267E0,6.153703308E-1,1.023032593E1
1.426252513E2,-7.298223267E0,6.551875305E-1,1.027208908E1
1.426352282E2,-7.289691010E0,6.601272583E-1,1.030442184E1
1.426452053E2,-7.304210815E0,8.053253174E-1,1.027448410E1
1.426551823E2,-7.339986420E0,1.005309448E0,1.023945694E1
1.426651592E2,-7.290888519E0,1.016087036E0,1.019904099E1
1.426751362E2,-7.344177704E0,9.906399536E-1,1.016057098E1
1.426851143E2,-7.419471130E0,1.100511475E0,1.012883698E1
1.426950913E2,-7.447612610E0,1.175206146E0,1.009156448E1
1.427050682E2,-7.517068176E0,1.185534668E0,1.002405487E1
1.427150453E2,-7.499853973E0,1.160686340E0,9.953551483E0
1.427250223E2,-7.530839539E0,1.178648987E0,9.934391327E0
1.427349992E2,-7.521109772E0,1.141526184E0,9.919422455E0
1.427449765E2,-7.540868683E0,1.041384430E0,9.974208527E0
1.427549535E2,-7.561226349E0,1.099164276E0,9.906998291E0
1.427649305E2,-7.393125916E0,1.304537201E0,9.730215912E0
1.427749075E2,-7.303462372E0,1.394500122E0,9.459578705E0
1.427848845E2,-7.237449646E0,1.424737244E0,9.094487915E0
1.427948615E2,-7.234755249E0,1.547481995E0,8.905281372E0
1.428048385E2,-7.235054626E0,1.641037445E0,8.847950592E0
1.428148155E2,-7.135212250E0,1.742676086E0,8.847351837E0
1.428247925E2,-7.066505127E0,1.888023834E0,8.890761566E0
1.428347695E2,-7.083419952E0,1.966311035E0,9.026828613E0
1.428447465E2,-7.296576691E0,1.992057495E0,9.230704651E0
1.428547245E2,-7.490872650E0,1.988015900E0,9.412277069E0
1.428647015E2,-7.607330475E0,2.083367615E0,9.473050690E0
1.428746785E2,-7.495662689E0,2.095941467E0,9.500593414E0
1.428846555E2,-7.193291473E0,1.898352356E0,9.538913727E0
1.428946325E2,-6.918013916E0,1.660496979E0,9.632618866E0
1.429046095E2,-6.895410919E0,1.657952271E0,9.752369843E0
1.429145865E2,-6.950496368E0,1.811981964E0,9.825867004E0
1.429245635E2,-6.854695587E0,1.923799438E0,9.814640350E0
1.429345405E2,-6.666087799E0,2.036065979E0,9.627379761E0
1.429445175E2,-6.331832886E0,2.145039368E0,9.409133606E0
1.429544945E2,-6.082900543E0,2.215692444E0,9.256002045E0
1.429644715E2,-6.005511475E0,2.224673767E0,9.106013947E0
1.429744485E2,-5.914800110E0,2.201172638E0,9.004824371E0
1.429844255E2,-5.848338318E0,2.269730072E0,8.902886353E0
1.429944025E2,-5.579946442E0,2.189047852E0,8.823850708E0
1.430043795E2,-5.379363556E0,2.048190765E0,8.796457672E0
1.430143565E2,-5.365442505E0,1.935924225E0,8.879834290E0
1.430243335E2,-5.556295624E0,1.979932709E0,9.065148926E0
1.430343115E2,-5.782175903E0,2.084565125E0,9.186995544E0
1.430442885E2,-5.896687775E0,2.104623413E0,9.103319550E0
1.430542655E2,-5.862109680E0,1.988764343E0,8.975485382E0
1.430642425E2,-5.955066376E0,2.015109558E0,8.872499542E0
1.430742195E2,-6.026018829E0,2.173629913E0,8.670270081E0
1.430841965E2,-5.908662872E0,2.239642639E0,8.567733307E0
1.430941735E2,-6.064189453E0,2.237846375E0,8.526718597E0
1.431041505E2,-6.236331482E0,2.284549255E0,8.537645874E0
1.431141275E2,-6.223757629E0,2.367476807E0,8.569080505E0
1.431241045E2,-6.327791290E0,2.361788635E0,8.551267548E0
1.431340815E2,-6.295009460E0,2.268981628E0,8.481961670E0
1.431440585E2,-6.182293854E0,2.200873260E0,8.360713806E0
1.431540355E2,-6.153254242E0,2.196083221E0,8.304430847E0
1.431640125E2,-6.066135406E0,2.173629913E0,8.322842560E0
1.431739895E2,-6.114784241E0,2.180365906E0,8.258626099E0
1.431839665E2,-6.101611633E0,2.233954468E0,8.249046021E0
1.431939435E2,-5.966891785E0,2.198178864E0,8.272547150E0
1.432039215E2,-5.982758789E0,2.170187073E0,8.249495087E0
1.432138985E2,-5.959706726E0,2.163900146E0,8.205336914E0
1.432238755E2,-5.855223999E0,2.125729523E0,8.168214111E0
1.432338525E2,-5.858217773E0,2.102527771E0,8.102949829E0
1.432438295E2,-5.738616486E0,2.033820648E0,8.045169983E0
1.432538065E2,-5.620512085E0,1.990859985E0,8.051756287E0
1.432637835E2,-5.611381073E0,1.994751892E0,8.052654419E0
1.432737605E2,-5.682782593E0,2.043400726E0,8.059989166E0
1.432837375E2,-5.602250061E0,2.055076447E0,8.114775238E0
1.432937145E2,-5.609435120E0,1.926493835E0,8.220156097E0
1.433036915E2,-5.698200531E0,1.831740875E0,8.332123260E0
1.433136685E2,-5.721701660E0,1.735491028E0,8.472830658E0
1.433236455E2,-5.840404816E0,1.651515656E0,8.552914124E0
1.433336225E2,-5.999074860E0,1.675316162E0,8.605903931E0
1.433435995E2,-6.017037506E0,1.845212860E0,8.572074280E0
1.433535765E2,-5.871839447E0,2.010469208E0,8.377029877E0
1.433635535E2,-5.748046875E0,2.063309326E0,8.140821075E0
1.433735315E2,-5.632487183E0,2.105371857E0,7.880811768E0
1.433835085E2,-5.516029358E0,2.245480499E0,7.633825378E0
1.433934855E2,-5.301675110E0,2.233355713E0,7.382348328E0
1.434034625E2,-5.117707672E0,2.078727264E0,7.295379181E0
1.434134395E2,-5.113217010E0,1.874551849E0,7.301815796E0
1.434234165E2,-5.129233704E0,1.744921417E0,7.455995178E0
1.434333935E2,-5.208868103E0,1.637594604E0,7.699838104E0
1.434433705E2,-5.458997955E0,1.592837677E0,7.949069824E0
1.434533475E2,-5.598358154E0,1.517544250E0,8.087382202E0
1.434633245E2,-5.686824188E0,1.456171875E0,8.177195435E0
1.434733015E2,-5.697302399E0,1.363963623E0,8.075706482E0
1.434832785E2,-5.650150452E0,1.310824127E0,7.883655853E0
1.434932555E2,-5.599256287E0,1.281485138E0,7.654632111E0
1.435032325E2,-5.488786011E0,1.216520233E0,7.499853973E0
1.435132095E2,-5.496120758E0,1.204994202E0,7.406747589E0
1.435231865E2,-5.580545197E0,1.202449493E0,7.350614319E0
1.435331635E2,-5.669011230E0,1.163530426E0,7.381599884E0
1.435431415E2,-5.799390106E0,1.048419800E0,7.388485565E0
1.435531185E2,-5.814808044E0,9.395960999E-1,7.350614319E0
1.435630955E2,-5.842201080E0,8.196954346E-1,7.332052917E0
1.435730725E2,-5.880072327E0,6.423143005E-1,7.347470856E0
1.435830495E2,-5.892646179E0,5.340893555E-1,7.359895020E0
1.435930265E2,-5.868546295E0,5.396278381E-1,7.380102997E0
1.436030035E2,-5.770799561E0,5.406756592E-1,7.352709961E0
1.436129805E2,-5.708978119E0,5.640270996E-1,7.330556030E0
1.436229575E2,-5.659431152E0,5.212161255E-1,7.356601868E0
1.436329345E2,-5.695506134E0,4.999603271E-1,7.397915955E0
1.436429115E2,-5.749244385E0,6.245013428E-1,7.436984711E0
1.436528885E2,-5.746999054E0,7.402107239E-1,7.415579224E0
1.436628655E2,-5.677244110E0,7.276368713E-1,7.359445953E0
1.436728425E2,-5.565127258E0,6.292913818E-1,7.337292023E0
1.436828195E2,-5.612578583E0,5.752537537E-1,7.410489807E0
1.436927965E2,-5.638025665E0,5.210664368E-1,7.548353119E0
1.437027735E2,-5.759123840E0,4.927752686E-1,7.643555145E0
1.437127515E2,-5.818849640E0,4.956193542E-1,7.601791992E0
1.437227285E2,-5.747597809E0,5.391787720E-1,7.485184479E0
1.437327055E2,-5.642965393E0,5.510041809E-1,7.322173462E0
1.437426821E2,-5.479654999E0,4.382885742E-1,7.234755249E0
1.437526591E2,-5.479205933E0,3.159928894E-1,7.230114899E0
1.437626361E2,-5.582191772E0,2.718347168E-1,7.298372955E0
1.437726131E2,-5.669011230E0,2.622546387E-1,7.395970001E0
1.437825901E2,-5.767356720E0,1.618135071E-1,7.450606384E0
1.437925671E2,-5.843099213E0,3.218307495E-2,7.447313232E0
1.438025441E2,-5.881569214E0,-9.041198730E-2,7.486831055E0
1.438125211E2,-5.935157776E0,-2.165995789E-1,7.505242767E0
1.438224981E2,-5.992488556E0,-3.305126953E-1,7.576494598E0
1.438324751E2,-6.034850464E0,-4.074526978E-1,7.676935730E0
1.438424521E2,-6.030509491E0,-4.508624268E-1,7.759563904E0
1.438524291E2,-6.069727936E0,-4.201762390E-1,7.821235657E0
1.438624061E2,-6.017636261E0,-4.938230896E-1,7.864346008E0
1.438723831E2,-5.993536377E0,-6.131250000E-1,7.868836670E0
1.438823611E2,-5.943839722E0,-7.183561707E-1,7.899971924E0
1.438923381E2,-5.784271545E0,-9.331594849E-1,8.023614807E0
1.439023151E2,-5.712870026E0,-1.171912994E0,8.162675629E0
1.439122921E2,-5.726791077E0,-1.222208405E0,8.260572052E0
1.439222691E2,-5.747448120E0,-1.299298096E0,8.328680420E0
1.439322461E2,-5.735173645E0,-1.516197052E0,8.440048828E0
1.439422231E2,-5.745502167E0,-1.675615540E0,8.559350739E0
1.439522001E2,-5.827980652E0,-1.594783630E0,8.630752258E0
1.439621771E2,-5.774392090E0,-1.365909576E0,8.592581635E0
1.439721541E2,-5.611979828E0,-1.118773499E0,8.478518829E0
1.439821311E2,-5.395529938E0,-8.683442688E-1,8.369844818E0
1.439921081E2,-5.085674286E0,-7.798782349E-1,8.280929718E0
1.440020851E2,-4.923711090E0,-8.065228271E-1,8.263565826E0
1.440120621E2,-4.780758362E0,-8.680448914E-1,8.283474426E0
1.440220391E2,-4.720433807E0,-8.990304565E-1,8.306077423E0
1.440320161E2,-4.675826569E0,-1.033600616E0,8.388406219E0
1.440419941E2,-4.678970032E0,-1.309626617E0,8.576714630E0
1.440519711E2,-4.759652252E0,-1.508113861E0,8.812773743E0
1.440619481E2,-4.781806183E0,-1.532363434E0,8.989556122E0
1.440719251E2,-4.797523499E0,-1.409019928E0,9.068591766E0
1.440819021E2,-4.737049255E0,-1.288819885E0,9.082213440E0
1.440918791E2,-4.671036530E0,-1.240171051E0,9.074429626E0
1.441018561E2,-4.660558319E0,-1.266366577E0,9.107361145E0
1.441118331E2,-4.702321472E0,-1.221459961E0,9.073381805E0
1.441218101E2,-4.712799683E0,-1.247954865E0,8.970994720E0
1.441317871E2,-4.742438049E0,-1.338217163E0,8.913663940E0
1.441417641E2,-4.693190460E0,-1.376836853E0,8.854536896E0
1.441517411E2,-4.637506256E0,-1.472188568E0,8.813372498E0
1.441617181E2,-4.599485321E0,-1.563348999E0,8.738977203E0
1.441716951E2,-4.561913452E0,-1.565444641E0,8.609795837E0
1.441816721E2,-4.457580414E0,-1.518592072E0,8.382867737E0
1.441916491E2,-4.371659088E0,-1.528172150E0,8.186176758E0
1.442016271E2,-4.475842438E0,-1.559008026E0,8.060587921E0
1.442116041E2,-4.630321198E0,-1.592538300E0,7.956105194E0
1.442215811E2,-4.781806183E0,-1.655557251E0,7.897427216E0
1.442315581E2,-4.990172882E0,-1.691332855E0,7.832462311E0
1.442415351E2,-5.185965729E0,-1.688189392E0,7.777227173E0
1.442515121E2,-5.332960052E0,-1.739832001E0,7.782765656E0
1.442614891E2,-5.461991730E0,-1.744023285E0,7.766000519E0
1.442714661E2,-5.471122742E0,-1.783690796E0,7.699239349E0
1.442814431E2,-5.481301575E0,-1.814376984E0,7.644902344E0
1.442914201E2,-5.485792236E0,-1.862576752E0,7.619455261E0
1.443013971E2,-5.539380798E0,-1.964065704E0,7.674989777E0
1.443113741E2,-5.688770142E0,-2.058668976E0,7.730823669E0
1.443213511E2,-5.784421234E0,-2.088906097E0,7.715854797E0
1.443313281E2,-5.759722595E0,-2.043251038E0,7.639812927E0
1.443413051E2,-5.621559906E0,-2.074086914E0,7.473658447E0
1.443512821E2,-5.425168304E0,-2.118694153E0,7.338938599E0
1.443612601E2,-5.310357056E0,-2.148631897E0,7.321724396E0
1.443712371E2,-5.417384491E0,-2.090253296E0,7.347770233E0
1.443812141E2,-5.501958618E0,-2.104024658E0,7.298522644E0
1.443911911E2,-5.581443329E0,-2.146685944E0,7.228618011E0
1.444011681E2,-5.536686401E0,-2.218386841E0,7.120991821E0
1.444111451E2,-5.429958344E0,-2.340832214E0,7.049141235E0
1.444211221E2,-5.409900055E0,-2.371668091E0,7.027136993E0
1.444310991E2,-5.442681885E0,-2.378853149E0,7.007378082E0
1.444410761E2,-5.492228851E0,-2.446811829E0,6.925498352E0
1.444510531E2,-5.595214691E0,-2.520458679E0,6.827452240E0
1.444610301E2,-5.584287415E0,-2.545007629E0,6.732549591E0
1.444710071E2,-5.548062744E0,-2.609224091E0,6.638096008E0
1.444809841E2,-5.592669983E0,-2.690804443E0,6.627318420E0
1.444909611E2,-5.632038116E0,-2.728675690E0,6.627318420E0
1.445009381E2,-5.667963409E0,-2.781964874E0,6.618337097E0
1.445109151E2,-5.681136017E0,-2.893333282E0,6.548731842E0
1.445208931E2,-5.688919830E0,-2.968776398E0,6.448889465E0
1.445308701E2,-5.676795044E0,-2.991080017E0,6.365961914E0
1.445408471E2,-5.660478973E0,-3.054997101E0,6.307134247E0
1.445508241E2,-5.665119324E0,-3.104843445E0,6.256240082E0
1.445608011E2,-5.613327026E0,-3.143762512E0,6.219716034E0
1.445707781E2,-5.625152435E0,-3.182382202E0,6.124064941E0
1.445807551E2,-5.666466522E0,-3.218756561E0,6.095474396E0
1.445907321E2,-5.651797028E0,-3.275488586E0,6.096971283E0
1.446007091E2,-5.699547729E0,-3.342249756E0,6.099815369E0
1.446106861E2,-5.720354462E0,-3.389252014E0,6.071673889E0
1.446206631E2,-5.742059326E0,-3.431613922E0,6.023923187E0
1.446306401E2,-5.738466797E0,-3.472179565E0,5.931265869E0
1.446406171E2,-5.742059326E0,-3.529510345E0,5.923482056E0
1.446505941E2,-5.758375397E0,-3.593427429E0,5.950126648E0
1.446605711E2,-5.759123840E0,-3.655248871E0,5.930816803E0
1.446705481E2,-5.761219482E0,-3.694018250E0,5.907914429E0
1.446805261E2,-5.804928589E0,-3.658691711E0,5.887257385E0
1.446905031E2,-5.802832947E0,-3.650907898E0,5.939049683E0
1.447004801E2,-5.857469330E0,-3.680845642E0,6.037544861E0
1.447104571E2,-5.898034973E0,-3.722159729E0,6.076763306E0
1.447204341E2,-5.905818787E0,-3.729644165E0,6.108048248E0
1.447304111E2,-5.927373962E0,-3.704047394E0,6.115382996E0
1.447403881E2,-5.892197113E0,-3.732637939E0,6.090534668E0
1.447503654E2,-5.842051392E0,-3.808829498E0,6.094725952E0
1.447603424E2,-5.865103455E0,-3.907624054E0,6.178401947E0
1.447703194E2,-5.857768707E0,-3.981121216E0,6.218668213E0
1.447802964E2,-5.842051392E0,-4.029320984E0,6.260431366E0
1.447902734E2,-5.823190613E0,-4.095782776E0,6.252198486E0
1.448002504E2,-5.753435669E0,-4.128265228E0,6.277645569E0
1.448102274E2,-5.748945007E0,-4.145928497E0,6.261628876E0
1.448202044E2,-5.732329559E0,-4.081412659E0,6.145769806E0
1.448301824E2,-5.634133759E0,-4.101470947E0,6.043532410E0
1.448401594E2,-5.573210449E0,-4.151167603E0,6.000122681E0
1.448501364E2,-5.503605194E0,-4.196373596E0,5.977968750E0
1.448601134E2,-5.438789978E0,-4.285588074E0,6.048771515E0
1.448700904E2,-5.559588776E0,-4.367168427E0,6.099366302E0
1.448800674E2,-5.660478973E0,-4.387675781E0,6.103856964E0
1.448900444E2,-5.758525085E0,-4.449946289E0,6.147865448E0
1.449000214E2,-5.859265594E0,-4.430486755E0,6.096073151E0
1.449099984E2,-5.827830963E0,-4.403243408E0,5.994135132E0
1.449199754E2,-5.743705902E0,-4.408332825E0,5.938750305E0
1.449299524E2,-5.691614227E0,-4.399052124E0,5.957311707E0
1.449399294E2,-5.729335785E0,-4.331692200E0,6.094875641E0
1.449499064E2,-5.884113922E0,-4.352349243E0,6.293063507E0
1.449598834E2,-6.067183228E0,-4.362677765E0,6.376889191E0
1.449698604E2,-6.067183228E0,-4.388873291E0,6.330335999E0
1.449798374E2,-6.001320190E0,-4.488116913E0,6.272705841E0
1.449898154E2,-5.939049683E0,-4.613106995E0,6.324797516E0
1.449997924E2,-5.916746063E0,-4.745132446E0,6.489754486E0
1.450097694E2,-6.074068909E0,-4.791835327E0,6.662644958E0
1.450197464E2,-6.245911560E0,-4.717290344E0,6.641838226E0
1.450297234E2,-6.263275452E0,-4.713248749E0,6.534062347E0
1.450397004E2,-6.263724518E0,-4.702471161E0,6.500681763E0
1.450496774E2,-6.250551910E0,-4.609664154E0,6.468498688E0
1.450596544E2,-6.179599457E0,-4.583169250E0,6.403833160E0
1.450696314E2,-6.154152374E0,-4.530478821E0,6.349645844E0
1.450796084E2,-6.108796692E0,-4.464316406E0,6.242618408E0
1.450895854E2,-6.066285095E0,-4.461921387E0,6.202950897E0
1.450995624E2,-6.091283112E0,-4.555027771E0,6.340514832E0
1.451095394E2,-6.244414673E0,-4.606071625E0,6.494095459E0
1.451195164E2,-6.378685455E0,-4.572391663E0,6.509064331E0
1.451294934E2,-6.365512848E0,-4.577181702E0,6.397995300E0
1.451394714E2,-6.268514557E0,-4.603826294E0,6.270310822E0
1.451494484E2,-6.245163116E0,-4.655169525E0,6.413712616E0
1.451594254E2,-6.372548218E0,-4.722379761E0,6.651867371E0
1.451694024E2,-6.556515656E0,-4.697232056E0,6.805148621E0
1.451793794E2,-6.750661926E0,-4.609963531E0,6.865173798E0
1.451893564E2,-6.797215118E0,-4.452490997E0,6.704258423E0
1.451993334E2,-6.612199860E0,-4.286486206E0,6.491550751E0
1.452093104E2,-6.391558685E0,-4.263733521E0,6.408024445E0
1.452192874E2,-6.347101135E0,-4.228406982E0,6.558311920E0
1.452292644E2,-6.412964172E0,-4.199966125E0,6.705755310E0
1.452392414E2,-6.572382660E0,-4.270918579E0,6.764283600E0
1.452492184E2,-6.709347839E0,-4.308789825E0,6.807843018E0
1.452591954E2,-6.695875854E0,-4.310885468E0,6.827302551E0
1.452691724E2,-6.596482544E0,-4.355642395E0,6.810387726E0
1.452791494E2,-6.589596863E0,-4.420756989E0,6.878346405E0
1.452891274E2,-6.650819550E0,-4.393064575E0,6.935976563E0
1.452991044E2,-6.647376709E0,-4.394711151E0,6.878047028E0
1.453090814E2,-6.704557800E0,-4.355492706E0,6.822063446E0
1.453190584E2,-6.618337097E0,-4.271966400E0,6.722670135E0
1.453290354E2,-6.527775421E0,-4.296964417E0,6.676416321E0
1.453390124E2,-6.539451141E0,-4.353846130E0,6.742429047E0
1.453489894E2,-6.628665619E0,-4.384532318E0,6.811136169E0
1.453589664E2,-6.787934418E0,-4.394860840E0,6.791227570E0
1.453689434E2,-6.813082123E0,-4.423152008E0,6.666836243E0
1.453789204E2,-6.793472900E0,-4.438270569E0,6.579418030E0
1.453888974E2,-6.678212585E0,-4.412973175E0,6.565946045E0
1.453988744E2,-6.622977448E0,-4.473746796E0,6.663094025E0
1.454088514E2,-6.761738892E0,-4.505929871E0,6.881340179E0
1.454188284E2,-6.954987030E0,-4.408183136E0,7.000193024E0
1.454288054E2,-7.074288940E0,-4.363725586E0,6.947352905E0
1.454387824E2,-7.025490417E0,-4.305047607E0,6.847660217E0
1.454487604E2,-6.893015900E0,-4.237537994E0,6.782994690E0
1.454587374E2,-6.819967804E0,-4.164489899E0,6.766528931E0
1.454687144E2,-6.755901031E0,-4.179009705E0,6.849157104E0
1.454786914E2,-6.876400452E0,-4.164190521E0,7.023095398E0
1.454886684E2,-7.040758667E0,-4.078269196E0,7.131170654E0
1.454986454E2,-7.143894196E0,-4.000580750E0,7.159012756E0
1.455086224E2,-7.199129333E0,-3.928281097E0,7.109016724E0
1.455185994E2,-7.152426453E0,-3.866459656E0,7.048093414E0
1.455285764E2,-7.107220459E0,-3.870800629E0,7.018005981E0
1.455385534E2,-7.073540497E0,-3.878135376E0,7.022796021E0
1.455485304E2,-7.062313843E0,-3.848646698E0,7.016509094E0
1.455585074E2,-7.126380615E0,-3.786675568E0,7.006779327E0
1.455684844E2,-7.095544739E0,-3.804338837E0,6.987319794E0
1.455784614E2,-7.087162170E0,-3.821553040E0,7.012317810E0
1.455884384E2,-7.165149994E0,-3.784280548E0,7.082821198E0
1.455984164E2,-7.227270813E0,-3.764671326E0,7.120692444E0
1.456083934E2,-7.219936066E0,-3.766617279E0,7.044351196E0
1.456183704E2,-7.132068787E0,-3.741619263E0,6.953789520E0
1.456283474E2,-7.031627655E0,-3.699107666E0,6.872957611E0
1.456383244E2,-6.905290375E0,-3.713477783E0,6.822961578E0
1.456483014E2,-6.897506561E0,-3.747457123E0,6.914571075E0
1.456582784E2,-7.040010223E0,-3.736679535E0,7.087611237E0
1.456682554E2,-7.150330811E0,-3.764671326E0,7.135511627E0
1.456782324E2,-7.199728088E0,-3.828887787E0,7.141948242E0
1.456882094E2,-7.240742798E0,-3.832330627E0,7.171436920E0
1.456981864E2,-7.163204041E0,-3.789220276E0,7.119944000E0
1.457081634E2,-7.059020691E0,-3.768712921E0,7.062014465E0
1.457181404E2,-7.058721313E0,-3.734883270E0,7.135811005E0
1.457281174E2,-7.085665283E0,-3.698957977E0,7.229965210E0
1.457380944E2,-7.133415985E0,-3.705993347E0,7.309749298E0
1.457480727E2,-7.220385132E0,-3.678001556E0,7.357200623E0
1.457580498E2,-7.234904938E0,-3.669918365E0,7.353159027E0
1.457680268E2,-7.215146027E0,-3.625161438E0,7.289241943E0
1.457780038E2,-7.100185089E0,-3.540138245E0,7.193740540E0
1.457879807E2,-7.007827148E0,-3.454665985E0,7.199728088E0
1.457979578E2,-6.940616913E0,-3.420536957E0,7.261250153E0
1.458079348E2,-6.876999207E0,-3.407064972E0,7.318431244E0
1.458179117E2,-6.979535980E0,-3.303779755E0,7.429200897E0
1.458278888E2,-7.085964661E0,-3.225193176E0,7.457492065E0
1.458378658E2,-7.104526062E0,-3.181184692E0,7.369624786E0
1.458478427E2,-7.047794037E0,-3.141666870E0,7.282805328E0
1.458578197E2,-6.932234344E0,-3.097658386E0,7.269033966E0
1.458677968E2,-6.812782745E0,-3.162623291E0,7.328759766E0
1.458777738E2,-6.862629089E0,-3.200644226E0,7.439529419E0
1.458877507E2,-6.957681427E0,-3.176843719E0,7.530839539E0
1.458977288E2,-7.020550690E0,-3.145558777E0,7.533533936E0
1.459077058E2,-6.991062012E0,-3.107388153E0,7.420219574E0
1.459176827E2,-6.838529205E0,-3.041525116E0,7.351362762E0
1.459276597E2,-6.746919708E0,-2.995720367E0,7.371570740E0
1.459376368E2,-6.715036011E0,-3.047812042E0,7.436535645E0
1.459476138E2,-6.748715973E0,-3.073558502E0,7.538024597E0
1.459575907E2,-6.850354614E0,-3.030148773E0,7.575596466E0
1.459675678E2,-6.846762085E0,-3.029699707E0,7.539820862E0
1.459775448E2,-6.805447998E0,-3.075055389E0,7.519014130E0
1.459875217E2,-6.804549866E0,-3.104544067E0,7.590565338E0
1.459974987E2,-6.832541656E0,-3.106340332E0,7.675438843E0
1.460074758E2,-6.821614380E0,-3.144810333E0,7.704328766E0
1.460174528E2,-6.878496094E0,-3.095413055E0,7.750432892E0
1.460274297E2,-6.911876678E0,-2.992576904E0,7.748337250E0
1.460374068E2,-6.910230103E0,-2.944377136E0,7.680378571E0
1.460473848E2,-6.903045044E0,-2.891387329E0,7.623646545E0
1.460573617E2,-6.819369049E0,-2.866089935E0,7.575746155E0
1.460673387E2,-6.765032043E0,-2.845881958E0,7.577841797E0
1.460773158E2,-6.708898773E0,-2.810256042E0,7.621101837E0
1.460872928E2,-6.732699280E0,-2.739602966E0,7.717800751E0
1.460972697E2,-6.799610138E0,-2.639910278E0,7.745942230E0
1.461072468E2,-6.769672394E0,-2.612666931E0,7.723189545E0
1.461172238E2,-6.709497528E0,-2.602637787E0,7.698490906E0
1.461272007E2,-6.627617798E0,-2.522254944E0,7.696245575E0
1.461371778E2,-6.534511414E0,-2.467169495E0,7.718698883E0
1.461471548E2,-6.562203827E0,-2.406246185E0,7.738457794E0
1.461571317E2,-6.527476044E0,-2.358944550E0,7.762707367E0
1.461671087E2,-6.553521881E0,-2.315085754E0,7.841443634E0
1.461770858E2,-6.526877289E0,-2.323618011E0,7.862699432E0
1.461870628E2,-6.477779388E0,-2.359692993E0,7.943381653E0
1.461970407E2,-6.568790131E0,-2.270777893E0,7.962541809E0
1.462070178E2,-6.501130829E0,-2.255958710E0,7.944728851E0
1.462169948E2,-6.475833435E0,-2.235601044E0,7.936346283E0
1.462269717E2,-6.456822968E0,-2.200723572E0,7.957003326E0
1.462369487E2,-6.357279968E0,-2.216440887E0,8.027955780E0
1.462469258E2,-6.446494446E0,-2.209555206E0,8.080346832E0
1.462569028E2,-6.439758453E0,-2.201022949E0,8.094716949E0
1.462668797E2,-6.336622925E0,-2.191442871E0,8.000413055E0
1.462768568E2,-6.624474335E0,-2.161505127E0,7.956554260E0
1.462868338E2,-6.438860321E0,-2.341730347E0,7.850874023E0
1.462968107E2,-6.388714600E0,-2.323168945E0,7.840994568E0
1.463067877E2,-6.425088959E0,-2.270328827E0,7.926167450E0
1.463167648E2,-6.535409546E0,-2.268682251E0,7.990084534E0
1.463267418E2,-6.719676361E0,-2.215393066E0,8.010891266E0
1.463367187E2,-6.869215393E0,-2.161056061E0,8.037236481E0
1.463466968E2,-6.834337921E0,-2.206561432E0,7.954757996E0
1.463566738E2,-6.609505463E0,-2.251468048E0,7.843539276E0
1.463666507E2,-6.346352692E0,-2.242935791E0,7.888595581E0
1.463766277E2,-6.226601715E0,-2.228266296E0,8.040978699E0
1.463866048E2,-6.247857513E0,-2.164798279E0,8.204738159E0
1.463965818E2,-6.355184326E0,-2.049837341E0,8.269403687E0
1.464065587E2,-6.413712616E0,-2.001936951E0,8.174201660E0
1.464165358E2,-6.341562653E0,-2.071691895E0,8.137976990E0
1.464265128E2,-6.249204712E0,-2.100581818E0,8.146359558E0
1.464364897E2,-6.124064941E0,-2.021845551E0,8.135581970E0
1.464464667E2,-6.023025055E0,-1.997296600E0,8.188871155E0
1.464564438E2,-6.113437042E0,-1.946552124E0,8.268505554E0
1.464664208E2,-6.234684906E0,-1.867666168E0,8.317304077E0
1.464763977E2,-6.307134247E0,-1.820963287E0,8.321794739E0
1.464863748E2,-6.306086426E0,-1.811532898E0,8.258177032E0
1.464963528E2,-6.169420624E0,-1.835782471E0,8.220006409E0
1.465063297E2,-6.060746613E0,-1.843566284E0,8.222850494E0
1.465163068E2,-6.090235291E0,-1.787732391E0,8.269403687E0
1.465262838E2,-6.203549652E0,-1.706451416E0,8.346792755E0
1.465362607E2,-6.339616699E0,-1.574126587E0,8.353678436E0
1.465462377E2,-6.281537476E0,-1.451980591E0,8.305628357E0
1.465562148E2,-6.190826111E0,-1.438059540E0,8.320447540E0
1.465661918E2,-6.140680389E0,-1.453627167E0,8.334218903E0
1.465761687E2,-5.999074860E0,-1.562151489E0,8.362061005E0
1.465861458E2,-6.131998444E0,-1.556613007E0,8.389154663E0
1.465961228E2,-6.145470428E0,-1.502425690E0,8.362659760E0
1.466060997E2,-6.112688599E0,-1.471739502E0,8.322393494E0
1.466160767E2,-6.150260468E0,-1.397793274E0,8.338410187E0
1.466260538E2,-6.085894318E0,-1.364263000E0,8.423583069E0
1.466360308E2,-6.099366302E0,-1.401834869E0,8.460705872E0
1.466460087E2,-6.169121246E0,-1.423689423E0,8.448281708E0
1.466559858E2,-6.143225098E0,-1.458566895E0,8.353678436E0
1.466659628E2,-6.107748871E0,-1.438209229E0,8.211773529E0
1.466759397E2,-6.010451202E0,-1.427581329E0,8.163573761E0
1.466859167E2,-5.965245209E0,-1.341210938E0,8.202941895E0
1.466958938E2,-5.999972992E0,-1.250499573E0,8.258177032E0
1.467058708E2,-6.068380737E0,-1.177301788E0,8.289911041E0
1.467158477E2,-6.169420624E0,-1.189875641E0,8.264913025E0
1.467258248E2,-6.166127472E0,-1.288370819E0,8.149203644E0
1.467358018E2,-6.163133698E0,-1.379830627E0,8.075706482E0
1.467457783E2,-6.087091827E0,-1.390757904E0,8.013585663E0
1.467557553E2,-6.055956573E0,-1.291813660E0,7.972870331E0
1.467657323E2,-6.047873383E0,-1.185684357E0,8.019872589E0
1.467757093E2,-6.081253967E0,-1.099313965E0,8.063581696E0
1.467856863E2,-6.117179260E0,-1.026415558E0,8.101153564E0
1.467956643E2,-6.156098328E0,-1.042432251E0,8.128995667E0
1.468056413E2,-6.159092102E0,-1.147364044E0,8.101752319E0
1.468156183E2,-6.138734436E0,-1.167422333E0,8.039032745E0
1.468255953E2,-6.046077118E0,-1.162033539E0,8.009693756E0
1.468355723E2,-5.971981201E0,-1.161584473E0,8.029752045E0
1.468455493E2,-6.018983459E0,-1.102307739E0,8.071664886E0
1.468555263E2,-6.040538635E0,-9.836045837E-1,8.098159790E0
1.468655033E2,-6.112239532E0,-9.219328308E-1,8.159532166E0
1.468754803E2,-6.198460236E0,-9.333091736E-1,8.217611389E0
1.468854573E2,-6.113137665E0,-1.008752289E0,8.215216370E0
1.468954343E2,-6.078110504E0,-1.055305481E0,8.140821075E0
1.469054113E2,-6.019731903E0,-1.056652679E0,8.086334381E0
1.469153883E2,-5.988147583E0,-1.021475830E0,8.087531891E0
1.469253653E2,-6.019432526E0,-9.586065674E-1,8.115074615E0
1.469353423E2,-5.976022797E0,-8.430468750E-1,8.159831543E0
1.469453193E2,-5.947731628E0,-8.181985474E-1,8.252638550E0
1.469552973E2,-6.047274628E0,-9.092092896E-1,8.363707581E0
1.469652743E2,-6.156996460E0,-9.813592529E-1,8.384214935E0
1.469752513E2,-6.183491364E0,-9.708810425E-1,8.274193726E0
1.469852283E2,-6.121220856E0,-9.431886292E-1,8.111033020E0
1.469952053E2,-6.011948090E0,-9.434880066E-1,8.033643951E0
1.470051823E2,-5.986800385E0,-8.409512329E-1,8.046966248E0
1.470151593E2,-5.954916687E0,-7.188052368E-1,8.085286560E0
1.470251363E2,-5.954766998E0,-6.780899048E-1,8.158035278E0
1.470351133E2,-6.052513733E0,-7.144642639E-1,8.178991699E0
1.470450903E2,-6.080954590E0,-7.357200623E-1,8.142168274E0
1.470550673E2,-6.025120697E0,-7.771838379E-1,8.022716675E0
1.470650443E2,-5.948031006E0,-8.110134888E-1,7.924221497E0
1.470750213E2,-5.859265594E0,-8.425978088E-1,7.924969940E0
1.470849983E2,-5.888903961E0,-7.478448486E-1,8.003406830E0
1.470949753E2,-5.866899719E0,-5.757028198E-1,8.016579437E0
1.471049533E2,-5.836961975E0,-4.891827393E-1,8.046816559E0
1.471149303E2,-5.895340576E0,-4.757107544E-1,8.045619049E0
1.471249073E2,-5.897885284E0,-5.221142578E-1,8.024812317E0
1.471348843E2,-5.867648163E0,-5.641767883E-1,7.986042938E0
1.471448613E2,-5.824687500E0,-5.727090454E-1,7.919880524E0
1.471548383E2,-5.782475281E0,-5.649252319E-1,7.899971924E0
1.471648153E2,-5.808221741E0,-5.361849976E-1,7.923323364E0
1.471747923E2,-5.848338318E0,-4.827461243E-1,7.967780914E0
1.471847693E2,-5.867049408E0,-4.453239441E-1,7.999814301E0
1.471947463E2,-5.958509216E0,-4.318519592E-1,8.044421539E0
1.472047233E2,-6.023773499E0,-4.399351501E-1,8.074059906E0
1.472147003E2,-6.079158325E0,-4.754113770E-1,8.053702240E0
1.472246773E2,-6.137686615E0,-4.984634399E-1,8.023614807E0
1.472346543E2,-6.136189728E0,-5.632786560E-1,8.017627258E0
1.472446313E2,-6.129453735E0,-5.863307190E-1,8.006550293E0
1.472546093E2,-6.136189728E0,-5.584886169E-1,8.057893524E0
1.472645863E2,-6.181096344E0,-4.510121155E-1,8.089178467E0
1.472745633E2,-6.137387238E0,-3.594026184E-1,8.047115936E0
1.472845403E2,-6.007457428E0,-3.796105957E-1,7.941585388E0
1.472945173E2,-5.904920654E0,-4.586462402E-1,7.904312897E0
1.473044943E2,-5.937702484E0,-5.463638306E-1,7.982300720E0
1.473144713E2,-6.012097778E0,-6.357279968E-1,8.105793915E0
1.473244483E2,-6.124813385E0,-6.744973755E-1,8.172405396E0
1.473344253E2,-6.141279144E0,-6.867718506E-1,8.168812866E0
1.473444023E2,-6.106850739E0,-6.719526672E-1,8.146209869E0
1.473543793E2,-5.994733887E0,-6.496490479E-1,8.087980957E0
1.473643563E2,-5.932014313E0,-6.054908752E-1,8.069269867E0
1.473743333E2,-5.959107971E0,-4.760101318E-1,8.014483795E0
1.473843103E2,-5.908064117E0,-4.294569397E-1,7.937244415E0
1.473942873E2,-5.929020538E0,-4.619393921E-1,7.875422974E0
1.474042653E2,-5.993985443E0,-5.107379150E-1,7.872129822E0
1.474142423E2,-5.996679840E0,-6.271957397E-1,7.921527100E0
1.474242193E2,-6.067931671E0,-6.679110718E-1,7.979007568E0
1.474341963E2,-6.084846497E0,-6.200106812E-1,8.001011810E0
1.474441733E2,-6.071075134E0,-4.995112610E-1,7.983049164E0
1.474541503E2,-6.018983459E0,-3.933819580E-1,7.874524841E0
1.474641273E2,-5.936055908E0,-3.135978699E-1,7.751480713E0
1.474741043E2,-5.951024780E0,-2.383044434E-1,7.718399506E0
1.474840813E2,-5.954766998E0,-2.296224976E-1,7.730224915E0
1.474940583E2,-5.997128906E0,-2.525248718E-1,7.785609741E0
1.475040353E2,-6.055956573E0,-2.806663513E-1,7.846982117E0
1.475140123E2,-6.117478638E0,-3.092568970E-1,7.894433441E0
1.475239893E2,-6.168821869E0,-3.215313721E-1,7.919581146E0
1.475339663E2,-6.168522491E0,-2.607577515E-1,7.927664337E0
1.475439433E2,-6.137087860E0,-1.281335449E-1,7.891289978E0
1.475539213E2,-6.011948090E0,-5.269042969E-2,7.854915619E0
1.475638983E2,-5.891748047E0,-1.556762695E-2,7.831863556E0
1.475738753E2,-5.850433960E0,-4.864883423E-2,7.815846863E0
1.475838523E2,-5.880970459E0,-1.128652954E-1,7.863896942E0
1.475938293E2,-5.988147583E0,-2.031275940E-1,7.937693481E0
1.476038063E2,-6.073919220E0,-2.677931213E-1,8.013286285E0
1.476137833E2,-6.118975525E0,-2.561174011E-1,8.048313446E0
1.476237603E2,-6.098019104E0,-2.537223816E-1,8.071515198E0
1.476337373E2,-6.038892059E0,-2.197430420E-1,8.053552551E0
1.476437143E2,-5.955665131E0,-1.395098877E-1,8.005053406E0
1.476536913E2,-5.931265869E0,-4.939727783E-3,7.948620758E0
1.476636683E2,-5.890999603E0,1.691482544E-2,7.850874023E0
1.476736453E2,-5.845344543E0,-8.187973022E-2,7.751780090E0
1.476836223E2,-5.841602325E0,-1.962419128E-1,7.766449585E0
1.476935993E2,-5.911656647E0,-3.564088440E-1,7.867489471E0
1.477035773E2,-6.028264160E0,-4.553530884E-1,7.980205078E0
1.477135543E2,-6.117029572E0,-4.725672913E-1,8.077802124E0
1.477235313E2,-6.204298096E0,-3.986210632E-1,8.091124420E0
1.477335083E2,-6.188880157E0,-2.838098145E-1,8.022566986E0
1.477434853E2,-6.096372528E0,-1.767823792E-1,7.925868073E0
1.477534617E2,-5.989943848E0,-5.942642212E-2,7.846982117E0
1.477634388E2,-5.937103729E0,4.101470947E-2,7.791746979E0
1.477734158E2,-5.862109680E0,3.083587646E-2,7.753875732E0
1.477833927E2,-5.892197113E0,-7.679031372E-2,7.776029663E0
1.477933698E2,-5.969735870E0,-1.938468933E-1,7.833809509E0
1.478033468E2,-6.041586456E0,-2.971321106E-1,7.908953247E0
1.478133237E2,-6.127657471E0,-3.606001282E-1,7.993826752E0
1.478233007E2,-6.187383270E0,-3.855981445E-1,8.005502472E0
1.478332778E2,-6.148015137E0,-3.580554199E-1,7.965086517E0
1.478432548E2,-6.063441010E0,-2.308200073E-1,7.885601807E0
1.478532327E2,-5.961502991E0,-1.216969299E-1,7.784561920E0
1.478632098E2,-5.910608826E0,-2.694396973E-2,7.702083435E0
1.478731868E2,-5.933361511E0,4.146377563E-2,7.649393005E0
1.478831637E2,-5.912255402E0,3.203338623E-2,7.619006195E0
1.478931408E2,-5.870192871E0,-7.364685059E-2,7.610324249E0
1.479031178E2,-5.906118164E0,-1.860630798E-1,7.688162384E0
1.479130947E2,-5.960604858E0,-2.562670898E-1,7.774233398E0
1.479230717E2,-6.046975250E0,-3.237767029E-1,7.839347992E0
1.479330488E2,-6.124214630E0,-3.330574036E-1,7.858807526E0
1.479430258E2,-6.128555603E0,-2.745291138E-1,7.838898926E0
1.479530027E2,-6.065087585E0,-1.692979431E-1,7.776179352E0
1.479629798E2,-5.968089294E0,-1.056802368E-1,7.734266510E0
1.479729568E2,-5.981411591E0,-2.739303589E-2,7.762707367E0
1.479829337E2,-6.011798401E0,4.460723877E-2,7.767946472E0
1.479929107E2,-5.996979218E0,4.445755005E-2,7.735613708E0
1.480028888E2,-5.993237000E0,2.350112915E-2,7.672295380E0
1.480128658E2,-5.982908478E0,-6.077362061E-2,7.658074951E0
1.480228427E2,-5.981411591E0,-1.508862305E-1,7.668852539E0
1.480328198E2,-6.014193420E0,-1.905537415E-1,7.723788300E0
1.480427968E2,-6.102210388E0,-1.863624573E-1,7.802075500E0
1.480527737E2,-6.178401947E0,-1.685494995E-1,7.835456085E0
1.480627507E2,-6.092330933E0,-1.354682922E-1,7.876021729E0
1.480727278E2,-6.167324982E0,-7.694000244E-2,7.894134064E0
1.480827048E2,-6.154900818E0,1.047821045E-2,7.891140289E0
1.480926817E2,-6.045777740E0,7.244934082E-2,7.815547485E0
1.481026588E2,-6.089486847E0,1.206491089E-1,7.777077484E0
1.481126358E2,-6.116879883E0,1.179547119E-1,7.740104370E0
1.481226127E2,-5.981112213E0,3.143463135E-3,7.689210205E0
1.481325897E2,-5.932014313E0,-6.017486572E-2,7.695946198E0
1.481425668E2,-5.985153809E0,-1.044827271E-1,7.671397247E0
1.481525448E2,-5.998326416E0,-1.273851013E-1,7.709867249E0
1.481625217E2,-6.045029297E0,-1.399589539E-1,7.769443359E0
1.481724988E2,-6.045777740E0,-1.618135071E-1,7.868836670E0
1.481824758E2,-5.992787933E0,-1.080752563E-1,7.939489746E0
1.481924527E2,-5.953419800E0,-3.622467041E-2,7.982151031E0
1.482024298E2,-5.928421783E0,1.122665405E-2,7.946974182E0
1.482124068E2,-5.877377930E0,6.511459351E-2,7.844736786E0
1.482223837E2,-5.819448395E0,1.193019104E-1,7.721692657E0
1.482323607E2,-5.773943024E0,1.543290710E-1,7.620952148E0
1.482423378E2,-5.753136292E0,5.598358154E-2,7.562423859E0
1.482523148E2,-5.813460846E0,-5.313949585E-2,7.549550629E0
1.482622917E2,-5.842650146E0,4.041595459E-3,7.567662964E0
1.482722688E2,-5.860912170E0,3.427871704E-2,7.586673431E0
1.482822458E2,-5.947581940E0,6.421646118E-2,7.632927246E0
1.482922227E2,-6.082900543E0,1.781295776E-2,7.559729462E0
1.483022007E2,-6.020630035E0,-1.944456482E-1,7.782017212E0
1.483121778E2,-5.968538361E0,-1.204994202E-1,7.635172577E0
1.483221548E2,-5.913452911E0,-1.341210938E-1,7.730973358E0
1.483321317E2,-5.961952057E0,-1.953437805E-1,7.676786041E0
1.483421088E2,-5.965095520E0,-2.326162720E-1,7.722890167E0
1.483520858E2,-5.982758789E0,-2.817141724E-1,7.772137756E0
1.483620627E2,-6.026318207E0,-2.595602417E-1,7.750732269E0
1.483720397E2,-6.001918945E0,-2.309696960E-1,7.732320557E0
1.483820168E2,-6.095474396E0,-1.854643250E-1,7.742349701E0
1.483919938E2,-6.103407898E0,-8.322692871E-2,7.630681915E0
1.484019707E2,-6.009852448E0,6.900650024E-2,7.619305573E0
1.484119478E2,-6.019881592E0,2.221380615E-1,7.621700592E0
1.484219248E2,-5.981860657E0,2.140548706E-1,7.649542694E0
1.484319017E2,-5.928721161E0,1.347198486E-1,7.657027130E0
1.484418787E2,-5.944588165E0,1.440005493E-1,7.594756622E0
1.484518568E2,-6.001469879E0,3.562591553E-2,7.632328491E0
1.484618338E2,-6.073170776E0,-1.067280579E-1,7.630681915E0
1.484718107E2,-6.164331207E0,-7.454498291E-2,7.553891602E0
1.484817878E2,-6.113736420E0,-1.167572021E-1,7.587721252E0
1.484917648E2,-6.075266418E0,-8.202941895E-2,7.581434326E0
1.485017417E2,-5.909561005E0,-7.229965210E-2,7.591762848E0
1.485117188E2,-5.790708160E0,-1.862127686E-1,7.582482147E0
1.485216958E2,-5.893394623E0,-1.989363098E-1,7.594307556E0
1.485316728E2,-5.920039215E0,-3.236270142E-1,7.585176544E0
1.485416497E2,-5.949827271E0,-4.815486145E-1,7.618407440E0
1.485516268E2,-5.903423767E0,-4.731660461E-1,7.674391022E0
1.485616038E2,-5.923631744E0,-3.468287659E-1,7.723339233E0
1.485715807E2,-6.003266144E0,-2.306703186E-1,7.814649353E0
1.485815578E2,-6.082451477E0,-8.143066406E-2,7.653883667E0
1.485915348E2,-5.934559021E0,2.050735474E-2,7.575746155E0
1.486015127E2,-5.866899719E0,1.802252197E-1,7.505691833E0
1.486114897E2,-5.809269562E0,1.890568542E-1,7.516918488E0
1.486214668E2,-5.930667114E0,3.487747192E-2,7.595355377E0
1.486314438E2,-6.164480896E0,-8.382568359E-2,7.622598724E0
1.486414207E2,-5.993536377E0,-4.511618042E-1,7.539671173E0
1.486513978E2,-6.196065216E0,-4.052073669E-1,7.527546387E0
1.486613748E2,-6.248007202E0,-1.046324158E-1,7.601642303E0
1.486713517E2,-6.043682098E0,-6.047424316E-2,7.740553436E0
1.486813287E2,-5.931714935E0,5.613327026E-2,7.673492889E0
1.486913058E2,-5.765111389E0,2.143542480E-1,7.563022614E0
1.487012828E2,-5.732928314E0,2.869532776E-1,7.545658722E0
1.487112597E2,-5.858966217E0,2.041754150E-1,7.556885376E0
1.487212368E2,-5.876928864E0,1.011895752E-1,7.603438568E0
1.487312138E2,-5.802683258E0,7.304809570E-2,7.638765106E0
1.487411907E2,-5.770949249E0,5.089416504E-2,7.697143707E0
1.487511687E2,-6.067033539E0,-3.417393494E-1,7.602839813E0
1.487611468E2,-6.071224823E0,-5.833369446E-1,7.671397247E0
1.487711238E2,-6.030808868E0,-3.921844482E-1,7.630532227E0
1.487811007E2,-5.991440735E0,-1.877096558E-1,7.664062500E0
1.487910778E2,-6.052064667E0,-1.091230774E-1,7.658823395E0
1.488010548E2,-5.994733887E0,-1.848655701E-1,7.619754639E0
1.488110317E2,-5.898334351E0,-1.540296936E-1,7.533084869E0
1.488210088E2,-5.867648163E0,-9.580078125E-2,7.439080353E0
1.488309858E2,-5.831124115E0,-9.894424438E-2,7.453001404E0
1.488409627E2,-5.917943573E0,-1.194515991E-1,7.527995453E0
1.488509397E2,-5.998476105E0,-1.429527283E-1,7.550448761E0
1.488609168E2,-6.063590698E0,-1.766326904E-1,7.604336700E0
1.488708938E2,-6.155499573E0,-3.014730835E-1,7.576943665E0
1.488808707E2,-6.179599457E0,-3.965254211E-1,7.551945648E0
1.488908478E2,-6.177204437E0,-3.987707520E-1,7.541467438E0
1.489008258E2,-6.109694824E0,-3.749702454E-1,7.542814636E0
1.489108027E2,-6.075865173E0,-3.339555359E-1,7.446714478E0
1.489207797E2,-6.032455444E0,-2.140548706E-1,7.333400116E0
1.489307568E2,-5.966592407E0,-1.568737793E-1,7.247179413E0
1.489407338E2,-5.872587891E0,-9.729766846E-2,7.159611511E0
1.489507107E2,-5.880072327E0,-7.798782349E-2,7.365134125E0
1.489606878E2,-5.889053650E0,2.649490356E-2,7.402556305E0
1.489706648E2,-5.995033264E0,-7.649093628E-2,7.445367279E0
1.489806417E2,-6.218219147E0,-5.339396667E-1,7.553442535E0
1.489906187E2,-6.313870239E0,-6.818321228E-1,7.512427826E0
1.490005958E2,-6.334976349E0,-6.339317322E-1,7.588170319E0
1.490105728E2,-6.311026154E0,-4.614903259E-1,7.510182495E0
1.490205497E2,-6.322402496E0,-3.779640198E-1,7.474855957E0
1.490305268E2,-6.402336273E0,-3.540138245E-1,7.596852264E0
1.490405038E2,-6.412365417E0,-2.372566223E-1,7.516768799E0
1.490504817E2,-6.349945221E0,-2.137554932E-1,7.411837006E0
1.490604587E2,-6.344107361E0,-1.824705505E-1,7.360942841E0
1.490704358E2,-6.310577087E0,-1.378633118E-1,7.313341827E0
1.490804128E2,-6.252946930E0,-1.311273193E-1,7.353907471E0
1.490903897E2,-6.239325256E0,-1.713935852E-1,7.352260895E0
1.491003668E2,-6.152954865E0,-2.642005920E-1,7.390132141E0
1.491103438E2,-6.140830078E0,-3.091072083E-1,7.413782959E0
1.491203207E2,-6.136788483E0,-2.815644836E-1,7.424859924E0
1.491302978E2,-6.118077393E0,-3.510200500E-1,7.465275879E0
1.491402748E2,-6.168971558E0,-3.582051086E-1,7.432943115E0
1.491502518E2,-6.164780273E0,-3.411405945E-1,7.318131866E0
1.491602287E2,-6.171366577E0,-4.691244507E-1,7.391928406E0
1.491702058E2,-6.181695099E0,-4.894821167E-1,7.457791443E0
1.491801828E2,-6.107150116E0,-4.839436340E-1,7.442523193E0
1.491901597E2,-6.117179260E0,-5.616320801E-1,7.481741638E0
1.492001378E2,-6.139782257E0,-5.704637146E-1,7.477250977E0
1.492101148E2,-6.169270935E0,-4.561015320E-1,7.525151367E0
1.492200917E2,-6.209237823E0,-1.951940918E-1,7.469467163E0
1.492300687E2,-6.207441559E0,1.272354126E-2,7.299121399E0
1.492400458E2,-6.163582764E0,-6.870712280E-2,7.232060852E0
1.492500228E2,-5.916446686E0,-9.984237671E-2,7.176376648E0
1.492599997E2,-5.933361511E0,-1.661544800E-2,7.199877777E0
1.492699768E2,-6.330635376E0,-1.826202393E-2,7.324119415E0
1.492799538E2,-6.587351532E0,-2.275268555E-1,7.529791718E0
1.492899307E2,-6.843019867E0,-5.363346863E-1,7.601941681E0
1.492999077E2,-6.953789520E0,-6.792874146E-1,7.589367828E0
1.493098848E2,-6.953639832E0,-6.075865173E-1,7.638765106E0
1.493198618E2,-6.600075073E0,-4.948709106E-1,7.593708801E0
1.493298387E2,-6.357729034E0,-2.781216431E-1,7.531737671E0
1.493398158E2,-6.199058990E0,-4.715194702E-2,7.438780975E0
1.493497938E2,-6.035898285E0,9.669891357E-2,7.387886810E0
1.493597707E2,-6.044280853E0,4.323010254E-1,7.329358521E0
1.493697477E2,-6.175108795E0,5.013075256E-1,7.469616852E0
1.493797248E2,-6.212530975E0,1.149609375E-1,7.458839264E0
1.493897018E2,-5.957012329E0,2.345622253E-1,7.476203156E0
1.493996787E2,-5.869145050E0,3.908372498E-1,7.440577240E0
1.494096558E2,-6.008056183E0,4.984634399E-1,7.351063385E0
1.494196328E2,-5.906567230E0,-1.835183716E-1,7.595056000E0
1.494296097E2,-6.377338257E0,-7.899073792E-1,7.792645111E0
1.494395867E2,-6.378236389E0,-7.845185852E-1,7.720046082E0
1.494495638E2,-6.324049072E0,-7.379653931E-1,7.636220398E0
1.494595408E2,-6.249055023E0,-3.842509460E-1,7.466623077E0
1.494695177E2,-6.058501282E0,-6.212081909E-2,7.298822021E0
1.494794948E2,-5.788762207E0,3.354524231E-1,7.082970886E0
1.494894718E2,-5.480852509E0,6.695576477E-1,6.898404694E0
1.494994497E2,-5.482499084E0,8.322692871E-1,6.893914032E0
1.495094268E2,-5.892646179E0,4.366419983E-1,7.063960419E0
1.495194038E2,-6.000422058E0,4.281097412E-1,7.279512177E0
1.495293807E2,-6.113736420E0,4.483177185E-1,7.384893036E0
1.495393577E2,-6.201903076E0,5.379812622E-1,7.346872101E0
1.495493348E2,-6.204597473E0,7.496411133E-1,7.399712219E0
1.495593118E2,-6.169121246E0,9.714797974E-1,7.546556854E0
1.495692887E2,-6.142476654E0,8.494834900E-1,7.536677399E0
1.495792658E2,-6.251749420E0,6.680607605E-1,7.598498840E0
1.495892428E2,-6.333928528E0,6.770420837E-1,7.617209930E0
1.495992197E2,-6.332581329E0,7.087760925E-1,7.537725220E0
1.496091967E2,-6.440656586E0,6.310876465E-1,7.425608368E0
1.496191738E2,-6.556815033E0,4.650828552E-1,7.386838989E0
1.496291508E2,-6.747368774E0,2.474354553E-1,7.416776733E0
1.496391277E2,-6.894512787E0,3.996688843E-2,7.380402374E0
1.496491058E2,-7.025490417E0,-1.115180969E-1,7.443720703E0
1.496590828E2,-7.140451355E0,-7.574249268E-2,7.519014130E0
1.496690597E2,-7.167395325E0,1.197509766E-3,7.596702576E0
1.496790367E2,-7.092101898E0,2.332150269E-1,7.544461212E0
1.496890138E2,-6.908882904E0,4.580474854E-1,7.564818878E0
1.496989908E2,-6.996899872E0,4.414320374E-1,7.685018921E0
1.497089677E2,-6.950945435E0,2.149530029E-1,7.665559387E0
1.497189448E2,-6.587501221E0,3.724255371E-1,7.673792267E0
1.497289218E2,-6.325995026E0,5.655239868E-1,7.580835571E0
1.497388987E2,-6.262976074E0,2.790197754E-1,7.407945099E0
1.497488751E2,-6.180048523E0,2.523751831E-1,7.615413666E0
1.497588521E2,-6.209387512E0,4.269122314E-1,7.546706543E0
1.497688291E2,-6.333479462E0,2.249821472E-1,7.569159851E0
1.497788061E2,-6.338269501E0,2.350112915E-2,7.591014404E0
1.497887841E2,-5.830225983E0,-5.725593567E-1,7.488926697E0
1.497987611E2,-4.226760406E0,-1.135838013E0,7.076983337E0
1.498087381E2,-4.432881775E0,-1.431772614E0,7.310198364E0
1.498187151E2,-4.655917969E0,-1.587448883E0,7.194339294E0
1.498286921E2,-5.326972504E0,-1.496887207E-2,7.511529694E0
1.498386691E2,-5.712121582E0,4.037104797E-1,7.593708801E0
1.498486461E2,-6.243067474E0,2.433938599E-1,7.999664612E0
1.498586231E2,-6.898255005E0,3.442840576E-1,8.195607147E0
1.498686001E2,-7.179071045E0,5.774990845E-1,8.022566986E0
1.498785771E2,-6.955286407E0,4.854405212E-1,7.743996277E0
1.498885541E2,-6.584657135E0,1.252894592E-1,7.491172028E0
1.498985311E2,-6.254892883E0,-1.841171265E-1,7.286098480E0
1.499085081E2,-6.042933655E0,-4.966671753E-1,7.149732056E0
1.499184851E2,-5.840105438E0,-9.616003418E-1,7.271279297E0
1.499284621E2,-5.875431976E0,-8.765771484E-1,7.087461548E0
1.499384391E2,-6.591842194E0,-1.297801208E-1,7.125033417E0
1.499484171E2,-7.525301056E0,3.171903992E-1,7.638166351E0
1.499583941E2,-7.730823669E0,3.555107117E-1,7.871531067E0
1.499683711E2,-7.467371521E0,5.788462830E-1,7.685318298E0
1.499783481E2,-6.802454224E0,5.405259705E-1,7.615713043E0
1.499883251E2,-6.313121796E0,5.336402893E-1,7.544610901E0
1.499983021E2,-6.239924011E0,4.617897034E-1,7.416926422E0
1.500082791E2,-6.588698730E0,-1.451980591E-2,7.431745605E0
1.500182561E2,-6.947053528E0,-7.343728638E-1,7.511679382E0
1.500282331E2,-7.072193298E0,-1.184636536E0,7.705226898E0
1.500382101E2,-7.054230652E0,-1.475481720E0,7.755522308E0
1.500481871E2,-6.987319794E0,-1.755100250E0,7.577542419E0
1.500581641E2,-6.881789246E0,-1.933828583E0,7.460785217E0
1.500681411E2,-6.277795258E0,-2.993025970E0,7.391629028E0
1.500781181E2,-6.035299530E0,-3.218606873E0,7.122638397E0
1.500880961E2,-6.218668213E0,-3.149151306E0,6.953639832E0
1.500980731E2,-6.239325256E0,-3.120261383E0,6.879992981E0
1.501080501E2,-6.252348175E0,-2.817740479E0,6.867718506E0
1.501180271E2,-6.202202454E0,-3.130739594E0,6.900051270E0
1.501280041E2,-5.907615051E0,-3.142115936E0,6.766977997E0
1.501379811E2,-4.985682220E0,-4.711452484E0,5.444029083E0
1.501479581E2,-5.001549225E0,-5.419929199E0,5.440436554E0
1.501579351E2,-7.300767975E0,-3.911665649E0,1.001492386E1
1.501679121E2,-7.010072479E0,-4.202510834E0,7.179669800E0
1.501778891E2,-6.455924835E0,-3.704795837E0,7.130122833E0
1.501878661E2,-5.625601501E0,-4.152514801E0,6.699468384E0
1.501978431E2,-5.828429718E0,-3.384761353E0,7.406448212E0
1.502078201E2,-7.168293457E0,-1.674118652E0,7.353159027E0
1.502177971E2,-8.060587921E0,-1.490899658E0,7.670798492E0
1.502277741E2,-7.823780365E0,-7.902067566E-1,7.864944763E0
1.502377521E2,-7.145091705E0,-4.409829712E-1,7.637268219E0
1.502477291E2,-6.454877014E0,7.041357422E-1,6.749015350E0
1.502577061E2,-5.954916687E0,5.378315735E-1,7.032525787E0
1.502676831E2,-5.884562988E0,2.564167786E-1,7.165449371E0
1.502776601E2,-6.006110229E0,-9.969268799E-2,7.225923615E0
1.502876371E2,-6.357729034E0,-5.779481506E-1,7.227570190E0
1.502976141E2,-6.706054688E0,-1.284927979E0,7.343728638E0
1.503075911E2,-6.702462158E0,-1.669328613E0,7.169790344E0
1.503175681E2,-6.479126587E0,-2.693798218E0,7.068301392E0
1.503275451E2,-6.193071442E0,-3.864962769E0,6.874604187E0
1.503375221E2,-6.023623810E0,-4.246968384E0,6.660998383E0
1.503474991E2,-5.876030731E0,-4.400848389E0,6.615792389E0
1.503574761E2,-6.008804626E0,-4.175716553E0,6.431525574E0
1.503674531E2,-6.038143616E0,-4.242926788E0,6.542893982E0
1.503774311E2,-5.980513458E0,-4.027973785E0,6.508016510E0
1.503874081E2,-5.915398865E0,-3.948189697E0,6.592590637E0
1.503973851E2,-5.970484314E0,-3.900738373E0,6.663094025E0
1.504073621E2,-5.822591858E0,-3.784130859E0,6.661896515E0
1.504173391E2,-5.830824738E0,-3.869004364E0,6.675667877E0
1.504273161E2,-6.725065155E0,-7.840994568E0,8.382718048E0
1.504372931E2,-4.648134155E0,-7.818840637E0,5.523064728E0
1.504472701E2,-4.264332275E0,-5.106331329E0,4.821473694E0
1.504572471E2,-6.262077942E0,-5.577252045E0,7.358098755E0
1.504672241E2,-6.403683472E0,-5.400469666E0,7.413034515E0
1.504772011E2,-5.799390106E0,-4.870122528E0,6.702312469E0
1.504871781E2,-5.574258270E0,-4.108805695E0,6.399941254E0
1.504971551E2,-5.787864075E0,-3.490142212E0,6.867419128E0
1.505071321E2,-6.032006378E0,-2.367476807E0,6.841972046E0
1.505171091E2,-6.250252533E0,-1.109492798E0,6.872508545E0
1.505270871E2,-6.707701263E0,-3.697311401E-1,6.913822632E0
1.505370641E2,-6.943760376E0,-1.859133911E-1,7.025490417E0
1.505470411E2,-6.809788971E0,-1.105151825E0,7.125183105E0
1.505570181E2,-5.831722870E0,-3.426225128E0,6.785539398E0
1.505669951E2,-5.494025116E0,-4.428540802E0,6.342610474E0
1.505769721E2,-5.630690918E0,-4.513713684E0,6.410868530E0
1.505869491E2,-5.660778351E0,-4.592000885E0,6.458619232E0
1.505969261E2,-5.726042633E0,-4.721781006E0,6.359225922E0
1.506069031E2,-5.762566681E0,-4.863835602E0,6.296206970E0
1.506168801E2,-5.828130341E0,-4.919669495E0,6.352489929E0
1.506268571E2,-5.967939606E0,-4.672234039E0,6.432423706E0
1.506368341E2,-6.066734161E0,-4.392914886E0,6.448440399E0
1.506468111E2,-6.077511749E0,-4.176315308E0,6.452931061E0
1.506567881E2,-6.068081360E0,-3.943549347E0,6.532116394E0
1.506667661E2,-6.136788483E0,-3.773053894E0,6.684349823E0
1.506767431E2,-6.145919495E0,-3.765868835E0,6.763086090E0
1.506867201E2,-6.051615601E0,-3.955823822E0,6.752458191E0
1.506966971E2,-5.931265869E0,-4.305197296E0,6.722969513E0
1.507066741E2,-5.810616760E0,-4.607568512E0,6.734495544E0
1.507166511E2,-5.753435669E0,-4.739444275E0,6.774612122E0
1.507266281E2,-5.796096954E0,-4.696184235E0,6.780300293E0
1.507366051E2,-5.855223999E0,-4.520599365E0,6.820267181E0
1.507465821E2,-5.871240692E0,-4.297563171E0,6.842121735E0
1.507565594E2,-5.858517151E0,-4.118984528E0,6.792125702E0
1.507665364E2,-5.811215515E0,-4.033212891E0,6.766079865E0
1.507765134E2,-5.720803528E0,-4.038751373E0,6.715634766E0
1.507864904E2,-5.639073486E0,-4.123325500E0,6.692433014E0
1.507964674E2,-5.625152435E0,-4.148922272E0,6.703060913E0
1.508064444E2,-5.673352203E0,-4.206851807E0,6.725963287E0
1.508164224E2,-5.712271271E0,-4.324956207E0,6.738836517E0
1.508263994E2,-5.697901154E0,-4.420008545E0,6.723568268E0
1.508363764E2,-5.673202515E0,-4.403542786E0,6.672225037E0
1.508463534E2,-5.648653564E0,-4.338428192E0,6.672374725E0
1.508563304E2,-5.660928040E0,-4.324656830E0,6.712491302E0
1.508663074E2,-5.735173645E0,-4.355043640E0,6.738537140E0
1.508762844E2,-5.717660065E0,-4.314178619E0,6.784641266E0
1.508862614E2,-5.733078003E0,-4.227209473E0,6.789730682E0
1.508962384E2,-5.772296448E0,-4.183051300E0,6.805597687E0
1.509062154E2,-5.773943024E0,-4.130360870E0,6.797963562E0
1.509161924E2,-5.754034424E0,-4.097579041E0,6.753206635E0
1.509261694E2,-5.724545746E0,-4.163292389E0,6.720724182E0
1.509361464E2,-5.764213257E0,-4.381388855E0,6.706054688E0
1.509461234E2,-5.802832947E0,-4.558171234E0,6.646029510E0
1.509561014E2,-5.782624969E0,-4.662803650E0,6.575825500E0
1.509660784E2,-5.786067810E0,-4.711602173E0,6.591991882E0
1.509760554E2,-5.823040924E0,-4.685556335E0,6.603667603E0
1.509860324E2,-5.861959991E0,-4.622687073E0,6.585255890E0
1.509960094E2,-5.822292480E0,-4.498146057E0,6.590644684E0
1.510059864E2,-5.793851624E0,-4.314627686E0,6.594835968E0
1.510159634E2,-5.800737305E0,-4.212839355E0,6.590345306E0
1.510259404E2,-5.792953491E0,-4.220024414E0,6.616690521E0
1.510359174E2,-5.774541779E0,-4.268822937E0,6.631809082E0
1.510458944E2,-5.813760223E0,-4.265230408E0,6.672973480E0
1.510558714E2,-5.839506683E0,-4.238136749E0,6.671326904E0
1.510658484E2,-5.805677032E0,-4.229305115E0,6.625522156E0
1.510758254E2,-5.743256836E0,-4.211641846E0,6.600075073E0
1.510858024E2,-5.716761932E0,-4.187691650E0,6.569388885E0
1.510957804E2,-5.751340027E0,-4.195026398E0,6.595883789E0
1.511057574E2,-5.787714386E0,-4.219425659E0,6.575077057E0
1.511157344E2,-5.825885010E0,-4.200714569E0,6.531517639E0
1.511257114E2,-5.862409058E0,-4.223916321E0,6.496490479E0
1.511356884E2,-5.858068085E0,-4.267176361E0,6.489006042E0
1.511456654E2,-5.866001587E0,-4.350552979E0,6.484814758E0
1.511556424E2,-5.901477814E0,-4.433929596E0,6.517297211E0
1.511656194E2,-5.976471863E0,-4.436773682E0,6.522985382E0
1.511755964E2,-6.043532410E0,-4.390669556E0,6.540948029E0
1.511855734E2,-6.053561554E0,-4.365970917E0,6.548881531E0
1.511955504E2,-6.055657196E0,-4.535418549E0,6.553521881E0
1.512055274E2,-6.008355560E0,-4.753964081E0,6.505920868E0
1.512155044E2,-5.962251434E0,-4.871769104E0,6.434070282E0
1.512254814E2,-5.940995636E0,-4.928052063E0,6.352789307E0
1.512354584E2,-5.807024231E0,-4.856051788E0,6.289920044E0
1.512454364E2,-5.668262787E0,-4.919669495E0,6.323300629E0
1.512554134E2,-5.212610321E0,-5.397026825E0,6.104605408E0
1.512653904E2,-5.954617310E0,-4.580474854E0,6.097869415E0
1.512753674E2,-5.791905670E0,-4.529431000E0,6.320007477E0
1.512853444E2,-5.704188080E0,-4.534969482E0,6.223458252E0
1.512953214E2,-5.637127533E0,-4.876858521E0,6.128854980E0
1.513052984E2,-5.597160645E0,-5.107678528E0,6.092031555E0
1.513152754E2,-5.513185272E0,-5.237458649E0,6.123166809E0
1.513252524E2,-5.777535553E0,-5.516478424E0,6.508315887E0
1.513352294E2,-5.896089020E0,-7.877368927E0,6.568191376E0
1.513452064E2,-4.309687958E0,-5.574108582E0,4.787644043E0
1.513551834E2,-5.602549438E0,-5.327571259E0,6.547684021E0
1.513651604E2,-5.585933990E0,-5.312752075E0,6.495891724E0
1.513751374E2,-5.361101532E0,-5.647456055E0,6.078559570E0
1.513851154E2,-5.255121918E0,-5.477559357E0,6.015989685E0
1.513950924E2,-5.716312866E0,-5.096601562E0,6.907386017E0
1.514050694E2,-6.058201904E0,-6.113437042E0,7.219636688E0
1.514150464E2,-5.668562164E0,-9.603878632E0,6.321654053E0
1.514250234E2,-3.864663391E0,-8.621172180E0,3.548969879E0
1.514350004E2,-4.527934113E0,-9.727820892E0,4.597838745E0
1.514449774E2,-4.770130463E0,-1.342917389E1,3.353476410E0
1.514549544E2,-4.849764862E0,-1.429048279E1,7.063062286E0
1.514649314E2,-4.845124512E0,-1.127829666E1,5.565875702E0
1.514749084E2,-5.087919617E0,-1.110914841E1,6.777605896E0
1.514848854E2,-4.948709106E0,-1.015608032E1,7.869435425E0
1.514948624E2,-6.032305756E0,-6.597530365E0,6.203100586E0
1.515048394E2,-4.621788940E0,-2.788850555E0,1.031969009E1
1.515148164E2,-3.993395691E0,6.165678406E-1,7.969277802E0
1.515247944E2,-6.788533173E0,3.053649902E-2,2.077529755E0
1.515347714E2,-8.067623291E0,-3.351829834E0,1.397493896E0
1.515447484E2,-5.673801270E0,-5.794300690E0,2.493514709E0
1.515547254E2,-4.943619690E0,-7.266489258E0,3.174149323E0
1.515647024E2,-4.571194153E0,-7.488028564E0,4.801714783E0
1.515746794E2,-4.304448853E0,-6.891818390E0,5.304668884E0
1.515846564E2,-5.818999329E0,-6.772815857E0,6.870861969E0
1.515946334E2,-6.676416321E0,-7.325616302E0,7.172784119E0
1.516046104E2,-7.630831604E0,-8.625213776E0,6.034850464E0
1.516145874E2,-1.160222305E1,-1.115061218E1,3.601360931E0
1.516245644E2,-1.608704681E1,-1.240380615E1,5.388793945E-1
1.516345414E2,-1.515463577E1,-1.144939087E1,2.954855347E-1
1.516445184E2,-1.410097687E1,-9.939031677E0,6.836283875E-1
1.516544954E2,-1.226639191E1,-8.876391449E0,1.045276337E0
1.516644734E2,-9.303453369E0,-9.039252777E0,1.375639343E0
1.516744504E2,-7.680677948E0,-9.347312164E0,1.890718231E0
1.516844274E2,-6.518644409E0,-9.675878906E0,2.357447662E0
1.516944044E2,-5.697003021E0,-9.745783539E0,2.664010162E0
1.517043814E2,-5.253325653E0,-9.518556061E0,3.021616516E0
1.517143584E2,-4.979395294E0,-8.885522461E0,3.251239014E0
1.517243354E2,-5.188959503E0,-8.227341156E0,3.323239288E0
1.517343124E2,-5.758525085E0,-7.602839813E0,3.467838593E0
1.517442894E2,-6.431226196E0,-6.689588928E0,3.649860077E0
1.517542667E2,-7.087311859E0,-5.894891510E0,3.761228485E0
1.517642437E2,-7.357500000E0,-5.513634338E0,4.292024689E0
1.517742207E2,-7.666158142E0,-5.002597046E0,4.516258392E0
1.517841977E2,-7.415728912E0,-4.744982758E0,4.384382629E0
1.517941747E2,-6.984924774E0,-5.262456665E0,4.545896759E0
1.518041527E2,-6.508016510E0,-5.282215576E0,4.685256958E0
1.518141297E2,-5.842799835E0,-5.089715881E0,4.827610931E0
1.518241067E2,-5.229375458E0,-4.901856537E0,4.855003967E0
1.518340837E2,-4.807702332E0,-4.635859680E0,4.835544434E0
1.518440607E2,-4.528682556E0,-4.224365387E0,4.807253265E0
1.518540377E2,-4.346960449E0,-3.511398010E0,4.677622833E0
1.518640147E2,-4.454736328E0,-2.768941956E0,4.713398438E0
1.518739917E2,-4.642745361E0,-2.356998596E0,4.980293427E0
1.518839687E2,-4.863087158E0,-2.112706604E0,5.137017517E0
1.518939457E2,-5.252876587E0,-2.336790619E0,5.213358765E0
1.519039227E2,-5.685626678E0,-2.715802460E0,5.089117126E0
1.519138997E2,-6.062991943E0,-2.941533051E0,4.771627350E0
1.519238767E2,-6.382427673E0,-2.855312347E0,4.318070526E0
1.519338537E2,-6.727460175E0,-2.236798553E0,3.873794403E0
1.519438317E2,-6.987768860E0,-1.516945496E0,3.446133728E0
1.519538087E2,-7.117399292E0,-9.933343506E-1,3.155438232E0
1.519637857E2,-7.108567657E0,-4.713697815E-1,3.107537842E0
1.519737627E2,-7.024442596E0,-3.138972473E-1,3.114423523E0
1.519837397E2,-6.866371307E0,-2.697390747E-1,3.222049713E0
1.519937167E2,-6.569538574E0,1.110690308E-1,3.569926300E0
1.520036937E2,-6.236331482E0,5.742059326E-1,3.957171021E0
1.520136707E2,-5.877976685E0,1.002016296E0,4.402794342E0
1.520236477E2,-5.508395233E0,1.190773773E0,4.854105835E0
1.520336247E2,-5.142256622E0,1.280736694E0,5.258415070E0
1.520436017E2,-5.055437164E0,1.521735535E0,5.597909088E0
1.520535787E2,-5.374124451E0,1.709894257E0,6.100414124E0
1.520635557E2,-5.818400574E0,1.824705505E0,6.690337372E0
1.520735327E2,-6.296656036E0,1.575773163E0,7.113956451E0
1.520835097E2,-6.577921143E0,1.313967590E0,7.536677399E0
1.520934877E2,-6.530020752E0,1.290466461E0,7.832761688E0
1.521034647E2,-6.122268677E0,1.417252808E0,7.890840912E0
1.521134417E2,-5.489983521E0,1.648521881E0,7.817643127E0
1.521234187E2,-4.724026337E0,1.802102509E0,7.605534210E0
1.521333957E2,-4.033063202E0,1.822011108E0,7.220983887E0
1.521433727E2,-3.582649841E0,2.059267731E0,6.756948853E0
1.521533497E2,-3.320544891E0,2.646496582E0,6.388714600E0
1.521633267E2,-3.241958313E0,3.221750336E0,6.168821869E0
1.521733037E2,-3.590134277E0,3.770658875E0,6.330335999E0
1.521832807E2,-5.886808319E0,4.235741730E0,7.807913361E0
1.521932577E2,-4.905748444E0,3.609893188E0,7.837701416E0
1.522032347E2,-5.623056793E0,3.305576019E0,8.986861725E0
1.522132117E2,-5.962251434E0,3.857927399E0,9.247320099E0
1.522231887E2,-6.006858673E0,3.847748566E0,9.125323792E0
1.522331667E2,-5.648054810E0,3.829935608E0,8.722212067E0
1.522431437E2,-5.055886230E0,3.552263031E0,8.213420105E0
1.522531207E2,-4.464915161E0,3.178789673E0,8.029153290E0
1.522630977E2,-3.446433105E0,3.247945862E0,7.828420715E0
1.522730747E2,-2.505789185E0,3.493135986E0,7.896978149E0
1.522830517E2,-1.591041412E0,3.876189423E0,8.225844269E0
1.522930287E2,-8.918453979E-1,4.267326050E0,8.658594360E0
1.523030057E2,-5.921685791E-1,4.492757263E0,9.257648621E0
1.523129827E2,-5.760021973E-1,4.433330841E0,1.003962250E1
1.523229597E2,-6.631210327E-1,4.218826904E0,1.050051407E1
1.523329367E2,-7.542814636E-1,4.056564331E0,1.038330780E1
1.523429137E2,-9.624984741E-1,3.593427429E0,9.729018402E0
1.523528907E2,-1.558109894E0,2.857707367E0,8.980574799E0
1.523628677E2,-1.987866211E0,2.871628418E0,8.433761902E0
1.523728457E2,-1.998793488E0,3.505111084E0,8.139473877E0
1.523828227E2,-1.607507172E0,3.924239502E0,8.227191467E0
1.523927997E2,-1.149309998E0,4.004173279E0,8.670868835E0
1.524027767E2,-3.312611389E-1,4.117487640E0,9.619446259E0
1.524127537E2,-7.487429810E-1,3.864663391E0,1.015623001E1
1.524227307E2,-1.468895416E0,3.281625824E0,1.029873367E1
1.524327077E2,-1.033600616E0,2.927312622E0,1.079734680E1
1.524426847E2,1.296304321E-1,2.915786591E0,1.256981094E1
1.524526617E2,1.475332031E0,3.015179901E0,1.470482117E1
1.524626387E2,6.601272583E-1,1.954934692E0,1.268537064E1
1.524726157E2,-1.251697083E0,6.608757019E-1,9.811347198E0
1.524825927E2,-2.225871277E0,1.102906494E0,9.220076752E0
1.524925697E2,-2.019899597E0,1.932930450E0,9.759405212E0
1.525025467E2,-1.811682587E0,2.598596191E0,9.957144012E0
1.525125237E2,-5.665718079E-1,3.447480927E0,9.951306152E0
1.525225017E2,7.723937988E-2,3.494183807E0,1.080812439E1
1.525324787E2,2.380050659E-1,3.053649902E0,1.122904907E1
1.525424557E2,3.794609070E-1,2.464475098E0,1.116333572E1
1.525524327E2,5.536985779E-1,1.724114685E0,1.072684341E1
1.525624097E2,-9.015751648E-1,1.716181183E0,9.904004517E0
1.525723867E2,-1.710343323E0,1.601968689E0,9.001082153E0
1.525823637E2,-1.962269440E0,2.312091980E0,8.758586426E0
1.525923407E2,-1.851649475E0,2.671195221E0,8.841064911E0
1.526023177E2,-9.352551270E-1,1.920506287E0,8.072862396E0
1.526122947E2,-1.026116180E0,1.435514832E0,7.200775909E0
1.526222717E2,-6.803352356E-1,1.875150604E0,6.746620331E0
1.526322487E2,-3.652404785E-1,2.858605499E0,6.709347839E0
1.526422257E2,-2.460882568E-1,3.375929718E0,6.789431305E0
1.526522027E2,-3.002755737E-1,3.551514587E0,7.235952759E0
1.526621807E2,-5.911207581E-1,3.669469299E0,7.742200012E0
1.526721577E2,-6.824308777E-1,3.777694244E0,8.437653809E0
1.526821347E2,-4.816983032E-1,3.542233887E0,9.080866241E0
1.526921117E2,-1.408570862E-1,3.452121277E0,9.790540466E0
1.527020887E2,-1.975891113E-2,3.312461700E0,1.010892838E1
1.527120657E2,-5.264552307E-1,2.787353668E0,1.051308792E1
1.527220427E2,-4.813989258E-1,2.521057434E0,1.119402191E1
1.527320197E2,-6.614744568E-1,2.409090271E0,1.119432129E1
1.527419967E2,-1.015787659E0,2.386786652E0,1.108654541E1
1.527519734E2,-1.477277985E0,2.638862457E0,1.065110092E1
1.527619504E2,-1.515747986E0,2.849474487E0,1.012763947E1
1.527719274E2,-1.572030945E0,3.177741852E0,9.612111511E0
1.527819044E2,-1.683249664E0,3.486699371E0,9.055868225E0
1.527918814E2,-1.721120911E0,3.730991364E0,8.531508636E0
1.528018584E2,-1.475930786E0,4.126468964E0,7.911048889E0
1.528118364E2,-1.042881317E0,4.115990753E0,7.833659821E0
1.528218134E2,-1.121018829E0,4.402345276E0,7.501949615E0
1.528317904E2,-7.343728638E-1,4.520150299E0,7.996820526E0
1.528417674E2,-3.088078308E-1,4.666845245E0,8.333171082E0
1.528517444E2,-5.724096680E-1,4.640799408E0,8.641679535E0
1.528617214E2,-7.168592834E-1,4.690645752E0,9.052275696E0
1.528716984E2,-7.065307617E-1,4.844525757E0,9.029672699E0
1.528816754E2,-4.583468628E-1,4.984185333E0,8.793912964E0
1.528916524E2,-1.372645569E-1,5.045557709E0,8.434061279E0
1.529016294E2,1.434017944E-1,5.020110626E0,8.102949829E0
1.529116064E2,3.402424622E-1,4.915029144E0,7.875722351E0
1.529215834E2,3.911366272E-1,4.789440308E0,7.869734802E0
1.529315604E2,2.312690735E-1,4.674928436E0,8.025560760E0
1.529415374E2,3.338058472E-2,4.631369019E0,8.368796997E0
1.529515144E2,-2.041754150E-1,4.490212555E0,8.511600037E0
1.529614924E2,-3.562591553E-1,4.258494415E0,8.705446930E0
1.529714694E2,-1.707948303E-1,4.409380646E0,8.886719971E0
1.529814464E2,1.137634277E-2,4.509971466E0,8.856183472E0
1.529914234E2,2.377056885E-1,4.662803650E0,8.715326385E0
1.530014004E2,3.857478333E-1,4.870421906E0,8.478518829E0
1.530113774E2,4.134402466E-1,5.043312378E0,8.242160339E0
1.530213544E2,3.942800903E-1,5.178780670E0,8.056246948E0
1.530313314E2,3.725752258E-1,5.285508728E0,7.974516907E0
1.530413084E2,2.406994629E-1,5.255720673E0,8.028105469E0
1.530512854E2,1.475930786E-1,5.176235962E0,8.225844269E0
1.530612624E2,-1.254391479E-1,4.879403229E0,8.888815613E0
1.530712394E2,-2.321672058E-1,4.823569336E0,9.373807068E0
1.530812164E2,8.622070312E-2,4.879852295E0,9.435329132E0
1.530911934E2,3.622467041E-1,4.768783264E0,9.299711151E0
1.531011714E2,7.143145752E-1,4.793481903E0,9.098679199E0
1.531111484E2,1.003064117E0,4.869823151E0,8.899742889E0
1.531211254E2,1.171164551E0,4.840933228E0,8.675658875E0
1.531311024E2,1.190624084E0,4.690046997E0,8.625064087E0
1.531410794E2,1.040635986E0,4.507277069E0,8.787925415E0
1.531510564E2,8.313711548E-1,4.418811035E0,8.931476898E0
1.531610334E2,7.047344971E-1,4.413422241E0,8.943152618E0
1.531710104E2,7.089257812E-1,4.501888275E0,8.834179230E0
1.531809874E2,7.991880798E-1,4.656516724E0,8.627758484E0
1.531909644E2,9.234297180E-1,4.797523499E0,8.386160889E0
1.532009414E2,1.008452911E0,4.874014435E0,8.230484619E0
1.532109184E2,1.075363770E0,4.908293152E0,8.182733917E0
1.532208954E2,1.111139374E0,4.898114319E0,8.199798431E0
1.532308724E2,1.032253418E0,4.854405212E0,8.236023102E0
1.532408494E2,8.524772644E-1,4.817731476E0,8.359366608E0
1.532508274E2,6.721023560E-1,4.847070465E0,8.424032135E0
1.532608044E2,5.414241028E-1,4.908742218E0,8.382718048E0
1.532707814E2,4.899311829E-1,4.925806732E0,8.293204193E0
1.532807584E2,5.248086548E-1,4.944218445E0,8.221952362E0
1.532907354E2,5.307962036E-1,4.944218445E0,8.239465942E0
1.533007124E2,4.776567078E-1,4.918172607E0,8.299341431E0
1.533106894E2,4.366419983E-1,4.952301636E0,8.455616455E0
1.533206664E2,4.245172119E-1,4.967569885E0,8.552015991E0
1.533306434E2,4.638853455E-1,4.987628174E0,8.651558990E0
1.533406204E2,5.342390442E-1,5.056934052E0,8.741072845E0
1.533505974E2,5.649252319E-1,5.079986115E0,8.758586426E0
1.533605744E2,5.324427795E-1,5.054389343E0,8.688532104E0
1.533705514E2,5.460644531E-1,4.993316345E0,8.596024475E0
1.533805284E2,5.909710693E-1,4.918471985E0,8.529263306E0
1.533905064E2,6.542893982E-1,4.882696381E0,8.487051086E0
1.534004834E2,7.209008789E-1,4.847220154E0,8.512947235E0
1.534104604E2,7.421566772E-1,4.774471436E0,8.617280273E0
1.534204374E2,7.714956665E-1,4.689298553E0,8.702453156E0
1.534304144E2,8.491841125E-1,4.665797424E0,8.712033234E0
1.534403914E2,9.002279663E-1,4.689448242E0,8.641529846E0
1.534503684E2,9.511221313E-1,4.724774780E0,8.612490234E0
1.534603454E2,8.942404175E-1,4.743186493E0,8.518186340E0
1.534703224E2,7.994874573E-1,4.822072449E0,8.429720306E0
1.534802994E2,7.625143433E-1,4.873265991E0,8.296197968E0
1.534902764E2,7.545808411E-1,4.905748444E0,8.202193451E0
1.535002534E2,7.794291687E-1,4.957391052E0,8.156388702E0
1.535102304E2,8.014334106E-1,4.952301636E0,8.156538391E0
1.535202074E2,8.375083923E-1,4.908143463E0,8.249644775E0
1.535301844E2,8.035290527E-1,4.873415680E0,8.397686920E0
1.535401624E2,7.550299072E-1,4.853357391E0,8.562194824E0
1.535501394E2,7.921527100E-1,4.858446808E0,8.702752533E0
1.535601164E2,7.967930603E-1,4.959486694E0,8.707542572E0
1.535700934E2,7.837701416E-1,5.109325104E0,8.591533813E0
1.535800704E2,7.262896729E-1,5.190306702E0,8.484207001E0
1.535900474E2,6.195616150E-1,5.217699738E0,8.475525055E0
1.536000244E2,5.510041809E-1,5.176834717E0,8.534801788E0
1.536100014E2,5.360353088E-1,5.069058838E0,8.605005798E0
1.536199784E2,5.822891235E-1,4.913532257E0,8.661288757E0
1.536299554E2,6.716532898E-1,4.778513031E0,8.718769226E0
1.536399324E2,7.589218140E-1,4.657115479E0,8.751401367E0
1.536499094E2,7.707472229E-1,4.610861664E0,8.794511719E0
1.536598864E2,7.617658997E-1,4.621040497E0,8.819060669E0
1.536698634E2,7.927514648E-1,4.681963806E0,8.804840240E0
1.536798404E2,8.610095215E-1,4.772824860E0,8.759185181E0
1.536898184E2,9.030720520E-1,4.856201477E0,8.637787628E0
1.536997954E2,8.900491333E-1,4.896916809E0,8.539591827E0
1.537097724E2,8.405021667E-1,4.925657043E0,8.463100891E0
1.537197494E2,7.685018921E-1,4.912933502E0,8.422535248E0
1.537297264E2,7.493417358E-1,4.891528015E0,8.400231628E0
1.537397034E2,7.545808411E-1,4.915328522E0,8.396339722E0
1.537496804E2,7.674540710E-1,4.895868988E0,8.396639099E0
1.537596569E2,7.804769897E-1,4.880750427E0,8.421786804E0
1.537696339E2,7.949967957E-1,4.889582062E0,8.464897156E0
1.537796109E2,7.241940308E-1,4.899611206E0,8.512049103E0
1.537895879E2,6.644682312E-1,4.914879456E0,8.545729065E0
1.537995649E2,6.658154297E-1,4.925507355E0,8.525521088E0
1.538095419E2,6.411167908E-1,4.947661285E0,8.493936768E0
1.538195189E2,5.932164001E-1,4.993016968E0,8.466394043E0
1.538294969E2,5.575904846E-1,5.000651093E0,8.458161163E0
1.538394739E2,5.227130127E-1,4.944068756E0,8.527317352E0
1.538494509E2,4.893324280E-1,4.897216187E0,8.537047119E0
1.538594279E2,4.857398987E-1,4.861739960E0,8.549620972E0
1.538694049E2,4.764591980E-1,4.872367859E0,8.570128326E0
1.538793819E2,4.878355408E-1,4.877457275E0,8.559350739E0
1.538893589E2,5.149291992E-1,4.895719299E0,8.528814240E0
1.538993359E2,5.510041809E-1,4.915178833E0,8.447682953E0
1.539093129E2,5.607339478E-1,4.944667511E0,8.370892639E0
1.539192899E2,5.580395508E-1,5.041067047E0,8.362809448E0
1.539292669E2,5.248086548E-1,5.056335297E0,8.346643066E0
1.539392439E2,5.004093933E-1,5.022954712E0,8.280181274E0
1.539492209E2,5.029541016E-1,4.982239380E0,8.278983765E0
1.539591979E2,4.948709106E-1,4.988526306E0,8.305029602E0
1.539691759E2,4.834945679E-1,4.981191559E0,8.307424622E0
1.539791529E2,4.914280701E-1,4.918471985E0,8.340056763E0
1.539891299E2,5.376818848E-1,4.905000000E0,8.405770111E0
1.539991069E2,6.104306030E-1,4.893623657E0,8.453071747E0
1.540090839E2,6.695576477E-1,4.867128754E0,8.512198792E0
1.540190609E2,7.149133301E-1,4.862039337E0,8.544232178E0
1.540290379E2,6.695576477E-1,4.849465485E0,8.505013733E0
1.540390149E2,6.057902527E-1,4.845124512E0,8.443940735E0
1.540489919E2,5.769003296E-1,4.878505096E0,8.424032135E0
1.540589689E2,5.562432861E-1,4.896916809E0,8.443791046E0
1.540689459E2,5.770500183E-1,4.915777588E0,8.424481201E0
1.540789229E2,5.920188904E-1,4.955445099E0,8.397836609E0
1.540888999E2,6.111790466E-1,5.022056580E0,8.391849060E0
1.540988769E2,5.948629761E-1,5.075645142E0,8.442892914E0
1.541088539E2,5.613327026E-1,5.069358215E0,8.500523071E0
1.541188319E2,5.251080322E-1,5.064867554E0,8.569828949E0
1.541288089E2,5.569917297E-1,5.053491211E0,8.629405060E0
1.541387859E2,5.969586182E-1,4.991071014E0,8.673712921E0
1.541487629E2,6.349795532E-1,4.915777588E0,8.666527863E0
1.541587399E2,6.360273743E-1,4.888384552E0,8.675209808E0
1.541687169E2,6.523434448E-1,4.886139221E0,8.657995605E0
1.541786939E2,6.768923950E-1,4.874164124E0,8.589288483E0
1.541886709E2,6.905140686E-1,4.909340973E0,8.513096924E0
1.541986479E2,7.216493225E-1,4.939578094E0,8.460855560E0
1.542086249E2,7.869136047E-1,4.980293427E0,8.428971863E0
1.542186019E2,7.923023987E-1,4.976700897E0,8.417894897E0
1.542285789E2,7.044351196E-1,4.957540741E0,8.459358673E0
1.542385559E2,6.328839111E-1,4.962181091E0,8.525970154E0
1.542485329E2,6.710545349E-1,4.960833893E0,8.503666534E0
1.542585109E2,7.408094788E-1,4.958139496E0,8.506360931E0
1.542684879E2,7.747888184E-1,4.942272491E0,8.557255096E0
1.542784649E2,7.479945374E-1,4.925058289E0,8.627459106E0
1.542884419E2,7.607180786E-1,4.928052063E0,8.668024750E0
1.542984189E2,7.581733704E-1,4.918022919E0,8.691226501E0
1.543083959E2,7.659571838E-1,4.914430389E0,8.687035217E0
1.543183729E2,7.466473389E-1,4.921465759E0,8.621022491E0
1.543283499E2,7.731422424E-1,4.936584320E0,8.542884979E0
1.543383269E2,7.614665222E-1,4.971312103E0,8.467142487E0
1.543483039E2,7.081773376E-1,4.998405762E0,8.425828400E0
1.543582809E2,6.095324707E-1,5.003195801E0,8.433911591E0
1.543682579E2,5.752537537E-1,5.025050354E0,8.426277466E0
1.543782349E2,5.932164001E-1,5.046006775E0,8.345595245E0
1.543882119E2,6.026467896E-1,5.043761444E0,8.339757385E0
1.543981899E2,5.851332092E-1,5.067262573E0,8.360414429E0
1.544081669E2,5.378315735E-1,5.074896698E0,8.367898865E0
1.544181439E2,5.881269836E-1,5.111869812E0,8.383915558E0
1.544281209E2,6.815327454E-1,5.136718140E0,8.449179840E0
1.544380979E2,7.009922791E-1,5.122946777E0,8.522527313E0
1.544480749E2,6.947053528E-1,5.052593079E0,8.542286224E0
1.544580519E2,7.206015015E-1,5.031486969E0,8.572972412E0
1.544680289E2,7.393125916E-1,5.016368408E0,8.549471283E0
1.544780059E2,7.331753540E-1,4.987927551E0,8.516240387E0
1.544879829E2,7.460485840E-1,4.940326538E0,8.467741241E0
1.544979599E2,7.701484680E-1,4.892725525E0,8.443641357E0
1.545079369E2,7.723937988E-1,4.852159882E0,8.480165405E0
1.545179139E2,7.021897888E-1,4.861739960E0,8.454418945E0
1.545278909E2,6.602769470E-1,4.906945953E0,8.397237854E0
1.545378679E2,6.063890076E-1,4.929698639E0,8.362360382E0
1.545478459E2,5.192701721E-1,4.944667511E0,8.358618164E0
1.545578229E2,4.394860840E-1,4.969216461E0,8.352929993E0
1.545677999E2,4.734654236E-1,5.017565918E0,8.371192017E0
1.545777769E2,5.355862427E-1,5.051545258E0,8.347541199E0
1.545877539E2,5.701643372E-1,5.091512146E0,8.397387543E0
1.545977309E2,5.547463989E-1,5.124443665E0,8.499924316E0
1.546077079E2,5.062472534E-1,5.124593353E0,8.562344513E0
1.546176849E2,5.093907166E-1,5.135370941E0,8.593180389E0
1.546276619E2,4.950205994E-1,5.184169464E0,8.549920349E0
1.546376389E2,4.493655396E-1,5.200036469E0,8.519084473E0
1.546476159E2,3.875440979E-1,5.170248413E0,8.419391785E0
1.546575929E2,3.556604004E-1,5.131928101E0,8.337811432E0
1.546675699E2,3.769161987E-1,5.085524597E0,8.231682129E0
1.546775469E2,4.164340210E-1,5.036875763E0,8.173602905E0
1.546875249E2,4.098477173E-1,4.938081207E0,8.219557343E0
1.546975019E2,4.052073669E-1,4.856800232E0,8.308322754E0
1.547074789E2,3.923341370E-1,4.771327972E0,8.350385284E0
1.547174559E2,4.141886902E-1,4.738695831E0,8.329279175E0
1.547274329E2,3.496728516E-1,4.716691589E0,8.317753143E0
1.547374099E2,2.951861572E-1,4.743635559E0,8.339458008E0
1.547473869E2,3.134481812E-1,4.801265717E0,8.292306061E0
1.547573640E2,3.408412170E-1,4.857698364E0,8.213719482E0
1.547673410E2,3.189866638E-1,4.965623932E0,8.195906525E0
1.547773180E2,2.987786865E-1,5.045408020E0,8.216563568E0
1.547872950E2,3.275189209E-1,5.115911407E0,8.237370300E0
1.547972720E2,3.421884155E-1,5.173990631E0,8.247998199E0
1.548072490E2,3.385958862E-1,5.242847443E0,8.330476685E0
1.548172260E2,3.100053406E-1,5.249134369E0,8.486751709E0
1.548272040E2,3.116519165E-1,5.242847443E0,8.576864319E0
1.548371810E2,3.743714905E-1,5.158423004E0,8.495733032E0
1.548471580E2,3.109034729E-1,4.999752960E0,8.430169373E0
1.548571350E2,-2.514770508E-2,5.007387085E0,8.871451721E0
1.548671120E2,8.202941895E-2,5.201233978E0,9.166188812E0
1.548770890E2,1.826202393E-1,5.150040436E0,8.920549622E0
1.548870660E2,1.218466187E-1,5.056784363E0,8.680748291E0
1.548970430E2,-7.050338745E-2,5.116510162E0,8.689280548E0
1.549070200E2,-1.673519897E-1,5.142106934E0,8.774453430E0
1.549169970E2,-1.462458801E-1,5.103038177E0,8.824000397E0
1.549269740E2,4.625381470E-2,4.924010468E0,8.706195374E0
1.549369510E2,1.350192261E-1,4.767735443E0,8.470735016E0
1.549469280E2,1.901046753E-1,4.682113495E0,8.242160339E0
1.549569050E2,3.083587646E-1,4.637206879E0,8.177794189E0
1.549668820E2,4.192781067E-1,4.642146606E0,8.067922668E0
1.549768600E2,3.495231628E-1,4.601880341E0,7.997868347E0
1.549868370E2,3.492237854E-1,4.603526917E0,8.042774963E0
1.549968140E2,3.595523071E-1,4.575086060E0,8.134833527E0
1.550067910E2,4.758604431E-1,4.602329407E0,8.198600922E0
1.550167680E2,5.192701721E-1,4.623734894E0,8.190368042E0
1.550267450E2,4.493655396E-1,4.691693573E0,8.387059021E0
1.550367220E2,3.085084534E-1,4.759502563E0,8.757688293E0
1.550466990E2,2.469863892E-1,4.797373810E0,8.938512268E0
1.550566760E2,2.508782959E-1,4.789589996E0,8.841813354E0
1.550666530E2,3.106040955E-1,4.811893616E0,8.741521912E0
1.550766300E2,3.582051086E-1,4.906796265E0,8.766669617E0
1.550866070E2,3.442840576E-1,4.997807007E0,8.966054993E0
1.550965840E2,2.630030823E-1,5.012476501E0,9.165440369E0
1.551065610E2,2.025288391E-1,4.975204010E0,9.161997528E0
1.551165380E2,1.950444031E-1,4.882546692E0,9.067244568E0
1.551265160E2,1.992356873E-1,4.849166107E0,9.093889160E0
1.551364930E2,1.835183716E-1,4.793481903E0,9.189091187E0
1.551464700E2,1.597178650E-1,4.697980499E0,9.285490723E0
1.551564470E2,1.658551025E-1,4.606520691E0,9.213640137E0
1.551664240E2,1.911524963E-1,4.542453918E0,9.063053284E0
1.551764010E2,2.411485291E-1,4.545447693E0,8.946445770E0
1.551863780E2,2.936892700E-1,4.568799133E0,8.794062653E0
1.551963550E2,4.219725037E-1,4.638853455E0,8.679101715E0
1.552063320E2,3.619473267E-1,4.663701782E0,8.552465057E0
1.552163090E2,3.456312561E-1,4.686753845E0,8.512947235E0
1.552262860E2,3.083587646E-1,4.698579254E0,8.525221710E0
1.552362630E2,3.144960022E-1,4.690046997E0,8.580606537E0
1.552462400E2,3.752696228E-1,4.684209137E0,8.573271790E0
1.552562170E2,4.129911804E-1,4.712649994E0,8.558901672E0
1.552661940E2,3.715274048E-1,4.709805908E0,8.648116150E0
1.552761720E2,2.977308655E-1,4.713398438E0,8.794511719E0
1.552861490E2,1.953437805E-1,4.664899292E0,8.830137634E0
1.552961260E2,2.038760376E-1,4.625231781E0,8.837771759E0
1.553061030E2,1.761836243E-1,4.610113220E0,8.791368256E0
1.553160800E2,1.297801208E-1,4.610562286E0,8.756790161E0
1.553260570E2,6.167175293E-2,4.631818085E0,8.702752533E0
1.553360340E2,6.661148071E-2,4.641547852E0,8.608149261E0
1.553460110E2,-9.819580078E-2,4.582570496E0,8.462801514E0
1.553559880E2,-9.759704590E-2,4.592749329E0,8.457562408E0
1.553659650E2,-4.760101318E-2,4.600982208E0,8.427325287E0
1.553759420E2,-2.095642090E-2,4.584217072E0,8.396938477E0
1.553859190E2,2.409988403E-2,4.549489288E0,8.473279724E0
1.553958960E2,4.909790039E-2,4.527185669E0,8.580007782E0
1.554058730E2,1.154100037E-1,4.514162750E0,8.713081055E0
1.554158510E2,1.606159973E-1,4.488266602E0,8.829239502E0
1.554258280E2,1.700463867E-1,4.498595123E0,8.851992188E0
1.554358050E2,1.772314453E-1,4.506229248E0,8.809330902E0
1.554457820E2,1.844165039E-1,4.536765747E0,8.786578217E0
1.554557590E2,2.067201233E-1,4.576882324E0,8.787775726E0
1.554657360E2,2.965333557E-1,4.609813843E0,8.758436737E0
1.554757130E2,4.158352661E-1,4.639452209E0,8.722810822E0
1.554856900E2,4.390370178E-1,4.682412872E0,8.720116425E0
1.554956670E2,3.890409851E-1,4.669988708E0,8.816066895E0
1.555056440E2,2.888992310E-1,4.629572754E0,8.885672150E0
1.555156210E2,2.142045593E-1,4.615801392E0,8.906927948E0
1.555255980E2,1.779798889E-1,4.599784698E0,8.889414368E0
1.555355750E2,1.654060364E-1,4.547992401E0,8.923842773E0
1.555455520E2,1.459465027E-1,4.482728119E0,9.015901337E0
1.555555290E2,2.154020691E-1,4.430935822E0,9.063053284E0
1.555655070E2,3.204835510E-1,4.363875275E0,9.026229858E0
1.555754840E2,3.553610229E-1,4.359534302E0,9.021439819E0
1.555854610E2,3.541635132E-1,4.414470062E0,8.922495575E0
1.555954380E2,4.053570557E-1,4.467908936E0,8.679999847E0
1.556054150E2,3.421884155E-1,4.487069092E0,8.436007233E0
1.556153920E2,1.594184875E-1,4.488266602E0,8.404273224E0
1.556253690E2,-4.805007935E-2,4.559368744E0,8.520431671E0
1.556353460E2,-2.001338196E-1,4.645439758E0,8.662935333E0
1.556453230E2,-1.573228455E-1,4.763394470E0,8.800798645E0
1.556553000E2,1.616638184E-2,4.848717041E0,8.854536896E0
1.556652770E2,1.447489929E-1,4.886139221E0,8.812923431E0
1.556752540E2,1.498384094E-1,4.882546692E0,8.755892029E0
1.556852310E2,1.038839722E-1,4.931494904E0,8.752748566E0
1.556952080E2,6.137237549E-3,4.998555450E0,8.750203857E0
1.557051860E2,-8.681945801E-2,5.055287476E0,8.689130859E0
1.557151630E2,-1.011895752E-1,5.114863586E0,8.642577667E0
1.557251400E2,-4.834945679E-2,5.149441681E0,8.528814240E0
1.557351170E2,1.691482544E-2,5.214406586E0,8.367150421E0
1.557450940E2,1.107696533E-2,5.260510712E0,8.251291351E0
1.557550719E2,5.343887329E-2,5.371280365E0,8.182584229E0
1.557650489E2,9.984237671E-2,5.390590210E0,8.172555084E0
1.557750259E2,8.187973022E-2,5.329517212E0,8.218958588E0
1.557850029E2,4.640350342E-2,5.256169739E0,8.269104309E0
1.557949799E2,6.107299805E-2,5.179828491E0,8.315507812E0
1.558049569E2,7.888595581E-2,5.101840668E0,8.306975555E0
1.558149339E2,8.307723999E-2,5.046006775E0,8.325387268E0
1.558249109E2,1.484912109E-1,5.017416229E0,8.324938202E0
1.558348879E2,1.654060364E-1,4.966072998E0,8.292904816E0
1.558448649E2,1.642085266E-1,4.947062531E0,8.246950378E0
1.558548429E2,1.898052979E-1,4.943470001E0,8.212372284E0
1.558648199E2,2.442919922E-1,4.967270508E0,8.169710999E0
1.558747969E2,3.025209045E-1,4.960983582E0,8.135132904E0
1.558847739E2,-3.025508423E0,1.440454559E0,7.406148834E0
1.558947509E2,-4.352349243E0,1.279239807E0,7.418572998E0
1.559047279E2,2.891986084E-1,4.819527740E0,7.962691498E0
1.559147049E2,1.425485687E0,3.200494537E0,5.910159760E0
1.559246819E2,2.725681915E0,3.779340820E0,6.536756744E0
1.559346589E2,2.030826874E0,4.321064301E0,7.990683289E0
1.559446359E2,5.879772949E-1,4.069587250E0,8.489446106E0
1.559546129E2,-1.388063507E0,3.884871368E0,8.480315094E0
1.559645899E2,-1.693877563E0,5.169050903E0,1.014500336E1
1.559745669E2,-7.949967957E-1,6.195167084E0,1.326406723E1
1.559845439E2,4.219725037E-1,6.689738617E0,1.481080078E1
1.559945209E2,8.137078857E-1,5.990542603E0,1.265393600E1
1.560044979E2,-7.957452393E-1,3.711382141E0,1.100242035E1
1.560144759E2,-1.507365417E0,2.918031921E0,1.020697449E1
1.560244529E2,-1.262624359E0,3.323688354E0,9.716594238E0
1.560344299E2,-2.644999695E-1,4.609963531E0,9.736353149E0
1.560444069E2,8.412506104E-1,5.949827271E0,9.956844635E0
1.560543839E2,1.320853271E0,6.446195068E0,9.796677704E0
1.560643609E2,1.152004395E0,6.152206421E0,9.141939240E0
1.560743379E2,7.752378845E-1,5.558540955E0,8.336613922E0
1.560843149E2,5.516029358E-1,5.177882538E0,7.709567871E0
1.560942919E2,5.480104065E-1,5.054988098E0,7.284302216E0
1.561042689E2,6.854246521E-1,5.015470276E0,7.192093964E0
1.561142459E2,8.268804932E-1,4.975054321E0,7.321125641E0
1.561242229E2,9.898915100E-1,4.876259766E0,7.455396423E0
1.561341999E2,1.103056183E0,4.799319763E0,7.472161560E0
1.561441769E2,1.140628052E0,4.763693848E0,7.398065643E0
1.561541549E2,1.146765289E0,4.782255249E0,7.257807312E0
1.561641319E2,1.079555054E0,4.785548401E0,7.148085480E0
1.561741089E2,9.237290955E-1,4.638254700E0,7.172185364E0
1.561840859E2,6.643185425E-1,4.438869324E0,7.403005371E0
1.561940629E2,4.409829712E-1,4.221820679E0,7.804171143E0
1.562040399E2,3.074606323E-1,4.067341919E0,8.193661194E0
1.562140169E2,2.571652222E-1,3.953728180E0,8.423583069E0
1.562239939E2,3.062631226E-1,3.907025299E0,8.556057587E0
1.562339709E2,3.655398560E-1,3.896397400E0,8.619974670E0
1.562439479E2,4.195774841E-1,3.981719971E0,8.604706421E0
1.562539249E2,4.291575623E-1,4.119882660E0,8.580307159E0
1.562639019E2,3.814068604E-1,4.299060059E0,8.503217468E0
1.562738789E2,2.854563904E-1,4.511618042E0,8.415649567E0
1.562838559E2,2.171983337E-1,4.715045013E0,8.285121002E0
1.562938329E2,1.651066589E-1,4.912185059E0,8.137228546E0
1.563038099E2,1.731898499E-1,5.134323120E0,7.997718658E0
1.563137879E2,2.541714478E-1,5.320984955E0,7.927963715E0
1.563237649E2,3.559597778E-1,5.463189240E0,7.889044647E0
1.563337419E2,3.730242920E-1,5.509143677E0,7.978408813E0
1.563437189E2,3.070115662E-1,5.447920990E0,8.276439056E0
1.563536959E2,3.038681030E-1,5.347928925E0,8.613538055E0
1.563636729E2,3.794609070E-1,5.231171722E0,8.923543396E0
1.563736499E2,4.590953064E-1,5.148693237E0,9.206155701E0
1.563836269E2,4.349954224E-1,5.037923584E0,9.443562012E0
1.563936039E2,2.812651062E-1,4.891228638E0,9.633516998E0
1.564035809E2,1.612147522E-1,4.775968323E0,9.763147430E0
1.564135579E2,6.286926270E-2,4.740342407E0,9.833201752E0
1.564235349E2,-3.143463135E-2,4.743785248E0,9.833800507E0
1.564335119E2,-6.765930176E-2,4.776267700E0,9.669741669E0
1.564434889E2,-2.230361938E-2,4.830155640E0,9.378746796E0
1.564534659E2,1.097218323E-1,4.946014709E0,9.031768341E0
1.564634439E2,2.189945984E-1,5.043911133E0,8.675060120E0
1.564734209E2,3.215313721E-1,5.120102692E0,8.414901123E0
1.564833979E2,4.294569397E-1,5.155279541E0,8.188571777E0
1.564933749E2,5.439688110E-1,5.190905457E0,8.036637726E0
1.565033519E2,6.192622375E-1,5.170098724E0,7.977959747E0
1.565133289E2,6.632707214E-1,5.094206543E0,7.993227997E0
1.565233059E2,7.322772217E-1,4.989274750E0,8.069868622E0
1.565332829E2,7.244934082E-1,4.852309570E0,8.258775787E0
1.565432599E2,6.737489319E-1,4.713548126E0,8.478818207E0
1.565532369E2,6.039939880E-1,4.602179718E0,8.650211792E0
1.565632139E2,5.135820007E-1,4.514013062E0,8.777147827E0
1.565731909E2,4.334985352E-1,4.501738586E0,8.830586700E0
1.565831679E2,3.580554199E-1,4.564009094E0,8.829538879E0
1.565931449E2,2.868035889E-1,4.631369019E0,8.742719421E0
1.566031229E2,1.669029236E-1,4.718338165E0,8.609346771E0
1.566130999E2,6.256988525E-2,4.814438324E0,8.478967896E0
1.566230769E2,-4.909790039E-2,4.879103851E0,8.400830383E0
1.566330539E2,-1.187031555E-1,4.888983307E0,8.379125519E0
1.566430309E2,-1.261875916E-1,4.906945953E0,8.443341980E0
1.566530079E2,-1.166075134E-1,4.906496887E0,8.495134277E0
1.566629849E2,-8.173004150E-2,4.869523773E0,8.612190857E0
1.566729619E2,-3.592529297E-3,4.835544434E0,8.818611603E0
1.566829389E2,4.071533203E-2,4.728516998E0,9.024882660E0
1.566929159E2,3.128494263E-2,4.608616333E0,9.176367645E0
1.567028929E2,-1.257385254E-2,4.555027771E0,9.347461853E0
1.567128699E2,-7.170089722E-2,4.537963257E0,9.521849213E0
1.567228469E2,-1.742376709E-1,4.490661621E0,9.613009644E0
1.567328239E2,-1.966909790E-1,4.487069092E0,9.580976257E0
1.567428009E2,-1.603166199E-1,4.578079834E0,9.491612091E0
1.567527789E2,-1.178050232E-1,4.698728943E0,9.303153992E0
1.567627552E2,-9.520202637E-2,4.820425873E0,9.000184021E0
1.567727322E2,-3.158432007E-2,4.940176849E0,8.670569458E0
1.567827092E2,6.541397095E-2,5.038971405E0,8.355325012E0
1.567926862E2,1.371148682E-1,5.091811523E0,8.095016327E0
1.568026632E2,2.570155334E-1,5.132077789E0,7.938591614E0
1.568126402E2,3.971241760E-1,5.163512421E0,7.879614258E0
1.568226172E2,4.963677979E-1,5.142406311E0,7.923323364E0
1.568325942E2,5.927673340E-1,5.066663818E0,8.048912201E0
1.568425712E2,6.647676086E-1,5.008883972E0,8.202043762E0
1.568525482E2,7.042854309E-1,4.940476227E0,8.334518280E0
1.568625252E2,7.857160950E-1,4.920867004E0,8.402027893E0
1.568725022E2,8.866062927E-1,4.927453308E0,8.430319061E0
1.568824792E2,1.001567230E0,4.912783813E0,8.432714081E0
1.568924562E2,1.072819061E0,4.893174591E0,8.441695404E0
1.569024342E2,1.140628052E0,4.834346924E0,8.499924316E0
1.569124112E2,1.200353851E0,4.797373810E0,8.622070312E0
1.569223882E2,1.184037781E0,4.729864197E0,8.741372223E0
1.569323652E2,1.099763031E0,4.536616058E0,8.885073395E0
1.569423422E2,1.082997894E0,4.397405548E0,9.054521027E0
1.569523192E2,1.078357544E0,4.276606750E0,9.183403015E0
1.569622962E2,1.086291046E0,4.190835114E0,9.265432434E0
1.569722732E2,1.105451202E0,4.187691650E0,9.217082977E0
1.569822502E2,1.239422607E0,4.321213989E0,8.970246277E0
1.569922272E2,1.531914368E0,4.578379211E0,8.612789612E0
1.570022042E2,1.927092590E0,4.862937469E0,8.075556793E0
1.570121812E2,2.274220734E0,4.910837860E0,7.535030823E0
1.570221582E2,2.488275604E0,4.650678864E0,7.281308441E0
1.570321352E2,2.441123657E0,4.177363129E0,7.472460938E0
1.570421122E2,2.320175171E0,3.802243195E0,8.180488586E0
1.570520902E2,2.110461273E0,3.634741516E0,9.087901611E0
1.570620672E2,1.715732117E0,3.503165131E0,9.893376617E0
1.570720442E2,1.234482880E0,3.456911316E0,1.040935364E1
1.570820212E2,8.336164856E-1,3.429817657E0,1.049871780E1
1.570919982E2,5.933660889E-1,3.401825867E0,1.025023453E1
1.571019752E2,4.942721558E-1,3.417692871E0,9.823471985E0
1.571119522E2,5.053491211E-1,3.436703339E0,9.417516174E0
1.571219292E2,5.698649597E-1,3.421584778E0,9.085356903E0
1.571319062E2,6.376739502E-1,3.412004700E0,8.872050476E0
1.571418832E2,6.749464417E-1,3.470083923E0,8.725954285E0
1.571518602E2,6.767427063E-1,3.575913849E0,8.635841675E0
1.571618372E2,6.761439514E-1,3.676354980E0,8.491691437E0
1.571718142E2,5.863307190E-1,3.765120392E0,8.280929718E0
1.571817912E2,3.796105957E-1,3.850592651E0,8.099506989E0
1.571917682E2,3.034190369E-1,4.030219116E0,7.988288269E0
1.572017462E2,4.408332825E-1,4.249363403E0,7.855813751E0
1.572117232E2,6.391708374E-1,4.436174927E0,7.697143707E0
1.572217002E2,8.872050476E-1,4.584366760E0,7.574698334E0
1.572316772E2,1.092577972E0,4.632267151E0,7.577392731E0
1.572416542E2,1.128203888E0,4.565955048E0,7.792645111E0
1.572516312E2,1.010249176E0,4.399501190E0,8.170010376E0
1.572616082E2,8.348139954E-1,4.183051300E0,8.696315918E0
1.572715852E2,6.860234070E-1,4.026476898E0,9.217681732E0
1.572815622E2,6.108796692E-1,3.943249969E0,9.605076141E0
1.572915392E2,5.992039490E-1,3.920497284E0,9.841883698E0
1.573015162E2,5.298980713E-1,3.930227051E0,9.954000549E0
1.573114932E2,4.679269409E-1,3.983516235E0,9.960287476E0
1.573214702E2,4.186793518E-1,4.046385498E0,9.840985565E0
1.573314472E2,4.098477173E-1,4.127067719E0,9.624835052E0
1.573414252E2,4.135899353E-1,4.175417175E0,9.381291504E0
1.573514022E2,5.049000549E-1,4.256099396E0,9.181307373E0
1.573613792E2,7.159611511E-1,4.388573914E0,8.965007172E0
1.573713562E2,8.894503784E-1,4.473896484E0,8.778195648E0
1.573813332E2,9.524693298E-1,4.459526367E0,8.626111908E0
1.573913102E2,9.764195251E-1,4.426744537E0,8.613088989E0
1.574012872E2,1.000369720E0,4.429139557E0,8.721763000E0
1.574112642E2,9.496252441E-1,4.418661346E0,8.861422577E0
1.574212412E2,8.954379272E-1,4.364474030E0,8.968599701E0
1.574312182E2,8.011340332E-1,4.301305389E0,9.060508575E0
1.574411952E2,7.009922791E-1,4.221371613E0,9.137747955E0
1.574511722E2,6.628216553E-1,4.158951416E0,9.185348969E0
1.574611492E2,6.270460510E-1,4.101171570E0,9.202114105E0
1.574711262E2,5.969586182E-1,4.079766083E0,9.210197296E0
1.574811032E2,5.598358154E-1,4.112248535E0,9.199419708E0
1.574910812E2,4.399351501E-1,4.182602234E0,9.197174377E0
1.575010582E2,2.749781799E-1,4.268822937E0,9.159752197E0
1.575110352E2,1.160087585E-1,4.371958466E0,9.077423401E0
1.575210122E2,3.832031250E-2,4.451892242E0,8.911418610E0
1.575309892E2,5.942642212E-2,4.593946838E0,8.759783936E0
1.575409662E2,1.463955688E-1,4.800966339E0,8.583450623E0
1.575509432E2,2.378553772E-1,4.953798523E0,8.426277466E0
1.575609202E2,2.933898926E-1,5.078040161E0,8.338410187E0
1.575708972E2,2.877017212E-1,5.105732574E0,8.244405670E0
1.575808742E2,2.911445618E-1,5.148543549E0,8.217312012E0
1.575908512E2,3.600013733E-1,5.203479309E0,8.251141663E0
1.576008282E2,4.450245667E-1,5.237608337E0,8.257278900E0
1.576108052E2,5.565426636E-1,5.272635498E0,8.297245789E0
1.576207822E2,6.487509155E-1,5.262905731E0,8.371341705E0
1.576307602E2,6.926097107E-1,5.211712189E0,8.459208984E0
1.576407372E2,6.545887756E-1,5.167404327E0,8.533304901E0
1.576507142E2,7.111711121E-1,5.170996857E0,8.574469299E0
1.576606912E2,8.113128662E-1,5.164560242E0,8.541388092E0
1.576706682E2,8.756790161E-1,5.138514404E0,8.442144470E0
1.576806452E2,8.948391724E-1,5.093458099E0,8.396489410E0
1.576906222E2,8.553213501E-1,4.781506805E0,8.702153778E0
1.577005992E2,7.381150818E-1,4.054319000E0,9.784103851E0
1.577105762E2,1.222058716E0,4.877157898E0,8.713530121E0
1.577205532E2,1.073118439E0,3.950435028E0,9.170380096E0
1.577305302E2,1.792672119E0,4.264481964E0,9.375902710E0
1.577405072E2,1.771865387E0,4.691244507E0,8.409362640E0
1.577504842E2,1.063089294E0,4.619393921E0,8.272846527E0
1.577604615E2,1.295855255E0,5.289700012E0,8.809031525E0
1.577704385E2,1.409169617E0,5.249733124E0,8.335117035E0
1.577804165E2,1.310973816E0,5.224136353E0,8.027207336E0
1.577903935E2,9.228309631E-1,5.361999664E0,7.723937988E0
1.578003705E2,5.541476440E-1,5.527854767E0,7.503296814E0
1.578103475E2,3.835025024E-1,5.705086212E0,7.538773041E0
1.578203245E2,3.264710999E-1,5.807473297E0,7.564220123E0
1.578303015E2,3.228785706E-1,5.815706177E0,7.453450470E0
1.578402785E2,3.077600098E-1,5.802234192E0,7.441625061E0
1.578502555E2,2.176473999E-1,5.721701660E0,7.469018097E0
1.578602325E2,1.529818726E-1,5.620512085E0,7.661517792E0
1.578702095E2,2.564167786E-1,5.573360138E0,7.861651611E0
1.578801865E2,4.242178345E-1,5.461542664E0,8.025111694E0
1.578901635E2,5.261558533E-1,5.284011841E0,8.228239288E0
1.579001405E2,5.466632080E-1,5.150639191E0,8.503217468E0
1.579101175E2,5.451663208E-1,5.091811523E0,8.817114716E0
1.579200955E2,5.760021973E-1,5.078339539E0,8.836424561E0
1.579300725E2,6.662644958E-1,5.091661835E0,8.532706146E0
1.579400495E2,7.217990112E-1,5.160219269E0,8.275690613E0
1.579500265E2,7.433541870E-1,5.183271332E0,8.101902008E0
1.579600035E2,6.491999817E-1,5.118905182E0,8.158634033E0
1.579699805E2,5.216651917E-1,5.010829926E0,8.240214386E0
1.579799575E2,5.343887329E-1,4.952601013E0,8.312064972E0
1.579899345E2,6.066883850E-1,4.957540741E0,8.395740967E0
1.579999115E2,6.487509155E-1,4.984933777E0,8.467441864E0
1.580098885E2,6.921606445E-1,5.068609772E0,8.485703888E0
1.580198655E2,6.957531738E-1,5.122048645E0,8.367449799E0
1.580298425E2,5.801934814E-1,5.045258331E0,8.354875946E0
1.580398195E2,4.522096252E-1,5.011278992E0,8.491990814E0
1.580497965E2,4.147874451E-1,4.976102142E0,8.477471008E0
1.580597735E2,5.186714172E-1,4.962779846E0,8.440946960E0
1.580697515E2,6.340814209E-1,4.985532532E0,8.528065796E0
1.580797285E2,8.390052795E-1,5.006039886E0,8.734187164E0
1.580897055E2,9.708810425E-1,4.966971130E0,8.806636505E0
1.580996825E2,9.515711975E-1,4.878654785E0,8.583750000E0
1.581096595E2,9.271719360E-1,4.786596222E0,8.425079956E0
1.581196365E2,7.412585449E-1,4.755011902E0,7.627388763E0
1.581296135E2,6.189628601E-1,5.014572144E0,6.856940918E0
1.581395905E2,6.472540283E-1,5.177882538E0,8.127199402E0
1.581495675E2,5.285508728E-1,4.870870972E0,8.633147278E0
1.581595445E2,6.749464417E-1,4.645888824E0,8.845256195E0
1.581695215E2,8.310717773E-1,4.578528900E0,8.806786194E0
1.581794985E2,9.165440369E-1,4.667743378E0,8.934320984E0
1.581894755E2,8.863069153E-1,4.757556610E0,9.086554413E0
1.581994525E2,9.961784363E-1,4.905748444E0,9.031768341E0
1.582094305E2,1.011895752E0,4.834496613E0,8.526718597E0