"Time (s)","Gravity X (m/s^2)","Gravity Y (m/s^2)","Gravity Z (m/s^2)"
1.320604165E-2,-1.185542635E0,2.743092000E0,9.343769921E0
2.318304172E-2,-1.186584828E0,2.733011108E0,9.346591203E0
3.315904178E-2,-1.182572249E0,2.721069924E0,9.350583097E0
4.313504160E-2,-1.171894064E0,2.707937955E0,9.355738002E0
5.311204167E-2,-1.156893690E0,2.693335411E0,9.361818522E0
6.308804173E-2,-1.139602231E0,2.676672308E0,9.368715897E0
7.306404179E-2,-1.119898649E0,2.659142648E0,9.376080465E0
8.304104162E-2,-1.100500292E0,2.642552050E0,9.383065549E0
9.301704168E-2,-1.082650643E0,2.619862222E0,9.391500742E0
1.029930417E-1,-1.069726103E0,2.592042632E0,9.400696658E0
1.129700416E-1,-1.056144556E0,2.563931850E0,9.409937013E0
1.229460416E-1,-1.041404091E0,2.531669253E0,9.420309389E0
1.329220417E-1,-1.025142911E0,2.495581993E0,9.431715553E0
1.428990418E-1,-1.005648367E0,2.457370731E0,9.443839170E0
1.528750416E-1,-9.809281670E-1,2.416417855E0,9.456997744E0
1.628510416E-1,-9.466530313E-1,2.373493884E0,9.471350319E0
1.728280417E-1,-8.955192766E-1,2.329401931E0,9.487256500E0
1.828040418E-1,-8.343489955E-1,2.281577116E0,9.504439128E0
1.927800416E-1,-7.622787005E-1,2.228442151E0,9.523081221E0
2.027570417E-1,-6.804538610E-1,2.165993888E0,9.543665759E0
2.127330417E-1,-5.995894632E-1,2.093067122E0,9.565336710E0
2.227090418E-1,-5.188252721E-1,2.011086235E0,9.587619864E0
2.326850416E-1,-4.332859889E-1,1.921084284E0,9.610296535E0
2.426620417E-1,-3.367344617E-1,1.824100903E0,9.633035188E0
2.526380417E-1,-2.319686928E-1,1.719104498E0,9.655411313E0
2.626140418E-1,-1.355114885E-1,1.600551032E0,9.677601496E0
2.725910416E-1,-5.585335309E-2,1.463460429E0,9.700065329E0
2.825670417E-1,1.674632170E-2,1.308142009E0,9.722375380E0
2.925430418E-1,8.984637883E-2,1.135597473E0,9.743636441E0
3.025200416E-1,1.675857687E-1,9.486286593E-1,9.762587852E0
3.124960416E-1,2.523597793E-1,7.513446265E-1,9.777929192E0
3.224720417E-1,3.510158474E-1,5.490323902E-1,9.788332558E0
3.324490418E-1,4.662968103E-1,3.433266857E-1,9.792895140E0
3.424250416E-1,6.143171011E-1,1.447920979E-1,9.789675663E0
3.524010417E-1,7.835485321E-1,-4.836321145E-2,9.778538471E0
3.623780417E-1,9.569847690E-1,-2.430160566E-1,9.760185816E0
3.723540418E-1,1.127915109E0,-4.385449746E-1,9.735069686E0
3.823300416E-1,1.274477542E0,-6.239447609E-1,9.706827634E0
3.923070417E-1,1.384588653E0,-7.857190917E-1,9.679962017E0
4.022830417E-1,1.477487315E0,-9.072078607E-1,9.655573865E0
4.122590418E-1,1.611715997E0,-9.902570341E-1,9.625895153E0
4.222360416E-1,1.812432784E0,-1.040048999E0,9.584857054E0
4.322120417E-1,2.019648752E0,-1.063538726E0,9.540755015E0
4.421880418E-1,2.204762390E0,-1.073589432E0,9.498553905E0
4.521650416E-1,2.367426082E0,-1.078286500E0,9.458789331E0
4.621410416E-1,2.532293151E0,-1.083774112E0,9.415360891E0
4.721170417E-1,2.712682093E0,-1.082840385E0,9.365090039E0
4.820940418E-1,2.895252631E0,-1.075573319E0,9.311109129E0
4.920700416E-1,3.072169204E0,-1.070768735E0,9.254800442E0
5.020460417E-1,3.214821385E0,-1.078899288E0,9.205270432E0
5.120230417E-1,3.320959751E0,-1.110059393E0,9.163792623E0
5.219990418E-1,3.424397581E0,-1.152737855E0,9.120350735E0
5.319750416E-1,3.529459475E0,-1.202671176E0,9.073730884E0
5.419520417E-1,3.633468577E0,-1.255495141E0,9.025394291E0
5.519280417E-1,3.740079691E0,-1.303040021E0,8.974964980E0
5.619040418E-1,3.860408665E0,-1.341394102E0,8.918184423E0
5.718810416E-1,3.985772968E0,-1.370800626E0,8.858364483E0
5.818570417E-1,4.105526284E0,-1.391028192E0,8.800329114E0
5.918330417E-1,4.216647355E0,-1.404788883E0,8.745430191E0
6.018100416E-1,4.315544529E0,-1.414725933E0,8.695442929E0
6.117870000E-1,4.395067539E0,-1.430516924E0,8.652924900E0
6.217630000E-1,4.461151016E0,-1.464552982E0,8.613322293E0
6.317400001E-1,4.523510402E0,-1.524364589E0,8.570313098E0
6.417159999E-1,4.592984679E0,-1.623359558E0,8.515004286E0
6.516920000E-1,4.671794621E0,-1.769289396E0,8.442751411E0
6.616690001E-1,4.753146348E0,-1.947662218E0,8.357649865E0
6.716450001E-1,4.827272085E0,-2.126868122E0,8.271032136E0
6.816209999E-1,4.885284358E0,-2.300364073E0,8.190141755E0
6.915980000E-1,4.931712420E0,-2.477379026E0,8.110296271E0
7.015740001E-1,4.994341947E0,-2.644252128E0,8.018763957E0
7.115500001E-1,5.076349146E0,-2.774005937E0,7.922857341E0
7.215270000E-1,5.177446336E0,-2.870092647E0,7.822577008E0
7.315030000E-1,5.284693041E0,-2.953740867E0,7.719036852E0
7.414790001E-1,5.440847613E0,-3.065039109E0,7.565633980E0
7.514559999E-1,5.618353293E0,-3.197575023E0,7.378734164E0
7.614320000E-1,5.768209244E0,-3.286939481E0,7.222180812E0
7.714080000E-1,5.887723993E0,-3.324826515E0,7.107484753E0
7.813850001E-1,5.975688921E0,-3.335723094E0,7.028526877E0
7.913609999E-1,6.045428662E0,-3.344365278E0,6.964489925E0
8.013370000E-1,6.105902320E0,-3.398513419E0,6.885067779E0
8.113140000E-1,6.163816652E0,-3.515027669E0,6.774072424E0
8.212900001E-1,6.216778393E0,-3.668400136E0,6.643087192E0
8.312659999E-1,6.252793733E0,-3.818988451E0,6.523342062E0
8.412430000E-1,6.274991518E0,-3.950579454E0,6.422889236E0
8.512190001E-1,6.291977679E0,-4.070188636E0,6.330930660E0
8.611950001E-1,6.306367677E0,-4.186805505E0,6.239910563E0
8.711720000E-1,6.326838194E0,-4.301717910E0,6.140231908E0
8.811480000E-1,6.362672271E0,-4.410959102E0,6.024611989E0
8.911240001E-1,6.409320772E0,-4.500981664E0,5.907442558E0
9.011009999E-1,6.461811227E0,-4.551670007E0,5.810629039E0
9.110770000E-1,6.527195377E0,-4.561607350E0,5.729184927E0
9.210530000E-1,6.608727783E0,-4.546585853E0,5.647067800E0
9.310300001E-1,6.710245972E0,-4.516583205E0,5.550602190E0
9.410059999E-1,6.824130437E0,-4.472421524E0,5.446539878E0
9.509820000E-1,6.940940264E0,-4.419694257E0,5.340950273E0
9.609590000E-1,7.055214154E0,-4.371062380E0,5.230092326E0
9.709350001E-1,7.157119428E0,-4.340923491E0,5.115479883E0
9.809109999E-1,7.235227704E0,-4.337390311E0,5.007457836E0
9.908870000E-1,7.287538649E0,-4.356775878E0,4.913897123E0
1.000864000E0,7.322124345E0,-4.387438384E0,4.834562101E0
1.010840000E0,7.351892520E0,-4.414624721E0,4.764122449E0
1.020817000E0,7.391495127E0,-4.424865827E0,4.692809514E0
1.030793000E0,7.445761381E0,-4.409917420E0,4.620536174E0
1.040769000E0,7.509701269E0,-4.370321830E0,4.554203021E0
1.050745000E0,7.578414239E0,-4.312387910E0,4.495224496E0
1.060722000E0,7.647057627E0,-4.243424386E0,4.444318052E0
1.070698000E0,7.713742783E0,-4.170001192E0,4.398337887E0
1.080674000E0,7.775682338E0,-4.100438329E0,4.354454241E0
1.090651000E0,7.830897596E0,-4.038801367E0,4.312913867E0
1.100627000E0,7.886231552E0,-3.976784921E0,4.269500922E0
1.110603000E0,7.949348152E0,-3.904300497E0,4.219054361E0
1.120580000E0,8.023881440E0,-3.815543564E0,4.158733315E0
1.130556000E0,8.115289208E0,-3.706149760E0,4.079539503E0
1.140532000E0,8.225265394E0,-3.576032840E0,3.974055440E0
1.150509000E0,8.347031322E0,-3.433203195E0,3.843993776E0
1.160485000E0,8.470864239E0,-3.287468069E0,3.697716906E0
1.170461000E0,8.588286855E0,-3.146738453E0,3.546191575E0
1.180438000E0,8.691076813E0,-3.019560050E0,3.403461041E0
1.190414000E0,8.772754814E0,-2.913919867E0,3.283891328E0
1.200390000E0,8.832143229E0,-2.833747524E0,3.193620258E0
1.210367000E0,8.871850501E0,-2.779502319E0,3.130612417E0
1.220343000E0,8.896947336E0,-2.749062299E0,3.085950506E0
1.230319000E0,8.914082601E0,-2.740959813E0,3.043412890E0
1.240296000E0,8.927668022E0,-2.756834711E0,2.988761011E0
1.250272000E0,8.936524799E0,-2.790296279E0,2.930677695E0
1.260248000E0,8.940099202E0,-2.822972567E0,2.888171653E0
1.270225000E0,8.940996165E0,-2.844660475E0,2.864013004E0
1.280201000E0,8.941870324E0,-2.859029715E0,2.846926271E0
1.290177000E0,8.944172958E0,-2.863006114E0,2.835678567E0
1.300154000E0,8.952149144E0,-2.841195999E0,2.832446518E0
1.310130000E0,8.971041498E0,-2.784968881E0,2.828506080E0
1.320106000E0,9.002380235E0,-2.697577566E0,2.813595095E0
1.330083000E0,9.043534693E0,-2.590194620E0,2.782349036E0
1.340059000E0,9.089624786E0,-2.473492381E0,2.737999367E0
1.350035000E0,9.132575508E0,-2.354858369E0,2.699408914E0
1.360012000E0,9.166799262E0,-2.236975139E0,2.683621431E0
1.369988000E0,9.189688187E0,-2.122598193E0,2.698206141E0
1.379964000E0,9.199011573E0,-2.016653077E0,2.747252879E0
1.389941000E0,9.194802747E0,-1.922030656E0,2.827985385E0
1.399917000E0,9.180464205E0,-1.840290089E0,2.927202402E0
1.409893000E0,9.161293523E0,-1.769590382E0,3.029085165E0
1.419870000E0,9.140709570E0,-1.705096324E0,3.126686888E0
1.429846000E0,9.121232495E0,-1.642926827E0,3.215586493E0
1.439822000E0,9.106679360E0,-1.579209864E0,3.287944618E0
1.449799000E0,9.094970895E0,-1.511818949E0,3.351417021E0
1.459775000E0,9.079662884E0,-1.443354632E0,3.422358072E0
1.469751000E0,9.056929495E0,-1.377186663E0,3.508773195E0
1.479728000E0,9.026771895E0,-1.317624000E0,3.607956591E0
1.489704000E0,8.992180352E0,-1.261869484E0,3.712743665E0
1.499680000E0,8.949577539E0,-1.205329247E0,3.832536742E0
1.509657000E0,8.898807920E0,-1.149871330E0,3.965489562E0
1.519633000E0,8.838212639E0,-1.102212941E0,4.111840107E0
1.529609000E0,8.765515961E0,-1.065299834E0,4.273985736E0
1.539586000E0,8.682482575E0,-1.037891011E0,4.446724473E0
1.549562000E0,8.590143930E0,-1.027930060E0,4.624812828E0
1.559538000E0,8.481972195E0,-1.062846416E0,4.812754034E0
1.569514000E0,8.356310853E0,-1.142296043E0,5.010322972E0
1.579491000E0,8.224686520E0,-1.238029070E0,5.201723390E0
1.589467000E0,8.078641199E0,-1.340945328E0,5.401252023E0
1.599443000E0,7.914232113E0,-1.455469040E0,5.610940193E0
1.609420000E0,7.746324053E0,-1.580238243E0,5.808048078E0
1.619395542E0,7.592310147E0,-1.706635457E0,5.973301502E0
1.629371542E0,7.465091107E0,-1.824990996E0,6.097371233E0
1.639348542E0,7.375363829E0,-1.929273748E0,6.173979113E0
1.649324542E0,7.321492846E0,-2.015986933E0,6.210285645E0
1.659300542E0,7.290349406E0,-2.079461675E0,6.225973724E0
1.669277542E0,7.268398958E0,-2.119959344E0,6.237968702E0
1.679253542E0,7.247504518E0,-2.147661990E0,6.252786716E0
1.689229542E0,7.222122340E0,-2.172637495E0,6.273491122E0
1.699206542E0,7.185359725E0,-2.197282047E0,6.307031921E0
1.709182542E0,7.143124117E0,-2.222209458E0,6.346153886E0
1.719158542E0,7.106246313E0,-2.251488367E0,6.377159332E0
1.729135542E0,7.072466363E0,-2.287877929E0,6.401714714E0
1.739111542E0,7.033378311E0,-2.323325943E0,6.431939557E0
1.749087542E0,7.012879143E0,-2.353640394E0,6.443291926E0
1.759064542E0,6.997071780E0,-2.342330271E0,6.464563512E0
1.769040542E0,6.982005259E0,-2.305833997E0,6.493907179E0
1.779016542E0,6.960653567E0,-2.273386628E0,6.528178294E0
1.788993542E0,6.923488664E0,-2.241861219E0,6.578408800E0
1.798969542E0,6.877302677E0,-2.206447704E0,6.638553261E0
1.808945542E0,6.815914514E0,-2.181679629E0,6.709671190E0
1.818922542E0,6.747096294E0,-2.165772133E0,6.783968251E0
1.828898542E0,6.677860583E0,-2.160997296E0,6.853639580E0
1.838874542E0,6.610682507E0,-2.176725429E0,6.913525593E0
1.848851542E0,6.541787104E0,-2.217856645E0,6.965789761E0
1.858827542E0,6.469245962E0,-2.288148217E0,7.010658955E0
1.868803542E0,6.377996069E0,-2.390293665E0,7.060011209E0
1.878780542E0,6.247319570E0,-2.528150984E0,7.128503155E0
1.888756542E0,6.072090796E0,-2.700176068E0,7.216291496E0
1.898732542E0,5.848368723E0,-2.902899620E0,7.321601604E0
1.908708542E0,5.574448305E0,-3.134184481E0,7.438986213E0
1.918685542E0,5.250856959E0,-3.395610569E0,7.558732511E0
1.928661542E0,4.888949101E0,-3.683135412E0,7.666080374E0
1.938637542E0,4.484552743E0,-3.981992159E0,7.763286826E0
1.948614542E0,4.037364414E0,-4.289668846E0,7.844395308E0
1.958590542E0,3.572601986E0,-4.602826420E0,7.892185771E0
1.968566542E0,3.114386685E0,-4.913797136E0,7.898815929E0
1.978543542E0,2.665334557E0,-5.225368946E0,7.863053774E0
1.988519542E0,2.228769011E0,-5.528870428E0,7.791038881E0
1.998495542E0,1.827084591E0,-5.777812711E0,7.714579520E0
2.008472542E0,1.416204109E0,-5.985750225E0,7.642072291E0
2.018448542E0,9.488708071E-1,-6.185006962E0,7.555225351E0
2.028424542E0,4.782828349E-1,-6.387574977E0,7.430089674E0
2.038401542E0,5.915623507E-2,-6.593905091E0,7.263127109E0
2.048377542E0,-3.135080420E-1,-6.786216506E0,7.077080986E0
2.058353542E0,-6.405225675E-1,-6.940563703E0,6.903217537E0
2.068330542E0,-9.098021972E-1,-7.047860695E0,6.762841092E0
2.078306542E0,-1.113155274E0,-7.118313212E0,6.657822760E0
2.088282542E0,-1.256080009E0,-7.165263430E0,6.581593779E0
2.098259542E0,-1.350026054E0,-7.197841192E0,6.527221105E0
2.108235542E0,-1.406267205E0,-7.218531564E0,6.492403859E0
2.118211542E0,-1.425787257E0,-7.227044526E0,6.478661149E0
2.128188542E0,-1.412342316E0,-7.227355013E0,6.481260236E0
2.138164542E0,-1.368274629E0,-7.228602809E0,6.489315945E0
2.148140542E0,-1.301481154E0,-7.240814134E0,6.489442245E0
2.158117542E0,-1.213005837E0,-7.266978085E0,6.477325060E0
2.168093542E0,-1.110027964E0,-7.306915153E0,6.450809106E0
2.178069542E0,-1.006011333E0,-7.358522678E0,6.409071096E0
2.188046542E0,-9.113771448E-1,-7.416299601E0,6.356413996E0
2.198022542E0,-8.326698214E-1,-7.478486493E0,6.294045255E0
2.207998542E0,-7.650876298E-1,-7.546288467E0,6.221276656E0
2.217975542E0,-7.045068211E-1,-7.619892048E0,6.138161409E0
2.227951542E0,-7.517820713E-1,-7.648193157E0,6.097218620E0
2.237927542E0,-1.067444374E0,-7.567560638E0,6.150503712E0
2.247904542E0,-1.401101044E0,-7.516246058E0,6.146468548E0
2.257880542E0,-1.711667425E0,-7.502185258E0,6.084695054E0
2.267856542E0,-1.977316372E0,-7.527699584E0,5.971603471E0
2.277832542E0,-2.179631349E0,-7.582297375E0,5.830444084E0
2.287809542E0,-2.328693979E0,-7.648658595E0,5.684304623E0
2.297785542E0,-2.416421656E0,-7.725395114E0,5.542136591E0
2.307761542E0,-2.450688386E0,-7.814589127E0,5.400224082E0
2.317738542E0,-2.438643999E0,-7.907763923E0,5.268432519E0
2.327714542E0,-2.374058871E0,-7.991246960E0,5.171063515E0
2.337690542E0,-2.268936459E0,-8.050084568E0,5.126807694E0
2.347667542E0,-2.155231795E0,-8.077724356E0,5.132391785E0
2.357643542E0,-2.066664166E0,-8.085657858E0,5.156270644E0
2.367619542E0,-2.040382540E0,-8.083706642E0,5.169780051E0
2.377596542E0,-2.092253336E0,-8.076091813E0,5.160941985E0
2.387572542E0,-2.194399808E0,-8.072643710E0,5.123781760E0
2.397548542E0,-2.289642326E0,-8.080219948E0,5.069880372E0
2.407525542E0,-2.340441182E0,-8.093964413E0,5.024558018E0
2.417501542E0,-2.338031252E0,-8.105947112E0,5.006328739E0
2.427477542E0,-2.299050058E0,-8.108759623E0,5.019810079E0
2.437454542E0,-2.243849857E0,-8.101052408E0,5.057094265E0
2.447430542E0,-2.187005858E0,-8.091128513E0,5.097720720E0
2.457406542E0,-2.136732082E0,-8.085927415E0,5.127209398E0
2.467383542E0,-2.110176660E0,-8.078031920E0,5.150598845E0
2.477359542E0,-2.129493960E0,-8.063704487E0,5.165077136E0
2.487335542E0,-2.184540964E0,-8.055027219E0,5.155619849E0
2.497312542E0,-2.255073734E0,-8.052212954E0,5.129582782E0
2.507288542E0,-2.328302362E0,-8.052649156E0,5.096072974E0
2.517264542E0,-2.384016241E0,-8.062712215E0,5.054230884E0
2.527240542E0,-2.410832010E0,-8.094814013E0,4.989788720E0
2.537217542E0,-2.443073557E0,-8.135513558E0,4.907228959E0
2.547193542E0,-2.482301212E0,-8.164085392E0,4.839626082E0
2.557169542E0,-2.509582858E0,-8.182443311E0,4.794342906E0
2.567146542E0,-2.524153535E0,-8.192285929E0,4.769821437E0
2.577122542E0,-2.530012152E0,-8.197664198E0,4.757460131E0
2.587098542E0,-2.526536860E0,-8.205480171E0,4.745819786E0
2.597075542E0,-2.511666221E0,-8.219394205E0,4.729606335E0
2.607051542E0,-2.501128954E0,-8.235599179E0,4.706949251E0
2.617028667E0,-2.495846871E0,-8.248806869E0,4.686581060E0
2.627005667E0,-2.493222056E0,-8.258851801E0,4.670259435E0
2.636981667E0,-2.503423109E0,-8.265325254E0,4.653320343E0
2.646957667E0,-2.527683206E0,-8.267802134E0,4.635771387E0
2.656934667E0,-2.556814327E0,-8.266668359E0,4.621795372E0
2.666910667E0,-2.584245662E0,-8.268531867E0,4.603168190E0
2.676886667E0,-2.608482664E0,-8.273687941E0,4.580175184E0
2.686863667E0,-2.622755132E0,-8.278377993E0,4.563520559E0
2.696839667E0,-2.624991400E0,-8.286537783E0,4.547395985E0
2.706815667E0,-2.619977413E0,-8.298368454E0,4.528674370E0
2.716792667E0,-2.614948222E0,-8.308736737E0,4.512543949E0
2.726768667E0,-2.613374737E0,-8.316552710E0,4.499037173E0
2.736744667E0,-2.614719304E0,-8.320635821E0,4.490695827E0
2.746721667E0,-2.616509721E0,-8.320264522E0,4.490343825E0
2.756697667E0,-2.618412405E0,-8.317321619E0,4.494681582E0
2.766673667E0,-2.623394525E0,-8.312511114E0,4.500672347E0
2.776650667E0,-2.637714356E0,-8.307553845E0,4.501457043E0
2.786626667E0,-2.659091485E0,-8.303908691E0,4.495601934E0
2.796602667E0,-2.684792336E0,-8.301947535E0,4.483932645E0
2.806579667E0,-2.712482411E0,-8.299417444E0,4.471936790E0
2.816555667E0,-2.733470991E0,-8.293975441E0,4.469253210E0
2.826531667E0,-2.756648769E0,-8.286390433E0,4.469084226E0
2.836508667E0,-2.767879224E0,-8.276714460E0,4.480060034E0
2.846484667E0,-2.763886453E0,-8.263842984E0,4.506208198E0
2.856460667E0,-2.749437983E0,-8.248537313E0,4.542943330E0
2.866437667E0,-2.717301686E0,-8.232819997E0,4.590539081E0
2.876413667E0,-2.662848613E0,-8.217114961E0,4.650198807E0
2.886389667E0,-2.594020453E0,-8.201947868E0,4.715423036E0
2.896366667E0,-2.515849027E0,-8.186509464E0,4.784105600E0
2.906342667E0,-2.433032134E0,-8.170925465E0,4.853086081E0
2.916318667E0,-2.350963393E0,-8.159266702E0,4.912783813E0
2.926295667E0,-2.263994538E0,-8.146409844E0,4.974580697E0
2.936271667E0,-2.173835589E0,-8.134994910E0,5.033129452E0
2.946247667E0,-2.068796353E0,-8.121287282E0,5.099105925E0
2.956224667E0,-1.997582237E0,-8.126067381E0,5.119843660E0
2.966200667E0,-1.966052734E0,-8.139287351E0,5.111041846E0
2.976176667E0,-1.937901899E0,-8.141775926E0,5.117824032E0
2.986153667E0,-1.922557051E0,-8.136269603E0,5.132347931E0
2.996129667E0,-1.935564036E0,-8.125563936E0,5.144404305E0
3.006105667E0,-1.976226597E0,-8.111096755E0,5.151770042E0
3.016082667E0,-2.016645914E0,-8.087422548E0,5.173280194E0
3.026058667E0,-2.038879074E0,-8.057312311E0,5.211408718E0
3.036034667E0,-2.055934233E0,-8.037907741E0,5.234623334E0
3.046011667E0,-2.080616938E0,-8.028342281E0,5.239547859E0
3.055987667E0,-2.118631149E0,-8.024751506E0,5.229806398E0
3.065963667E0,-2.188908395E0,-8.016228020E0,5.213910742E0
3.075940667E0,-2.287336331E0,-7.991983709E0,5.208876874E0
3.085916667E0,-2.392315925E0,-7.953504353E0,5.220604050E0
3.095892667E0,-2.494976806E0,-7.903392545E0,5.248578883E0
3.105869667E0,-2.589454070E0,-7.843037000E0,5.293165657E0
3.115845667E0,-2.667714373E0,-7.775560716E0,5.353508338E0
3.125821667E0,-2.729807126E0,-7.702689207E0,5.427047600E0
3.135798667E0,-2.781857870E0,-7.626191838E0,5.508046154E0
3.145774667E0,-2.828731197E0,-7.549740078E0,5.588900283E0
3.155750667E0,-2.874870114E0,-7.480013786E0,5.658676277E0
3.165727667E0,-2.925554657E0,-7.425577962E0,5.704210299E0
3.175703667E0,-2.990638845E0,-7.386030319E0,5.721778259E0
3.185679667E0,-3.067451378E0,-7.348922135E0,5.728890812E0
3.195656667E0,-3.116679379E0,-7.314157514E0,5.746782707E0
3.205632667E0,-3.139362190E0,-7.287862000E0,5.767805786E0
3.215608667E0,-3.148306091E0,-7.272852198E0,5.781858400E0
3.225585667E0,-3.156070316E0,-7.269914557E0,5.781319871E0
3.235561667E0,-3.174026823E0,-7.274064326E0,5.766250427E0
3.245537667E0,-3.204886089E0,-7.279126260E0,5.742745205E0
3.255514667E0,-3.244724046E0,-7.282535187E0,5.715990100E0
3.265490667E0,-3.274491344E0,-7.284702165E0,5.696220664E0
3.275467667E0,-3.277782157E0,-7.288607520E0,5.689328551E0
3.285443667E0,-3.270227847E0,-7.291017743E0,5.690585702E0
3.295419667E0,-3.265485462E0,-7.287374343E0,5.697970735E0
3.305396667E0,-3.270314970E0,-7.278332208E0,5.706751499E0
3.315372667E0,-3.286521113E0,-7.268926377E0,5.709430693E0
3.325348667E0,-3.317702267E0,-7.261743658E0,5.700529477E0
3.335325667E0,-3.361414882E0,-7.254744540E0,5.683808779E0
3.345301667E0,-3.405200002E0,-7.242347859E0,5.673545746E0
3.355277667E0,-3.469293087E0,-7.210576428E0,5.675182382E0
3.365254667E0,-3.551080724E0,-7.171686012E0,5.673874944E0
3.375230667E0,-3.595668375E0,-7.144720992E0,5.679809868E0
3.385206667E0,-3.612074785E0,-7.139864295E0,5.675505733E0
3.395183667E0,-3.627722226E0,-7.142504312E0,5.662186945E0
3.405159667E0,-3.659764968E0,-7.142740540E0,5.641229939E0
3.415135667E0,-3.721914438E0,-7.137077512E0,5.607635347E0
3.425112667E0,-3.820223967E0,-7.123627161E0,5.558409977E0
3.435088667E0,-3.952135106E0,-7.098833798E0,5.497571452E0
3.445064667E0,-4.102830425E0,-7.055646847E0,5.442493604E0
3.455041667E0,-4.267894399E0,-6.985597789E0,5.405792386E0
3.465017667E0,-4.435848360E0,-6.894984657E0,5.386884245E0
3.474993667E0,-4.602682871E0,-6.800708830E0,5.366727723E0
3.484970667E0,-4.759485899E0,-6.718075978E0,5.333933614E0
3.494946667E0,-4.893272532E0,-6.652752639E0,5.294607580E0
3.504922667E0,-5.002825087E0,-6.603755895E0,5.253404006E0
3.514899667E0,-5.093612466E0,-6.564284266E0,5.215495337E0
3.524875667E0,-5.172051694E0,-6.529345983E0,5.182048679E0
3.534851667E0,-5.241858678E0,-6.496368272E0,5.153272777E0
3.544828667E0,-5.304912128E0,-6.464106844E0,5.129261186E0
3.554804667E0,-5.360790460E0,-6.433086196E0,5.110130265E0
3.564780667E0,-5.408227167E0,-6.402940875E0,5.097992030E0
3.574757667E0,-5.442570203E0,-6.373360396E0,5.098508924E0
3.584733667E0,-5.462689887E0,-6.345174478E0,5.112129428E0
3.594709667E0,-5.474591310E0,-6.320924320E0,5.129412044E0
3.604686667E0,-5.484231030E0,-6.302413205E0,5.141875969E0
3.614661125E0,-5.494875301E0,-6.291886463E0,5.143405015E0
3.624637125E0,-5.508781734E0,-6.290398346E0,5.130331811E0
3.634614125E0,-5.526256138E0,-6.293099175E0,5.108179634E0
3.644590125E0,-5.544601777E0,-6.299271496E0,5.080618783E0
3.654566125E0,-5.561147643E0,-6.310111064E0,5.048982423E0
3.664543125E0,-5.575146462E0,-6.321452324E0,5.019270966E0
3.674519125E0,-5.588286325E0,-6.329083525E0,4.994983386E0
3.684495125E0,-5.610313371E0,-6.331039419E0,4.967738870E0
3.694472125E0,-5.658347079E0,-6.321979158E0,4.924612731E0
3.704448125E0,-5.736263566E0,-6.297486926E0,4.865496211E0
3.714424125E0,-5.831830459E0,-6.266076268E0,4.791883274E0
3.724401125E0,-5.932263404E0,-6.232302750E0,4.711978734E0
3.734377125E0,-6.028237263E0,-6.192217163E0,4.642510303E0
3.744353125E0,-6.095367392E0,-6.169321806E0,4.584982472E0
3.754330125E0,-6.134820310E0,-6.166261958E0,4.536218740E0
3.764306125E0,-6.158107431E0,-6.173318378E0,4.494880095E0
3.774282125E0,-6.175974183E0,-6.186160617E0,4.452511755E0
3.784259125E0,-6.182973885E0,-6.209194554E0,4.410537517E0
3.794235125E0,-6.180845498E0,-6.236612733E0,4.374689115E0
3.804211125E0,-6.169693104E0,-6.270451739E0,4.341937399E0
3.814188125E0,-6.172398026E0,-6.288240724E0,4.312264826E0
3.824164125E0,-6.200900863E0,-6.268475965E0,4.300133607E0
3.834140125E0,-6.195301570E0,-6.273179466E0,4.301342812E0
3.844117125E0,-6.206881980E0,-6.261231850E0,4.302057049E0
3.854093125E0,-6.244578395E0,-6.224079226E0,4.301414732E0
3.864069125E0,-6.296656621E0,-6.164323021E0,4.311536847E0
3.874046125E0,-6.362086380E0,-6.088936624E0,4.322594809E0
3.884022125E0,-6.436153060E0,-6.001526597E0,4.335172462E0
3.893998125E0,-6.510168285E0,-5.911226876E0,4.348702919E0
3.903975125E0,-6.574371298E0,-5.829102148E0,4.362946152E0
3.913951125E0,-6.625378899E0,-5.757731034E0,4.380524929E0
3.923927125E0,-6.666639776E0,-5.693480659E0,4.401852648E0
3.933904125E0,-6.703069099E0,-5.635962183E0,4.420509359E0
3.943880125E0,-6.735555060E0,-5.586524559E0,4.433863230E0
3.953856125E0,-6.764297048E0,-5.544055647E0,4.443402085E0
3.963833125E0,-6.783211037E0,-5.507775428E0,4.459659976E0
3.973809125E0,-6.793079967E0,-5.479374917E0,4.479578224E0
3.983785125E0,-6.800637494E0,-5.455818239E0,4.496830141E0
3.993762125E0,-6.806544936E0,-5.431667485E0,4.517083142E0
4.003738125E0,-6.809296051E0,-5.405178428E0,4.544625867E0
4.013714125E0,-6.808035391E0,-5.382378965E0,4.573482753E0
4.023691125E0,-6.803867496E0,-5.363419953E0,4.601870985E0
4.033667125E0,-6.801887628E0,-5.337587539E0,4.634715965E0
4.043643125E0,-6.800735142E0,-5.304168947E0,4.674600700E0
4.053620125E0,-6.800204800E0,-5.268446553E0,4.715590266E0
4.063596125E0,-6.798113251E0,-5.233384894E0,4.757461300E0
4.073572125E0,-6.788267709E0,-5.207063068E0,4.800209125E0
4.083549125E0,-6.780525995E0,-5.176441784E0,4.844069089E0
4.093525125E0,-6.770015041E0,-5.142661250E0,4.894490507E0
4.103501125E0,-6.757090940E0,-5.111960444E0,4.944256452E0
4.113478125E0,-6.757476856E0,-5.074775661E0,4.981893809E0
4.123454125E0,-6.763520538E0,-5.027896194E0,5.021071908E0
4.133430125E0,-6.770324943E0,-4.970740246E0,5.068584629E0
4.143407125E0,-6.771362824E0,-4.910905688E0,5.125208480E0
4.153383125E0,-6.753789017E0,-4.856649958E0,5.199555827E0
4.163359125E0,-6.720011407E0,-4.821927145E0,5.275089574E0
4.173336125E0,-6.683540568E0,-4.797826384E0,5.342962884E0
4.183312125E0,-6.654755310E0,-4.776122105E0,5.398054765E0
4.193288125E0,-6.636540064E0,-4.743347876E0,5.449137211E0
4.203265125E0,-6.628086745E0,-4.700444516E0,5.496398501E0
4.213241125E0,-6.616610999E0,-4.649963749E0,5.552873248E0
4.223217125E0,-6.600192018E0,-4.595679953E0,5.617232382E0
4.233193125E0,-6.580483392E0,-4.544018341E0,5.682010760E0
4.243170125E0,-6.546256716E0,-4.498035837E0,5.757629292E0
4.253146125E0,-6.496623210E0,-4.416365437E0,5.875858823E0
4.263123125E0,-6.463185908E0,-4.368038200E0,5.948408736E0
4.273099125E0,-6.428729435E0,-4.339220197E0,6.006554618E0
4.283075125E0,-6.394554214E0,-4.322292508E0,6.055043823E0
4.293051125E0,-6.353216738E0,-4.318416681E0,6.101148534E0
4.303028125E0,-6.305868325E0,-4.323103225E0,6.146780789E0
4.313004125E0,-6.261273365E0,-4.329826938E0,6.187500215E0
4.322980125E0,-6.227436697E0,-4.338515023E0,6.215499022E0
4.332957125E0,-6.205051802E0,-4.350324352E0,6.229615370E0
4.342933125E0,-6.190007501E0,-4.363422115E0,6.235418732E0
4.352909125E0,-6.176637842E0,-4.380671986E0,6.236581743E0
4.362886125E0,-6.158567607E0,-4.407003168E0,6.235902296E0
4.372862125E0,-6.133515211E0,-4.444480604E0,6.233993765E0
4.382838125E0,-6.113649296E0,-4.488307532E0,6.222096435E0
4.392815125E0,-6.086403610E0,-4.527292673E0,6.220563295E0
4.402791125E0,-6.078657804E0,-4.557674806E0,6.205934731E0
4.412767125E0,-6.091728669E0,-4.566156192E0,6.186854682E0
4.422744125E0,-6.105181358E0,-4.562639384E0,6.176179420E0
4.432720125E0,-6.116150150E0,-4.540252734E0,6.181821983E0
4.442696125E0,-6.111357772E0,-4.511237388E0,6.207749122E0
4.452673125E0,-6.114458551E0,-4.474607213E0,6.231163713E0
4.462649125E0,-6.136444666E0,-4.429706737E0,6.241622043E0
4.472625125E0,-6.148770597E0,-4.399335129E0,6.250965309E0
4.482602125E0,-6.151966685E0,-4.387129359E0,6.256395618E0
4.492578125E0,-6.148940751E0,-4.386175093E0,6.260039603E0
4.502554125E0,-6.144822557E0,-4.388692612E0,6.262318262E0
4.512531125E0,-6.144157729E0,-4.390451747E0,6.261738219E0
4.522507125E0,-6.148692244E0,-4.385320230E0,6.260882186E0
4.532483125E0,-6.162004600E0,-4.371246567E0,6.257635227E0
4.542460125E0,-6.186735983E0,-4.341902900E0,6.253660875E0
4.552436125E0,-6.227488738E0,-4.290090430E0,6.248967900E0
4.562412125E0,-6.272228708E0,-4.223771310E0,6.249400594E0
4.572389125E0,-6.306216819E0,-4.160484264E0,6.257642829E0
4.582365125E0,-6.304921076E0,-4.141972856E0,6.271214216E0
4.592341125E0,-6.285592520E0,-4.177347634E0,6.267152156E0
4.602318125E0,-6.274272310E0,-4.199069455E0,6.263978287E0
4.612294125E0,-6.267135783E0,-4.190095148E0,6.277118150E0
4.622270625E0,-6.242710209E0,-4.166456025E0,6.317065158E0
4.632247625E0,-6.192141734E0,-4.149818650E0,6.377499055E0
4.642223625E0,-6.128353289E0,-4.142525125E0,6.443514705E0
4.652199625E0,-6.081658595E0,-4.133622447E0,6.493281527E0
4.662176625E0,-6.045124606E0,-4.117776200E0,6.537315153E0
4.672152625E0,-6.010593874E0,-4.094577372E0,6.583562536E0
4.682128625E0,-5.982666988E0,-4.068797291E0,6.624853234E0
4.692105625E0,-5.963357728E0,-4.037286938E0,6.661440432E0
4.702081625E0,-5.950569867E0,-4.001859536E0,6.694171391E0
4.712057625E0,-5.942688405E0,-3.968552333E0,6.720947546E0
4.722033625E0,-5.939616278E0,-3.938188327E0,6.741492323E0
4.732010625E0,-5.937318907E0,-3.910338916E0,6.759704061E0
4.741986625E0,-5.933644516E0,-3.886037011E0,6.776921772E0
4.751962625E0,-5.928950956E0,-3.864758701E0,6.793178201E0
4.761939625E0,-5.936048307E0,-3.851457747E0,6.794534755E0
4.771915625E0,-5.938380761E0,-3.845593574E0,6.795818803E0
4.781891625E0,-5.912219149E0,-3.828122679E0,6.828414107E0
4.791868625E0,-5.864312911E0,-3.796108296E0,6.887343516E0
4.801844625E0,-5.802443522E0,-3.749685789E0,6.964740186E0
4.811820625E0,-5.719396103E0,-3.683269021E0,7.068106095E0
4.821797625E0,-5.637005326E0,-3.619428243E0,7.166589578E0
4.831773625E0,-5.567277279E0,-3.570136215E0,7.245388411E0
4.841749625E0,-5.504527300E0,-3.525752925E0,7.314735219E0
4.851726625E0,-5.451944459E0,-3.483339854E0,7.374195555E0
4.861702625E0,-5.410949045E0,-3.447003501E0,7.421313588E0
4.871678625E0,-5.386199536E0,-3.420704772E0,7.451425579E0
4.881655625E0,-5.381456859E0,-3.400528077E0,7.464075446E0
4.891631625E0,-5.389735932E0,-3.388861420E0,7.463408863E0
4.901607625E0,-5.404814731E0,-3.389114020E0,7.452380430E0
4.911584625E0,-5.428429297E0,-3.397334913E0,7.431444474E0
4.921560625E0,-5.456056806E0,-3.410691123E0,7.405047219E0
4.931536625E0,-5.484892350E0,-3.429224750E0,7.375124677E0
4.941513625E0,-5.514151232E0,-3.452406913E0,7.342419446E0
4.951489625E0,-5.541913812E0,-3.477767749E0,7.309474479E0
4.961465625E0,-5.563777136E0,-3.501295483E0,7.281580337E0
4.971442625E0,-5.578141991E0,-3.521265771E0,7.260931479E0
4.981418625E0,-5.590812322E0,-3.540352545E0,7.241880081E0
4.991394625E0,-5.604263257E0,-3.561042333E0,7.221308992E0
5.001371625E0,-5.624550757E0,-3.581715456E0,7.195264909E0
5.011347625E0,-5.667983875E0,-3.631461813E0,7.136003378E0
5.021323625E0,-5.726437905E0,-3.699759338E0,7.053778662E0
5.031299625E0,-5.733825277E0,-3.752911990E0,7.019615720E0
5.041276625E0,-5.703699837E0,-3.787780107E0,7.025426683E0
5.051252625E0,-5.675449600E0,-3.818108737E0,7.031886102E0
5.061228625E0,-5.652490507E0,-3.846798685E0,7.034741297E0
5.071205625E0,-5.630379846E0,-3.873907254E0,7.037596493E0
5.081181625E0,-5.607069336E0,-3.895067743E0,7.044524274E0
5.091157625E0,-5.589128324E0,-3.909741038E0,7.050650402E0
5.101134625E0,-5.581344511E0,-3.918132670E0,7.052158399E0
5.111110625E0,-5.587214531E0,-3.918080337E0,7.047537344E0
5.121086625E0,-5.595934483E0,-3.901290642E0,7.049932948E0
5.131063625E0,-5.593788555E0,-3.882522250E0,7.061986399E0
5.141039625E0,-5.589554002E0,-3.876575924E0,7.068603108E0
5.151015625E0,-5.583859398E0,-3.877786005E0,7.072438881E0
5.160992625E0,-5.578645436E0,-3.879588701E0,7.075564218E0
5.170968625E0,-5.578506857E0,-3.879952691E0,7.075473586E0
5.180944625E0,-5.592296346E0,-3.884783660E0,7.061925003E0
5.190921625E0,-5.620002208E0,-3.893976068E0,7.034815557E0
5.200897625E0,-5.650216525E0,-3.905276397E0,7.004281982E0
5.210873625E0,-5.675119817E0,-3.922725365E0,6.974334882E0
5.220850625E0,-5.685850627E0,-3.960034402E0,6.944446254E0
5.230826625E0,-5.675885802E0,-4.013428252E0,6.921908746E0
5.240802625E0,-5.649542341E0,-4.063677177E0,6.914137212E0
5.250778625E0,-5.605575957E0,-4.092306021E0,6.933011439E0
5.260755625E0,-5.544754390E0,-4.083168578E0,6.987097600E0
5.270731625E0,-5.490798622E0,-4.047085702E0,7.050413005E0
5.280707625E0,-5.446160978E0,-4.005442417E0,7.108576428E0
5.290684625E0,-5.400052759E0,-3.962914156E0,7.167345039E0
5.300660625E0,-5.349232269E0,-3.925750422E0,7.225669261E0
5.310636625E0,-5.307501860E0,-3.894037756E0,7.273444521E0
5.320613625E0,-5.276240891E0,-3.869055527E0,7.309431794E0
5.330589625E0,-5.252659070E0,-3.847159751E0,7.337917675E0
5.340565625E0,-5.234155557E0,-3.826696250E0,7.361801212E0
5.350542625E0,-5.220088325E0,-3.805696560E0,7.382645366E0
5.360518625E0,-5.215578952E0,-3.787533062E0,7.395162501E0
5.370494625E0,-5.217334287E0,-3.774723566E0,7.400472357E0
5.380471625E0,-5.219843327E0,-3.764147415E0,7.404088860E0
5.390447625E0,-5.220695851E0,-3.751576779E0,7.409865324E0
5.400423625E0,-5.218116644E0,-3.737264841E0,7.418909213E0
5.410400625E0,-5.210352711E0,-3.723508974E0,7.431271981E0
5.420376625E0,-5.196447448E0,-3.710021786E0,7.447736571E0
5.430352625E0,-5.174243816E0,-3.697324558E0,7.469477103E0
5.440329625E0,-5.143335434E0,-3.685404131E0,7.496666071E0
5.450305625E0,-5.101611457E0,-3.674700511E0,7.530354804E0
5.460281625E0,-5.046673942E0,-3.665782337E0,7.571606326E0
5.470258625E0,-4.978434597E0,-3.659572010E0,7.619633601E0
5.480234625E0,-4.901948631E0,-3.654950078E0,7.671266854E0
5.490210625E0,-4.820503056E0,-3.650567298E0,7.724778818E0
5.500186625E0,-4.732391071E0,-3.645999453E0,7.781212050E0
5.510163625E0,-4.683526767E0,-3.649589936E0,7.809044212E0
5.520139625E0,-4.730896523E0,-3.673874884E0,7.768999556E0
5.530115625E0,-4.773862156E0,-3.682176761E0,7.738727936E0
5.540092625E0,-4.769199878E0,-3.661242559E0,7.751525152E0
5.550068625E0,-4.749864306E0,-3.640371800E0,7.773196687E0
5.560044625E0,-4.736703393E0,-3.622377579E0,7.789616253E0
5.570021625E0,-4.737779865E0,-3.606721951E0,7.796223607E0
5.579997625E0,-4.744146606E0,-3.593475084E0,7.798468353E0
5.589973625E0,-4.742407644E0,-3.571810565E0,7.809471059E0
5.599950625E0,-4.730951487E0,-3.539898801E0,7.830920985E0
5.609926625E0,-4.715360178E0,-3.504260606E0,7.856311934E0
5.619902542E0,-4.697585227E0,-3.467510856E0,7.883220236E0
5.629879542E0,-4.675781837E0,-3.433718920E0,7.910925513E0
5.639855542E0,-4.651220900E0,-3.403117809E0,7.938578750E0
5.649831542E0,-4.626276386E0,-3.374151872E0,7.965473018E0
5.659808542E0,-4.601630957E0,-3.344992685E0,7.992003005E0
5.669784542E0,-4.577441026E0,-3.313437893E0,8.018993753E0
5.679760542E0,-4.564240352E0,-3.281332001E0,8.039693481E0
5.689736542E0,-4.560327395E0,-3.251058335E0,8.054199838E0
5.699713542E0,-4.558617961E0,-3.220143813E0,8.067575929E0
5.709689542E0,-4.556797138E0,-3.184350960E0,8.082797400E0
5.719665542E0,-4.545081072E0,-3.144290223E0,8.105046641E0
5.729642542E0,-4.536747913E0,-3.111963015E0,8.122173720E0
5.739618542E0,-4.538219657E0,-3.085973310E0,8.131262632E0
5.749594542E0,-4.537208089E0,-3.060440566E0,8.141470701E0
5.759571542E0,-4.535287571E0,-3.036122873E0,8.151639009E0
5.769547542E0,-4.532043536E0,-3.012976378E0,8.162025418E0
5.779523542E0,-4.526858810E0,-2.992377807E0,8.172473808E0
5.789500542E0,-4.525333271E0,-2.975337558E0,8.179537244E0
5.799476542E0,-4.529819840E0,-2.960814829E0,8.182322858E0
5.809452542E0,-4.533927801E0,-2.945057460E0,8.185733539E0
5.819429542E0,-4.536330714E0,-2.927484530E0,8.190704257E0
5.829405542E0,-4.541114614E0,-2.910500708E0,8.194105582E0
5.839381542E0,-4.550084535E0,-2.895165800E0,8.194561665E0
5.849357542E0,-4.561828960E0,-2.880150150E0,8.193323810E0
5.859334542E0,-4.576429165E0,-2.866119464E0,8.190100824E0
5.869310542E0,-4.592768040E0,-2.853789732E0,8.185259330E0
5.879286542E0,-4.609244324E0,-2.843163295E0,8.179693950E0
5.889263542E0,-4.621812914E0,-2.832314664E0,8.176364545E0
5.899239542E0,-4.630813533E0,-2.821949012E0,8.174855964E0
5.909215542E0,-4.637800663E0,-2.813117962E0,8.173938535E0
5.919192542E0,-4.643797860E0,-2.806619951E0,8.172767338E0
5.929168542E0,-4.650707223E0,-2.802265238E0,8.170332558E0
5.939144542E0,-4.657838194E0,-2.798500215E0,8.167560393E0
5.949121542E0,-4.665388704E0,-2.794222977E0,8.164715137E0
5.959097542E0,-4.677041620E0,-2.789092045E0,8.159800553E0
5.969073542E0,-4.692119543E0,-2.781031366E0,8.153893695E0
5.979050542E0,-4.706742260E0,-2.768961836E0,8.149572018E0
5.989026542E0,-4.719724832E0,-2.754394960E0,8.146999828E0
5.999002542E0,-4.732174724E0,-2.739612614E0,8.144761514E0
6.008978542E0,-4.749433366E0,-2.725407389E0,8.139480309E0
6.018955542E0,-4.775263733E0,-2.711976919E0,8.128845978E0
6.028931542E0,-4.801025396E0,-2.699205430E0,8.117915193E0
6.038907542E0,-4.815656591E0,-2.687134731E0,8.113252038E0
6.048884542E0,-4.821273427E0,-2.678038510E0,8.112923425E0
6.058860542E0,-4.820064223E0,-2.672548851E0,8.115451761E0
6.068836542E0,-4.816462338E0,-2.670940282E0,8.118119845E0
6.078813542E0,-4.813643687E0,-2.672342445E0,8.119330219E0
6.088789542E0,-4.811484018E0,-2.675077480E0,8.119709119E0
6.098765542E0,-4.810342934E0,-2.677435662E0,8.119608546E0
6.108742542E0,-4.809580750E0,-2.678390512E0,8.119745371E0
6.118718542E0,-4.809960526E0,-2.677826548E0,8.119705610E0
6.128694542E0,-4.810624770E0,-2.675601975E0,8.120045918E0
6.138671542E0,-4.809338382E0,-2.672046283E0,8.121978423E0
6.148647542E0,-4.805216095E0,-2.667945923E0,8.125765665E0
6.158623542E0,-4.799729945E0,-2.664349301E0,8.130186744E0
6.168599542E0,-4.794827932E0,-2.661207007E0,8.134107302E0
6.178576542E0,-4.791627166E0,-2.658428410E0,8.136901687E0
6.188552542E0,-4.790520873E0,-2.655672033E0,8.138452953E0
6.198528542E0,-4.791226924E0,-2.652506058E0,8.139069250E0
6.208505542E0,-4.791922158E0,-2.648349857E0,8.140014160E0
6.218481542E0,-4.790609166E0,-2.642846165E0,8.142575240E0
6.228457542E0,-4.787390566E0,-2.635982704E0,8.146691680E0
6.238434542E0,-4.783270618E0,-2.628818695E0,8.151425586E0
6.248410542E0,-4.778378837E0,-2.622370386E0,8.156369991E0
6.258386542E0,-4.773575934E0,-2.616456512E0,8.161079924E0
6.268363542E0,-4.769527030E0,-2.610825643E0,8.165249573E0
6.278339542E0,-4.765693303E0,-2.605306456E0,8.169250238E0
6.288315542E0,-4.761490909E0,-2.597398097E0,8.174216863E0
6.298292542E0,-4.756084866E0,-2.575063195E0,8.184424932E0
6.308268542E0,-4.738613678E0,-2.561965724E0,8.198656470E0
6.318244542E0,-4.730305662E0,-2.554487720E0,8.205784226E0
6.328220542E0,-4.733341536E0,-2.547036321E0,8.206350237E0
6.338197542E0,-4.737202452E0,-2.540333073E0,8.206200548E0
6.348173542E0,-4.739434335E0,-2.533876870E0,8.206907476E0
6.358149542E0,-4.738662795E0,-2.526898803E0,8.209504225E0
6.368126542E0,-4.734632309E0,-2.518745153E0,8.214334025E0
6.378102542E0,-4.726422818E0,-2.508491475E0,8.222195606E0
6.388078542E0,-4.714519641E0,-2.497148754E0,8.232475011E0
6.398055542E0,-4.701095603E0,-2.485720079E0,8.243603432E0
6.408031542E0,-4.688684596E0,-2.475357643E0,8.253783435E0
6.418007542E0,-4.680985275E0,-2.466234817E0,8.260881954E0
6.427984542E0,-4.679374659E0,-2.457595848E0,8.264368064E0
6.437960542E0,-4.680468965E0,-2.448913610E0,8.266325127E0
6.447936542E0,-4.680669233E0,-2.440049670E0,8.268832414E0
6.457912542E0,-4.677297436E0,-2.430498682E0,8.273552286E0
6.467889542E0,-4.669545197E0,-2.419618767E0,8.281116829E0
6.477865542E0,-4.658511501E0,-2.407856947E0,8.290753625E0
6.487841542E0,-4.646145810E0,-2.395905384E0,8.301148805E0
6.497818542E0,-4.637826099E0,-2.385760758E0,8.308719780E0
6.507794542E0,-4.634746955E0,-2.376700058E0,8.313032686E0
6.517770542E0,-4.634449916E0,-2.368034485E0,8.315670950E0
6.527747542E0,-4.637337564E0,-2.359385868E0,8.316519381E0
6.537723542E0,-4.642748285E0,-2.351301800E0,8.315790233E0
6.547699542E0,-4.648698412E0,-2.344206350E0,8.314469347E0
6.557676542E0,-4.654595329E0,-2.338466723E0,8.312786518E0
6.567652542E0,-4.660456285E0,-2.334453194E0,8.310630065E0
6.577628542E0,-4.663947950E0,-2.332926633E0,8.309100434E0
6.587605542E0,-4.667899206E0,-2.333786758E0,8.306639341E0
6.597581542E0,-4.672609431E0,-2.335616937E0,8.303475997E0
6.607557542E0,-4.677385144E0,-2.338202575E0,8.300058884E0
6.617533167E0,-4.681266526E0,-2.341484471E0,8.296944657E0
6.627510167E0,-4.685710702E0,-2.344571947E0,8.293563797E0
6.637486167E0,-4.700249511E0,-2.349043605E0,8.284066164E0
6.647462167E0,-4.716059505E0,-2.354034643E0,8.273657536E0
6.657439167E0,-4.725529363E0,-2.358303110E0,8.267035564E0
6.667415167E0,-4.725171514E0,-2.364330566E0,8.265518212E0
6.677391167E0,-4.725493695E0,-2.374667859E0,8.262370071E0
6.687368167E0,-4.732841014E0,-2.381463054E0,8.256207106E0
6.697344167E0,-4.731142106E0,-2.385953423E0,8.255883754E0
6.707320167E0,-4.723035818E0,-2.389166615E0,8.259595567E0
6.717297167E0,-4.714175532E0,-2.390893444E0,8.264155810E0
6.727273167E0,-4.708366324E0,-2.391182004E0,8.267383474E0
6.737249167E0,-4.709331991E0,-2.389955550E0,8.267188761E0
6.747225167E0,-4.717736487E0,-2.388677934E0,8.262764758E0
6.757202167E0,-4.732582275E0,-2.387396809E0,8.254641221E0
6.767178167E0,-4.751011822E0,-2.386719847E0,8.244243702E0
6.777154167E0,-4.768934999E0,-2.386879184E0,8.233842675E0
6.787131167E0,-4.785382632E0,-2.387793542E0,8.224029293E0
6.797107167E0,-4.798583306E0,-2.389106534E0,8.215952534E0
6.807083167E0,-4.809888898E0,-2.389962713E0,8.209089657E0
6.817060167E0,-4.820748931E0,-2.389924560E0,8.202727302E0
6.827036167E0,-4.833707531E0,-2.389632784E0,8.195182639E0
6.837012167E0,-4.843264220E0,-2.389205937E0,8.189663453E0
6.846989167E0,-4.845124512E0,-2.385578909E0,8.189620768E0
6.856965167E0,-4.844957281E0,-2.381772664E0,8.190827048E0
6.866941167E0,-4.843137628E0,-2.378481266E0,8.192859541E0
6.876917167E0,-4.839231688E0,-2.375421857E0,8.196054459E0
6.886894167E0,-4.836867951E0,-2.372448256E0,8.198310900E0
6.896870167E0,-4.837199196E0,-2.369363265E0,8.199007303E0
6.906846167E0,-4.837582481E0,-2.366971022E0,8.199472157E0
6.916823167E0,-4.836199029E0,-2.365508341E0,8.200710597E0
6.926799167E0,-4.834480533E0,-2.364296506E0,8.202072998E0
6.936775167E0,-4.834465622E0,-2.363087156E0,8.202430263E0
6.946752167E0,-4.833616899E0,-2.362174551E0,8.203193325E0
6.956728167E0,-4.832082297E0,-2.361804861E0,8.204203724E0
6.966704167E0,-4.829137347E0,-2.363017428E0,8.205588344E0
6.976681167E0,-4.827306876E0,-2.365437444E0,8.205967829E0
6.986657167E0,-4.829115128E0,-2.367663771E0,8.204262196E0
6.996633167E0,-4.832930143E0,-2.368410753E0,8.201799349E0
7.006609167E0,-4.836937533E0,-2.367408540E0,8.199726511E0
7.016586167E0,-4.839588368E0,-2.365893673E0,8.198599167E0
7.026562167E0,-4.840425104E0,-2.365175927E0,8.198312069E0
7.036538167E0,-4.839314426E0,-2.365521936E0,8.198868724E0
7.046515167E0,-4.838910968E0,-2.366393171E0,8.198855276E0
7.056491167E0,-4.839681631E0,-2.366760815E0,8.198293943E0
7.066467167E0,-4.840128651E0,-2.366196120E0,8.198193371E0
7.076444167E0,-4.840438261E0,-2.365312021E0,8.198265291E0
7.086420167E0,-4.841283183E0,-2.364527179E0,8.197992811E0
7.096396167E0,-4.842729785E0,-2.364157635E0,8.197244952E0
7.106372167E0,-4.844791220E0,-2.363969354E0,8.196081356E0
7.116349167E0,-4.847520701E0,-2.363933102E0,8.194477465E0
7.126325167E0,-4.850819115E0,-2.364262446E0,8.192430355E0
7.136301167E0,-4.854582968E0,-2.364936922E0,8.190006099E0
7.146278167E0,-4.858570769E0,-2.365722057E0,8.187414029E0
7.156254167E0,-4.862142833E0,-2.366389809E0,8.185100285E0
7.166230167E0,-4.865022002E0,-2.366803500E0,8.183269522E0
7.176207167E0,-4.867430178E0,-2.366763446E0,8.181849234E0
7.186183167E0,-4.869946819E0,-2.366286021E0,8.180489756E0
7.196159167E0,-4.872454398E0,-2.365508926E0,8.179220910E0
7.206136167E0,-4.874407075E0,-2.364567671E0,8.178329210E0
7.216112167E0,-4.875537927E0,-2.363541631E0,8.177952064E0
7.226088167E0,-4.875911564E0,-2.362670249E0,8.177980716E0
7.236064167E0,-4.875957172E0,-2.362136252E0,8.178108770E0
7.246041167E0,-4.876063884E0,-2.361936277E0,8.178102338E0
7.256017167E0,-4.876651529E0,-2.362314446E0,8.177642747E0
7.265993167E0,-4.877273673E0,-2.363120046E0,8.177039314E0
7.275970167E0,-4.877349394E0,-2.364036743E0,8.176728827E0
7.285946167E0,-4.876490438E0,-2.364621465E0,8.177072058E0
7.295922167E0,-4.874726918E0,-2.364379390E0,8.178193554E0
7.305899167E0,-4.872999358E0,-2.363498653E0,8.179477603E0
7.315875167E0,-4.871948906E0,-2.362620402E0,8.180356439E0
7.325851167E0,-4.871813543E0,-2.362363270E0,8.180511975E0
7.335827167E0,-4.872257931E0,-2.362936298E0,8.180081620E0
7.345804167E0,-4.872642970E0,-2.364206313E0,8.179485204E0
7.355780167E0,-4.872861949E0,-2.365567106E0,8.178961294E0
7.365756167E0,-4.872969245E0,-2.366590661E0,8.178601105E0
7.375733167E0,-4.873140276E0,-2.366821041E0,8.178432705E0
7.385709167E0,-4.873495494E0,-2.366356042E0,8.178355522E0
7.395685167E0,-4.873563322E0,-2.365564913E0,8.178544387E0
7.405662167E0,-4.873223014E0,-2.364765453E0,8.178977666E0
7.415638167E0,-4.872982986E0,-2.364163336E0,8.179295170E0
7.425614167E0,-4.873193778E0,-2.364052092E0,8.179201614E0
7.435590167E0,-4.873790486E0,-2.364334659E0,8.178764243E0
7.445567167E0,-4.874446836E0,-2.365374879E0,8.178072517E0
7.455543167E0,-4.875458697E0,-2.367035634E0,8.176989028E0
7.465519167E0,-4.876733390E0,-2.368792576E0,8.175719597E0
7.475496167E0,-4.877448212E0,-2.369980584E0,8.174949519E0
7.485472167E0,-4.877324836E0,-2.370509026E0,8.174869412E0
7.495448167E0,-4.877310510E0,-2.370025900E0,8.175017931E0
7.505425167E0,-4.877870674E0,-2.368869029E0,8.175019101E0
7.515401167E0,-4.878586665E0,-2.367611731E0,8.174956536E0
7.525377167E0,-4.878838095E0,-2.366540667E0,8.175116165E0
7.535354167E0,-4.878008668E0,-2.365896158E0,8.175797950E0
7.545330167E0,-4.876707662E0,-2.365388327E0,8.176720641E0
7.555306167E0,-4.875953664E0,-2.365048312E0,8.177268525E0
7.565282167E0,-4.876108907E0,-2.365186306E0,8.177135793E0
7.575259167E0,-4.877043293E0,-2.365859174E0,8.176384426E0
7.585235167E0,-4.878084389E0,-2.366491989E0,8.175580434E0
7.595211167E0,-4.878221506E0,-2.366176532E0,8.175589789E0
7.605188167E0,-4.877896694E0,-2.364416666E0,8.176292624E0
7.615164167E0,-4.878436684E0,-2.362321170E0,8.176576214E0
7.625140625E0,-4.880617403E0,-2.361111820E0,8.175623703E0
7.635116625E0,-4.883569078E0,-2.360847526E0,8.173937366E0
7.645093625E0,-4.885879605E0,-2.360965347E0,8.172522925E0
7.655069625E0,-4.887358073E0,-2.361386639E0,8.171516619E0
7.665045625E0,-4.888917818E0,-2.362513982E0,8.170257713E0
7.675022625E0,-4.891323363E0,-2.364165967E0,8.168339826E0
7.684998625E0,-4.894047288E0,-2.365905367E0,8.166204423E0
7.694974625E0,-4.896090013E0,-2.367277417E0,8.164582406E0
7.704951625E0,-4.896945753E0,-2.368071322E0,8.163838640E0
7.714927625E0,-4.896841380E0,-2.368346580E0,8.163821683E0
7.724903625E0,-4.896728821E0,-2.368140904E0,8.163948568E0
7.734880625E0,-4.897009195E0,-2.367664502E0,8.163918162E0
7.744856625E0,-4.897545677E0,-2.366943394E0,8.163805895E0
7.754832625E0,-4.897915806E0,-2.366115429E0,8.163824022E0
7.764808625E0,-4.897816111E0,-2.365837101E0,8.163964355E0
7.774785625E0,-4.897146312E0,-2.366007255E0,8.164316942E0
7.784761625E0,-4.895936523E0,-2.366474448E0,8.164906926E0
7.794737625E0,-4.894705100E0,-2.367172459E0,8.165442531E0
7.804714625E0,-4.893664588E0,-2.367946630E0,8.165842481E0
7.814690625E0,-4.892778442E0,-2.368545678E0,8.166199161E0
7.824666625E0,-4.892304818E0,-2.368696828E0,8.166439481E0
7.834643625E0,-4.892158345E0,-2.368308135E0,8.166639456E0
7.844619625E0,-4.892074730E0,-2.367640967E0,8.166883285E0
7.854595625E0,-4.892455676E0,-2.366755991E0,8.166911936E0
7.864572625E0,-4.893428945E0,-2.365852158E0,8.166590340E0
7.874548625E0,-4.894334679E0,-2.365126957E0,8.166257048E0
7.884524625E0,-4.894696621E0,-2.364678622E0,8.166170509E0
7.894500625E0,-4.894752462E0,-2.364886636E0,8.166076954E0
7.904477625E0,-4.895147442E0,-2.365634788E0,8.165623210E0
7.914453625E0,-4.896109601E0,-2.366563033E0,8.164777118E0
7.924429625E0,-4.896860676E0,-2.367238094E0,8.164131001E0
7.934406625E0,-4.896670057E0,-2.367128166E0,8.164277181E0
7.944382625E0,-4.895999381E0,-2.366515817E0,8.164857225E0
7.954358625E0,-4.895945587E0,-2.366045408E0,8.165025625E0
7.964334625E0,-4.896304898E0,-2.366035760E0,8.164812786E0
7.974311625E0,-4.897152744E0,-2.366053156E0,8.164299400E0
7.984287625E0,-4.898029534E0,-2.366309995E0,8.163699476E0
7.994263625E0,-4.898215768E0,-2.367120419E0,8.163352736E0
8.004240625E0,-4.897923407E0,-2.367975574E0,8.163279646E0
8.014216625E0,-4.897879553E0,-2.368309889E0,8.163209479E0
8.024192625E0,-4.897603272E0,-2.367883919E0,8.163498332E0
8.034169625E0,-4.897032876E0,-2.366901587E0,8.164125738E0
8.044145625E0,-4.896574455E0,-2.365873939E0,8.164698181E0
8.054121625E0,-4.896495517E0,-2.365000072E0,8.164998727E0
8.064097625E0,-4.896930550E0,-2.364381291E0,8.164917451E0
8.074074625E0,-4.897981587E0,-2.364027534E0,8.164389448E0
8.084050625E0,-4.899488707E0,-2.364300307E0,8.163405361E0
8.094026625E0,-4.900705805E0,-2.365188937E0,8.162417766E0
8.104003625E0,-4.900337430E0,-2.365809619E0,8.162459282E0
8.113979625E0,-4.899793932E0,-2.365451477E0,8.162889052E0
8.123955625E0,-4.900223410E0,-2.364735193E0,8.162838766E0
8.133932625E0,-4.901017169E0,-2.364164651E0,8.162527694E0
8.143908625E0,-4.902082824E0,-2.362900337E0,8.162253460E0
8.153884625E0,-4.903274779E0,-2.361598016E0,8.161914906E0
8.163860625E0,-4.903253437E0,-2.360977626E0,8.162107279E0
8.173837625E0,-4.902712862E0,-2.361103780E0,8.162395547E0
8.183813625E0,-4.902887693E0,-2.361711306E0,8.162114296E0
8.193789625E0,-4.903416866E0,-2.362761027E0,8.161492737E0
8.203766625E0,-4.903479432E0,-2.364158950E0,8.161050103E0
8.213742625E0,-4.903342022E0,-2.365632010E0,8.160706286E0
8.223718625E0,-4.903543166E0,-2.367056538E0,8.160171851E0
8.233695625E0,-4.903449903E0,-2.368153037E0,8.159909896E0
8.243671625E0,-4.903154326E0,-2.368746968E0,8.159915158E0
8.253647625E0,-4.903739340E0,-2.368920484E0,8.159513454E0
8.263623625E0,-4.905292361E0,-2.368756177E0,8.158627601E0
8.273600625E0,-4.906945369E0,-2.368134034E0,8.157814254E0
8.283576625E0,-4.907179257E0,-2.367717273E0,8.157793788E0
8.293552625E0,-4.906126758E0,-2.368393504E0,8.158230575E0
8.303529625E0,-4.905773587E0,-2.369724769E0,8.158056913E0
8.313505625E0,-4.906196340E0,-2.370589864E0,8.157551129E0
8.323481625E0,-4.906682829E0,-2.371000631E0,8.157139485E0
8.333458625E0,-4.906472914E0,-2.371204845E0,8.157206728E0
8.343434625E0,-4.905909242E0,-2.371008817E0,8.157602000E0
8.353410625E0,-4.904854112E0,-2.370333025E0,8.158432889E0
8.363386625E0,-4.904003927E0,-2.369119143E0,8.159296523E0
8.373363625E0,-4.904087250E0,-2.367829101E0,8.159621043E0
8.383339625E0,-4.904130227E0,-2.366639924E0,8.159940301E0
8.393315625E0,-4.903615672E0,-2.365787546E0,8.160496371E0
8.403292625E0,-4.903263962E0,-2.365661392E0,8.160744293E0
8.413268625E0,-4.903029196E0,-2.366374460E0,8.160678220E0
8.423244625E0,-4.903394647E0,-2.367681313E0,8.160080050E0
8.433221625E0,-4.904623439E0,-2.369501990E0,8.158813543E0
8.443197625E0,-4.906172951E0,-2.371526296E0,8.157292682E0
8.453173625E0,-4.907297956E0,-2.373223158E0,8.156122654E0
8.463149625E0,-4.908417113E0,-2.374485864E0,8.155081850E0
8.473126625E0,-4.908919389E0,-2.375088420E0,8.154604132E0
8.483102625E0,-4.909069662E0,-2.375408847E0,8.154419945E0
8.493078625E0,-4.909086619E0,-2.375144991E0,8.154486603E0
8.503055625E0,-4.908799521E0,-2.374401079E0,8.154876028E0
8.513031625E0,-4.908065110E0,-2.373440090E0,8.155597574E0
8.523007625E0,-4.907024306E0,-2.372650569E0,8.156453606E0
8.532984625E0,-4.905901641E0,-2.372300467E0,8.157231286E0
8.542960625E0,-4.904471704E0,-2.372427498E0,8.158053989E0
8.552936625E0,-4.902607027E0,-2.372505704E0,8.159152097E0
8.562912625E0,-4.900910165E0,-2.372530994E0,8.160164250E0
8.572889625E0,-4.899935434E0,-2.372643991E0,8.160716811E0
8.582865625E0,-4.899941574E0,-2.372735646E0,8.160686406E0
8.592841625E0,-4.900160844E0,-2.372628496E0,8.160585834E0
8.602818625E0,-4.900096233E0,-2.372170367E0,8.160757742E0
8.612794625E0,-4.899603897E0,-2.372109848E0,8.161070568E0
8.622770042E0,-4.899548056E0,-2.372429106E0,8.161011511E0
8.632747042E0,-4.900156459E0,-2.372968512E0,8.160489355E0
8.642723042E0,-4.901036757E0,-2.373585539E0,8.159781257E0
8.652699042E0,-4.901994824E0,-2.374071296E0,8.159064388E0
8.662675042E0,-4.902496807E0,-2.374409704E0,8.158664439E0
8.672652042E0,-4.902457338E0,-2.374803075E0,8.158573807E0
8.682628042E0,-4.902326653E0,-2.374884498E0,8.158628771E0
8.692604042E0,-4.902233975E0,-2.374690517E0,8.158741037E0
8.702581042E0,-4.902067037E0,-2.374421106E0,8.158919377E0
8.712557042E0,-4.901798065E0,-2.374149064E0,8.159160283E0
8.722533042E0,-4.901693692E0,-2.373942950E0,8.159283074E0
8.732509042E0,-4.900780064E0,-2.373476927E0,8.159967198E0
8.742486042E0,-4.899657984E0,-2.372349438E0,8.160968826E0
8.752462042E0,-4.898957780E0,-2.371214347E0,8.161719024E0
8.762438042E0,-4.898058478E0,-2.370918624E0,8.162344676E0
8.772415042E0,-4.896952185E0,-2.371344009E0,8.162884959E0
8.782391042E0,-4.896184738E0,-2.371676423E0,8.163248656E0
8.792367042E0,-4.895056517E0,-2.372204719E0,8.163771397E0
8.802344042E0,-4.893563431E0,-2.373035462E0,8.164425116E0
8.812320042E0,-4.893082497E0,-2.373880677E0,8.164467800E0
8.822296042E0,-4.893920403E0,-2.374567433E0,8.163766134E0
8.832272042E0,-4.894777313E0,-2.375144553E0,8.163084349E0
8.842249042E0,-4.895219362E0,-2.375343943E0,8.162760998E0
8.852225042E0,-4.895883606E0,-2.374903794E0,8.162490857E0
8.862201042E0,-4.896561006E0,-2.374558954E0,8.162185047E0
8.872178042E0,-4.897393942E0,-2.374238673E0,8.161778666E0
8.882154042E0,-4.898600515E0,-2.373757301E0,8.161193944E0
8.892130042E0,-4.899628163E0,-2.373375039E0,8.160688160E0
8.902106042E0,-4.899805041E0,-2.373033416E0,8.160681728E0
8.912083042E0,-4.899868776E0,-2.372500734E0,8.160798088E0
8.922059042E0,-4.899711193E0,-2.371771148E0,8.161105067E0
8.932035042E0,-4.899096651E0,-2.370963209E0,8.161708499E0
8.942012042E0,-4.898659279E0,-2.370239762E0,8.162180954E0
8.951988042E0,-4.898756051E0,-2.369867002E0,8.162231240E0
8.961964042E0,-4.899090219E0,-2.369916265E0,8.162016063E0
8.971941042E0,-4.899335217E0,-2.370224559E0,8.161779835E0
8.981917042E0,-4.899395151E0,-2.370769081E0,8.161585708E0
8.991893042E0,-4.899172957E0,-2.371536382E0,8.161496245E0
9.001869042E0,-4.898785287E0,-2.372600283E0,8.161419647E0
9.011846042E0,-4.898664834E0,-2.373569605E0,8.161210316E0
9.021822042E0,-4.898633844E0,-2.374362488E0,8.160998062E0
9.031798042E0,-4.898745526E0,-2.374953641E0,8.160758911E0
9.041775042E0,-4.898754297E0,-2.375172181E0,8.160689914E0
9.051751042E0,-4.898543212E0,-2.375140898E0,8.160825570E0
9.061727042E0,-4.898378613E0,-2.374892684E0,8.160996893E0
9.071704042E0,-4.898238572E0,-2.374591991E0,8.161168216E0
9.081680042E0,-4.898062863E0,-2.374468322E0,8.161309719E0
9.091656042E0,-4.897545092E0,-2.374762145E0,8.161535422E0
9.101632042E0,-4.897112106E0,-2.375501379E0,8.161579860E0
9.111609042E0,-4.896560129E0,-2.376383724E0,8.161654120E0
9.121585042E0,-4.895682462E0,-2.377148394E0,8.161958175E0
9.131561042E0,-4.895283389E0,-2.377786325E0,8.162011385E0
9.141538042E0,-4.895445650E0,-2.378660337E0,8.161659967E0
9.151514042E0,-4.895999966E0,-2.379677461E0,8.161030222E0
9.161490042E0,-4.896120418E0,-2.380518436E0,8.160713303E0
9.171466042E0,-4.895686847E0,-2.380770451E0,8.160899245E0
9.181443042E0,-4.895138086E0,-2.380410701E0,8.161333693E0
9.191419042E0,-4.894449284E0,-2.380126234E0,8.161829537E0
9.201395042E0,-4.893786795E0,-2.380368017E0,8.162156396E0
9.211372042E0,-4.892982802E0,-2.381161045E0,8.162407241E0
9.221348042E0,-4.891858968E0,-2.382719475E0,8.162625927E0
9.231324042E0,-4.890838336E0,-2.384474809E0,8.162724745E0
9.241301042E0,-4.890231103E0,-2.386083378E0,8.162618326E0
9.251277042E0,-4.890062118E0,-2.387296090E0,8.162365726E0
9.261253042E0,-4.889972363E0,-2.388483660E0,8.162071611E0
9.271229042E0,-4.889539377E0,-2.389701635E0,8.161974548E0
9.281206042E0,-4.888923373E0,-2.390677097E0,8.162058163E0
9.291182042E0,-4.888814030E0,-2.391517049E0,8.161877484E0
9.301158042E0,-4.889248770E0,-2.392042714E0,8.161462916E0
9.311135042E0,-4.890290744E0,-2.392415181E0,8.160729675E0
9.321111042E0,-4.891830901E0,-2.392768353E0,8.159702904E0
9.331087042E0,-4.893401755E0,-2.392921404E0,8.158715894E0
9.341063042E0,-4.894765618E0,-2.393151346E0,8.157830041E0
9.351040042E0,-4.895646501E0,-2.393465341E0,8.157209651E0
9.361016042E0,-4.896418626E0,-2.393687828E0,8.156681063E0
9.370992042E0,-4.897088133E0,-2.393982235E0,8.156192821E0
9.380969042E0,-4.897782197E0,-2.394071990E0,8.155749017E0
9.390945042E0,-4.898252313E0,-2.394113798E0,8.155454902E0
9.400921042E0,-4.897990943E0,-2.394099326E0,8.155615700E0
9.410898042E0,-4.897061528E0,-2.393602166E0,8.156319705E0
9.420874042E0,-4.896332088E0,-2.392627874E0,8.157044175E0
9.430850042E0,-4.896228007E0,-2.391467640E0,8.157446464E0
9.440826042E0,-4.896358985E0,-2.390529162E0,8.157642930E0
9.450803042E0,-4.896099368E0,-2.390198794E0,8.157896115E0
9.460779042E0,-4.895585983E0,-2.390438823E0,8.158133512E0
9.470755042E0,-4.894969102E0,-2.390929842E0,8.158359799E0
9.480732042E0,-4.894421217E0,-2.391433142E0,8.158541062E0
9.490708042E0,-4.894270652E0,-2.391836307E0,8.158512996E0
9.500684042E0,-4.894684342E0,-2.392230702E0,8.158149299E0
9.510660042E0,-4.895286021E0,-2.392660911E0,8.157661641E0
9.520637042E0,-4.895852616E0,-2.393117871E0,8.157188017E0
9.530613042E0,-4.896787293E0,-2.393435228E0,8.156533713E0
9.540589042E0,-4.898280380E0,-2.393503933E0,8.155616870E0
9.550566042E0,-4.899894211E0,-2.393156462E0,8.154749143E0
9.560542042E0,-4.901374726E0,-2.392211991E0,8.154136940E0
9.570518042E0,-4.902609366E0,-2.390833802E0,8.153798971E0
9.580494042E0,-4.903779686E0,-2.389222309E0,8.153567421E0
9.590471042E0,-4.904954976E0,-2.387714312E0,8.153301957E0
9.600447042E0,-4.906053668E0,-2.386605680E0,8.152965742E0
9.610423042E0,-4.906874033E0,-2.386041132E0,8.152637714E0
9.620400167E0,-4.907317836E0,-2.386260110E0,8.152305592E0
9.630376167E0,-4.907202646E0,-2.387129445E0,8.152120820E0
9.640352167E0,-4.906896837E0,-2.388576777E0,8.151881084E0
9.650329167E0,-4.906481684E0,-2.390191778E0,8.151657720E0
9.660305167E0,-4.905880591E0,-2.391333447E0,8.151684617E0
9.670281167E0,-4.905095310E0,-2.391914075E0,8.151986918E0
9.680257167E0,-4.904410893E0,-2.391919922E0,8.152396808E0
9.690234167E0,-4.904099236E0,-2.391705768E0,8.152647069E0
9.700210167E0,-4.903857454E0,-2.391552717E0,8.152837104E0
9.710186167E0,-4.903670636E0,-2.391741436E0,8.152894406E0
9.720163167E0,-4.903259576E0,-2.392487102E0,8.152923058E0
9.730139167E0,-4.902998206E0,-2.393483322E0,8.152787402E0
9.740115167E0,-4.902890909E0,-2.394421507E0,8.152576318E0
9.750091167E0,-4.902830683E0,-2.394889138E0,8.152475746E0
9.760068167E0,-4.902621353E0,-2.394646040E0,8.152672797E0
9.770044167E0,-4.902057096E0,-2.393860759E0,8.153242900E0
9.780020167E0,-4.901688137E0,-2.392617641E0,8.153829376E0
9.789997167E0,-4.901915301E0,-2.391019890E0,8.154161498E0
9.799973167E0,-4.902632462E0,-2.389490550E0,8.154178455E0
9.809949167E0,-4.903732908E0,-2.388377387E0,8.153843409E0
9.819925167E0,-4.904902351E0,-2.387650724E0,8.153352828E0
9.829902167E0,-4.905921521E0,-2.387348569E0,8.152827748E0
9.839878167E0,-4.906997409E0,-2.387378975E0,8.152171690E0
9.849854167E0,-4.907962199E0,-2.387618564E0,8.151520311E0
9.859831167E0,-4.909238062E0,-2.387708611E0,8.150725674E0
9.869807167E0,-4.910528542E0,-2.387483201E0,8.150014068E0
9.879783167E0,-4.911600922E0,-2.387090561E0,8.149483141E0
9.889760167E0,-4.912549925E0,-2.386477626E0,8.149090208E0
9.899736167E0,-4.913362688E0,-2.385819961E0,8.148793169E0
9.909712167E0,-4.914153231E0,-2.385556397E0,8.148393804E0
9.919688167E0,-4.914688836E0,-2.385573208E0,8.148065776E0
9.929665167E0,-4.914927987E0,-2.385848027E0,8.147840658E0
9.939641167E0,-4.914816890E0,-2.386218741E0,8.147799727E0
9.949617167E0,-4.914102945E0,-2.386625999E0,8.148110799E0
9.959594167E0,-4.913239896E0,-2.386728472E0,8.148601381E0
9.969570167E0,-4.912521273E0,-2.386961922E0,8.148966247E0
9.979546167E0,-4.912173364E0,-2.387543135E0,8.149005423E0
9.989522167E0,-4.911895037E0,-2.388380164E0,8.148927655E0
9.999499167E0,-4.911244242E0,-2.389228595E0,8.149071497E0
1.000947517E1,-4.910662444E0,-2.389831589E0,8.149245159E0
1.001945117E1,-4.910064858E0,-2.390134767E0,8.149515885E0
1.002942817E1,-4.909805827E0,-2.390432975E0,8.149585467E0
1.003940417E1,-4.910066612E0,-2.390858360E0,8.149303631E0
1.004938017E1,-4.910153736E0,-2.391495707E0,8.149063895E0
1.005935617E1,-4.909500017E0,-2.392066834E0,8.149290183E0
1.006933317E1,-4.909329863E0,-2.392300576E0,8.149324096E0
1.007930917E1,-4.910258986E0,-2.392333028E0,8.148754578E0
1.008928517E1,-4.911844751E0,-2.392159366E0,8.147850013E0
1.009926217E1,-4.913459167E0,-2.391845663E0,8.146968838E0
1.010923817E1,-4.914526284E0,-2.391563681E0,8.146407505E0
1.011921417E1,-4.915064228E0,-2.391523920E0,8.146094095E0
1.012919117E1,-4.915210408E0,-2.391572013E0,8.145992353E0
1.013916717E1,-4.915624976E0,-2.391323799E0,8.145814598E0
1.014914317E1,-4.916271678E0,-2.390876925E0,8.145555566E0
1.015911917E1,-4.916914287E0,-2.390477560E0,8.145285425E0
1.016909617E1,-4.917694305E0,-2.389952188E0,8.144968506E0
1.017907217E1,-4.918690086E0,-2.389515986E0,8.144494881E0
1.018904817E1,-4.919718027E0,-2.389201552E0,8.143966293E0
1.019902517E1,-4.920697435E0,-2.388974826E0,8.143441213E0
1.020900117E1,-4.921216668E0,-2.388980819E0,8.143126048E0
1.021897717E1,-4.921441786E0,-2.389415121E0,8.142862338E0
1.022895317E1,-4.921385068E0,-2.390211512E0,8.142663533E0
1.023893017E1,-4.920855895E0,-2.390914786E0,8.142776384E0
1.024890617E1,-4.919231538E0,-2.391700505E0,8.143526582E0
1.025888217E1,-4.918706458E0,-2.392225732E0,8.143689719E0
1.026885917E1,-4.921078674E0,-2.392637960E0,8.142134945E0
1.027883517E1,-4.923942055E0,-2.393360384E0,8.140191915E0
1.028881117E1,-4.924761835E0,-2.394552485E0,8.139345238E0
1.029878717E1,-4.923613442E0,-2.395865477E0,8.139653386E0
1.030876417E1,-4.921720113E0,-2.396855849E0,8.140507080E0
1.031874017E1,-4.920149551E0,-2.397269394E0,8.141334461E0
1.032871617E1,-4.919908646E0,-2.397160051E0,8.141512801E0
1.033869317E1,-4.922208940E0,-2.396341441E0,8.140362654E0
1.034866917E1,-4.924751310E0,-2.395550458E0,8.139057555E0
1.035864517E1,-4.925848832E0,-2.395089552E0,8.138529552E0
1.036862117E1,-4.925498584E0,-2.394998189E0,8.138768118E0
1.037859817E1,-4.924495786E0,-2.394949365E0,8.139389677E0
1.038857417E1,-4.923395925E0,-2.394887530E0,8.140072632E0
1.039855017E1,-4.922967324E0,-2.395362617E0,8.140192500E0
1.040852717E1,-4.924678220E0,-2.395569900E0,8.139096147E0
1.041850317E1,-4.925831875E0,-2.395354869E0,8.138461139E0
1.042847917E1,-4.925850586E0,-2.395227546E0,8.138487452E0
1.043845617E1,-4.925285745E0,-2.395330603E0,8.138799108E0
1.044843217E1,-4.924840772E0,-2.395753649E0,8.138944119E0
1.045840817E1,-4.924767682E0,-2.395939737E0,8.138933594E0
1.046838417E1,-4.925171140E0,-2.396021890E0,8.138665207E0
1.047836117E1,-4.925868128E0,-2.395975697E0,8.138257071E0
1.048833717E1,-4.925715516E0,-2.396277267E0,8.138260580E0
1.049831317E1,-4.926078628E0,-2.396368045E0,8.138013827E0
1.050829017E1,-4.926411334E0,-2.396584539E0,8.137748948E0
1.051826617E1,-4.926465129E0,-2.397124529E0,8.137557160E0
1.052824217E1,-4.927014182E0,-2.397617011E0,8.137079442E0
1.053821817E1,-4.928075452E0,-2.397640399E0,8.136430401E0
1.054819517E1,-4.927954999E0,-2.397585289E0,8.136519279E0
1.055817117E1,-4.927426411E0,-2.397802075E0,8.136775387E0
1.056814717E1,-4.927790692E0,-2.398014475E0,8.136492382E0
1.057812417E1,-4.928606964E0,-2.398263128E0,8.135924617E0
1.058810017E1,-4.929496325E0,-2.397935099E0,8.135482568E0
1.059807617E1,-4.930052395E0,-2.398085226E0,8.135101329E0
1.060805217E1,-4.930395042E0,-2.398485468E0,8.134775639E0
1.061802917E1,-4.930246523E0,-2.398605921E0,8.134830018E0
1.062800513E1,-4.930393873E0,-2.398505641E0,8.134770377E0
1.063798112E1,-4.931379713E0,-2.398932634E0,8.134047076E0
1.064795812E1,-4.932404730E0,-2.399529489E0,8.133248931E0
1.065793413E1,-4.933601071E0,-2.400069333E0,8.132364247E0
1.066791013E1,-4.934536625E0,-2.400736062E0,8.131600016E0
1.067788612E1,-4.934738354E0,-2.400946269E0,8.131415244E0
1.068786313E1,-4.935183912E0,-2.401448252E0,8.130996584E0
1.069783913E1,-4.935473349E0,-2.401732573E0,8.130736967E0
1.070781513E1,-4.935625377E0,-2.401794846E0,8.130626455E0
1.071779212E1,-4.935366930E0,-2.401199453E0,8.130959162E0
1.072776813E1,-4.934744201E0,-2.400279979E0,8.131608202E0
1.073774413E1,-4.933866534E0,-2.399517940E0,8.132365417E0
1.074772013E1,-4.933233281E0,-2.398939651E0,8.132920318E0
1.075769712E1,-4.932771351E0,-2.398829138E0,8.133233144E0
1.076767313E1,-4.932388358E0,-2.398843318E0,8.133461185E0
1.077764913E1,-4.932390112E0,-2.399047824E0,8.133399789E0
1.078762612E1,-4.932741530E0,-2.399302617E0,8.133112106E0
1.079760212E1,-4.933568911E0,-2.399550685E0,8.132536740E0
1.080757813E1,-4.934864069E0,-2.399672015E0,8.131715207E0
1.081755413E1,-4.936367973E0,-2.399506831E0,8.130850988E0
1.082753112E1,-4.937799371E0,-2.399161991E0,8.130083833E0
1.083750712E1,-4.939106809E0,-2.398662639E0,8.129436547E0
1.084748313E1,-4.940299056E0,-2.398283593E0,8.128824343E0
1.085746013E1,-4.941326412E0,-2.398384458E0,8.128170040E0
1.086743612E1,-4.942088304E0,-2.398552565E0,8.127657239E0
1.087741213E1,-4.942502287E0,-2.398821391E0,8.127326286E0
1.088738913E1,-4.942654315E0,-2.399060250E0,8.127162564E0
1.089736513E1,-4.942567191E0,-2.399295454E0,8.127146777E0
1.090734112E1,-4.942374233E0,-2.399560625E0,8.127185369E0
1.091731713E1,-4.942306990E0,-2.399476864E0,8.127251442E0
1.092729413E1,-4.942174843E0,-2.399069020E0,8.127452002E0
1.093727012E1,-4.942314007E0,-2.398473335E0,8.127543218E0
1.094724612E1,-4.942447323E0,-2.398074555E0,8.127580056E0
1.095722313E1,-4.942649637E0,-2.397638353E0,8.127585318E0
1.096719913E1,-4.942826223E0,-2.397379906E0,8.127554328E0
1.097717512E1,-4.943274704E0,-2.397418351E0,8.127270153E0
1.098715112E1,-4.943478772E0,-2.397583828E0,8.127097076E0
1.099712813E1,-4.943873459E0,-2.397716559E0,8.126818163E0
1.100710413E1,-4.944172837E0,-2.397922674E0,8.126574919E0
1.101708012E1,-4.944257036E0,-2.398174396E0,8.126449789E0
1.102705713E1,-4.944169328E0,-2.398250703E0,8.126480779E0
1.103703313E1,-4.943673484E0,-2.397796082E0,8.126916397E0
1.104700913E1,-4.943124431E0,-2.397751935E0,8.127263137E0
1.105698512E1,-4.942659577E0,-2.398359461E0,8.127366632E0
1.106696213E1,-4.941712913E0,-2.399402019E0,8.127635019E0
1.107693813E1,-4.941156258E0,-2.400228377E0,8.127729160E0
1.108691413E1,-4.940565104E0,-2.400639583E0,8.127967141E0
1.109689112E1,-4.940323614E0,-2.400823478E0,8.128059527E0
1.110686713E1,-4.940242923E0,-2.400990854E0,8.128059527E0
1.111684313E1,-4.939589789E0,-2.401046549E0,8.128439596E0
1.112681912E1,-4.939028456E0,-2.401146244E0,8.128751253E0
1.113679612E1,-4.938390525E0,-2.401510379E0,8.129031335E0
1.114677213E1,-4.937822760E0,-2.401759471E0,8.129302645E0
1.115674813E1,-4.937654945E0,-2.401913691E0,8.129358779E0
1.116672512E1,-4.937961924E0,-2.402070981E0,8.129126059E0
1.117670112E1,-4.938346086E0,-2.402050370E0,8.128898603E0
1.118667713E1,-4.938862980E0,-2.401620014E0,8.128711492E0
1.119665313E1,-4.939258837E0,-2.401266550E0,8.128575252E0
1.120663012E1,-4.939748248E0,-2.400989538E0,8.128360074E0
1.121660613E1,-4.939999679E0,-2.400491502E0,8.128354812E0
1.122658213E1,-4.939926589E0,-2.400088629E0,8.128517364E0
1.123655913E1,-4.939524300E0,-2.400068017E0,8.128768210E0
1.124653512E1,-4.938958290E0,-2.400071526E0,8.129110857E0
1.125651113E1,-4.938287614E0,-2.399989226E0,8.129542966E0
1.126648713E1,-4.937652606E0,-2.400269161E0,8.129845852E0
1.127646412E1,-4.937475436E0,-2.400146662E0,8.129989693E0
1.128644012E1,-4.937604074E0,-2.399226311E0,8.130183236E0
1.129641613E1,-4.937363754E0,-2.398289294E0,8.130605990E0
1.130639313E1,-4.937501163E0,-2.397627974E0,8.130717087E0
1.131636912E1,-4.938004024E0,-2.398467196E0,8.130163940E0
1.132634512E1,-4.938333222E0,-2.398543940E0,8.129941161E0
1.133632113E1,-4.938924376E0,-2.399306271E0,8.129357609E0
1.134629813E1,-4.939294505E0,-2.399563841E0,8.129056478E0
1.135627412E1,-4.939209720E0,-2.399623336E0,8.129090391E0
1.136625012E1,-4.938888708E0,-2.399701397E0,8.129262884E0
1.137622713E1,-4.939036642E0,-2.399495429E0,8.129233648E0
1.138620313E1,-4.939244218E0,-2.398947545E0,8.129269316E0
1.139617912E1,-4.939299767E0,-2.398412670E0,8.129393277E0
1.140615613E1,-4.939153002E0,-2.397518046E0,8.129746449E0
1.141613213E1,-4.939051845E0,-2.396893272E0,8.129992032E0
1.142610813E1,-4.938934901E0,-2.396285600E0,8.130242293E0
1.143608412E1,-4.938992788E0,-2.395958448E0,8.130303689E0
1.144606113E1,-4.938808016E0,-2.395913132E0,8.130429404E0
1.145603713E1,-4.938641955E0,-2.396016774E0,8.130499570E0
1.146601312E1,-4.938373568E0,-2.396330331E0,8.130569737E0
1.147598912E1,-4.938185288E0,-2.396796500E0,8.130546933E0
1.148596613E1,-4.938200490E0,-2.397073804E0,8.130455716E0
1.149594213E1,-4.938539629E0,-2.397163998E0,8.130222997E0
1.150591812E1,-4.938902741E0,-2.397163121E0,8.130002557E0
1.151589512E1,-4.939081081E0,-2.396853364E0,8.129985600E0
1.152587113E1,-4.939230185E0,-2.396487036E0,8.130003142E0
1.153584713E1,-4.939813153E0,-2.396064136E0,8.129773346E0
1.154582312E1,-4.940773265E0,-2.395733769E0,8.129288027E0
1.155580013E1,-4.941303023E0,-2.395472983E0,8.129043029E0
1.156577613E1,-4.941629882E0,-2.395164835E0,8.128934855E0
1.157575213E1,-4.941600646E0,-2.394949949E0,8.129016132E0
1.158572912E1,-4.941336937E0,-2.394559063E0,8.129291536E0
1.159570513E1,-4.941313548E0,-2.394043192E0,8.129457597E0
1.160568113E1,-4.941593045E0,-2.393769397E0,8.129368134E0
1.161565812E1,-4.941945632E0,-2.393470750E0,8.129241834E0
1.162563425E1,-4.942355522E0,-2.393407600E0,8.129010869E0
1.163561025E1,-4.942732667E0,-2.393567083E0,8.128734296E0
1.164558625E1,-4.943074729E0,-2.393570884E0,8.128526135E0
1.165556325E1,-4.943457722E0,-2.393426457E0,8.128335516E0
1.166553925E1,-4.943827266E0,-2.393426457E0,8.128110398E0
1.167551525E1,-4.944030749E0,-2.393768373E0,8.127885865E0
1.168549225E1,-4.944126059E0,-2.394439926E0,8.127630342E0
1.169546825E1,-4.944387429E0,-2.394872474E0,8.127343828E0
1.170544425E1,-4.944525424E0,-2.394831689E0,8.127271907E0
1.171542025E1,-4.944279841E0,-2.394561694E0,8.127500533E0
1.172539725E1,-4.944226046E0,-2.394102688E0,8.127668349E0
1.173537325E1,-4.944621318E0,-2.393610645E0,8.127573624E0
1.174534925E1,-4.944859884E0,-2.393681104E0,8.127407563E0
1.175532625E1,-4.944253528E0,-2.394143911E0,8.127640282E0
1.176530225E1,-4.943286983E0,-2.394340816E0,8.128170040E0
1.177527825E1,-4.942304651E0,-2.394201213E0,8.128807971E0
1.178525425E1,-4.941526971E0,-2.394013810E0,8.129336559E0
1.179523125E1,-4.941291329E0,-2.394166861E0,8.129434208E0
1.180520725E1,-4.941628128E0,-2.394780965E0,8.129048876E0
1.181518325E1,-4.941863771E0,-2.395831417E0,8.128596302E0
1.182516025E1,-4.941411197E0,-2.396748553E0,8.128600979E0
1.183513625E1,-4.941208298E0,-2.396949989E0,8.128664714E0
1.184511225E1,-4.941811146E0,-2.397047346E0,8.128269442E0
1.185508825E1,-4.942951353E0,-2.397432239E0,8.127462527E0
1.186506525E1,-4.944697332E0,-2.397740533E0,8.126309456E0
1.187504125E1,-4.946365542E0,-2.397486910E0,8.125369223E0
1.188501725E1,-4.947058437E0,-2.396752061E0,8.125164571E0
1.189499425E1,-4.947181229E0,-2.396033438E0,8.125301396E0
1.190497025E1,-4.947765951E0,-2.395821769E0,8.125007281E0
1.191494625E1,-4.948580468E0,-2.396078901E0,8.124436008E0
1.192492225E1,-4.948775765E0,-2.396371261E0,8.124230770E0
1.193489925E1,-4.948278751E0,-2.396662014E0,8.124447117E0
1.194487525E1,-4.947764781E0,-2.396928355E0,8.124682176E0
1.195485125E1,-4.947592288E0,-2.396943411E0,8.124782748E0
1.196482825E1,-4.947520368E0,-2.396479727E0,8.124962842E0
1.197480425E1,-4.947346120E0,-2.395731430E0,8.125290286E0
1.198478025E1,-4.947242040E0,-2.395417434E0,8.125445822E0
1.199475625E1,-4.947294080E0,-2.395791218E0,8.125303735E0
1.200473325E1,-4.947454879E0,-2.396729111E0,8.124929513E0
1.201470925E1,-4.947730867E0,-2.397412358E0,8.124559969E0
1.202468525E1,-4.947784662E0,-2.397561754E0,8.124482785E0
1.203466225E1,-4.947498148E0,-2.397568186E0,8.124655278E0
1.204463825E1,-4.947309868E0,-2.397422591E0,8.124813153E0
1.205461425E1,-4.947541417E0,-2.397187971E0,8.124741817E0
1.206459025E1,-4.947782907E0,-2.397212237E0,8.124587451E0
1.207456725E1,-4.947457802E0,-2.397335029E0,8.124748834E0
1.208454325E1,-4.946826303E0,-2.397323627E0,8.125136504E0
1.209451925E1,-4.946764907E0,-2.396910667E0,8.125296133E0
1.210449625E1,-4.947035049E0,-2.396640087E0,8.125211349E0
1.211447225E1,-4.947271276E0,-2.396709377E0,8.125047626E0
1.212444825E1,-4.947361908E0,-2.397158881E0,8.124858761E0
1.213442425E1,-4.947523876E0,-2.397708812E0,8.124598560E0
1.214440125E1,-4.947727944E0,-2.398428750E0,8.124261761E0
1.215437725E1,-4.948475218E0,-2.399130562E0,8.123599271E0
1.216435325E1,-4.949891998E0,-2.399880614E0,8.122514613E0
1.217433025E1,-4.951422215E0,-2.400817776E0,8.121304824E0
1.218430625E1,-4.952253689E0,-2.401377940E0,8.120632394E0
1.219428225E1,-4.952056053E0,-2.401488160E0,8.120720102E0
1.220425825E1,-4.951532727E0,-2.401201061E0,8.121124145E0
1.221423525E1,-4.951345031E0,-2.400552751E0,8.121429954E0
1.222421125E1,-4.951554946E0,-2.399576120E0,8.121590753E0
1.223418725E1,-4.951546760E0,-2.398438252E0,8.121932230E0
1.224416425E1,-4.950926371E0,-2.397596545E0,8.122558467E0
1.225414025E1,-4.949989647E0,-2.397332397E0,8.123207508E0
1.226411625E1,-4.949303184E0,-2.397351547E0,8.123620321E0
1.227409225E1,-4.948973985E0,-2.397530472E0,8.123767671E0
1.228406925E1,-4.949016085E0,-2.397616572E0,8.123716800E0
1.229404525E1,-4.949406095E0,-2.398080110E0,8.123341994E0
1.230402125E1,-4.950037009E0,-2.398818906E0,8.122739730E0
1.231399825E1,-4.950839832E0,-2.399425847E0,8.122070809E0
1.232397425E1,-4.951650841E0,-2.399686194E0,8.121500121E0
1.233395025E1,-4.952608030E0,-2.399631376E0,8.120932356E0
1.234392625E1,-4.953822497E0,-2.399502445E0,8.120230106E0
1.235390325E1,-4.955049242E0,-2.399409328E0,8.119508559E0
1.236387925E1,-4.955770204E0,-2.399327467E0,8.119092822E0
1.237385525E1,-4.955751493E0,-2.399396318E0,8.119084051E0
1.238383225E1,-4.955357975E0,-2.399441196E0,8.119310923E0
1.239380825E1,-4.954887859E0,-2.399460053E0,8.119592174E0
1.240378425E1,-4.954399032E0,-2.399522180E0,8.119872256E0
1.241376125E1,-4.953784490E0,-2.399323374E0,8.120305535E0
1.242373725E1,-4.953030784E0,-2.398960116E0,8.120872715E0
1.243371325E1,-4.952245502E0,-2.398615715E0,8.121453343E0
1.244368925E1,-4.951639146E0,-2.398092828E0,8.121977838E0
1.245366625E1,-4.951466653E0,-2.397734540E0,8.122188923E0
1.246364225E1,-4.951753167E0,-2.397655602E0,8.122036895E0
1.247361825E1,-4.952060146E0,-2.397846368E0,8.121793651E0
1.248359525E1,-4.952309237E0,-2.398169573E0,8.121546314E0
1.249357125E1,-4.952451909E0,-2.398699915E0,8.121303070E0
1.250354725E1,-4.952517398E0,-2.399417515E0,8.121051055E0
1.251352325E1,-4.952653638E0,-2.399916867E0,8.120820090E0
1.252350025E1,-4.952871155E0,-2.399935285E0,8.120682095E0
1.253347625E1,-4.953030784E0,-2.399419853E0,8.120737059E0
1.254345225E1,-4.953211462E0,-2.398740261E0,8.120827691E0
1.255342925E1,-4.953398573E0,-2.398006143E0,8.120930602E0
1.256340525E1,-4.953474002E0,-2.397265447E0,8.121103095E0
1.257338125E1,-4.953500315E0,-2.396818281E0,8.121218870E0
1.258335725E1,-4.953420208E0,-2.396846640E0,8.121259800E0
1.259333425E1,-4.953249469E0,-2.397410165E0,8.121197235E0
1.260331025E1,-4.953016165E0,-2.398294264E0,8.121078537E0
1.261328625E1,-4.952870570E0,-2.399043147E0,8.120945805E0
1.262326313E1,-4.952935474E0,-2.399367228E0,8.120811319E0
1.263323913E1,-4.952986929E0,-2.399300278E0,8.120799624E0
1.264321512E1,-4.953187489E0,-2.398791570E0,8.120827106E0
1.265319113E1,-4.953496222E0,-2.398165626E0,8.120823598E0
1.266316813E1,-4.954043521E0,-2.397407242E0,8.120714255E0
1.267314412E1,-4.954828802E0,-2.396949551E0,8.120369854E0
1.268312012E1,-4.955448022E0,-2.396767118E0,8.120045918E0
1.269309713E1,-4.955667878E0,-2.396792115E0,8.119904416E0
1.270307313E1,-4.955534561E0,-2.396950428E0,8.119938329E0
1.271304912E1,-4.955083741E0,-2.397138855E0,8.120158185E0
1.272302512E1,-4.954587897E0,-2.397228317E0,8.120434173E0
1.273300213E1,-4.954596668E0,-2.396899265E0,8.120525975E0
1.274297813E1,-4.954775593E0,-2.396459262E0,8.120547025E0
1.275295412E1,-4.954811845E0,-2.396046887E0,8.120645843E0
1.276293113E1,-4.954893122E0,-2.395862407E0,8.120651690E0
1.277290713E1,-4.955105376E0,-2.395641236E0,8.120586786E0
1.278288313E1,-4.955391889E0,-2.395666818E0,8.120404353E0
1.279285912E1,-4.955913461E0,-2.395740639E0,8.120064629E0
1.280283613E1,-4.956466607E0,-2.396028761E0,8.119642460E0
1.281281213E1,-4.957116818E0,-2.396137227E0,8.119213275E0
1.282278812E1,-4.957751825E0,-2.396172164E0,8.118815079E0
1.283276512E1,-4.958227789E0,-2.395972335E0,8.118583530E0
1.284274113E1,-4.958773334E0,-2.395107824E0,8.118505177E0
1.285271713E1,-4.958826544E0,-2.394967345E0,8.118513948E0
1.286269312E1,-4.958610781E0,-2.394739450E0,8.118712753E0
1.287267012E1,-4.958227204E0,-2.394456006E0,8.119030842E0
1.288264613E1,-4.957925488E0,-2.394232204E0,8.119281102E0
1.289262213E1,-4.957556528E0,-2.393923617E0,8.119597437E0
1.290259912E1,-4.957194586E0,-2.393676572E0,8.119891552E0
1.291257512E1,-4.956774756E0,-2.394050355E0,8.120037147E0
1.292255113E1,-4.956751952E0,-2.394885630E0,8.119805013E0
1.293252713E1,-4.956801653E0,-2.395940468E0,8.119462951E0
1.294250412E1,-4.957145469E0,-2.396987850E0,8.118944303E0
1.295248013E1,-4.957693938E0,-2.397858647E0,8.118352565E0
1.296245613E1,-4.957867016E0,-2.398466611E0,8.118067220E0
1.297243313E1,-4.958079854E0,-2.398994468E0,8.117781292E0
1.298240912E1,-4.958343564E0,-2.399527881E0,8.117462618E0
1.299238513E1,-4.958421916E0,-2.400022701E0,8.117268491E0
1.300236113E1,-4.958573944E0,-2.400100177E0,8.117152131E0
1.301233812E1,-4.958561665E0,-2.400055300E0,8.117173181E0
1.302231412E1,-4.958230712E0,-2.399634446E0,8.117499456E0
1.303229013E1,-4.957131436E0,-2.399463561E0,8.118221587E0
1.304226713E1,-4.955523452E0,-2.399536505E0,8.119181700E0
1.305224312E1,-4.954225370E0,-2.399881783E0,8.119871671E0
1.306221912E1,-4.953245961E0,-2.400423674E0,8.120309043E0
1.307219613E1,-4.952470620E0,-2.400828155E0,8.120662215E0
1.308217213E1,-4.951735625E0,-2.401442113E0,8.120929433E0
1.309214812E1,-4.951405842E0,-2.401926993E0,8.120986735E0
1.310212412E1,-4.951231595E0,-2.402349893E0,8.120968024E0
1.311210113E1,-4.951228087E0,-2.402593284E0,8.120898442E0
1.312207713E1,-4.951381869E0,-2.402507183E0,8.120830030E0
1.313205312E1,-4.951596462E0,-2.402406904E0,8.120728873E0
1.314203013E1,-4.951804622E0,-2.402170968E0,8.120671570E0
1.315200613E1,-4.952063069E0,-2.401821597E0,8.120617191E0
1.316198212E1,-4.952219190E0,-2.401579669E0,8.120593802E0
1.317195812E1,-4.952296958E0,-2.401094788E0,8.120689697E0
1.318193513E1,-4.952327363E0,-2.400641044E0,8.120804887E0
1.319191113E1,-4.952317423E0,-2.400444724E0,8.120869206E0
1.320188712E1,-4.952256612E0,-2.400415196E0,8.120914814E0
1.321186412E1,-4.951832689E0,-2.400537402E0,8.121137009E0
1.322184013E1,-4.951533896E0,-2.400653470E0,8.121284943E0
1.323181613E1,-4.951047993E0,-2.401130749E0,8.121440479E0
1.324179212E1,-4.950315337E0,-2.401621622E0,8.121741611E0
1.325176912E1,-4.949962165E0,-2.401909452E0,8.121872004E0
1.326174513E1,-4.949737632E0,-2.401648812E0,8.122086012E0
1.327172113E1,-4.949465151E0,-2.401512864E0,8.122292418E0
1.328169812E1,-4.948969308E0,-2.401446645E0,8.122614015E0
1.329167413E1,-4.948870490E0,-2.401130895E0,8.122767797E0
1.330165013E1,-4.948081700E0,-2.401564320E0,8.123119799E0
1.331162613E1,-4.947244379E0,-2.401412584E0,8.123675285E0
1.332160312E1,-4.946404719E0,-2.401334670E0,8.124208551E0
1.333157913E1,-4.945734043E0,-2.401944973E0,8.124436592E0
1.334155513E1,-4.945380287E0,-2.402335714E0,8.124536580E0
1.335153212E1,-4.945322984E0,-2.402555130E0,8.124506759E0
1.336150812E1,-4.945099036E0,-2.402229879E0,8.124739478E0
1.337148413E1,-4.944926543E0,-2.401895126E0,8.124942961E0
1.338146013E1,-4.944704348E0,-2.401432026E0,8.125215442E0
1.339143712E1,-4.944718966E0,-2.400602453E0,8.125451669E0
1.340141312E1,-4.944918357E0,-2.399610034E0,8.125623577E0
1.341138913E1,-4.945277960E0,-2.398595981E0,8.125704269E0
1.342136613E1,-4.945725857E0,-2.397792573E0,8.125668601E0
1.343134212E1,-4.946198312E0,-2.397040183E0,8.125602527E0
1.344131812E1,-4.946500028E0,-2.396405906E0,8.125606036E0
1.345129513E1,-4.946585982E0,-2.396177865E0,8.125621238E0
1.346127113E1,-4.946861971E0,-2.396111060E0,8.125473304E0
1.347124712E1,-4.947191754E0,-2.396111060E0,8.125272160E0
1.348122313E1,-4.947085919E0,-2.396293640E0,8.125282685E0
1.349120013E1,-4.947282386E0,-2.396312789E0,8.125157554E0
1.350117612E1,-4.947473005E0,-2.396465548E0,8.124996171E0
1.351115212E1,-4.947443184E0,-2.396732765E0,8.124935945E0
1.352112913E1,-4.947263675E0,-2.396950867E0,8.124980384E0
1.353110513E1,-4.947016922E0,-2.397024688E0,8.125109022E0
1.354108112E1,-4.946567856E0,-2.397300238E0,8.125300811E0
1.355105712E1,-4.946022311E0,-2.397547575E0,8.125560427E0
1.356103413E1,-4.945330585E0,-2.397697264E0,8.125936988E0
1.357101013E1,-4.944505543E0,-2.397894022E0,8.126380792E0
1.358098612E1,-4.943565896E0,-2.397903963E0,8.126949141E0
1.359096312E1,-4.942641451E0,-2.398062861E0,8.127465450E0
1.360093913E1,-4.941745073E0,-2.398208603E0,8.127967141E0
1.361091513E1,-4.940889625E0,-2.398466611E0,8.128410945E0
1.362089112E1,-4.940325369E0,-2.398936873E0,8.128615013E0
1.363086804E1,-4.939557629E0,-2.399384770E0,8.128949474E0
1.364084404E1,-4.938861226E0,-2.399780188E0,8.129255868E0
1.365082004E1,-4.938270657E0,-2.400040974E0,8.129537703E0
1.366079704E1,-4.937694706E0,-2.400188470E0,8.129844097E0
1.367077304E1,-4.937109400E0,-2.400126636E0,8.130217735E0
1.368074904E1,-4.936532865E0,-2.399927538E0,8.130627040E0
1.369072504E1,-4.936172091E0,-2.399761477E0,8.130894842E0
1.370070204E1,-4.936111280E0,-2.399663975E0,8.130960916E0
1.371067804E1,-4.936084383E0,-2.399557994E0,8.131008278E0
1.372065404E1,-4.935931186E0,-2.399320743E0,8.131171415E0
1.373063104E1,-4.935520712E0,-2.399087585E0,8.131489504E0
1.374060704E1,-4.934966395E0,-2.398588379E0,8.131972484E0
1.375058304E1,-4.934351268E0,-2.397822540E0,8.132571824E0
1.376055904E1,-4.933592885E0,-2.397038429E0,8.133262964E0
1.377053604E1,-4.932646220E0,-2.396222304E0,8.134077482E0
1.378051204E1,-4.931631728E0,-2.395563468E0,8.134886736E0
1.379048804E1,-4.931134130E0,-2.395278271E0,8.135272653E0
1.380046504E1,-4.930806686E0,-2.395057538E0,8.135535777E0
1.381044104E1,-4.930585077E0,-2.395001113E0,8.135687220E0
1.382041704E1,-4.930426033E0,-2.395266430E0,8.135704762E0
1.383039304E1,-4.930515495E0,-2.395503388E0,8.135580801E0
1.384037004E1,-4.930757570E0,-2.395770606E0,8.135355683E0
1.385034604E1,-4.931182078E0,-2.396082409E0,8.135006604E0
1.386032204E1,-4.932077871E0,-2.396659821E0,8.134293244E0
1.387029904E1,-4.932943844E0,-2.397568040E0,8.133500361E0
1.388027504E1,-4.933447289E0,-2.398856767E0,8.132815068E0
1.389025104E1,-4.934144277E0,-2.400716620E0,8.131843845E0
1.390022704E1,-4.934778115E0,-2.402537881E0,8.130921155E0
1.391020404E1,-4.935322491E0,-2.404676354E0,8.129958703E0
1.392018004E1,-4.935893764E0,-2.406671278E0,8.129021394E0
1.393015604E1,-4.936342830E0,-2.408435529E0,8.128225588E0
1.394013304E1,-4.936784880E0,-2.409748667E0,8.127568361E0
1.395010904E1,-4.937015260E0,-2.410519769E0,8.127199987E0
1.396008504E1,-4.937080749E0,-2.410840635E0,8.127064916E0
1.397006204E1,-4.937034556E0,-2.410712142E0,8.127131574E0
1.398003804E1,-4.936837505E0,-2.410370373E0,8.127351429E0
1.399001404E1,-4.936469715E0,-2.409922622E0,8.127708110E0
1.399999004E1,-4.935834122E0,-2.409737119E0,8.128148990E0
1.400996704E1,-4.935119008E0,-2.409613304E0,8.128620275E0
1.401994304E1,-4.934605038E0,-2.409617836E0,8.128930762E0
1.402991904E1,-4.934409156E0,-2.409627338E0,8.129046537E0
1.403989604E1,-4.934517329E0,-2.409702621E0,8.128958829E0
1.404987204E1,-4.935022529E0,-2.409535975E0,8.128701552E0
1.405984804E1,-4.935899611E0,-2.409447974E0,8.128195183E0
1.406982404E1,-4.937029293E0,-2.409546061E0,8.127480068E0
1.407980104E1,-4.938505715E0,-2.409555709E0,8.126580182E0
1.408977704E1,-4.940062244E0,-2.409532467E0,8.125640534E0
1.409975304E1,-4.941328166E0,-2.409525889E0,8.124872795E0
1.410973004E1,-4.942346751E0,-2.409311150E0,8.124317309E0
1.411970604E1,-4.943047832E0,-2.409083401E0,8.123958290E0
1.412968204E1,-4.943511516E0,-2.408816621E0,8.123755392E0
1.413965804E1,-4.943944210E0,-2.408668394E0,8.123536121E0
1.414963504E1,-4.944207920E0,-2.408629949E0,8.123386433E0
1.415961104E1,-4.944300306E0,-2.408712249E0,8.123305741E0
1.416958704E1,-4.944057646E0,-2.408923333E0,8.123391110E0
1.417956404E1,-4.943669976E0,-2.409106789E0,8.123572374E0
1.418954004E1,-4.943033799E0,-2.409102843E0,8.123960629E0
1.419951604E1,-4.942359030E0,-2.408910908E0,8.124427822E0
1.420949204E1,-4.941635145E0,-2.408716926E0,8.124926004E0
1.421946904E1,-4.941028789E0,-2.408504234E0,8.125357529E0
1.422944504E1,-4.940343495E0,-2.408492101E0,8.125777944E0
1.423942104E1,-4.939820169E0,-2.408723651E0,8.126027620E0
1.424939804E1,-4.939345960E0,-2.409155029E0,8.126188418E0
1.425937404E1,-4.938846608E0,-2.409567111E0,8.126369682E0
1.426935004E1,-4.938454260E0,-2.409617836E0,8.126593046E0
1.427932604E1,-4.937928595E0,-2.409629092E0,8.126909380E0
1.428930304E1,-4.937298265E0,-2.409685518E0,8.127275416E0
1.429927904E1,-4.936798328E0,-2.409902157E0,8.127514567E0
1.430925504E1,-4.936591921E0,-2.410396978E0,8.127492932E0
1.431923204E1,-4.936518247E0,-2.411025992E0,8.127351429E0
1.432920804E1,-4.936513569E0,-2.411654129E0,8.127167827E0
1.433918404E1,-4.936622327E0,-2.412149096E0,8.126954988E0
1.434916104E1,-4.936928136E0,-2.412516155E0,8.126660289E0
1.435913704E1,-4.937319315E0,-2.412640700E0,8.126386054E0
1.436911304E1,-4.937709909E0,-2.412684701E0,8.126135209E0
1.437908904E1,-4.938372399E0,-2.412507676E0,8.125785545E0
1.438906604E1,-4.938870581E0,-2.412454905E0,8.125498447E0
1.439904204E1,-4.939292166E0,-2.412432247E0,8.125248186E0
1.440901804E1,-4.939662294E0,-2.412492912E0,8.125005527E0
1.441899504E1,-4.939948223E0,-2.412711598E0,8.124766960E0
1.442897104E1,-4.940102590E0,-2.412692302E0,8.124678667E0
1.443894704E1,-4.940239999E0,-2.412450958E0,8.124666973E0
1.444892304E1,-4.940431203E0,-2.412057148E0,8.124667557E0
1.445890004E1,-4.940528852E0,-2.411470088E0,8.124782163E0
1.446887604E1,-4.940632347E0,-2.410683199E0,8.124952902E0
1.447885204E1,-4.940510725E0,-2.410117334E0,8.125194976E0
1.448882904E1,-4.940227720E0,-2.409826582E0,8.125452839E0
1.449880504E1,-4.940149367E0,-2.409586700E0,8.125571537E0
1.450878104E1,-4.940272159E0,-2.409488028E0,8.125526513E0
1.451875704E1,-4.940399628E0,-2.409553370E0,8.125429450E0
1.452873404E1,-4.940428280E0,-2.409799538E0,8.125338818E0
1.453871004E1,-4.940443482E0,-2.410115434E0,8.125236492E0
1.454868604E1,-4.940392027E0,-2.410514214E0,8.125149368E0
1.455866304E1,-4.940261049E0,-2.410968689E0,8.125093819E0
1.456863904E1,-4.940137673E0,-2.411269382E0,8.125079201E0
1.457861504E1,-4.940083294E0,-2.411311628E0,8.125100251E0
1.458859104E1,-4.940069845E0,-2.410964450E0,8.125211933E0
1.459856804E1,-4.940151122E0,-2.410485417E0,8.125304319E0
1.460854404E1,-4.940275667E0,-2.410141747E0,8.125330047E0
1.461852004E1,-4.940527682E0,-2.409542553E0,8.125355190E0
1.462849717E1,-4.940759817E0,-2.409080038E0,8.125351097E0
1.463847317E1,-4.940403721E0,-2.408689591E0,8.125683219E0
1.464844917E1,-4.939987984E0,-2.408536540E0,8.125980842E0
1.465842517E1,-4.939733630E0,-2.407959273E0,8.126306532E0
1.466840217E1,-4.939678082E0,-2.407905040E0,8.126356818E0
1.467837817E1,-4.939666972E0,-2.407798036E0,8.126394825E0
1.468835417E1,-4.939872794E0,-2.407574673E0,8.126335768E0
1.469833117E1,-4.939851159E0,-2.407552746E0,8.126355649E0
1.470830717E1,-4.939872794E0,-2.407051055E0,8.126491304E0
1.471828317E1,-4.939985645E0,-2.406074423E0,8.126712329E0
1.472825917E1,-4.939973366E0,-2.404584260E0,8.127160810E0
1.473823617E1,-4.939364671E0,-2.403098044E0,8.127970065E0
1.474821217E1,-4.938443735E0,-2.401830660E0,8.128903865E0
1.475818817E1,-4.937228683E0,-2.401021260E0,8.129881520E0
1.476816517E1,-4.935724195E0,-2.400439315E0,8.130966763E0
1.477814117E1,-4.934340159E0,-2.399945372E0,8.131952603E0
1.478811717E1,-4.933019273E0,-2.399559017E0,8.132868277E0
1.479809417E1,-4.932118801E0,-2.398818029E0,8.133632509E0
1.480807017E1,-4.931473854E0,-2.397665396E0,8.134363410E0
1.481804617E1,-4.930970408E0,-2.396163247E0,8.135111269E0
1.482802217E1,-4.930538299E0,-2.394389640E0,8.135895381E0
1.483799917E1,-4.929810321E0,-2.392690293E0,8.136836198E0
1.484797517E1,-4.929119180E0,-2.391165631E0,8.137703340E0
1.485795117E1,-4.928286536E0,-2.389939324E0,8.138567559E0
1.486792817E1,-4.927393082E0,-2.389330337E0,8.139287351E0
1.487790417E1,-4.925965192E0,-2.389093086E0,8.140221736E0
1.488788017E1,-4.924554259E0,-2.388745907E0,8.141176586E0
1.489785617E1,-4.923034567E0,-2.387573979E0,8.142439585E0
1.490783317E1,-4.921439447E0,-2.386279552E0,8.143783275E0
1.491780917E1,-4.919830878E0,-2.384879582E0,8.145164972E0
1.492778517E1,-4.918232834E0,-2.383390881E0,8.146565380E0
1.493776217E1,-4.916278110E0,-2.381973370E0,8.148159916E0
1.494773817E1,-4.914173112E0,-2.380552935E0,8.149844499E0
1.495771417E1,-4.912037709E0,-2.379265963E0,8.151508031E0
1.496769017E1,-4.909433944E0,-2.378489745E0,8.153302542E0
1.497766717E1,-4.906137868E0,-2.377440316E0,8.155592312E0
1.498764317E1,-4.903338221E0,-2.376124400E0,8.157659887E0
1.499761917E1,-4.900897886E0,-2.374715221E0,8.159536259E0
1.500759617E1,-4.898469830E0,-2.373574429E0,8.161326091E0
1.501757217E1,-4.896061361E0,-2.372417850E0,8.163107153E0
1.502754817E1,-4.893929174E0,-2.371215955E0,8.164734433E0
1.503752417E1,-4.891957785E0,-2.370117409E0,8.166234829E0
1.504750117E1,-4.890208299E0,-2.368745799E0,8.167680261E0
1.505747717E1,-4.888581311E0,-2.367216021E0,8.169098210E0
1.506745317E1,-4.886975665E0,-2.365615638E0,8.170522007E0
1.507743017E1,-4.885222378E0,-2.364057063E0,8.172021818E0
1.508740617E1,-4.883027041E0,-2.362636043E0,8.173744408E0
1.509738217E1,-4.880669151E0,-2.361388978E0,8.175512606E0
1.510735917E1,-4.878018316E0,-2.360438075E0,8.177369097E0
1.511733517E1,-4.875518631E0,-2.359443025E0,8.179147235E0
1.512731117E1,-4.872988833E0,-2.358335124E0,8.180974490E0
1.513728717E1,-4.870550544E0,-2.357137321E0,8.182770755E0
1.514726417E1,-4.867911988E0,-2.355916715E0,8.184692150E0
1.515724017E1,-4.865264661E0,-2.354381382E0,8.186707685E0
1.516721617E1,-4.862664112E0,-2.352853213E0,8.188691645E0
1.517719317E1,-4.860368203E0,-2.351456167E0,8.190456335E0
1.518716917E1,-4.858327232E0,-2.350231614E0,8.192018711E0
1.519714517E1,-4.856578038E0,-2.349349561E0,8.193309191E0
1.520712117E1,-4.854961867E0,-2.348947565E0,8.194381571E0
1.521709817E1,-4.853583386E0,-2.348827551E0,8.195232341E0
1.522707417E1,-4.852681161E0,-2.348621583E0,8.195825833E0
1.523705017E1,-4.852169237E0,-2.348392226E0,8.196194792E0
1.524702717E1,-4.851935349E0,-2.348221925E0,8.196382488E0
1.525700317E1,-4.851958153E0,-2.348085832E0,8.196407631E0
1.526697917E1,-4.852023349E0,-2.348040369E0,8.196381903E0
1.527695617E1,-4.852230341E0,-2.348123254E0,8.196235723E0
1.528693217E1,-4.852394940E0,-2.348235959E0,8.196105915E0
1.529690817E1,-4.852688178E0,-2.348332438E0,8.195904186E0
1.530688417E1,-4.852984924E0,-2.348483150E0,8.195685500E0
1.531686117E1,-4.853168526E0,-2.348490751E0,8.195574988E0
1.532683717E1,-4.853168526E0,-2.348336385E0,8.195618842E0
1.533681317E1,-4.852750158E0,-2.348056449E0,8.195947455E0
1.534679017E1,-4.852052000E0,-2.347768474E0,8.196442714E0
1.535676617E1,-4.850993362E0,-2.347377149E0,8.197181218E0
1.536674217E1,-4.849965129E0,-2.347206849E0,8.197838445E0
1.537671817E1,-4.849386255E0,-2.346880867E0,8.198274647E0
1.538669517E1,-4.848973149E0,-2.346542605E0,8.198615540E0
1.539667117E1,-4.848638688E0,-2.346343800E0,8.198869894E0
1.540664717E1,-4.848347789E0,-2.346415282E0,8.199021921E0
1.541662417E1,-4.848365623E0,-2.346598738E0,8.198958771E0
1.542660017E1,-4.848559751E0,-2.346809092E0,8.198783939E0
1.543657617E1,-4.848520282E0,-2.347178636E0,8.198701494E0
1.544655317E1,-4.848072093E0,-2.347436791E0,8.198892698E0
1.545652917E1,-4.847393231E0,-2.347615862E0,8.199242361E0
1.546650517E1,-4.846588362E0,-2.347729151E0,8.199685580E0
1.547648117E1,-4.845758350E0,-2.347594519E0,8.200214753E0
1.548645817E1,-4.845042943E0,-2.347058476E0,8.200791289E0
1.549643417E1,-4.844120545E0,-2.346380345E0,8.201530377E0
1.550641017E1,-4.842982969E0,-2.345865936E0,8.202348987E0
1.551638717E1,-4.841871706E0,-2.345603689E0,8.203079889E0
1.552636317E1,-4.840479191E0,-2.345280630E0,8.203994393E0
1.553633917E1,-4.839009201E0,-2.345054196E0,8.204925855E0
1.554631517E1,-4.837350931E0,-2.345121732E0,8.205884213E0
1.555629217E1,-4.835483915E0,-2.345118077E0,8.206985829E0
1.556626817E1,-4.833555503E0,-2.345063698E0,8.208137146E0
1.557624417E1,-4.831753099E0,-2.344712280E0,8.209298987E0
1.558622117E1,-4.829868541E0,-2.344235879E0,8.210543860E0
1.559619717E1,-4.827970243E0,-2.343769563E0,8.211793410E0
1.560617317E1,-4.826128370E0,-2.343498837E0,8.212952912E0
1.561615017E1,-4.824568917E0,-2.343387301E0,8.213901331E0
1.562612612E1,-4.823304457E0,-2.343482465E0,8.214616445E0
1.563610213E1,-4.822406617E0,-2.343732141E0,8.215072528E0
1.564607813E1,-4.821953458E0,-2.344068941E0,8.215242682E0
1.565605512E1,-4.821742373E0,-2.344523708E0,8.215236250E0
1.566603113E1,-4.821594146E0,-2.344764905E0,8.215254377E0
1.567600713E1,-4.821557601E0,-2.344772945E0,8.215273672E0
1.568598413E1,-4.821526319E0,-2.344820746E0,8.215278350E0
1.569596012E1,-4.821508192E0,-2.345079339E0,8.215215785E0
1.570593613E1,-4.821257932E0,-2.345676633E0,8.215191227E0
1.571591313E1,-4.820887803E0,-2.346437940E0,8.215191811E0
1.572588912E1,-4.820345766E0,-2.347345574E0,8.215250283E0
1.573586512E1,-4.819378929E0,-2.348396173E0,8.215516917E0
1.574584113E1,-4.818334324E0,-2.349551290E0,8.215799337E0
1.575581813E1,-4.817262821E0,-2.350693251E0,8.216101638E0
1.576579412E1,-4.816411175E0,-2.351823226E0,8.216277639E0
1.577577012E1,-4.815772951E0,-2.352719604E0,8.216395168E0
1.578574713E1,-4.815131219E0,-2.353192936E0,8.216635489E0
1.579572313E1,-4.814821024E0,-2.353441589E0,8.216746001E0
1.580569912E1,-4.814476039E0,-2.353342186E0,8.216976382E0
1.581567512E1,-4.813866174E0,-2.353187966E0,8.217377501E0
1.582565213E1,-4.813068321E0,-2.353204923E0,8.217840600E0
1.583562813E1,-4.812085404E0,-2.353336485E0,8.218378544E0
1.584560412E1,-4.810958061E0,-2.353474187E0,8.218998933E0
1.585558113E1,-4.810116647E0,-2.353804116E0,8.219397129E0
1.586555713E1,-4.809412057E0,-2.354236079E0,8.219685397E0
1.587553313E1,-4.808866805E0,-2.354542035E0,8.219916946E0
1.588551012E1,-4.808702498E0,-2.354996071E0,8.219883032E0
1.589548613E1,-4.808743721E0,-2.355349681E0,8.219757902E0
1.590546213E1,-4.808811841E0,-2.355561204E0,8.219656745E0
1.591543812E1,-4.808763894E0,-2.355642627E0,8.219662008E0
1.592541512E1,-4.808418615E0,-2.355805179E0,8.219816959E0
1.593539113E1,-4.808125670E0,-2.356077075E0,8.219910514E0
1.594536713E1,-4.807861083E0,-2.356266817E0,8.220011086E0
1.595534412E1,-4.807498556E0,-2.356550699E0,8.220141479E0
1.596532012E1,-4.806966459E0,-2.356892615E0,8.220354903E0
1.597529613E1,-4.806376475E0,-2.357261282E0,8.220594054E0
1.598527213E1,-4.805847887E0,-2.357508327E0,8.220832036E0
1.599524912E1,-4.805364030E0,-2.357670003E0,8.221068848E0
1.600522513E1,-4.804834857E0,-2.357807120E0,8.221338404E0
1.601520113E1,-4.804145178E0,-2.357920264E0,8.221709118E0
1.602517813E1,-4.803411645E0,-2.358368160E0,8.222009665E0
1.603515412E1,-4.802432821E0,-2.359368327E0,8.222293839E0
1.604513013E1,-4.802081988E0,-2.360489092E0,8.222176895E0
1.605510713E1,-4.801760391E0,-2.361650641E0,8.222031884E0
1.606508312E1,-4.801929083E0,-2.363280260E0,8.221464704E0
1.607505912E1,-4.801750743E0,-2.364301622E0,8.221275254E0
1.608503513E1,-4.801660404E0,-2.365139528E0,8.221087559E0
1.609501213E1,-4.801546968E0,-2.365758018E0,8.220975292E0
1.610498812E1,-4.801144094E0,-2.366485265E0,8.221001020E0
1.611496412E1,-4.800765780E0,-2.367130067E0,8.221036688E0
1.612494113E1,-4.800750869E0,-2.366261317E0,8.221295720E0
1.613491713E1,-4.800680995E0,-2.365589764E0,8.221529608E0
1.614489312E1,-4.800054173E0,-2.364584774E0,8.222184497E0
1.615487012E1,-4.799155164E0,-2.363239329E0,8.223096077E0
1.616484613E1,-4.798180141E0,-2.362113448E0,8.223988363E0
1.617482213E1,-4.797341942E0,-2.361500075E0,8.224653191E0
1.618479812E1,-4.796763945E0,-2.361292060E0,8.225050802E0
1.619477513E1,-4.796482109E0,-2.361301124E0,8.225212770E0
1.620475113E1,-4.796623904E0,-2.361510746E0,8.225069513E0
1.621472713E1,-4.797636642E0,-2.361609857E0,8.224450293E0
1.622470412E1,-4.799044944E0,-2.361378892E0,8.223694832E0
1.623468013E1,-4.798663998E0,-2.361116205E0,8.223993040E0
1.624465613E1,-4.797243417E0,-2.360578554E0,8.224975373E0
1.625463312E1,-4.796826218E0,-2.360182405E0,8.225332637E0
1.626460912E1,-4.796857501E0,-2.360126564E0,8.225330299E0
1.627458513E1,-4.796956319E0,-2.359846629E0,8.225353103E0
1.628456113E1,-4.797299550E0,-2.359588474E0,8.225227388E0
1.629453812E1,-4.797473505E0,-2.359545059E0,8.225137925E0
1.630451412E1,-4.797555073E0,-2.359609670E0,8.225071852E0
1.631449013E1,-4.797305105E0,-2.359806575E0,8.225161314E0
1.632446713E1,-4.796414574E0,-2.360123202E0,8.225589915E0
1.633444312E1,-4.795198646E0,-2.360331217E0,8.226238956E0
1.634441913E1,-4.793845892E0,-2.360315575E0,8.227031838E0
1.635439613E1,-4.793129316E0,-2.360170857E0,8.227490845E0
1.636437213E1,-4.792806257E0,-2.359995879E0,8.227729411E0
1.637434812E1,-4.792497232E0,-2.359608062E0,8.228020602E0
1.638432413E1,-4.792058398E0,-2.359162651E0,8.228403595E0
1.639430113E1,-4.790946550E0,-2.359294798E0,8.229012875E0
1.640427712E1,-4.790095488E0,-2.360020583E0,8.229300558E0
1.641425312E1,-4.790252486E0,-2.360893865E0,8.228958496E0
1.642423013E1,-4.790273243E0,-2.362034511E0,8.228619357E0
1.643420613E1,-4.789824470E0,-2.362885134E0,8.228636314E0
1.644418212E1,-4.789811313E0,-2.363540315E0,8.228455635E0
1.645415912E1,-4.790207170E0,-2.364239203E0,8.228024696E0
1.646413513E1,-4.790643957E0,-2.364683007E0,8.227642288E0
1.647411113E1,-4.790864397E0,-2.364563724E0,8.227548732E0
1.648408712E1,-4.790753885E0,-2.364026803E0,8.227767418E0
1.649406412E1,-4.790047833E0,-2.363608581E0,8.228298930E0
1.650404013E1,-4.789123389E0,-2.363220765E0,8.228948556E0
1.651401613E1,-4.788847985E0,-2.362692469E0,8.229260212E0
1.652399312E1,-4.788599186E0,-2.362431098E0,8.229480067E0
1.653396913E1,-4.787971779E0,-2.362208319E0,8.229908668E0
1.654394513E1,-4.787389981E0,-2.361898271E0,8.230336100E0
1.655392212E1,-4.786958457E0,-2.361697565E0,8.230644833E0
1.656389812E1,-4.786666389E0,-2.361639824E0,8.230831359E0
1.657387413E1,-4.786629551E0,-2.361489696E0,8.230895678E0
1.658385013E1,-4.786827479E0,-2.361324659E0,8.230828435E0
1.659382712E1,-4.787156678E0,-2.361361496E0,8.230625537E0
1.660380312E1,-4.787438806E0,-2.361712768E0,8.230361243E0
1.661377913E1,-4.787969441E0,-2.361883360E0,8.230003393E0
1.662375613E1,-4.788934816E0,-2.361846815E0,8.229452001E0
1.663373225E1,-4.789889666E0,-2.361507384E0,8.228993579E0
1.664370825E1,-4.790734296E0,-2.360933041E0,8.228666720E0
1.665368525E1,-4.791668682E0,-2.360089288E0,8.228365003E0
1.666366125E1,-4.792545764E0,-2.359160312E0,8.228120590E0
1.667363725E1,-4.793166153E0,-2.358410406E0,8.227973825E0
1.668361325E1,-4.793565226E0,-2.357770429E0,8.227925293E0
1.669359025E1,-4.793791513E0,-2.357400738E0,8.227898980E0
1.670356625E1,-4.793856417E0,-2.357333642E0,8.227880854E0
1.671354225E1,-4.793889162E0,-2.357379981E0,8.227848110E0
1.672351925E1,-4.793929215E0,-2.357254997E0,8.227860973E0
1.673349525E1,-4.794117203E0,-2.357068909E0,8.227804840E0
1.674347125E1,-4.794360447E0,-2.357003128E0,8.227681464E0
1.675344825E1,-4.794927042E0,-2.357063062E0,8.227334139E0
1.676342425E1,-4.795524628E0,-2.357092590E0,8.226977459E0
1.677340025E1,-4.795886278E0,-2.357348698E0,8.226693285E0
1.678337725E1,-4.796467784E0,-2.357905792E0,8.226194517E0
1.679335325E1,-4.796899601E0,-2.358795738E0,8.225686979E0
1.680332925E1,-4.797115655E0,-2.359771346E0,8.225282351E0
1.681330525E1,-4.797065662E0,-2.360685704E0,8.225049047E0
1.682328225E1,-4.796743480E0,-2.361553285E0,8.224987652E0
1.683325825E1,-4.796155542E0,-2.362215628E0,8.225140264E0
1.684323425E1,-4.795284307E0,-2.362649492E0,8.225523841E0
1.685321125E1,-4.794551066E0,-2.362997109E0,8.225850701E0
1.686318725E1,-4.794139422E0,-2.363378639E0,8.225981094E0
1.687316325E1,-4.793694157E0,-2.363983241E0,8.226067048E0
1.688314025E1,-4.793146273E0,-2.364699818E0,8.226180484E0
1.689311625E1,-4.792811227E0,-2.365554388E0,8.226130198E0
1.690309225E1,-4.792492847E0,-2.366493890E0,8.226045413E0
1.691306825E1,-4.792182652E0,-2.367341005E0,8.225982263E0
1.692304525E1,-4.792221828E0,-2.367826616E0,8.225819126E0
1.693302125E1,-4.792612130E0,-2.367973235E0,8.225550154E0
1.694299725E1,-4.793123469E0,-2.367717566E0,8.225325621E0
1.695297425E1,-4.793495059E0,-2.367183130E0,8.225262471E0
1.696295025E1,-4.793803500E0,-2.366360719E0,8.225319774E0
1.697292625E1,-4.793863142E0,-2.365427504E0,8.225553077E0
1.698290325E1,-4.793723978E0,-2.364755512E0,8.225827897E0
1.699287925E1,-4.793557625E0,-2.364173276E0,8.226092191E0
1.700285525E1,-4.793311457E0,-2.363670562E0,8.226379874E0
1.701283225E1,-4.793124053E0,-2.363196937E0,8.226624872E0
1.702280825E1,-4.792974949E0,-2.362659286E0,8.226866362E0
1.703278425E1,-4.792646336E0,-2.362048252E0,8.227233567E0
1.704276025E1,-4.792346081E0,-2.361505776E0,8.227563935E0
1.705273725E1,-4.792217150E0,-2.360966517E0,8.227793730E0
1.706271325E1,-4.792349590E0,-2.360530168E0,8.227842262E0
1.707268925E1,-4.792499278E0,-2.360153023E0,8.227863312E0
1.708266625E1,-4.792577046E0,-2.359613471E0,8.227972071E0
1.709264225E1,-4.792496063E0,-2.359008723E0,8.228193095E0
1.710261825E1,-4.792275330E0,-2.358673239E0,8.228418213E0
1.711259525E1,-4.792102253E0,-2.358491537E0,8.228570825E0
1.712257125E1,-4.792200778E0,-2.358703937E0,8.228452127E0
1.713254725E1,-4.792743692E0,-2.359221708E0,8.227987858E0
1.714252325E1,-4.793566103E0,-2.359673990E0,8.227379163E0
1.715250025E1,-4.794527385E0,-2.359923666E0,8.226747079E0
1.716247625E1,-4.795350966E0,-2.359911387E0,8.226270531E0
1.717245225E1,-4.796032751E0,-2.359621072E0,8.225956535E0
1.718242925E1,-4.796506083E0,-2.359003460E0,8.225857717E0
1.719240525E1,-4.796734709E0,-2.358364213E0,8.225907419E0
1.720238125E1,-4.796691732E0,-2.357741777E0,8.226110902E0
1.721235825E1,-4.796352594E0,-2.357339343E0,8.226424313E0
1.722233425E1,-4.795940950E0,-2.357324871E0,8.226668141E0
1.723231025E1,-4.795823128E0,-2.357755664E0,8.226613178E0
1.724228725E1,-4.795818743E0,-2.358310273E0,8.226457057E0
1.725226325E1,-4.795966093E0,-2.358919407E0,8.226196271E0
1.726223925E1,-4.796189164E0,-2.359207674E0,8.225984017E0
1.727221525E1,-4.796375398E0,-2.359133853E0,8.225896309E0
1.728219225E1,-4.796418082E0,-2.358617105E0,8.226019685E0
1.729216825E1,-4.796395863E0,-2.357838549E0,8.226255913E0
1.730214425E1,-4.796450242E0,-2.357145069E0,8.226423143E0
1.731212125E1,-4.796313125E0,-2.356587829E0,8.226662294E0
1.732209725E1,-4.795865813E0,-2.356203229E0,8.227033592E0
1.733207325E1,-4.795243669E0,-2.355930456E0,8.227474473E0
1.734205025E1,-4.794677659E0,-2.355708408E0,8.227867405E0
1.735202625E1,-4.794174798E0,-2.355591902E0,8.228193680E0
1.736200225E1,-4.793732749E0,-2.355617045E0,8.228443941E0
1.737197825E1,-4.793452959E0,-2.355629909E0,8.228603570E0
1.738195525E1,-4.793345078E0,-2.355691597E0,8.228648593E0
1.739193125E1,-4.793424893E0,-2.355746707E0,8.228586028E0
1.740190725E1,-4.793650303E0,-2.355698029E0,8.228469084E0
1.741188425E1,-4.793955528E0,-2.355634002E0,8.228309455E0
1.742186025E1,-4.794468036E0,-2.355559012E0,8.228032297E0
1.743183625E1,-4.795008026E0,-2.355495131E0,8.227735843E0
1.744181325E1,-4.795443644E0,-2.355300857E0,8.227537622E0
1.745178925E1,-4.795743898E0,-2.354606062E0,8.227561596E0
1.746176525E1,-4.795785998E0,-2.353921791E0,8.227732919E0
1.747174225E1,-4.795532814E0,-2.353273920E0,8.228066211E0
1.748171825E1,-4.795009196E0,-2.352526646E0,8.228584859E0
1.749169425E1,-4.794273908E0,-2.351671052E0,8.229257289E0
1.750167025E1,-4.793619313E0,-2.350840455E0,8.229875924E0
1.751164725E1,-4.792774390E0,-2.350083679E0,8.230584607E0
1.752162325E1,-4.792199024E0,-2.349489748E0,8.231089221E0
1.753159925E1,-4.791725692E0,-2.348767909E0,8.231570447E0
1.754157625E1,-4.791177223E0,-2.348193567E0,8.232053427E0
1.755155225E1,-4.790828144E0,-2.348125008E0,8.232276206E0
1.756152825E1,-4.790478481E0,-2.348183042E0,8.232463317E0
1.757150525E1,-4.790126186E0,-2.348506977E0,8.232576168E0
1.758148125E1,-4.789599352E0,-2.348661198E0,8.232838123E0
1.759145725E1,-4.788689233E0,-2.348815856E0,8.233324027E0
1.760143425E1,-4.787984936E0,-2.348743643E0,8.233754382E0
1.761141025E1,-4.787355775E0,-2.348563403E0,8.234171289E0
1.762138625E1,-4.786650309E0,-2.348426578E0,8.234620355E0
1.763136204E1,-4.786102132E0,-2.348459030E0,8.234929672E0
1.764133904E1,-4.785837253E0,-2.348682248E0,8.235019720E0
1.765131504E1,-4.786014716E0,-2.348864973E0,8.234864768E0
1.766129104E1,-4.786467291E0,-2.348955166E0,8.234575916E0
1.767126804E1,-4.786873380E0,-2.348734142E0,8.234402838E0
1.768124404E1,-4.787292333E0,-2.348576705E0,8.234204618E0
1.769122004E1,-4.787623578E0,-2.348242391E0,8.234106969E0
1.770119704E1,-4.787813320E0,-2.347827238E0,8.234115155E0
1.771117304E1,-4.787921786E0,-2.347494532E0,8.234146730E0
1.772114904E1,-4.787881732E0,-2.347002635E0,8.234310452E0
1.773112604E1,-4.787984936E0,-2.346807045E0,8.234305775E0
1.774110204E1,-4.788037853E0,-2.346690394E0,8.234308698E0
1.775107804E1,-4.787899566E0,-2.346613210E0,8.234411024E0
1.776105404E1,-4.787580016E0,-2.346417329E0,8.234652514E0
1.777103104E1,-4.787394074E0,-2.346201420E0,8.234822668E0
1.778100704E1,-4.787261635E0,-2.346109911E0,8.234925579E0
1.779098304E1,-4.787328293E0,-2.345883478E0,8.234951307E0
1.780096004E1,-4.787352852E0,-2.345539661E0,8.235034922E0
1.781093604E1,-4.787282977E0,-2.345175819E0,8.235179349E0
1.782091204E1,-4.787061660E0,-2.344870740E0,8.235394526E0
1.783088904E1,-4.786699133E0,-2.344912840E0,8.235593331E0
1.784086504E1,-4.786627505E0,-2.345228005E0,8.235545384E0
1.785084104E1,-4.786423144E0,-2.345671809E0,8.235537198E0
1.786081804E1,-4.786294798E0,-2.345836262E0,8.235564680E0
1.787079404E1,-4.786323449E0,-2.345755716E0,8.235571697E0
1.788077004E1,-4.786447410E0,-2.345422279E0,8.235594501E0
1.789074704E1,-4.786470214E0,-2.344792534E0,8.235760562E0
1.790072304E1,-4.787056105E0,-2.344063678E0,8.235627830E0
1.791069904E1,-4.787406938E0,-2.343602333E0,8.235554740E0
1.792067504E1,-4.787273914E0,-2.343762108E0,8.235586900E0
1.793065204E1,-4.787266020E0,-2.344171998E0,8.235474633E0
1.794062804E1,-4.787538501E0,-2.344779231E0,8.235143681E0
1.795060404E1,-4.787377702E0,-2.345457508E0,8.235043693E0
1.796058104E1,-4.786830111E0,-2.345854973E0,8.235248930E0
1.797055704E1,-4.786286904E0,-2.345802055E0,8.235579883E0
1.798053304E1,-4.785919991E0,-2.345543608E0,8.235866396E0
1.799051004E1,-4.785582315E0,-2.344815045E0,8.236270439E0
1.800048604E1,-4.785234990E0,-2.344151386E0,8.236661033E0
1.801046204E1,-4.784803466E0,-2.343626014E0,8.237060983E0
1.802043804E1,-4.784461403E0,-2.343378092E0,8.237330539E0
1.803041504E1,-4.784334811E0,-2.343445627E0,8.237384334E0
1.804039104E1,-4.784507889E0,-2.343676592E0,8.237218273E0
1.805036704E1,-4.784878310E0,-2.343963983E0,8.236921234E0
1.806034404E1,-4.785473557E0,-2.344152117E0,8.236521869E0
1.807032004E1,-4.785876722E0,-2.344168051E0,8.236283303E0
1.808029604E1,-4.786135754E0,-2.344049937E0,8.236166359E0
1.809027304E1,-4.786385137E0,-2.343695450E0,8.236122504E0
1.810024904E1,-4.786381337E0,-2.343310557E0,8.236234186E0
1.811022504E1,-4.786231648E0,-2.343219340E0,8.236346453E0
1.812020204E1,-4.785988696E0,-2.343346079E0,8.236451703E0
1.813017804E1,-4.785500746E0,-2.343724832E0,8.236628289E0
1.814015404E1,-4.784868954E0,-2.344312769E0,8.236827679E0
1.815013104E1,-4.783982224E0,-2.344928043E0,8.237167402E0
1.816010704E1,-4.783062457E0,-2.345551502E0,8.237524082E0
1.817008304E1,-4.782062583E0,-2.345913445E0,8.238001215E0
1.818005904E1,-4.781276425E0,-2.345998522E0,8.238433324E0
1.819003604E1,-4.780373030E0,-2.345957445E0,8.238969514E0
1.820001204E1,-4.779467297E0,-2.345897219E0,8.239512135E0
1.820998804E1,-4.778518293E0,-2.345846056E0,8.240076976E0
1.821996504E1,-4.777618407E0,-2.346197035E0,8.240498561E0
1.822994104E1,-4.776919665E0,-2.346728400E0,8.240752915E0
1.823991704E1,-4.776038197E0,-2.347467635E0,8.241052877E0
1.824989404E1,-4.775187135E0,-2.348050456E0,8.241380321E0
1.825987004E1,-4.774857059E0,-2.348233912E0,8.241518900E0
1.826984604E1,-4.775311680E0,-2.348883684E0,8.241070418E0
1.827982304E1,-4.775929146E0,-2.350019506E0,8.240388633E0
1.828979904E1,-4.776075912E0,-2.351101679E0,8.239995115E0
1.829977504E1,-4.775261102E0,-2.350993944E0,8.240497976E0
1.830975204E1,-4.773617157E0,-2.349685337E0,8.241823540E0
1.831972804E1,-4.772239553E0,-2.348055280E0,8.243085954E0
1.832970404E1,-4.772288962E0,-2.346589383E0,8.243474793E0
1.833968004E1,-4.773149965E0,-2.345616991E0,8.243253184E0
1.834965704E1,-4.773266617E0,-2.345121878E0,8.243326274E0
1.835963304E1,-4.772688035E0,-2.345292324E0,8.243612788E0
1.836960904E1,-4.772540977E0,-2.346240158E0,8.243428016E0
1.837958604E1,-4.773109327E0,-2.348007771E0,8.242595957E0
1.838956204E1,-4.773787311E0,-2.349916302E0,8.241659233E0
1.839953804E1,-4.774160948E0,-2.351386439E0,8.241023641E0
1.840951504E1,-4.774386651E0,-2.352330033E0,8.240623691E0
1.841949104E1,-4.774875186E0,-2.352410286E0,8.240317297E0
1.842946704E1,-4.775584161E0,-2.351749843E0,8.240095103E0
1.843944404E1,-4.775936748E0,-2.351008708E0,8.240102119E0
1.844942004E1,-4.775689703E0,-2.350259242E0,8.240459384E0
1.845939604E1,-4.774959678E0,-2.349591051E0,8.241072757E0
1.846937204E1,-4.773798129E0,-2.348966422E0,8.241924112E0
1.847934904E1,-4.772218796E0,-2.348643656E0,8.242930418E0
1.848932504E1,-4.770621629E0,-2.348565596E0,8.243877082E0
1.849930104E1,-4.769451309E0,-2.349026502E0,8.244422627E0
1.850927804E1,-4.768511953E0,-2.349767637E0,8.244754749E0
1.851925404E1,-4.767830753E0,-2.350476904E0,8.244947122E0
1.852923004E1,-4.767694805E0,-2.351317149E0,8.244785739E0
1.853920704E1,-4.768077798E0,-2.352480599E0,8.244232593E0
1.854918304E1,-4.768687955E0,-2.353738481E0,8.243520402E0
1.855915904E1,-4.769420318E0,-2.354837319E0,8.242783068E0
1.856913604E1,-4.770406744E0,-2.355545271E0,8.242009481E0
1.857911204E1,-4.771074496E0,-2.355781498E0,8.241555737E0
1.858908804E1,-4.770970708E0,-2.355601843E0,8.241667419E0
1.859906504E1,-4.770436564E0,-2.354788787E0,8.242208871E0
1.860904104E1,-4.769652160E0,-2.353989327E0,8.242891241E0
1.861901704E1,-4.768859863E0,-2.353332977E0,8.243537359E0
1.862899467E1,-4.768265786E0,-2.352896336E0,8.244005136E0
1.863897067E1,-4.767481674E0,-2.352718581E0,8.244509166E0
1.864894667E1,-4.766217506E0,-2.352831432E0,8.245208493E0
1.865892267E1,-4.764948952E0,-2.353157268E0,8.245848178E0
1.866889967E1,-4.764148761E0,-2.353247023E0,8.246284965E0
1.867887567E1,-4.763858739E0,-2.353067513E0,8.246503651E0
1.868885167E1,-4.763736825E0,-2.352688467E0,8.246682576E0
1.869882867E1,-4.763878620E0,-2.352463934E0,8.246664450E0
1.870880467E1,-4.764468896E0,-2.352582925E0,8.246289058E0
1.871878067E1,-4.765635708E0,-2.352628533E0,8.245602595E0
1.872875767E1,-4.766940222E0,-2.352534393E0,8.244874617E0
1.873873367E1,-4.768186556E0,-2.352375349E0,8.244199848E0
1.874870967E1,-4.769183798E0,-2.352135175E0,8.243691140E0
1.875868667E1,-4.769787231E0,-2.351760660E0,8.243449066E0
1.876866267E1,-4.769924056E0,-2.351037506E0,8.243576535E0
1.877863867E1,-4.769797756E0,-2.349937791E0,8.243962451E0
1.878861567E1,-4.769524399E0,-2.348646872E0,8.244488701E0
1.879859167E1,-4.769561236E0,-2.347503741E0,8.244792756E0
1.880856767E1,-4.769666778E0,-2.346690247E0,8.244963495E0
1.881854367E1,-4.769768812E0,-2.346167652E0,8.245052957E0
1.882852067E1,-4.769858859E0,-2.346001299E0,8.245048864E0
1.883849667E1,-4.770007086E0,-2.346029220E0,8.244954724E0
1.884847267E1,-4.770186304E0,-2.346203174E0,8.244802111E0
1.885844967E1,-4.770495037E0,-2.346197912E0,8.244624941E0
1.886842567E1,-4.770590054E0,-2.346254045E0,8.244553605E0
1.887840167E1,-4.770497083E0,-2.346242058E0,8.244610907E0
1.888837867E1,-4.770358212E0,-2.345926893E0,8.244780477E0
1.889835467E1,-4.770913405E0,-2.345560565E0,8.244563545E0
1.890833067E1,-4.771966488E0,-2.345199646E0,8.244056591E0
1.891830767E1,-4.772984489E0,-2.345041917E0,8.243512800E0
1.892828367E1,-4.773304916E0,-2.345052881E0,8.243323935E0
1.893825967E1,-4.773256676E0,-2.344939591E0,8.243384162E0
1.894823667E1,-4.772919877E0,-2.344896322E0,8.243591153E0
1.895821267E1,-4.772356498E0,-2.344880388E0,8.243922105E0
1.896818867E1,-4.771728214E0,-2.344959179E0,8.244262998E0
1.897816467E1,-4.771120104E0,-2.345252271E0,8.244531970E0
1.898814167E1,-4.770600286E0,-2.345530014E0,8.244753579E0
1.899811767E1,-4.770237759E0,-2.345627224E0,8.244935428E0
1.900809367E1,-4.770353242E0,-2.345373308E0,8.244941275E0
1.901807067E1,-4.770754945E0,-2.345120855E0,8.244780477E0
1.902804667E1,-4.770916621E0,-2.344953186E0,8.244734868E0
1.903802267E1,-4.770919544E0,-2.344732161E0,8.244795679E0
1.904799967E1,-4.771132968E0,-2.344589050E0,8.244713234E0
1.905797567E1,-4.771476784E0,-2.344408956E0,8.244565299E0
1.906795167E1,-4.771720905E0,-2.344285580E0,8.244459465E0
1.907792867E1,-4.771927604E0,-2.344156795E0,8.244376434E0
1.908790467E1,-4.772042795E0,-2.344199333E0,8.244297497E0
1.909788067E1,-4.772348896E0,-2.344208397E0,8.244117402E0
1.910785767E1,-4.772914030E0,-2.344366125E0,8.243745520E0
1.911783367E1,-4.773576519E0,-2.344427229E0,8.243344401E0
1.912780967E1,-4.774162995E0,-2.344496226E0,8.242984797E0
1.913778667E1,-4.774695969E0,-2.344456465E0,8.242687758E0
1.914776267E1,-4.775033353E0,-2.344316863E0,8.242532222E0
1.915773867E1,-4.775284783E0,-2.343822627E0,8.242526960E0
1.916771467E1,-4.775635616E0,-2.343280590E0,8.242477843E0
1.917769167E1,-4.776143447E0,-2.342740453E0,8.242336925E0
1.918766767E1,-4.776559769E0,-2.342172396E0,8.242257403E0
1.919764367E1,-4.776750095E0,-2.341859132E0,8.242235768E0
1.920762067E1,-4.776829910E0,-2.341736779E0,8.242224659E0
1.921759667E1,-4.776733431E0,-2.341893192E0,8.242235768E0
1.922757267E1,-4.776634613E0,-2.342216543E0,8.242201270E0
1.923754967E1,-4.776650693E0,-2.342570007E0,8.242091342E0
1.924752567E1,-4.776571171E0,-2.342960601E0,8.242027023E0
1.925750167E1,-4.776251913E0,-2.343247407E0,8.242130519E0
1.926747867E1,-4.775963645E0,-2.343250477E0,8.242295995E0
1.927745467E1,-4.775922422E0,-2.343035299E0,8.242381364E0
1.928743067E1,-4.775750806E0,-2.342846726E0,8.242534561E0
1.929740767E1,-4.775634739E0,-2.342868215E0,8.242595372E0
1.930738367E1,-4.775675670E0,-2.342790739E0,8.242593618E0
1.931735967E1,-4.775570712E0,-2.342954607E0,8.242608236E0
1.932733667E1,-4.775370737E0,-2.343217294E0,8.242649167E0
1.933731267E1,-4.775169008E0,-2.343170516E0,8.242779559E0
1.934728867E1,-4.774849166E0,-2.343104004E0,8.242983627E0
1.935726567E1,-4.774394545E0,-2.343118914E0,8.243242659E0
1.936724167E1,-4.773606048E0,-2.343273719E0,8.243655472E0
1.937721767E1,-4.772243062E0,-2.343394464E0,8.244410348E0
1.938719367E1,-4.771746925E0,-2.343341255E0,8.244712649E0
1.939717067E1,-4.771892521E0,-2.343173293E0,8.244676396E0
1.940714667E1,-4.772233998E0,-2.343035153E0,8.244517352E0
1.941712267E1,-4.772580154E0,-2.342863245E0,8.244365909E0
1.942709967E1,-4.772781298E0,-2.342727882E0,8.244288141E0
1.943707567E1,-4.773064011E0,-2.342881371E0,8.244080565E0
1.944705167E1,-4.773233872E0,-2.342658592E0,8.244045482E0
1.945702867E1,-4.773530911E0,-2.342131319E0,8.244023847E0
1.946700467E1,-4.774072363E0,-2.341679622E0,8.243837906E0
1.947698067E1,-4.774635450E0,-2.341357002E0,8.243604017E0
1.948695767E1,-4.774950323E0,-2.340979272E0,8.243529173E0
1.949693367E1,-4.774730467E0,-2.340698752E0,8.243735579E0
1.950690967E1,-4.774574931E0,-2.340885424E0,8.243773001E0
1.951688667E1,-4.774583410E0,-2.341195619E0,8.243680031E0
1.952686267E1,-4.774537509E0,-2.341510638E0,8.243616881E0
1.953683867E1,-4.774648606E0,-2.341552591E0,8.243540867E0
1.954681567E1,-4.774444831E0,-2.341594984E0,8.243646702E0
1.955679167E1,-4.774099845E0,-2.341501282E0,8.243872989E0
1.956676767E1,-4.773850169E0,-2.341255114E0,8.244087582E0
1.957674467E1,-4.773751643E0,-2.341057917E0,8.244200433E0
1.958672067E1,-4.773756029E0,-2.341307593E0,8.244127343E0
1.959669667E1,-4.773897824E0,-2.341986893E0,8.243852524E0
1.960667267E1,-4.774074994E0,-2.343227965E0,8.243397025E0
1.961664967E1,-4.774256258E0,-2.344596359E0,8.242902936E0
1.962662567E1,-4.775133633E0,-2.345970309E0,8.242003634E0
1.963660163E1,-4.776341667E0,-2.347568499E0,8.240848809E0
1.964657863E1,-4.777347973E0,-2.349052084E0,8.239842503E0
1.965655462E1,-4.778111327E0,-2.349642799E0,8.239231469E0
1.966653062E1,-4.778331475E0,-2.349274132E0,8.239208665E0
1.967650763E1,-4.778092616E0,-2.347905591E0,8.239737253E0
1.968648363E1,-4.777989998E0,-2.345779251E0,8.240402082E0
1.969645962E1,-4.778431170E0,-2.343756553E0,8.240721924E0
1.970643662E1,-4.779090444E0,-2.342703616E0,8.240638894E0
1.971641263E1,-4.779222883E0,-2.342602605E0,8.240590947E0
1.972638863E1,-4.779633358E0,-2.343465654E0,8.240107967E0
1.973636562E1,-4.780925885E0,-2.345719317E0,8.238716329E0
1.974634162E1,-4.781980430E0,-2.348926954E0,8.237190206E0
1.975631763E1,-4.782532699E0,-2.351473124E0,8.236142970E0
1.976629463E1,-4.783192558E0,-2.352690660E0,8.235412068E0
1.977627062E1,-4.783503922E0,-2.352792109E0,8.235202737E0
1.978624663E1,-4.783972869E0,-2.351427661E0,8.235319682E0
1.979622363E1,-4.785367430E0,-2.349157772E0,8.235157129E0
1.980619963E1,-4.786711412E0,-2.347640712E0,8.234808635E0
1.981617562E1,-4.787464241E0,-2.347508858E0,8.234408686E0
1.982615163E1,-4.788208299E0,-2.348349102E0,8.233736840E0
1.983612863E1,-4.788895347E0,-2.349958841E0,8.232877885E0
1.984610462E1,-4.788790390E0,-2.351825711E0,8.232406014E0
1.985608062E1,-4.788294546E0,-2.353238106E0,8.232290824E0
1.986605763E1,-4.788212392E0,-2.353974855E0,8.232127687E0
1.987603363E1,-4.788209176E0,-2.354189886E0,8.232068045E0
1.988600962E1,-4.788206837E0,-2.353705591E0,8.232207794E0
1.989598662E1,-4.788664967E0,-2.352914608E0,8.232167448E0
1.990596263E1,-4.789329211E0,-2.352648268E0,8.231857545E0
1.991593863E1,-4.789751964E0,-2.353319967E0,8.231419004E0
1.992591562E1,-4.790159223E0,-2.354642607E0,8.230803292E0
1.993589163E1,-4.790931932E0,-2.356349117E0,8.229865984E0
1.994586763E1,-4.791675406E0,-2.357857991E0,8.229000596E0
1.995584463E1,-4.791814277E0,-2.358709784E0,8.228675491E0
1.996582062E1,-4.791351762E0,-2.358794568E0,8.228920489E0
1.997579663E1,-4.790390773E0,-2.358388187E0,8.229596427E0
1.998577363E1,-4.789083627E0,-2.358048464E0,8.230454798E0
1.999574962E1,-4.788018265E0,-2.357757419E0,8.231158218E0
2.000572562E1,-4.787329170E0,-2.357723066E0,8.231568693E0
2.001570263E1,-4.786767838E0,-2.358116584E0,8.231782116E0
2.002567863E1,-4.786229602E0,-2.358900549E0,8.231870409E0
2.003565462E1,-4.786091607E0,-2.359801313E0,8.231692654E0
2.004563162E1,-4.786117920E0,-2.360621239E0,8.231442393E0
2.005560763E1,-4.785856257E0,-2.361243090E0,8.231416081E0
2.006558363E1,-4.785507178E0,-2.361574481E0,8.231523669E0
2.007555962E1,-4.785429410E0,-2.362021793E0,8.231440639E0
2.008553663E1,-4.785635232E0,-2.362452733E0,8.231197395E0
2.009551263E1,-4.786295383E0,-2.362633996E0,8.230761777E0
2.010548863E1,-4.787008158E0,-2.362500095E0,8.230385216E0
2.011546562E1,-4.787469796E0,-2.362104677E0,8.230230265E0
2.012544163E1,-4.787763034E0,-2.361925752E0,8.230110982E0
2.013541763E1,-4.788097787E0,-2.362313861E0,8.229805173E0
2.014539462E1,-4.788360327E0,-2.363061720E0,8.229437968E0
2.015537062E1,-4.788559717E0,-2.363720263E0,8.229132743E0
2.016534663E1,-4.788588368E0,-2.363888078E0,8.229067839E0
2.017532363E1,-4.788525511E0,-2.363514295E0,8.229211096E0
2.018529962E1,-4.788698588E0,-2.362920364E0,8.229281847E0
2.019527562E1,-4.789457849E0,-2.362587365E0,8.228935107E0
2.020525263E1,-4.790567358E0,-2.362730037E0,8.228248644E0
2.021522863E1,-4.791580973E0,-2.363198984E0,8.227523589E0
2.022520462E1,-4.792313337E0,-2.364121090E0,8.226831864E0
2.023518163E1,-4.792778191E0,-2.365469604E0,8.226173467E0
2.024515763E1,-4.793109435E0,-2.366688456E0,8.225629676E0
2.025513363E1,-4.794023355E0,-2.367668011E0,8.224815159E0
2.026511062E1,-4.795450076E0,-2.368561173E0,8.223726407E0
2.027508663E1,-4.796297630E0,-2.369173084E0,8.223055732E0
2.028506263E1,-4.796286812E0,-2.368746383E0,8.223185540E0
2.029503962E1,-4.796215476E0,-2.367440262E0,8.223603031E0
2.030501562E1,-4.795785121E0,-2.366140572E0,8.224228098E0
2.031499163E1,-4.795452415E0,-2.365007820E0,8.224747916E0
2.032496763E1,-4.796050585E0,-2.363948889E0,8.224703477E0
2.033494462E1,-4.796249683E0,-2.363564435E0,8.224697630E0
2.034492062E1,-4.795504163E0,-2.363747599E0,8.225079453E0
2.035489663E1,-4.794827932E0,-2.364259522E0,8.225326790E0
2.036487363E1,-4.794814776E0,-2.365353390E0,8.225020396E0
2.037484962E1,-4.795006272E0,-2.366743127E0,8.224508765E0
2.038482562E1,-4.795215018E0,-2.367968265E0,8.224034556E0
2.039480263E1,-4.795701214E0,-2.368721971E0,8.223533449E0
2.040477863E1,-4.796106133E0,-2.369191649E0,8.223162151E0
2.041475462E1,-4.796478601E0,-2.369346161E0,8.222900780E0
2.042473163E1,-4.797257158E0,-2.369231264E0,8.222479196E0
2.043470763E1,-4.797935143E0,-2.369075874E0,8.222128363E0
2.044468363E1,-4.797772005E0,-2.369197935E0,8.222188590E0
2.045466062E1,-4.797381996E0,-2.369413404E0,8.222354066E0
2.046463663E1,-4.797205702E0,-2.369683692E0,8.222378624E0
2.047461263E1,-4.796824172E0,-2.369868464E0,8.222548193E0
2.048458962E1,-4.796228340E0,-2.369933807E0,8.222876807E0
2.049456562E1,-4.795717294E0,-2.369865394E0,8.223194895E0
2.050454163E1,-4.795707646E0,-2.369789088E0,8.223222377E0
2.051451863E1,-4.795504455E0,-2.370129981E0,8.223242843E0
2.052449462E1,-4.795266766E0,-2.370394129E0,8.223305408E0
2.053447062E1,-4.795533983E0,-2.370608137E0,8.223087891E0
2.054444763E1,-4.796091515E0,-2.371193005E0,8.222593802E0
2.055442363E1,-4.796671267E0,-2.371487119E0,8.222171048E0
2.056439962E1,-4.797353929E0,-2.371366082E0,8.221807351E0
2.057437563E1,-4.797938358E0,-2.371241829E0,8.221502126E0
2.058435263E1,-4.798097695E0,-2.371544422E0,8.221322032E0
2.059432863E1,-4.798357896E0,-2.371970246E0,8.221047213E0
2.060430562E1,-4.798594124E0,-2.372345783E0,8.220801045E0
2.061428163E1,-4.798507877E0,-2.373078293E0,8.220640247E0
2.062425763E1,-4.797955315E0,-2.373923508E0,8.220718600E0
2.063423325E1,-4.797501571E0,-2.374380176E0,8.220851916E0
2.064421025E1,-4.796960412E0,-2.374496097E0,8.221133752E0
2.065418625E1,-4.796391770E0,-2.374181955E0,8.221556506E0
2.066416225E1,-4.796110811E0,-2.373443598E0,8.221933066E0
2.067413925E1,-4.796600808E0,-2.372906823E0,8.221802673E0
2.068411525E1,-4.797213304E0,-2.373171995E0,8.221368225E0
2.069409125E1,-4.796896092E0,-2.373615360E0,8.221425528E0
2.070406825E1,-4.796320142E0,-2.373382641E0,8.221828986E0
2.071404425E1,-4.795908498E0,-2.373218334E0,8.222116084E0
2.072402025E1,-4.795315298E0,-2.373238214E0,8.222456392E0
2.073399725E1,-4.795418793E0,-2.372934744E0,8.222483874E0
2.074397325E1,-4.795901773E0,-2.372404401E0,8.222355235E0
2.075394925E1,-4.795743314E0,-2.372136014E0,8.222525389E0
2.076392625E1,-4.795124094E0,-2.371993635E0,8.222927093E0
2.077390225E1,-4.795618183E0,-2.372199603E0,8.222579768E0
2.078387825E1,-4.796865394E0,-2.372850398E0,8.221664094E0
2.079385525E1,-4.797573200E0,-2.373700437E0,8.221006283E0
2.080383125E1,-4.797515020E0,-2.374227709E0,8.220888169E0
2.081380725E1,-4.797374102E0,-2.374153596E0,8.220991665E0
2.082378425E1,-4.797292826E0,-2.373415824E0,8.221251866E0
2.083376025E1,-4.797395152E0,-2.372084559E0,8.221576386E0
2.084373625E1,-4.797637812E0,-2.370210672E0,8.221975166E0
2.085371325E1,-4.797507126E0,-2.368914198E0,8.222424817E0
2.086368925E1,-4.796773301E0,-2.368551233E0,8.222957498E0
2.087366525E1,-4.796456674E0,-2.368970186E0,8.223021233E0
2.088364225E1,-4.796990817E0,-2.369761460E0,8.222482120E0
2.089361825E1,-4.797645121E0,-2.370752124E0,8.221814368E0
2.090359425E1,-4.797873747E0,-2.371586815E0,8.221440731E0
2.091357125E1,-4.797777560E0,-2.372214367E0,8.221315600E0
2.092354725E1,-4.797802703E0,-2.372578356E0,8.221196317E0
2.093352325E1,-4.797815275E0,-2.372790610E0,8.221126735E0
2.094349925E1,-4.797836032E0,-2.372800989E0,8.221112117E0
2.095347625E1,-4.797847434E0,-2.372891182E0,8.221079373E0
2.096345225E1,-4.797986598E0,-2.373215118E0,8.220905126E0
2.097342825E1,-4.798064074E0,-2.373891641E0,8.220664220E0
2.098340525E1,-4.798231304E0,-2.374528987E0,8.220382969E0
2.099338125E1,-4.798104712E0,-2.375007289E0,8.220318650E0
2.100335725E1,-4.797809720E0,-2.375237231E0,8.220423900E0
2.101333425E1,-4.797242247E0,-2.375491147E0,8.220681762E0
2.102331025E1,-4.796680622E0,-2.375804850E0,8.220919159E0
2.103328625E1,-4.796186240E0,-2.376049410E0,8.221136675E0
2.104326325E1,-4.795855580E0,-2.375955854E0,8.221356531E0
2.105323925E1,-4.795999422E0,-2.374937269E0,8.221567031E0
2.106321525E1,-4.796590868E0,-2.374252706E0,8.221419681E0
2.107319225E1,-4.796191795E0,-2.374011655E0,8.221721982E0
2.108316825E1,-4.795701214E0,-2.373397112E0,8.222185666E0
2.109314425E1,-4.795551525E0,-2.373226228E0,8.222322491E0
2.110312125E1,-4.795286061E0,-2.373474734E0,8.222404937E0
2.111309725E1,-4.795009196E0,-2.373562004E0,8.222541761E0
2.112307325E1,-4.794496687E0,-2.373350042E0,8.222901950E0
2.113305025E1,-4.793890623E0,-2.373113523E0,8.223323534E0
2.114302625E1,-4.793687725E0,-2.372641360E0,8.223577888E0
2.115300225E1,-4.793693865E0,-2.372066871E0,8.223739856E0
2.116297925E1,-4.793700881E0,-2.371880783E0,8.223789557E0
2.117295525E1,-4.793567565E0,-2.372175483E0,8.223782541E0
2.118293125E1,-4.793878344E0,-2.372702025E0,8.223449249E0
2.119290825E1,-4.794646376E0,-2.373306773E0,8.222827106E0
2.120288425E1,-4.795329623E0,-2.374143656E0,8.222186835E0
2.121286025E1,-4.795532814E0,-2.374792551E0,8.221881026E0
2.122283725E1,-4.795314128E0,-2.374911395E0,8.221973997E0
2.123281325E1,-4.794396700E0,-2.374518608E0,8.222622453E0
2.124278925E1,-4.793312041E0,-2.373418309E0,8.223572626E0
2.125276625E1,-4.792751586E0,-2.372127243E0,8.224271953E0
2.126274225E1,-4.792692821E0,-2.371428209E0,8.224507595E0
2.127271825E1,-4.792466242E0,-2.371552901E0,8.224604074E0
2.128269525E1,-4.792199901E0,-2.372412295E0,8.224511104E0
2.129267125E1,-4.792277377E0,-2.373810803E0,8.224062622E0
2.130264725E1,-4.792658615E0,-2.375597858E0,8.223324119E0
2.131262425E1,-4.792950976E0,-2.377074280E0,8.222727118E0
2.132260025E1,-4.792770005E0,-2.377723760E0,8.222644672E0
2.133257625E1,-4.792210718E0,-2.377683122E0,8.222982057E0
2.134255225E1,-4.791498820E0,-2.377249551E0,8.223522924E0
2.135252925E1,-4.791042737E0,-2.376726517E0,8.223939246E0
2.136250525E1,-4.790763240E0,-2.376272042E0,8.224233946E0
2.137248125E1,-4.790243130E0,-2.376241491E0,8.224545602E0
2.138245825E1,-4.789463696E0,-2.376610450E0,8.224892342E0
2.139243425E1,-4.789104677E0,-2.377270747E0,8.224911053E0
2.140241025E1,-4.788901779E0,-2.377790126E0,8.224878893E0
2.141238725E1,-4.788523464E0,-2.378070353E0,8.225018057E0
2.142236325E1,-4.787884656E0,-2.378022552E0,8.225403973E0
2.143233925E1,-4.787209887E0,-2.377887774E0,8.225835498E0
2.144231625E1,-4.786565816E0,-2.377913502E0,8.226202703E0
2.145229225E1,-4.785958875E0,-2.377983961E0,8.226535994E0
2.146226825E1,-4.785857426E0,-2.377904146E0,8.226618440E0
2.147224525E1,-4.786223462E0,-2.378574676E0,8.226210889E0
2.148222125E1,-4.786291874E0,-2.380040134E0,8.225747205E0
2.149219725E1,-4.786232817E0,-2.381233259E0,8.225436133E0
2.150217425E1,-4.785470925E0,-2.382026580E0,8.225650141E0
2.151215025E1,-4.784757273E0,-2.382690531E0,8.225872920E0
2.152212625E1,-4.783889253E0,-2.383098228E0,8.226259421E0
2.153210325E1,-4.782948436E0,-2.383701661E0,8.226631889E0
2.154207925E1,-4.782606374E0,-2.383852080E0,8.226786840E0
2.155205525E1,-4.782429204E0,-2.383783229E0,8.226909631E0
2.156203225E1,-4.782258465E0,-2.383573314E0,8.227069845E0
2.157200825E1,-4.782032178E0,-2.383313844E0,8.227276837E0
2.158198425E1,-4.781844190E0,-2.383218681E0,8.227413661E0
2.159196125E1,-4.781586035E0,-2.383277737E0,8.227546393E0
2.160193725E1,-4.781479324E0,-2.383288701E0,8.227605450E0
2.161191325E1,-4.781821678E0,-2.383364861E0,8.227384425E0
2.162189025E1,-4.782493523E0,-2.383668770E0,8.226905538E0
2.163186629E1,-4.782711332E0,-2.384065504E0,8.226664633E0
2.164184229E1,-4.782773897E0,-2.384415606E0,8.226526054E0
2.165181929E1,-4.782606959E0,-2.384480217E0,8.226604407E0
2.166179529E1,-4.782277176E0,-2.384215485E0,8.226873379E0
2.167177129E1,-4.782165494E0,-2.383485167E0,8.227149952E0
2.168174829E1,-4.782297349E0,-2.382737893E0,8.227289701E0
2.169172429E1,-4.782533869E0,-2.382231963E0,8.227298471E0
2.170170029E1,-4.782457563E0,-2.382114580E0,8.227376824E0
2.171167729E1,-4.782033640E0,-2.382425944E0,8.227532945E0
2.172165329E1,-4.781636321E0,-2.383071916E0,8.227576799E0
2.173162929E1,-4.781405356E0,-2.383743907E0,8.227516572E0
2.174160629E1,-4.781198657E0,-2.384381984E0,8.227451668E0
2.175158229E1,-4.780820635E0,-2.384449081E0,8.227651643E0
2.176155829E1,-4.780568035E0,-2.384327897E0,8.227834076E0
2.177153529E1,-4.780933778E0,-2.384043430E0,8.227703683E0
2.178151129E1,-4.781476400E0,-2.384039045E0,8.227389688E0
2.179148729E1,-4.781717013E0,-2.383959961E0,8.227272744E0
2.180146429E1,-4.781442194E0,-2.383591879E0,8.227539377E0
2.181144029E1,-4.780888462E0,-2.382936845E0,8.228050423E0
2.182141629E1,-4.780615690E0,-2.382199365E0,8.228422891E0
2.183139329E1,-4.780863904E0,-2.381438057E0,8.228498905E0
2.184136929E1,-4.781316479E0,-2.380899236E0,8.228391901E0
2.185134529E1,-4.781468214E0,-2.380951277E0,8.228288990E0
2.186132229E1,-4.781261222E0,-2.381794884E0,8.228164444E0
2.187129829E1,-4.781156557E0,-2.383074254E0,8.227855126E0
2.188127429E1,-4.781462951E0,-2.384201451E0,8.227350512E0
2.189125029E1,-4.781939499E0,-2.384788950E0,8.226903200E0
2.190122729E1,-4.782126610E0,-2.384661481E0,8.226831279E0
2.191120329E1,-4.782141521E0,-2.383916546E0,8.227038855E0
2.192117929E1,-4.782046503E0,-2.382860977E0,8.227399628E0
2.193115629E1,-4.781883951E0,-2.381586577E0,8.227863312E0
2.194113229E1,-4.781663803E0,-2.380554982E0,8.228289574E0
2.195110829E1,-4.781427576E0,-2.380159417E0,8.228541589E0
2.196108529E1,-4.781359163E0,-2.380611407E0,8.228450373E0
2.197106129E1,-4.781510021E0,-2.381704983E0,8.228046330E0
2.198103729E1,-4.781645092E0,-2.383079078E0,8.227569782E0
2.199101429E1,-4.781610009E0,-2.384244721E0,8.227252278E0
2.200099029E1,-4.781263269E0,-2.384976792E0,8.227241753E0
2.201096629E1,-4.780657205E0,-2.385053537E0,8.227571536E0
2.202094329E1,-4.780097042E0,-2.384680777E0,8.228005400E0
2.203091929E1,-4.779996177E0,-2.384085823E0,8.228236365E0
2.204089529E1,-4.780165747E0,-2.383854127E0,8.228204790E0
2.205087229E1,-4.780443782E0,-2.384227910E0,8.227935233E0
2.206084829E1,-4.780505470E0,-2.385187730E0,8.227621238E0
2.207082429E1,-4.780399635E0,-2.386772911E0,8.227223042E0
2.208080129E1,-4.779722820E0,-2.388404430E0,8.227142351E0
2.209077729E1,-4.778785219E0,-2.389566710E0,8.227349342E0
2.210075329E1,-4.778053440E0,-2.390497295E0,8.227504293E0
2.211073029E1,-4.777881239E0,-2.391264742E0,8.227381502E0
2.212070629E1,-4.778096125E0,-2.391801224E0,8.227100835E0
2.213068229E1,-4.778655118E0,-2.391784998E0,8.226780993E0
2.214065929E1,-4.779300943E0,-2.391253778E0,8.226559968E0
2.215063529E1,-4.779940044E0,-2.390398184E0,8.226437176E0
2.216061129E1,-4.780808940E0,-2.389577528E0,8.226171128E0
2.217058829E1,-4.781937160E0,-2.389112089E0,8.225650141E0
2.218056429E1,-4.782965686E0,-2.389042215E0,8.225072436E0
2.219054029E1,-4.783630222E0,-2.389256223E0,8.224623955E0
2.220051729E1,-4.784030756E0,-2.389761569E0,8.224243886E0
2.221049329E1,-4.784358785E0,-2.390555474E0,8.223822302E0
2.222046929E1,-4.784650269E0,-2.391431680E0,8.223398378E0
2.223044629E1,-4.784949938E0,-2.392025903E0,8.223051054E0
2.224042229E1,-4.785063667E0,-2.392263154E0,8.222915983E0
2.225039829E1,-4.785064544E0,-2.392093731E0,8.222964515E0
2.226037529E1,-4.785163946E0,-2.391647588E0,8.223036436E0
2.227035129E1,-4.785398420E0,-2.390939344E0,8.223106018E0
2.228032729E1,-4.785353981E0,-2.390184907E0,8.223351601E0
2.229030429E1,-4.785148451E0,-2.389667867E0,8.223621157E0
2.230028029E1,-4.784910470E0,-2.389590684E0,8.223781956E0
2.231025629E1,-4.784525723E0,-2.389972799E0,8.223894807E0
2.232023329E1,-4.784115248E0,-2.390482677E0,8.223985439E0
2.233020929E1,-4.783563856E0,-2.390931012E0,8.224175473E0
2.234018529E1,-4.783019188E0,-2.391085086E0,8.224447369E0
2.235016229E1,-4.782746123E0,-2.391073392E0,8.224609922E0
2.236013829E1,-4.782649644E0,-2.390698293E0,8.224774813E0
2.237011429E1,-4.782783253E0,-2.390149970E0,8.224856674E0
2.238009129E1,-4.782948729E0,-2.389799137E0,8.224862521E0
2.239006729E1,-4.783270326E0,-2.389671814E0,8.224712248E0
2.240004329E1,-4.783749213E0,-2.389784081E0,8.224401176E0
2.241002029E1,-4.784317562E0,-2.390022208E0,8.224001226E0
2.241999629E1,-4.784693830E0,-2.390169558E0,8.223739271E0
2.242997229E1,-4.784722482E0,-2.390193824E0,8.223716467E0
2.243994929E1,-4.784505258E0,-2.389999697E0,8.223898900E0
2.244992529E1,-4.784143900E0,-2.389724000E0,8.224188922E0
2.245990129E1,-4.783833120E0,-2.389368197E0,8.224473097E0
2.246987829E1,-4.783546314E0,-2.389171731E0,8.224697045E0
2.247985429E1,-4.783334937E0,-2.388823822E0,8.224921578E0
2.248983029E1,-4.783274711E0,-2.388454424E0,8.225063666E0
2.249980729E1,-4.783440187E0,-2.388200655E0,8.225040861E0
2.250978329E1,-4.783736933E0,-2.387964573E0,8.224936781E0
2.251975929E1,-4.784066132E0,-2.387833596E0,8.224783584E0
2.252973629E1,-4.784640621E0,-2.387713874E0,8.224484206E0
2.253971229E1,-4.785173302E0,-2.387745887E0,8.224164948E0
2.254968829E1,-4.785601611E0,-2.388288509E0,8.223757982E0
2.255966529E1,-4.785829067E0,-2.389407666E0,8.223300145E0
2.256964129E1,-4.785189967E0,-2.390533986E0,8.223345169E0
2.257961729E1,-4.785133541E0,-2.390615408E0,8.223354524E0
2.258959429E1,-4.785254286E0,-2.390568777E0,8.223297806E0
2.259957029E1,-4.785460400E0,-2.390446716E0,8.223213022E0
2.260954629E1,-4.785711246E0,-2.390459142E0,8.223063333E0
2.261952329E1,-4.785854503E0,-2.390615993E0,8.222934694E0
2.262949929E1,-4.785844270E0,-2.390822838E0,8.222880315E0
2.263947704E1,-4.785896310E0,-2.391224396E0,8.222732965E0
2.264945404E1,-4.785879938E0,-2.391744360E0,8.222591463E0
2.265943004E1,-4.785728787E0,-2.392372497E0,8.222496738E0
2.266940604E1,-4.785531736E0,-2.393035863E0,8.222418385E0
2.267938304E1,-4.785330592E0,-2.393815443E0,8.222308457E0
2.268935904E1,-4.785307203E0,-2.394245360E0,8.222197360E0
2.269933504E1,-4.785272412E0,-2.394424869E0,8.222164616E0
2.270931204E1,-4.785162485E0,-2.394417560E0,8.222231274E0
2.271928804E1,-4.785358659E0,-2.394444750E0,8.222109067E0
2.272926404E1,-4.785212186E0,-2.394464484E0,8.222188590E0
2.273924104E1,-4.784351183E0,-2.393844241E0,8.222870375E0
2.274921704E1,-4.783549823E0,-2.393048581E0,8.223567948E0
2.275919304E1,-4.782889087E0,-2.392696871E0,8.224054436E0
2.276917004E1,-4.782381257E0,-2.392562239E0,8.224389482E0
2.277914604E1,-4.782123687E0,-2.392195911E0,8.224645590E0
2.278912204E1,-4.781867579E0,-2.391946235E0,8.224867199E0
2.279909904E1,-4.781160358E0,-2.392027950E0,8.225254285E0
2.280907504E1,-4.780701936E0,-2.392412112E0,8.225409236E0
2.281905104E1,-4.781009207E0,-2.392789257E0,8.225120968E0
2.282902704E1,-4.781562354E0,-2.393200462E0,8.224679503E0
2.283900404E1,-4.781968735E0,-2.393315945E0,8.224409362E0
2.284898004E1,-4.782408154E0,-2.393229114E0,8.224179567E0
2.285895704E1,-4.783049593E0,-2.392965112E0,8.223883697E0
2.286893304E1,-4.783638993E0,-2.392457281E0,8.223688400E0
2.287890904E1,-4.784303529E0,-2.391616306E0,8.223546313E0
2.288888604E1,-4.785009288E0,-2.390854267E0,8.223357448E0
2.289886204E1,-4.785446075E0,-2.390386928E0,8.223238750E0
2.290883804E1,-4.785620322E0,-2.390655900E0,8.223059240E0
2.291881404E1,-4.785636109E0,-2.390811144E0,8.223004861E0
2.292879104E1,-4.785685226E0,-2.390783808E0,8.222983811E0
2.293876704E1,-4.785438766E0,-2.390608392E0,8.223178523E0
2.294874304E1,-4.785132664E0,-2.390151139E0,8.223489595E0
2.295872004E1,-4.784913686E0,-2.389530750E0,8.223797159E0
2.296869604E1,-4.784384220E0,-2.388811104E0,8.224314637E0
2.297867204E1,-4.783774063E0,-2.387948055E0,8.224919824E0
2.298864904E1,-4.783250445E0,-2.387212475E0,8.225437887E0
2.299862504E1,-4.782828276E0,-2.386692804E0,8.225834329E0
2.300860204E1,-4.782599942E0,-2.386297532E0,8.226082250E0
2.301857804E1,-4.782507264E0,-2.386006048E0,8.226220245E0
2.302855404E1,-4.782461363E0,-2.386089225E0,8.226223168E0
2.303853004E1,-4.782641165E0,-2.386305572E0,8.226055938E0
2.304850704E1,-4.783160690E0,-2.386496191E0,8.225698673E0
2.305848304E1,-4.784068178E0,-2.386606265E0,8.225138510E0
2.306845904E1,-4.785058112E0,-2.386578052E0,8.224570745E0
2.307843604E1,-4.785994251E0,-2.386247246E0,8.224121679E0
2.308841204E1,-4.787000849E0,-2.385598790E0,8.223724653E0
2.309838804E1,-4.788043700E0,-2.385003251E0,8.223290205E0
2.310836504E1,-4.788991241E0,-2.384206714E0,8.222969193E0
2.311834104E1,-4.789749333E0,-2.383119716E0,8.222842308E0
2.312831704E1,-4.790342825E0,-2.382261199E0,8.222745829E0
2.313829404E1,-4.790805925E0,-2.381540530E0,8.222685018E0
2.314827004E1,-4.791133369E0,-2.381374323E0,8.222541761E0
2.315824604E1,-4.791463152E0,-2.381327691E0,8.222363421E0
2.316822304E1,-4.791998464E0,-2.381446974E0,8.222016681E0
2.317819904E1,-4.792610083E0,-2.381498284E0,8.221645383E0
2.318817504E1,-4.793210592E0,-2.381478403E0,8.221301567E0
2.319815204E1,-4.793509970E0,-2.381494337E0,8.221122057E0
2.320812804E1,-4.793571365E0,-2.381661275E0,8.221037858E0
2.321810404E1,-4.793926291E0,-2.381863588E0,8.220772394E0
2.322808104E1,-4.795458847E0,-2.381880545E0,8.219873677E0
2.323805704E1,-4.798284806E0,-2.382825455E0,8.217950528E0
2.324803304E1,-4.800214972E0,-2.383119716E0,8.216737230E0
2.325801004E1,-4.800570775E0,-2.383462363E0,8.216430836E0
2.326798604E1,-4.800070253E0,-2.383914792E0,8.216591635E0
2.327796204E1,-4.799333504E0,-2.384369559E0,8.216889843E0
2.328793904E1,-4.798530389E0,-2.384628737E0,8.217283945E0
2.329791504E1,-4.798033083E0,-2.384863941E0,8.217505555E0
2.330789104E1,-4.797534901E0,-2.385007198E0,8.217755231E0
2.331786804E1,-4.797010405E0,-2.384957643E0,8.218075658E0
2.332784404E1,-4.796661034E0,-2.384691887E0,8.218356909E0
2.333782004E1,-4.796411650E0,-2.384622012E0,8.218522970E0
2.334779704E1,-4.796253483E0,-2.384685308E0,8.218596645E0
2.335777304E1,-4.796178931E0,-2.385079411E0,8.218525894E0
2.336774904E1,-4.796063741E0,-2.385799934E0,8.218383806E0
2.337772604E1,-4.796093270E0,-2.386454676E0,8.218176815E0
2.338770204E1,-4.796190918E0,-2.387053431E0,8.217945265E0
2.339767804E1,-4.796298799E0,-2.387380729E0,8.217787390E0
2.340765504E1,-4.796145895E0,-2.387149179E0,8.217944096E0
2.341763104E1,-4.795715247E0,-2.386745136E0,8.218312470E0
2.342760704E1,-4.795185782E0,-2.386373400E0,8.218729377E0
2.343758404E1,-4.794741686E0,-2.386193013E0,8.219041033E0
2.344756004E1,-4.794527678E0,-2.386162608E0,8.219174935E0
2.345753704E1,-4.794553990E0,-2.386096680E0,8.219178443E0
2.346751304E1,-4.794545512E0,-2.386238621E0,8.219142190E0
2.347748904E1,-4.794235902E0,-2.386631700E0,8.219208264E0
2.348746504E1,-4.793728071E0,-2.387076966E0,8.219375494E0
2.349744204E1,-4.793122592E0,-2.387700279E0,8.219547402E0
2.350741804E1,-4.792479398E0,-2.388321107E0,8.219742115E0
2.351739404E1,-4.791919527E0,-2.388505733E0,8.220015180E0
2.352737104E1,-4.791547059E0,-2.388457055E0,8.220246145E0
2.353734704E1,-4.790980172E0,-2.388554996E0,8.220547861E0
2.354732404E1,-4.790335224E0,-2.388646505E0,8.220897524E0
2.355730004E1,-4.789443816E0,-2.388535700E0,8.221449502E0
2.356727604E1,-4.788651226E0,-2.388293187E0,8.221981598E0
2.357725304E1,-4.787901028E0,-2.388025092E0,8.222496153E0
2.358722904E1,-4.786992078E0,-2.387628358E0,8.223140516E0
2.359720504E1,-4.786268778E0,-2.387463467E0,8.223609463E0
2.360718104E1,-4.785806263E0,-2.387319771E0,8.223919950E0
2.361715804E1,-4.785473849E0,-2.387158388E0,8.224160271E0
2.362713404E1,-4.785428533E0,-2.386917483E0,8.224256750E0
2.363710913E1,-4.785511271E0,-2.386491952E0,8.224332179E0
2.364708513E1,-4.785714169E0,-2.386298555E0,8.224270198E0
2.365706112E1,-4.785892217E0,-2.385871855E0,8.224290079E0
2.366703812E1,-4.786186040E0,-2.385887204E0,8.224114662E0
2.367701413E1,-4.786388938E0,-2.385987337E0,8.223967897E0
2.368699013E1,-4.786535119E0,-2.385936174E0,8.223897146E0
2.369696712E1,-4.786586282E0,-2.385789555E0,8.223910010E0
2.370694312E1,-4.786640368E0,-2.385511520E0,8.223959126E0
2.371691913E1,-4.786609378E0,-2.385154986E0,8.224080749E0
2.372689613E1,-4.786653232E0,-2.384947848E0,8.224115832E0
2.373687212E1,-4.786695040E0,-2.384814970E0,8.224129865E0
2.374684813E1,-4.786823679E0,-2.385006905E0,8.223999472E0
2.375682513E1,-4.786845021E0,-2.385405685E0,8.223870834E0
2.376680112E1,-4.786820755E0,-2.385955031E0,8.223725823E0
2.377677712E1,-4.786790349E0,-2.386326914E0,8.223635775E0
2.378675413E1,-4.786676621E0,-2.386490782E0,8.223653902E0
2.379673013E1,-4.786289243E0,-2.386435380E0,8.223895977E0
2.380670612E1,-4.785648681E0,-2.386323844E0,8.224300604E0
2.381668312E1,-4.784847027E0,-2.386370184E0,8.224753763E0
2.382665913E1,-4.784090105E0,-2.386826851E0,8.225061911E0
2.383663513E1,-4.783362712E0,-2.387566524E0,8.225270072E0
2.384661212E1,-4.782831784E0,-2.388484391E0,8.225312172E0
2.385658812E1,-4.782680634E0,-2.389411321E0,8.225130908E0
2.386656413E1,-4.782465456E0,-2.390062554E0,8.225067174E0
2.387654113E1,-4.782095035E0,-2.390485600E0,8.225159560E0
2.388651712E1,-4.781831911E0,-2.390630904E0,8.225270657E0
2.389649313E1,-4.781781625E0,-2.390484285E0,8.225341993E0
2.390647013E1,-4.781976922E0,-2.390305214E0,8.225280597E0
2.391644613E1,-4.782259050E0,-2.390158156E0,8.225159560E0
2.392642212E1,-4.782416047E0,-2.390027909E0,8.225105765E0
2.393639913E1,-4.782491477E0,-2.389850593E0,8.225113952E0
2.394637513E1,-4.782380672E0,-2.389593315E0,8.225252531E0
2.395635112E1,-4.782236830E0,-2.389306802E0,8.225419176E0
2.396632812E1,-4.781977799E0,-2.389178163E0,8.225607457E0
2.397630413E1,-4.781584866E0,-2.389107704E0,8.225856548E0
2.398628013E1,-4.781167667E0,-2.389069843E0,8.226109732E0
2.399625712E1,-4.780629723E0,-2.389104926E0,8.226412033E0
2.400623312E1,-4.780056111E0,-2.389253738E0,8.226702640E0
2.401620913E1,-4.779590380E0,-2.389342908E0,8.226947054E0
2.402618613E1,-4.779204464E0,-2.389405912E0,8.227152876E0
2.403616212E1,-4.778741365E0,-2.389483095E0,8.227399628E0
2.404613813E1,-4.778183833E0,-2.389381354E0,8.227752800E0
2.405611513E1,-4.777715763E0,-2.389194389E0,8.228079075E0
2.406609113E1,-4.777330432E0,-2.388933749E0,8.228378452E0
2.407606712E1,-4.777057951E0,-2.388589933E0,8.228636314E0
2.408604413E1,-4.776910017E0,-2.388255618E0,8.228819332E0
2.409602013E1,-4.776954748E0,-2.387806698E0,8.228923997E0
2.410599612E1,-4.777004742E0,-2.387541089E0,8.228971944E0
2.411597312E1,-4.776943346E0,-2.387490072E0,8.229021646E0
2.412594913E1,-4.777005034E0,-2.387425314E0,8.229004689E0
2.413592513E1,-4.777107068E0,-2.387258083E0,8.228994164E0
2.414590212E1,-4.777300318E0,-2.387041883E0,8.228945047E0
2.415587812E1,-4.777433343E0,-2.386783874E0,8.228942708E0
2.416585413E1,-4.777535377E0,-2.386463885E0,8.228976622E0
2.417583113E1,-4.777383057E0,-2.386014527E0,8.229194723E0
2.418580712E1,-4.776991585E0,-2.385750817E0,8.229498194E0
2.419578313E1,-4.776629935E0,-2.385744532E0,8.229709863E0
2.420576013E1,-4.776212444E0,-2.385874047E0,8.229914516E0
2.421573613E1,-4.775735019E0,-2.385940852E0,8.230172378E0
2.422571212E1,-4.774963771E0,-2.385736930E0,8.230679331E0
2.423568913E1,-4.774376126E0,-2.385663840E0,8.231041274E0
2.424566513E1,-4.773871804E0,-2.385722605E0,8.231316678E0
2.425564112E1,-4.773299069E0,-2.386269173E0,8.231490340E0
2.426561812E1,-4.772928648E0,-2.386685495E0,8.231584480E0
2.427559413E1,-4.772530160E0,-2.386748499E0,8.231797319E0
2.428557013E1,-4.772351235E0,-2.386911051E0,8.231854037E0
2.429554712E1,-4.772141612E0,-2.386845270E0,8.231994370E0
2.430552312E1,-4.772053904E0,-2.386731542E0,8.232077985E0
2.431549913E1,-4.772014728E0,-2.386639594E0,8.232127687E0
2.432547613E1,-4.772022329E0,-2.386717654E0,8.232100790E0
2.433545212E1,-4.772219380E0,-2.386810187E0,8.231959872E0
2.434542813E1,-4.772649443E0,-2.386850094E0,8.231698501E0
2.435540513E1,-4.773306963E0,-2.386613866E0,8.231386260E0
2.436538113E1,-4.773787311E0,-2.386078700E0,8.231262299E0
2.437535712E1,-4.774297481E0,-2.385381712E0,8.231168743E0
2.438533413E1,-4.774857059E0,-2.384855316E0,8.230996835E0
2.439531013E1,-4.775199999E0,-2.384314010E0,8.230954151E0
2.440528612E1,-4.775518964E0,-2.383587932E0,8.230979878E0
2.441526312E1,-4.775649065E0,-2.383039902E0,8.231062909E0
2.442523913E1,-4.775696427E0,-2.382513214E0,8.231188039E0
2.443521513E1,-4.775527150E0,-2.381902765E0,8.231462858E0
2.444519212E1,-4.775197952E0,-2.381262495E0,8.231838834E0
2.445516812E1,-4.774831624E0,-2.380965602E0,8.232137042E0
2.446514413E1,-4.774512074E0,-2.381051118E0,8.232297841E0
2.447512113E1,-4.774493655E0,-2.381601341E0,8.232149321E0
2.448509712E1,-4.774741869E0,-2.382269093E0,8.231812522E0
2.449507312E1,-4.774888927E0,-2.383039025E0,8.231504374E0
2.450505013E1,-4.774903252E0,-2.383725342E0,8.231297382E0
2.451502613E1,-4.774995638E0,-2.384146488E0,8.231121381E0
2.452500212E1,-4.775177779E0,-2.384295299E0,8.230972862E0
2.453497913E1,-4.775524811E0,-2.384133185E0,8.230818495E0
2.454495513E1,-4.775720693E0,-2.383876785E0,8.230779319E0
2.455493112E1,-4.775559018E0,-2.383503879E0,8.230981048E0
2.456490812E1,-4.775053526E0,-2.383407400E0,8.231302060E0
2.457488413E1,-4.774497163E0,-2.383561474E0,8.231579803E0
2.458486113E1,-4.774116217E0,-2.383746099E0,8.231747033E0
2.459483712E1,-4.773533542E0,-2.383856904E0,8.232053427E0
2.460481312E1,-4.772945897E0,-2.383938619E0,8.232370346E0
2.461479013E1,-4.772537761E0,-2.383965809E0,8.232598972E0
2.462476613E1,-4.772362930E0,-2.383714378E0,8.232773219E0
2.463474288E1,-4.772196576E0,-2.383397167E0,8.232962084E0
2.464471987E1,-4.772423156E0,-2.382622849E0,8.233054470E0
2.465469588E1,-4.772534253E0,-2.382258422E0,8.233095401E0
2.466467188E1,-4.772722826E0,-2.382404456E0,8.232943958E0
2.467464887E1,-4.772769019E0,-2.382662318E0,8.232842801E0
2.468462487E1,-4.772742999E0,-2.382835980E0,8.232807133E0
2.469460088E1,-4.772988874E0,-2.382829987E0,8.232666800E0
2.470457788E1,-4.773139440E0,-2.382456350E0,8.232687265E0
2.471455387E1,-4.773102018E0,-2.381728810E0,8.232919400E0
2.472452987E1,-4.772934203E0,-2.381024659E0,8.233220531E0
2.473450688E1,-4.772916953E0,-2.380648537E0,8.233339230E0
2.474448288E1,-4.773085061E0,-2.380482038E0,8.233290113E0
2.475445887E1,-4.773263401E0,-2.380633773E0,8.233142763E0
2.476443587E1,-4.773598739E0,-2.381114852E0,8.232809472E0
2.477441188E1,-4.774290464E0,-2.381523719E0,8.232289655E0
2.478438788E1,-4.774849750E0,-2.381845023E0,8.231872163E0
2.479436487E1,-4.775320159E0,-2.382024094E0,8.231547643E0
2.480434088E1,-4.775682979E0,-2.381838592E0,8.231390938E0
2.481431688E1,-4.775929146E0,-2.381266003E0,8.231413742E0
2.482429388E1,-4.776030303E0,-2.380419034E0,8.231600268E0
2.483426987E1,-4.775925638E0,-2.379508184E0,8.231924204E0
2.484424588E1,-4.775805770E0,-2.378787222E0,8.232201946E0
2.485422288E1,-4.775465170E0,-2.378512695E0,8.232479104E0
2.486419887E1,-4.774987160E0,-2.378544563E0,8.232746907E0
2.487417487E1,-4.774567915E0,-2.378833561E0,8.232906536E0
2.488415188E1,-4.774170012E0,-2.379134839E0,8.233050377E0
2.489412788E1,-4.773699895E0,-2.379239358E0,8.233293037E0
2.490410387E1,-4.773295560E0,-2.379146826E0,8.233553823E0
2.491408087E1,-4.772789192E0,-2.378748046E0,8.233962543E0
2.492405688E1,-4.772255048E0,-2.378309505E0,8.234399330E0
2.493403288E1,-4.771879365E0,-2.377913940E0,8.234730867E0
2.494400987E1,-4.771781424E0,-2.377767760E0,8.234829685E0
2.495398588E1,-4.772059459E0,-2.377855030E0,8.234643744E0
2.496396188E1,-4.772530452E0,-2.378250301E0,8.234256658E0
2.497393888E1,-4.773119267E0,-2.378880778E0,8.233732747E0
2.498391487E1,-4.774021200E0,-2.379404542E0,8.233058563E0
2.499389088E1,-4.774912023E0,-2.379917635E0,8.232393735E0
2.500386788E1,-4.775759870E0,-2.380152547E0,8.231833572E0
2.501384387E1,-4.776499835E0,-2.379975230E0,8.231456426E0
2.502382087E1,-4.777074908E0,-2.379549114E0,8.231245342E0
2.503379688E1,-4.777302950E0,-2.379066427E0,8.231252359E0
2.504377288E1,-4.777203547E0,-2.378363591E0,8.231513144E0
2.505374987E1,-4.777029300E0,-2.377810299E0,8.231774515E0
2.506372587E1,-4.776687530E0,-2.377483878E0,8.232067460E0
2.507370188E1,-4.776464751E0,-2.377669088E0,8.232142889E0
2.508367888E1,-4.776895691E0,-2.378295764E0,8.231711950E0
2.509365487E1,-4.776819385E0,-2.379419745E0,8.231430699E0
2.510363088E1,-4.776094330E0,-2.380071709E0,8.231663418E0
2.511360788E1,-4.775593224E0,-2.380069078E0,8.231955194E0
2.512358388E1,-4.775276012E0,-2.380154301E0,8.232114238E0
2.513355987E1,-4.774976343E0,-2.380134128E0,8.232294332E0
2.514353688E1,-4.775102642E0,-2.379722046E0,8.232339941E0
2.515351288E1,-4.775002363E0,-2.379225909E0,8.232541670E0
2.516348887E1,-4.774436352E0,-2.379091423E0,8.232908875E0
2.517346587E1,-4.774199248E0,-2.379435386E0,8.232946297E0
2.518344188E1,-4.774749471E0,-2.380005928E0,8.232462147E0
2.519341788E1,-4.775207892E0,-2.380588895E0,8.232028284E0
2.520339487E1,-4.775064051E0,-2.380936220E0,8.232011327E0
2.521337087E1,-4.775092117E0,-2.380684205E0,8.232067460E0
2.522334688E1,-4.775616613E0,-2.380137344E0,8.231921280E0
2.523332388E1,-4.776093161E0,-2.379259385E0,8.231899061E0
2.524329987E1,-4.776331727E0,-2.378014074E0,8.232120670E0
2.525327588E1,-4.776573217E0,-2.376865827E0,8.232311874E0
2.526325288E1,-4.776800382E0,-2.376130686E0,8.232392566E0
2.527322888E1,-4.776908555E0,-2.375885980E0,8.232400167E0
2.528320487E1,-4.777161739E0,-2.375950007E0,8.232234691E0
2.529318188E1,-4.777343003E0,-2.376017981E0,8.232109560E0
2.530315788E1,-4.777095666E0,-2.376285637E0,8.232175634E0
2.531313387E1,-4.776909432E0,-2.376549200E0,8.232208378E0
2.532311087E1,-4.777209102E0,-2.376715554E0,8.231986184E0
2.533308688E1,-4.777711085E0,-2.376579752E0,8.231734169E0
2.534306288E1,-4.778475609E0,-2.376161968E0,8.231411403E0
2.535303987E1,-4.779404147E0,-2.375443930E0,8.231079281E0
2.536301587E1,-4.780219541E0,-2.374676629E0,8.230826681E0
2.537299288E1,-4.780939626E0,-2.373856265E0,8.230645418E0
2.538296888E1,-4.781503882E0,-2.372961203E0,8.230575836E0
2.539294487E1,-4.781802090E0,-2.372104878E0,8.230648926E0
2.540292188E1,-4.781859685E0,-2.371573512E0,8.230768794E0
2.541289788E1,-4.781950024E0,-2.371224433E0,8.230816741E0
2.542287388E1,-4.782374532E0,-2.371143157E0,8.230593377E0
2.543285087E1,-4.782977380E0,-2.371306587E0,8.230196351E0
2.544282688E1,-4.783329967E0,-2.371348979E0,8.229979420E0
2.545280288E1,-4.783260970E0,-2.371262440E0,8.230044324E0
2.546277987E1,-4.783091986E0,-2.370869946E0,8.230255993E0
2.547275587E1,-4.782748462E0,-2.370431405E0,8.230581098E0
2.548273188E1,-4.782499078E0,-2.370063176E0,8.230832528E0
2.549270888E1,-4.782465164E0,-2.369591160E0,8.230988064E0
2.550268487E1,-4.782884994E0,-2.369337244E0,8.230817326E0
2.551266087E1,-4.783603032E0,-2.369327450E0,8.230402758E0
2.552263788E1,-4.784583903E0,-2.369528302E0,8.229774767E0
2.553261388E1,-4.786003607E0,-2.369867879E0,8.228851492E0
2.554258987E1,-4.787351682E0,-2.370029701E0,8.228020602E0
2.555256688E1,-4.788417337E0,-2.369922697E0,8.227431203E0
2.556254288E1,-4.789333304E0,-2.370031748E0,8.226866362E0
2.557251888E1,-4.790407437E0,-2.370080133E0,8.226227261E0
2.558249587E1,-4.791740018E0,-2.370467073E0,8.225339654E0
2.559247188E1,-4.793077860E0,-2.371128685E0,8.224369601E0
2.560244788E1,-4.794039435E0,-2.372388906E0,8.223445156E0
2.561242487E1,-4.794613339E0,-2.374126991E0,8.222609004E0
2.562240087E1,-4.795166194E0,-2.376198806E0,8.221688068E0
2.563237788E1,-4.795621399E0,-2.378303950E0,8.220813909E0
2.564235312E1,-4.796373936E0,-2.380401784E0,8.219767842E0
2.565232912E1,-4.797582263E0,-2.382377266E0,8.218490226E0
2.566230613E1,-4.799008399E0,-2.384457559E0,8.217054150E0
2.567228213E1,-4.800575453E0,-2.386656405E0,8.215499960E0
2.568225812E1,-4.802550935E0,-2.388668286E0,8.213760998E0
2.569223512E1,-4.804885728E0,-2.390515567E0,8.211857729E0
2.570221113E1,-4.807388628E0,-2.392245466E0,8.209888971E0
2.571218713E1,-4.809742717E0,-2.393944959E0,8.208014354E0
2.572216412E1,-4.811669667E0,-2.395502219E0,8.206430343E0
2.573214013E1,-4.813204854E0,-2.396969578E0,8.205101856E0
2.574211613E1,-4.814118189E0,-2.398081718E0,8.204241146E0
2.575209313E1,-4.814844998E0,-2.399029406E0,8.203537141E0
2.576206912E1,-4.815275353E0,-2.399960721E0,8.203012061E0
2.577204513E1,-4.815570053E0,-2.400782693E0,8.202598663E0
2.578202213E1,-4.815851596E0,-2.401516811E0,8.202218594E0
2.579199812E1,-4.816173485E0,-2.402333229E0,8.201790578E0
2.580197412E1,-4.816657342E0,-2.403136782E0,8.201270760E0
2.581195113E1,-4.817158741E0,-2.403995300E0,8.200724630E0
2.582192713E1,-4.817715396E0,-2.404818003E0,8.200156281E0
2.583190312E1,-4.818542485E0,-2.405654301E0,8.199425379E0
2.584188012E1,-4.819425999E0,-2.406133188E0,8.198765813E0
2.585185613E1,-4.820225898E0,-2.406299980E0,8.198246580E0
2.586183213E1,-4.821033106E0,-2.405708680E0,8.197945449E0
2.587180912E1,-4.821865750E0,-2.404472871E0,8.197817979E0
2.588178513E1,-4.822377089E0,-2.402888422E0,8.197981701E0
2.589176113E1,-4.822540518E0,-2.400898907E0,8.198468775E0
2.590173813E1,-4.822269792E0,-2.398767889E0,8.199251717E0
2.591171412E1,-4.821169054E0,-2.396817696E0,8.200469107E0
2.592169113E1,-4.819630067E0,-2.394968807E0,8.201913954E0
2.593166713E1,-4.818152475E0,-2.393254403E0,8.203282202E0
2.594164312E1,-4.817090329E0,-2.391605781E0,8.204386742E0
2.595162012E1,-4.816406789E0,-2.390111963E0,8.205222893E0
2.596159613E1,-4.816226403E0,-2.388834200E0,8.205701196E0
2.597157213E1,-4.816594192E0,-2.387934606E0,8.205747389E0
2.598154912E1,-4.817640844E0,-2.387557168E0,8.205242774E0
2.599152512E1,-4.819316364E0,-2.387723083E0,8.204210156E0
2.600150113E1,-4.821770732E0,-2.388146714E0,8.202644856E0
2.601147813E1,-4.824891684E0,-2.388516258E0,8.200701826E0
2.602145412E1,-4.828654659E0,-2.388605428E0,8.198460588E0
2.603143013E1,-4.832845651E0,-2.388234130E0,8.196099483E0
2.604140713E1,-4.837222000E0,-2.387378975E0,8.193766444E0
2.605138313E1,-4.841751545E0,-2.386441666E0,8.191363238E0
2.606135912E1,-4.846130818E0,-2.385903868E0,8.188930212E0
2.607133613E1,-4.849968345E0,-2.386024175E0,8.186623485E0
2.608131213E1,-4.853032871E0,-2.386824951E0,8.184573451E0
2.609128812E1,-4.855397485E0,-2.388191591E0,8.182771924E0
2.610126512E1,-4.857564463E0,-2.389742565E0,8.181032962E0
2.611124113E1,-4.859263664E0,-2.391143997E0,8.179613843E0
2.612121713E1,-4.860485732E0,-2.392313586E0,8.178546141E0
2.613119412E1,-4.861361645E0,-2.393096382E0,8.177795944E0
2.614117012E1,-4.861671840E0,-2.393617661E0,8.177459729E0
2.615114613E1,-4.861326269E0,-2.393875524E0,8.177589537E0
2.616112313E1,-4.860233132E0,-2.394036322E0,8.178192385E0
2.617109912E1,-4.858377811E0,-2.394186303E0,8.179250146E0
2.618107613E1,-4.856148560E0,-2.394595608E0,8.180454088E0
2.619105213E1,-4.853929834E0,-2.395229885E0,8.181585524E0
2.620102813E1,-4.852042937E0,-2.396031684E0,8.182470208E0
2.621100512E1,-4.850807128E0,-2.396970309E0,8.182927460E0
2.622098113E1,-4.850240825E0,-2.397768454E0,8.183029202E0
2.623095713E1,-4.850261583E0,-2.398529469E0,8.182794144E0
2.624093412E1,-4.850863554E0,-2.399053087E0,8.182283682E0
2.625091012E1,-4.852142925E0,-2.399310949E0,8.181449869E0
2.626088613E1,-4.854081861E0,-2.399382285E0,8.180278671E0
2.627086313E1,-4.856350873E0,-2.399309926E0,8.178953108E0
2.628083912E1,-4.858912246E0,-2.399326298E0,8.177426400E0
2.629081512E1,-4.861661607E0,-2.399602579E0,8.175711411E0
2.630079213E1,-4.864586677E0,-2.399863365E0,8.173894097E0
2.631076813E1,-4.867338376E0,-2.399842461E0,8.172262723E0
2.632074412E1,-4.869481673E0,-2.399822580E0,8.170991539E0
2.633072113E1,-4.871006042E0,-2.399815710E0,8.170085220E0
2.634069713E1,-4.872237466E0,-2.399741596E0,8.169372445E0
2.635067313E1,-4.873140568E0,-2.399925638E0,8.168779537E0
2.636065012E1,-4.873885504E0,-2.400549535E0,8.168151546E0
2.637062613E1,-4.874411168E0,-2.401497954E0,8.167559223E0
2.638060213E1,-4.875062548E0,-2.402528818E0,8.166866913E0
2.639057912E1,-4.875598153E0,-2.403676042E0,8.166210271E0
2.640055512E1,-4.876110077E0,-2.404569058E0,8.165641336E0
2.641053213E1,-4.876860567E0,-2.405037712E0,8.165054861E0
2.642050813E1,-4.877936455E0,-2.405052769E0,8.164407574E0
2.643048412E1,-4.879212610E0,-2.405028356E0,8.163652698E0
2.644046112E1,-4.880472100E0,-2.405176583E0,8.162855723E0
2.645043713E1,-4.881694168E0,-2.405579749E0,8.162006707E0
2.646041313E1,-4.882859518E0,-2.406323953E0,8.161089864E0
2.647039012E1,-4.884040655E0,-2.407097540E0,8.160154894E0
2.648036613E1,-4.885280265E0,-2.407701996E0,8.159234542E0
2.649034213E1,-4.886638866E0,-2.408048005E0,8.158318868E0
2.650031913E1,-4.887943672E0,-2.407983101E0,8.157555807E0
2.651029512E1,-4.888750295E0,-2.407470592E0,8.157224270E0
2.652027113E1,-4.888896183E0,-2.406658706E0,8.157376882E0
2.653024813E1,-4.888547105E0,-2.405726514E0,8.157860447E0
2.654022412E1,-4.887795153E0,-2.404804847E0,8.158582578E0
2.655020012E1,-4.887048463E0,-2.404171593E0,8.159216416E0
2.656017713E1,-4.886314345E0,-2.403739045E0,8.159783596E0
2.657015313E1,-4.885808269E0,-2.403455894E0,8.160170097E0
2.658012912E1,-4.885613849E0,-2.403132689E0,8.160381766E0
2.659010612E1,-4.885784003E0,-2.402840328E0,8.160365978E0
2.660008213E1,-4.886417841E0,-2.402301654E0,8.160144954E0
2.661005813E1,-4.887337023E0,-2.401663576E0,8.159782426E0
2.662003512E1,-4.888616686E0,-2.400981645E0,8.159216416E0
2.663001113E1,-4.890023234E0,-2.400368272E0,8.158554511E0
2.663998825E1,-4.891381835E0,-2.400015538E0,8.157843490E0
2.664996425E1,-4.892815280E0,-2.400016416E0,8.156983364E0
2.665994025E1,-4.894729073E0,-2.400848767E0,8.155590557E0
2.666991725E1,-4.896377988E0,-2.401914568E0,8.154286628E0
2.667989325E1,-4.897678409E0,-2.403178297E0,8.153133557E0
2.668986925E1,-4.898079528E0,-2.404771371E0,8.152422536E0
2.669984625E1,-4.897541584E0,-2.406338717E0,8.152283372E0
2.670982225E1,-4.896538494E0,-2.407045207E0,8.152676890E0
2.671979825E1,-4.896107554E0,-2.406629616E0,8.153058713E0
2.672977525E1,-4.896780569E0,-2.405179215E0,8.153082102E0
2.673975125E1,-4.898236233E0,-2.403119533E0,8.152815469E0
2.674972725E1,-4.899722011E0,-2.401010881E0,8.152543573E0
2.675970425E1,-4.900418122E0,-2.399574951E0,8.152548251E0
2.676968025E1,-4.899676695E0,-2.399517648E0,8.153010766E0
2.677965625E1,-4.897700044E0,-2.401034416E0,8.153752193E0
2.678963325E1,-4.895554115E0,-2.403733929E0,8.154245698E0
2.679960925E1,-4.894126518E0,-2.407068889E0,8.154118229E0
2.680958525E1,-4.894042610E0,-2.410185454E0,8.153248163E0
2.681956225E1,-4.895491258E0,-2.412434147E0,8.151713269E0
2.682953825E1,-4.897430195E0,-2.414055434E0,8.150068447E0
2.683951525E1,-4.898729446E0,-2.415615325E0,8.148825329E0
2.684949125E1,-4.898482986E0,-2.417790489E0,8.148328316E0
2.685946725E1,-4.896678535E0,-2.420584874E0,8.148583254E0
2.686944425E1,-4.894045826E0,-2.422854032E0,8.149490742E0
2.687942025E1,-4.892110690E0,-2.423840896E0,8.150359054E0
2.688939625E1,-4.892004856E0,-2.423243310E0,8.150599959E0
2.689937325E1,-4.894018637E0,-2.421151177E0,8.150012898E0
2.690934925E1,-4.897184904E0,-2.418252273E0,8.148971509E0
2.691932525E1,-4.900303516E0,-2.415275748E0,8.147979237E0
2.692930225E1,-4.902300925E0,-2.413468081E0,8.147313239E0
2.693927825E1,-4.903692270E0,-2.413158471E0,8.146568304E0
2.694925425E1,-4.905523911E0,-2.414367968E0,8.145106500E0
2.695923125E1,-4.908304262E0,-2.416595172E0,8.142771122E0
2.696920725E1,-4.912133603E0,-2.418846204E0,8.139793135E0
2.697918325E1,-4.915844831E0,-2.421058498E0,8.136894085E0
2.698916025E1,-4.918857901E0,-2.423783885E0,8.134261669E0
2.699913625E1,-4.921257598E0,-2.426806019E0,8.131908749E0
2.700911225E1,-4.923921590E0,-2.429642795E0,8.129448826E0
2.701908925E1,-4.927299526E0,-2.431951569E0,8.126711159E0
2.702906525E1,-4.932105938E0,-2.432910658E0,8.123508055E0
2.703904125E1,-4.937354398E0,-2.432861980E0,8.120333601E0
2.704901825E1,-4.942539709E0,-2.431695461E0,8.117528107E0
2.705899425E1,-4.947219236E0,-2.429559765E0,8.115316690E0
2.706897125E1,-4.950967301E0,-2.427137994E0,8.113755484E0
2.707894725E1,-4.954319510E0,-2.424844570E0,8.112394252E0
2.708892325E1,-4.957750656E0,-2.422798045E0,8.110909644E0
2.709890025E1,-4.961300501E0,-2.421503325E0,8.109125658E0
2.710887625E1,-4.965308767E0,-2.421417517E0,8.106697894E0
2.711885225E1,-4.969731016E0,-2.422801261E0,8.103573727E0
2.712882925E1,-4.974432178E0,-2.425691247E0,8.099823908E0
2.713880525E1,-4.979022827E0,-2.430010878E0,8.095707468E0
2.714878125E1,-4.983470803E0,-2.434979549E0,8.091476423E0
2.715875825E1,-4.988161440E0,-2.439415393E0,8.087249470E0
2.716873425E1,-4.993273076E0,-2.442521142E0,8.083156419E0
2.717871025E1,-4.998737884E0,-2.443647316E0,8.079437590E0
2.718868725E1,-5.004566973E0,-2.443194156E0,8.075965514E0
2.719866325E1,-5.010336421E0,-2.441539687E0,8.072886955E0
2.720863925E1,-5.016058506E0,-2.439535846E0,8.069939373E0
2.721861625E1,-5.021681188E0,-2.437577759E0,8.067033307E0
2.722859225E1,-5.027156521E0,-2.435647447E0,8.064206178E0
2.723856925E1,-5.031832539E0,-2.433914625E0,8.061812913E0
2.724854525E1,-5.035988740E0,-2.432523572E0,8.059637164E0
2.725852125E1,-5.039949059E0,-2.431663886E0,8.057420484E0
2.726849825E1,-5.043552114E0,-2.431386143E0,8.055249413E0
2.727847425E1,-5.046695577E0,-2.431620470E0,8.053209904E0
2.728845025E1,-5.049581178E0,-2.432593739E0,8.051106661E0
2.729842725E1,-5.052463855E0,-2.434252009E0,8.048797011E0
2.730840325E1,-5.055581006E0,-2.435980300E0,8.046316622E0
2.731837925E1,-5.058539697E0,-2.437171670E0,8.044095265E0
2.732835625E1,-5.061355131E0,-2.437223126E0,8.042308940E0
2.733833225E1,-5.063948371E0,-2.436367240E0,8.040935429E0
2.734830825E1,-5.066710596E0,-2.434909090E0,8.039636763E0
2.735828525E1,-5.069633034E0,-2.433062978E0,8.038353299E0
2.736826125E1,-5.072768312E0,-2.431205902E0,8.036937688E0
2.737823725E1,-5.075984865E0,-2.429578622E0,8.035398116E0
2.738821425E1,-5.078902625E0,-2.428474229E0,8.033888365E0
2.739819025E1,-5.081762499E0,-2.428070479E0,8.032201443E0
2.740816625E1,-5.084414211E0,-2.428704171E0,8.030331504E0
2.741814325E1,-5.087358869E0,-2.430158812E0,8.028026531E0
2.742811925E1,-5.090473680E0,-2.432409113E0,8.025370141E0
2.743809625E1,-5.093737596E0,-2.434960838E0,8.022524886E0
2.744807225E1,-5.096965844E0,-2.437344456E0,8.019749798E0
2.745804825E1,-5.100424472E0,-2.439145837E0,8.017002776E0
2.746802525E1,-5.103795392E0,-2.440091624E0,8.014569749E0
2.747800125E1,-5.107074510E0,-2.440382961E0,8.012391661E0
2.748797725E1,-5.110407423E0,-2.439941496E0,8.010401269E0
2.749795425E1,-5.113490660E0,-2.439028892E0,8.008710839E0
2.750793025E1,-5.116076299E0,-2.437899795E0,8.007403402E0
2.751790625E1,-5.117933959E0,-2.436898752E0,8.006521057E0
2.752788325E1,-5.119511538E0,-2.436105577E0,8.005753902E0
2.753785925E1,-5.120737699E0,-2.435519101E0,8.005148131E0
2.754783525E1,-5.121376800E0,-2.435193557E0,8.004838228E0
2.755781225E1,-5.121609519E0,-2.435127484E0,8.004709589E0
2.756778825E1,-5.121854517E0,-2.435459606E0,8.004451143E0
2.757776425E1,-5.122165589E0,-2.436227491E0,8.004019033E0
2.758774125E1,-5.122818139E0,-2.437178979E0,8.003310935E0
2.759771725E1,-5.123540270E0,-2.438078866E0,8.002574771E0
2.760769425E1,-5.124071782E0,-2.438817223E0,8.002009345E0
2.761767025E1,-5.124626682E0,-2.439474889E0,8.001453860E0
2.762764625E1,-5.125243564E0,-2.439750439E0,8.000974973E0
2.763762367E1,-5.125976220E0,-2.439731581E0,8.000511289E0
2.764759967E1,-5.126562696E0,-2.439359260E0,8.000248749E0
2.765757567E1,-5.126880199E0,-2.438881689E0,8.000190861E0
2.766755267E1,-5.126895987E0,-2.438388037E0,8.000331779E0
2.767752867E1,-5.126804770E0,-2.437987503E0,8.000511873E0
2.768750467E1,-5.126663268E0,-2.437595155E0,8.000722373E0
2.769748167E1,-5.126707706E0,-2.437163923E0,8.000825284E0
2.770745767E1,-5.126963230E0,-2.436725382E0,8.000794879E0
2.771743367E1,-5.127143324E0,-2.436454509E0,8.000761549E0
2.772741067E1,-5.126926977E0,-2.436512251E0,8.000882587E0
2.773738667E1,-5.126436396E0,-2.437021397E0,8.001042216E0
2.774736267E1,-5.126036446E0,-2.437799369E0,8.001061512E0
2.775733967E1,-5.125988499E0,-2.438448556E0,8.000894281E0
2.776731567E1,-5.126201922E0,-2.438921157E0,8.000613615E0
2.777729167E1,-5.126656836E0,-2.438994978E0,8.000299619E0
2.778726867E1,-5.126929316E0,-2.438641953E0,8.000232961E0
2.779724467E1,-5.126962060E0,-2.438058254E0,8.000389667E0
2.780722167E1,-5.126711800E0,-2.437399419E0,8.000750440E0
2.781719767E1,-5.126269750E0,-2.436582710E0,8.001282536E0
2.782717367E1,-5.125543526E0,-2.435543806E0,8.002064309E0
2.783715067E1,-5.124581074E0,-2.434621553E0,8.002961272E0
2.784712667E1,-5.123736151E0,-2.433842558E0,8.003738952E0
2.785710267E1,-5.123129210E0,-2.433621387E0,8.004195035E0
2.786707967E1,-5.122869594E0,-2.433993124E0,8.004247659E0
2.787705567E1,-5.122735108E0,-2.434748146E0,8.004104403E0
2.788703167E1,-5.122604131E0,-2.435662943E0,8.003909690E0
2.789700867E1,-5.122540981E0,-2.436485646E0,8.003700360E0
2.790698467E1,-5.122291889E0,-2.437275751E0,8.003619084E0
2.791696067E1,-5.121914744E0,-2.437737973E0,8.003719656E0
2.792693767E1,-5.121667407E0,-2.438082228E0,8.003772281E0
2.793691367E1,-5.122036951E0,-2.438213059E0,8.003496292E0
2.794688967E1,-5.122550336E0,-2.438387306E0,8.003114469E0
2.795686667E1,-5.122884212E0,-2.438654524E0,8.002819185E0
2.796684267E1,-5.122961395E0,-2.438881542E0,8.002701071E0
2.797681967E1,-5.122583665E0,-2.439106075E0,8.002874148E0
2.798679567E1,-5.122031103E0,-2.439244362E0,8.003185805E0
2.799677167E1,-5.121705413E0,-2.439013543E0,8.003464717E0
2.800674867E1,-5.121782597E0,-2.438529394E0,8.003562950E0
2.801672467E1,-5.121818265E0,-2.437993935E0,8.003703284E0
2.802670067E1,-5.121748098E0,-2.437996128E0,8.003747723E0
2.803667767E1,-5.121491405E0,-2.438866924E0,8.003646566E0
2.804665367E1,-5.120822484E0,-2.440405327E0,8.003605050E0
2.805662967E1,-5.119994518E0,-2.442275851E0,8.003564705E0
2.806660667E1,-5.119302208E0,-2.443973298E0,8.003489276E0
2.807658267E1,-5.118875946E0,-2.444926686E0,8.003471149E0
2.808655867E1,-5.118671878E0,-2.445149319E0,8.003533714E0
2.809653567E1,-5.118517511E0,-2.444663708E0,8.003779882E0
2.810651167E1,-5.117486063E0,-2.443997125E0,8.004643516E0
2.811648767E1,-5.115922517E0,-2.443158342E0,8.005898328E0
2.812646467E1,-5.114587013E0,-2.442269127E0,8.007023333E0
2.813644067E1,-5.113987089E0,-2.441347313E0,8.007687576E0
2.814641767E1,-5.114234426E0,-2.440508676E0,8.007785225E0
2.815639367E1,-5.115002165E0,-2.439971610E0,8.007458366E0
2.816636967E1,-5.115574608E0,-2.439750146E0,8.007160158E0
2.817634667E1,-5.115310314E0,-2.440082268E0,8.007227985E0
2.818632267E1,-5.114694017E0,-2.441102607E0,8.007311016E0
2.819629867E1,-5.114456035E0,-2.442462231E0,8.007048476E0
2.820627567E1,-5.114753659E0,-2.443987770E0,8.006393003E0
2.821625167E1,-5.115685705E0,-2.445252961E0,8.005410671E0
2.822622767E1,-5.116717154E0,-2.446105193E0,8.004490904E0
2.823620467E1,-5.117663233E0,-2.446352237E0,8.003810872E0
2.824618067E1,-5.118022252E0,-2.446089697E0,8.003661184E0
2.825615667E1,-5.118072538E0,-2.445633468E0,8.003768772E0
2.826613367E1,-5.118130426E0,-2.445027551E0,8.003917292E0
2.827610967E1,-5.118369577E0,-2.444170057E0,8.004025465E0
2.828608567E1,-5.118620422E0,-2.442919922E0,8.004247075E0
2.829606267E1,-5.119205729E0,-2.441280947E0,8.004372790E0
2.830603867E1,-5.120021415E0,-2.439552949E0,8.004378052E0
2.831601567E1,-5.120589765E0,-2.438287758E0,8.004399687E0
2.832599167E1,-5.121040585E0,-2.437650703E0,8.004305547E0
2.833596767E1,-5.121341717E0,-2.437729056E0,8.004088615E0
2.834594467E1,-5.121621798E0,-2.438507759E0,8.003672293E0
2.835592067E1,-5.122231663E0,-2.439583501E0,8.002954255E0
2.836589667E1,-5.122721075E0,-2.440914619E0,8.002235048E0
2.837587367E1,-5.122944438E0,-2.441931012E0,8.001781889E0
2.838584967E1,-5.122759082E0,-2.442540291E0,8.001714646E0
2.839582567E1,-5.122290720E0,-2.442532690E0,8.002016947E0
2.840580267E1,-5.121766809E0,-2.441747117E0,8.002592313E0
2.841577867E1,-5.121245822E0,-2.440190295E0,8.003399813E0
2.842575467E1,-5.120931827E0,-2.438109418E0,8.004235380E0
2.843573167E1,-5.120696769E0,-2.436157032E0,8.004979731E0
2.844570767E1,-5.120025508E0,-2.434648158E0,8.005867923E0
2.845568467E1,-5.119064811E0,-2.433693893E0,8.006773072E0
2.846566067E1,-5.117883673E0,-2.433565692E0,8.007567124E0
2.847563667E1,-5.116782058E0,-2.433898107E0,8.008169972E0
2.848561367E1,-5.115992684E0,-2.434383426E0,8.008526652E0
2.849558967E1,-5.115637173E0,-2.434752239E0,8.008641257E0
2.850556567E1,-5.115765812E0,-2.435035390E0,8.008472857E0
2.851554267E1,-5.116085070E0,-2.435379206E0,8.008164709E0
2.852551867E1,-5.116203184E0,-2.436138467E0,8.007858315E0
2.853549467E1,-5.116168685E0,-2.437038939E0,8.007606300E0
2.854547167E1,-5.115738330E0,-2.437594716E0,8.007712135E0
2.855544767E1,-5.115037249E0,-2.436967164E0,8.008351235E0
2.856542367E1,-5.114338506E0,-2.435075151E0,8.009372744E0
2.857540067E1,-5.113798808E0,-2.432452090E0,8.010514120E0
2.858537667E1,-5.113292440E0,-2.429677879E0,8.011679471E0
2.859535367E1,-5.112600714E0,-2.427018273E0,8.012926682E0
2.860532967E1,-5.111545292E0,-2.425003322E0,8.014210730E0
2.861530567E1,-5.110776967E0,-2.423802596E0,8.015063254E0
2.862528267E1,-5.110696861E0,-2.423304706E0,8.015264398E0
2.863525863E1,-5.111125461E0,-2.423259390E0,8.015005367E0
2.864523463E1,-5.111909573E0,-2.423059123E0,8.014565656E0
2.865521162E1,-5.112660940E0,-2.422925222E0,8.014126530E0
2.866518762E1,-5.113151522E0,-2.422853155E0,8.013835924E0
2.867516363E1,-5.113170233E0,-2.422690018E0,8.013873346E0
2.868514063E1,-5.112884889E0,-2.422580528E0,8.014088523E0
2.869511662E1,-5.112876118E0,-2.422357896E0,8.014161614E0
2.870509363E1,-5.113401198E0,-2.422027528E0,8.013925971E0
2.871506963E1,-5.114085322E0,-2.421627578E0,8.013610221E0
2.872504563E1,-5.114557777E0,-2.420886736E0,8.013532453E0
2.873502262E1,-5.114606309E0,-2.420052485E0,8.013754063E0
2.874499863E1,-5.114279450E0,-2.419412361E0,8.014155766E0
2.875497463E1,-5.113840908E0,-2.419392188E0,8.014441695E0
2.876495162E1,-5.113233383E0,-2.419936271E0,8.014665059E0
2.877492762E1,-5.112054584E0,-2.420698017E0,8.015186630E0
2.878490363E1,-5.110489284E0,-2.421860151E0,8.015833917E0
2.879488063E1,-5.109160212E0,-2.423186008E0,8.016280645E0
2.880485662E1,-5.108332831E0,-2.424321245E0,8.016464247E0
2.881483262E1,-5.107955686E0,-2.425203589E0,8.016437935E0
2.882480963E1,-5.107465104E0,-2.425829680E0,8.016561311E0
2.883478563E1,-5.106740050E0,-2.426327278E0,8.016872383E0
2.884476262E1,-5.105759472E0,-2.426523891E0,8.017437809E0
2.885473862E1,-5.104623358E0,-2.426295265E0,8.018230106E0
2.886471463E1,-5.103477303E0,-2.425721945E0,8.019132916E0
2.887469163E1,-5.102715996E0,-2.424901288E0,8.019865572E0
2.888466762E1,-5.102578002E0,-2.424053003E0,8.020209389E0
2.889464363E1,-5.102749325E0,-2.423723805E0,8.020200033E0
2.890462063E1,-5.103389595E0,-2.423970704E0,8.019718223E0
2.891459662E1,-5.103835153E0,-2.425164852E0,8.019073275E0
2.892457262E1,-5.103613544E0,-2.427689533E0,8.018450546E0
2.893454963E1,-5.102331834E0,-2.431534370E0,8.018102052E0
2.894452563E1,-5.100619184E0,-2.435892300E0,8.017868748E0
2.895450262E1,-5.099330458E0,-2.439922201E0,8.017462952E0
2.896447862E1,-5.098944542E0,-2.442434018E0,8.016943719E0
2.897445463E1,-5.099698248E0,-2.442767602E0,8.016362506E0
2.898443163E1,-5.101138417E0,-2.441233293E0,8.015913439E0
2.899440762E1,-5.102368087E0,-2.438523108E0,8.015956124E0
2.900438362E1,-5.102889073E0,-2.435650956E0,8.016496992E0
2.901436063E1,-5.103278498E0,-2.433263976E0,8.016974124E0
2.902433663E1,-5.103918768E0,-2.431776591E0,8.017018563E0
2.903431262E1,-5.104928582E0,-2.431413771E0,8.016485297E0
2.904428963E1,-5.106328990E0,-2.431837256E0,8.015464373E0
2.905426563E1,-5.107797811E0,-2.432745913E0,8.014252830E0
2.906424163E1,-5.108726349E0,-2.433712019E0,8.013367562E0
2.907421862E1,-5.109122790E0,-2.434891549E0,8.012756528E0
2.908419463E1,-5.109509876E0,-2.435955303E0,8.012186424E0
2.909417163E1,-5.110257735E0,-2.436923748E0,8.011414592E0
2.910414762E1,-5.111162299E0,-2.437665029E0,8.010612354E0
2.911412362E1,-5.111761054E0,-2.438152833E0,8.010081427E0
2.912410063E1,-5.112020670E0,-2.438302960E0,8.009870342E0
2.913407663E1,-5.112163927E0,-2.438315386E0,8.009775032E0
2.914405262E1,-5.112221814E0,-2.437969815E0,8.009843445E0
2.915402963E1,-5.112041720E0,-2.437336416E0,8.010151593E0
2.916400563E1,-5.111445304E0,-2.436363731E0,8.010827531E0
2.917398163E1,-5.110632541E0,-2.435151019E0,8.011714554E0
2.918395862E1,-5.109530341E0,-2.433971197E0,8.012776408E0
2.919393463E1,-5.108252140E0,-2.433158580E0,8.013837678E0
2.920391163E1,-5.106945287E0,-2.432878937E0,8.014756275E0
2.921388762E1,-5.105862967E0,-2.433529878E0,8.015248026E0
2.922386362E1,-5.105026231E0,-2.434773142E0,8.015402977E0
2.923384063E1,-5.104632128E0,-2.436360662E0,8.015171428E0
2.924381663E1,-5.104339768E0,-2.438070972E0,8.014838136E0
2.925379262E1,-5.103701836E0,-2.439304004E0,8.014869127E0
2.926376962E1,-5.103086125E0,-2.440075251E0,8.015026417E0
2.927374563E1,-5.102211381E0,-2.440535135E0,8.015443323E0
2.928372163E1,-5.101619058E0,-2.440545660E0,8.015816376E0
2.929369862E1,-5.101833066E0,-2.440100833E0,8.015815791E0
2.930367462E1,-5.102560460E0,-2.439300788E0,8.015596520E0
2.931365163E1,-5.103091387E0,-2.438370788E0,8.015541556E0
2.932362763E1,-5.103408306E0,-2.437508470E0,8.015601783E0
2.933360362E1,-5.103741013E0,-2.437077676E0,8.015521676E0
2.934358063E1,-5.104033958E0,-2.436749209E0,8.015434552E0
2.935355663E1,-5.104320472E0,-2.436258920E0,8.015401223E0
2.936353262E1,-5.105154285E0,-2.435615872E0,8.015065593E0
2.937350962E1,-5.106086331E0,-2.435277319E0,8.014574427E0
2.938348563E1,-5.106430732E0,-2.435310794E0,8.014345216E0
2.939346163E1,-5.106208538E0,-2.435785880E0,8.014342877E0
2.940343862E1,-5.105593995E0,-2.436736345E0,8.014444619E0
2.941341462E1,-5.104995825E0,-2.437810040E0,8.014499583E0
2.942339163E1,-5.105010443E0,-2.438528224E0,8.014271541E0
2.943336763E1,-5.105391682E0,-2.438514776E0,8.014032975E0
2.944334362E1,-5.105331455E0,-2.437936925E0,8.014246398E0
2.945332063E1,-5.104395316E0,-2.437143750E0,8.015084304E0
2.946329663E1,-5.102885565E0,-2.436528477E0,8.016232697E0
2.947327263E1,-5.101333714E0,-2.436143437E0,8.017337236E0
2.948324962E1,-5.100371262E0,-2.435682969E0,8.018089773E0
2.949322563E1,-5.100274199E0,-2.434825621E0,8.018411955E0
2.950320163E1,-5.100753670E0,-2.433566716E0,8.018488553E0
2.951317862E1,-5.101722554E0,-2.432132540E0,8.018307289E0
2.952315462E1,-5.102439423E0,-2.430980785E0,8.018200870E0
2.953313163E1,-5.102600221E0,-2.430552184E0,8.018228352E0
2.954310763E1,-5.102271023E0,-2.431031509E0,8.018292671E0
2.955308362E1,-5.101923698E0,-2.432217471E0,8.018154092E0
2.956306062E1,-5.102114902E0,-2.433649454E0,8.017597438E0
2.957303663E1,-5.102998416E0,-2.434626085E0,8.016739066E0
2.958301263E1,-5.103912921E0,-2.434871230E0,8.016081839E0
2.959298962E1,-5.103900642E0,-2.434667162E0,8.016152006E0
2.960296563E1,-5.102464566E0,-2.434073085E0,8.017247189E0
2.961294163E1,-5.100318637E0,-2.433784671E0,8.018699053E0
2.962291863E1,-5.098624699E0,-2.433737162E0,8.019791313E0
2.963289462E1,-5.097582141E0,-2.433719767E0,8.020459065E0
2.964287125E1,-5.096807969E0,-2.433270554E0,8.021087641E0
2.965284725E1,-5.096078821E0,-2.432299186E0,8.021845440E0
2.966282325E1,-5.095160809E0,-2.431357784E0,8.022713751E0
2.967280025E1,-5.093955113E0,-2.430649540E0,8.023693745E0
2.968277625E1,-5.093249938E0,-2.430341245E0,8.024235197E0
2.969275225E1,-5.093386179E0,-2.430667812E0,8.024049255E0
2.970272925E1,-5.093966807E0,-2.431163802E0,8.023530607E0
2.971270525E1,-5.094970189E0,-2.431422396E0,8.022815493E0
2.972268125E1,-5.095958953E0,-2.431498409E0,8.022164113E0
2.973265825E1,-5.096883398E0,-2.431379272E0,8.021613305E0
2.974263425E1,-5.097866315E0,-2.431192746E0,8.021044956E0
2.975261125E1,-5.098625284E0,-2.431240840E0,8.020547943E0
2.976258725E1,-5.099536865E0,-2.431258235E0,8.019962636E0
2.977256325E1,-5.100434997E0,-2.431418010E0,8.019343416E0
2.978254025E1,-5.100955399E0,-2.431481160E0,8.018993168E0
2.979251625E1,-5.101316172E0,-2.431596935E0,8.018728874E0
2.980249225E1,-5.100854242E0,-2.431995715E0,8.018901367E0
2.981246925E1,-5.099913425E0,-2.432290853E0,8.019410074E0
2.982244525E1,-5.098831106E0,-2.432599148E0,8.020005321E0
2.983242225E1,-5.097484492E0,-2.432248607E0,8.020967773E0
2.984239825E1,-5.096830189E0,-2.431080480E0,8.021737266E0
2.985237425E1,-5.096668805E0,-2.429762517E0,8.022239542E0
2.986235125E1,-5.096791597E0,-2.428685168E0,8.022487464E0
2.987232725E1,-5.097132490E0,-2.427805308E0,8.022537165E0
2.988230325E1,-5.096343116E0,-2.427724178E0,8.023062830E0
2.989228025E1,-5.095135666E0,-2.428037442E0,8.023734675E0
2.990225625E1,-5.094412950E0,-2.428762790E0,8.023974996E0
2.991223225E1,-5.094022356E0,-2.429682264E0,8.023944005E0
2.992220925E1,-5.094553283E0,-2.430226055E0,8.023442314E0
2.993218525E1,-5.094655024E0,-2.431020692E0,8.023137090E0
2.994216225E1,-5.094077904E0,-2.431559659E0,8.023339988E0
2.995213825E1,-5.093270404E0,-2.432119237E0,8.023683220E0
2.996211425E1,-5.091549568E0,-2.432943841E0,8.024525803E0
2.997209125E1,-5.090369600E0,-2.433648723E0,8.025060239E0
2.998206725E1,-5.089562684E0,-2.434499493E0,8.025314008E0
2.999204325E1,-5.088656366E0,-2.434919177E0,8.025761320E0
3.000202025E1,-5.087907922E0,-2.434484729E0,8.026368261E0
3.001199625E1,-5.086812154E0,-2.433745348E0,8.027286859E0
3.002197325E1,-5.086143233E0,-2.432453552E0,8.028101376E0
3.003194925E1,-5.085814619E0,-2.431352229E0,8.028643997E0
3.004192525E1,-5.085605289E0,-2.430559347E0,8.029015880E0
3.005190225E1,-5.086110488E0,-2.429964685E0,8.028876132E0
3.006187825E1,-5.087043704E0,-2.429599672E0,8.028394906E0
3.007185425E1,-5.088516033E0,-2.429302926E0,8.027552322E0
3.008183125E1,-5.090480112E0,-2.429305703E0,8.026305696E0
3.009180725E1,-5.092485707E0,-2.429843501E0,8.024870789E0
3.010178325E1,-5.094118835E0,-2.431159856E0,8.023435298E0
3.011176025E1,-5.094813484E0,-2.433163696E0,8.022386892E0
3.012173625E1,-5.094496565E0,-2.435247790E0,8.021955367E0
3.013171325E1,-5.094121174E0,-2.436720558E0,8.021747206E0
3.014168925E1,-5.093806009E0,-2.437387286E0,8.021744868E0
3.015166525E1,-5.093379747E0,-2.436781953E0,8.022198611E0
3.016164225E1,-5.093501369E0,-2.434654444E0,8.022767546E0
3.017161825E1,-5.093852786E0,-2.431766797E0,8.023420680E0
3.018159425E1,-5.094369680E0,-2.428695985E0,8.024022358E0
3.019157125E1,-5.094648008E0,-2.426181975E0,8.024605910E0
3.020154725E1,-5.094399501E0,-2.424540369E0,8.025260214E0
3.021152425E1,-5.093870913E0,-2.424165416E0,8.025709280E0
3.022150025E1,-5.092802626E0,-2.425180347E0,8.026080578E0
3.023147625E1,-5.092186330E0,-2.426783507E0,8.025987023E0
3.024145325E1,-5.091727908E0,-2.428699493E0,8.025698170E0
3.025142925E1,-5.090822759E0,-2.430549845E0,8.025711619E0
3.026140525E1,-5.089458604E0,-2.432066174E0,8.026117415E0
3.027138225E1,-5.087485169E0,-2.433094845E0,8.027057063E0
3.028135825E1,-5.085148036E0,-2.433609547E0,8.028381457E0
3.029133425E1,-5.083119053E0,-2.433567300E0,8.029679539E0
3.030131125E1,-5.081680638E0,-2.433037689E0,8.030750164E0
3.031128725E1,-5.080886586E0,-2.432187942E0,8.031509718E0
3.032126425E1,-5.080469679E0,-2.431174181E0,8.032080991E0
3.033124025E1,-5.079752226E0,-2.430282335E0,8.032804291E0
3.034121625E1,-5.078857602E0,-2.429586516E0,8.033580217E0
3.035119325E1,-5.077940174E0,-2.429060559E0,8.034319305E0
3.036116925E1,-5.077602205E0,-2.428583865E0,8.034677739E0
3.037114525E1,-5.078081092E0,-2.428284487E0,8.034465485E0
3.038112225E1,-5.079321871E0,-2.428236686E0,8.033694822E0
3.039109825E1,-5.080861443E0,-2.428846989E0,8.032537073E0
3.040107525E1,-5.082018022E0,-2.430193603E0,8.031397451E0
3.041105125E1,-5.082178820E0,-2.432351372E0,8.030642576E0
3.042102725E1,-5.081422775E0,-2.434890672E0,8.030351384E0
3.043100425E1,-5.080362675E0,-2.436949622E0,8.030397577E0
3.044098025E1,-5.079634112E0,-2.437973470E0,8.030547851E0
3.045095625E1,-5.080038739E0,-2.437220202E0,8.030520369E0
3.046093325E1,-5.081326296E0,-2.434692451E0,8.030473006E0
3.047090925E1,-5.082822599E0,-2.431158978E0,8.030596383E0
3.048088625E1,-5.083299147E0,-2.427344840E0,8.031448907E0
3.049086225E1,-5.082823768E0,-2.424206785E0,8.032697287E0
3.050083825E1,-5.081918035E0,-2.422395903E0,8.033816444E0
3.051081525E1,-5.081142109E0,-2.421956630E0,8.034439757E0
3.052079125E1,-5.080765548E0,-2.422800384E0,8.034423385E0
3.053076725E1,-5.080905297E0,-2.424819866E0,8.033725812E0
3.054074425E1,-5.081012301E0,-2.427339285E0,8.032897262E0
3.055072025E1,-5.080322329E0,-2.429755354E0,8.032603147E0
3.056069725E1,-5.078231365E0,-2.431680842E0,8.033342820E0
3.057067325E1,-5.076276641E0,-2.432834790E0,8.034229258E0
3.058064925E1,-5.075791322E0,-2.433241757E0,8.034412276E0
3.059062625E1,-5.075421778E0,-2.433082566E0,8.034693527E0
3.060060225E1,-5.074288588E0,-2.432094387E0,8.035708603E0
3.061057825E1,-5.072323338E0,-2.430903748E0,8.037309571E0
3.062055525E1,-5.069821315E0,-2.430033828E0,8.039150859E0
3.063053125E1,-5.068174154E0,-2.429316228E0,8.040406256E0
3.064050717E1,-5.067366654E0,-2.428983814E0,8.041015536E0
3.065048417E1,-5.067212287E0,-2.428823893E0,8.041161132E0
3.066046017E1,-5.067158493E0,-2.428833541E0,8.041192122E0
3.067043717E1,-5.066503605E0,-2.429317544E0,8.041458755E0
3.068041317E1,-5.065917714E0,-2.430502775E0,8.041469280E0
3.069038917E1,-5.065027183E0,-2.432508954E0,8.041424257E0
3.070036617E1,-5.064444215E0,-2.434830299E0,8.041088626E0
3.071034217E1,-5.064551804E0,-2.436861183E0,8.040405672E0
3.072031817E1,-5.064467019E0,-2.437836060E0,8.040163597E0
3.073029517E1,-5.065297324E0,-2.437059550E0,8.039875914E0
3.074027117E1,-5.066642768E0,-2.435358595E0,8.039543207E0
3.075024817E1,-5.067540316E0,-2.433442316E0,8.039558410E0
3.076022417E1,-5.068619127E0,-2.431561559E0,8.039446728E0
3.077020017E1,-5.069131928E0,-2.430505552E0,8.039443220E0
3.078017717E1,-5.068565918E0,-2.430188487E0,8.039895794E0
3.079015317E1,-5.067450854E0,-2.430345923E0,8.040551267E0
3.080012917E1,-5.066359763E0,-2.430835774E0,8.041090965E0
3.081010617E1,-5.066100147E0,-2.431166580E0,8.041154115E0
3.082008217E1,-5.065841700E0,-2.431300189E0,8.041276322E0
3.083005917E1,-5.065913621E0,-2.430933276E0,8.041341811E0
3.084003517E1,-5.066580203E0,-2.430227371E0,8.041135404E0
3.085001117E1,-5.066534010E0,-2.429593240E0,8.041355844E0
3.085998817E1,-5.065789660E0,-2.429078101E0,8.041980911E0
3.086996417E1,-5.065024844E0,-2.429352774E0,8.042379692E0
3.087994017E1,-5.064073502E0,-2.430441087E0,8.042649833E0
3.088991717E1,-5.063274187E0,-2.431603367E0,8.042801861E0
3.089989317E1,-5.062935049E0,-2.432418761E0,8.042769116E0
3.090987017E1,-5.063111635E0,-2.432499306E0,8.042633461E0
3.091984617E1,-5.063357803E0,-2.431950399E0,8.042644570E0
3.092982217E1,-5.062981242E0,-2.431086619E0,8.043142753E0
3.093979917E1,-5.062355590E0,-2.430193457E0,8.043805827E0
3.094977517E1,-5.061647492E0,-2.429835900E0,8.044359559E0
3.095975117E1,-5.061313616E0,-2.429776112E0,8.044587600E0
3.096972817E1,-5.061329988E0,-2.429533014E0,8.044650750E0
3.097970417E1,-5.061569724E0,-2.429550263E0,8.044494630E0
3.098968117E1,-5.062119947E0,-2.429831514E0,8.044063690E0
3.099965717E1,-5.062583631E0,-2.430321803E0,8.043623979E0
3.100963317E1,-5.062812842E0,-2.430875973E0,8.043312322E0
3.101961017E1,-5.062759632E0,-2.431789162E0,8.043069663E0
3.102958617E1,-5.061987800E0,-2.433135776E0,8.043148016E0
3.103956217E1,-5.060956936E0,-2.434278176E0,8.043451486E0
3.104953917E1,-5.060178087E0,-2.434762471E0,8.043794718E0
3.105951517E1,-5.059810297E0,-2.434651959E0,8.044059597E0
3.106949217E1,-5.060519564E0,-2.433800604E0,8.043870732E0
3.107946817E1,-5.061854483E0,-2.432300794E0,8.043484231E0
3.108944417E1,-5.062791207E0,-2.430836797E0,8.043337466E0
3.109942117E1,-5.062410554E0,-2.429756962E0,8.043903476E0
3.110939717E1,-5.060683286E0,-2.429525120E0,8.045060055E0
3.111937317E1,-5.058547298E0,-2.430184394E0,8.046204355E0
3.112935017E1,-5.057408261E0,-2.431274900E0,8.046590272E0
3.113932617E1,-5.057662615E0,-2.432238959E0,8.046139451E0
3.114930317E1,-5.058631498E0,-2.432454429E0,8.045465267E0
3.115927917E1,-5.059495717E0,-2.431864591E0,8.045099816E0
3.116925517E1,-5.060104997E0,-2.430961781E0,8.044989889E0
3.117923217E1,-5.060771579E0,-2.430196673E0,8.044801608E0
3.118920817E1,-5.061508328E0,-2.429829468E0,8.044449021E0
3.119918417E1,-5.061971428E0,-2.430006200E0,8.044104620E0
3.120916117E1,-5.062467856E0,-2.430309086E0,8.043700578E0
3.121913717E1,-5.063307517E0,-2.430511107E0,8.043110594E0
3.122911417E1,-5.063894577E0,-2.430666935E0,8.042694272E0
3.123909017E1,-5.063809792E0,-2.430731693E0,8.042728186E0
3.124906617E1,-5.062937388E0,-2.430909302E0,8.043223445E0
3.125904317E1,-5.060954597E0,-2.431379126E0,8.044329153E0
3.126901917E1,-5.058515723E0,-2.431961216E0,8.045686877E0
3.127899617E1,-5.056619471E0,-2.432117337E0,8.046832346E0
3.128897217E1,-5.056237063E0,-2.431402807E0,8.047287844E0
3.129894817E1,-5.057194253E0,-2.430271225E0,8.047028228E0
3.130892517E1,-5.057973102E0,-2.429628470E0,8.046732944E0
3.131890117E1,-5.058085368E0,-2.429617652E0,8.046666285E0
3.132887717E1,-5.057169110E0,-2.430798644E0,8.046885556E0
3.133885417E1,-5.054939566E0,-2.433102739E0,8.047589561E0
3.134883017E1,-5.052675524E0,-2.435243551E0,8.048363732E0
3.135880717E1,-5.051891413E0,-2.436511227E0,8.048472490E0
3.136878317E1,-5.052786037E0,-2.436292249E0,8.047976646E0
3.137875917E1,-5.055000962E0,-2.434528729E0,8.047120029E0
3.138873617E1,-5.057480766E0,-2.431824099E0,8.046379187E0
3.139871217E1,-5.059349536E0,-2.429159815E0,8.046009058E0
3.140868817E1,-5.059967002E0,-2.427526542E0,8.046113724E0
3.141866517E1,-5.059678735E0,-2.427159191E0,8.046406084E0
3.142864117E1,-5.060210246E0,-2.427674623E0,8.045916088E0
3.143861817E1,-5.061574987E0,-2.428611347E0,8.044775296E0
3.144859417E1,-5.062898211E0,-2.429457146E0,8.043687129E0
3.145857017E1,-5.063978777E0,-2.429949482E0,8.042857994E0
3.146854717E1,-5.063774124E0,-2.430707427E0,8.042758006E0
3.147852317E1,-5.061781978E0,-2.431810797E0,8.043678358E0
3.148849917E1,-5.059198093E0,-2.432757315E0,8.045017371E0
3.149847617E1,-5.057628701E0,-2.432898671E0,8.045961111E0
3.150845217E1,-5.058012278E0,-2.431913854E0,8.046017829E0
3.151842917E1,-5.059743639E0,-2.430164367E0,8.045457666E0
3.152840517E1,-5.061612409E0,-2.428176168E0,8.044882885E0
3.153838117E1,-5.061929328E0,-2.426815667E0,8.045093969E0
3.154835817E1,-5.059617923E0,-2.427120891E0,8.046455786E0
3.155833417E1,-5.055683917E0,-2.428879880E0,8.048397646E0
3.156831017E1,-5.052449822E0,-2.430910033E0,8.049815011E0
3.157828717E1,-5.052268558E0,-2.431768258E0,8.049670000E0
3.158826317E1,-5.054825546E0,-2.431001396E0,8.048296489E0
3.159824017E1,-5.058656057E0,-2.429084386E0,8.046468065E0
3.160821617E1,-5.061507159E0,-2.426974272E0,8.045312070E0
3.161819217E1,-5.061282626E0,-2.426402999E0,8.045624896E0
3.162816917E1,-5.058694648E0,-2.427819780E0,8.046825330E0
3.163814517E1,-5.056399616E0,-2.430347531E0,8.047504776E0
3.164812250E1,-5.056145262E0,-2.432841515E0,8.046910699E0
3.165809850E1,-5.057725180E0,-2.433858638E0,8.045610863E0
3.166807450E1,-5.060006179E0,-2.433027456E0,8.044427971E0
3.167805150E1,-5.061181469E0,-2.431214673E0,8.044236183E0
3.168802750E1,-5.060134233E0,-2.429264188E0,8.045483978E0
3.169800350E1,-5.058107588E0,-2.428199703E0,8.047079684E0
3.170798050E1,-5.056829386E0,-2.427910412E0,8.047970214E0
3.171795650E1,-5.057060936E0,-2.428033934E0,8.047787197E0
3.172793350E1,-5.058317503E0,-2.428021363E0,8.047001331E0
3.173790950E1,-5.059261828E0,-2.427996804E0,8.046415440E0
3.174788550E1,-5.058762476E0,-2.428319278E0,8.046631787E0
3.175786250E1,-5.056166312E0,-2.429441944E0,8.047924606E0
3.176783850E1,-5.052779020E0,-2.431012213E0,8.049577614E0
3.177781450E1,-5.051305522E0,-2.431981389E0,8.050209698E0
3.178779150E1,-5.053164352E0,-2.431410409E0,8.049216256E0
3.179776750E1,-5.057204778E0,-2.429215510E0,8.047341054E0
3.180774450E1,-5.061588435E0,-2.426131835E0,8.045514969E0
3.181772050E1,-5.063951295E0,-2.423840896E0,8.044718578E0
3.182769650E1,-5.063337337E0,-2.423642090E0,8.045164720E0
3.183767350E1,-5.061282626E0,-2.425373012E0,8.045935383E0
3.184764950E1,-5.060031906E0,-2.427991103E0,8.045932460E0
3.185762650E1,-5.060711353E0,-2.430015555E0,8.044894579E0
3.186760250E1,-5.062647951E0,-2.430507745E0,8.043526915E0
3.187757850E1,-5.064003920E0,-2.429708723E0,8.042914712E0
3.188755550E1,-5.063727347E0,-2.428593074E0,8.043425758E0
3.189753150E1,-5.061845128E0,-2.427800484E0,8.044850140E0
3.190750750E1,-5.059493963E0,-2.427786012E0,8.046333579E0
3.191748450E1,-5.058001753E0,-2.428389883E0,8.047089039E0
3.192746050E1,-5.058069581E0,-2.428984984E0,8.046866260E0
3.193743750E1,-5.059027939E0,-2.429121955E0,8.046222482E0
3.194741350E1,-5.058760722E0,-2.429011296E0,8.046424211E0
3.195738950E1,-5.056183854E0,-2.429182620E0,8.047991849E0
3.196736650E1,-5.053072550E0,-2.429876392E0,8.049736658E0
3.197734250E1,-5.051816568E0,-2.430369020E0,8.050376344E0
3.198731850E1,-5.053113481E0,-2.430085722E0,8.049647781E0
3.199729550E1,-5.056321263E0,-2.428812637E0,8.048017577E0
3.200727150E1,-5.059515597E0,-2.426928810E0,8.046577992E0
3.201724850E1,-5.060721293E0,-2.425881720E0,8.046135358E0
3.202722450E1,-5.059557112E0,-2.426658669E0,8.046633541E0
3.203720050E1,-5.057421125E0,-2.429080440E0,8.047245744E0
3.204717750E1,-5.056535271E0,-2.432117629E0,8.046884971E0
3.205715350E1,-5.057511172E0,-2.434166786E0,8.045652378E0
3.206713050E1,-5.059452447E0,-2.434442921E0,8.044347864E0
3.207710650E1,-5.061395477E0,-2.433075550E0,8.043538610E0
3.208708250E1,-5.062121701E0,-2.431220813E0,8.043642690E0
3.209705950E1,-5.061751572E0,-2.429859435E0,8.044287053E0
3.210703550E1,-5.060700828E0,-2.429860020E0,8.044947789E0
3.211701150E1,-5.059063023E0,-2.430950379E0,8.045648285E0
3.212698850E1,-5.058002338E0,-2.431683035E0,8.046093843E0
3.213696450E1,-5.057711146E0,-2.431530131E0,8.046323054E0
3.214694150E1,-5.057628116E0,-2.430353817E0,8.046731189E0
3.215691750E1,-5.057840370E0,-2.428246627E0,8.047233465E0
3.216689350E1,-5.058611033E0,-2.425944139E0,8.047443380E0
3.217687050E1,-5.059700369E0,-2.424280314E0,8.047260363E0
3.218684650E1,-5.061099608E0,-2.423297836E0,8.046676226E0
3.219682350E1,-5.062911660E0,-2.422911481E0,8.045652963E0
3.220679950E1,-5.064219682E0,-2.423651592E0,8.044606311E0
3.221677550E1,-5.064002166E0,-2.425872657E0,8.044074215E0
3.222675250E1,-5.062267882E0,-2.429027961E0,8.044213378E0
3.223672850E1,-5.060749944E0,-2.432092633E0,8.044242030E0
3.224670450E1,-5.060306726E0,-2.434122055E0,8.043907569E0
3.225668150E1,-5.060913082E0,-2.434377578E0,8.043448563E0
3.226665750E1,-5.062528083E0,-2.432951004E0,8.042864426E0
3.227663450E1,-5.063612157E0,-2.431352814E0,8.042665036E0
3.228661050E1,-5.062356759E0,-2.430548091E0,8.043698239E0
3.229658650E1,-5.059175289E0,-2.430953741E0,8.045576949E0
3.230656350E1,-5.055120830E0,-2.432276820E0,8.047725216E0
3.231653950E1,-5.052435204E0,-2.432925569E0,8.049215671E0
3.232651650E1,-5.052249262E0,-2.432077430E0,8.049588724E0
3.233649250E1,-5.054160717E0,-2.429521466E0,8.049160708E0
3.234646850E1,-5.056722967E0,-2.426042080E0,8.048600544E0
3.235644550E1,-5.058499351E0,-2.422969514E0,8.048409925E0
3.236642150E1,-5.059109216E0,-2.421572468E0,8.048447347E0
3.237639750E1,-5.059650083E0,-2.422191104E0,8.047921098E0
3.238637450E1,-5.059351875E0,-2.424688742E0,8.047356257E0
3.239635050E1,-5.058527418E0,-2.427762039E0,8.046948121E0
3.240632750E1,-5.058201143E0,-2.430377498E0,8.046363984E0
3.241630350E1,-5.058557823E0,-2.432376369E0,8.045535434E0
3.242627950E1,-5.059737207E0,-2.433453572E0,8.044468317E0
3.243625650E1,-5.060991434E0,-2.433646092E0,8.043620471E0
3.244623250E1,-5.061527039E0,-2.433525639E0,8.043319924E0
3.245620950E1,-5.060493836E0,-2.433248481E0,8.044053749E0
3.246618550E1,-5.057390134E0,-2.433424628E0,8.045952340E0
3.247616150E1,-5.053615172E0,-2.433601068E0,8.048270761E0
3.248613850E1,-5.051387383E0,-2.433653547E0,8.049653043E0
3.249611450E1,-5.050895047E0,-2.433182554E0,8.050104448E0
3.250609050E1,-5.052165062E0,-2.431482622E0,8.049821443E0
3.251606750E1,-5.053979453E0,-2.428939814E0,8.049449560E0
3.252604350E1,-5.055106797E0,-2.426411039E0,8.049504524E0
3.253602050E1,-5.055959321E0,-2.424587439E0,8.049519142E0
3.254599650E1,-5.056965042E0,-2.424359544E0,8.048955470E0
3.255597250E1,-5.058053209E0,-2.425964312E0,8.047787781E0
3.256594950E1,-5.058988763E0,-2.429344441E0,8.046180966E0
3.257592550E1,-5.059209788E0,-2.433622849E0,8.044748399E0
3.258590250E1,-5.059512089E0,-2.437766186E0,8.043303552E0
3.259587850E1,-5.060774503E0,-2.440894739E0,8.041560497E0
3.260585450E1,-5.062723964E0,-2.442743775E0,8.039771833E0
3.261583150E1,-5.065090333E0,-2.442908520E0,8.038231677E0
3.262580750E1,-5.065597871E0,-2.442172648E0,8.038134613E0
3.263578350E1,-5.063342015E0,-2.440702073E0,8.040002798E0
3.264576092E1,-5.059900344E0,-2.438918965E0,8.042710059E0
3.265573692E1,-5.056161050E0,-2.437683448E0,8.045435447E0
3.266571392E1,-5.054443138E0,-2.436120487E0,8.046988467E0
3.267568992E1,-5.055817233E0,-2.433797388E0,8.046828253E0
3.268566592E1,-5.058736163E0,-2.430952133E0,8.045853522E0
3.269564292E1,-5.061625273E0,-2.427924153E0,8.044950712E0
3.270561892E1,-5.063091754E0,-2.425914611E0,8.044634378E0
3.271559592E1,-5.062904059E0,-2.425976884E0,8.044733781E0
3.272557192E1,-5.062319337E0,-2.428173829E0,8.044438496E0
3.273554792E1,-5.061729938E0,-2.431690637E0,8.043747355E0
3.274552492E1,-5.061673805E0,-2.434940958E0,8.042799522E0
3.275550092E1,-5.062698821E0,-2.436943921E0,8.041547633E0
3.276547792E1,-5.064326102E0,-2.437516510E0,8.040348954E0
3.277545392E1,-5.066676098E0,-2.436705647E0,8.039114022E0
3.278542992E1,-5.068700404E0,-2.435392363E0,8.038235770E0
3.279540692E1,-5.068820856E0,-2.434149975E0,8.038536317E0
3.280538292E1,-5.066408880E0,-2.433821216E0,8.040156580E0
3.281535892E1,-5.062080186E0,-2.434302295E0,8.042736956E0
3.282533592E1,-5.058071335E0,-2.435059656E0,8.045029065E0
3.283531192E1,-5.055912543E0,-2.435480802E0,8.046258734E0
3.284528892E1,-5.055869858E0,-2.434363545E0,8.046623601E0
3.285526492E1,-5.057507663E0,-2.431509958E0,8.046457540E0
3.286524092E1,-5.058622727E0,-2.428190055E0,8.046758671E0
3.287521792E1,-5.058684708E0,-2.425338221E0,8.047580205E0
3.288519392E1,-5.058544375E0,-2.423955794E0,8.048084820E0
3.289517092E1,-5.058494673E0,-2.424583200E0,8.047926945E0
3.290514692E1,-5.058620973E0,-2.426309883E0,8.047327021E0
3.291512292E1,-5.058745519E0,-2.428016831E0,8.046734113E0
3.292509992E1,-5.059255396E0,-2.429042140E0,8.046103783E0
3.293507592E1,-5.060082192E0,-2.429300880E0,8.045506198E0
3.294505192E1,-5.060820111E0,-2.429229105E0,8.045062979E0
3.295502892E1,-5.061611824E0,-2.429169463E0,8.044583507E0
3.296500492E1,-5.061439916E0,-2.429755939E0,8.044513925E0
3.297498192E1,-5.059157748E0,-2.430833142E0,8.045624312E0
3.298495792E1,-5.055328991E0,-2.431814744E0,8.047733987E0
3.299493392E1,-5.051708980E0,-2.432434549E0,8.049819689E0
3.300491092E1,-5.049511011E0,-2.432161191E0,8.051281493E0
3.301488692E1,-5.049494639E0,-2.430414189E0,8.051818852E0
3.302486392E1,-5.050899725E0,-2.427337677E0,8.051866214E0
3.303483992E1,-5.052853864E0,-2.423833587E0,8.051695476E0
3.304481592E1,-5.054189368E0,-2.420826218E0,8.051762134E0
3.305479292E1,-5.054294618E0,-2.419047787E0,8.052230496E0
3.306476892E1,-5.054529092E0,-2.418991800E0,8.052100103E0
3.307474492E1,-5.055337762E0,-2.420468806E0,8.051148761E0
3.308472192E1,-5.056489078E0,-2.422804184E0,8.049723210E0
3.309469792E1,-5.057842709E0,-2.424720609E0,8.048295320E0
3.310467492E1,-5.058836151E0,-2.425973521E0,8.047293692E0
3.311465092E1,-5.059557112E0,-2.426616569E0,8.046646405E0
3.312462692E1,-5.060441796E0,-2.427356242E0,8.045866386E0
3.313460392E1,-5.061356885E0,-2.428193709E0,8.045038421E0
3.314457992E1,-5.061887228E0,-2.429164639E0,8.044411599E0
3.315455692E1,-5.060499684E0,-2.429912498E0,8.045058886E0
3.316453292E1,-5.057895918E0,-2.430150480E0,8.046623601E0
3.317450892E1,-5.055586853E0,-2.429991290E0,8.048123412E0
3.318448592E1,-5.053802283E0,-2.429298541E0,8.049453068E0
3.319446192E1,-5.053319888E0,-2.427434302E0,8.050317872E0
3.320443892E1,-5.053564301E0,-2.424478096E0,8.051055790E0
3.321441492E1,-5.054119202E0,-2.420651678E0,8.051858613E0
3.322439092E1,-5.054872908E0,-2.416893965E0,8.052514670E0
3.323436792E1,-5.055567557E0,-2.414350280E0,8.052840945E0
3.324434392E1,-5.056614794E0,-2.413467058E0,8.052448012E0
3.325431992E1,-5.057426387E0,-2.414450560E0,8.051644020E0
3.326429692E1,-5.057653844E0,-2.416825260E0,8.050788572E0
3.327427292E1,-5.057487783E0,-2.419539830E0,8.050077551E0
3.328424992E1,-5.057560288E0,-2.421792470E0,8.049354250E0
3.329422592E1,-5.058330951E0,-2.423110432E0,8.048473660E0
3.330420192E1,-5.059702123E0,-2.423691353E0,8.047436364E0
3.331417892E1,-5.061218306E0,-2.423686237E0,8.046484437E0
3.332415492E1,-5.061748649E0,-2.423449278E0,8.046222482E0
3.333413192E1,-5.060882676E0,-2.423158379E0,8.046854566E0
3.334410792E1,-5.058554900E0,-2.422676569E0,8.048463135E0
3.335408392E1,-5.055527796E0,-2.421909999E0,8.050595614E0
3.336406092E1,-5.053057932E0,-2.420656648E0,8.052522857E0
3.337403692E1,-5.051627119E0,-2.418736569E0,8.053997524E0
3.338401392E1,-5.051356393E0,-2.415970836E0,8.054997398E0
3.339398992E1,-5.052111853E0,-2.412802668E0,8.055473362E0
3.340396592E1,-5.052802994E0,-2.410519038E0,8.055723622E0
3.341394292E1,-5.053537404E0,-2.409673677E0,8.055515462E0
3.342391892E1,-5.054441383E0,-2.410683199E0,8.054645981E0
3.343389592E1,-5.054822037E0,-2.413421157E0,8.053587635E0
3.344387192E1,-5.054458925E0,-2.417162645E0,8.052693595E0
3.345384792E1,-5.053844383E0,-2.421080425E0,8.051902467E0
3.346382492E1,-5.053875373E0,-2.423979767E0,8.051010182E0
3.347380092E1,-5.055179887E0,-2.425477093E0,8.049740167E0
3.348377692E1,-5.057392473E0,-2.425357371E0,8.048386536E0
3.349375392E1,-5.059101614E0,-2.424245815E0,8.047647448E0
3.350372992E1,-5.059308021E0,-2.422939109E0,8.047910573E0
3.351370692E1,-5.057429311E0,-2.421939966E0,8.049392257E0
3.352368292E1,-5.054312160E0,-2.421422195E0,8.051505441E0
3.353365892E1,-5.051876795E0,-2.420831626E0,8.053211074E0
3.354363592E1,-5.050784535E0,-2.419500946E0,8.054296902E0
3.355361192E1,-5.051165773E0,-2.416617830E0,8.054923139E0
3.356358892E1,-5.052389596E0,-2.412753113E0,8.055314317E0
3.357356492E1,-5.053739718E0,-2.409173594E0,8.055538266E0
3.358354092E1,-5.054837825E0,-2.407043307E0,8.055486225E0
3.359351792E1,-5.055247715E0,-2.406764395E0,8.055311978E0
3.360349392E1,-5.055085162E0,-2.408496632E0,8.054896241E0
3.361347092E1,-5.054684628E0,-2.411683219E0,8.054193991E0
3.362344692E1,-5.054529092E0,-2.415278818E0,8.053214582E0
3.363342292E1,-5.055349456E0,-2.418476660E0,8.051739330E0
3.364339967E1,-5.057615252E0,-2.420555784E0,8.049692219E0
3.365337567E1,-5.059984544E0,-2.421758118E0,8.047840991E0
3.366335167E1,-5.060742928E0,-2.422180433E0,8.047236974E0
3.367332867E1,-5.059893327E0,-2.422033375E0,8.047815848E0
3.368330467E1,-5.057630455E0,-2.421540601E0,8.049386410E0
3.369328167E1,-5.055625445E0,-2.420533126E0,8.050948201E0
3.370325767E1,-5.055017919E0,-2.418866816E0,8.051831131E0
3.371323367E1,-5.055102704E0,-2.416353244E0,8.052532212E0
3.372321067E1,-5.055447105E0,-2.413114179E0,8.053287088E0
3.373318667E1,-5.055887400E0,-2.410108856E0,8.053910986E0
3.374316367E1,-5.056093222E0,-2.408248564E0,8.054337832E0
3.375313967E1,-5.056718874E0,-2.407962051E0,8.054030854E0
3.376311567E1,-5.057174957E0,-2.409373422E0,8.053322171E0
3.377309267E1,-5.057572567E0,-2.411947221E0,8.052302417E0
3.378306867E1,-5.058080691E0,-2.415069926E0,8.051047019E0
3.379304567E1,-5.058585305E0,-2.418132405E0,8.049810333E0
3.380302167E1,-5.059645405E0,-2.420606070E0,8.048400570E0
3.381299767E1,-5.061097854E0,-2.422437272E0,8.046936427E0
3.382297467E1,-5.062220519E0,-2.423268453E0,8.045979822E0
3.383295067E1,-5.062625731E0,-2.422875374E0,8.045843582E0
3.384292767E1,-5.062235137E0,-2.421676257E0,8.046449938E0
3.385290367E1,-5.061346360E0,-2.420084060E0,8.047488404E0
3.386287967E1,-5.060560495E0,-2.418085481E0,8.048582418E0
3.387285667E1,-5.060052372E0,-2.415560215E0,8.049660645E0
3.388283267E1,-5.059771705E0,-2.412790535E0,8.050667535E0
3.389280867E1,-5.060127801E0,-2.410111926E0,8.051246409E0
3.390278567E1,-5.060803739E0,-2.408303382E0,8.051362769E0
3.391276167E1,-5.061790749E0,-2.407796136E0,8.050893822E0
3.392273867E1,-5.062526329E0,-2.408825538E0,8.050123744E0
3.393271467E1,-5.062735659E0,-2.411168810E0,8.049289931E0
3.394269067E1,-5.062866637E0,-2.414185681E0,8.048303506E0
3.395266767E1,-5.062737413E0,-2.417463191E0,8.047400696E0
3.396264367E1,-5.062767819E0,-2.420237111E0,8.046548172E0
3.397262067E1,-5.064060638E0,-2.421919939E0,8.045228455E0
3.398259667E1,-5.065459292E0,-2.422462561E0,8.044184142E0
3.399257267E1,-5.065728264E0,-2.421621147E0,8.044268342E0
3.400254967E1,-5.065608396E0,-2.419562634E0,8.044963576E0
3.401252567E1,-5.065037708E0,-2.417166153E0,8.046042387E0
3.402250267E1,-5.063934923E0,-2.414512979E0,8.047533427E0
3.403247867E1,-5.063047900E0,-2.411690235E0,8.048937344E0
3.404245467E1,-5.062576030E0,-2.409154298E0,8.049993936E0
3.405243167E1,-5.062768403E0,-2.407161713E0,8.050468730E0
3.406240767E1,-5.063031528E0,-2.406116962E0,8.050615495E0
3.407238467E1,-5.062495338E0,-2.406330385E0,8.050889145E0
3.408236067E1,-5.061255729E0,-2.407785903E0,8.051232961E0
3.409233667E1,-5.059796848E0,-2.410560992E0,8.051320084E0
3.410231367E1,-5.058442633E0,-2.413944922E0,8.051156947E0
3.411228967E1,-5.057707638E0,-2.416960331E0,8.050713728E0
3.412226667E1,-5.057562627E0,-2.419178911E0,8.050138947E0
3.413224267E1,-5.058102910E0,-2.420264154E0,8.049473534E0
3.414221867E1,-5.059298666E0,-2.420235795E0,8.048729768E0
3.415219567E1,-5.059707386E0,-2.419536322E0,8.048683575E0
3.416217167E1,-5.058587644E0,-2.418035195E0,8.049838400E0
3.417214867E1,-5.056749864E0,-2.416135143E0,8.051563329E0
3.418212467E1,-5.055517271E0,-2.414427025E0,8.052849131E0
3.419210067E1,-5.055301509E0,-2.412895054E0,8.053444378E0
3.420207767E1,-5.056827047E0,-2.411255203E0,8.052977770E0
3.421205367E1,-5.059729021E0,-2.409972908E0,8.051538770E0
3.422202967E1,-5.061929328E0,-2.409187189E0,8.050390962E0
3.423200667E1,-5.062376640E0,-2.409322990E0,8.050068780E0
3.424198267E1,-5.062105329E0,-2.410680714E0,8.049833137E0
3.425195967E1,-5.061636382E0,-2.413522899E0,8.049275898E0
3.426193567E1,-5.061300167E0,-2.416974657E0,8.048451440E0
3.427191167E1,-5.061666788E0,-2.420064472E0,8.047292522E0
3.428188867E1,-5.062339802E0,-2.422085708E0,8.046261073E0
3.429186467E1,-5.063447265E0,-2.422854617E0,8.045332536E0
3.430184167E1,-5.063933753E0,-2.422880783E0,8.045018540E0
3.431181767E1,-5.062937388E0,-2.422194027E0,8.045852353E0
3.432179367E1,-5.060910743E0,-2.421184213E0,8.047431101E0
3.433177067E1,-5.058237981E0,-2.420251729E0,8.049392257E0
3.434174667E1,-5.056827047E0,-2.418877341E0,8.050691509E0
3.435172367E1,-5.057058597E0,-2.417081953E0,8.051085611E0
3.436169967E1,-5.058672429E0,-2.415541650E0,8.050533634E0
3.437167567E1,-5.060490913E0,-2.414320605E0,8.049757708E0
3.438165267E1,-5.061498388E0,-2.413998424E0,8.049219764E0
3.439162867E1,-5.061576156E0,-2.414787944E0,8.048934420E0
3.440160567E1,-5.060887354E0,-2.416783014E0,8.048768944E0
3.441158167E1,-5.060001501E0,-2.419443790E0,8.048526285E0
3.442155767E1,-5.059606814E0,-2.422355849E0,8.047898878E0
3.443153467E1,-5.059527876E0,-2.425070127E0,8.047131139E0
3.444151067E1,-5.059950045E0,-2.427075722E0,8.046260489E0
3.445148767E1,-5.060470448E0,-2.428484462E0,8.045507952E0
3.446146367E1,-5.060153528E0,-2.428718935E0,8.045636591E0
3.447143967E1,-5.058754874E0,-2.427988911E0,8.046736452E0
3.448141667E1,-5.056571524E0,-2.426911561E0,8.048433899E0
3.449139267E1,-5.054753040E0,-2.425726038E0,8.049933710E0
3.450136967E1,-5.053946124E0,-2.424768703E0,8.050727761E0
3.451134567E1,-5.053764861E0,-2.423915594E0,8.051098475E0
3.452132167E1,-5.053963081E0,-2.423340374E0,8.051148176E0
3.453129867E1,-5.054814436E0,-2.423403816E0,8.050593860E0
3.454127467E1,-5.055716661E0,-2.424631732E0,8.049657721E0
3.455125167E1,-5.056469783E0,-2.426428727E0,8.048643229E0
3.456122767E1,-5.057135196E0,-2.428625234E0,8.047562664E0
3.457120367E1,-5.057437497E0,-2.430833581E0,8.046705462E0
3.458118067E1,-5.057665538E0,-2.432803362E0,8.045966958E0
3.459115667E1,-5.058102910E0,-2.434570244E0,8.045157704E0
3.460113367E1,-5.058518647E0,-2.435922267E0,8.044487028E0
3.461110967E1,-5.058632668E0,-2.436486230E0,8.044244953E0
3.462108567E1,-5.057983042E0,-2.436362708E0,8.044690511E0
3.463106267E1,-5.056749864E0,-2.435465599E0,8.045737748E0
3.464103867E1,-5.055678070E0,-2.434056128E0,8.046837609E0
3.465101563E1,-5.054607444E0,-2.432681447E0,8.047925191E0
3.466099162E1,-5.053771877E0,-2.431354129E0,8.048851390E0
3.467096762E1,-5.053422214E0,-2.430739587E0,8.049256602E0
3.468094463E1,-5.053018171E0,-2.430961635E0,8.049443128E0
3.469092063E1,-5.053929752E0,-2.431405439E0,8.048736784E0
3.470089762E1,-5.057152153E0,-2.432262933E0,8.046452862E0
3.471087363E1,-5.060999621E0,-2.433700325E0,8.043598836E0
3.472084963E1,-5.064218513E0,-2.434987589E0,8.041183351E0
3.473082663E1,-5.066663234E0,-2.436326455E0,8.039237398E0
3.474080262E1,-5.068690463E0,-2.437545454E0,8.037589653E0
3.475077863E1,-5.071114134E0,-2.438181046E0,8.035867648E0
3.476075563E1,-5.073293976E0,-2.438410111E0,8.034422216E0
3.477073162E1,-5.074352322E0,-2.438694578E0,8.033667925E0
3.478070862E1,-5.074361678E0,-2.438865316E0,8.033610622E0
3.479068463E1,-5.072515127E0,-2.438734046E0,8.034816318E0
3.480066063E1,-5.069672796E0,-2.437600564E0,8.036953475E0
3.481063762E1,-5.066537519E0,-2.435963489E0,8.039426263E0
3.482061362E1,-5.063014571E0,-2.434256541E0,8.042162760E0
3.483059063E1,-5.060503777E0,-2.432421539E0,8.044297578E0
3.484056663E1,-5.059044312E0,-2.430474270E0,8.045804406E0
3.485054262E1,-5.058240904E0,-2.429254979E0,8.046677980E0
3.486051963E1,-5.058767154E0,-2.429070645E0,8.046402576E0
3.487049563E1,-5.059285802E0,-2.430368727E0,8.045684538E0
3.488047262E1,-5.058887606E0,-2.432943256E0,8.045156534E0
3.489044862E1,-5.057877792E0,-2.435932353E0,8.044886978E0
3.490042463E1,-5.056732907E0,-2.438529248E0,8.044819735E0
3.491040163E1,-5.056767991E0,-2.439743714E0,8.044429141E0
3.492037762E1,-5.058088877E0,-2.439427380E0,8.043695315E0
3.493035462E1,-5.059903852E0,-2.437767209E0,8.043056799E0
3.494033063E1,-5.061746895E0,-2.434978234E0,8.042741634E0
3.495030663E1,-5.062297702E0,-2.432583653E0,8.043119949E0
3.496028362E1,-5.062047442E0,-2.431046273E0,8.043742678E0
3.497025962E1,-5.061993062E0,-2.430043914E0,8.044079477E0
3.498023663E1,-5.062671340E0,-2.429030738E0,8.043958440E0
3.499021263E1,-5.064359431E0,-2.427543207E0,8.043345067E0
3.500018862E1,-5.067137443E0,-2.426016060E0,8.042055756E0
3.501016563E1,-5.070938718E0,-2.425302700E0,8.039874744E0
3.502014163E1,-5.074631234E0,-2.425912857E0,8.037361026E0
3.503011862E1,-5.077030347E0,-2.428035981E0,8.035203989E0
3.504009462E1,-5.077745461E0,-2.431395352E0,8.033735753E0
3.505007063E1,-5.077660092E0,-2.434994460E0,8.032700211E0
3.506004763E1,-5.078095125E0,-2.437738119E0,8.031592748E0
3.507002362E1,-5.080210648E0,-2.438630551E0,8.029983594E0
3.508000062E1,-5.083639455E0,-2.437672923E0,8.028104299E0
3.508997663E1,-5.086312802E0,-2.435371897E0,8.027109103E0
3.509995263E1,-5.086954241E0,-2.432395080E0,8.027606117E0
3.510992962E1,-5.085381340E0,-2.429788537E0,8.029390687E0
3.511990563E1,-5.083161153E0,-2.427989203E0,8.031341318E0
3.512988263E1,-5.081260808E0,-2.426874870E0,8.032880305E0
3.513985863E1,-5.081028088E0,-2.425712443E0,8.033379073E0
3.514983462E1,-5.082415633E0,-2.424838723E0,8.032764530E0
3.515981163E1,-5.083816625E0,-2.424719440E0,8.031914345E0
3.516978763E1,-5.084204296E0,-2.425232679E0,8.031513811E0
3.517976462E1,-5.083437726E0,-2.426743892E0,8.031543047E0
3.518974062E1,-5.081318110E0,-2.429472641E0,8.032058771E0
3.519971663E1,-5.078677508E0,-2.432743282E0,8.032738802E0
3.520969363E1,-5.077614484E0,-2.435212561E0,8.032662204E0
3.521966962E1,-5.078744166E0,-2.436015237E0,8.031705015E0
3.522964662E1,-5.081502882E0,-2.434819189E0,8.030322733E0
3.523962263E1,-5.083710206E0,-2.432485273E0,8.029632761E0
3.524959863E1,-5.083899071E0,-2.429955768E0,8.030279464E0
3.525957562E1,-5.082630225E0,-2.427703274E0,8.031763487E0
3.526955163E1,-5.080297771E0,-2.426509711E0,8.033600097E0
3.527952863E1,-5.078431340E0,-2.425697094E0,8.035025064E0
3.528950463E1,-5.078891516E0,-2.424638164E0,8.035053715E0
3.529948062E1,-5.080842147E0,-2.423884019E0,8.034047994E0
3.530945763E1,-5.082921417E0,-2.423728044E0,8.032779733E0
3.531943363E1,-5.084549282E0,-2.424543146E0,8.031503286E0
3.532941062E1,-5.085080209E0,-2.426651360E0,8.030530894E0
3.533938662E1,-5.084623541E0,-2.429762079E0,8.029879514E0
3.534936263E1,-5.083427786E0,-2.432849993E0,8.029701174E0
3.535933963E1,-5.082710332E0,-2.434843309E0,8.029550900E0
3.536931562E1,-5.083577474E0,-2.435245598E0,8.028880225E0
3.537929263E1,-5.085212941E0,-2.434135065E0,8.028181483E0
3.538926863E1,-5.087369978E0,-2.431761388E0,8.027534196E0
3.539924463E1,-5.088758107E0,-2.429144467E0,8.027446488E0
3.540922162E1,-5.087978089E0,-2.427052917E0,8.028573246E0
3.541919763E1,-5.086388816E0,-2.425722822E0,8.029981840E0
3.542917463E1,-5.084531155E0,-2.425316587E0,8.031281092E0
3.543915062E1,-5.083711376E0,-2.424988412E0,8.031899727E0
3.544912662E1,-5.084618863E0,-2.424777474E0,8.031388680E0
3.545910363E1,-5.085704107E0,-2.424891056E0,8.030667134E0
3.546907963E1,-5.085718140E0,-2.425563339E0,8.030456049E0
3.547905662E1,-5.084638159E0,-2.427393810E0,8.030585858E0
3.548903262E1,-5.083505554E0,-2.430385246E0,8.030398162E0
3.549900863E1,-5.082994507E0,-2.433757920E0,8.029700004E0
3.550898563E1,-5.082448962E0,-2.436556105E0,8.029197144E0
3.551896162E1,-5.082102807E0,-2.437594570E0,8.029101250E0
3.552893863E1,-5.082289333E0,-2.437247538E0,8.029087801E0
3.553891463E1,-5.082535501E0,-2.435702411E0,8.029401212E0
3.554889163E1,-5.083155890E0,-2.433329173E0,8.029728071E0
3.555886762E1,-5.083042454E0,-2.431231484E0,8.030435584E0
3.556884363E1,-5.081259638E0,-2.429760032E0,8.032009070E0
3.557882063E1,-5.079003198E0,-2.428868770E0,8.033705347E0
3.558879662E1,-5.077795163E0,-2.428413857E0,8.034606988E0
3.559877262E1,-5.078369359E0,-2.428277032E0,8.034284806E0
3.560874963E1,-5.080036401E0,-2.428628596E0,8.033125303E0
3.561872563E1,-5.081575388E0,-2.429612536E0,8.031853534E0
3.562870262E1,-5.081772439E0,-2.431421957E0,8.031181689E0
3.563867862E1,-5.080215910E0,-2.434514257E0,8.031229636E0
3.564865575E1,-5.078348894E0,-2.438202827E0,8.031291617E0
3.565863175E1,-5.076940300E0,-2.441543341E0,8.031167071E0
3.566860775E1,-5.076084852E0,-2.443162435E0,8.031215018E0
3.567858475E1,-5.076629228E0,-2.442469248E0,8.031082286E0
3.568856075E1,-5.077700438E0,-2.440239266E0,8.031082286E0
3.569853775E1,-5.078489227E0,-2.437283352E0,8.031481651E0
3.570851375E1,-5.078143072E0,-2.434402429E0,8.032573911E0
3.571848975E1,-5.075704783E0,-2.432789036E0,8.034604064E0
3.572846675E1,-5.072888179E0,-2.432168939E0,8.036569898E0
3.573844275E1,-5.071185470E0,-2.431932711E0,8.037716537E0
3.574841975E1,-5.071228155E0,-2.431453532E0,8.037834066E0
3.575839575E1,-5.073581659E0,-2.430967336E0,8.036495638E0
3.576837175E1,-5.075710630E0,-2.431401492E0,8.035019801E0
3.577834875E1,-5.076331605E0,-2.432860664E0,8.034186573E0
3.578832475E1,-5.075421778E0,-2.435728724E0,8.033891873E0
3.579830175E1,-5.072642596E0,-2.439409984E0,8.034529805E0
3.580827775E1,-5.070752192E0,-2.442219279E0,8.034870113E0
3.581825375E1,-5.071426376E0,-2.443464736E0,8.034066120E0
3.582823075E1,-5.073413259E0,-2.442776519E0,8.033020638E0
3.583820675E1,-5.076011177E0,-2.440297592E0,8.032132446E0
3.584818375E1,-5.077294641E0,-2.437461108E0,8.032182732E0
3.585815975E1,-5.076924512E0,-2.435033051E0,8.033153370E0
3.586813575E1,-5.075884293E0,-2.433913017E0,8.034149736E0
3.587811275E1,-5.073788651E0,-2.433884073E0,8.035482316E0
3.588808875E1,-5.072670663E0,-2.433877788E0,8.036190414E0
3.589806575E1,-5.073272926E0,-2.433880565E0,8.035809175E0
3.590804175E1,-5.074900791E0,-2.434195291E0,8.034685925E0
3.591801775E1,-5.077125072E0,-2.434829276E0,8.033088466E0
3.592799475E1,-5.078147750E0,-2.436454948E0,8.031948844E0
3.593797075E1,-5.077464795E0,-2.439085025E0,8.031582808E0
3.594794775E1,-5.075556264E0,-2.441906599E0,8.031931302E0
3.595792375E1,-5.073782219E0,-2.443944062E0,8.032431824E0
3.596789975E1,-5.073788651E0,-2.444207771E0,8.032348208E0
3.597787675E1,-5.075184966E0,-2.442789675E0,8.031897388E0
3.598785275E1,-5.077475320E0,-2.440156089E0,8.031250101E0
3.599782975E1,-5.078565826E0,-2.437282914E0,8.031433119E0
3.600780575E1,-5.077675295E0,-2.435075297E0,8.032665712E0
3.601778175E1,-5.075677886E0,-2.433917695E0,8.034278959E0
3.602775875E1,-5.073621420E0,-2.433753827E0,8.035627327E0
3.603773475E1,-5.073115051E0,-2.433762013E0,8.035944831E0
3.604771175E1,-5.074903130E0,-2.433811568E0,8.034800531E0
3.605768775E1,-5.078393333E0,-2.433992685E0,8.032539997E0
3.606766375E1,-5.081725076E0,-2.434489260E0,8.030282387E0
3.607764075E1,-5.083542391E0,-2.435646863E0,8.028780822E0
3.608761675E1,-5.083352357E0,-2.437619859E0,8.028302520E0
3.609759375E1,-5.081279519E0,-2.439895303E0,8.028922909E0
3.610756975E1,-5.079447001E0,-2.441544949E0,8.029581306E0
3.611754575E1,-5.079763920E0,-2.442104820E0,8.029211177E0
3.612752275E1,-5.082089943E0,-2.440897662E0,8.028106053E0
3.613749875E1,-5.085313513E0,-2.438169790E0,8.026892756E0
3.614747575E1,-5.086629721E0,-2.434990220E0,8.027024319E0
3.615745175E1,-5.085064421E0,-2.432639493E0,8.028728782E0
3.616742875E1,-5.081982939E0,-2.432095410E0,8.030844305E0
3.617740475E1,-5.079029510E0,-2.432805847E0,8.032497312E0
3.618738075E1,-5.078751183E0,-2.433603992E0,8.032431824E0
3.619735775E1,-5.081504636E0,-2.434527559E0,8.030409856E0
3.620733375E1,-5.085157977E0,-2.435768485E0,8.027720722E0
3.621731075E1,-5.087604452E0,-2.437238913E0,8.025724483E0
3.622728675E1,-5.087555920E0,-2.439587740E0,8.025040943E0
3.623726275E1,-5.084898945E0,-2.442798885E0,8.025748456E0
3.624723975E1,-5.081948440E0,-2.445599408E0,8.026764117E0
3.625721575E1,-5.080461493E0,-2.447303726E0,8.027186286E0
3.626719275E1,-5.081778871E0,-2.446453833E0,8.026611505E0
3.627716875E1,-5.084030049E0,-2.443626266E0,8.026046664E0
3.628714475E1,-5.085326377E0,-2.439772950E0,8.026398082E0
3.629712175E1,-5.085241007E0,-2.436284355E0,8.027511976E0
3.630709775E1,-5.081878273E0,-2.434687042E0,8.030125097E0
3.631707475E1,-5.076974214E0,-2.434757647E0,8.033204826E0
3.632705075E1,-5.074129543E0,-2.435497905E0,8.034778311E0
3.633702675E1,-5.074041835E0,-2.436332449E0,8.034580675E0
3.634700375E1,-5.076246820E0,-2.436696584E0,8.033077356E0
3.635697975E1,-5.078704405E0,-2.437461985E0,8.031291032E0
3.636695675E1,-5.079287957E0,-2.439330901E0,8.030354893E0
3.637693275E1,-5.078739488E0,-2.442133179E0,8.029849693E0
3.638690875E1,-5.076799967E0,-2.445383208E0,8.030087675E0
3.639688575E1,-5.075343425E0,-2.447377693E0,8.030400501E0
3.640686175E1,-5.076623966E0,-2.447318051E0,8.029609957E0
3.641683875E1,-5.079751056E0,-2.445463022E0,8.028196101E0
3.642681475E1,-5.083706698E0,-2.441897975E0,8.026777566E0
3.643679075E1,-5.086346131E0,-2.438157511E0,8.026242546E0
3.644676775E1,-5.086405188E0,-2.436029563E0,8.026851241E0
3.645674375E1,-5.084458650E0,-2.435835289E0,8.028143476E0
3.646672075E1,-5.082082341E0,-2.437017889E0,8.029288945E0
3.647669675E1,-5.081229817E0,-2.438108102E0,8.029498276E0
3.648667375E1,-5.083300901E0,-2.438751296E0,8.027990863E0
3.649664975E1,-5.087258297E0,-2.439291432E0,8.025319855E0
3.650662575E1,-5.090607582E0,-2.439929071E0,8.023002019E0
3.651660275E1,-5.091146110E0,-2.441073956E0,8.022312047E0
3.652657875E1,-5.088701389E0,-2.442851656E0,8.023321862E0
3.653655575E1,-5.085742698E0,-2.444544571E0,8.024681924E0
3.654653175E1,-5.084720020E0,-2.445424431E0,8.025062578E0
3.655650775E1,-5.086484710E0,-2.445056933E0,8.024055687E0
3.656648475E1,-5.089552744E0,-2.443135392E0,8.022695625E0
3.657646075E1,-5.091608040E0,-2.440325220E0,8.022246559E0
3.658643775E1,-5.091272995E0,-2.437652750E0,8.023271576E0
3.659641375E1,-5.088765709E0,-2.436391067E0,8.025245596E0
3.660638975E1,-5.085433965E0,-2.436694976E0,8.027264639E0
3.661636675E1,-5.083376915E0,-2.437666930E0,8.028272699E0
3.662634275E1,-5.083944679E0,-2.438796758E0,8.027569864E0
3.663631975E1,-5.086009331E0,-2.439646358E0,8.026003395E0
3.664629567E1,-5.088447036E0,-2.440471400E0,8.024207715E0
3.665627167E1,-5.089045790E0,-2.442534737E0,8.023199655E0
3.666624867E1,-5.086540259E0,-2.445723369E0,8.023817706E0
3.667622467E1,-5.082752432E0,-2.448607216E0,8.025338566E0
3.668620167E1,-5.079535294E0,-2.450363135E0,8.026838962E0
3.669617767E1,-5.079124235E0,-2.449843025E0,8.027257622E0
3.670615467E1,-5.082147830E0,-2.446834779E0,8.026261842E0
3.671613067E1,-5.085989451E0,-2.442678870E0,8.025093568E0
3.672610667E1,-5.087819045E0,-2.438679813E0,8.025150286E0
3.673608367E1,-5.086288244E0,-2.436851243E0,8.026675825E0
3.674605967E1,-5.082915570E0,-2.437719847E0,8.028548688E0
3.675603667E1,-5.080038739E0,-2.439972340E0,8.029685386E0
3.676601267E1,-5.079607215E0,-2.441921948E0,8.029365544E0
3.677598867E1,-5.082565321E0,-2.442907497E0,8.027193303E0
3.678596567E1,-5.086795197E0,-2.443284934E0,8.024398919E0
3.679594167E1,-5.090053850E0,-2.443803729E0,8.022174638E0
3.680591867E1,-5.090675994E0,-2.445594146E0,8.021233821E0
3.681589467E1,-5.088268111E0,-2.448577542E0,8.021851287E0
3.682587067E1,-5.085585993E0,-2.450914381E0,8.022838297E0
3.683584767E1,-5.085072023E0,-2.451441362E0,8.023003188E0
3.684582367E1,-5.088331845E0,-2.449129957E0,8.021641957E0
3.685580067E1,-5.093125393E0,-2.445117890E0,8.019823472E0
3.686577667E1,-5.095585901E0,-2.441084189E0,8.019489012E0
3.687575267E1,-5.093990781E0,-2.438883881E0,8.021172425E0
3.688572967E1,-5.088899610E0,-2.439669162E0,8.024164445E0
3.689570567E1,-5.083707283E0,-2.442248515E0,8.026670562E0
3.690568267E1,-5.081867164E0,-2.444160555E0,8.027254114E0
3.691565867E1,-5.083771602E0,-2.444557581E0,8.025927381E0
3.692563567E1,-5.087195147E0,-2.444246217E0,8.023852204E0
3.693561167E1,-5.089444571E0,-2.444340795E0,8.022396832E0
3.694558767E1,-5.088930016E0,-2.446215851E0,8.022151834E0
3.695556467E1,-5.085863151E0,-2.449822852E0,8.022995587E0
3.696554067E1,-5.082042580E0,-2.453375328E0,8.024331676E0
3.697551767E1,-5.080402436E0,-2.455185626E0,8.024816410E0
3.698549367E1,-5.082277054E0,-2.454093659E0,8.023963301E0
3.699546967E1,-5.086632645E0,-2.450565449E0,8.022281642E0
3.700544667E1,-5.090885909E0,-2.446354869E0,8.020867785E0
3.701542267E1,-5.092050090E0,-2.443375274E0,8.021037939E0
3.702539967E1,-5.089521754E0,-2.442847855E0,8.022802629E0
3.703537567E1,-5.085015889E0,-2.444837370E0,8.025053807E0
3.704535167E1,-5.081746126E0,-2.447468763E0,8.026322653E0
3.705532867E1,-5.082827861E0,-2.449037279E0,8.025159642E0
3.706530467E1,-5.086900447E0,-2.449230968E0,8.022519039E0
3.707528167E1,-5.090847902E0,-2.448805583E0,8.020145069E0
3.708525767E1,-5.092777483E0,-2.448819762E0,8.018915400E0
3.709523367E1,-5.091351932E0,-2.450568372E0,8.019286113E0
3.710521067E1,-5.088320151E0,-2.452935910E0,8.020485962E0
3.711518667E1,-5.086798705E0,-2.454426658E0,8.020995255E0
3.712516367E1,-5.087952361E0,-2.454073778E0,8.020371941E0
3.713513967E1,-5.091485249E0,-2.451474983E0,8.018924171E0
3.714511667E1,-5.095057313E0,-2.447461162E0,8.017881612E0
3.715509267E1,-5.096255992E0,-2.443675382E0,8.018274545E0
3.716506867E1,-5.094262676E0,-2.441799303E0,8.020112325E0
3.717504567E1,-5.089795403E0,-2.442302310E0,8.022795612E0
3.718502167E1,-5.086390570E0,-2.443942015E0,8.024454467E0
3.719499867E1,-5.086933776E0,-2.445663289E0,8.023586156E0
3.720497467E1,-5.089818792E0,-2.446943099E0,8.021365968E0
3.721495067E1,-5.092526053E0,-2.447686572E0,8.019420599E0
3.722492767E1,-5.092624286E0,-2.448963019E0,8.018968610E0
3.723490367E1,-5.089982514E0,-2.451553921E0,8.019854463E0
3.724488067E1,-5.087325540E0,-2.454498871E0,8.020639744E0
3.725485667E1,-5.086544352E0,-2.456545104E0,8.020508766E0
3.726483367E1,-5.088228350E0,-2.456423482E0,8.019477317E0
3.727480967E1,-5.091123306E0,-2.453968528E0,8.018391489E0
3.728478567E1,-5.093623576E0,-2.450160968E0,8.017968151E0
3.729476267E1,-5.094832780E0,-2.446660240E0,8.018269283E0
3.730473867E1,-5.093718885E0,-2.445141279E0,8.019439895E0
3.731471567E1,-5.090685350E0,-2.445741203E0,8.021182950E0
3.732469167E1,-5.088103219E0,-2.447632047E0,8.022244220E0
3.733466767E1,-5.088230104E0,-2.449874746E0,8.021479404E0
3.734464467E1,-5.090201200E0,-2.451389468E0,8.019765585E0
3.735462067E1,-5.092398584E0,-2.451961325E0,8.018195608E0
3.736459767E1,-5.093211932E0,-2.452666646E0,8.017462952E0
3.737457367E1,-5.090844394E0,-2.454374033E0,8.018444699E0
3.738455067E1,-5.087665263E0,-2.456170297E0,8.019912350E0
3.739452667E1,-5.086253160E0,-2.457423063E0,8.020423982E0
3.740450267E1,-5.087456517E0,-2.456901492E0,8.019820549E0
3.741447967E1,-5.091146695E0,-2.454145991E0,8.018321908E0
3.742445567E1,-5.093862142E0,-2.450365474E0,8.017753558E0
3.743443267E1,-5.094181985E0,-2.446807005E0,8.018637657E0
3.744440867E1,-5.092216151E0,-2.445294038E0,8.020347383E0
3.745438467E1,-5.089472637E0,-2.446244649E0,8.021798662E0
3.746436167E1,-5.088716592E0,-2.448453288E0,8.021604534E0
3.747433767E1,-5.090034555E0,-2.450827404E0,8.020043328E0
3.748431467E1,-5.092461149E0,-2.452427056E0,8.018013759E0
3.749429067E1,-5.094863770E0,-2.453588752E0,8.016131541E0
3.750426667E1,-5.095055559E0,-2.454908468E0,8.015605291E0
3.751424367E1,-5.093162815E0,-2.456453887E0,8.016335024E0
3.752421967E1,-5.091788135E0,-2.457793484E0,8.016798123E0
3.753419667E1,-5.091743111E0,-2.458207760E0,8.016699890E0
3.754417267E1,-5.093790806E0,-2.456938329E0,8.015787140E0
3.755414967E1,-5.097572785E0,-2.454367308E0,8.014170969E0
3.756412567E1,-5.100063114E0,-2.451510651E0,8.013460532E0
3.757410167E1,-5.099853784E0,-2.449295141E0,8.014270957E0
3.758407867E1,-5.097013206E0,-2.448977783E0,8.016174810E0
3.759405467E1,-5.093440558E0,-2.450614273E0,8.017945932E0
3.760403167E1,-5.092175805E0,-2.452998767E0,8.018019606E0
3.761400767E1,-5.092628379E0,-2.455325667E0,8.017020902E0
3.762398367E1,-5.093665091E0,-2.456803258E0,8.015908762E0
3.763396067E1,-5.094238703E0,-2.457777989E0,8.015245103E0
3.764393667E1,-5.092622532E0,-2.459026370E0,8.015889466E0
3.765391288E1,-5.090264350E0,-2.460269195E0,8.017006284E0
3.766388887E1,-5.088953989E0,-2.460907127E0,8.017641876E0
3.767386587E1,-5.089477315E0,-2.459971572E0,8.017596853E0
3.768384188E1,-5.092004482E0,-2.457335355E0,8.016801047E0
3.769381788E1,-5.094712912E0,-2.453975837E0,8.016108736E0
3.770379487E1,-5.095771843E0,-2.451226915E0,8.016277136E0
3.771377088E1,-5.094497150E0,-2.450104688E0,8.017430207E0
3.772374788E1,-5.091663004E0,-2.450986302E0,8.018961008E0
3.773372388E1,-5.089725822E0,-2.453387607E0,8.019456852E0
3.774369987E1,-5.090491807E0,-2.456445701E0,8.018034225E0
3.775367688E1,-5.092813151E0,-2.458931060E0,8.015797665E0
3.776365288E1,-5.094805883E0,-2.460809771E0,8.013954622E0
3.777362987E1,-5.095069007E0,-2.462823844E0,8.013168172E0
3.778360587E1,-5.092915478E0,-2.464999008E0,8.013868668E0
3.779358288E1,-5.090360245E0,-2.466211136E0,8.015118803E0
3.780355888E1,-5.089095492E0,-2.465791014E0,8.016052018E0
3.781353487E1,-5.090198277E0,-2.463347462E0,8.016102304E0
3.782351188E1,-5.093418338E0,-2.459578639E0,8.015214697E0
3.783348788E1,-5.096612672E0,-2.455841391E0,8.014330013E0
3.784346488E1,-5.097309076E0,-2.453256922E0,8.014678507E0
3.785344087E1,-5.094959664E0,-2.452799377E0,8.016312220E0
3.786341688E1,-5.092081080E0,-2.454339534E0,8.017669943E0
3.787339388E1,-5.090830361E0,-2.456923711E0,8.017672282E0
3.788336987E1,-5.092186915E0,-2.459330425E0,8.016073068E0
3.789334687E1,-5.094963757E0,-2.461200949E0,8.013733597E0
3.790332288E1,-5.096926668E0,-2.462939619E0,8.011951951E0
3.791329988E1,-5.096434917E0,-2.464885572E0,8.011665437E0
3.792327587E1,-5.094170875E0,-2.467032670E0,8.012444871E0
3.793325187E1,-5.092737138E0,-2.468463483E0,8.012915572E0
3.794322888E1,-5.093391441E0,-2.468313502E0,8.012546028E0
3.795320488E1,-5.095923870E0,-2.466035720E0,8.011636786E0
3.796318187E1,-5.098866189E0,-2.462428865E0,8.010874309E0
3.797315788E1,-5.100746654E0,-2.459184537E0,8.010673749E0
3.798313488E1,-5.099849106E0,-2.457986150E0,8.011612812E0
3.799311088E1,-5.096812062E0,-2.459045081E0,8.013220212E0
3.800308687E1,-5.094229347E0,-2.461208843E0,8.014199036E0
3.801306388E1,-5.093100250E0,-2.463465576E0,8.014223009E0
3.802303988E1,-5.094339275E0,-2.464595258E0,8.013088065E0
3.803301687E1,-5.096670560E0,-2.464643497E0,8.011590593E0
3.804299287E1,-5.097171081E0,-2.464782369E0,8.011229235E0
3.805296888E1,-5.095340318E0,-2.465965553E0,8.012030303E0
3.806294588E1,-5.092753510E0,-2.467886656E0,8.013083387E0
3.807292187E1,-5.092140137E0,-2.469157256E0,8.013081633E0
3.808289887E1,-5.093924707E0,-2.468668721E0,8.012097546E0
3.809287488E1,-5.097456425E0,-2.466150325E0,8.010626972E0
3.810285188E1,-5.100812142E0,-2.462411615E0,8.009640546E0
3.811282787E1,-5.101662328E0,-2.459575716E0,8.009970914E0
3.812280388E1,-5.099390684E0,-2.458950356E0,8.011608719E0
3.813278088E1,-5.096543090E0,-2.460501915E0,8.012944223E0
3.814275687E1,-5.096012163E0,-2.462981426E0,8.012520885E0
3.815273387E1,-5.097647629E0,-2.465339608E0,8.010754441E0
3.816270988E1,-5.100437921E0,-2.466956364E0,8.008480459E0
3.817268588E1,-5.102877379E0,-2.468296545E0,8.006512871E0
3.818266287E1,-5.102682667E0,-2.470139003E0,8.006069067E0
3.819263887E1,-5.100473589E0,-2.472074724E0,8.006878906E0
3.820261588E1,-5.098867359E0,-2.473578920E0,8.007437316E0
3.821259188E1,-5.099671935E0,-2.473691479E0,8.006890601E0
3.822256887E1,-5.102908954E0,-2.471610455E0,8.005470897E0
3.823254488E1,-5.107190870E0,-2.468193634E0,8.003794500E0
3.824252088E1,-5.109466022E0,-2.465089055E0,8.003299241E0
3.825249788E1,-5.108690681E0,-2.463735133E0,8.004210237E0
3.826247387E1,-5.106091594E0,-2.464677119E0,8.005578486E0
3.827245088E1,-5.104045653E0,-2.467183820E0,8.006111167E0
3.828242688E1,-5.104902855E0,-2.469759811E0,8.004770401E0
3.829240387E1,-5.107635843E0,-2.471554029E0,8.002473029E0
3.830237987E1,-5.110292233E0,-2.472434328E0,8.000504857E0
3.831235588E1,-5.110813220E0,-2.473439464E0,7.999861663E0
3.832233288E1,-5.108631624E0,-2.474959155E0,8.000784938E0
3.833230887E1,-5.106290984E0,-2.476367457E0,8.001843284E0
3.834228587E1,-5.105795724E0,-2.476879673E0,8.002001159E0
3.835226188E1,-5.107099653E0,-2.475422255E0,8.001619921E0
3.836223788E1,-5.109757213E0,-2.472077355E0,8.000956846E0
3.837221487E1,-5.111908988E0,-2.468289821E0,8.000751609E0
3.838219088E1,-5.111659312E0,-2.466000344E0,8.001616997E0
3.839216788E1,-5.109267216E0,-2.466026656E0,8.003137273E0
3.840214387E1,-5.106858748E0,-2.468371097E0,8.003951790E0
3.841212087E1,-5.105866476E0,-2.471920650E0,8.003489276E0
3.842209688E1,-5.106678069E0,-2.475435411E0,8.001884800E0
3.843207288E1,-5.108718747E0,-2.478011110E0,7.999784480E0
3.844204987E1,-5.110524952E0,-2.479844504E0,7.998062475E0
3.845202587E1,-5.110308021E0,-2.481330866E0,7.997740293E0
3.846200288E1,-5.109341476E0,-2.482067615E0,7.998129133E0
3.847197888E1,-5.109150272E0,-2.481906232E0,7.998301626E0
3.848195587E1,-5.110954138E0,-2.480181888E0,7.997683575E0
3.849193188E1,-5.114374759E0,-2.476824709E0,7.996536936E0
3.850190788E1,-5.117817600E0,-2.472672894E0,7.995619508E0
3.851188488E1,-5.120004458E0,-2.469326240E0,7.995253472E0
3.852186087E1,-5.119686955E0,-2.468385131E0,7.995747562E0
3.853183788E1,-5.118059090E0,-2.470002178E0,7.996290768E0
3.854181388E1,-5.116824158E0,-2.473622189E0,7.995961570E0
3.855179087E1,-5.116680901E0,-2.477752370E0,7.994774585E0
3.856176687E1,-5.117892444E0,-2.481116858E0,7.992954932E0
3.857174288E1,-5.118966578E0,-2.483765647E0,7.991444596E0
3.858171988E1,-5.118888225E0,-2.485361644E0,7.990999038E0
3.859169587E1,-5.118298826E0,-2.485742298E0,7.991258070E0
3.860167287E1,-5.117767898E0,-2.485101443E0,7.991797183E0
3.861164888E1,-5.118533884E0,-2.483206653E0,7.991896001E0
3.862162588E1,-5.120495040E0,-2.480368707E0,7.991521195E0
3.863160187E1,-5.122693008E0,-2.477107715E0,7.991123584E0
3.864157788E1,-5.124810870E0,-2.474226499E0,7.990658146E0
3.865155525E1,-5.125551127E0,-2.473100618E0,7.990531846E0
3.866153125E1,-5.125124280E0,-2.474001381E0,7.990526583E0
3.867150825E1,-5.124926060E0,-2.476804537E0,7.989785156E0
3.868148425E1,-5.124300992E0,-2.480986465E0,7.988888778E0
3.869146125E1,-5.123537931E0,-2.485154361E0,7.988082447E0
3.870143725E1,-5.123192360E0,-2.488655966E0,7.987214136E0
3.871141325E1,-5.122895322E0,-2.491240435E0,7.986599593E0
3.872139025E1,-5.123394089E0,-2.492379473E0,7.985923655E0
3.873136625E1,-5.124263570E0,-2.491739787E0,7.985565221E0
3.874134325E1,-5.125494994E0,-2.488946280E0,7.985645912E0
3.875131925E1,-5.127180161E0,-2.484706756E0,7.985885063E0
3.876129625E1,-5.127701148E0,-2.480471033E0,7.986866811E0
3.877127225E1,-5.127768391E0,-2.477548302E0,7.987731029E0
3.878124825E1,-5.127877150E0,-2.477116486E0,7.987795349E0
3.879122525E1,-5.127105902E0,-2.478838491E0,7.987755588E0
3.880120125E1,-5.126855641E0,-2.481757421E0,7.987010068E0
3.881117825E1,-5.126846870E0,-2.485578868E0,7.985826591E0
3.882115425E1,-5.126586669E0,-2.489146547E0,7.984883435E0
3.883113025E1,-5.126320036E0,-2.491730724E0,7.984247843E0
3.884110725E1,-5.125261105E0,-2.493325552E0,7.984430276E0
3.885108325E1,-5.124566456E0,-2.493535759E0,7.984810345E0
3.886106025E1,-5.125649945E0,-2.492131258E0,7.984553652E0
3.887103625E1,-5.128470642E0,-2.489311146E0,7.983622191E0
3.888101325E1,-5.131922253E0,-2.485362814E0,7.982634012E0
3.889098925E1,-5.133366516E0,-2.481702164E0,7.982843927E0
3.890096525E1,-5.132633275E0,-2.479238440E0,7.984081197E0
3.891094225E1,-5.131714677E0,-2.478777095E0,7.984815023E0
3.892091825E1,-5.130796080E0,-2.480500854E0,7.984869987E0
3.893089525E1,-5.130780292E0,-2.483378561E0,7.983985888E0
3.894087125E1,-5.131514118E0,-2.486605932E0,7.982509466E0
3.895084825E1,-5.131269704E0,-2.489685076E0,7.981706643E0
3.896082425E1,-5.129726039E0,-2.492074248E0,7.981953396E0
3.897080025E1,-5.128124487E0,-2.493535467E0,7.982525838E0
3.898077725E1,-5.127797043E0,-2.493984533E0,7.982596005E0
3.899075325E1,-5.128781129E0,-2.492835848E0,7.982322940E0
3.900073025E1,-5.130706033E0,-2.489818392E0,7.982027071E0
3.901070625E1,-5.132451426E0,-2.485657221E0,7.982202487E0
3.902068325E1,-5.133098713E0,-2.481536688E0,7.983068460E0
3.903065925E1,-5.132101763E0,-2.478681200E0,7.984596337E0
3.904063525E1,-5.130546988E0,-2.477599466E0,7.985930672E0
3.905061225E1,-5.129677507E0,-2.478536482E0,7.986198474E0
3.906058825E1,-5.129414383E0,-2.481486987E0,7.985451200E0
3.907056525E1,-5.129692125E0,-2.485085948E0,7.984153118E0
3.908054125E1,-5.129271711E0,-2.488365067E0,7.983401751E0
3.909051825E1,-5.127171975E0,-2.491043676E0,7.983915721E0
3.910049425E1,-5.124740703E0,-2.492717442E0,7.984953602E0
3.911047025E1,-5.124118559E0,-2.492806027E0,7.985326070E0
3.912044725E1,-5.126227065E0,-2.490873815E0,7.984575287E0
3.913042325E1,-5.130005536E0,-2.487040380E0,7.983343279E0
3.914040025E1,-5.132766007E0,-2.482561997E0,7.982963794E0
3.915037625E1,-5.133417386E0,-2.478870066E0,7.983691188E0
3.916035325E1,-5.132528025E0,-2.477582801E0,7.984662411E0
3.917032925E1,-5.131482543E0,-2.478918890E0,7.984920273E0
3.918030525E1,-5.131815834E0,-2.482176081E0,7.983694112E0
3.919028225E1,-5.133115085E0,-2.486331990E0,7.981565140E0
3.920025825E1,-5.134328967E0,-2.490049065E0,7.979625034E0
3.921023525E1,-5.133850080E0,-2.493167677E0,7.978959621E0
3.922021125E1,-5.131693627E0,-2.495384357E0,7.979653686E0
3.923018825E1,-5.129699142E0,-2.496610518E0,7.980552987E0
3.924016425E1,-5.130104354E0,-2.496372828E0,7.980367046E0
3.925014025E1,-5.132782379E0,-2.494052069E0,7.979370096E0
3.926011725E1,-5.135800712E0,-2.489968081E0,7.978704098E0
3.927009325E1,-5.137433839E0,-2.485571852E0,7.979022771E0
3.928007025E1,-5.136515241E0,-2.482681865E0,7.980513811E0
3.929004625E1,-5.134310256E0,-2.482233384E0,7.982072679E0
3.930002325E1,-5.132536211E0,-2.483996612E0,7.982665002E0
3.930999925E1,-5.131473772E0,-2.487181298E0,7.982355684E0
3.931997525E1,-5.131149836E0,-2.490594025E0,7.981500236E0
3.932995225E1,-5.130721820E0,-2.493730179E0,7.980795647E0
3.933992825E1,-5.128575307E0,-2.496071697E0,7.981443518E0
3.934990525E1,-5.125862199E0,-2.497494324E0,7.982741600E0
3.935988125E1,-5.123973548E0,-2.497851589E0,7.983841462E0
3.936985825E1,-5.124465884E0,-2.496408204E0,7.983977117E0
3.937983425E1,-5.127002991E0,-2.493228196E0,7.983342109E0
3.938981025E1,-5.129421399E0,-2.488876113E0,7.983147397E0
3.939978725E1,-5.130480915E0,-2.484946200E0,7.983690019E0
3.940976325E1,-5.129992672E0,-2.483147596E0,7.984563593E0
3.941974025E1,-5.128969994E0,-2.483946618E0,7.984971728E0
3.942971625E1,-5.128703946E0,-2.486746265E0,7.984271817E0
3.943969325E1,-5.128574722E0,-2.490534091E0,7.983173710E0
3.944966925E1,-5.127890013E0,-2.494062594E0,7.982511805E0
3.945964525E1,-5.126725833E0,-2.497089989E0,7.982312999E0
3.946962225E1,-5.124620835E0,-2.499351692E0,7.982956778E0
3.947959825E1,-5.123410462E0,-2.500038448E0,7.983518695E0
3.948957525E1,-5.124058333E0,-2.498854387E0,7.983474256E0
3.949955125E1,-5.125862784E0,-2.495694551E0,7.983304102E0
3.950952825E1,-5.128458363E0,-2.491131384E0,7.983062028E0
3.951950425E1,-5.129927768E0,-2.486598623E0,7.983530974E0
3.952948025E1,-5.130144115E0,-2.483124792E0,7.984473546E0
3.953945725E1,-5.130122480E0,-2.481640184E0,7.984948339E0
3.954943325E1,-5.130144115E0,-2.482582170E0,7.984641945E0
3.955941025E1,-5.130100846E0,-2.485292647E0,7.983826259E0
3.956938625E1,-5.129930107E0,-2.488936924E0,7.982801242E0
3.957936325E1,-5.128626178E0,-2.492823861E0,7.982426435E0
3.958933925E1,-5.126324129E0,-2.496001238E0,7.982911754E0
3.959931525E1,-5.123591725E0,-2.498125824E0,7.984001675E0
3.960929225E1,-5.122169098E0,-2.498499753E0,7.984797481E0
3.961926825E1,-5.123081848E0,-2.496885922E0,7.984716205E0
3.962924525E1,-5.125563991E0,-2.493607095E0,7.984147856E0
3.963922125E1,-5.127759036E0,-2.489180461E0,7.984119789E0
3.964919900E1,-5.128056659E0,-2.485066360E0,7.985210295E0
3.965917500E1,-5.126960891E0,-2.482850558E0,7.986603101E0
3.966915100E1,-5.125490316E0,-2.483303132E0,7.987405924E0
3.967912800E1,-5.125017276E0,-2.485821235E0,7.986926453E0
3.968910400E1,-5.125529492E0,-2.489231039E0,7.985535985E0
3.969908100E1,-5.125348229E0,-2.492675926E0,7.984577041E0
3.970905700E1,-5.123183005E0,-2.495454523E0,7.985099198E0
3.971903400E1,-5.120051236E0,-2.497209273E0,7.986559247E0
3.972901000E1,-5.117572601E0,-2.497954500E0,7.987914632E0
3.973898700E1,-5.117468521E0,-2.496917204E0,7.988305226E0
3.974896300E1,-5.119798636E0,-2.494202927E0,7.987660278E0
3.975893900E1,-5.122860823E0,-2.490394928E0,7.986884937E0
3.976891600E1,-5.124550084E0,-2.486485187E0,7.987019423E0
3.977889200E1,-5.124205683E0,-2.483890777E0,7.988047948E0
3.978886900E1,-5.122815215E0,-2.483584383E0,7.989034958E0
3.979884500E1,-5.122073788E0,-2.485405791E0,7.988943742E0
3.980882100E1,-5.122885382E0,-2.488849216E0,7.987350960E0
3.981879800E1,-5.124319704E0,-2.492656923E0,7.985243624E0
3.982877400E1,-5.124455359E0,-2.496030474E0,7.984102247E0
3.983875100E1,-5.122511744E0,-2.498487182E0,7.984581134E0
3.984872700E1,-5.119952418E0,-2.499652824E0,7.985858166E0
3.985870400E1,-5.118642642E0,-2.499529155E0,7.986736418E0
3.986868000E1,-5.119736656E0,-2.497496079E0,7.986670929E0
3.987865700E1,-5.122407664E0,-2.493569381E0,7.986185026E0
3.988863300E1,-5.124545406E0,-2.488705667E0,7.986330621E0
3.989860900E1,-5.125057037E0,-2.484441000E0,7.987329910E0
3.990858600E1,-5.124488688E0,-2.482316122E0,7.988355512E0
3.991856200E1,-5.124108619E0,-2.483095848E0,7.988356681E0
3.992853900E1,-5.124441326E0,-2.485966831E0,7.987250388E0
3.993851500E1,-5.125171643E0,-2.489650285E0,7.985634218E0
3.994849200E1,-5.124169430E0,-2.493210070E0,7.985167025E0
3.995846800E1,-5.121470940E0,-2.495983696E0,7.986031829E0
3.996844400E1,-5.118930325E0,-2.497800426E0,7.987092513E0
3.997842100E1,-5.117541026E0,-2.498531036E0,7.987753834E0
3.998839700E1,-5.118360221E0,-2.497427666E0,7.987574324E0
3.999837400E1,-5.120706709E0,-2.494222223E0,7.987072048E0
4.000835000E1,-5.122470814E0,-2.489914871E0,7.987284887E0
4.001832700E1,-5.123651952E0,-2.485779428E0,7.987814645E0
4.002830300E1,-5.123451977E0,-2.483398734E0,7.988684126E0
4.003827900E1,-5.123106406E0,-2.482940312E0,7.989048407E0
4.004825600E1,-5.123668908E0,-2.484647699E0,7.988156707E0
4.005823200E1,-5.123469518E0,-2.488137902E0,7.987197763E0
4.006820900E1,-5.122722829E0,-2.491971629E0,7.986481479E0
4.007818500E1,-5.121380893E0,-2.495543401E0,7.986226541E0
4.008816200E1,-5.118743214E0,-2.498296855E0,7.987056845E0
4.009813800E1,-5.116675639E0,-2.499330643E0,7.988058473E0
4.010811400E1,-5.116493205E0,-2.498414091E0,7.988461931E0
4.011809100E1,-5.117608854E0,-2.495870553E0,7.988542623E0
4.012806700E1,-5.119347816E0,-2.492111670E0,7.988601680E0
4.013804400E1,-5.120837102E0,-2.488608018E0,7.988739089E0
4.014802000E1,-5.122281949E0,-2.486435485E0,7.988489413E0
4.015799700E1,-5.123219258E0,-2.486649786E0,7.987821661E0
4.016797300E1,-5.123829122E0,-2.488958559E0,7.986711275E0
4.017794900E1,-5.124246029E0,-2.492639381E0,7.985295664E0
4.018792600E1,-5.123673002E0,-2.496992341E0,7.984303392E0
4.019790200E1,-5.121760962E0,-2.501093870E0,7.984246674E0
4.020787900E1,-5.119858278E0,-2.504360710E0,7.984443140E0
4.021785500E1,-5.118939680E0,-2.506303740E0,7.984422090E0
4.022783200E1,-5.119044930E0,-2.506432086E0,7.984314501E0
4.023780800E1,-5.120664024E0,-2.504618572E0,7.983845555E0
4.024778400E1,-5.122955548E0,-2.501673622E0,7.983298255E0
4.025776100E1,-5.124714975E0,-2.498754107E0,7.983083662E0
4.026773700E1,-5.125920671E0,-2.497224768E0,7.982788378E0
4.027771400E1,-5.127017609E0,-2.497924680E0,7.981865103E0
4.028769000E1,-5.128105776E0,-2.500685150E0,7.980300972E0
4.029766700E1,-5.128026254E0,-2.504965604E0,7.979009907E0
4.030764300E1,-5.126795415E0,-2.509797159E0,7.978282514E0
4.031762000E1,-5.124907349E0,-2.514544805E0,7.978000678E0
4.032759600E1,-5.122173775E0,-2.518414785E0,7.978535113E0
4.033757200E1,-5.119997442E0,-2.520259582E0,7.979349630E0
4.034754900E1,-5.119312148E0,-2.519495350E0,7.980030246E0
4.035752500E1,-5.119947156E0,-2.516419715E0,7.980593333E0
4.036750200E1,-5.121239390E0,-2.511809478E0,7.981216646E0
4.037747800E1,-5.121854517E0,-2.507019731E0,7.982328202E0
4.038745500E1,-5.121759793E0,-2.503607588E0,7.983459638E0
4.039743100E1,-5.121805986E0,-2.502458903E0,7.983790006E0
4.040740700E1,-5.121604257E0,-2.503705237E0,7.983529220E0
4.041738400E1,-5.121662729E0,-2.506354318E0,7.982660324E0
4.042736000E1,-5.120854059E0,-2.510000349E0,7.982032918E0
4.043733700E1,-5.117868471E0,-2.513845186E0,7.982737507E0
4.044731300E1,-5.114633206E0,-2.517027241E0,7.983808717E0
4.045729000E1,-5.112338759E0,-2.519229302E0,7.984584058E0
4.046726600E1,-5.112060431E0,-2.519334552E0,7.984728484E0
4.047724200E1,-5.113871899E0,-2.516891001E0,7.984339060E0
4.048721900E1,-5.115521398E0,-2.512681005E0,7.984608616E0
4.049719500E1,-5.116139449E0,-2.508130117E0,7.985642989E0
4.050717200E1,-5.116207861E0,-2.505084595E0,7.986555154E0
4.051714800E1,-5.116209615E0,-2.504519169E0,7.986731740E0
4.052712500E1,-5.117212998E0,-2.505745915E0,7.985704384E0
4.053710100E1,-5.117712935E0,-2.508511941E0,7.984515061E0
4.054707700E1,-5.116586761E0,-2.512138091E0,7.984096985E0
4.055705400E1,-5.114319211E0,-2.515858382E0,7.984378236E0
4.056703000E1,-5.111694980E0,-2.519247136E0,7.984989855E0
4.057700700E1,-5.110747731E0,-2.520967095E0,7.985053589E0
4.058698300E1,-5.112065694E0,-2.520123926E0,7.984476469E0
4.059696000E1,-5.114149057E0,-2.516957366E0,7.984140839E0
4.060693600E1,-5.115600336E0,-2.512475768E0,7.984622650E0
4.061691300E1,-5.116072206E0,-2.508249985E0,7.985648836E0
4.062688900E1,-5.116399650E0,-2.505767550E0,7.986218355E0
4.063686500E1,-5.117762636E0,-2.505533077E0,7.985418456E0
4.064684200E1,-5.119819686E0,-2.507248650E0,7.983561380E0
4.065681704E1,-5.121165131E0,-2.509849491E0,7.981880890E0
4.066679404E1,-5.120147715E0,-2.512767836E0,7.981615427E0
4.067677004E1,-5.116832344E0,-2.515676242E0,7.982825800E0
4.068674704E1,-5.113799978E0,-2.518193468E0,7.983974778E0
4.069672304E1,-5.112231170E0,-2.519658488E0,7.984516815E0
4.070669904E1,-5.112918802E0,-2.518696621E0,7.984379990E0
4.071667604E1,-5.114581166E0,-2.515278631E0,7.984392854E0
4.072665204E1,-5.115546541E0,-2.510477774E0,7.985285724E0
4.073662904E1,-5.116549339E0,-2.505962847E0,7.986061649E0
4.074660504E1,-5.117337543E0,-2.503570166E0,7.986306648E0
4.075658204E1,-5.117883673E0,-2.503825105E0,7.985876877E0
4.076655804E1,-5.118568967E0,-2.506603409E0,7.984565932E0
4.077653404E1,-5.117673174E0,-2.511385262E0,7.983636809E0
4.078651104E1,-5.116088578E0,-2.516422054E0,7.983066705E0
4.079648704E1,-5.114872357E0,-2.520451663E0,7.982574955E0
4.080646404E1,-5.113871314E0,-2.522550813E0,7.982553320E0
4.081644004E1,-5.114023342E0,-2.521906157E0,7.982659739E0
4.082641704E1,-5.115192785E0,-2.518839000E0,7.982879010E0
4.083639304E1,-5.116241190E0,-2.513913014E0,7.983759601E0
4.084637004E1,-5.117686037E0,-2.508272497E0,7.984607447E0
4.085634604E1,-5.118694682E0,-2.503937371E0,7.985321977E0
4.086632204E1,-5.119291683E0,-2.501747004E0,7.985626032E0
4.087629904E1,-5.120072871E0,-2.502060708E0,7.985026692E0
4.088627504E1,-5.119913242E0,-2.504886667E0,7.984242581E0
4.089625204E1,-5.118951960E0,-2.508872129E0,7.983607573E0
4.090622804E1,-5.117473783E0,-2.512856714E0,7.983301764E0
4.091620504E1,-5.115290433E0,-2.515703723E0,7.983804624E0
4.092618104E1,-5.113842078E0,-2.516492220E0,7.984484655E0
4.093615704E1,-5.113093050E0,-2.515462233E0,7.985288063E0
4.094613404E1,-5.113731565E0,-2.512417881E0,7.985838286E0
4.095611004E1,-5.115259443E0,-2.508402890E0,7.986121876E0
4.096608704E1,-5.116287383E0,-2.504387899E0,7.986722969E0
4.097606304E1,-5.117295443E0,-2.501430085E0,7.987003636E0
4.098604004E1,-5.117737493E0,-2.500674333E0,7.986957443E0
4.099601604E1,-5.117972551E0,-2.501949903E0,7.986407804E0
4.100599304E1,-5.117550967E0,-2.504995425E0,7.985723096E0
4.101596904E1,-5.115733652E0,-2.508952236E0,7.985645328E0
4.102594504E1,-5.113333370E0,-2.512692700E0,7.986006101E0
4.103592204E1,-5.110828423E0,-2.515384173E0,7.986762730E0
4.104589804E1,-5.109954849E0,-2.515832070E0,7.987180806E0
4.105587504E1,-5.110591026E0,-2.513832030E0,7.987403001E0
4.106585104E1,-5.111699658E0,-2.509895976E0,7.987931589E0
4.107582804E1,-5.113175495E0,-2.505145114E0,7.988478888E0
4.108580404E1,-5.113963115E0,-2.501447919E0,7.989132607E0
4.109578004E1,-5.114929660E0,-2.499547867E0,7.989108633E0
4.110575704E1,-5.116601964E0,-2.499950740E0,7.987911708E0
4.111573304E1,-5.117705918E0,-2.502408032E0,7.986434702E0
4.112571004E1,-5.117581957E0,-2.505975711E0,7.985395651E0
4.113568604E1,-5.115581040E0,-2.510126942E0,7.985373432E0
4.114566304E1,-5.112625857E0,-2.513580015E0,7.986180348E0
4.115563904E1,-5.110881633E0,-2.515440599E0,7.986710690E0
4.116561504E1,-5.110516766E0,-2.515215773E0,7.987015330E0
4.117559204E1,-5.111032491E0,-2.512562307E0,7.987519945E0
4.118556804E1,-5.111900802E0,-2.508173971E0,7.988343818E0
4.119554504E1,-5.111715446E0,-2.503676878E0,7.989873449E0
4.120552104E1,-5.111435364E0,-2.500500086E0,7.991046985E0
4.121549804E1,-5.112028272E0,-2.499590551E0,7.990951676E0
4.122547404E1,-5.112854483E0,-2.500802971E0,7.990044188E0
4.123545104E1,-5.113518727E0,-2.503490644E0,7.988777096E0
4.124542704E1,-5.111592069E0,-2.507274670E0,7.988823289E0
4.125540304E1,-5.107578540E0,-2.510887080E0,7.990255857E0
4.126538004E1,-5.104205866E0,-2.513693451E0,7.991528211E0
4.127535604E1,-5.102309614E0,-2.514781618E0,7.992397692E0
4.128533304E1,-5.102487954E0,-2.513235906E0,7.992769575E0
4.129530904E1,-5.103106590E0,-2.509398378E0,7.993579999E0
4.130528604E1,-5.102954562E0,-2.504522970E0,7.995206110E0
4.131526204E1,-5.102596128E0,-2.500503009E0,7.996693057E0
4.132523804E1,-5.101807339E0,-2.498955251E0,7.997680067E0
4.133521504E1,-5.101690394E0,-2.499493487E0,7.997586511E0
4.134519104E1,-5.101781026E0,-2.502031764E0,7.996735157E0
4.135516804E1,-5.100225082E0,-2.505581901E0,7.996615874E0
4.136514404E1,-5.097283933E0,-2.508746414E0,7.997498803E0
4.137512104E1,-5.094149825E0,-2.510922455E0,7.998812672E0
4.138509704E1,-5.092023777E0,-2.511734633E0,7.999911364E0
4.139507304E1,-5.091394032E0,-2.510641789E0,8.000655130E0
4.140505004E1,-5.092038395E0,-2.507676958E0,8.001174948E0
4.141502604E1,-5.092470505E0,-2.503366391E0,8.002249666E0
4.142500304E1,-5.092410863E0,-2.499148502E0,8.003606220E0
4.143497904E1,-5.092512605E0,-2.496316403E0,8.004424830E0
4.144495604E1,-5.092681589E0,-2.495745130E0,8.004495581E0
4.145493204E1,-5.092665217E0,-2.497600451E0,8.003927232E0
4.146490904E1,-5.090916899E0,-2.501660466E0,8.003771696E0
4.147488504E1,-5.087180529E0,-2.506835251E0,8.004528326E0
4.148486104E1,-5.083523095E0,-2.511526765E0,8.005381435E0
4.149483804E1,-5.080866705E0,-2.514457974E0,8.006148005E0
4.150481404E1,-5.079725913E0,-2.514815824E0,8.006759039E0
4.151479104E1,-5.079145285E0,-2.513006403E0,8.007695178E0
4.152476704E1,-5.077781129E0,-2.509920242E0,8.009527695E0
4.153474404E1,-5.076770146E0,-2.506847238E0,8.011131002E0
4.154472004E1,-5.076495327E0,-2.505561143E0,8.011707537E0
4.155469704E1,-5.076599407E0,-2.506005824E0,8.011502300E0
4.156467304E1,-5.076828618E0,-2.507973120E0,8.010741577E0
4.157464904E1,-5.075636955E0,-2.511422977E0,8.010415887E0
4.158462604E1,-5.071990047E0,-2.515835871E0,8.011340917E0
4.159460204E1,-5.067648489E0,-2.519742688E0,8.012861193E0
4.160457904E1,-5.064220852E0,-2.522061693E0,8.014297269E0
4.161455504E1,-5.062301211E0,-2.521979540E0,8.015536294E0
4.162453204E1,-5.061056339E0,-2.519796190E0,8.017008623E0
4.163450804E1,-5.059527876E0,-2.516151913E0,8.019118298E0
4.164448404E1,-5.058532096E0,-2.512327833E0,8.020944968E0
4.165446100E1,-5.057471411E0,-2.509919658E0,8.022367596E0
4.166443700E1,-5.056420081E0,-2.509495442E0,8.023162817E0
4.167441400E1,-5.056144677E0,-2.511068343E0,8.022844729E0
4.168439000E1,-5.055471078E0,-2.514392193E0,8.022228432E0
4.169436700E1,-5.053880635E0,-2.518152830E0,8.022050677E0
4.170434300E1,-5.051771545E0,-2.521443935E0,8.022345377E0
4.171432000E1,-5.049914469E0,-2.523720548E0,8.022799121E0
4.172429600E1,-5.048766661E0,-2.524178093E0,8.023377410E0
4.173427200E1,-5.048662580E0,-2.522852822E0,8.023859221E0
4.174424900E1,-5.048414658E0,-2.520168365E0,8.024858510E0
4.175422500E1,-5.047697205E0,-2.517131321E0,8.026263011E0
4.176420200E1,-5.047283807E0,-2.514880435E0,8.027228971E0
4.177417800E1,-5.047290823E0,-2.514504167E0,8.027342407E0
4.178415500E1,-5.047594879E0,-2.516127354E0,8.026642495E0
4.179413100E1,-5.047782574E0,-2.519334260E0,8.025518661E0
4.180410700E1,-5.046326033E0,-2.523276745E0,8.025195894E0
4.181408400E1,-5.043660287E0,-2.526640063E0,8.025813360E0
4.182406000E1,-5.040341992E0,-2.528959946E0,8.027167575E0
4.183403700E1,-5.037785590E0,-2.529661904E0,8.028550442E0
4.184401300E1,-5.037116668E0,-2.528610283E0,8.029301809E0
4.185399000E1,-5.036848866E0,-2.526232220E0,8.030218652E0
4.186396600E1,-5.036167080E0,-2.522940530E0,8.031680456E0
4.187394300E1,-5.035187672E0,-2.520116617E0,8.033180852E0
4.188391900E1,-5.034016474E0,-2.518991905E0,8.034267849E0
4.189389500E1,-5.033871464E0,-2.519618142E0,8.034162015E0
4.190387200E1,-5.033572671E0,-2.522026318E0,8.033594250E0
4.191384800E1,-5.031439022E0,-2.525441092E0,8.033857375E0
4.192382500E1,-5.028908932E0,-2.528716702E0,8.034411106E0
4.193380100E1,-5.026882287E0,-2.531265503E0,8.034877129E0
4.194377800E1,-5.026151969E0,-2.532100486E0,8.035070672E0
4.195375400E1,-5.027011510E0,-2.530621432E0,8.034999336E0
4.196373100E1,-5.027673415E0,-2.527361610E0,8.035610370E0
4.197370700E1,-5.027083431E0,-2.523351589E0,8.037239989E0
4.198368300E1,-5.026201671E0,-2.520225960E0,8.038771960E0
4.199366000E1,-5.025850253E0,-2.518776435E0,8.039446144E0
4.200363600E1,-5.027141903E0,-2.518854788E0,8.038614085E0
4.201361300E1,-5.028447586E0,-2.520090012E0,8.037410143E0
4.202358900E1,-5.027932447E0,-2.521933639E0,8.037154035E0
4.203356600E1,-5.025658464E0,-2.523992444E0,8.037929960E0
4.204354200E1,-5.022769940E0,-2.525391975E0,8.039295285E0
4.205351900E1,-5.020999403E0,-2.525155455E0,8.040476423E0
4.206349500E1,-5.020908186E0,-2.523087003E0,8.041182182E0
4.207347100E1,-5.021180667E0,-2.520078903E0,8.041955184E0
4.208344800E1,-5.021689374E0,-2.517080743E0,8.042576743E0
4.209342400E1,-5.021812751E0,-2.515242086E0,8.043074926E0
4.210340100E1,-5.021396429E0,-2.515016383E0,8.043405293E0
4.211337700E1,-5.021685866E0,-2.516272658E0,8.042831681E0
4.212335400E1,-5.021542609E0,-2.518763864E0,8.042141710E0
4.213333000E1,-5.020328727E0,-2.521556494E0,8.042024766E0
4.214330600E1,-5.018749394E0,-2.524202359E0,8.042179717E0
4.215328300E1,-5.017223856E0,-2.526075807E0,8.042543998E0
4.216325900E1,-5.017206314E0,-2.525974065E0,8.042586683E0
4.217323600E1,-5.017403365E0,-2.524104418E0,8.043050367E0
4.218321200E1,-5.017192866E0,-2.520933473E0,8.044175956E0
4.219318900E1,-5.016929741E0,-2.517663125E0,8.045364695E0
4.220316500E1,-5.016273099E0,-2.515804880E0,8.046355214E0
4.221314200E1,-5.016215211E0,-2.515336518E0,8.046537647E0
4.222311800E1,-5.016566629E0,-2.516260086E0,8.046030108E0
4.223309400E1,-5.015950917E0,-2.518398120E0,8.045744764E0
4.224307100E1,-5.014007887E0,-2.521215894E0,8.046073378E0
4.225304700E1,-5.010710058E0,-2.524117574E0,8.047217678E0
4.226302400E1,-5.007371882E0,-2.525887234E0,8.048740293E0
4.227300000E1,-5.005563923E0,-2.525905653E0,8.049858865E0
4.228297700E1,-5.003941905E0,-2.524180140E0,8.051408377E0
4.229295300E1,-5.003285263E0,-2.520616262E0,8.052933331E0
4.230293000E1,-5.003974065E0,-2.516838083E0,8.053687037E0
4.231290600E1,-5.004791506E0,-2.514096031E0,8.054035531E0
4.232288200E1,-5.005320094E0,-2.512660832E0,8.054154814E0
4.233285900E1,-5.005155203E0,-2.513023944E0,8.054143705E0
4.234283500E1,-5.004047155E0,-2.515210218E0,8.054149552E0
4.235281200E1,-5.001848602E0,-2.518372100E0,8.054527282E0
4.236278800E1,-4.999040185E0,-2.521662036E0,8.055241812E0
4.237276500E1,-4.997921612E0,-2.523551564E0,8.055344138E0
4.238274100E1,-4.998388220E0,-2.523385503E0,8.055106741E0
4.239271800E1,-4.998653684E0,-2.521250977E0,8.055610186E0
4.240269400E1,-4.998659531E0,-2.517900522E0,8.056654499E0
4.241267000E1,-4.997953187E0,-2.514944755E0,8.058015731E0
4.242264700E1,-4.997208252E0,-2.513372439E0,8.058968242E0
4.243262300E1,-4.996042902E0,-2.513472718E0,8.059659968E0
4.244260000E1,-4.995182776E0,-2.514904117E0,8.059746507E0
4.245257600E1,-4.994166530E0,-2.517230431E0,8.059649443E0
4.246255300E1,-4.991966808E0,-2.519804668E0,8.060207852E0
4.247252900E1,-4.989471216E0,-2.521836868E0,8.061117679E0
4.248250600E1,-4.987497196E0,-2.522745818E0,8.062054403E0
4.249248200E1,-4.986147074E0,-2.521850024E0,8.063170052E0
4.250245800E1,-4.985669357E0,-2.519142471E0,8.064312013E0
4.251243500E1,-4.985731922E0,-2.515980881E0,8.065259846E0
4.252241100E1,-4.985695084E0,-2.513407229E0,8.066085473E0
4.253238800E1,-4.986116669E0,-2.512258544E0,8.066182537E0
4.254236400E1,-4.986061705E0,-2.513436758E0,8.065849246E0
4.255234100E1,-4.985256543E0,-2.516235528E0,8.065474439E0
4.256231700E1,-4.983801756E0,-2.519318472E0,8.065410705E0
4.257229400E1,-4.982294344E0,-2.521942118E0,8.065522971E0
4.258227000E1,-4.981159984E0,-2.523360068E0,8.065779664E0
4.259224600E1,-4.980984567E0,-2.522914217E0,8.066027586E0
4.260222300E1,-4.982031219E0,-2.520756302E0,8.066055652E0
4.261219900E1,-4.982991917E0,-2.517471629E0,8.066488346E0
4.262217600E1,-4.983290709E0,-2.514429615E0,8.067251993E0
4.263215200E1,-4.984166037E0,-2.512820754E0,8.067212232E0
4.264212900E1,-4.985241340E0,-2.513360744E0,8.066379588E0
4.265210588E1,-4.985424943E0,-2.515325701E0,8.065653949E0
4.266208287E1,-4.984485880E0,-2.518007234E0,8.065397841E0
4.267205887E1,-4.982711250E0,-2.521133448E0,8.065517124E0
4.268203488E1,-4.980717350E0,-2.523867606E0,8.065893685E0
4.269201188E1,-4.979365473E0,-2.525105461E0,8.066341581E0
4.270198787E1,-4.979092408E0,-2.524027235E0,8.066847365E0
4.271196487E1,-4.979379507E0,-2.521019427E0,8.067610427E0
4.272194088E1,-4.979033936E0,-2.517229847E0,8.069007327E0
4.273191788E1,-4.978682519E0,-2.513970609E0,8.070239920E0
4.274189387E1,-4.978664392E0,-2.512665510E0,8.070657411E0
4.275187088E1,-4.978193691E0,-2.513446406E0,8.070704774E0
4.276184688E1,-4.976744167E0,-2.515520706E0,8.070952696E0
4.277182288E1,-4.974315233E0,-2.518503078E0,8.071519291E0
4.278179987E1,-4.971554763E0,-2.521939194E0,8.072147282E0
4.279177588E1,-4.969563201E0,-2.524728901E0,8.072501623E0
4.280175288E1,-4.969098932E0,-2.525484361E0,8.072551324E0
4.281172887E1,-4.969667282E0,-2.523882224E0,8.072702767E0
4.282170587E1,-4.969719322E0,-2.520980251E0,8.073577511E0
4.283168188E1,-4.969538058E0,-2.517878595E0,8.074656322E0
4.284165888E1,-4.969542151E0,-2.516008656E0,8.075236366E0
4.285163487E1,-4.969453858E0,-2.515915393E0,8.075319981E0
4.286161087E1,-4.969486018E0,-2.517102377E0,8.074930556E0
4.287158788E1,-4.969027596E0,-2.519152411E0,8.074573292E0
4.288156388E1,-4.967749979E0,-2.521543630E0,8.074613637E0
4.289154087E1,-4.966105742E0,-2.523634887E0,8.074971487E0
4.290151688E1,-4.965212873E0,-2.524666043E0,8.075198359E0
4.291149388E1,-4.964898877E0,-2.524207914E0,8.075533989E0
4.292146987E1,-4.964625227E0,-2.522406094E0,8.076265476E0
4.293144687E1,-4.964919342E0,-2.519883021E0,8.076872417E0
4.294142288E1,-4.965874193E0,-2.517548228E0,8.077013335E0
4.295139888E1,-4.966886346E0,-2.516183780E0,8.076815699E0
4.296137587E1,-4.967144208E0,-2.516196644E0,8.076653731E0
4.297135187E1,-4.967597367E0,-2.517623072E0,8.075930430E0
4.298132888E1,-4.967188647E0,-2.520363077E0,8.075326998E0
4.299130488E1,-4.965998154E0,-2.523316798E0,8.075136963E0
4.300128187E1,-4.965188899E0,-2.525477637E0,8.074958623E0
4.301125788E1,-4.964804152E0,-2.525941613E0,8.075050424E0
4.302123488E1,-4.964623473E0,-2.524256446E0,8.075688356E0
4.303121087E1,-4.964356256E0,-2.521225249E0,8.076799911E0
4.304118787E1,-4.964837481E0,-2.518446360E0,8.077371184E0
4.305116388E1,-4.965846126E0,-2.517005021E0,8.077199861E0
4.306113988E1,-4.966034991E0,-2.517070510E0,8.077063621E0
4.307111687E1,-4.965005881E0,-2.518540500E0,8.077237868E0
4.308109287E1,-4.963122493E0,-2.521002178E0,8.077627292E0
4.309106988E1,-4.960614622E0,-2.523496892E0,8.078389184E0
4.310104588E1,-4.958663991E0,-2.524984716E0,8.079121256E0
4.311102287E1,-4.958388587E0,-2.525299589E0,8.079191422E0
4.312099888E1,-4.958687965E0,-2.524240951E0,8.079338772E0
4.313097588E1,-4.959734616E0,-2.521599763E0,8.079521205E0
4.314095188E1,-4.960894119E0,-2.518972025E0,8.079629379E0
4.315092787E1,-4.961161337E0,-2.517472799E0,8.079932265E0
4.316090488E1,-4.961033868E0,-2.517381290E0,8.080039269E0
4.317088088E1,-4.960783022E0,-2.518834615E0,8.079740476E0
4.318085787E1,-4.959746895E0,-2.521411191E0,8.079573246E0
4.319083387E1,-4.958398528E0,-2.524124299E0,8.079553365E0
4.320081088E1,-4.957023847E0,-2.526233097E0,8.079737552E0
4.321078688E1,-4.956155536E0,-2.526955228E0,8.080044531E0
4.322076387E1,-4.956298792E0,-2.525913839E0,8.080282513E0
4.323073987E1,-4.956041515E0,-2.523440174E0,8.081213390E0
4.324071588E1,-4.956363696E0,-2.520037680E0,8.082077023E0
4.325069288E1,-4.957230839E0,-2.517281887E0,8.082404467E0
4.326066887E1,-4.957540156E0,-2.515973865E0,8.082621984E0
4.327064588E1,-4.957752995E0,-2.516512686E0,8.082323191E0
4.328062188E1,-4.956827381E0,-2.519262924E0,8.082034339E0
4.329059887E1,-4.954715366E0,-2.523141089E0,8.082119123E0
4.330057487E1,-4.952419165E0,-2.526638017E0,8.082434288E0
4.331055188E1,-4.950351005E0,-2.528606189E0,8.083085668E0
4.332052788E1,-4.949395570E0,-2.528292486E0,8.083769208E0
4.333050387E1,-4.949088591E0,-2.526139834E0,8.084629918E0
4.334048087E1,-4.949570986E0,-2.522867147E0,8.085356142E0
4.335045688E1,-4.950368546E0,-2.519616388E0,8.085881807E0
4.336043388E1,-4.950891287E0,-2.517570155E0,8.086199310E0
4.337040987E1,-4.951056179E0,-2.517187747E0,8.086217437E0
4.338038688E1,-4.950015959E0,-2.518649258E0,8.086399285E0
4.339036288E1,-4.948060650E0,-2.521466154E0,8.086717958E0
4.340033987E1,-4.946421676E0,-2.524954019E0,8.086632004E0
4.341031587E1,-4.945649843E0,-2.527950132E0,8.086168320E0
4.342029288E1,-4.946141009E0,-2.528785991E0,8.085606403E0
4.343026888E1,-4.947388805E0,-2.527166605E0,8.085349125E0
4.344024487E1,-4.948174671E0,-2.524135116E0,8.085815148E0
4.345022187E1,-4.948969308E0,-2.520970311E0,8.086316839E0
4.346019788E1,-4.950008358E0,-2.518881685E0,8.086331457E0
4.347017488E1,-4.950193714E0,-2.518628208E0,8.086296959E0
4.348015087E1,-4.949293828E0,-2.519768708E0,8.086491671E0
4.349012788E1,-4.947294665E0,-2.522237987E0,8.086946000E0
4.350010388E1,-4.944986769E0,-2.525388759E0,8.087374016E0
4.351008088E1,-4.943368260E0,-2.528051581E0,8.087531891E0
4.352005687E1,-4.942026324E0,-2.528812011E0,8.088113689E0
4.353003288E1,-4.941446280E0,-2.526885354E0,8.089070293E0
4.354000988E1,-4.941904702E0,-2.523762648E0,8.089764943E0
4.354998587E1,-4.942536201E0,-2.520820037E0,8.090296454E0
4.355996287E1,-4.943972277E0,-2.518520035E0,8.090135656E0
4.356993888E1,-4.945555118E0,-2.517934436E0,8.089350375E0
4.357991588E1,-4.944317847E0,-2.519591829E0,8.089590696E0
4.358989187E1,-4.941291329E0,-2.522761605E0,8.090452575E0
4.359986887E1,-4.938957120E0,-2.526761685E0,8.090629161E0
4.360984488E1,-4.937921578E0,-2.530058345E0,8.090230966E0
4.361982188E1,-4.938065420E0,-2.530381989E0,8.090041516E0
4.362979787E1,-4.938974077E0,-2.527531471E0,8.090378315E0
4.363977388E1,-4.939487463E0,-2.523342818E0,8.091372342E0
4.364975088E1,-4.938915605E0,-2.519638900E0,8.092875077E0
4.365972663E1,-4.938491682E0,-2.517750834E0,8.093721753E0
4.366970362E1,-4.938522672E0,-2.518289362E0,8.093535227E0
4.367967962E1,-4.937652022E0,-2.520981713E0,8.093228248E0
4.368965663E1,-4.935753431E0,-2.524763692E0,8.093207783E0
4.369963263E1,-4.934298059E0,-2.528249802E0,8.093006639E0
4.370960962E1,-4.934124396E0,-2.530345151E0,8.092457585E0
4.371958562E1,-4.934581649E0,-2.530003382E0,8.092285677E0
4.372956263E1,-4.935603157E0,-2.527157542E0,8.092552310E0
4.373953863E1,-4.937553788E0,-2.523089342E0,8.092631248E0
4.374951462E1,-4.939872209E0,-2.519630129E0,8.092294448E0
4.375949163E1,-4.941752674E0,-2.517857253E0,8.091698032E0
4.376946763E1,-4.943169454E0,-2.517909878E0,8.090816272E0
4.377944463E1,-4.943020935E0,-2.520005812E0,8.090254354E0
4.378942062E1,-4.940253448E0,-2.523476135E0,8.090863050E0
4.379939763E1,-4.936911764E0,-2.527119243E0,8.091765860E0
4.380937363E1,-4.935230690E0,-2.529362234E0,8.092089795E0
4.381935062E1,-4.935013173E0,-2.529045900E0,8.092321930E0
4.382932662E1,-4.935042994E0,-2.526200937E0,8.093192580E0
4.383930363E1,-4.935231859E0,-2.522477430E0,8.094238647E0
4.384927963E1,-4.935563981E0,-2.519762568E0,8.094881841E0
4.385925562E1,-4.935259926E0,-2.518796608E0,8.095367745E0
4.386923263E1,-4.933827943E0,-2.519561716E0,8.096002752E0
4.387920863E1,-4.931766214E0,-2.521767578E0,8.096571102E0
4.388918563E1,-4.929393999E0,-2.524906656E0,8.097037709E0
4.389916162E1,-4.927307128E0,-2.527920603E0,8.097368077E0
4.390913863E1,-4.926687908E0,-2.529529465E0,8.097242362E0
4.391911463E1,-4.927298942E0,-2.529028066E0,8.097026600E0
4.392909162E1,-4.927553880E0,-2.526568435E0,8.097639388E0
4.393906762E1,-4.927736898E0,-2.523171495E0,8.098587222E0
4.394904463E1,-4.928661928E0,-2.520722389E0,8.098786612E0
4.395902063E1,-4.929554213E0,-2.519953187E0,8.098483726E0
4.396899662E1,-4.929763543E0,-2.520734668E0,8.098113012E0
4.397897362E1,-4.929090528E0,-2.522508128E0,8.097969756E0
4.398894963E1,-4.927829869E0,-2.525268306E0,8.097876785E0
4.399892663E1,-4.926113126E0,-2.528180220E0,8.098013025E0
4.400890262E1,-4.925401520E0,-2.529455790E0,8.098047523E0
4.401887963E1,-4.925979225E0,-2.528271144E0,8.098065650E0
4.402885563E1,-4.926251121E0,-2.525164518E0,8.098869642E0
4.403883262E1,-4.926289712E0,-2.521403297E0,8.100018620E0
4.404880862E1,-4.927001903E0,-2.518799824E0,8.100395181E0
4.405878563E1,-4.927434012E0,-2.518230890E0,8.100309227E0
4.406876163E1,-4.926168675E0,-2.519697956E0,8.100622637E0
4.407873762E1,-4.923661973E0,-2.522461351E0,8.101286296E0
4.408871462E1,-4.921770399E0,-2.525826423E0,8.101387453E0
4.409869063E1,-4.920762339E0,-2.528663200E0,8.101114973E0
4.410866763E1,-4.921371034E0,-2.529402873E0,8.100513879E0
4.411864362E1,-4.923284828E0,-2.527851314E0,8.099835602E0
4.412862063E1,-4.924809782E0,-2.525025939E0,8.099789994E0
4.413859663E1,-4.925315566E0,-2.522331835E0,8.100321506E0
4.414857363E1,-4.925817842E0,-2.520833778E0,8.100482304E0
4.415854962E1,-4.926327134E0,-2.521097780E0,8.100090541E0
4.416852663E1,-4.925799131E0,-2.522442639E0,8.099992892E0
4.417850263E1,-4.924216290E0,-2.524139794E0,8.100426756E0
4.418847862E1,-4.922727588E0,-2.526137495E0,8.100708591E0
4.419845562E1,-4.921417812E0,-2.528093681E0,8.100893948E0
4.420843163E1,-4.920402151E0,-2.528434866E0,8.101404995E0
4.421840863E1,-4.920534883E0,-2.526506454E0,8.101925397E0
4.422838462E1,-4.921251751E0,-2.523817320E0,8.102328855E0
4.423836163E1,-4.921354077E0,-2.521438088E0,8.103007132E0
4.424833763E1,-4.921639422E0,-2.520202279E0,8.103218216E0
4.425831463E1,-4.921962773E0,-2.520900729E0,8.102804233E0
4.426829062E1,-4.920816718E0,-2.523531099E0,8.102682027E0
4.427826763E1,-4.919059045E0,-2.526665791E0,8.102772074E0
4.428824363E1,-4.918557939E0,-2.529300546E0,8.102254595E0
4.429821962E1,-4.918711136E0,-2.530613539E0,8.101751735E0
4.430819662E1,-4.918996480E0,-2.529586768E0,8.101899084E0
4.431817263E1,-4.920161245E0,-2.526643279E0,8.102110169E0
4.432814963E1,-4.921881496E0,-2.523505079E0,8.102043511E0
4.433812562E1,-4.923103564E0,-2.521124092E0,8.102041757E0
4.434810262E1,-4.923572511E0,-2.520112524E0,8.102072162E0
4.435807863E1,-4.923080760E0,-2.520877632E0,8.102132388E0
4.436805563E1,-4.920458284E0,-2.523303642E0,8.102970294E0
4.437803162E1,-4.916544158E0,-2.526628954E0,8.104309891E0
4.438800863E1,-4.913572018E0,-2.529717160E0,8.105148967E0
4.439798463E1,-4.912230082E0,-2.531341517E0,8.105455361E0
4.440796063E1,-4.911129051E0,-2.530574655E0,8.106361679E0
4.441793762E1,-4.910491120E0,-2.527414819E0,8.107734021E0
4.442791363E1,-4.910978778E0,-2.524063488E0,8.108482465E0
4.443789063E1,-4.911135483E0,-2.521872536E0,8.109068940E0
4.444786662E1,-4.910596955E0,-2.521039892E0,8.109654247E0
4.445784362E1,-4.909135151E0,-2.521763485E0,8.110314397E0
4.446781963E1,-4.905991103E0,-2.524209376E0,8.111456358E0
4.447779663E1,-4.902708476E0,-2.527253436E0,8.112493070E0
4.448777262E1,-4.901682875E0,-2.529705174E0,8.112348644E0
4.449774963E1,-4.903077728E0,-2.530499518E0,8.111257553E0
4.450772563E1,-4.904924863E0,-2.528857620E0,8.110652951E0
4.451770263E1,-4.906751826E0,-2.525950969E0,8.110453561E0
4.452767862E1,-4.908486110E0,-2.523622900E0,8.110129040E0
4.453765463E1,-4.909574277E0,-2.522645245E0,8.109774114E0
4.454763163E1,-4.909422834E0,-2.523005142E0,8.109754234E0
4.455760762E1,-4.907889109E0,-2.524620143E0,8.110179911E0
4.456758462E1,-4.905664828E0,-2.527091468E0,8.110755862E0
4.457756063E1,-4.903696948E0,-2.529366035E0,8.111237088E0
4.458753763E1,-4.902995282E0,-2.530338719E0,8.111357540E0
4.459751362E1,-4.903114858E0,-2.529535897E0,8.111535881E0
4.460749062E1,-4.902955813E0,-2.526980956E0,8.112428166E0
4.461746663E1,-4.903124213E0,-2.524214346E0,8.113187719E0
4.462744363E1,-4.903521824E0,-2.522675359E0,8.113426285E0
4.463741962E1,-4.902937395E0,-2.522722429E0,8.113764839E0
4.464739563E1,-4.901095522E0,-2.523782529E0,8.114547781E0
4.465737175E1,-4.898413696E0,-2.526119953E0,8.115440066E0
4.466734775E1,-4.895639777E0,-2.529366620E0,8.116102556E0
4.467732475E1,-4.894449869E0,-2.531831221E0,8.116051685E0
4.468730075E1,-4.895200067E0,-2.532265085E0,8.115463455E0
4.469727775E1,-4.896481484E0,-2.530288726E0,8.115306750E0
4.470725375E1,-4.897554156E0,-2.527041475E0,8.115671616E0
4.471723075E1,-4.898468660E0,-2.524326905E0,8.115964562E0
4.472720675E1,-4.899299549E0,-2.523557703E0,8.115702022E0
4.473718375E1,-4.898692608E0,-2.524800529E0,8.115682141E0
4.474715975E1,-4.896218944E0,-2.527478554E0,8.116341122E0
4.475713675E1,-4.892644833E0,-2.530689845E0,8.117495363E0
4.476711275E1,-4.888599145E0,-2.533769281E0,8.118972369E0
4.477708875E1,-4.885898901E0,-2.535262952E0,8.120131288E0
4.478706575E1,-4.885295468E0,-2.534597247E0,8.120701976E0
4.479704175E1,-4.885848615E0,-2.531983834E0,8.121184956E0
4.480701875E1,-4.886269614E0,-2.528657060E0,8.121967898E0
4.481699475E1,-4.886705524E0,-2.525558328E0,8.122670149E0
4.482697175E1,-4.886399130E0,-2.524119329E0,8.123301648E0
4.483694775E1,-4.884328339E0,-2.524914258E0,8.124299768E0
4.484692475E1,-4.881771643E0,-2.527558076E0,8.125014297E0
4.485690075E1,-4.879840308E0,-2.531300294E0,8.125009620E0
4.486687775E1,-4.879135426E0,-2.534226533E0,8.124520208E0
4.487685375E1,-4.879670154E0,-2.534637885E0,8.124070557E0
4.488683075E1,-4.882014011E0,-2.532464475E0,8.123340824E0
4.489680675E1,-4.885058656E0,-2.529285344E0,8.122500579E0
4.490678275E1,-4.887749837E0,-2.526304725E0,8.121808854E0
4.491675975E1,-4.889583231E0,-2.524342985E0,8.121315933E0
4.492673575E1,-4.889024237E0,-2.524452327E0,8.121618235E0
4.493671275E1,-4.886573377E0,-2.526351211E0,8.122502918E0
4.494668875E1,-4.884017851E0,-2.529407258E0,8.123088809E0
4.495666575E1,-4.882878814E0,-2.532513884E0,8.122805219E0
4.496664175E1,-4.883095161E0,-2.533894996E0,8.122244471E0
4.497661875E1,-4.883826063E0,-2.532409219E0,8.122268445E0
4.498659475E1,-4.885033513E0,-2.529126299E0,8.122565483E0
4.499657175E1,-4.885032928E0,-2.526178426E0,8.123482912E0
4.500654775E1,-4.884199700E0,-2.524400287E0,8.124537165E0
4.501652375E1,-4.883132583E0,-2.524457298E0,8.125160478E0
4.502650075E1,-4.880315979E0,-2.526400035E0,8.126248645E0
4.503647675E1,-4.876175273E0,-2.529235350E0,8.127852536E0
4.504645375E1,-4.873180037E0,-2.532108672E0,8.128754176E0
4.505642975E1,-4.871699230E0,-2.534279450E0,8.128965261E0
4.506640675E1,-4.870668366E0,-2.534371544E0,8.129554076E0
4.507638275E1,-4.871363307E0,-2.532039382E0,8.129864563E0
4.508635975E1,-4.872972461E0,-2.529150565E0,8.129799074E0
4.509633575E1,-4.873922341E0,-2.526600887E0,8.130022438E0
4.510631275E1,-4.874307088E0,-2.524987348E0,8.130293164E0
4.511628875E1,-4.873112502E0,-2.525413610E0,8.130877301E0
4.512626575E1,-4.869967869E0,-2.527785240E0,8.132023939E0
4.513624175E1,-4.866606890E0,-2.531179257E0,8.132979959E0
4.514621875E1,-4.865814300E0,-2.534122453E0,8.132537910E0
4.515619475E1,-4.867080514E0,-2.534968545E0,8.131516401E0
4.516617075E1,-4.869128501E0,-2.533120532E0,8.130866191E0
4.517614775E1,-4.871731682E0,-2.529978239E0,8.130284978E0
4.518612375E1,-4.873282948E0,-2.527296413E0,8.130189668E0
4.519610075E1,-4.872767516E0,-2.525767659E0,8.130973195E0
4.520607675E1,-4.870540312E0,-2.526002717E0,8.132235024E0
4.521605375E1,-4.867681023E0,-2.528018252E0,8.133320852E0
4.522602975E1,-4.864514464E0,-2.530832809E0,8.134339437E0
4.523600675E1,-4.862917881E0,-2.532375889E0,8.134814231E0
4.524598275E1,-4.863570723E0,-2.531946704E0,8.134557538E0
4.525595975E1,-4.864369453E0,-2.529651672E0,8.134793766E0
4.526593575E1,-4.866030647E0,-2.526353257E0,8.134825341E0
4.527591275E1,-4.868250250E0,-2.523831353E0,8.134280380E0
4.528588875E1,-4.868631196E0,-2.523067999E0,8.134289151E0
4.529586475E1,-4.867137817E0,-2.523730196E0,8.134977368E0
4.530584175E1,-4.864617375E0,-2.526459384E0,8.135638103E0
4.531581775E1,-4.861411346E0,-2.530913208E0,8.136170200E0
4.532579475E1,-4.859132102E0,-2.534955096E0,8.136273111E0
4.533577075E1,-4.858825123E0,-2.536609858E0,8.135940405E0
4.534574775E1,-4.859542576E0,-2.535319670E0,8.135914092E0
4.535572375E1,-4.860012400E0,-2.531801108E0,8.136729779E0
4.536570075E1,-4.860688338E0,-2.527734370E0,8.137589904E0
4.537567675E1,-4.861231544E0,-2.524766323E0,8.138186905E0
4.538565375E1,-4.859623560E0,-2.523634010E0,8.139498435E0
4.539562975E1,-4.856037170E0,-2.524258200E0,8.141444389E0
4.540560675E1,-4.851938564E0,-2.526726894E0,8.143122540E0
4.541558275E1,-4.848408600E0,-2.529906610E0,8.144237604E0
4.542555875E1,-4.846794184E0,-2.531532136E0,8.144693102E0
4.543553575E1,-4.847484156E0,-2.530814390E0,8.144505991E0
4.544551175E1,-4.849553778E0,-2.528427557E0,8.144015409E0
4.545548875E1,-4.851852903E0,-2.525697200E0,8.143493253E0
4.546546475E1,-4.853044273E0,-2.523874330E0,8.143348242E0
4.547544175E1,-4.852460428E0,-2.523650674E0,8.143765733E0
4.548541775E1,-4.849711945E0,-2.525289064E0,8.144894831E0
4.549539475E1,-4.846015335E0,-2.528303596E0,8.146159583E0
4.550537075E1,-4.843225044E0,-2.531515179E0,8.146822073E0
4.551534775E1,-4.842178392E0,-2.533382195E0,8.146863588E0
4.552532375E1,-4.843610960E0,-2.532452196E0,8.146301086E0
4.553530075E1,-4.846710861E0,-2.529311656E0,8.145432774E0
4.554527675E1,-4.848850942E0,-2.525222698E0,8.145428097E0
4.555525275E1,-4.848909122E0,-2.521717000E0,8.146479426E0
4.556522975E1,-4.846782782E0,-2.520878217E0,8.148004380E0
4.557520575E1,-4.842598222E0,-2.522833233E0,8.149887183E0
4.558518275E1,-4.838670940E0,-2.526275489E0,8.151153105E0
4.559515875E1,-4.836477064E0,-2.529613957E0,8.151419739E0
4.560513575E1,-4.834931645E0,-2.531177210E0,8.151851263E0
4.561511175E1,-4.834233195E0,-2.530237563E0,8.152557022E0
4.562508875E1,-4.835228684E0,-2.528217350E0,8.152593275E0
4.563506475E1,-4.836451629E0,-2.526732449E0,8.152328396E0
4.564504175E1,-4.837300937E0,-2.525926995E0,8.152074042E0
4.565501875E1,-4.836569158E0,-2.525874955E0,8.152524278E0
4.566499575E1,-4.832703272E0,-2.526558495E0,8.154605302E0
4.567497175E1,-4.827197826E0,-2.528055966E0,8.157401440E0
4.568494875E1,-4.822673250E0,-2.530232885E0,8.159401773E0
4.569492475E1,-4.820679057E0,-2.532089961E0,8.160004036E0
4.570490075E1,-4.822357793E0,-2.531781812E0,8.159107658E0
4.571487775E1,-4.826304079E0,-2.529216054E0,8.157570425E0
4.572485375E1,-4.829817378E0,-2.524913088E0,8.156824320E0
4.573483075E1,-4.831585576E0,-2.520733791E0,8.157069318E0
4.574480675E1,-4.830173766E0,-2.519001261E0,8.158440490E0
4.575478375E1,-4.826516040E0,-2.520763319E0,8.160060754E0
4.576475975E1,-4.821932993E0,-2.525620016E0,8.161268204E0
4.577473675E1,-4.818818766E0,-2.531126339E0,8.161402105E0
4.578471275E1,-4.818688665E0,-2.534609233E0,8.160398138E0
4.579468975E1,-4.820570299E0,-2.534746351E0,8.159243898E0
4.580466575E1,-4.824511030E0,-2.532011023E0,8.157763968E0
4.581464275E1,-4.828826275E0,-2.527972059E0,8.156462962E0
4.582461875E1,-4.830502380E0,-2.524698788E0,8.156484597E0
4.583459575E1,-4.828392412E0,-2.523224120E0,8.158190230E0
4.584457175E1,-4.824342630E0,-2.524231595E0,8.160274177E0
4.585454775E1,-4.820261858E0,-2.527293490E0,8.161737735E0
4.586452475E1,-4.819046222E0,-2.530462388E0,8.161474026E0
4.587450075E1,-4.820464464E0,-2.532168898E0,8.160106947E0
4.588447775E1,-4.823295102E0,-2.531117569E0,8.158760333E0
4.589445375E1,-4.826554924E0,-2.528071169E0,8.157776831E0
4.590443075E1,-4.828759617E0,-2.524978285E0,8.157430092E0
4.591440675E1,-4.829344923E0,-2.523018298E0,8.157690293E0
4.592438375E1,-4.828218457E0,-2.523352466E0,8.158253379E0
4.593435975E1,-4.825438398E0,-2.525718250E0,8.159166130E0
4.594433675E1,-4.821732141E0,-2.529302008E0,8.160246695E0
4.595431275E1,-4.820079133E0,-2.532451903E0,8.160246695E0
4.596428975E1,-4.820548372E0,-2.534016910E0,8.159483634E0
4.597426575E1,-4.822091160E0,-2.532861501E0,8.158930487E0
4.598424275E1,-4.824652240E0,-2.529560455E0,8.158440490E0
4.599421875E1,-4.826381262E0,-2.525585810E0,8.158649236E0
4.600419475E1,-4.824942847E0,-2.522138000E0,8.160566538E0
4.601417175E1,-4.821268457E0,-2.520151116E0,8.163351567E0
4.602414775E1,-4.817092083E0,-2.520721219E0,8.165640752E0
4.603412475E1,-4.812840865E0,-2.523465902E0,8.167299607E0
4.604410075E1,-4.810165763E0,-2.526048617E0,8.168076702E0
4.605407775E1,-4.809474038E0,-2.526954059E0,8.168204171E0
4.606405375E1,-4.810697860E0,-2.525792217E0,8.167843398E0
4.607403075E1,-4.812520730E0,-2.523393397E0,8.167510691E0
4.608400675E1,-4.813470317E0,-2.521141634E0,8.167646347E0
4.609398375E1,-4.812500264E0,-2.520141760E0,8.168526353E0
4.610395975E1,-4.808177710E0,-2.521408267E0,8.170681052E0
4.611393675E1,-4.802482814E0,-2.523937773E0,8.173248564E0
4.612391275E1,-4.797574954E0,-2.526669007E0,8.175286903E0
4.613388975E1,-4.794558960E0,-2.528114146E0,8.176609544E0
4.614386575E1,-4.794760397E0,-2.527316878E0,8.176737598E0
4.615384175E1,-4.796068711E0,-2.525187615E0,8.176628255E0
4.616381875E1,-4.797135828E0,-2.522513976E0,8.176827645E0
4.617379475E1,-4.796890830E0,-2.520351968E0,8.177638069E0
4.618377175E1,-4.794068964E0,-2.519779817E0,8.179468832E0
4.619374775E1,-4.789421597E0,-2.520839333E0,8.181864436E0
4.620372475E1,-4.784768967E0,-2.523439882E0,8.183785247E0
4.621370075E1,-4.781738940E0,-2.526688887E0,8.184553571E0
4.622367775E1,-4.780976171E0,-2.528428434E0,8.184461769E0
4.623365375E1,-4.783008663E0,-2.527843713E0,8.183454879E0
4.624363075E1,-4.785620322E0,-2.525468866E0,8.182660827E0
4.625360675E1,-4.787499909E0,-2.522091514E0,8.182603524E0
4.626358375E1,-4.788185495E0,-2.519705558E0,8.182937400E0
4.627355975E1,-4.785967354E0,-2.519661996E0,8.184248346E0
4.628353675E1,-4.781652109E0,-2.521463816E0,8.186215349E0
4.629351275E1,-4.777801425E0,-2.524274864E0,8.187597631E0
4.630348875E1,-4.775283321E0,-2.526631585E0,8.188339058E0
4.631346575E1,-4.774851797E0,-2.527125674E0,8.188438461E0
4.632344175E1,-4.777516081E0,-2.525551604E0,8.187370175E0
4.633341875E1,-4.781527271E0,-2.522714827E0,8.185903108E0
4.634339475E1,-4.784610800E0,-2.519410858E0,8.185118997E0
4.635337175E1,-4.784776276E0,-2.517012038E0,8.185759851E0
4.636334775E1,-4.781403017E0,-2.516750667E0,8.187811055E0
4.637332475E1,-4.776307754E0,-2.518551610E0,8.190230632E0
4.638330075E1,-4.772331062E0,-2.521774595E0,8.191557366E0
4.639327775E1,-4.771097592E0,-2.524933846E0,8.191302427E0
4.640325375E1,-4.772375209E0,-2.526184565E0,8.190172745E0
4.641323075E1,-4.775558141E0,-2.524827719E0,8.188735499E0
4.642320675E1,-4.778303408E0,-2.522130398E0,8.187964836E0
4.643318375E1,-4.778506014E0,-2.519356479E0,8.188701001E0
4.644315975E1,-4.775914236E0,-2.517921865E0,8.190654556E0
4.645313675E1,-4.770928023E0,-2.518597803E0,8.193351876E0
4.646311275E1,-4.765959351E0,-2.520896343E0,8.195536396E0
4.647308875E1,-4.763674552E0,-2.523368254E0,8.196104161E0
4.648306575E1,-4.763990301E0,-2.524523371E0,8.195564463E0
4.649304175E1,-4.766195871E0,-2.523524959E0,8.194589732E0
4.650301875E1,-4.769693383E0,-2.521108597E0,8.193298666E0
4.651299475E1,-4.771482924E0,-2.518860343E0,8.192947834E0
4.652297175E1,-4.770738281E0,-2.517471921E0,8.193807959E0
4.653294775E1,-4.768223101E0,-2.517592374E0,8.195235264E0
4.654292475E1,-4.763523986E0,-2.519285728E0,8.197447266E0
4.655290075E1,-4.759139744E0,-2.521485450E0,8.199317206E0
4.656287775E1,-4.757323891E0,-2.523546594E0,8.199736451E0
4.657285375E1,-4.757561288E0,-2.524325443E0,8.199359306E0
4.658283075E1,-4.759856612E0,-2.522682668E0,8.198532509E0
4.659280675E1,-4.762559780E0,-2.519532480E0,8.197931415E0
4.660278375E1,-4.763156196E0,-2.516059819E0,8.198651208E0
4.661275975E1,-4.761154987E0,-2.513760109E0,8.200519393E0
4.662273675E1,-4.756739754E0,-2.514058609E0,8.202989842E0
4.663271275E1,-4.751859376E0,-2.516492220E0,8.205072035E0
4.664268875E1,-4.747928000E0,-2.519674275E0,8.206370702E0
4.665266563E1,-4.746393106E0,-2.521757638E0,8.206618624E0
4.666264162E1,-4.748962957E0,-2.521860549E0,8.205100102E0
4.667261862E1,-4.752944326E0,-2.520454001E0,8.203227239E0
4.668259463E1,-4.757022175E0,-2.517847020E0,8.201663693E0
4.669257163E1,-4.758614664E0,-2.516061865E0,8.201287717E0
4.670254762E1,-4.755750990E0,-2.516338731E0,8.202863542E0
4.671252463E1,-4.750701919E0,-2.518285562E0,8.205191318E0
4.672250063E1,-4.743340859E0,-2.519969267E0,8.208932367E0
4.673247763E1,-4.737278174E0,-2.516157467E0,8.213601369E0
4.674245362E1,-4.736667140E0,-2.505950860E0,8.217073445E0
4.675243063E1,-4.735502667E0,-2.494587674E0,8.221200995E0
4.676240663E1,-4.733283648E0,-2.486258022E0,8.225001685E0
4.677238362E1,-4.730276718E0,-2.486334329E0,8.226707903E0
4.678235962E1,-4.725328219E0,-2.495557727E0,8.226759358E0
4.679233663E1,-4.717022834E0,-2.509999765E0,8.227131826E0
4.680231263E1,-4.707286343E0,-2.520614507E0,8.229462526E0
4.681228962E1,-4.704126800E0,-2.518289362E0,8.231980922E0
4.682226562E1,-4.705663156E0,-2.504318317E0,8.235364121E0
4.683224163E1,-4.706098773E0,-2.485818897E0,8.240718416E0
4.684221863E1,-4.710052076E0,-2.470359443E0,8.243108173E0
4.685219462E1,-4.717397348E0,-2.465365044E0,8.240402666E0
4.686217163E1,-4.719100350E0,-2.471600515E0,8.237559165E0
4.687214763E1,-4.714472863E0,-2.483901010E0,8.236509005E0
4.688212462E1,-4.711601588E0,-2.497748386E0,8.233964297E0
4.689210062E1,-4.714835391E0,-2.508356405E0,8.228886575E0
4.690207763E1,-4.721610560E0,-2.511626752E0,8.224002981E0
4.691205363E1,-4.727000815E0,-2.508676540E0,8.221806766E0
4.692203062E1,-4.731347928E0,-2.502859437E0,8.221079373E0
4.693200662E1,-4.734464201E0,-2.497617701E0,8.220878813E0
4.694198363E1,-4.733498826E0,-2.493748013E0,8.222609589E0
4.695195963E1,-4.730669358E0,-2.491177870E0,8.225016888E0
4.696193662E1,-4.729072484E0,-2.491445380E0,8.225854209E0
4.697191263E1,-4.726607298E0,-2.495983696E0,8.225895140E0
4.698188963E1,-4.721798255E0,-2.503013804E0,8.226520792E0
4.699186562E1,-4.716685742E0,-2.509247228E0,8.227554579E0
4.700184162E1,-4.714453860E0,-2.511546061E0,8.228132284E0
4.701181863E1,-4.715620379E0,-2.508572459E0,8.228370851E0
4.702179463E1,-4.719041293E0,-2.501884706E0,8.228445695E0
4.703177162E1,-4.723869047E0,-2.494932367E0,8.227786714E0
4.704174762E1,-4.726761664E0,-2.491207398E0,8.227254032E0
4.705172463E1,-4.724802847E0,-2.492013437E0,8.228135208E0
4.706170063E1,-4.721028762E0,-2.495689289E0,8.229187122E0
4.707167762E1,-4.719719862E0,-2.499575641E0,8.228758521E0
4.708165363E1,-4.722720361E0,-2.501237420E0,8.226531901E0
4.709163063E1,-4.730211229E0,-2.500015059E0,8.222598479E0
4.710160663E1,-4.739282892E0,-2.497444038E0,8.218154595E0
4.711158362E1,-4.747251477E0,-2.494807236E0,8.214355659E0
4.712155963E1,-4.750818864E0,-2.493182588E0,8.212786267E0
4.713153663E1,-4.749868691E0,-2.492871808E0,8.213430630E0
4.714151262E1,-4.747723055E0,-2.493407998E0,8.214508272E0
4.715148962E1,-4.746070632E0,-2.493685448E0,8.215378922E0
4.716146563E1,-4.746333172E0,-2.492907768E0,8.215463122E0
4.717144263E1,-4.747326614E0,-2.491682192E0,8.215260808E0
4.718141862E1,-4.746894212E0,-2.490683780E0,8.215813370E0
4.719139462E1,-4.745384754E0,-2.489769568E0,8.216962348E0
4.720137163E1,-4.742823088E0,-2.488816764E0,8.218729962E0
4.721134763E1,-4.739203662E0,-2.487546749E0,8.221202164E0
4.722132462E1,-4.736050259E0,-2.486182301E0,8.223431708E0
4.723130063E1,-4.733027248E0,-2.485776212E0,8.225294631E0
4.724127763E1,-4.730496866E0,-2.486406542E0,8.226559383E0
4.725125362E1,-4.729564819E0,-2.487466642E0,8.226775146E0
4.726123062E1,-4.730051892E0,-2.488389917E0,8.226216152E0
4.727120663E1,-4.732236705E0,-2.487885887E0,8.225111613E0
4.728118363E1,-4.735500036E0,-2.486154234E0,8.223756813E0
4.729115962E1,-4.738439723E0,-2.484238687E0,8.222642334E0
4.730113662E1,-4.741280885E0,-2.482711394E0,8.221465874E0
4.731111263E1,-4.744393651E0,-2.482367870E0,8.219773690E0
4.732108963E1,-4.747415784E0,-2.483539360E0,8.217674539E0
4.733106562E1,-4.750759514E0,-2.485992559E0,8.214999438E0
4.734104263E1,-4.754818067E0,-2.488931954E0,8.211761250E0
4.735101863E1,-4.758655010E0,-2.491801183E0,8.208668073E0
4.736099562E1,-4.760566172E0,-2.494185677E0,8.206835555E0
4.737097162E1,-4.760125000E0,-2.495609474E0,8.206658385E0
4.738094863E1,-4.758852938E0,-2.495193153E0,8.207522603E0
4.739092463E1,-4.759040049E0,-2.493083185E0,8.208055869E0
4.740090062E1,-4.762139658E0,-2.490195830E0,8.207134348E0
4.741087762E1,-4.766028349E0,-2.487444715E0,8.205711136E0
4.742085363E1,-4.769745131E0,-2.485773581E0,8.204057543E0
4.743083063E1,-4.773247906E0,-2.485959814E0,8.201963655E0
4.744080662E1,-4.774825777E0,-2.488339339E0,8.200323511E0
4.745078363E1,-4.774136975E0,-2.491949117E0,8.199628862E0
4.746075963E1,-4.770567834E0,-2.494835888E0,8.200827541E0
4.747073662E1,-4.762881669E0,-2.495263027E0,8.205164421E0
4.748071262E1,-4.755609195E0,-2.492523314E0,8.210213492E0
4.749068963E1,-4.752581799E0,-2.487671587E0,8.213437647E0
4.750066563E1,-4.755388170E0,-2.481008100E0,8.213828825E0
4.751064262E1,-4.764817098E0,-2.473584183E0,8.210602916E0
4.752061862E1,-4.776488433E0,-2.468317303E0,8.205404742E0
4.753059563E1,-4.785637279E0,-2.466871871E0,8.200507114E0
4.754057163E1,-4.790043740E0,-2.469313084E0,8.197199344E0
4.755054862E1,-4.789484746E0,-2.473703466E0,8.196201809E0
4.756052463E1,-4.785982264E0,-2.477084618E0,8.197226241E0
4.757050163E1,-4.783624082E0,-2.477675479E0,8.198424336E0
4.758047763E1,-4.786183408E0,-2.475777766E0,8.197503984E0
4.759045362E1,-4.794009907E0,-2.473385670E0,8.193651838E0
4.760043063E1,-4.804226747E0,-2.472146352E0,8.188040265E0
4.761040663E1,-4.813375300E0,-2.472155123E0,8.182662581E0
4.762038362E1,-4.818873437E0,-2.474347244E0,8.178763073E0
4.763035962E1,-4.816813755E0,-2.479990977E0,8.178267229E0
4.764033663E1,-4.807482476E0,-2.486755621E0,8.181702468E0
4.765031263E1,-4.797348082E0,-2.491816678E0,8.186110684E0
4.766028987E1,-4.793311164E0,-2.494237133E0,8.187737964E0
4.767026588E1,-4.794908039E0,-2.493000447E0,8.187178971E0
4.768024288E1,-4.799001382E0,-2.487688836E0,8.186396613E0
4.769021887E1,-4.801970014E0,-2.480165808E0,8.186938650E0
4.770019588E1,-4.800826591E0,-2.473112020E0,8.189742390E0
4.771017188E1,-4.798188327E0,-2.467810934E0,8.192887022E0
4.772014887E1,-4.797061276E0,-2.465669099E0,8.194192121E0
4.773012487E1,-4.798987057E0,-2.466207920E0,8.192901641E0
4.774010188E1,-4.804297498E0,-2.467761525E0,8.189320806E0
4.775007788E1,-4.810088288E0,-2.469570654E0,8.185375105E0
4.776005487E1,-4.815162209E0,-2.471018424E0,8.181954483E0
4.777003087E1,-4.821283659E0,-2.472073262E0,8.178030417E0
4.778000788E1,-4.828827152E0,-2.472836908E0,8.173347382E0
4.778998388E1,-4.836384971E0,-2.473700835E0,8.168615815E0
4.779996087E1,-4.841916144E0,-2.475484820E0,8.164798168E0
4.780993688E1,-4.843872915E0,-2.477795347E0,8.162935830E0
4.781991288E1,-4.844873959E0,-2.479191662E0,8.161917830E0
4.782988987E1,-4.847699041E0,-2.478894331E0,8.160330895E0
4.783986587E1,-4.853066492E0,-2.476517731E0,8.157861616E0
4.784984288E1,-4.860405625E0,-2.471780317E0,8.154928653E0
4.785981888E1,-4.865839735E0,-2.466191255E0,8.153380310E0
4.786979587E1,-4.867786858E0,-2.461321402E0,8.153689628E0
4.787977187E1,-4.868226568E0,-2.457612513E0,8.154545075E0
4.788974888E1,-4.868248495E0,-2.454905837E0,8.155347313E0
4.789972488E1,-4.871806819E0,-2.451272816E0,8.154315280E0
4.790970187E1,-4.878516791E0,-2.447720778E0,8.151370622E0
4.791967788E1,-4.884042994E0,-2.444725542E0,8.148959230E0
4.792965488E1,-4.888166743E0,-2.442927816E0,8.147026141E0
4.793963088E1,-4.888486001E0,-2.444252210E0,8.146436741E0
4.794960787E1,-4.885188172E0,-2.448704865E0,8.147078181E0
4.795958388E1,-4.881739776E0,-2.455087393E0,8.147224361E0
4.796956088E1,-4.880294929E0,-2.461823093E0,8.146057257E0
4.797953687E1,-4.884429495E0,-2.465262425E0,8.142538403E0
4.798951387E1,-4.893505543E0,-2.465068005E0,8.137146100E0
4.799948988E1,-4.901967049E0,-2.463158597E0,8.132630296E0
4.800946688E1,-4.907288600E0,-2.460851286E0,8.130118917E0
4.801944287E1,-4.908228832E0,-2.459802003E0,8.129868656E0
4.802941988E1,-4.906950046E0,-2.459390651E0,8.130765034E0
4.803939588E1,-4.910030944E0,-2.457950190E0,8.129340652E0
4.804937188E1,-4.919411632E0,-2.455396711E0,8.124440101E0
4.805934887E1,-4.933413960E0,-2.451094768E0,8.117245102E0
4.806932488E1,-4.948258286E0,-2.446358669E0,8.109634366E0
4.807930188E1,-4.959115396E0,-2.443277479E0,8.103929238E0
4.808927787E1,-4.965639135E0,-2.442506231E0,8.100165970E0
4.809925487E1,-4.968185012E0,-2.444624531E0,8.097965662E0
4.810923088E1,-4.969012393E0,-2.447698851E0,8.096529586E0
4.811920788E1,-4.973961477E0,-2.449038448E0,8.093084407E0
4.812918387E1,-4.983263227E0,-2.447681602E0,8.087771627E0
4.813916087E1,-4.995459350E0,-2.443083936E0,8.081634974E0
4.814913688E1,-5.006445683E0,-2.436181006E0,8.076919194E0
4.815911388E1,-5.011830384E0,-2.430024619E0,8.075434002E0
4.816908987E1,-5.012239689E0,-2.425812723E0,8.076446739E0
4.817906688E1,-5.010800689E0,-2.424237337E0,8.077812064E0
4.818904288E1,-5.010597206E0,-2.424243477E0,8.077936610E0
4.819901987E1,-5.015443963E0,-2.422735041E0,8.075380792E0
4.820899587E1,-5.024413007E0,-2.418271423E0,8.071142145E0
4.821897288E1,-5.033767968E0,-2.411569052E0,8.067317482E0
4.822894888E1,-5.039875969E0,-2.404774149E0,8.065532327E0
4.823892587E1,-5.041403262E0,-2.399766009E0,8.066069686E0
4.824890187E1,-5.040789889E0,-2.397398617E0,8.067156683E0
4.825887888E1,-5.040411574E0,-2.397655602E0,8.067316897E0
4.826885488E1,-5.042637025E0,-2.398419687E0,8.065698972E0
4.827883187E1,-5.049952476E0,-2.397375082E0,8.061431090E0
4.828880788E1,-5.060171070E0,-2.394098156E0,8.055994933E0
4.829878388E1,-5.069365232E0,-2.389468039E0,8.051588472E0
4.830876087E1,-5.074653454E0,-2.384892592E0,8.049613282E0
4.831873687E1,-5.075890140E0,-2.381427825E0,8.049860035E0
4.832871388E1,-5.075220049E0,-2.379736810E0,8.050782140E0
4.833868988E1,-5.074907808E0,-2.378939396E0,8.051214834E0
4.834866687E1,-5.078449466E0,-2.377028233E0,8.049546039E0
4.835864287E1,-5.087278762E0,-2.372911501E0,8.045184016E0
4.836861988E1,-5.098151075E0,-2.366815340E0,8.040095769E0
4.837859588E1,-5.106672222E0,-2.359798682E0,8.036749992E0
4.838857287E1,-5.109311655E0,-2.353438519E0,8.036937688E0
4.839854888E1,-5.107500772E0,-2.349413734E0,8.039265465E0
4.840852588E1,-5.105678780E0,-2.347878548E0,8.040871695E0
4.841850188E1,-5.107170405E0,-2.347306252E0,8.040091091E0
4.842847887E1,-5.113346819E0,-2.345433242E0,8.036711401E0
4.843845488E1,-5.121024213E0,-2.341285958E0,8.033031163E0
4.844843188E1,-5.126214786E0,-2.334889689E0,8.031582223E0
4.845840787E1,-5.127132799E0,-2.327224136E0,8.033221198E0
4.846838487E1,-5.122605300E0,-2.321010884E0,8.037905402E0
4.847836088E1,-5.116147635E0,-2.318029243E0,8.042877874E0
4.848833788E1,-5.111545876E0,-2.318188433E0,8.045757043E0
4.849831387E1,-5.111899048E0,-2.318903548E0,8.045326104E0
4.850829088E1,-5.117000744E0,-2.317518927E0,8.042481433E0
4.851826688E1,-5.121170393E0,-2.313334952E0,8.041032493E0
4.852824388E1,-5.120974512E0,-2.306398108E0,8.043149185E0
4.853821987E1,-5.115543618E0,-2.298652593E0,8.048820400E0
4.854819688E1,-5.107241156E0,-2.292779796E0,8.055765138E0
4.855817288E1,-5.099802328E0,-2.290504498E0,8.061122941E0
4.856814887E1,-5.096493389E0,-2.290568672E0,8.063197533E0
4.857812587E1,-5.099122297E0,-2.289478020E0,8.061845073E0
4.858810188E1,-5.103761478E0,-2.285085153E0,8.060155227E0
4.859807888E1,-5.104345030E0,-2.277225910E0,8.062009964E0
4.860805487E1,-5.099678952E0,-2.267930738E0,8.067581191E0
4.861803187E1,-5.089951524E0,-2.261052950E0,8.075650349E0
4.862800788E1,-5.077661262E0,-2.258637904E0,8.084059229E0
4.863798488E1,-5.068579366E0,-2.259397165E0,8.089544502E0
4.864796087E1,-5.066509452E0,-2.260270739E0,8.090597001E0
4.865793725E1,-5.068955342E0,-2.257898085E0,8.089726936E0
4.866791325E1,-5.069368156E0,-2.250281648E0,8.091590443E0
4.867789025E1,-5.064788616E0,-2.239109519E0,8.097555773E0
4.868786625E1,-5.054698661E0,-2.229181386E0,8.106594399E0
4.869784325E1,-5.042286776E0,-2.223168840E0,8.115969824E0
4.870781925E1,-5.033217160E0,-2.220235730E0,8.122400007E0
4.871779625E1,-5.030105857E0,-2.217981775E0,8.124942377E0
4.872777225E1,-5.030830327E0,-2.213824551E0,8.125627670E0
4.873774925E1,-5.029776074E0,-2.206699719E0,8.128217402E0
4.874772525E1,-5.024658591E0,-2.196731678E0,8.134080990E0
4.875770225E1,-5.016855481E0,-2.187120755E0,8.141484150E0
4.876767825E1,-5.006417032E0,-2.181365633E0,8.149450396E0
4.877765525E1,-4.997611125E0,-2.178536166E0,8.155609269E0
4.878763125E1,-4.993229222E0,-2.176573402E0,8.158817051E0
4.879760825E1,-4.990526054E0,-2.173194734E0,8.161371115E0
4.880758425E1,-4.986233028E0,-2.166699647E0,8.165720859E0
4.881756125E1,-4.979108196E0,-2.157694350E0,8.172449834E0
4.882753725E1,-4.969829249E0,-2.148138538E0,8.180611378E0
4.883751325E1,-4.958346487E0,-2.139872329E0,8.189740051E0
4.884749025E1,-4.945849233E0,-2.133208112E0,8.199030107E0
4.885746625E1,-4.935320737E0,-2.127435886E0,8.206870639E0
4.886744325E1,-4.926735855E0,-2.122058348E0,8.213417766E0
4.887741925E1,-4.918306509E0,-2.115431260E0,8.220177732E0
4.888739625E1,-4.908670297E0,-2.106908651E0,8.228122344E0
4.889737225E1,-4.897155960E0,-2.098263981E0,8.237187282E0
4.890734925E1,-4.882771810E0,-2.091242791E0,8.247505279E0
4.891732525E1,-4.867845915E0,-2.085236239E0,8.257842572E0
4.892730225E1,-4.855402747E0,-2.079270178E0,8.266667774E0
4.893727825E1,-4.843646628E0,-2.072689576E0,8.275212895E0
4.894725525E1,-4.832817000E0,-2.064090222E0,8.283689604E0
4.895723125E1,-4.821585376E0,-2.054012546E0,8.292734662E0
4.896720825E1,-4.808088540E0,-2.043827427E0,8.303081310E0
4.897718425E1,-4.792621485E0,-2.035508155E0,8.314059457E0
4.898716125E1,-4.776740740E0,-2.029611530E0,8.324633562E0
4.899713725E1,-4.765011518E0,-2.024645197E0,8.332561217E0
4.900711425E1,-4.755389340E0,-2.018871949E0,8.339456254E0
4.901709025E1,-4.746251896E0,-2.009780990E0,8.346853566E0
4.902706725E1,-4.736847819E0,-1.998147224E0,8.354985289E0
4.903704325E1,-4.725304246E0,-1.985992617E0,8.364414509E0
4.904702025E1,-4.712860494E0,-1.974894455E0,8.374057737E0
4.905699625E1,-4.700228461E0,-1.966073931E0,8.383227925E0
4.906697325E1,-4.689928299E0,-1.958674718E0,8.390724640E0
4.907694925E1,-4.681198406E0,-1.951484543E0,8.397272937E0
4.908692625E1,-4.673095627E0,-1.942728776E0,8.403813633E0
4.909690225E1,-4.665806195E0,-1.932099415E0,8.410311643E0
4.910687925E1,-4.654227539E0,-1.921375914E0,8.419179531E0
4.911685525E1,-4.639815322E0,-1.910666738E0,8.429565355E0
4.912683225E1,-4.625839014E0,-1.900769741E0,8.439478140E0
4.913680825E1,-4.613520977E0,-1.891755527E0,8.448241947E0
4.914678525E1,-4.602868812E0,-1.882300287E0,8.456160246E0
4.915676125E1,-4.591570238E0,-1.871816960E0,8.464625260E0
4.916673825E1,-4.579950358E0,-1.860528911E0,8.473404855E0
4.917671425E1,-4.565674966E0,-1.850294383E0,8.483343952E0
4.918669025E1,-4.550028402E0,-1.840858585E0,8.493796434E0
4.919666725E1,-4.536988526E0,-1.831830776E0,8.502718701E0
4.920664325E1,-4.526051894E0,-1.823350706E0,8.510366859E0
4.921662025E1,-4.514810329E0,-1.813883917E0,8.518357664E0
4.922659625E1,-4.502436744E0,-1.802797742E0,8.527255372E0
4.923657325E1,-4.490144727E0,-1.790883602E0,8.536242542E0
4.924654925E1,-4.476354946E0,-1.780040525E0,8.545747776E0
4.925652625E1,-4.462084816E0,-1.769832602E0,8.555325515E0
4.926650225E1,-4.449569728E0,-1.760193029E0,8.563827952E0
4.927647925E1,-4.436828938E0,-1.751670566E0,8.572181869E0
4.928645525E1,-4.423688198E0,-1.742518796E0,8.580833994E0
4.929643225E1,-4.412075627E0,-1.731433060E0,8.589052840E0
4.930640825E1,-4.402528878E0,-1.719444514E0,8.596356597E0
4.931638525E1,-4.390367547E0,-1.708141992E0,8.604825704E0
4.932636125E1,-4.376804053E0,-1.697110928E0,8.613912862E0
4.933633825E1,-4.364961687E0,-1.686705223E0,8.621962724E0
4.934631425E1,-4.352287847E0,-1.677226886E0,8.630214314E0
4.935629125E1,-4.338952395E0,-1.666902457E0,8.638925496E0
4.936626725E1,-4.326462158E0,-1.655874316E0,8.647306311E0
4.937624425E1,-4.313646815E0,-1.645304597E0,8.655722208E0
4.938622025E1,-4.298894582E0,-1.635172980E0,8.664976012E0
4.939619725E1,-4.284490844E0,-1.625436343E0,8.673937454E0
4.940617325E1,-4.272252329E0,-1.616098486E0,8.681715420E0
4.941615025E1,-4.259984871E0,-1.606204120E0,8.689576417E0
4.942612625E1,-4.247806875E0,-1.594194523E0,8.697745562E0
4.943610325E1,-4.236498067E0,-1.581126289E0,8.705643396E0
4.944607925E1,-4.223400304E0,-1.568956186E0,8.714204890E0
4.945605625E1,-4.209252089E0,-1.557331045E0,8.723131249E0
4.946603225E1,-4.196613040E0,-1.545641145E0,8.731296301E0
4.947600925E1,-4.185200737E0,-1.533860467E0,8.738847980E0
4.948598525E1,-4.172780958E0,-1.521632770E0,8.746921231E0
4.949596225E1,-4.160262654E0,-1.508317052E0,8.755186855E0
4.950593825E1,-4.148442800E0,-1.495167833E0,8.763047267E0
4.951591525E1,-4.134538706E0,-1.483465947E0,8.771602913E0
4.952589125E1,-4.119858102E0,-1.472523321E0,8.780349762E0
4.953586825E1,-4.106741043E0,-1.462100952E0,8.788232979E0
4.954584425E1,-4.093978910E0,-1.451522608E0,8.795937855E0
4.955582125E1,-4.081096324E0,-1.439641358E0,8.803873111E0
4.956579725E1,-4.068868042E0,-1.426789324E0,8.811621841E0
4.957577425E1,-4.056374881E0,-1.414222342E0,8.819404485E0
4.958575025E1,-4.043033582E0,-1.401660184E0,8.827532115E0
4.959572625E1,-4.029919739E0,-1.389029029E0,8.835521750E0
4.960570325E1,-4.017013472E0,-1.376832175E0,8.843304394E0
4.961567925E1,-4.003839403E0,-1.364676837E0,8.851159544E0
4.962565625E1,-3.991896172E0,-1.351665467E0,8.858547501E0
4.963563225E1,-3.981279968E0,-1.338598255E0,8.865306882E0
4.964560925E1,-3.970754395E0,-1.326498612E0,8.871843485E0
4.965558562E1,-3.959868633E0,-1.314584764E0,8.878480074E0
4.966556263E1,-3.950530045E0,-1.301920572E0,8.884503876E0
4.967553863E1,-3.941205491E0,-1.288823247E0,8.890552821E0
4.968551562E1,-3.931834743E0,-1.275457243E0,8.896627493E0
4.969549162E1,-3.923689279E0,-1.261960262E0,8.902146680E0
4.970546863E1,-3.915600826E0,-1.249146966E0,8.907513839E0
4.971544463E1,-3.907243108E0,-1.236837992E0,8.912899709E0
4.972542162E1,-3.899625063E0,-1.224774674E0,8.917900833E0
4.973539763E1,-3.892277159E0,-1.211885145E0,8.922870381E0
4.974537463E1,-3.884802079E0,-1.198045297E0,8.927995466E0
4.975535062E1,-3.876152878E0,-1.183476375E0,8.933695917E0
4.976532762E1,-3.866118763E0,-1.169411117E0,8.939893965E0
4.977530363E1,-3.855271886E0,-1.156524585E0,8.946252227E0
4.978528063E1,-3.845033996E0,-1.144364423E0,8.952219896E0
4.979525662E1,-3.835404801E0,-1.132374707E0,8.957873569E0
4.980523362E1,-3.825491139E0,-1.118890735E0,8.963804984E0
4.981520963E1,-3.815365516E0,-1.103201194E0,8.970063259E0
4.982518663E1,-3.804648447E0,-1.086773076E0,8.976617988E0
4.983516262E1,-3.792549096E0,-1.071719200E0,8.983545184E0
4.984513963E1,-3.780986227E0,-1.057682886E0,8.990080617E0
4.985511563E1,-3.770799500E0,-1.043656000E0,8.995996245E0
4.986509262E1,-3.759748555E0,-1.029206215E0,9.002284341E0
4.987506862E1,-3.746690260E0,-1.013770004E0,9.009477586E0
4.988504563E1,-3.733936021E0,-9.968810523E-1,9.016654458E0
4.989502163E1,-3.723170713E0,-9.799258811E-1,9.022962434E0
4.990499862E1,-3.712337869E0,-9.647997189E-1,9.029053479E0
4.991497462E1,-3.701632494E0,-9.505268117E-1,9.034960921E0
4.992495163E1,-3.690326025E0,-9.353642506E-1,9.041165986E0
4.993492763E1,-3.677204873E0,-9.191999153E-1,9.048167442E0
4.994490462E1,-3.662649107E0,-9.029487488E-1,9.055704503E0
4.995488063E1,-3.649168351E0,-8.869901624E-1,9.062721747E0
4.996485763E1,-3.639314916E0,-8.720349582E-1,9.068133345E0
4.997483363E1,-3.630080701E0,-8.584887137E-1,9.073125697E0
4.998481062E1,-3.618288036E0,-8.454880875E-1,9.079055359E0
4.999478663E1,-3.604752024E0,-8.314224641E-1,9.085735803E0
5.000476363E1,-3.591713610E0,-8.163736314E-1,9.092261880E0
5.001473962E1,-3.579340610E0,-8.009738926E-1,9.098508461E0
5.002471662E1,-3.568525307E0,-7.848933186E-1,9.104156871E0
5.003469263E1,-3.559657128E0,-7.684724367E-1,9.109028186E0
5.004466963E1,-3.549732064E0,-7.526144224E-1,9.114224022E0
5.005464562E1,-3.535226291E0,-7.376919626E-1,9.121079298E0
5.006462263E1,-3.519238542E0,-7.230045609E-1,9.128435095E0
5.007459863E1,-3.505475366E0,-7.088399003E-1,9.134839550E0
5.008457563E1,-3.493429517E0,-6.952506056E-1,9.140496731E0
5.009455162E1,-3.484264883E0,-6.808244283E-1,9.145079194E0
5.010452763E1,-3.476978668E0,-6.650191120E-1,9.149014370E0
5.011450463E1,-3.466540803E0,-6.495212131E-1,9.154087415E0
5.012448062E1,-3.451874524E0,-6.338603231E-1,9.160725174E0
5.013445762E1,-3.438159588E0,-6.171489807E-1,9.167021456E0
5.014443363E1,-3.427664713E0,-6.003866580E-1,9.172063510E0
5.015441063E1,-3.418712041E0,-5.842352596E-1,9.176446583E0
5.016438662E1,-3.410457234E0,-5.681317354E-1,9.180528524E0
5.017436363E1,-3.401720032E0,-5.517094282E-1,9.184771264E0
5.018433963E1,-3.389555192E0,-5.359936109E-1,9.190197480E0
5.019431663E1,-3.374430492E0,-5.210630746E-1,9.196619477E0
5.020429262E1,-3.361775363E0,-5.058630183E-1,9.202101241E0
5.021426963E1,-3.354053238E0,-4.902665938E-1,9.205762768E0
5.022424563E1,-3.347371332E0,-4.741711460E-1,9.209037209E0
5.023422262E1,-3.339378188E0,-4.567792243E-1,9.212817433E0
5.024419862E1,-3.329686136E0,-4.388220961E-1,9.217196998E0
5.025417563E1,-3.317250278E0,-4.220465075E-1,9.222463000E0
5.026415163E1,-3.304259226E0,-4.061035258E-1,9.227841269E0
5.027412862E1,-3.294346149E0,-3.901620425E-1,9.232072315E0
5.028410462E1,-3.287464561E0,-3.740425846E-1,9.235191804E0
5.029408163E1,-3.279584561E0,-3.572502583E-1,9.238657449E0
5.030405763E1,-3.270016762E0,-3.394734071E-1,9.242718340E0
5.031403462E1,-3.258881909E0,-3.223094537E-1,9.247264550E0
5.032401063E1,-3.246722917E0,-3.068501830E-1,9.252066284E0
5.033398763E1,-3.236601971E0,-2.920343070E-1,9.256091507E0
5.034396362E1,-3.230184360E0,-2.768115379E-1,9.258800522E0
5.035394062E1,-3.223848609E0,-2.608388268E-1,9.261472115E0
5.036391663E1,-3.214925466E0,-2.445180967E-1,9.265018451E0
5.037389363E1,-3.203303832E0,-2.286196087E-1,9.269448887E0
5.038386962E1,-3.190955682E0,-2.138386515E-1,9.274059416E0
5.039384662E1,-3.179938358E0,-1.994417102E-1,9.278163577E0
5.040382263E1,-3.170514401E0,-1.849405789E-1,9.281688278E0
5.041379963E1,-3.162243807E0,-1.700587207E-1,9.284793735E0
5.042377562E1,-3.152959013E0,-1.550366207E-1,9.288213771E0
5.043375263E1,-3.141750778E0,-1.405329677E-1,9.292241333E0
5.044372863E1,-3.129766909E0,-1.270648749E-1,9.296478810E0
5.045370562E1,-3.120149117E0,-1.145550311E-1,9.299873119E0
5.046368162E1,-3.112855007E0,-1.020193499E-1,9.302463436E0
5.047365863E1,-3.105154517E0,-8.874453499E-2,9.305172451E0
5.048363463E1,-3.095218928E0,-7.435199738E-2,9.308608274E0
5.049361162E1,-3.083771834E0,-5.954602052E-2,9.312513045E0
5.050358762E1,-3.072177975E0,-4.470523902E-2,9.316427756E0
5.051356463E1,-3.061753266E0,-2.983015994E-2,9.319918544E0
5.052354063E1,-3.053128331E0,-1.546110142E-2,9.322781925E0
5.053351762E1,-3.045038708E0,-2.160636690E-3,9.325440069E0
5.054349363E1,-3.035529673E0,1.073010439E-2,9.328533831E0
5.055347063E1,-3.024376402E0,2.365063743E-2,9.332132208E0
5.056344663E1,-3.013392700E0,3.675514535E-2,9.335642291E0
5.057342362E1,-3.004108198E0,4.967560073E-2,9.338574085E0
5.058339963E1,-2.996304212E0,6.228787130E-2,9.341005358E0
5.059337663E1,-2.988209034E0,7.502741475E-2,9.343504457E0
5.060335262E1,-2.978058853E0,8.794509270E-2,9.346632133E0
5.061332962E1,-2.965680589E0,1.007345065E-1,9.350438086E0
5.062330563E1,-2.954021826E0,1.131904280E-1,9.353985592E0
5.063328263E1,-2.944532087E0,1.255411819E-1,9.356819152E0
5.064325862E1,-2.936078475E0,1.380217622E-1,9.359299541E0
5.065323563E1,-2.926990440E0,1.505003325E-1,9.361953592E0
5.066321279E1,-2.916100878E0,1.627775119E-1,9.365146172E0
5.067318979E1,-2.904079003E0,1.750115864E-1,9.368660349E0
5.068316579E1,-2.892825744E0,1.872639152E-1,9.371904384E0
5.069314279E1,-2.883567263E0,1.996506751E-1,9.374501717E0
5.070311879E1,-2.875422384E0,2.119375938E-1,9.376733599E0
5.071309579E1,-2.866879017E0,2.242564347E-1,9.379062545E0
5.072307179E1,-2.856767427E0,2.368255729E-1,9.381838219E0
5.073304879E1,-2.845768814E0,2.496965188E-1,9.384847196E0
5.074302479E1,-2.835593490E0,2.625189145E-1,9.387576676E0
5.075300079E1,-2.826618891E0,2.748671559E-1,9.389929596E0
5.076297779E1,-2.817527640E0,2.862688975E-1,9.392320522E0
5.077295379E1,-2.808486090E0,2.967820634E-1,9.394702093E0
5.078293079E1,-2.799330228E0,3.070162074E-1,9.397105299E0
5.079290679E1,-2.790415563E0,3.176222160E-1,9.399403839E0
5.080288379E1,-2.782517729E0,3.291287690E-1,9.401349208E0
5.081285979E1,-2.774399747E0,3.410017231E-1,9.403324982E0
5.082283679E1,-2.765365798E0,3.523310689E-1,9.405567974E0
5.083281279E1,-2.756529194E0,3.625842346E-1,9.407772374E0
5.084278979E1,-2.748077336E0,3.723385963E-1,9.409863923E0
5.085276579E1,-2.740561033E0,3.822948331E-1,9.411656095E0
5.086274279E1,-2.734002796E0,3.924817426E-1,9.413144211E0
5.087271879E1,-2.727828721E0,4.024934914E-1,9.414512460E0
5.088269579E1,-2.722169493E0,4.124810109E-1,9.415718740E0
5.089267179E1,-2.716109146E0,4.223828686E-1,9.417029686E0
5.090264879E1,-2.709279014E0,4.317091044E-1,9.418573936E0
5.091262479E1,-2.702996473E0,4.400171939E-1,9.419994224E0
5.092260179E1,-2.697752982E0,4.471104147E-1,9.421163667E0
5.093257779E1,-2.692374421E0,4.535194381E-1,9.422395676E0
5.094255479E1,-2.686397982E0,4.604626778E-1,9.423764509E0
5.095253079E1,-2.680399615E0,4.687348434E-1,9.425064930E0
5.096250779E1,-2.674782488E0,4.776439901E-1,9.426213323E0
5.097248379E1,-2.669686639E0,4.862375698E-1,9.427218459E0
5.098246079E1,-2.664263932E0,4.939146716E-1,9.428353404E0
5.099243679E1,-2.657839888E0,5.003469377E-1,9.429826902E0
5.100241379E1,-2.651237797E0,5.057745060E-1,9.431395710E0
5.101238979E1,-2.644126998E0,5.106632534E-1,9.433128825E0
5.102236679E1,-2.637908192E0,5.155186351E-1,9.434605247E0
5.103234279E1,-2.634064817E0,5.209861472E-1,9.435378833E0
5.104231979E1,-2.631316918E0,5.267884124E-1,9.435823222E0
5.105229579E1,-2.628731279E0,5.324008623E-1,9.436229019E0
5.106227279E1,-2.625887193E0,5.375932264E-1,9.436726617E0
5.107224879E1,-2.622863598E0,5.416976063E-1,9.437332973E0
5.108222579E1,-2.621466698E0,5.446182174E-1,9.437552828E0
5.109220179E1,-2.622226836E0,5.472245407E-1,9.437190886E0
5.110217879E1,-2.624119288E0,5.503071197E-1,9.436485711E0
5.111215479E1,-2.626737963E0,5.538706687E-1,9.435548403E0
5.112213179E1,-2.629030657E0,5.566948374E-1,9.434743826E0
5.113210779E1,-2.632175289E0,5.577091831E-1,9.433807102E0
5.114208479E1,-2.638060219E0,5.570867835E-1,9.432199702E0
5.115206079E1,-2.646297192E0,5.562409838E-1,9.429942092E0
5.116203779E1,-2.654824187E0,5.567751635E-1,9.427513744E0
5.117201379E1,-2.661437387E0,5.600224512E-1,9.425456108E0
5.118199079E1,-2.666844893E0,5.653517498E-1,9.423609558E0
5.119196679E1,-2.674751790E0,5.704637146E-1,9.421060172E0
5.120194379E1,-2.686448560E0,5.732108096E-1,9.417564706E0
5.121191979E1,-2.699715308E0,5.734149871E-1,9.413757584E0
5.122189679E1,-2.711358868E0,5.726802479E-1,9.410455661E0
5.123187279E1,-2.720244297E0,5.721095231E-1,9.407925571E0
5.124184979E1,-2.728855492E0,5.714123888E-1,9.405473834E0
5.125182579E1,-2.740138279E0,5.701143435E-1,9.402271898E0
5.126180279E1,-2.755221464E0,5.678785144E-1,9.397998168E0
5.127177879E1,-2.771648339E0,5.647698787E-1,9.393354310E0
5.128175579E1,-2.785519104E0,5.617958021E-1,9.389428489E0
5.129173179E1,-2.797131382E0,5.598505431E-1,9.386092068E0
5.130170879E1,-2.810449878E0,5.591899905E-1,9.382152214E0
5.131168479E1,-2.827668466E0,5.594042909E-1,9.376963980E0
5.132166179E1,-2.847326220E0,5.592349775E-1,9.371023793E0
5.133163779E1,-2.865886160E0,5.569245598E-1,9.365502267E0
5.134161479E1,-2.883355594E0,5.523905192E-1,9.360407588E0
5.135159079E1,-2.901338998E0,5.466645236E-1,9.355185440E0
5.136156779E1,-2.921999550E0,5.420276451E-1,9.349022475E0
5.137154379E1,-2.945111547E0,5.390286082E-1,9.341941497E0
5.138152079E1,-2.967766876E0,5.361492930E-1,9.334934778E0
5.139149679E1,-2.988533262E0,5.320014609E-1,9.328544356E0
5.140147379E1,-3.008508228E0,5.262426113E-1,9.322448634E0
5.141144979E1,-3.030011071E0,5.200079080E-1,9.315831925E0
5.142142679E1,-3.054960848E0,5.142397394E-1,9.308000164E0
5.143140279E1,-3.080695906E0,5.088418823E-1,9.299811139E0
5.144137979E1,-3.104530619E0,5.030532850E-1,9.292196894E0
5.145135579E1,-3.127111396E0,4.955331078E-1,9.285027038E0
5.146133279E1,-3.150168722E0,4.859593885E-1,9.277735561E0
5.147130879E1,-3.175792682E0,4.766457973E-1,9.269479292E0
5.148128579E1,-3.203098887E0,4.690646629E-1,9.260466394E0
5.149126179E1,-3.230060983E0,4.624519736E-1,9.251429522E0
5.150123879E1,-3.256164416E0,4.548957265E-1,9.242649343E0
5.151121479E1,-3.283127389E0,4.447268703E-1,9.233601362E0
5.152119179E1,-3.313192018E0,4.329017537E-1,9.223419020E0
5.153116779E1,-3.346195165E0,4.218493101E-1,9.212009933E0
5.154114479E1,-3.379072012E0,4.116496830E-1,9.200462852E0
5.155112079E1,-3.410153179E0,4.014957372E-1,9.189437342E0
5.156109779E1,-3.439864343E0,3.904199413E-1,9.178834586E0
5.157107379E1,-3.470124561E0,3.786820579E-1,9.167929528E0
5.158105079E1,-3.503614489E0,3.676204415E-1,9.155634588E0
5.159102679E1,-3.539145095E0,3.569352761E-1,9.142381874E0
5.160100379E1,-3.574015843E0,3.462359678E-1,9.129218622E0
5.161097979E1,-3.606654123E0,3.349740843E-1,9.116794458E0
5.162095679E1,-3.639173413E0,3.225224386E-1,9.104311822E0
5.163093279E1,-3.674855170E0,3.096310822E-1,9.090416499E0
5.164090979E1,-3.714625299E0,2.966535160E-1,9.074671116E0
5.165088579E1,-3.756026510E0,2.830785288E-1,9.058048067E0
5.166086200E1,-3.795378271E0,2.691203297E-1,9.042055932E0
5.167083800E1,-3.831945881E0,2.549235276E-1,9.027032096E0
5.168081500E1,-3.868750302E0,2.409465808E-1,9.011704205E0
5.169079100E1,-3.909336411E0,2.272843422E-1,8.994528009E0
5.170076800E1,-3.953417400E0,2.130996000E-1,8.975588293E0
5.171074400E1,-3.997522948E0,1.978628707E-1,8.956380774E0
5.172072100E1,-4.039178805E0,1.824298393E-1,8.938000637E0
5.173069700E1,-4.078630553E0,1.671515764E-1,8.920366019E0
5.174067400E1,-4.119000023E0,1.526947012E-1,8.902057217E0
5.175065000E1,-4.162926938E0,1.387599732E-1,8.881828775E0
5.176062700E1,-4.209260859E0,1.245682783E-1,8.860175366E0
5.177060300E1,-4.255846211E0,1.101276473E-1,8.838085170E0
5.178058000E1,-4.300692309E0,9.453655841E-2,8.816530579E0
5.179055600E1,-4.344463396E0,7.730450325E-2,8.795212215E0
5.180053300E1,-4.390020515E0,5.915098628E-2,8.772703359E0
5.181050900E1,-4.437809808E0,4.127851483E-2,8.748728020E0
5.182048600E1,-4.486045537E0,2.381660928E-2,8.724158020E0
5.183046200E1,-4.533207424E0,5.935320173E-3,8.699775715E0
5.184043900E1,-4.579706822E0,-1.276779966E-2,8.675380547E0
5.185041500E1,-4.627569498E0,-3.164919675E-2,8.649896042E0
5.186039200E1,-4.677406486E0,-5.013817030E-2,8.622960843E0
5.187036800E1,-4.727878482E0,-6.837176214E-2,8.595265507E0
5.188034500E1,-4.777112038E0,-8.698630465E-2,8.567831540E0
5.189032100E1,-4.824668320E0,-1.056585564E-1,8.540931424E0
5.190029800E1,-4.871663562E0,-1.241344423E-1,8.513964066E0
5.191027400E1,-4.917999530E0,-1.427281678E-1,8.486990275E0
5.192025100E1,-4.962654131E0,-1.615306663E-1,8.460618748E0
5.193022700E1,-5.005902477E0,-1.804936435E-1,8.434717337E0
5.194020400E1,-5.048416997E0,-1.997373235E-1,8.408905388E0
5.195018000E1,-5.091335560E0,-2.195743864E-1,8.382493515E0
5.196015700E1,-5.133447207E0,-2.396722533E-1,8.356217882E0
5.197013300E1,-5.174086525E0,-2.595807070E-1,8.330518785E0
5.198011000E1,-5.214018915E0,-2.794490158E-1,8.304938970E0
5.199008600E1,-5.253405760E0,-3.001841927E-1,8.279354478E0
5.200006300E1,-5.292744073E0,-3.215579769E-1,8.253457160E0
5.201003900E1,-5.331339204E0,-3.431006908E-1,8.227709531E0
5.202001600E1,-5.368770740E0,-3.648678282E-1,8.202394595E0
5.202999200E1,-5.404830519E0,-3.865635929E-1,8.177681338E0
5.203996900E1,-5.439807978E0,-4.079380897E-1,8.153415393E0
5.204994500E1,-5.473695517E0,-4.290481828E-1,8.129617226E0
5.205992200E1,-5.506284973E0,-4.502724427E-1,8.106428338E0
5.206989800E1,-5.537459403E0,-4.719782574E-1,8.083927082E0
5.207987500E1,-5.567420536E0,-4.938306179E-1,8.062013472E0
5.208985100E1,-5.596581185E0,-5.156534865E-1,8.040427891E0
5.209982800E1,-5.624776459E0,-5.369573782E-1,8.019331137E0
5.210980400E1,-5.651628628E0,-5.578545595E-1,7.998999783E0
5.211978100E1,-5.676959935E0,-5.783560305E-1,7.979581765E0
5.212975700E1,-5.701178518E0,-5.991655401E-1,7.960757824E0
5.213973400E1,-5.724367406E0,-6.206931974E-1,7.942446683E0
5.214971000E1,-5.746314345E0,-6.431620737E-1,7.924791015E0
5.215968700E1,-5.766203649E0,-6.664108955E-1,7.908406532E0
5.216966300E1,-5.783063511E0,-6.892836682E-1,7.894122954E0
5.217964000E1,-5.797810773E0,-7.105608820E-1,7.881407599E0
5.218961600E1,-5.810869945E0,-7.303213280E-1,7.869975708E0
5.219959300E1,-5.822569638E0,-7.497682171E-1,7.859493404E0
5.220956900E1,-5.832581241E0,-7.698088179E-1,7.850126749E0
5.221954600E1,-5.840696592E0,-7.906475636E-1,7.842017831E0
5.222952200E1,-5.847388730E0,-8.115251932E-1,7.834894753E0
5.223949900E1,-5.851561303E0,-8.335450034E-1,7.829465613E0
5.224947500E1,-5.852575795E0,-8.563674901E-1,7.826243797E0
5.225945200E1,-5.851843724E0,-8.785276334E-1,7.824334681E0
5.226942800E1,-5.850669018E0,-8.993994889E-1,7.822842472E0
5.227940500E1,-5.849672652E0,-9.192900355E-1,7.821274833E0
5.228938100E1,-5.847638406E0,-9.393636730E-1,7.820410615E0
5.229935800E1,-5.842128575E0,-9.597560569E-1,7.822051928E0
5.230933400E1,-5.834837682E0,-9.801222014E-1,7.824968519E0
5.231931100E1,-5.826344016E0,-1.001257474E0,7.828620105E0
5.232928700E1,-5.815845340E0,-1.023220785E0,7.833585561E0
5.233926400E1,-5.804737970E0,-1.044239041E0,7.839048615E0
5.234924000E1,-5.792845318E0,-1.063053626E0,7.845314491E0
5.235921700E1,-5.783043630E0,-1.079760437E0,7.850262405E0
5.236919300E1,-5.775401319E0,-1.096339340E0,7.853590640E0
5.237917000E1,-5.767762517E0,-1.113908834E0,7.856731179E0
5.238914600E1,-5.760828888E0,-1.130974079E0,7.859379383E0
5.239912300E1,-5.754301642E0,-1.147507886E0,7.861764463E0
5.240909900E1,-5.747786674E0,-1.164409920E0,7.864044292E0
5.241907600E1,-5.741419641E0,-1.181597738E0,7.866131163E0
5.242905200E1,-5.734563196E0,-1.198414111E0,7.868588748E0
5.243902900E1,-5.728881456E0,-1.213702825E0,7.870384428E0
5.244900500E1,-5.723304967E0,-1.228393151E0,7.872161981E0
5.245898200E1,-5.716035708E0,-1.243825999E0,7.875019516E0
5.246895800E1,-5.707221615E0,-1.259690665E0,7.878889203E0
5.247893500E1,-5.697267315E0,-1.275207129E0,7.883596796E0
5.248891100E1,-5.687828740E0,-1.289392912E0,7.888102661E0
5.249888800E1,-5.678924015E0,-1.302545201E0,7.892356510E0
5.250886400E1,-5.670561327E0,-1.314850666E0,7.896328524E0
5.251884100E1,-5.663034791E0,-1.325570074E0,7.899936841E0
5.252881700E1,-5.656409896E0,-1.334606361E0,7.903160411E0
5.253879400E1,-5.649111401E0,-1.342992292E0,7.906959931E0
5.254877000E1,-5.638268909E0,-1.350343996E0,7.913443324E0
5.255874700E1,-5.625377553E0,-1.355293225E0,7.921768005E0
5.256872300E1,-5.612879130E0,-1.358299571E0,7.930113736E0
5.257870000E1,-5.601425019E0,-1.360324170E0,7.937861881E0
5.258867600E1,-5.591489430E0,-1.362206389E0,7.944541156E0
5.259865300E1,-5.581178450E0,-1.363918307E0,7.951495249E0
5.260862900E1,-5.568299373E0,-1.361838160E0,7.960875353E0
5.261860600E1,-5.553711154E0,-1.359437293E0,7.971469338E0
5.262858200E1,-5.537514367E0,-1.360869569E0,7.982484908E0
5.263855900E1,-5.522541402E0,-1.370031279E0,7.991286137E0
5.264853500E1,-5.507299465E0,-1.381736089E0,7.999785064E0
5.265851200E1,-5.491009707E0,-1.393285217E0,8.008974549E0
5.266848700E1,-5.473293813E0,-1.404823089E0,8.019079122E0
5.267846400E1,-5.453033211E0,-1.416896274E0,8.030749580E0
5.268844000E1,-5.432392539E0,-1.429029977E0,8.042579082E0
5.269841700E1,-5.412976860E0,-1.441381343E0,8.053458996E0
5.270839300E1,-5.394689108E0,-1.453909149E0,8.063471768E0
5.271837000E1,-5.377326971E0,-1.466773169E0,8.072733757E0
5.272834600E1,-5.361054754E0,-1.479845789E0,8.081166612E0
5.273832300E1,-5.345733880E0,-1.493439250E0,8.088811262E0
5.274829900E1,-5.330738111E0,-1.508355790E0,8.095936679E0
5.275827600E1,-5.315627151E0,-1.524090793E0,8.102922347E0
5.276825200E1,-5.300309200E0,-1.539735165E0,8.109996893E0
5.277822900E1,-5.285637951E0,-1.554807971E0,8.116693125E0
5.278820500E1,-5.271870098E0,-1.570002838E0,8.122719265E0
5.279818200E1,-5.257250889E0,-1.585514186E0,8.129179269E0
5.280815800E1,-5.242735761E0,-1.600355150E0,8.135642781E0
5.281813500E1,-5.229104147E0,-1.614487724E0,8.141621559E0
5.282811100E1,-5.215737412E0,-1.628628045E0,8.147376974E0
5.283808800E1,-5.201643868E0,-1.643346364E0,8.153429427E0
5.284806500E1,-5.188081836E0,-1.658166863E0,8.159067897E0
5.285804100E1,-5.177180287E0,-1.672631559E0,8.163039325E0
5.286801800E1,-5.168588389E0,-1.687112774E0,8.165503342E0
5.287799400E1,-5.160550806E0,-1.702189819E0,8.167458066E0
5.288797100E1,-5.153243541E0,-1.717012218E0,8.168968987E0
5.289794700E1,-5.148028409E0,-1.730591353E0,8.169391741E0
5.290792400E1,-5.144121299E0,-1.742866559E0,8.169242637E0
5.291790000E1,-5.140794818E0,-1.754591542E0,8.168826900E0
5.292787700E1,-5.140993624E0,-1.766526294E0,8.166129579E0
5.293785300E1,-5.145166197E0,-1.777407086E0,8.161138980E0
5.294783000E1,-5.146859550E0,-1.787222514E0,8.157927105E0
5.295780600E1,-5.145534571E0,-1.797968235E0,8.156401566E0
5.296778300E1,-5.142895138E0,-1.809220324E0,8.155577694E0
5.297775900E1,-5.141588870E0,-1.820388506E0,8.153916500E0
5.298773600E1,-5.141619861E0,-1.832267856E0,8.151235551E0
5.299771200E1,-5.141960168E0,-1.845295306E0,8.148081563E0
5.300768900E1,-5.142347254E0,-1.858269108E0,8.144887814E0
5.301766500E1,-5.142634937E0,-1.869962955E0,8.142029110E0
5.302764200E1,-5.143174050E0,-1.880809832E0,8.139190287E0
5.303761800E1,-5.144676785E0,-1.892243331E0,8.135588987E0
5.304759500E1,-5.158962117E0,-1.904826393E0,8.123598102E0
5.305757100E1,-5.194439514E0,-1.919452472E0,8.097506071E0
5.306754800E1,-5.231319072E0,-1.932058631E0,8.070721731E0
5.307752400E1,-5.266058550E0,-1.941549831E0,8.045813177E0
5.308750100E1,-5.297606032E0,-1.951251239E0,8.022723691E0
5.309747700E1,-5.326211781E0,-1.961394842E0,8.001281367E0
5.310745400E1,-5.353432909E0,-1.972202690E0,7.980430196E0
5.311743000E1,-5.377762588E0,-1.983720243E0,7.961195195E0
5.312740700E1,-5.397653062E0,-1.993772483E0,7.945207154E0
5.313738300E1,-5.413040010E0,-2.002217763E0,7.932605234E0
5.314736000E1,-5.423640427E0,-2.010563933E0,7.923247935E0
5.315733600E1,-5.430446001E0,-2.019651237E0,7.916272207E0
5.316731300E1,-5.434851294E0,-2.027919784E0,7.911133674E0
5.317728900E1,-5.437124106E0,-2.033892715E0,7.908038158E0
5.318726600E1,-5.436191475E0,-2.038629837E0,7.907458699E0
5.319724200E1,-5.432687824E0,-2.043802430E0,7.908531663E0
5.320721900E1,-5.428026423E0,-2.047976319E0,7.910652448E0
5.321719500E1,-5.422684407E0,-2.050553041E0,7.913647977E0
5.322717200E1,-5.416837192E0,-2.052826292E0,7.917062750E0
5.323714800E1,-5.410648499E0,-2.054967688E0,7.920737725E0
5.324712500E1,-5.404185571E0,-2.055924731E0,7.924900943E0
5.325710100E1,-5.396185411E0,-2.055588663E0,7.930437672E0
5.326707800E1,-5.386895354E0,-2.054847528E0,7.936942114E0
5.327705500E1,-5.376772655E0,-2.054311923E0,7.943942401E0
5.328703100E1,-5.365025014E0,-2.054276547E0,7.951889936E0
5.329700800E1,-5.352886194E0,-2.054826040E0,7.959924595E0
5.330698400E1,-5.340765501E0,-2.056075882E0,7.967739984E0
5.331696100E1,-5.328234918E0,-2.057349844E0,7.975796278E0
5.332693700E1,-5.315898462E0,-2.057445738E0,7.983998752E0
5.333691400E1,-5.303095399E0,-2.057030878E0,7.992615209E0
5.334689000E1,-5.290193517E0,-2.057017722E0,8.001164423E0
5.335686700E1,-5.279702443E0,-2.057100168E0,8.008069400E0
5.336684300E1,-5.271739120E0,-2.056485333E0,8.013472227E0
5.337682000E1,-5.263637218E0,-2.055313113E0,8.019097248E0
5.338679600E1,-5.254952348E0,-2.054269969E0,8.025057315E0
5.339677300E1,-5.246428862E0,-2.052881548E0,8.030987561E0
5.340674900E1,-5.239336190E0,-2.050675686E0,8.036179304E0
5.341672600E1,-5.232665101E0,-2.049049721E0,8.040940107E0
5.342670200E1,-5.227434767E0,-2.047520674E0,8.044730272E0
5.343667900E1,-5.224528701E0,-2.043289044E0,8.047693641E0
5.344665500E1,-5.222007381E0,-2.036887074E0,8.050952294E0
5.345663200E1,-5.218546999E0,-2.031399462E0,8.054581661E0
5.346660800E1,-5.213423084E0,-2.028282604E0,8.058684068E0
5.347658500E1,-5.207868229E0,-2.025535875E0,8.062965984E0
5.348656100E1,-5.202160762E0,-2.020771709E0,8.067843731E0
5.349653800E1,-5.195163399E0,-2.014397806E0,8.073944716E0
5.350651400E1,-5.185523679E0,-2.006070786E0,8.082210340E0
5.351649100E1,-5.173153895E0,-1.995922797E0,8.092642942E0
5.352646700E1,-5.159833937E0,-1.984251901E0,8.104009345E0
5.353644400E1,-5.144468039E0,-1.972620035E0,8.116607755E0
5.354642000E1,-5.125776830E0,-1.961534883E0,8.131106511E0
5.355639700E1,-5.103662660E0,-1.949952426E0,8.147786279E0
5.356637300E1,-5.078108574E0,-1.937821939E0,8.166624838E0
5.357635000E1,-5.050132570E0,-1.925903998E0,8.186767327E0
5.358632600E1,-5.018120819E0,-1.914182084E0,8.209169764E0
5.359630300E1,-4.981572797E0,-1.903126900E0,8.233962543E0
5.360628000E1,-4.940627085E0,-1.892836824E0,8.260960892E0
5.361625600E1,-4.896572116E0,-1.883140094E0,8.289358479E0
5.362623300E1,-4.850117742E0,-1.872981433E0,8.318917909E0
5.363620900E1,-4.800413777E0,-1.860739557E0,8.350435570E0
5.364618600E1,-4.746827554E0,-1.847494736E0,8.383942455E0
5.365616200E1,-4.689946425E0,-1.833913847E0,8.418863196E0
5.366613925E1,-4.631184539E0,-1.818877001E0,8.454579744E0
5.367611525E1,-4.570912025E0,-1.802759151E0,8.490754713E0
5.368609225E1,-4.507891027E0,-1.786665859E0,8.527768757E0
5.369606825E1,-4.441173711E0,-1.769933321E0,8.566178532E0
5.370604525E1,-4.372058453E0,-1.752469296E0,8.605234424E0
5.371602125E1,-4.302152359E0,-1.735369260E0,8.643846513E0
5.372599825E1,-4.233119254E0,-1.719375663E0,8.681045330E0
5.373597425E1,-4.165174023E0,-1.704286777E0,8.716813332E0
5.374595125E1,-4.094973814E0,-1.686774804E0,8.753404039E0
5.375592725E1,-4.022207846E0,-1.666617698E0,8.790923283E0
5.376590425E1,-3.949224654E0,-1.647707072E0,8.827501709E0
5.377588025E1,-3.877125269E0,-1.629220953E0,8.862823570E0
5.378585725E1,-3.805642766E0,-1.608585252E0,8.897507499E0
5.379583325E1,-3.732328037E0,-1.585177094E0,8.932694873E0
5.380581025E1,-3.655986497E0,-1.559972963E0,8.968631276E0
5.381578625E1,-3.578171459E0,-1.534366836E0,9.004360687E0
5.382576325E1,-3.498566588E0,-1.507606469E0,9.040091268E0
5.383573925E1,-3.417804845E0,-1.479791995E0,9.075512531E0
5.384571625E1,-3.335421377E0,-1.452439159E0,9.110515133E0
5.385569225E1,-3.251443959E0,-1.425322988E0,9.145089719E0
5.386566925E1,-3.166260552E0,-1.397427092E0,9.179220502E0
5.387564525E1,-3.080799694E0,-1.369634984E0,9.212430348E0
5.388562225E1,-2.995914203E0,-1.343050764E0,9.244285394E0
5.389559925E1,-2.910833414E0,-1.316384975E0,9.275251079E0
5.390557525E1,-2.825038681E0,-1.287747067E0,9.305748986E0
5.391555225E1,-2.738568009E0,-1.256656398E0,9.335800166E0
5.392552825E1,-2.652721235E0,-1.225321681E0,9.364708216E0
5.393550525E1,-2.568262006E0,-1.195706996E0,9.392039856E0
5.394548125E1,-2.484731314E0,-1.167022456E0,9.418082185E0
5.395545825E1,-2.402134277E0,-1.137498841E0,9.443090141E0
5.396543425E1,-2.320296647E0,-1.105996675E0,9.467264285E0
5.397541125E1,-2.239205267E0,-1.073219961E0,9.490535034E0
5.398538725E1,-2.159968040E0,-1.040727788E0,9.512493083E0
5.399536425E1,-2.083088703E0,-1.009002696E0,9.533034936E0
5.400534025E1,-2.007966307E0,-9.782739696E-1,9.552337765E0
5.401531725E1,-1.934505252E0,-9.476007919E-1,9.570571722E0
5.402529325E1,-1.863144224E0,-9.154085807E-1,9.587847320E0
5.403527025E1,-1.794393101E0,-8.822646620E-1,9.604054633E0
5.404524625E1,-1.728961442E0,-8.499373070E-1,9.618960355E0
5.405522325E1,-1.666880676E0,-8.197339531E-1,9.632530573E0
5.406519925E1,-1.609524753E0,-7.921280055E-1,9.644587532E0
5.407517625E1,-1.557124053E0,-7.657384980E-1,9.655314834E0
5.408515225E1,-1.508414408E0,-7.397706478E-1,9.665067405E0
5.409512925E1,-1.462150799E0,-7.143542632E-1,9.674084396E0
5.410510525E1,-1.416831516E0,-6.897836783E-1,9.682607297E0
5.411508225E1,-1.373755517E0,-6.659445801E-1,9.690480573E0
5.412505825E1,-1.335555364E0,-6.421404921E-1,9.697424726E0
5.413503525E1,-1.299938951E0,-6.175150895E-1,9.703861926E0
5.414501125E1,-1.265212191E0,-5.915875120E-1,9.710065237E0
5.415498825E1,-1.229851592E0,-5.647467822E-1,9.716204229E0
5.416496425E1,-1.194727222E0,-5.387289384E-1,9.722062554E0
5.417494125E1,-1.161354019E0,-5.142969690E-1,9.727427959E0
5.418491725E1,-1.131043661E0,-4.895131069E-1,9.732277055E0
5.419489425E1,-1.101986800E0,-4.627375370E-1,9.736919160E0
5.420487125E1,-1.071947095E0,-4.351818024E-1,9.741542553E0
5.421484725E1,-1.042042461E0,-4.091006989E-1,9.745916271E0
5.422482425E1,-1.014599870E0,-3.846550252E-1,9.749806423E0
5.423480025E1,-9.900586673E-1,-3.598498939E-1,9.753276161E0
5.424477725E1,-9.664574046E-1,-3.340141177E-1,9.756561711E0
5.425475325E1,-9.410657244E-1,-3.079618483E-1,9.759900472E0
5.426473025E1,-9.149394147E-1,-2.828217264E-1,9.763145092E0
5.427470625E1,-8.897308255E-1,-2.584641629E-1,9.766149391E0
5.428468325E1,-8.662853911E-1,-2.342408660E-1,9.768867761E0
5.429465925E1,-8.440173666E-1,-2.097687884E-1,9.771373293E0
5.430463625E1,-8.210978162E-1,-1.846404340E-1,9.773832632E0
5.431461225E1,-7.988053796E-1,-1.596297365E-1,9.776120063E0
5.432458925E1,-7.788729523E-1,-1.361842472E-1,9.778082973E0
5.433456525E1,-7.612044939E-1,-1.139091148E-1,9.779759370E0
5.434454225E1,-7.464973578E-1,-9.113926216E-2,9.781131712E0
5.435451825E1,-7.339073523E-1,-6.745571815E-2,9.782276596E0
5.436449525E1,-7.226961203E-1,-4.457457659E-2,9.783241972E0
5.437447125E1,-7.132824685E-1,-2.299056444E-2,9.784007372E0
5.438444825E1,-7.056909554E-1,-1.258090974E-3,9.784584492E0
5.439442425E1,-7.008437598E-1,2.126816886E-2,9.784910182E0
5.440440125E1,-6.973273905E-1,4.386963536E-2,9.785086184E0
5.441437725E1,-6.938165029E-1,6.549572690E-2,9.785214822E0
5.442435425E1,-6.892642263E-1,8.660538596E-2,9.785372697E0
5.443433025E1,-6.830743638E-1,1.079252204E-1,9.785594307E0
5.444430725E1,-6.763670958E-1,1.283968067E-1,9.785813577E0
5.445428325E1,-6.715275747E-1,1.478073242E-1,9.785872634E0
5.446426025E1,-6.680645612E-1,1.665102100E-1,9.785809484E0
5.447423725E1,-6.661751065E-1,1.842646408E-1,9.785620034E0
5.448421325E1,-6.654569223E-1,2.003054171E-1,9.785353401E0
5.449419025E1,-6.665180457E-1,2.153218891E-1,9.784962223E0
5.450416625E1,-6.694578796E-1,2.307743990E-1,9.784409661E0
5.451414325E1,-6.735227908E-1,2.464156826E-1,9.783748925E0
5.452411925E1,-6.780510939E-1,2.611494966E-1,9.783054276E0
5.453409625E1,-6.837427736E-1,2.757953831E-1,9.782256131E0
5.454407225E1,-6.914616830E-1,2.915278468E-1,9.781257427E0
5.455404925E1,-6.995115448E-1,3.077943622E-1,9.780186217E0
5.456402525E1,-7.075113398E-1,3.239146241E-1,9.779090449E0
5.457400225E1,-7.166718802E-1,3.402147244E-1,9.777869550E0
5.458397825E1,-7.298119625E-1,3.571947098E-1,9.776291971E0
5.459395525E1,-7.456039032E-1,3.744204975E-1,9.774455945E0
5.460393125E1,-7.628219068E-1,3.912669836E-1,9.772467307E0
5.461390825E1,-7.820266481E-1,4.084800901E-1,9.770244781E0
5.462388425E1,-8.027674529E-1,4.255993123E-1,9.767831635E0
5.463386125E1,-8.244888358E-1,4.427719634E-1,9.765258275E0
5.464383725E1,-8.473223591E-1,4.600187645E-1,9.762505991E0
5.465381425E1,-8.698857410E-1,4.774156928E-1,9.759685879E0
5.466379012E1,-8.927444804E-1,4.936245035E-1,9.756814896E0
5.467376713E1,-9.163931056E-1,5.081650305E-1,9.753875501E0
5.468374313E1,-9.418254239E-1,5.220294366E-1,9.750720343E0
5.469372013E1,-9.694922557E-1,5.366035486E-1,9.747217276E0
5.470369612E1,-9.964381257E-1,5.511525540E-1,9.743687312E0
5.471367313E1,-1.022353132E0,5.648419091E-1,9.740218159E0
5.472364913E1,-1.047968322E0,5.783137478E-1,9.736704567E0
5.473362612E1,-1.073835600E0,5.917284665E-1,9.733079293E0
5.474360212E1,-1.099983910E0,6.053184189E-1,9.729323042E0
5.475357913E1,-1.125497650E0,6.186528846E-1,9.725565621E0
5.476355613E1,-1.150694399E0,6.321053544E-1,9.721750898E0
5.477353212E1,-1.176391888E0,6.456977919E-1,9.717781223E0
5.478350913E1,-1.202049982E0,6.586316136E-1,9.713772957E0
5.479348513E1,-1.228062783E0,6.708187459E-1,9.709683999E0
5.480346213E1,-1.254302894E0,6.826077560E-1,9.705507333E0
5.481343812E1,-1.280646793E0,6.942350905E-1,9.701241204E0
5.482341513E1,-1.307323838E0,7.053852191E-1,9.696877427E0
5.483339113E1,-1.333999274E0,7.153262897E-1,9.692515404E0
5.484336812E1,-1.360699853E0,7.244290888E-1,9.688126484E0
5.485334412E1,-1.387575265E0,7.322541252E-1,9.683725285E0
5.486332113E1,-1.413848266E0,7.389469213E-1,9.679415887E0
5.487329713E1,-1.439753771E0,7.446934187E-1,9.675155606E0
5.488327412E1,-1.465956021E0,7.500997543E-1,9.670802354E0
5.489325012E1,-1.492242325E0,7.551983801E-1,9.666384197E0
5.490322713E1,-1.518168148E0,7.596899919E-1,9.661994693E0
5.491320313E1,-1.544338678E0,7.638633690E-1,9.657516895E0
5.492318012E1,-1.570381153E0,7.681231387E-1,9.652978286E0
5.493315613E1,-1.595699743E0,7.717790372E-1,9.648533818E0
5.494313313E1,-1.620651420E0,7.740324810E-1,9.644193429E0
5.495310912E1,-1.645464811E0,7.753672542E-1,9.639883447E0
5.496308612E1,-1.670104100E0,7.763514867E-1,9.635565863E0
5.497306213E1,-1.694359228E0,7.768795634E-1,9.631288040E0
5.498303913E1,-1.718263669E0,7.766930372E-1,9.627066935E0
5.499301512E1,-1.741463666E0,7.760351524E-1,9.622950495E0
5.500299212E1,-1.764799027E0,7.753054930E-1,9.618756872E0
5.501296913E1,-1.789150341E0,7.741355382E-1,9.614351580E0
5.502294513E1,-1.815191647E0,7.719828127E-1,9.609642232E0
5.503292212E1,-1.841862844E0,7.693308080E-1,9.604778518E0
5.504289813E1,-1.868042437E0,7.665481181E-1,9.599944040E0
5.505287513E1,-1.894478137E0,7.640027520E-1,9.594965136E0
5.506285112E1,-1.921377668E0,7.606680849E-1,9.589879813E0
5.507282812E1,-1.949279850E0,7.561146388E-1,9.584607378E0
5.508280413E1,-1.979613012E0,7.515796115E-1,9.578745545E0
5.509278113E1,-2.011388244E0,7.462213692E-1,9.572542818E0
5.510275712E1,-2.043473086E0,7.394512437E-1,9.566270510E0
5.511273412E1,-2.075013259E0,7.341276462E-1,9.559888859E0
5.512271013E1,-2.107668204E0,7.305658878E-1,9.553015457E0
5.513268713E1,-2.141886257E0,7.264436739E-1,9.545716377E0
5.514266312E1,-2.177703961E0,7.204424572E-1,9.538064126E0
5.515264013E1,-2.214586151E0,7.136941125E-1,9.530076245E0
5.516261613E1,-2.251879692E0,7.060505591E-1,9.521902422E0
5.517259312E1,-2.289312543E0,6.959331219E-1,9.513717490E0
5.518256912E1,-2.326999602E0,6.839719845E-1,9.505438417E0
5.519254613E1,-2.363987042E0,6.724708036E-1,9.497128354E0
5.520252213E1,-2.402158251E0,6.611797571E-1,9.488338820E0
5.521249912E1,-2.440529434E0,6.488932952E-1,9.479390826E0
5.522247512E1,-2.478235643E0,6.361728238E-1,9.470466220E0
5.523245213E1,-2.516315050E0,6.238036238E-1,9.461243407E0
5.524242813E1,-2.556194230E0,6.128814269E-1,9.451261625E0
5.525240512E1,-2.596998147E0,6.026604574E-1,9.440789262E0
5.526238213E1,-2.637685413E0,5.923538262E-1,9.430155516E0
5.527235813E1,-2.678578793E0,5.822798776E-1,9.419249874E0
5.528233512E1,-2.718942415E0,5.715966126E-1,9.408333122E0
5.529231112E1,-2.759223006E0,5.592258777E-1,9.397343280E0
5.530228813E1,-2.800150592E0,5.458511028E-1,9.386016639E0
5.531226413E1,-2.842194119E0,5.322625026E-1,9.374152054E0
5.532224112E1,-2.886097353E0,5.178586177E-1,9.361536686E0
5.533221712E1,-2.930608113E0,5.017334587E-1,9.348577502E0
5.534219413E1,-2.975069171E0,4.847680914E-1,9.335420097E0
5.535217013E1,-3.020611087E0,4.681084239E-1,9.321635286E0
5.536214712E1,-3.066653233E0,4.514400220E-1,9.307413104E0
5.537212313E1,-3.112986277E0,4.344252457E-1,9.292830148E0
5.538210013E1,-3.159413170E0,4.173908447E-1,9.277930273E0
5.539207613E1,-3.206378298E0,3.998468954E-1,9.262578408E0
5.540205312E1,-3.253639003E0,3.818653186E-1,9.246843551E0
5.541202913E1,-3.300757621E0,3.639545296E-1,9.230852585E0
5.542200613E1,-3.347397060E0,3.457043463E-1,9.214744676E0
5.543198212E1,-3.393517266E0,3.268786508E-1,9.198548473E0
5.544195912E1,-3.440103787E0,3.072404116E-1,9.181905543E0
5.545193513E1,-3.487087919E0,2.871604152E-1,9.164816471E0
5.546191213E1,-3.533660991E0,2.658171279E-1,9.147605191E0
5.547188812E1,-3.581348836E0,2.431109460E-1,9.129673535E0
5.548186513E1,-3.631179977E0,2.195716089E-1,9.110566589E0
5.549184213E1,-3.683689435E0,1.964007744E-1,9.089992576E0
5.550181813E1,-3.738210921E0,1.734948187E-1,9.068173690E0
5.551179512E1,-3.793208077E0,1.497463432E-1,9.045730907E0
5.552177113E1,-3.848051451E0,1.261523347E-1,9.022898115E0
5.553174813E1,-3.902927863E0,1.035542258E-1,8.999585266E0
5.554172412E1,-3.958292809E0,8.123252568E-2,8.975601157E0
5.555170112E1,-4.013882873E0,5.824356237E-2,8.951058639E0
5.556167713E1,-4.068921837E0,3.469651887E-2,8.926296850E0
5.557165413E1,-4.124207553E0,1.197170010E-2,8.900947416E0
5.558163012E1,-4.180565941E0,-1.084287799E-2,8.874618573E0
5.559160713E1,-4.236733710E0,-3.494210878E-2,8.847879256E0
5.560158313E1,-4.292345993E0,-5.916940501E-2,8.820904881E0
5.561156012E1,-4.348914589E0,-8.283015858E-2,8.792962207E0
5.562153612E1,-4.405549258E0,-1.074958155E-1,8.764455276E0
5.563151313E1,-4.461119733E0,-1.341714894E-1,8.735931973E0
5.564148913E1,-4.515985327E0,-1.610884889E-1,8.707239686E0
5.565146612E1,-4.571713386E0,-1.866389027E-1,8.677597811E0
5.566144225E1,-4.628452427E0,-2.121212695E-1,8.646880049E0
5.567141925E1,-4.684092777E0,-2.389620358E-1,8.616163455E0
5.568139525E1,-4.739313882E0,-2.657076388E-1,8.585126435E0
5.569137225E1,-4.796582097E0,-2.914623762E-1,8.552423542E0
5.570134925E1,-4.855497472E0,-3.176858411E-1,8.518175815E0
5.571132525E1,-4.913249837E0,-3.448833972E-1,8.483933936E0
5.572130225E1,-4.970345559E0,-3.707760010E-1,8.449514301E0
5.573127825E1,-5.028708957E0,-3.953526524E-1,8.413790737E0
5.574125525E1,-5.089162735E0,-4.205050718E-1,8.376138761E0
5.575123125E1,-5.149368591E0,-4.467845420E-1,8.337894462E0
5.576120825E1,-5.209695484E0,-4.719624699E-1,8.298941481E0
5.577118425E1,-5.272243735E0,-4.955643173E-1,8.257963609E0
5.578116125E1,-5.333979222E0,-5.210626361E-1,8.216644844E0
5.579113725E1,-5.392194686E0,-5.483072258E-1,8.176777943E0
5.580111425E1,-5.449343033E0,-5.737394344E-1,8.137050206E0
5.581109025E1,-5.507085457E0,-5.981843042E-1,8.096313239E0
5.582106725E1,-5.563844379E0,-6.238240159E-1,8.055469269E0
5.583104325E1,-5.616960486E0,-6.508998404E-1,8.016369522E0
5.584102025E1,-5.668866804E0,-6.767593709E-1,7.977596635E0
5.585099625E1,-5.720680736E0,-7.015117311E-1,7.938374682E0
5.586097325E1,-5.769848219E0,-7.264811692E-1,7.900454319E0
5.587094925E1,-5.815402706E0,-7.505768140E-1,7.864720230E0
5.588092625E1,-5.859704136E0,-7.726960268E-1,7.829617640E0
5.589090325E1,-5.904199693E0,-7.941202980E-1,7.793965412E0
5.590087925E1,-5.946287366E0,-8.165152802E-1,7.759579107E0
5.591085625E1,-5.986115091E0,-8.387075101E-1,7.726519534E0
5.592083225E1,-6.025217176E0,-8.595342690E-1,7.693767525E0
5.593080925E1,-6.065103958E0,-8.797793030E-1,7.660065928E0
5.594078525E1,-6.104085590E0,-9.011454675E-1,7.626543841E0
5.595076225E1,-6.140736523E0,-9.242056435E-1,7.594294108E0
5.596073825E1,-6.176738414E0,-9.474516148E-1,7.562164827E0
5.597071525E1,-6.213567687E0,-9.702811912E-1,7.529026317E0
5.598069125E1,-6.249592967E0,-9.932959782E-1,7.496135144E0
5.599066825E1,-6.283554180E0,-1.014702927E0,7.464812195E0
5.600064425E1,-6.316157085E0,-1.033001642E0,7.434727101E0
5.601062125E1,-6.347412792E0,-1.049919830E0,7.405681642E0
5.602059725E1,-6.374069079E0,-1.068047002E0,7.380150944E0
5.603057425E1,-6.396898363E0,-1.087197876E0,7.357567243E0
5.604055025E1,-6.418297418E0,-1.107005319E0,7.335945994E0
5.605052725E1,-6.437678599E0,-1.128132771E0,7.315716966E0
5.606050325E1,-6.452231734E0,-1.150795702E0,7.299347101E0
5.607048025E1,-6.462681878E0,-1.173133016E0,7.286535852E0
5.608045625E1,-6.471321139E0,-1.194479665E0,7.275391644E0
5.609043325E1,-6.478117357E0,-1.215264617E0,7.265894011E0
5.610041025E1,-6.480183764E0,-1.234691479E0,7.260774774E0
5.611038625E1,-6.477450775E0,-1.251335725E0,7.260364884E0
5.612036325E1,-6.471978951E0,-1.265639330E0,7.262764581E0
5.613033925E1,-6.464706768E0,-1.279343888E0,7.266838921E0
5.614031625E1,-6.455848821E0,-1.292872152E0,7.272316593E0
5.615029225E1,-6.446476904E0,-1.305586338E0,7.278356767E0
5.616026925E1,-6.437075751E0,-1.318043977E0,7.284429100E0
5.617024525E1,-6.426908028E0,-1.330885778E0,7.291069783E0
5.618022225E1,-6.417118034E0,-1.343561080E0,7.297365480E0
5.619019825E1,-6.409157635E0,-1.355924432E0,7.302073073E0
5.620017525E1,-6.402660209E0,-1.366678778E0,7.305766760E0
5.621015125E1,-6.395716640E0,-1.373944089E0,7.310484878E0
5.622012825E1,-6.386516631E0,-1.376590247E0,7.318026032E0
5.623010425E1,-6.375919722E0,-1.375743570E0,7.327419584E0
5.624008125E1,-6.365274866E0,-1.376692719E0,7.336490369E0
5.625005725E1,-6.354177436E0,-1.379715291E0,7.345537181E0
5.626003425E1,-6.341836887E0,-1.383333987E0,7.355514870E0
5.627001125E1,-6.328792918E0,-1.392073820E0,7.365093779E0
5.627998725E1,-6.314380701E0,-1.403555997E0,7.375277874E0
5.628996425E1,-6.297799167E0,-1.417194920E0,7.386838405E0
5.629994025E1,-6.280952169E0,-1.431879764E0,7.398341632E0
5.630991725E1,-6.263393565E0,-1.446966896E0,7.410282231E0
5.631989325E1,-6.244174937E0,-1.461493572E0,7.423638441E0
5.632987025E1,-6.223385162E0,-1.473997697E0,7.438609067E0
5.633984625E1,-6.203122805E0,-1.484713158E0,7.453387905E0
5.634982325E1,-6.186127288E0,-1.495245017E0,7.465398086E0
5.635979925E1,-6.172394518E0,-1.506914597E0,7.474412738E0
5.636977625E1,-6.161189498E0,-1.519328675E0,7.481141714E0
5.637975225E1,-6.151894180E0,-1.531109791E0,7.486387251E0
5.638972925E1,-6.143274214E0,-1.542402665E0,7.491146300E0
5.639970525E1,-6.135368779E0,-1.554297071E0,7.495166261E0
5.640968225E1,-6.130948868E0,-1.567473040E0,7.496038665E0
5.641965825E1,-6.130699192E0,-1.581610877E0,7.493272932E0
5.642963525E1,-6.132558022E0,-1.596072649E0,7.488684037E0
5.643961125E1,-6.134276519E0,-1.610449491E0,7.484196884E0
5.644958825E1,-6.135319077E0,-1.624194394E0,7.480371636E0
5.645956525E1,-6.136897241E0,-1.636994973E0,7.476285017E0
5.646954125E1,-6.139974630E0,-1.648437535E0,7.471242962E0
5.647951825E1,-6.144524349E0,-1.658134850E0,7.465354232E0
5.648949425E1,-6.173705463E0,-1.665971434E0,7.439489073E0
5.649947125E1,-6.242442992E0,-1.672661234E0,7.380393603E0
5.650944725E1,-6.296806895E0,-1.676700490E0,7.333144008E0
5.651942425E1,-6.347579437E0,-1.679012918E0,7.288706923E0
5.652940025E1,-6.395278684E0,-1.682141325E0,7.246165506E0
5.653937725E1,-6.438000780E0,-1.688237924E0,7.206809651E0
5.654935325E1,-6.470952179E0,-1.699081001E0,7.174678032E0
5.655933025E1,-6.496716766E0,-1.713905739E0,7.147818262E0
5.656930625E1,-6.516964504E0,-1.730787089E0,7.125282508E0
5.657928325E1,-6.535065730E0,-1.749231838E0,7.104168797E0
5.658925925E1,-6.553006157E0,-1.768698827E0,7.082789623E0
5.659923625E1,-6.568914092E0,-1.787787063E0,7.063235364E0
5.660921325E1,-6.581556941E0,-1.805209719E0,7.047015188E0
5.661918925E1,-6.590054700E0,-1.820263229E0,7.035190948E0
5.662916625E1,-6.593861822E0,-1.833702324E0,7.028131020E0
5.663914225E1,-6.591628770E0,-1.845565009E0,7.027120621E0
5.664911925E1,-6.583419279E0,-1.855748812E0,7.032132270E0
5.665909525E1,-6.567299675E0,-1.863663749E0,7.045099640E0
5.666907229E1,-6.540593687E0,-1.869785784E0,7.068283850E0
5.667904829E1,-6.504222252E0,-1.878563916E0,7.099450094E0
5.668902529E1,-6.458034511E0,-1.887645812E0,7.139095970E0
5.669900129E1,-6.403073022E0,-1.896020779E0,7.186227452E0
5.670897829E1,-6.340596108E0,-1.902918885E0,7.239603176E0
5.671895429E1,-6.271138203E0,-1.909742586E0,7.298068900E0
5.672893129E1,-6.196480368E0,-1.915397574E0,7.360093825E0
5.673890729E1,-6.118564466E0,-1.921697364E0,7.423365376E0
5.674888429E1,-6.039620038E0,-1.928616082E0,7.485955727E0
5.675886029E1,-5.961832189E0,-1.936800722E0,7.545956345E0
5.676883729E1,-5.884806232E0,-1.946232866E0,7.603771275E0
5.677881429E1,-5.809253190E0,-1.956076507E0,7.659141483E0
5.678879029E1,-5.736061837E0,-1.966571821E0,7.711438980E0
5.679876729E1,-5.664162135E0,-1.974560872E0,7.762376415E0
5.680874329E1,-5.595364965E0,-1.980761405E0,7.810542853E0
5.681872029E1,-5.530384272E0,-1.986397390E0,7.855264113E0
5.682869629E1,-5.469743384E0,-1.992033960E0,7.896189945E0
5.683867329E1,-5.413935803E0,-1.997670968E0,7.933139670E0
5.684864929E1,-5.362211918E0,-2.002906273E0,7.966878104E0
5.685862629E1,-5.313235640E0,-2.005650956E0,7.998937218E0
5.686860229E1,-5.267287050E0,-2.007358635E0,8.028841633E0
5.687857929E1,-5.221981654E0,-2.008415227E0,8.058118642E0
5.688855529E1,-5.176576270E0,-2.007291100E0,8.087641234E0
5.689853229E1,-5.130682059E0,-2.004663507E0,8.117483084E0
5.690850829E1,-5.083230734E0,-2.000401326E0,8.148328900E0
5.691848529E1,-5.034792400E0,-1.994259410E0,8.179847147E0
5.692846229E1,-4.985938913E0,-1.989604442E0,8.210845576E0
5.693843829E1,-4.936572041E0,-1.985144332E0,8.241696070E0
5.694841529E1,-4.886773644E0,-1.978733737E0,8.272856467E0
5.695839129E1,-4.836812110E0,-1.971633171E0,8.303854896E0
5.696836829E1,-4.786456473E0,-1.965377089E0,8.334460393E0
5.697834429E1,-4.736888749E0,-1.960104362E0,8.363968951E0
5.698832129E1,-4.687959541E0,-1.954710452E0,8.392749531E0
5.699829729E1,-4.639219783E0,-1.948556111E0,8.421215531E0
5.700827429E1,-4.591289571E0,-1.942151948E0,8.448917300E0
5.701825029E1,-4.543980919E0,-1.935456155E0,8.475986400E0
5.702822729E1,-4.496038721E0,-1.927594866E0,8.503299914E0
5.703820329E1,-4.445969598E0,-1.918643510E0,8.531603946E0
5.704818029E1,-4.394096609E0,-1.908927776E0,8.560607890E0
5.705815729E1,-4.340390518E0,-1.899083258E0,8.590145100E0
5.706813329E1,-4.283720765E0,-1.888459890E0,8.620879235E0
5.707811029E1,-4.224313931E0,-1.876058677E0,8.652841870E0
5.708808629E1,-4.162642471E0,-1.863226085E0,8.685441851E0
5.709806329E1,-4.098094473E0,-1.850143963E0,8.718869798E0
5.710803929E1,-4.030778110E0,-1.835684822E0,8.753239147E0
5.711801629E1,-3.961059711E0,-1.820092345E0,8.788251690E0
5.712799229E1,-3.889742391E0,-1.804466099E0,8.823259555E0
5.713796929E1,-3.817964019E0,-1.788720425E0,8.857749941E0
5.714794529E1,-3.747137280E0,-1.771848576E0,8.891322314E0
5.715792229E1,-3.678321107E0,-1.754598852E0,8.923420604E0
5.716789829E1,-3.612009881E0,-1.738823502E0,8.953545460E0
5.717787529E1,-3.548914331E0,-1.724390820E0,8.981524386E0
5.718785129E1,-3.489783193E0,-1.709577338E0,9.007488948E0
5.719782829E1,-3.434816734E0,-1.694874221E0,9.031364298E0
5.720780529E1,-3.382773592E0,-1.681839754E0,9.053417072E0
5.721778129E1,-3.333532727E0,-1.667883766E0,9.074239592E0
5.722775829E1,-3.285942531E0,-1.652130929E0,9.094456925E0
5.723773429E1,-3.238058805E0,-1.637229154E0,9.114305298E0
5.724771129E1,-3.189703501E0,-1.623002585E0,9.133879437E0
5.725768729E1,-3.140477546E0,-1.607380579E0,9.153678694E0
5.726766429E1,-3.088118654E0,-1.590083054E0,9.174489520E0
5.727764029E1,-3.031349499E0,-1.571897190E0,9.196530014E0
5.728761729E1,-2.969590622E0,-1.552595531E0,9.219928232E0
5.729759329E1,-2.902961892E0,-1.531136103E0,9.244702885E0
5.730757029E1,-2.832324019E0,-1.506891939E0,9.270562196E0
5.731754629E1,-2.759050806E0,-1.481389454E0,9.296731995E0
5.732752329E1,-2.683898882E0,-1.456187370E0,9.322677260E0
5.733749929E1,-2.607984188E0,-1.430103380E0,9.348225499E0
5.734747629E1,-2.531796138E0,-1.402243151E0,9.373356832E0
5.735745329E1,-2.455358996E0,-1.374111027E0,9.397825676E0
5.736742929E1,-2.380800857E0,-1.347373610E0,9.420853180E0
5.737740629E1,-2.311884842E0,-1.322028854E0,9.441585068E0
5.738738229E1,-2.249298731E0,-1.297351850E0,9.460107293E0
5.739735929E1,-2.189277793E0,-1.273916356E0,9.477357164E0
5.740733529E1,-2.130427176E0,-1.251937988E0,9.493683760E0
5.741731229E1,-2.074421082E0,-1.229959181E0,9.508947331E0
5.742728829E1,-2.022299148E0,-1.207205326E0,9.523080636E0
5.743726529E1,-1.972241427E0,-1.184344394E0,9.536440355E0
5.744724129E1,-1.922999247E0,-1.161890136E0,9.549250435E0
5.745721829E1,-1.875651711E0,-1.139147025E0,9.561400364E0
5.746719429E1,-1.830865401E0,-1.115972828E0,9.572807112E0
5.747717129E1,-1.787080865E0,-1.093069358E0,9.583717432E0
5.748714829E1,-1.745460677E0,-1.070652302E0,9.593913222E0
5.749712429E1,-1.706428466E0,-1.048700759E0,9.603355306E0
5.750710129E1,-1.668388820E0,-1.026776039E0,9.612403872E0
5.751707729E1,-1.629998779E0,-1.005425589E0,9.621243108E0
5.752705429E1,-1.592675855E0,-9.844799119E-1,9.629656667E0
5.753703029E1,-1.556944836E0,-9.634055234E-1,9.637628176E0
5.754700729E1,-1.522218807E0,-9.415829106E-1,9.645328959E0
5.755698329E1,-1.486002469E0,-9.195400040E-1,9.653099908E0
5.756696029E1,-1.448243781E0,-8.975754500E-1,9.660903018E0
5.757693629E1,-1.409861342E0,-8.754256855E-1,9.668610232E0
5.758691329E1,-1.372236995E0,-8.527849010E-1,9.676043798E0
5.759688929E1,-1.335467948E0,-8.292913733E-1,9.683227687E0
5.760686629E1,-1.297985688E0,-8.052323467E-1,9.690352519E0
5.761684229E1,-1.260521262E0,-7.809103415E-1,9.697286732E0
5.762681929E1,-1.224932257E0,-7.565593927E-1,9.703775387E0
5.763679629E1,-1.190524901E0,-7.326322939E-1,9.709892160E0
5.764677229E1,-1.157695636E0,-7.085916860E-1,9.715644066E0
5.765674929E1,-1.126786377E0,-6.846182480E-1,9.720995438E0
5.766672542E1,-1.096861277E0,-6.611133181E-1,9.726043339E0
5.767670242E1,-1.069245462E0,-6.378231273E-1,9.730673164E0
5.768667842E1,-1.044329526E0,-6.146690304E-1,9.734867957E0
5.769665542E1,-1.022550110E0,-5.914420626E-1,9.738618361E0
5.770663142E1,-1.002928827E0,-5.679330762E-1,9.742057693E0
5.771660842E1,-9.848756222E-1,-5.441213868E-1,9.745257874E0
5.772658442E1,-9.707692876E-1,-5.202945678E-1,9.747973906E0
5.773656142E1,-9.595595174E-1,-4.964902970E-1,9.750325071E0
5.774653742E1,-9.500268017E-1,-4.723304790E-1,9.752458720E0
5.775651442E1,-9.434768238E-1,-4.473671805E-1,9.754271357E0
5.776649142E1,-9.394305506E-1,-4.224017989E-1,9.755775261E0
5.777646742E1,-9.422974404E-1,-3.974663112E-1,9.756546509E0
5.778644442E1,-9.469041692E-1,-3.726102726E-1,9.757080944E0
5.779642042E1,-9.523050962E-1,-3.478196862E-1,9.757470953E0
5.780639742E1,-9.569738055E-1,-3.235329836E-1,9.757849268E0
5.781637342E1,-9.578025752E-1,-2.996933555E-1,9.758529299E0
5.782635042E1,-9.557086873E-1,-2.760315376E-1,9.759432694E0
5.783632642E1,-9.529904629E-1,-2.524202798E-1,9.760337843E0
5.784630342E1,-9.493410695E-1,-2.289416441E-1,9.761272228E0
5.785627942E1,-9.448583747E-1,-2.055707069E-1,9.762227663E0
5.786625642E1,-9.395506378E-1,-1.826893643E-1,9.763194793E0
5.787623242E1,-9.340027265E-1,-1.605425965E-1,9.764116314E0
5.788620942E1,-9.283206946E-1,-1.394284835E-1,9.764982287E0
5.789618642E1,-9.231887396E-1,-1.191782966E-1,9.765737162E0
5.790616242E1,-9.193805212E-1,-9.945390232E-2,9.766317206E0
5.791613942E1,-9.156328214E-1,-8.020569979E-2,9.766846379E0
5.792611542E1,-9.103082006E-1,-6.104327775E-2,9.767482556E0
5.793609242E1,-9.017704618E-1,-4.122178770E-2,9.768378350E0
5.794606842E1,-8.920885690E-1,-2.129535156E-2,9.769330861E0
5.795604542E1,-8.842663101E-1,-2.137442116E-3,9.770064687E0
5.796602142E1,-8.777645718E-1,1.565125927E-2,9.770638883E0
5.797599842E1,-8.741344741E-1,3.289303657E-2,9.770921304E0
5.798597442E1,-8.726399258E-1,4.977260512E-2,9.770983869E0
5.799595142E1,-8.713995121E-1,6.586075304E-2,9.770999072E0
5.800592742E1,-8.704434192E-1,8.171613609E-2,9.770964573E0
5.801590442E1,-8.691038221E-1,9.777090007E-2,9.770936506E0
5.802588142E1,-8.690826260E-1,1.134876127E-1,9.770768691E0
5.803585742E1,-8.716290153E-1,1.285032991E-1,9.770355878E0
5.804583442E1,-8.757064249E-1,1.437722430E-1,9.769778173E0
5.805581042E1,-8.810573582E-1,1.604120026E-1,9.769037915E0
5.806578742E1,-8.857309645E-1,1.778844148E-1,9.768312861E0
5.807576342E1,-8.899260494E-1,1.955419646E-1,9.767594238E0
5.808574042E1,-8.957479759E-1,2.133136264E-1,9.766690258E0
5.809571642E1,-9.025250450E-1,2.311074528E-1,9.765661148E0
5.810569342E1,-9.099274007E-1,2.490097633E-1,9.764534390E0
5.811566942E1,-9.171217418E-1,2.665313470E-1,9.763398276E0
5.812564642E1,-9.249370571E-1,2.831764331E-1,9.762192580E0
5.813562242E1,-9.336828838E-1,2.989528787E-1,9.760889236E0
5.814559942E1,-9.430648144E-1,3.140000487E-1,9.759515140E0
5.815557642E1,-9.530002570E-1,3.286362142E-1,9.758067954E0
5.816555242E1,-9.624064536E-1,3.429087560E-1,9.756653513E0
5.817552942E1,-9.713040885E-1,3.563809601E-1,9.755288773E0
5.818550542E1,-9.806209689E-1,3.690355042E-1,9.753886026E0
5.819548242E1,-9.918926465E-1,3.816393968E-1,9.752261084E0
5.820545842E1,-1.004298026E0,3.947196913E-1,9.750470667E0
5.821543542E1,-1.015393995E0,4.077884741E-1,9.748783745E0
5.822541142E1,-1.025620190E0,4.204417757E-1,9.747175761E0
5.823538842E1,-1.036121497E0,4.328407965E-1,9.745522168E0
5.824536442E1,-1.048262656E0,4.454773239E-1,9.743653983E0
5.825534142E1,-1.061720315E0,4.582222075E-1,9.741605703E0
5.826531742E1,-1.074750031E0,4.709454198E-1,9.739569703E0
5.827529442E1,-1.088284143E0,4.834818867E-1,9.737452426E0
5.828527142E1,-1.103650845E0,4.951548295E-1,9.735136344E0
5.829524742E1,-1.120014570E0,5.064113775E-1,9.732688115E0
5.830522442E1,-1.138067556E0,5.182972320E-1,9.729967405E0
5.831520042E1,-1.156357208E0,5.303047086E-1,9.727163665E0
5.832517742E1,-1.174709060E0,5.417698560E-1,9.724332443E0
5.833515342E1,-1.194137384E0,5.522169300E-1,9.721377845E0
5.834513042E1,-1.213194849E0,5.623905736E-1,9.718434942E0
5.835510642E1,-1.231071614E0,5.730616325E-1,9.715562789E0
5.836508342E1,-1.248054998E0,5.828552802E-1,9.712812844E0
5.837505942E1,-1.265841351E0,5.914911792E-1,9.709988639E0
5.838503642E1,-1.284930902E0,5.996779389E-1,9.706979077E0
5.839501242E1,-1.303487041E0,6.072975552E-1,9.704030911E0
5.840498942E1,-1.322259381E0,6.140603352E-1,9.701064618E0
5.841496642E1,-1.341312825E0,6.196768051E-1,9.698091309E0
5.842494242E1,-1.359630544E0,6.246177755E-1,9.695223250E0
5.843491942E1,-1.377343660E0,6.300618987E-1,9.692370393E0
5.844489542E1,-1.394626860E0,6.344712109E-1,9.689611092E0
5.845487242E1,-1.411955230E0,6.386422491E-1,9.686827233E0
5.846484842E1,-1.429193114E0,6.426036646E-1,9.684036942E0
5.847482542E1,-1.446760928E0,6.451637949E-1,9.681257760E0
5.848480142E1,-1.464755734E0,6.461505856E-1,9.678485595E0
5.849477842E1,-1.481633137E0,6.464675047E-1,9.675894694E0
5.850475442E1,-1.498613744E0,6.477832013E-1,9.673191526E0
5.851473142E1,-1.516129955E0,6.490904195E-1,9.670373753E0
5.852470742E1,-1.535463189E0,6.485752798E-1,9.667357759E0
5.853468442E1,-1.556410401E0,6.464354181E-1,9.664150561E0
5.854466142E1,-1.577359951E0,6.437686493E-1,9.660931669E0
5.855463742E1,-1.600337608E0,6.414038160E-1,9.657309319E0
5.856461442E1,-1.624992393E0,6.380030023E-1,9.653416827E0
5.857459042E1,-1.649233633E0,6.346196571E-1,9.649527844E0
5.858456742E1,-1.673334248E0,6.335926668E-1,9.645445318E0
5.859454342E1,-1.697782480E0,6.336818368E-1,9.641165741E0
5.860452042E1,-1.723739001E0,6.333152164E-1,9.636583278E0
5.861449642E1,-1.749523907E0,6.318457380E-1,9.632031806E0
5.862447342E1,-1.776311756E0,6.288449469E-1,9.627324212E0
5.863444942E1,-1.806370976E0,6.253914352E-1,9.621954714E0
5.864442642E1,-1.836388973E0,6.190112458E-1,9.616683449E0
5.865440242E1,-1.865644786E0,6.124847299E-1,9.611468902E0
5.866437892E1,-1.898395041E0,6.087368474E-1,9.605291904E0
5.867435592E1,-1.932244572E0,6.045119783E-1,9.598806757E0
5.868433192E1,-1.968187553E0,5.981349318E-1,9.591901195E0
5.869430892E1,-2.004407253E0,5.905522991E-1,9.584868164E0
5.870428492E1,-2.040312373E0,5.839659953E-1,9.577693046E0
5.871426192E1,-2.074073904E0,5.770219882E-1,9.570859990E0
5.872423792E1,-2.105743447E0,5.677595966E-1,9.564496465E0
5.873421492E1,-2.139412007E0,5.568376921E-1,9.557664578E0
5.874419092E1,-2.175082946E0,5.459698379E-1,9.550237445E0
5.875416792E1,-2.209691154E0,5.343516396E-1,9.542946551E0
5.876414392E1,-2.243378133E0,5.213869373E-1,9.535801254E0
5.877412092E1,-2.278385852E0,5.092901079E-1,9.528151926E0
5.878409792E1,-2.317270274E0,4.988989844E-1,9.519320292E0
5.879407392E1,-2.356913519E0,4.882440419E-1,9.510135486E0
5.880405092E1,-2.396917391E0,4.772471834E-1,9.500690478E0
5.881402692E1,-2.438276648E0,4.661447096E-1,9.490712205E0
5.882400392E1,-2.478619220E0,4.557261042E-1,9.480762582E0
5.883397992E1,-2.518273575E0,4.451095340E-1,9.470811791E0
5.884395692E1,-2.557962136E0,4.327348157E-1,9.460743470E0
5.885393292E1,-2.601376542E0,4.198798948E-1,9.449478225E0
5.886390992E1,-2.648376170E0,4.058808200E-1,9.437025994E0
5.887388592E1,-2.693822776E0,3.892796246E-1,9.424854430E0
5.888386292E1,-2.739481344E0,3.721345650E-1,9.412377641E0
5.889383892E1,-2.787846881E0,3.555002598E-1,9.398809762E0
5.890381592E1,-2.838897459E0,3.395064804E-1,9.384108692E0
5.891379292E1,-2.891324179E0,3.233058193E-1,9.368661518E0
5.892376892E1,-2.943072622E0,3.068661532E-1,9.353088044E0
5.893374592E1,-2.996420279E0,2.916061812E-1,9.336623454E0
5.894372192E1,-3.049150762E0,2.762800625E-1,9.320002744E0
5.895369892E1,-3.100179413E0,2.591881578E-1,9.303645158E0
5.896367492E1,-3.151339042E0,2.419327869E-1,9.286906334E0
5.897365192E1,-3.203794414E0,2.244527915E-1,9.269381059E0
5.898362792E1,-3.257614525E0,2.061723305E-1,9.251028988E0
5.899360492E1,-3.310004700E0,1.868192893E-1,9.232825436E0
5.900358092E1,-3.362220921E0,1.673541825E-1,9.214313151E0
5.901355792E1,-3.416930979E0,1.478252588E-1,9.194499861E0
5.902353492E1,-3.471753011E0,1.272353395E-1,9.174249199E0
5.903351092E1,-3.525409401E0,1.065478083E-1,9.154028358E0
5.904348792E1,-3.578546850E0,8.621484677E-2,9.133601110E0
5.905346392E1,-3.632889118E0,6.609609890E-2,9.112290933E0
5.906344092E1,-3.687730154E0,4.505424927E-2,9.090363874E0
5.907341692E1,-3.742475587E0,2.322464036E-2,9.068045052E0
5.908339392E1,-3.799608732E0,2.365062116E-3,9.044283721E0
5.909336992E1,-3.858757996E0,-1.802766821E-2,9.019188641E0
5.910334692E1,-3.918823518E0,-3.879040580E-2,8.993187243E0
5.911332292E1,-3.979003647E0,-5.926998626E-2,8.966611063E0
5.912329992E1,-4.039983089E0,-7.915054232E-2,8.939148445E0
5.913327692E1,-4.103160500E0,-9.883938736E-2,8.910129299E0
5.914325292E1,-4.165584497E0,-1.203227520E-1,8.880851705E0
5.915322992E1,-4.227575508E0,-1.427028329E-1,8.851177086E0
5.916320592E1,-4.290477808E0,-1.651060925E-1,8.820466924E0
5.917318292E1,-4.354637259E0,-1.885767065E-1,8.788496688E0
5.918315892E1,-4.419096379E0,-2.130671297E-1,8.755700240E0
5.919313592E1,-4.482124686E0,-2.371098572E-1,8.722983314E0
5.920311192E1,-4.546467447E0,-2.594301594E-1,8.688983510E0
5.921308892E1,-4.611694015E0,-2.815014068E-1,8.653851099E0
5.922306492E1,-4.675136305E0,-3.044749709E-1,8.618961348E0
5.923304192E1,-4.738423936E0,-3.264330930E-1,8.583523713E0
5.924301892E1,-4.802387505E0,-3.474116236E-1,8.547074509E0
5.925299492E1,-4.866263073E0,-3.689222509E-1,8.509963401E0
5.926297192E1,-4.928401142E0,-3.913169773E-1,8.473124188E0
5.927294792E1,-4.989665344E0,-4.137766077E-1,8.436120084E0
5.928292492E1,-5.053231595E0,-4.358054079E-1,8.397084657E0
5.929290092E1,-5.116552262E0,-4.584310627E-1,8.357441704E0
5.930287792E1,-5.178863116E0,-4.809287000E-1,8.317703442E0
5.931285392E1,-5.240406230E0,-5.023938287E-1,8.277792102E0
5.932283092E1,-5.303013538E0,-5.237045177E-1,8.236496726E0
5.933280692E1,-5.365648327E0,-5.467912986E-1,8.194323683E0
5.934278392E1,-5.427012516E0,-5.712950425E-1,8.152131929E0
5.935276092E1,-5.488511192E0,-5.951724400E-1,8.109137353E0
5.936273692E1,-5.549574834E0,-6.187699751E-1,8.065695464E0
5.937271392E1,-5.608233517E0,-6.424416967E-1,8.023159894E0
5.938268992E1,-5.664618217E0,-6.658931977E-1,7.981527718E0
5.939266692E1,-5.719114267E0,-6.887485749E-1,7.940620598E0
5.940264292E1,-5.773716736E0,-7.109046252E-1,7.899045140E0
5.941261992E1,-5.826631114E0,-7.332548761E-1,7.858040956E0
5.942259592E1,-5.875903262E0,-7.546944963E-1,7.819225969E0
5.943257292E1,-5.924157409E0,-7.736932694E-1,7.780864726E0
5.944254892E1,-5.971460799E0,-7.921198194E-1,7.742757837E0
5.945252592E1,-6.017371967E0,-8.106333467E-1,7.705207018E0
5.946250292E1,-6.062383248E0,-8.288831645E-1,7.667891257E0
5.947247892E1,-6.106325659E0,-8.470603307E-1,7.630948548E0
5.948245592E1,-6.149656450E0,-8.648972621E-1,7.594061973E0
5.949243192E1,-6.190856516E0,-8.841602562E-1,7.558283445E0
5.950240892E1,-6.229397269E0,-9.055253975E-1,7.524011160E0
5.951238492E1,-6.266237651E0,-9.272971395E-1,7.490693141E0
5.952236192E1,-6.301840178E0,-9.486512442E-1,7.458081465E0
5.953233792E1,-6.335392671E0,-9.686756189E-1,7.427016377E0
5.954231492E1,-6.365156168E0,-9.866704982E-1,7.399146209E0
5.955229092E1,-6.392104815E0,-1.002499569E0,7.373743565E0
5.956226792E1,-6.416318720E0,-1.016988969E0,7.350692672E0
5.957224492E1,-6.437759290E0,-1.032041749E0,7.329818696E0
5.958222092E1,-6.456483244E0,-1.048400796E0,7.311004695E0
5.959219792E1,-6.473395731E0,-1.065443603E0,7.293564205E0
5.960217392E1,-6.490308217E0,-1.082971289E0,7.275930757E0
5.961215092E1,-6.505350180E0,-1.100601156E0,7.259834542E0
5.962212692E1,-6.517622316E0,-1.116412904E0,7.246400564E0
5.963210392E1,-6.528237351E0,-1.128883846E0,7.234904353E0
5.964207992E1,-6.535744591E0,-1.135988725E0,7.227009442E0
5.965205692E1,-6.540468557E0,-1.137183384E0,7.222546847E0
5.966203392E1,-6.542139691E0,-1.139348462E0,7.220692695E0
5.967201004E1,-6.541698811E0,-1.141814159E0,7.220702051E0
5.968198704E1,-6.540284954E0,-1.144708677E0,7.221524754E0
5.969196304E1,-6.538082308E0,-1.149001630E0,7.222836869E0
5.970194004E1,-6.535587886E0,-1.154530465E0,7.224212719E0
5.971191604E1,-6.531808246E0,-1.161399116E0,7.226529971E0
5.972189304E1,-6.526483771E0,-1.169461622E0,7.230039470E0
5.973186904E1,-6.520433072E0,-1.179011368E0,7.233946579E0
5.974184604E1,-6.513728655E0,-1.190924997E0,7.238033783E0
5.975182204E1,-6.506319648E0,-1.205399560E0,7.242300496E0
5.976179904E1,-6.498780833E0,-1.222783259E0,7.246154396E0
5.977177604E1,-6.491167758E0,-1.241129410E0,7.249858022E0
5.978175204E1,-6.482260110E0,-1.259665960E0,7.254629935E0
5.979172904E1,-6.472189450E0,-1.278280718E0,7.260361961E0
5.980170504E1,-6.461134704E0,-1.297443213E0,7.266806762E0
5.981168204E1,-6.448248610E0,-1.316984461E0,7.274733247E0
5.982165804E1,-6.432664027E0,-1.336552315E0,7.284954765E0
5.983163504E1,-6.413399790E0,-1.355450516E0,7.298435521E0
5.984161104E1,-6.391787896E0,-1.372726553E0,7.314149328E0
5.985158804E1,-6.369005390E0,-1.389264818E0,7.330881720E0
5.986156404E1,-6.343070650E0,-1.405773115E0,7.350193904E0
5.987154104E1,-6.316935934E0,-1.421344689E0,7.369680920E0
5.988151804E1,-6.291310512E0,-1.436963625E0,7.388548715E0
5.989149404E1,-6.264443725E0,-1.452444567E0,7.408323414E0
5.990147104E1,-6.239068564E0,-1.467346343E0,7.426777226E0
5.991144704E1,-6.218161259E0,-1.482450285E0,7.441297617E0
5.992142404E1,-6.202038147E0,-1.498104744E0,7.451610351E0
5.993140004E1,-6.187791991E0,-1.514415405E0,7.460151964E0
5.994137704E1,-6.172713776E0,-1.530907623E0,7.469272451E0
5.995135304E1,-6.158029078E0,-1.546431542E0,7.478190039E0
5.996133004E1,-6.146391365E0,-1.561426142E0,7.484645950E0
5.997130704E1,-6.138718064E0,-1.576269007E0,7.487830929E0
5.998128304E1,-6.133087195E0,-1.590434618E0,7.489450607E0
5.999126004E1,-6.127958018E0,-1.603192365E0,7.490928199E0
6.000123604E1,-6.122603137E0,-1.614525585E0,7.492872398E0
6.001121304E1,-6.115429773E0,-1.625822844E0,7.496287172E0
6.002118904E1,-6.106662458E0,-1.637851882E0,7.500814086E0
6.003116604E1,-6.098609673E0,-1.649532134E0,7.504805396E0
6.004114204E1,-6.092054944E0,-1.659923221E0,7.507837762E0
6.005111904E1,-6.085362221E0,-1.668390720E0,7.511387022E0
6.006109504E1,-6.114510006E0,-1.678495878E0,7.485420706E0
6.007107204E1,-6.152874173E0,-1.691003365E0,7.451090534E0
6.008104904E1,-6.182099726E0,-1.702011625E0,7.424345369E0
6.009102504E1,-6.208153165E0,-1.709584062E0,7.400827868E0
6.010100204E1,-6.227533761E0,-1.715852131E0,7.383073382E0
6.011097804E1,-6.242940590E0,-1.724457917E0,7.368041360E0
6.012095504E1,-6.252028332E0,-1.737108075E0,7.357356743E0
6.013093104E1,-6.254175430E0,-1.753526326E0,7.351634658E0
6.014090804E1,-6.248370899E0,-1.770454015E0,7.352513494E0
6.015088404E1,-6.236868256E0,-1.786350987E0,7.358432631E0
6.016086104E1,-6.220502484E0,-1.801832367E0,7.368503875E0
6.017083804E1,-6.199396960E0,-1.815840249E0,7.382838324E0
6.018081404E1,-6.175107626E0,-1.826344041E0,7.400581700E0
6.019079104E1,-6.148009290E0,-1.833828916E0,7.421263887E0
6.020076704E1,-6.117757550E0,-1.841313060E0,7.444375007E0
6.021074404E1,-6.083900417E0,-1.849760094E0,7.469983472E0
6.022072004E1,-6.048297890E0,-1.857275081E0,7.496980652E0
6.023069704E1,-6.007826387E0,-1.863038097E0,7.528028782E0
6.024067304E1,-5.961284890E0,-1.869700122E0,7.563293340E0
6.025065004E1,-5.910133447E0,-1.875739419E0,7.601844032E0
6.026062704E1,-5.855742647E0,-1.880895055E0,7.642552933E0
6.027060304E1,-5.797708447E0,-1.886133722E0,7.685387295E0
6.028058004E1,-5.736324377E0,-1.892450907E0,7.729767662E0
6.029055604E1,-5.672369286E0,-1.898943509E0,7.775239120E0
6.030053304E1,-5.607252939E0,-1.905458331E0,7.820744491E0
6.031050904E1,-5.540961301E0,-1.912806088E0,7.866068013E0
6.032048604E1,-5.473767437E0,-1.919505389E0,7.911350021E0
6.033046204E1,-5.407869902E0,-1.925642335E0,7.955057373E0
6.034043904E1,-5.343374528E0,-1.932216798E0,7.996936301E0
6.035041504E1,-5.280118765E0,-1.939438840E0,8.037103164E0
6.036039204E1,-5.218258731E0,-1.947057908E0,8.075570242E0
6.037036904E1,-5.157116151E0,-1.952183577E0,8.113521595E0
6.038034504E1,-5.097588573E0,-1.955178375E0,8.150335665E0
6.039032204E1,-5.038863816E0,-1.958979211E0,8.185862762E0
6.040029804E1,-4.980554212E0,-1.962275872E0,8.220684101E0
6.041027504E1,-4.925011511E0,-1.965041312E0,8.253422077E0
6.042025104E1,-4.870559607E0,-1.966835530E0,8.285246133E0
6.043022804E1,-4.817406371E0,-1.967544359E0,8.316096627E0
6.044020404E1,-4.765451813E0,-1.968580340E0,8.345733240E0
6.045018104E1,-4.713467142E0,-1.968052190E0,8.375326583E0
6.046015804E1,-4.661580997E0,-1.966082409E0,8.404777254E0
6.047013404E1,-4.609755371E0,-1.963649090E0,8.433880600E0
6.048011104E1,-4.558119486E0,-1.959154043E0,8.462940677E0
6.049008704E1,-4.507419741E0,-1.951891070E0,8.491724766E0
6.050006404E1,-4.457690341E0,-1.942803182E0,8.520012426E0
6.051004004E1,-4.408811712E0,-1.934672482E0,8.547252265E0
6.052001704E1,-4.361258353E0,-1.928090564E0,8.573096958E0
6.052999304E1,-4.315530203E0,-1.921699265E0,8.597637722E0
6.053997004E1,-4.270828240E0,-1.915687742E0,8.621268075E0
6.054994704E1,-4.225743868E0,-1.909367048E0,8.644853988E0
6.055992304E1,-4.181237494E0,-1.902731482E0,8.667927686E0
6.056990004E1,-4.136022437E0,-1.894945183E0,8.691294329E0
6.057987604E1,-4.089953102E0,-1.886489963E0,8.714903632E0
6.058985304E1,-4.042050665E0,-1.878913872E0,8.738856751E0
6.059982904E1,-3.992451073E0,-1.869914130E0,8.763553051E0
6.060980604E1,-3.941613334E0,-1.859877969E0,8.788665673E0
6.061978204E1,-3.887641779E0,-1.848434091E0,8.815079885E0
6.062975904E1,-3.831609666E0,-1.837117098E0,8.841937900E0
6.063973604E1,-3.773456182E0,-1.826680841E0,8.869067811E0
6.064971204E1,-3.711248532E0,-1.814646248E0,8.897740803E0
6.065968904E1,-3.646574819E0,-1.801722147E0,8.927059327E0
6.066966550E1,-3.578090475E0,-1.788335239E0,8.957411638E0
6.067964250E1,-3.506959389E0,-1.773597917E0,8.988419423E0
6.068961850E1,-3.433487955E0,-1.758072098E0,9.019780380E0
6.069959550E1,-3.358762001E0,-1.740934201E0,9.051185775E0
6.070957150E1,-3.284904943E0,-1.722998598E0,9.081672572E0
6.071954850E1,-3.210880362E0,-1.705249667E0,9.111447179E0
6.072952550E1,-3.138295366E0,-1.687107657E0,9.140069300E0
6.073950150E1,-3.068404182E0,-1.669322620E0,9.167025549E0
6.074947850E1,-3.000892230E0,-1.652059008E0,9.192466784E0
6.075945450E1,-2.937013738E0,-1.635682419E0,9.215996565E0
6.076943150E1,-2.877081824E0,-1.620078393E0,9.237631847E0
6.077940750E1,-2.821892586E0,-1.604218844E0,9.257403038E0
6.078938450E1,-2.769842719E0,-1.588422737E0,9.275828199E0
6.079936050E1,-2.719520997E0,-1.572757315E0,9.293370430E0
6.080933750E1,-2.671446651E0,-1.556287170E0,9.310071833E0
6.081931450E1,-2.624501403E0,-1.539023120E0,9.326279730E0
6.082929050E1,-2.577207954E0,-1.521072022E0,9.342399918E0
6.083926750E1,-2.530025601E0,-1.502586342E0,9.358274524E0
6.084924350E1,-2.482616084E0,-1.483537429E0,9.373997687E0
6.085922050E1,-2.433734385E0,-1.463876020E0,9.389893928E0
6.086919650E1,-2.383417047E0,-1.443923420E0,9.405876122E0
6.087917350E1,-2.332920347E0,-1.424252948E0,9.421522686E0
6.088914950E1,-2.282260363E0,-1.403828478E0,9.436983309E0
6.089912650E1,-2.230860121E0,-1.382468306E0,9.452414696E0
6.090910350E1,-2.178853085E0,-1.360632610E0,9.467701657E0
6.091907950E1,-2.127036814E0,-1.339218206E0,9.482526687E0
6.092905650E1,-2.076807916E0,-1.318056402E0,9.496614969E0
6.093903250E1,-2.028814116E0,-1.297011103E0,9.509877623E0
6.094900950E1,-1.983626541E0,-1.276181713E0,9.522220511E0
6.095898550E1,-1.940839394E0,-1.255600684E0,9.533767008E0
6.096896250E1,-1.900474018E0,-1.234798775E0,9.544609500E0
6.097893850E1,-1.863372119E0,-1.213360325E0,9.554669049E0
6.098891550E1,-1.828297596E0,-1.191464549E0,9.564195918E0
6.099889250E1,-1.794792027E0,-1.169266691E0,9.573277228E0
6.100886850E1,-1.762936835E0,-1.146651342E0,9.581928184E0
6.101884550E1,-1.732479566E0,-1.123498195E0,9.590222459E0
6.102882150E1,-1.702602048E0,-1.100087917E0,9.598284016E0
6.103879850E1,-1.673873800E0,-1.076880976E0,9.605965503E0
6.104877450E1,-1.647804135E0,-1.053957113E0,9.613012567E0
6.105875150E1,-1.623430017E0,-1.030848624E0,9.619663775E0
6.106872750E1,-1.598675391E0,-1.008382014E0,9.626188098E0
6.107870450E1,-1.572950127E0,-9.869845667E-1,9.632641670E0
6.108868150E1,-1.545806914E0,-9.657186820E-1,9.639189382E0
6.109865750E1,-1.517485486E0,-9.444470961E-1,9.645794982E0
6.110863450E1,-1.486885252E0,-9.233185478E-1,9.652603480E0
6.111861050E1,-1.453696310E0,-9.025930919E-1,9.659616630E0
6.112858750E1,-1.419178442E0,-8.814838395E-1,9.666696439E0
6.113856350E1,-1.383857020E0,-8.603434505E-1,9.673719530E0
6.114854050E1,-1.348443212E0,-8.385991904E-1,9.680627430E0
6.115851650E1,-1.313205698E0,-8.161499754E-1,9.687387981E0
6.116849350E1,-1.277018450E0,-7.933238342E-1,9.694119880E0
6.117847050E1,-1.240266361E0,-7.701451790E-1,9.700758224E0
6.118844650E1,-1.202901045E0,-7.472156882E-1,9.707255065E0
6.119842350E1,-1.166491895E0,-7.249047598E-1,9.713388210E0
6.120839950E1,-1.132430694E0,-7.028769097E-1,9.719036036E0
6.121837650E1,-1.101742606E0,-6.807087996E-1,9.724140070E0
6.122835250E1,-1.074651432E0,-6.584081769E-1,9.728706161E0
6.123832950E1,-1.047830766E0,-6.364284202E-1,9.733093327E0
6.124830550E1,-1.023874650E0,-6.145515744E-1,9.737048383E0
6.125828250E1,-1.003255614E0,-5.929215543E-1,9.740535078E0
6.126825950E1,-9.860840224E-1,-5.716231078E-1,9.743561012E0
6.127823550E1,-9.734578373E-1,-5.501723414E-1,9.746065375E0
6.128821250E1,-9.627951472E-1,-5.283714729E-1,9.748330586E0
6.129818850E1,-9.555527859E-1,-5.057818516E-1,9.750241456E0
6.130816550E1,-9.515665197E-1,-4.832440878E-1,9.751774011E0
6.131814150E1,-9.513568240E-1,-4.605441368E-1,9.752892584E0
6.132811850E1,-9.568197314E-1,-4.369813561E-1,9.753442807E0
6.133809550E1,-9.616261426E-1,-4.132799232E-1,9.754002970E0
6.134807150E1,-9.668804506E-1,-3.900057026E-1,9.754442096E0
6.135804850E1,-9.716556524E-1,-3.676517241E-1,9.754835613E0
6.136802450E1,-9.718769695E-1,-3.457944300E-1,9.755612708E0
6.137800150E1,-9.718212748E-1,-3.231126419E-1,9.756395651E0
6.138797750E1,-9.702101476E-1,-3.004057656E-1,9.757282088E0
6.139795450E1,-9.668808892E-1,-2.781014336E-1,9.758273191E0
6.140793050E1,-9.640505444E-1,-2.561247832E-1,9.759154952E0
6.141790750E1,-9.615542950E-1,-2.344901767E-1,9.759944910E0
6.142788450E1,-9.602006646E-1,-2.131717949E-1,9.760567054E0
6.143786050E1,-9.591700197E-1,-1.924665667E-1,9.761098566E0
6.144783750E1,-9.581792821E-1,-1.720280081E-1,9.761577453E0
6.145781350E1,-9.566648532E-1,-1.515613829E-1,9.762065696E0
6.146779050E1,-9.532094412E-1,-1.310809253E-1,9.762700118E0
6.147776650E1,-9.492355272E-1,-1.108107666E-1,9.763338050E0
6.148774350E1,-9.460494525E-1,-9.101522810E-2,9.763852020E0
6.149771950E1,-9.435833162E-1,-7.197578487E-2,9.764249631E0
6.150769650E1,-9.423119853E-1,-5.367986080E-2,9.764489951E0
6.151767350E1,-9.402479913E-1,-3.564448729E-2,9.764771787E0
6.152764950E1,-9.391384090E-1,-1.740206867E-2,9.764927908E0
6.153762650E1,-9.395912759E-1,2.211481806E-4,9.764899841E0
6.154760250E1,-9.398405135E-1,1.702069545E-2,9.764861249E0
6.155757950E1,-9.404904315E-1,3.378200749E-2,9.764754830E0
6.156755550E1,-9.412101506E-1,5.031540946E-2,9.764614497E0
6.157753250E1,-9.427353968E-1,6.638328855E-2,9.764371253E0
6.158750850E1,-9.449091724E-1,8.229369482E-2,9.764039716E0
6.159748550E1,-9.480903500E-1,9.882659658E-2,9.763578370E0
6.160746250E1,-9.541300853E-1,1.161676566E-1,9.762798936E0
6.161743850E1,-9.611433088E-1,1.333648112E-1,9.761890864E0
6.162741550E1,-9.682367123E-1,1.510935782E-1,9.760931920E0
6.163739150E1,-9.760632835E-1,1.695076572E-1,9.759849601E0
6.164736850E1,-9.842798641E-1,1.878107030E-1,9.758689513E0
6.165734450E1,-9.927855163E-1,2.055963250E-1,9.757469199E0
6.166732150E1,-1.001760846E0,2.229239090E-1,9.756171117E0
6.167729867E1,-1.011825878E0,2.397693171E-1,9.754733287E0
6.168727467E1,-1.022732031E0,2.552938573E-1,9.753201901E0
6.169725167E1,-1.032457559E0,2.696021037E-1,9.751792138E0
6.170722767E1,-1.043212927E0,2.838923881E-1,9.750241456E0
6.171720467E1,-1.055161713E0,2.977011909E-1,9.748544009E0
6.172718067E1,-1.066848542E0,3.109558786E-1,9.746858257E0
6.173715767E1,-1.077296932E0,3.241389013E-1,9.745278924E0
6.174713367E1,-1.086476768E0,3.376854382E-1,9.743800163E0
6.175711067E1,-1.096173645E0,3.516982174E-1,9.742217907E0
6.176708767E1,-1.106068815E0,3.644805232E-1,9.740629803E0
6.177706367E1,-1.115504320E0,3.758516400E-1,9.739121221E0
6.178704067E1,-1.124694462E0,3.872241090E-1,9.737619072E0
6.179701667E1,-1.134046572E0,3.990532090E-1,9.736056696E0
6.180699367E1,-1.143643461E0,4.101623340E-1,9.734472100E0
6.181696967E1,-1.153084229E0,4.205177895E-1,9.732916156E0
6.182694667E1,-1.163490592E0,4.309001422E-1,9.731223972E0
6.183692267E1,-1.175368333E0,4.411952617E-1,9.729334736E0
6.184689967E1,-1.187716045E0,4.515260857E-1,9.727361301E0
6.185687667E1,-1.200888579E0,4.624525218E-1,9.725230576E0
6.186685267E1,-1.214611483E0,4.738971308E-1,9.722974720E0
6.187682967E1,-1.227510952E0,4.851170240E-1,9.720801310E0
6.188680567E1,-1.239695088E0,4.956025435E-1,9.718726133E0
6.189678267E1,-1.252100833E0,5.055108697E-1,9.716625229E0
6.190675867E1,-1.266808919E0,5.148497502E-1,9.714227870E0
6.191673567E1,-1.281856582E0,5.231618596E-1,9.711809462E0
6.192671167E1,-1.296097037E0,5.305997006E-1,9.709515599E0
6.193668867E1,-1.310340562E0,5.379626973E-1,9.707198347E0
6.194666567E1,-1.324201533E0,5.451825834E-1,9.704914425E0
6.195664167E1,-1.338486427E0,5.517772559E-1,9.702581971E0
6.196661867E1,-1.352117895E0,5.578136655E-1,9.700346580E0
6.197659467E1,-1.365589149E0,5.640634620E-1,9.698097741E0
6.198657167E1,-1.380294312E0,5.700390606E-1,9.695666469E0
6.199654767E1,-1.395577764E0,5.742157632E-1,9.693231688E0
6.200652467E1,-1.411624132E0,5.777589567E-1,9.690696920E0
6.201650167E1,-1.428246742E0,5.823077981E-1,9.687989075E0
6.202647767E1,-1.444927679E0,5.867687485E-1,9.685245561E0
6.203645467E1,-1.461424867E0,5.899887006E-1,9.682574553E0
6.204643067E1,-1.476090707E0,5.924427039E-1,9.680199999E0
6.205640767E1,-1.491382346E0,5.950525355E-1,9.677695636E0
6.206638367E1,-1.507523146E0,5.973830164E-1,9.675050941E0
6.207636067E1,-1.524681508E0,5.988126241E-1,9.672273513E0
6.208633767E1,-1.543696215E0,5.998605547E-1,9.669192030E0
6.209631367E1,-1.563183523E0,6.008773855E-1,9.665997112E0
6.210629067E1,-1.584580678E0,6.015918057E-1,9.662468317E0
6.211626667E1,-1.608481902E0,6.008839637E-1,9.658562377E0
6.212624367E1,-1.632113278E0,5.992613979E-1,9.654697952E0
6.213621967E1,-1.656878722E0,5.984330301E-1,9.650530057E0
6.214619667E1,-1.682455466E0,5.978923089E-1,9.646137629E0
6.215617267E1,-1.708419589E0,5.960748115E-1,9.641685559E0
6.216614967E1,-1.735447758E0,5.933657600E-1,9.637024158E0
6.217612667E1,-1.762556181E0,5.905650533E-1,9.632275634E0
6.218610267E1,-1.789919104E0,5.882192235E-1,9.627371575E0
6.219607967E1,-1.816445729E0,5.859229488E-1,9.622542359E0
6.220605567E1,-1.843339705E0,5.836192555E-1,9.617566379E0
6.221603267E1,-1.872152591E0,5.814451510E-1,9.612131392E0
6.222600867E1,-1.902460463E0,5.780847928E-1,9.606381240E0
6.223598567E1,-1.935323277E0,5.730616325E-1,9.600115948E0
6.224596267E1,-1.970448233E0,5.665762298E-1,9.593353059E0
6.225593867E1,-2.005903556E0,5.594923281E-1,9.586418261E0
6.226591567E1,-2.040719486E0,5.525146994E-1,9.579472353E0
6.227589167E1,-2.076777803E0,5.443879102E-1,9.572185553E0
6.228586867E1,-2.114666298E0,5.348466795E-1,9.564425129E0
6.229584467E1,-2.152198991E0,5.244135657E-1,9.556627867E0
6.230582167E1,-2.186433561E0,5.139452590E-1,9.549422343E0
6.231579767E1,-2.220678511E0,5.056055580E-1,9.541962465E0
6.232577467E1,-2.256623830E0,4.982092322E-1,9.533914942E0
6.233575167E1,-2.293917372E0,4.898255310E-1,9.525445835E0
6.234572767E1,-2.332040633E0,4.801520070E-1,9.516676766E0
6.235570467E1,-2.369549645E0,4.700336562E-1,9.507912959E0
6.236568067E1,-2.406840847E0,4.602677828E-1,9.499019344E0
6.237565767E1,-2.442603149E0,4.508786893E-1,9.490336813E0
6.238563367E1,-2.477437790E0,4.410163003E-1,9.481767134E0
6.239561067E1,-2.514303608E0,4.297721046E-1,9.472574726E0
6.240558767E1,-2.552654910E0,4.171920760E-1,9.462874780E0
6.241556367E1,-2.593864040E0,4.033276333E-1,9.452263838E0
6.242554067E1,-2.636120698E0,3.882815780E-1,9.441197398E0
6.243551667E1,-2.678132065E0,3.731053490E-1,9.429978930E0
6.244549367E1,-2.721940867E0,3.581893943E-1,9.418006171E0
6.245546967E1,-2.768662751E0,3.418956527E-1,9.404983252E0
6.246544667E1,-2.819469793E0,3.249731163E-1,9.390478064E0
6.247542267E1,-2.872733542E0,3.084180408E-1,9.374880032E0
6.248539967E1,-2.925116993E0,2.915316109E-1,9.359209494E0
6.249537667E1,-2.977135285E0,2.745000787E-1,9.343308576E0
6.250535267E1,-3.028349585E0,2.577411181E-1,9.327312933E0
6.251532967E1,-3.080478097E0,2.413247130E-1,9.310667079E0
6.252530567E1,-3.133795641E0,2.241012459E-1,9.293287985E0
6.253528267E1,-3.187787368E0,2.058449230E-1,9.275329431E0
6.254525867E1,-3.242916964E0,1.880452494E-1,9.256577411E0
6.255523567E1,-3.299656883E0,1.702498516E-1,9.236848905E0
6.256521267E1,-3.357566830E0,1.514973741E-1,9.216284248E0
6.257518867E1,-3.415428244E0,1.324284253E-1,9.195292743E0
6.258516567E1,-3.473114243E0,1.135965537E-1,9.173912399E0
6.259514167E1,-3.531584060E0,9.432052206E-2,9.151782442E0
6.260511867E1,-3.589105167E0,7.366340552E-2,9.129567116E0
6.261509467E1,-3.646471323E0,5.350794809E-2,9.106947162E0
6.262507167E1,-3.704373084E0,3.477830680E-2,9.083639576E0
6.263504867E1,-3.762586209E0,1.542513191E-2,9.059735574E0
6.264502467E1,-3.820595266E0,-5.057713632E-3,9.035437469E0
6.265500167E1,-3.878525678E0,-2.542995429E-2,9.010687959E0
6.266497767E1,-3.937937189E0,-4.509259421E-2,8.984804674E0
6.267495475E1,-3.998418157E0,-6.544264058E-2,8.957927948E0
6.268493075E1,-4.057855104E0,-8.741756422E-2,8.930972283E0
6.269490775E1,-4.117566870E0,-1.094800865E-1,8.903356469E0
6.270488375E1,-4.178947432E0,-1.312851942E-1,8.874416260E0
6.271486075E1,-4.241266471E0,-1.544445353E-1,8.844428229E0
6.272483775E1,-4.302873613E0,-1.784871349E-1,8.814165965E0
6.273481375E1,-4.364302121E0,-2.016838982E-1,8.783409610E0
6.274479075E1,-4.427833874E0,-2.241957333E-1,8.751006680E0
6.275476675E1,-4.492528929E0,-2.479393209E-1,8.717327887E0
6.276474375E1,-4.556334039E0,-2.728104161E-1,8.683402927E0
6.277471975E1,-4.620537636E0,-2.962237822E-1,8.648640645E0
6.278469675E1,-4.686983933E0,-3.183196792E-1,8.612023627E0
6.279467375E1,-4.753532849E0,-3.412535554E-1,8.574588583E0
6.280464975E1,-4.818691881E0,-3.644187985E-1,8.537183944E0
6.281462675E1,-4.884302903E0,-3.861982881E-1,8.498854861E0
6.282460275E1,-4.951701127E0,-4.075477150E-1,8.458762257E0
6.283457975E1,-5.017973469E0,-4.302267256E-1,8.418488390E0
6.284455575E1,-5.081112873E0,-4.535338734E-1,8.379301520E0
6.285453275E1,-5.144525342E0,-4.754921051E-1,8.339296625E0
6.286450975E1,-5.210481935E0,-4.971716073E-1,8.296975062E0
6.287448575E1,-5.276260187E0,-5.202549529E-1,8.253878744E0
6.288446275E1,-5.340283105E0,-5.434606880E-1,8.211098176E0
6.289443875E1,-5.403520743E0,-5.657762211E-1,8.168106523E0
6.290441575E1,-5.466705755E0,-5.884269093E-1,8.124345376E0
6.291439175E1,-5.527893943E0,-6.122443362E-1,8.081067209E0
6.292436875E1,-5.586192437E0,-6.356868470E-1,8.039058473E0
6.293434475E1,-5.643650102E0,-6.574062565E-1,7.997069618E0
6.294432175E1,-5.701002517E0,-6.786995501E-1,7.954497795E0
6.295429875E1,-5.755537743E0,-7.010345983E-1,7.913181369E0
6.296427475E1,-5.807299050E0,-7.228129915E-1,7.873304527E0
6.297425175E1,-5.858051128E0,-7.427698309E-1,7.833749868E0
6.298422775E1,-5.908020263E0,-7.627158529E-1,7.794206902E0
6.299420475E1,-5.955968016E0,-7.837112309E-1,7.755536342E0
6.300418075E1,-6.002150495E0,-8.047644232E-1,7.717683806E0
6.301415775E1,-6.047911389E0,-8.247802464E-1,7.679753503E0
6.302413475E1,-6.093648310E0,-8.442249428E-1,7.641389337E0
6.303411075E1,-6.137093707E0,-8.639807841E-1,7.604322082E0
6.304408775E1,-6.177631869E0,-8.840829999E-1,7.569105472E0
6.305406375E1,-6.217322184E0,-9.048458049E-1,7.534073049E0
6.306404075E1,-6.257894844E0,-9.269935960E-1,7.497701613E0
6.307401675E1,-6.297466460E0,-9.499600703E-1,7.461607921E0
6.308399375E1,-6.334834262E0,-9.711748651E-1,7.427166066E0
6.309397075E1,-6.370004094E0,-9.901918376E-1,7.394502935E0
6.310394675E1,-6.402093614E0,-1.008385303E0,7.364268737E0
6.311392375E1,-6.429828127E0,-1.026889621E0,7.337499599E0
6.312389975E1,-6.454081208E0,-1.045575714E0,7.313528938E0
6.313387675E1,-6.477103450E0,-1.064561404E0,7.290400277E0
6.314385275E1,-6.499019399E0,-1.084793720E0,7.267878556E0
6.315382975E1,-6.518064950E0,-1.105893617E0,7.247615615E0
6.316380575E1,-6.534682737E0,-1.126127761E0,7.229513805E0
6.317378275E1,-6.549408950E0,-1.145452589E0,7.213132830E0
6.318375975E1,-6.560801665E0,-1.164249560E0,7.199757324E0
6.319373575E1,-6.568106006E0,-1.180716343E0,7.190409966E0
6.320371275E1,-6.571948212E0,-1.194246288E0,7.184662737E0
6.321368875E1,-6.573091927E0,-1.205480325E0,7.181739129E0
6.322366575E1,-6.571283383E0,-1.215168649E0,7.181761349E0
6.323364175E1,-6.568087295E0,-1.224295714E0,7.183134860E0
6.324361875E1,-6.564995872E0,-1.233819952E0,7.184331785E0
6.325359575E1,-6.561581098E0,-1.244242467E0,7.185654425E0
6.326357175E1,-6.557621949E0,-1.254893024E0,7.187415606E0
6.327354875E1,-6.552818461E0,-1.264855218E0,7.190049777E0
6.328352475E1,-6.548569874E0,-1.273498865E0,7.192394511E0
6.329350175E1,-6.544984362E0,-1.279690627E0,7.194558565E0
6.330347775E1,-6.539740579E0,-1.281930696E0,7.198926435E0
6.331345475E1,-6.533232043E0,-1.285698642E0,7.204162617E0
6.332343175E1,-6.525227789E0,-1.290733533E0,7.210513278E0
6.333340775E1,-6.516159343E0,-1.297046187E0,7.217578468E0
6.334338475E1,-6.506920157E0,-1.308692963E0,7.223808677E0
6.335336075E1,-6.497171094E0,-1.323413913E0,7.229899721E0
6.336333775E1,-6.487012727E0,-1.339658940E0,7.236026434E0
6.337331375E1,-6.474658729E0,-1.357295020E0,7.243799722E0
6.338329075E1,-6.459316220E0,-1.374645463E0,7.254218291E0
6.339326775E1,-6.441934202E0,-1.391323915E0,7.266485165E0
6.340324375E1,-6.422638975E0,-1.408166381E0,7.280307398E0
6.341322075E1,-6.401219455E0,-1.424807995E0,7.295917125E0
6.342319675E1,-6.377880878E0,-1.440360273E0,7.313282186E0
6.343317375E1,-6.353925421E0,-1.454228114E0,7.331368209E0
6.344314975E1,-6.330636545E0,-1.467098421E0,7.348929736E0
6.345312675E1,-6.308908292E0,-1.480068714E0,7.364996715E0
6.346310375E1,-6.289563364E0,-1.493827359E0,7.378751705E0
6.347307975E1,-6.271867935E0,-1.508516588E0,7.390815096E0
6.348305675E1,-6.253274374E0,-1.523599481E0,7.403466132E0
6.349303275E1,-6.233241813E0,-1.537808215E0,7.417408233E0
6.350300975E1,-6.212331001E0,-1.551528414E0,7.432079481E0
6.351298575E1,-6.192327091E0,-1.565405611E0,7.445850844E0
6.352296275E1,-6.173635297E0,-1.579306197E0,7.458425866E0
6.353293975E1,-6.154651142E0,-1.592849079E0,7.471224836E0
6.354291575E1,-6.134621505E0,-1.605396619E0,7.484999707E0
6.355289275E1,-6.113116030E0,-1.617611014E0,7.499949868E0
6.356286875E1,-6.090637579E0,-1.629815030E0,7.515579475E0
6.357284575E1,-6.067508333E0,-1.641969930E0,7.531624820E0
6.358282175E1,-6.044874930E0,-1.653162378E0,7.547359677E0
6.359279875E1,-6.023390506E0,-1.662857646E0,7.562391699E0
6.360277575E1,-6.001709615E0,-1.671508017E0,7.577706726E0
6.361275175E1,-5.979041129E0,-1.679861203E0,7.593762596E0
6.362272875E1,-5.955777982E0,-1.688021285E0,7.610216076E0
6.363270475E1,-5.932838185E0,-1.695473122E0,7.626460810E0
6.364268175E1,-5.909868568E0,-1.702046416E0,7.642812549E0
6.365265775E1,-5.887512324E0,-1.707967745E0,7.658730424E0
6.366263475E1,-5.868013029E0,-1.714515165E0,7.672219951E0
6.367261100E1,-5.863535816E0,-1.723816769E0,7.673558963E0
6.368258700E1,-5.857341861E0,-1.734883794E0,7.675794938E0
6.369256400E1,-5.847427906E0,-1.744704339E0,7.681125845E0
6.370254000E1,-5.835788439E0,-1.753859179E0,7.687889904E0
6.371251700E1,-5.821253430E0,-1.763508254E0,7.696696980E0
6.372249300E1,-5.804020516E0,-1.774131622E0,7.707262899E0
6.373247000E1,-5.784924679E0,-1.784843282E0,7.719137424E0
6.374244700E1,-5.764364700E0,-1.794190787E0,7.732339268E0
6.375242300E1,-5.742045293E0,-1.801817311E0,7.747159036E0
6.376240000E1,-5.717093470E0,-1.809152204E0,7.763885581E0
6.377237600E1,-5.690046004E0,-1.816966131E0,7.781909623E0
6.378235300E1,-5.660597087E0,-1.824891739E0,7.801506566E0
6.379232900E1,-5.629358338E0,-1.831762656E0,7.822472343E0
6.380230600E1,-5.596684096E0,-1.837380661E0,7.844568971E0
6.381228300E1,-5.561740551E0,-1.842482649E0,7.868188798E0
6.382225900E1,-5.523406205E0,-1.847511401E0,7.893971511E0
6.383223600E1,-5.481517922E0,-1.852235366E0,7.922013003E0
6.384221200E1,-5.435923673E0,-1.856331633E0,7.952412677E0
6.385218900E1,-5.386255669E0,-1.859766580E0,7.985337764E0
6.386216500E1,-5.332478827E0,-1.863405448E0,8.020504088E0
6.387214200E1,-5.275148047E0,-1.867738674E0,8.057324005E0
6.388211900E1,-5.215702913E0,-1.873134630E0,8.094683620E0
6.389209500E1,-5.153419542E0,-1.878607332E0,8.133216187E0
6.390207200E1,-5.087872254E0,-1.883291536E0,8.173301774E0
6.391204800E1,-5.020064433E0,-1.887595526E0,8.214136389E0
6.392202500E1,-4.951866603E0,-1.892103583E0,8.254396223E0
6.393200100E1,-4.884402306E0,-1.896078520E0,8.293587770E0
6.394197800E1,-4.818013312E0,-1.898276635E0,8.331830315E0
6.395195500E1,-4.754456709E0,-1.899443300E0,8.367995929E0
6.396193100E1,-4.694101164E0,-1.900105497E0,8.401851892E0
6.397190800E1,-4.637536954E0,-1.899723820E0,8.433291201E0
6.398188400E1,-4.584032300E0,-1.898560078E0,8.462754736E0
6.399186100E1,-4.532701640E0,-1.896472476E0,8.490824879E0
6.400183800E1,-4.483387100E0,-1.894538802E0,8.517398136E0
6.401181400E1,-4.435662418E0,-1.892107383E0,8.542887903E0
6.402179100E1,-4.390752001E0,-1.888808969E0,8.566784889E0
6.403176700E1,-4.347069207E0,-1.884596343E0,8.589958574E0
6.404174400E1,-4.304372839E0,-1.878945593E0,8.612667405E0
6.405172000E1,-4.260670749E0,-1.872675332E0,8.635732332E0
6.406169700E1,-4.215793954E0,-1.866965087E0,8.658962150E0
6.407167400E1,-4.170942594E0,-1.862270796E0,8.681663965E0
6.408165000E1,-4.125752680E0,-1.857665529E0,8.704214337E0
6.409162700E1,-4.079580141E0,-1.851932188E0,8.727168751E0
6.410160300E1,-4.032237283E0,-1.844796100E0,8.750650585E0
6.411158000E1,-3.981846855E0,-1.836501678E0,8.775434593E0
6.412155600E1,-3.929936737E0,-1.827244951E0,8.800731402E0
6.413153300E1,-3.877838045E0,-1.817332605E0,8.825858057E0
6.414151000E1,-3.825497279E0,-1.806453276E0,8.850898173E0
6.415148600E1,-3.771821593E0,-1.794490603E0,8.876331807E0
6.416146300E1,-3.716395251E0,-1.781492389E0,8.902291691E0
6.417143900E1,-3.659632236E0,-1.768026690E0,8.928452718E0
6.418141600E1,-3.602269296E0,-1.755534114E0,8.954209118E0
6.419139200E1,-3.544019042E0,-1.743684877E0,8.979732215E0
6.420136900E1,-3.484900475E0,-1.730528204E0,9.005378687E0
6.421134600E1,-3.425367634E0,-1.716443723E0,9.030878980E0
6.422132200E1,-3.366817710E0,-1.703771783E0,9.055263623E0
6.423129900E1,-3.309698014E0,-1.692183479E0,9.078464205E0
6.424127500E1,-3.253993052E0,-1.679430263E0,9.100942072E0
6.425125200E1,-3.199082435E0,-1.665444454E0,9.122952746E0
6.426122900E1,-3.145001830E0,-1.652565669E0,9.144074058E0
6.427120500E1,-3.091468524E0,-1.640151446E0,9.164541652E0
6.428118200E1,-3.038476085E0,-1.626906040E0,9.184603449E0
6.429115800E1,-2.984943072E0,-1.612603312E0,9.204657644E0
6.430113500E1,-2.930611036E0,-1.597786907E0,9.224678510E0
6.431111100E1,-2.875885483E0,-1.581960394E0,9.244608160E0
6.432108800E1,-2.821406098E0,-1.564644888E0,9.264321463E0
6.433106500E1,-2.767937112E0,-1.547059972E0,9.283384556E0
6.434104100E1,-2.715249605E0,-1.529812732E0,9.301784574E0
6.435101800E1,-2.662806805E0,-1.511262002E0,9.319959474E0
6.436099400E1,-2.608603409E0,-1.491298000E0,9.338485792E0
6.437097100E1,-2.552927683E0,-1.471779702E0,9.356950715E0
6.438094700E1,-2.497914739E0,-1.453433624E0,9.374649652E0
6.439092400E1,-2.444825968E0,-1.434919146E0,9.391482031E0
6.440090100E1,-2.394112628E0,-1.414995929E0,9.407556027E0
6.441087700E1,-2.343533336E0,-1.394721293E0,9.423306672E0
6.442085400E1,-2.291483030E0,-1.374580559E0,9.439053808E0
6.443083000E1,-2.240147985E0,-1.353690211E0,9.454382869E0
6.444080700E1,-2.191328412E0,-1.332250518E0,9.468858821E0
6.445078300E1,-2.144233475E0,-1.311200542E0,9.482569372E0
6.446076000E1,-2.099003654E0,-1.290513824E0,9.495518031E0
6.447073700E1,-2.056213145E0,-1.270038921E0,9.507633462E0
6.448071300E1,-2.015243021E0,-1.249958705E0,9.519059506E0
6.449069000E1,-1.975983645E0,-1.230867692E0,9.529772190E0
6.450066600E1,-1.938907913E0,-1.211643363E0,9.539845773E0
6.451064300E1,-1.903538690E0,-1.190967389E0,9.549567354E0
6.452062000E1,-1.867715431E0,-1.169659916E0,9.559269639E0
6.453059600E1,-1.831434920E0,-1.148534657E0,9.568846208E0
6.454057300E1,-1.797055777E0,-1.127768051E0,9.577829871E0
6.455054900E1,-1.765055866E0,-1.106203958E0,9.586291961E0
6.456052600E1,-1.732816365E0,-1.083482263E0,9.594765161E0
6.457050200E1,-1.699346318E0,-1.060705531E0,9.603292741E0
6.458047900E1,-1.665183961E0,-1.038900606E0,9.611657183E0
6.459045600E1,-1.632111086E0,-1.017899308E0,9.619573728E0
6.460043200E1,-1.600394472E0,-9.970501830E-1,9.627083307E0
6.461040900E1,-1.568810006E0,-9.764665952E-1,9.634388818E0
6.462038500E1,-1.536378717E0,-9.560255333E-1,9.641662754E0
6.463036200E1,-1.503271782E0,-9.354942050E-1,9.648892252E0
6.464033900E1,-1.470765794E0,-9.145119832E-1,9.655910665E0
6.465031500E1,-1.439431150E0,-8.929266943E-1,9.662650750E0
6.466029200E1,-1.407794205E0,-8.709009638E-1,9.669320084E0
6.467026842E1,-1.375035034E0,-8.483786586E-1,9.676033857E0
6.468024542E1,-1.341444972E0,-8.253462569E-1,9.682738860E0
6.469022142E1,-1.308298422E0,-8.027307616E-1,9.689173136E0
6.470019842E1,-1.277662228E0,-7.805675485E-1,9.695070637E0
6.471017542E1,-1.249115391E0,-7.577892083E-1,9.700596256E0
6.472015142E1,-1.220864714E0,-7.341157325E-1,9.706011947E0
6.473012842E1,-1.192882279E0,-7.103800569E-1,9.711255730E0
6.474010442E1,-1.165990642E0,-6.877171992E-1,9.716152189E0
6.475008142E1,-1.142462104E0,-6.661914787E-1,9.720445799E0
6.476005742E1,-1.121931507E0,-6.446281900E-1,9.724290344E0
6.477003442E1,-1.103912288E0,-6.226928721E-1,9.727781131E0
6.478001142E1,-1.087458589E0,-6.011024303E-1,9.730992422E0
6.478998742E1,-1.072545338E0,-5.801738567E-1,9.733917199E0
6.479996442E1,-1.061489277E0,-5.594702548E-1,9.736340870E0
6.480994042E1,-1.052556266E0,-5.383390753E-1,9.738502001E0
6.481991742E1,-1.044272370E0,-5.164743625E-1,9.740577178E0
6.482989442E1,-1.035959018E0,-4.942245010E-1,9.742619026E0
6.483987042E1,-1.029839468E0,-4.720622380E-1,9.744366758E0
6.484984742E1,-1.031427864E0,-4.499517595E-1,9.745245010E0
6.485982342E1,-1.035827382E0,-4.279584080E-1,9.745768921E0
6.486980042E1,-1.039811529E0,-4.056746326E-1,9.746297509E0
6.487977642E1,-1.042404988E0,-3.830964133E-1,9.746934271E0
6.488975342E1,-1.042259027E0,-3.613362195E-1,9.747780948E0
6.489973042E1,-1.039516391E0,-3.407418875E-1,9.748815320E0
6.490970642E1,-1.035905516E0,-3.202590545E-1,9.749894131E0
6.491968342E1,-1.032262700E0,-2.986683021E-1,9.750965926E0
6.492965942E1,-1.028299165E0,-2.769759542E-1,9.752024857E0
6.493963642E1,-1.022975933E0,-2.560889508E-1,9.753155124E0
6.494961342E1,-1.017713439E0,-2.356900436E-1,9.754219902E0
6.495958942E1,-1.013162770E0,-2.152269084E-1,9.755166566E0
6.496956642E1,-1.008618899E0,-1.943612107E-1,9.756075808E0
6.497954242E1,-1.004713471E0,-1.736360838E-1,9.756869275E0
6.498951942E1,-1.000445588E0,-1.536513057E-1,9.757643446E0
6.499949542E1,-9.951564892E-1,-1.343734377E-1,9.758468488E0
6.500947242E1,-9.889300816E-1,-1.156916567E-1,9.759340893E0
6.501944942E1,-9.824068547E-1,-9.767362615E-2,9.760196341E0
6.502942542E1,-9.768794817E-1,-7.978329328E-2,9.760913794E0
6.503940242E1,-9.718513148E-1,-6.197868150E-2,9.761545293E0
6.504937842E1,-9.686553729E-1,-4.497653612E-2,9.761955768E0
6.505935542E1,-9.668586697E-1,-2.904819078E-2,9.762194334E0
6.506933242E1,-9.661960340E-1,-1.326859084E-2,9.762294322E0
6.507930842E1,-9.665596578E-1,3.270741431E-3,9.762266840E0
6.508928542E1,-9.665771994E-1,2.015451867E-2,9.762244620E0
6.509926142E1,-9.664780160E-1,3.651142609E-2,9.762207198E0
6.510923842E1,-9.668447826E-1,5.227635546E-2,9.762099025E0
6.511921442E1,-9.680376146E-1,6.810026861E-2,9.761883262E0
6.512919142E1,-9.698850424E-1,8.474449131E-2,9.761569852E0
6.513916842E1,-9.709580795E-1,1.018853025E-1,9.761299126E0
6.514914442E1,-9.722863477E-1,1.190202939E-1,9.760972851E0
6.515912142E1,-9.758491293E-1,1.365666552E-1,9.760387545E0
6.516909742E1,-9.806641652E-1,1.545890163E-1,9.759636177E0
6.517907442E1,-9.858780543E-1,1.730097556E-1,9.758801780E0
6.518905042E1,-9.903255196E-1,1.908754114E-1,9.758018253E0
6.519902742E1,-9.953503975E-1,2.077064024E-1,9.757163390E0
6.520900442E1,-1.002753557E0,2.238313604E-1,9.756048911E0
6.521898042E1,-1.010474586E0,2.389774396E-1,9.754892916E0
6.522895742E1,-1.018464222E0,2.536081051E-1,9.753692483E0
6.523893342E1,-1.025626184E0,2.680538523E-1,9.752555199E0
6.524891042E1,-1.032559520E0,2.820852696E-1,9.751427856E0
6.525888742E1,-1.039820007E0,2.948609059E-1,9.750278293E0
6.526886342E1,-1.046712047E0,3.067837440E-1,9.749173170E0
6.527884042E1,-1.053622214E0,3.195109032E-1,9.748020099E0
6.528881642E1,-1.060722561E0,3.326724010E-1,9.746809725E0
6.529879342E1,-1.066548288E0,3.446286413E-1,9.745758396E0
6.530876942E1,-1.072038970E0,3.559114652E-1,9.744750336E0
6.531874642E1,-1.078431000E0,3.673571340E-1,9.743620069E0
6.532872342E1,-1.086097357E0,3.790027776E-1,9.742322572E0
6.533869942E1,-1.093926998E0,3.901944946E-1,9.741004609E0
6.534867642E1,-1.100855729E0,4.008927431E-1,9.739789558E0
6.535865242E1,-1.108731344E0,4.114001530E-1,9.738458147E0
6.536862942E1,-1.118812894E0,4.211269597E-1,9.736889339E0
6.537860642E1,-1.130701453E0,4.304437304E-1,9.735108277E0
6.538858242E1,-1.143064294E0,4.406034504E-1,9.733209686E0
6.539855942E1,-1.154871723E0,4.519496800E-1,9.731295308E0
6.540853542E1,-1.167953845E0,4.635003063E-1,9.729190895E0
6.541851242E1,-1.180712908E0,4.738049275E-1,9.727154310E0
6.542848842E1,-1.193887196E0,4.841947719E-1,9.725034109E0
6.543846542E1,-1.207970727E0,4.949421370E-1,9.722753695E0
6.544844242E1,-1.222060470E0,5.046443489E-1,9.720493746E0
6.545841842E1,-1.236714469E0,5.128655341E-1,9.718209824E0
6.546839542E1,-1.250937237E0,5.201711184E-1,9.716001331E0
6.547837142E1,-1.265593721E0,5.274237489E-1,9.713711561E0
6.548834842E1,-1.280406180E0,5.341716185E-1,9.711401326E0
6.549832542E1,-1.294861667E0,5.397561480E-1,9.709175876E0
6.550830142E1,-1.309641089E0,5.459564624E-1,9.706846930E0
6.551827842E1,-1.323865026E0,5.523173194E-1,9.704557160E0
6.552825442E1,-1.338217017E0,5.572680472E-1,9.702305397E0
6.553823142E1,-1.353989735E0,5.609425837E-1,9.699905115E0
6.554820742E1,-1.370020608E0,5.647389250E-1,9.697433497E0
6.555818442E1,-1.386815857E0,5.694419502E-1,9.694770675E0
6.556816142E1,-1.403253842E0,5.735491076E-1,9.692162817E0
6.557813742E1,-1.419756001E0,5.758756416E-1,9.689621032E0
6.558811442E1,-1.437173687E0,5.778512330E-1,9.686935406E0
6.559809042E1,-1.454684490E0,5.801471423E-1,9.684184291E0
6.560806742E1,-1.474195625E0,5.814783340E-1,9.681153095E0
6.561804442E1,-1.494215029E0,5.813565292E-1,9.678090908E0
6.562802042E1,-1.513459824E0,5.808391237E-1,9.675131047E0
6.563799742E1,-1.533931511E0,5.805633178E-1,9.671923265E0
6.564797342E1,-1.554763240E0,5.791379128E-1,9.668682153E0
6.565795042E1,-1.575244575E0,5.772416608E-1,9.665479633E0
6.566792642E1,-1.596033180E0,5.756616700E-1,9.662163092E0
6.567790325E1,-1.617220859E0,5.738766247E-1,9.658745395E0
6.568788025E1,-1.641003970E0,5.706736662E-1,9.654923070E0
6.569785625E1,-1.664265655E0,5.663088293E-1,9.651197809E0
6.570783325E1,-1.689435872E0,5.624445507E-1,9.647049209E0
6.571780925E1,-1.718560561E0,5.577352763E-1,9.642177309E0
6.572778625E1,-1.747719602E0,5.512550630E-1,9.637307163E0
6.573776325E1,-1.776761114E0,5.458965284E-1,9.632300777E0
6.574773925E1,-1.806965930E0,5.432993414E-1,9.626827199E0
6.575771625E1,-1.839206162E0,5.401099411E-1,9.620899292E0
6.576769225E1,-1.873010962E0,5.345770863E-1,9.614684286E0
6.577766925E1,-1.907852766E0,5.275469059E-1,9.608220189E0
6.578764625E1,-1.944954519E0,5.198105279E-1,9.601200607E0
6.579762225E1,-1.982721246E0,5.103141015E-1,9.593982219E0
6.580759925E1,-2.021661363E0,4.993926356E-1,9.586427616E0
6.581757525E1,-2.063036407E0,4.887040350E-1,9.578160238E0
6.582755225E1,-2.104180633E0,4.780080158E-1,9.569745510E0
6.583752825E1,-2.144256133E0,4.661515801E-1,9.561431354E0
6.584750525E1,-2.182599688E0,4.536141264E-1,9.553355180E0
6.585748225E1,-2.221366290E0,4.428041961E-1,9.544922910E0
6.586745825E1,-2.261676702E0,4.333514411E-1,9.535886039E0
6.587743525E1,-2.300729378E0,4.242052630E-1,9.526950908E0
6.588741125E1,-2.339995185E0,4.158284687E-1,9.517752069E0
6.589738825E1,-2.381216448E0,4.067949956E-1,9.507914128E0
6.590736525E1,-2.422562694E0,3.955534312E-1,9.497938194E0
6.591734125E1,-2.463599769E0,3.831889455E-1,9.487883906E0
6.592731825E1,-2.504333520E0,3.703647225E-1,9.477723784E0
6.593729425E1,-2.547383938E0,3.570081105E-1,9.466756747E0
6.594727125E1,-2.592046725E0,3.417941670E-1,9.455187446E0
6.595724725E1,-2.636237057E0,3.251364729E-1,9.443550317E0
6.596722425E1,-2.681707345E0,3.093467614E-1,9.431269995E0
6.597720125E1,-2.729341103E0,2.933968727E-1,9.418105574E0
6.598717725E1,-2.778521741E0,2.762483048E-1,9.404233055E0
6.599715425E1,-2.829782819E0,2.588453830E-1,9.389431998E0
6.600713025E1,-2.882710353E0,2.417085279E-1,9.373774908E0
6.601710725E1,-2.937786155E0,2.254429809E-1,9.357066489E0
6.602708425E1,-2.993437030E0,2.086236478E-1,9.339802585E0
6.603706025E1,-3.049032356E0,1.910590140E-1,9.322177908E0
6.604703725E1,-3.105774614E0,1.742020577E-1,9.303758009E0
6.605701325E1,-3.164097666E0,1.576575255E-1,9.284380921E0
6.606699025E1,-3.222300559E0,1.397001415E-1,9.264629611E0
6.607696625E1,-3.279520534E0,1.210224810E-1,9.244792932E0
6.608694325E1,-3.337937142E0,1.025791569E-1,9.224085603E0
6.609692025E1,-3.397887182E0,8.349942723E-2,9.202363197E0
6.610689625E1,-3.458052985E0,6.311159781E-2,9.180086474E0
6.611687325E1,-3.517353399E0,4.313481394E-2,9.157645445E0
6.612684925E1,-3.576882440E0,2.455007853E-2,9.134626712E0
6.613682625E1,-3.636890660E0,6.382666432E-3,9.110932040E0
6.614680325E1,-3.695866262E0,-1.273956286E-2,9.087161939E0
6.615677925E1,-3.754474366E0,-3.119695574E-2,9.063059716E0
6.616675625E1,-3.814539597E0,-4.811325668E-2,9.037868741E0
6.617673225E1,-3.874290247E0,-6.571393768E-2,9.012305884E0
6.618670925E1,-3.933276958E0,-8.481785559E-2,8.986558839E0
6.619668625E1,-3.992296122E0,-1.044718092E-1,8.960287884E0
6.620666225E1,-4.053276149E0,-1.243415708E-1,8.932613597E0
6.621663925E1,-4.115226522E0,-1.448046602E-1,8.903934174E0
6.622661525E1,-4.176073818E0,-1.663039677E-1,8.875181660E0
6.623659225E1,-4.236745112E0,-1.874479563E-1,8.845956692E0
6.624656825E1,-4.299086371E0,-2.084645670E-1,8.815355873E0
6.625654525E1,-4.362160579E0,-2.305292911E-1,8.783763952E0
6.626652225E1,-4.425953117E0,-2.528690718E-1,8.751176834E0
6.627649825E1,-4.490587654E0,-2.747058824E-1,8.717526108E0
6.628647525E1,-4.557140078E0,-2.965056180E-1,8.682203663E0
6.629645125E1,-4.624685066E0,-3.189461718E-1,8.645615296E0
6.630642825E1,-4.691268773E0,-3.413618020E-1,8.608807658E0
6.631640525E1,-4.757794592E0,-3.620603606E-1,8.571371444E0
6.632638125E1,-4.824872973E0,-3.819917281E-1,8.532923078E0
6.633635825E1,-4.890941247E0,-4.031562002E-1,8.494248424E0
6.634633425E1,-4.954382660E0,-4.258069615E-1,8.456292393E0
6.635631125E1,-5.016279531E0,-4.488634099E-1,8.418525227E0
6.636628725E1,-5.079280356E0,-4.717354883E-1,8.379407939E0
6.637626425E1,-5.142005192E0,-4.947324413E-1,8.339731658E0
6.638624125E1,-5.204286225E0,-5.165612667E-1,8.299679400E0
6.639621725E1,-5.266085447E0,-5.374587039E-1,8.259272801E0
6.640619425E1,-5.326912277E0,-5.579717962E-1,8.218805975E0
6.641617025E1,-5.385728250E0,-5.782866679E-1,8.178973573E0
6.642614725E1,-5.442525179E0,-5.983739002E-1,8.139838158E0
6.643612425E1,-5.500776896E0,-6.185462460E-1,8.099071371E0
6.644610025E1,-5.562387838E0,-6.402201933E-1,8.055188017E0
6.645607725E1,-5.627130548E0,-6.630571519E-1,8.008236630E0
6.646605325E1,-5.695782123E0,-6.848639772E-1,7.957708501E0
6.647603025E1,-5.766451571E0,-7.056623771E-1,7.904820435E0
6.648600725E1,-5.834925975E0,-7.260869206E-1,7.852549835E0
6.649598325E1,-5.898400424E0,-7.464895371E-1,7.803059002E0
6.650596025E1,-5.954765244E0,-7.687593888E-1,7.757956504E0
6.651593625E1,-6.004392902E0,-7.928074519E-1,7.717176853E0
6.652591325E1,-6.047036646E0,-8.168793424E-1,7.681286058E0
6.653589025E1,-6.083300493E0,-8.399458773E-1,7.650101103E0
6.654586625E1,-6.114529302E0,-8.604639763E-1,7.622875882E0
6.655584325E1,-6.140173436E0,-8.779663738E-1,7.600233124E0
6.656581925E1,-6.161553780E0,-8.920199373E-1,7.581270019E0
6.657579625E1,-6.177829505E0,-9.041730827E-1,7.566571289E0
6.658577225E1,-6.189196492E0,-9.154457836E-1,7.555918247E0
6.659574925E1,-6.197899488E0,-9.268793560E-1,7.547386574E0
6.660572625E1,-6.205472801E0,-9.391289804E-1,7.539645445E0
6.661570225E1,-6.212784160E0,-9.524554427E-1,7.531947586E0
6.662567925E1,-6.220330576E0,-9.673990986E-1,7.523810601E0
6.663565525E1,-6.228198005E0,-9.836453681E-1,7.515190635E0
6.664563225E1,-6.236655418E0,-1.000825219E0,7.505902918E0
6.665560925E1,-6.244622834E0,-1.019122472E0,7.496811082E0
6.666558525E1,-6.253781328E0,-1.038509427E0,7.486509458E0
6.667556300E1,-6.265088673E0,-1.059412565E0,7.474116284E0
6.668553900E1,-6.278500432E0,-1.079393378E0,7.459989411E0
6.669551600E1,-6.294272127E0,-1.096951836E0,7.444121237E0
6.670549200E1,-6.310353139E0,-1.111980715E0,7.428260080E0
6.671546900E1,-6.326028355E0,-1.124641691E0,7.413004695E0
6.672544600E1,-6.341132298E0,-1.136228168E0,7.398319412E0
6.673542200E1,-6.357412700E0,-1.147091783E0,7.382654137E0
6.674539900E1,-6.377792585E0,-1.157817696E0,7.363377036E0
6.675537500E1,-6.399568786E0,-1.169904768E0,7.342542822E0
6.676535200E1,-6.420618762E0,-1.182337630E0,7.322146565E0
6.677532900E1,-6.440071864E0,-1.194146520E0,7.303122064E0
6.678530500E1,-6.455978045E0,-1.204035039E0,7.287438077E0
6.679528200E1,-6.466883102E0,-1.202851343E0,7.277958571E0
6.680525800E1,-6.473323225E0,-1.202340443E0,7.272315423E0
6.681523500E1,-6.476218182E0,-1.207062362E0,7.268953859E0
6.682521200E1,-6.475211876E0,-1.219279388E0,7.267811898E0
6.683518800E1,-6.470384415E0,-1.232976198E0,7.269799951E0
6.684516500E1,-6.464505039E0,-1.244644171E0,7.273041648E0
6.685514100E1,-6.457870789E0,-1.253457679E0,7.277420627E0
6.686511800E1,-6.449772980E0,-1.259970308E0,7.283474835E0
6.687509500E1,-6.439225187E0,-1.264885916E0,7.291950958E0
6.688507100E1,-6.426237937E0,-1.269330238E0,7.302627974E0
6.689504800E1,-6.411425185E0,-1.275073958E0,7.314636401E0
6.690502400E1,-6.392191939E0,-1.283357416E0,7.330005223E0
6.691500100E1,-6.368257531E0,-1.293436116E0,7.349042003E0
6.692497700E1,-6.341102477E0,-1.305309910E0,7.370392526E0
6.693495400E1,-6.311707939E0,-1.318734094E0,7.393199006E0
6.694493100E1,-6.280903637E0,-1.332511012E0,7.416923499E0
6.695490700E1,-6.249698802E0,-1.344939415E0,7.441002333E0
6.696488400E1,-6.220516518E0,-1.354611002E0,7.463665556E0
6.697486000E1,-6.192853925E0,-1.362595082E0,7.485185063E0
6.698483700E1,-6.166910999E0,-1.369651502E0,7.505289545E0
6.699481400E1,-6.144727832E0,-1.376208570E0,7.522264597E0
6.700479000E1,-6.125961193E0,-1.383172019E0,7.536281542E0
6.701476700E1,-6.109063910E0,-1.390315708E0,7.548672962E0
6.702474300E1,-6.092726204E0,-1.397369205E0,7.560565614E0
6.703472000E1,-6.077100105E0,-1.405053469E0,7.571709237E0
6.704469700E1,-6.063826926E0,-1.414058035E0,7.580669510E0
6.705467300E1,-6.051604491E0,-1.425002123E0,7.588382573E0
6.706465000E1,-6.039386734E0,-1.436238278E0,7.595994478E0
6.707462600E1,-6.026345104E0,-1.446095368E0,7.604477034E0
6.708460300E1,-6.011779105E0,-1.454991615E0,7.614303280E0
6.709458000E1,-5.996203877E0,-1.462839747E0,7.625073266E0
6.710455600E1,-5.979328812E0,-1.469324456E0,7.637068244E0
6.711453300E1,-5.961455628E0,-1.473627129E0,7.650201091E0
6.712450900E1,-5.942514158E0,-1.475193160E0,7.664622079E0
6.713448600E1,-5.921375889E0,-1.474300436E0,7.681135785E0
6.714446200E1,-5.899170502E0,-1.471446410E0,7.698748768E0
6.715443900E1,-5.876228952E0,-1.468068181E0,7.716917236E0
6.716441600E1,-5.852110357E0,-1.465118553E0,7.735782693E0
6.717439200E1,-5.826812378E0,-1.462235145E0,7.755399517E0
6.718436900E1,-5.801536034E0,-1.459353199E0,7.774867821E0
6.719434500E1,-5.776354415E0,-1.457709547E0,7.793902262E0
6.720432200E1,-5.749709823E0,-1.458900186E0,7.813357118E0
6.721429900E1,-5.721209909E0,-1.462381764E0,7.833600764E0
6.722427500E1,-5.691473309E0,-1.467059829E0,7.854360133E0
6.723425200E1,-5.659952724E0,-1.472500517E0,7.876088387E0
6.724422800E1,-5.627271466E0,-1.477475328E0,7.898542864E0
6.725420500E1,-5.594562142E0,-1.480349527E0,7.921207842E0
6.726418200E1,-5.563194754E0,-1.479942561E0,7.943345400E0
6.727415800E1,-5.531920336E0,-1.477150515E0,7.965675332E0
6.728413500E1,-5.499242586E0,-1.472945636E0,7.989046653E0
6.729411100E1,-5.467899756E0,-1.466389153E0,8.011733850E0
6.730408800E1,-5.437250406E0,-1.459113171E0,8.033890119E0
6.731406500E1,-5.405055637E0,-1.452384633E0,8.056801264E0
6.732404100E1,-5.371606640E0,-1.446611970E0,8.080176678E0
6.733401800E1,-5.343378037E0,-1.442223488E0,8.099654338E0
6.734399400E1,-5.317987672E0,-1.438418705E0,8.117022908E0
6.735397100E1,-5.289961967E0,-1.436244418E0,8.135699499E0
6.736394800E1,-5.258788707E0,-1.434904090E0,8.156120315E0
6.737392400E1,-5.226377590E0,-1.433595775E0,8.177156258E0
6.738390100E1,-5.192881231E0,-1.433664480E0,8.198456495E0
6.739387700E1,-5.157962244E0,-1.433837850E0,8.220439687E0
6.740385400E1,-5.122058001E0,-1.432097426E0,8.243161967E0
6.741383100E1,-5.084210728E0,-1.426780699E0,8.267478198E0
6.742380700E1,-5.044921532E0,-1.419072169E0,8.292834064E0
6.743378400E1,-5.004190412E0,-1.413225976E0,8.318471766E0
6.744376000E1,-4.960355591E0,-1.408161118E0,8.345540866E0
6.745373700E1,-4.913586051E0,-1.401029269E0,8.374358869E0
6.746371400E1,-4.863157032E0,-1.393711625E0,8.404960856E0
6.747369000E1,-4.808309565E0,-1.387242266E0,8.437524000E0
6.748366700E1,-4.750762730E0,-1.381817365E0,8.470946685E0
6.749364300E1,-4.691705560E0,-1.375383235E0,8.504841240E0
6.750362000E1,-4.632895142E0,-1.367762705E0,8.538244044E0
6.751359600E1,-4.573652615E0,-1.360992799E0,8.571201875E0
6.752357300E1,-4.515056790E0,-1.354335452E0,8.603263328E0
6.753355000E1,-4.457999659E0,-1.347142207E0,8.634092188E0
6.754352600E1,-4.401931001E0,-1.339667273E0,8.663970875E0
6.755350300E1,-4.346609324E0,-1.331547975E0,8.693104627E0
6.756347900E1,-4.292231095E0,-1.322999492E0,8.721382931E0
6.757345600E1,-4.238345495E0,-1.312496723E0,8.749278828E0
6.758343300E1,-4.184984097E0,-1.301185285E0,8.776612807E0
6.759340900E1,-4.132242504E0,-1.289651359E0,8.803265001E0
6.760338600E1,-4.080807764E0,-1.277170478E0,8.829040112E0
6.761336200E1,-4.030271741E0,-1.265254583E0,8.853933463E0
6.762333900E1,-3.978964763E0,-1.252477247E0,8.878920954E0
6.763331600E1,-3.927507511E0,-1.238921501E0,8.903699116E0
6.764329200E1,-3.875864610E0,-1.225910423E0,8.928097208E0
6.765326900E1,-3.825112240E0,-1.212648938E0,8.951764982E0
6.766324500E1,-3.775356235E0,-1.199331904E0,8.974652739E0
6.767322150E1,-3.727273411E0,-1.185665865E0,8.996540036E0
6.768319850E1,-3.680083750E0,-1.171663172E0,9.017776539E0
6.769317450E1,-3.631736047E0,-1.158183001E0,9.039093148E0
6.770315150E1,-3.584992236E0,-1.143336263E0,9.059619799E0
6.771312750E1,-3.540615377E0,-1.128658801E0,9.078891637E0
6.772310450E1,-3.496858324E0,-1.115579749E0,9.097448360E0
6.773308150E1,-3.455098094E0,-1.103575781E0,9.114851428E0
6.774305750E1,-3.415329719E0,-1.092985377E0,9.131100841E0
6.775303450E1,-3.376352764E0,-1.082219191E0,9.146865519E0
6.776301050E1,-3.337045442E0,-1.071249376E0,9.162568216E0
6.777298750E1,-3.298790910E0,-1.060030031E0,9.177713090E0
6.778296450E1,-3.262623835E0,-1.048347587E0,9.191972110E0
6.779294050E1,-3.224586528E0,-1.036892233E0,9.206681950E0
6.780291750E1,-3.185261956E0,-1.025056811E0,9.221684736E0
6.781289350E1,-3.145883590E0,-1.012913314E0,9.236531986E0
6.782287050E1,-3.103776328E0,-1.000085034E0,9.252162178E0
6.783284750E1,-3.059010630E0,-9.860957169E-1,9.268558356E0
6.784282350E1,-3.011993753E0,-9.743689797E-1,9.285181990E0
6.785280050E1,-2.962205589E0,-9.627254923E-1,9.302397362E0
6.786277650E1,-2.911193310E0,-9.502802054E-1,9.319765347E0
6.787275350E1,-2.858685898E0,-9.368119481E-1,9.337365466E0
6.788273050E1,-2.806024120E0,-9.223104879E-1,9.354767364E0
6.789270650E1,-2.752461578E0,-9.078427953E-1,9.372079800E0
6.790268350E1,-2.699374707E0,-8.925518147E-1,9.388973576E0
6.791265950E1,-2.648056912E0,-8.765732016E-1,9.405079147E0
6.792263650E1,-2.596195909E0,-8.607333136E-1,9.420987666E0
6.793261350E1,-2.543928818E0,-8.447963619E-1,9.436675746E0
6.794258950E1,-2.491512915E0,-8.292611870E-1,9.452025856E0
6.795256650E1,-2.439201093E0,-8.147262514E-1,9.466922223E0
6.796254250E1,-2.386872460E0,-8.010711025E-1,9.481414547E0
6.797251950E1,-2.335212894E0,-7.875673234E-1,9.495399917E0
6.798249650E1,-2.285164529E0,-7.733178051E-1,9.508738001E0
6.799247250E1,-2.234456890E0,-7.591402806E-1,9.521922303E0
6.800244950E1,-2.182934003E0,-7.454491713E-1,9.534946391E0
6.801242550E1,-2.132783019E0,-7.314022589E-1,9.547375817E0
6.802240250E1,-2.084141932E0,-7.167380268E-1,9.559222861E0
6.803237950E1,-2.036288173E0,-7.019470563E-1,9.570627270E0
6.804235550E1,-1.988150824E0,-6.873125719E-1,9.581803638E0
6.805233250E1,-1.939958804E0,-6.735059801E-1,9.592656071E0
6.806230850E1,-1.892116739E0,-6.604605496E-1,9.603113231E0
6.807228550E1,-1.844650504E0,-6.476949815E-1,9.613212542E0
6.808226250E1,-1.798195545E0,-6.354980551E-1,9.622823610E0
6.809223850E1,-1.752090835E0,-6.234899206E-1,9.632109573E0
6.810221550E1,-1.705852807E0,-6.114975006E-1,9.641173927E0
6.811219150E1,-1.660963879E0,-6.002396736E-1,9.649715540E0
6.812216850E1,-1.618098526E0,-5.898125166E-1,9.657638517E0
6.813214550E1,-1.577487420E0,-5.798372033E-1,9.664958646E0
6.814212150E1,-1.537769916E0,-5.695082796E-1,9.671971212E0
6.815209850E1,-1.497249881E0,-5.588030144E-1,9.678950449E0
6.816207450E1,-1.457635433E0,-5.486537464E-1,9.685575929E0
6.817205150E1,-1.419334563E0,-5.391793201E-1,9.691794443E0
6.818202850E1,-1.382836681E0,-5.290329026E-1,9.697627625E0
6.819200450E1,-1.347570369E0,-5.178602257E-1,9.703194174E0
6.820198150E1,-1.312139166E0,-5.065949435E-1,9.708643194E0
6.821195750E1,-1.276972842E0,-4.961076333E-1,9.713872359E0
6.822193450E1,-1.241845840E0,-4.853152081E-1,9.718970547E0
6.823191150E1,-1.206563741E0,-4.742021362E-1,9.723961730E0
6.824188750E1,-1.170675212E0,-4.633245975E-1,9.728872222E0
6.825186450E1,-1.133732723E0,-4.532045290E-1,9.733722487E0
6.826184050E1,-1.096911417E0,-4.438495321E-1,9.738371608E0
6.827181750E1,-1.061359250E0,-4.351570613E-1,9.742702641E0
6.828179450E1,-1.026349850E0,-4.271492629E-1,9.746807386E0
6.829177050E1,-9.914868497E-1,-4.198464926E-1,9.750732622E0
6.830174750E1,-9.553351233E-1,-4.122377667E-1,9.754665459E0
6.831172350E1,-9.188615077E-1,-4.049012287E-1,9.758475505E0
6.832170050E1,-8.826299668E-1,-3.983462441E-1,9.762089084E0
6.833167750E1,-8.451843978E-1,-3.921100424E-1,9.765654716E0
6.834165350E1,-8.090437080E-1,-3.853654253E-1,9.768983536E0
6.835163050E1,-7.734976801E-1,-3.783865907E-1,9.772135186E0
6.836160650E1,-7.377920231E-1,-3.719911255E-1,9.775141239E0
6.837158350E1,-7.029848640E-1,-3.657014949E-1,9.777943225E0
6.838156050E1,-6.682038711E-1,-3.597500161E-1,9.780602539E0
6.839153650E1,-6.358517385E-1,-3.541416592E-1,9.782963644E0
6.840151350E1,-6.040034898E-1,-3.489805047E-1,9.785166875E0
6.841148950E1,-5.704901367E-1,-3.440553218E-1,9.787352564E0
6.842146650E1,-5.387548488E-1,-3.392424056E-1,9.789318398E0
6.843144250E1,-5.080015277E-1,-3.359653701E-1,9.791075487E0
6.844141950E1,-4.797617785E-1,-3.336871852E-1,9.792577636E0
6.845139650E1,-4.536834159E-1,-3.310955896E-1,9.793908463E0
6.846137250E1,-4.272062002E-1,-3.280488614E-1,9.795201867E0
6.847134950E1,-4.019730892E-1,-3.254172123E-1,9.796357276E0
6.848132650E1,-3.771994598E-1,-3.240225783E-1,9.797388725E0
6.849130250E1,-3.544331064E-1,-3.230257377E-1,9.798271655E0
6.850127950E1,-3.349552270E-1,-3.217621178E-1,9.798998464E0
6.851125550E1,-3.156958143E-1,-3.208639124E-1,9.799667385E0
6.852123250E1,-2.980500138E-1,-3.199429028E-1,9.800250353E0
6.853120950E1,-2.826474793E-1,-3.194320755E-1,9.800723392E0
6.854118550E1,-2.691053644E-1,-3.194394210E-1,9.801104046E0
6.855116250E1,-2.573078577E-1,-3.196349373E-1,9.801414533E0
6.856113850E1,-2.442648026E-1,-3.194769163E-1,9.801753087E0
6.857111550E1,-2.315920591E-1,-3.187662238E-1,9.802084039E0
6.858109250E1,-2.204434836E-1,-3.191474622E-1,9.802329038E0
6.859106850E1,-2.096855935E-1,-3.207841710E-1,9.802511471E0
6.860104550E1,-2.016291902E-1,-3.225613591E-1,9.802621983E0
6.861102150E1,-1.937115303E-1,-3.246057650E-1,9.802714369E0
6.862099850E1,-1.846758645E-1,-3.269306545E-1,9.802811433E0
6.863097550E1,-1.777161978E-1,-3.296713541E-1,9.802848271E0
6.864095150E1,-1.713273472E-1,-3.331542481E-1,9.802844177E0
6.865092850E1,-1.668577173E-1,-3.363394092E-1,9.802812603E0
6.866090450E1,-1.620691766E-1,-3.391179330E-1,9.802797400E0
6.867088150E1,-1.548187571E-1,-3.416786845E-1,9.802825466E0
6.868085817E1,-1.485275733E-1,-3.442563564E-1,9.802832483E0
6.869083417E1,-1.396333005E-1,-3.481460339E-1,9.802826051E0
6.870081117E1,-1.295206872E-1,-3.530024023E-1,9.802790968E0
6.871078717E1,-1.212472334E-1,-3.575499281E-1,9.802731911E0
6.872076417E1,-1.128554648E-1,-3.624972207E-1,9.802650635E0
6.873074117E1,-1.062921662E-1,-3.678931044E-1,9.802523165E0
6.874071717E1,-9.886338836E-2,-3.740706878E-1,9.802367045E0
6.875069417E1,-8.988195548E-2,-3.802136264E-1,9.802216771E0
6.876067017E1,-8.278699882E-2,-3.855418651E-1,9.802071176E0
6.877064717E1,-7.658845687E-2,-3.918207880E-1,9.801872955E0
6.878062417E1,-7.117902865E-2,-3.991718709E-1,9.801616847E0
6.879060017E1,-6.580555624E-2,-4.062350882E-1,9.801364247E0
6.880057717E1,-5.994017767E-2,-4.131832615E-1,9.801111647E0
6.881055317E1,-5.620763497E-2,-4.207332228E-1,9.800812270E0
6.882053017E1,-5.300844513E-2,-4.294865412E-1,9.800450327E0
6.883050717E1,-5.075213252E-2,-4.375798551E-1,9.800104757E0
6.884048317E1,-5.187281992E-2,-4.451965844E-1,9.799755678E0
6.885046017E1,-5.280000103E-2,-4.540579667E-1,9.799344034E0
6.886043617E1,-5.427109196E-2,-4.633499598E-1,9.798900815E0
6.887041317E1,-5.774744896E-2,-4.716580492E-1,9.798484493E0
6.888039017E1,-6.298412851E-2,-4.793754237E-1,9.798078112E0
6.889036617E1,-7.000675784E-2,-4.872988395E-1,9.797639571E0
6.890034317E1,-7.629383943E-2,-4.955022272E-1,9.797181149E0
6.891031917E1,-8.390333279E-2,-5.029708027E-1,9.796738515E0
6.892029617E1,-9.552707674E-2,-5.104931725E-1,9.796242671E0
6.893027317E1,-1.066706729E-1,-5.190707090E-1,9.795676661E0
6.894024917E1,-1.177353134E-1,-5.269317422E-1,9.795130531E0
6.895022617E1,-1.304378778E-1,-5.341873694E-1,9.794576799E0
6.896020217E1,-1.434417839E-1,-5.426641510E-1,9.793928928E0
6.897017917E1,-1.584494760E-1,-5.522649137E-1,9.793160604E0
6.898015617E1,-1.734106553E-1,-5.624847868E-1,9.792325621E0
6.899013217E1,-1.896483915E-1,-5.724236282E-1,9.791448539E0
6.900010917E1,-2.086195365E-1,-5.824156792E-1,9.790473223E0
6.901008517E1,-2.269505758E-1,-5.934112586E-1,9.789405522E0
6.902006217E1,-2.475071568E-1,-6.037261856E-1,9.788276424E0
6.903003917E1,-2.696284892E-1,-6.133569152E-1,9.787092948E0
6.904001517E1,-2.917915379E-1,-6.231147487E-1,9.785841059E0
6.904999217E1,-3.155239793E-1,-6.323404855E-1,9.784512572E0
6.905996817E1,-3.400314508E-1,-6.408603173E-1,9.783137307E0
6.906994517E1,-3.658152233E-1,-6.489165379E-1,9.781676087E0
6.907992217E1,-3.911307434E-1,-6.575542641E-1,9.780119559E0
6.908989817E1,-4.159094892E-1,-6.664394738E-1,9.778495787E0
6.909987517E1,-4.427370263E-1,-6.745727315E-1,9.776759748E0
6.910985117E1,-4.694615792E-1,-6.823591031E-1,9.774972839E0
6.911982817E1,-4.962937940E-1,-6.906197570E-1,9.773066647E0
6.912980517E1,-5.255609722E-1,-6.993380287E-1,9.770916626E0
6.913978117E1,-5.555972419E-1,-7.077240323E-1,9.768650830E0
6.914975817E1,-5.863830881E-1,-7.154467423E-1,9.766288555E0
6.915973517E1,-6.172725762E-1,-7.235761262E-1,9.763785946E0
6.916971117E1,-6.478701787E-1,-7.320260107E-1,9.761173410E0
6.917968817E1,-6.804463327E-1,-7.398461500E-1,9.758366747E0
6.918966417E1,-7.138130303E-1,-7.477987287E-1,9.755376481E0
6.919964117E1,-7.477571404E-1,-7.561149312E-1,9.752192087E0
6.920961817E1,-7.833943118E-1,-7.636156663E-1,9.748809473E0
6.921959417E1,-8.190990917E-1,-7.701113382E-1,9.745363124E0
6.922957117E1,-8.559630089E-1,-7.764478927E-1,9.741691657E0
6.923954717E1,-8.950211670E-1,-7.826642869E-1,9.737683391E0
6.924952417E1,-9.360310525E-1,-7.892009624E-1,9.733299149E0
6.925950117E1,-9.811408594E-1,-7.950956136E-1,9.728375208E0
6.926947717E1,-1.029886684E0,-8.002891105E-1,9.722909816E0
6.927945417E1,-1.079745381E0,-8.058400916E-1,9.717040381E0
6.928943017E1,-1.134275052E0,-8.099738538E-1,9.710482144E0
6.929940717E1,-1.193766817E0,-8.107334071E-1,9.703284806E0
6.930938417E1,-1.259550478E0,-8.038089151E-1,9.695541338E0
6.931936017E1,-1.329969227E0,-7.891827630E-1,9.687335941E0
6.932933717E1,-1.396315390E0,-7.753022770E-1,9.679117094E0
6.933931317E1,-1.461107071E0,-7.622583083E-1,9.670586007E0
6.934929017E1,-1.522216030E0,-7.529913486E-1,9.661881841E0
6.935926717E1,-1.576762219E0,-7.508161844E-1,9.653299883E0
6.936924317E1,-1.630064853E0,-7.514588664E-1,9.644392235E0
6.937922017E1,-1.682494935E0,-7.550584855E-1,9.635102178E0
6.938919617E1,-1.736273531E0,-7.612020819E-1,9.625073034E0
6.939917317E1,-1.792083305E0,-7.689646261E-1,9.614220017E0
6.940915017E1,-1.849218057E0,-7.776638212E-1,9.602693986E0
6.941912617E1,-1.908633369E0,-7.858237568E-1,9.590396122E0
6.942910317E1,-1.967009047E0,-7.936326402E-1,9.577949739E0
6.943908017E1,-2.024949691E0,-8.015472121E-1,9.565208071E0
6.944905617E1,-2.083794315E0,-8.111233433E-1,9.551752458E0
6.945903317E1,-2.143463251E0,-8.221217367E-1,9.537598103E0
6.946900917E1,-2.205336148E0,-8.311564889E-1,9.522697644E0
6.947898617E1,-2.268245610E0,-8.379633788E-1,9.507311865E0
6.948896317E1,-2.330334416E0,-8.446110052E-1,9.491695122E0
6.949893917E1,-2.393114216E0,-8.514257158E-1,9.475451556E0
6.950891617E1,-2.457704899E0,-8.582494895E-1,9.458287055E0
6.951889217E1,-2.526737419E0,-8.646599382E-1,9.439494689E0
6.952886917E1,-2.598828034E0,-8.712295043E-1,9.419296651E0
6.953884617E1,-2.669370013E0,-8.773358978E-1,9.398981085E0
6.954882217E1,-2.740218678E0,-8.814884441E-1,9.378180785E0
6.955879917E1,-2.813224089E0,-8.869728401E-1,9.356022177E0
6.956877517E1,-2.887662068E0,-8.957075570E-1,9.332481871E0
6.957875217E1,-2.962948478E0,-9.037429469E-1,9.308076178E0
6.958872917E1,-3.037581461E0,-9.097391935E-1,9.283403267E0
6.959870517E1,-3.111485005E0,-9.144323149E-1,9.258432732E0
6.960868217E1,-3.184417033E0,-9.199599072E-1,9.233052893E0
6.961865817E1,-3.257255506E0,-9.265149283E-1,9.206951507E0
6.962863517E1,-3.332160385E0,-9.316699798E-1,9.179585953E0
6.963861217E1,-3.407228986E0,-9.362402366E-1,9.151521657E0
6.964858817E1,-3.479239786E0,-9.408592446E-1,9.123912274E0
6.965856517E1,-3.549888769E0,-9.453412085E-1,9.096192378E0
6.966854117E1,-3.620386017E0,-9.494152560E-1,9.067939217E0
6.967851854E1,-3.690706679E0,-9.535094033E-1,9.039115368E0
6.968849554E1,-3.757716647E0,-9.579860316E-1,9.010989676E0
6.969847154E1,-3.823531153E0,-9.621648905E-1,8.982814282E0
6.970844854E1,-3.890633507E0,-9.656156248E-1,8.953583466E0
6.971842454E1,-3.957502850E0,-9.703235836E-1,8.923718228E0
6.972840154E1,-4.023256837E0,-9.757527233E-1,8.893672310E0
6.973837854E1,-4.090325862E0,-9.799822336E-1,8.862559860E0
6.974835454E1,-4.157971715E0,-9.829893836E-1,8.830690781E0
6.975833154E1,-4.226095870E0,-9.867641267E-1,8.797869775E0
6.976830854E1,-4.292688055E0,-9.914833414E-1,8.765038244E0
6.977828454E1,-4.360343849E0,-9.955953227E-1,8.731110359E0
6.978826154E1,-4.430825602E0,-9.984465712E-1,8.695227751E0
6.979823754E1,-4.498846554E0,-1.000624294E0,8.659978396E0
6.980821454E1,-4.565561822E0,-1.002789956E0,8.624741321E0
6.981819154E1,-4.632587286E0,-1.004717856E0,8.588700837E0
6.982816754E1,-4.702232010E0,-1.007114849E0,8.550487529E0
6.983814454E1,-4.773111081E0,-1.009778914E0,8.510807739E0
6.984812054E1,-4.843255449E0,-1.011404001E0,8.470893475E0
6.985809754E1,-4.912801940E0,-1.011747964E0,8.430708486E0
6.986807454E1,-4.982470345E0,-1.011282160E0,8.389779146E0
6.987805054E1,-5.049819744E0,-1.011861326E0,8.349344480E0
6.988802754E1,-5.115423750E0,-1.012285688E0,8.309261232E0
6.989800354E1,-5.181866246E0,-1.010766582E0,8.268175187E0
6.990798054E1,-5.248287692E0,-1.008136431E0,8.226496233E0
6.991795754E1,-5.312001293E0,-1.005467689E0,8.185828264E0
6.992793354E1,-5.372750355E0,-1.001818734E0,8.146533805E0
6.993791054E1,-5.433942636E0,-9.966830510E-1,8.106478624E0
6.994788654E1,-5.495458269E0,-9.919094572E-1,8.065491396E0
6.995786354E1,-5.554902232E0,-9.874218654E-1,8.025219868E0
6.996784054E1,-5.611975150E0,-9.819432436E-1,7.986089131E0
6.997781654E1,-5.666464183E0,-9.755491671E-1,7.948306763E0
6.998779354E1,-5.718855820E0,-9.689574547E-1,7.911504972E0
6.999777054E1,-5.770221856E0,-9.621232291E-1,7.874958120E0
7.000774654E1,-5.820748816E0,-9.535216825E-1,7.838735788E0
7.001772354E1,-5.870084698E0,-9.427648522E-1,7.803166006E0
7.002769954E1,-5.916294073E0,-9.312871333E-1,7.769573168E0
7.003767654E1,-5.959692693E0,-9.184827543E-1,7.737864302E0
7.004765354E1,-6.003898228E0,-9.010940851E-1,7.705669532E0
7.005762954E1,-6.050510477E0,-8.752127738E-1,7.672119963E0
7.006760654E1,-6.095787222E0,-8.505728263E-1,7.638979699E0
7.007758254E1,-6.138704031E0,-8.273685895E-1,7.607093663E0
7.008755954E1,-6.179183720E0,-8.071253827E-1,7.576433203E0
7.009753654E1,-6.219201479E0,-7.928477977E-1,7.545132473E0
7.010751254E1,-6.258320521E0,-7.812002903E-1,7.513936992E0
7.011748954E1,-6.295475484E0,-7.701834051E-1,7.483976444E0
7.012746654E1,-6.331198463E0,-7.588368832E-1,7.454944434E0
7.013744254E1,-6.365023436E0,-7.486122957E-1,7.427122797E0
7.014741954E1,-6.397353861E0,-7.398757515E-1,7.400171810E0
7.015739554E1,-6.429129385E0,-7.317044138E-1,7.373398579E0
7.016737254E1,-6.460642369E0,-7.226175483E-1,7.346701362E0
7.017734954E1,-6.491385275E0,-7.124183232E-1,7.320552029E0
7.018732554E1,-6.519570023E0,-7.023807004E-1,7.296435773E0
7.019730254E1,-6.544527109E0,-6.925535043E-1,7.275000465E0
7.020727854E1,-6.567924743E0,-6.823797145E-1,7.254848036E0
7.021725554E1,-6.589653581E0,-6.728655638E-1,7.236007723E0
7.022723254E1,-6.608574001E0,-6.637026845E-1,7.219581724E0
7.023720854E1,-6.625188864E0,-6.537601521E-1,7.205246106E0
7.024718554E1,-6.640669368E0,-6.436159638E-1,7.191895743E0
7.025716154E1,-6.655289746E0,-6.343538281E-1,7.179192667E0
7.026713854E1,-6.668354180E0,-6.259774724E-1,7.167796444E0
7.027711554E1,-6.680180758E0,-6.163328556E-1,7.157612933E0
7.028709154E1,-6.690998692E0,-6.048113192E-1,7.148485429E0
7.029706854E1,-6.698570836E0,-5.926611705E-1,7.142409003E0
7.030704554E1,-6.702837549E0,-5.797904256E-1,7.139461421E0
7.031702154E1,-6.706041824E0,-5.658294673E-1,7.137572186E0
7.032699854E1,-6.708558465E0,-5.516119990E-1,7.136320297E0
7.033697454E1,-6.709099333E0,-5.377179913E-1,7.136872274E0
7.034695154E1,-6.706804885E0,-5.249811476E-1,7.139975976E0
7.035692854E1,-6.704084176E0,-5.129689567E-1,7.143404199E0
7.036690454E1,-6.701866912E0,-5.016270394E-1,7.146289800E0
7.037688154E1,-6.698516457E0,-4.903240061E-1,7.150213866E0
7.038685754E1,-6.694160866E0,-4.771906116E-1,7.155179322E0
7.039683454E1,-6.689779547E0,-4.620241036E-1,7.160271077E0
7.040681154E1,-6.684680191E0,-4.464471942E-1,7.166019475E0
7.041678754E1,-6.678830051E0,-4.315292295E-1,7.172385339E0
7.042676454E1,-6.672940736E0,-4.172103485E-1,7.178711441E0
7.043674054E1,-6.668468201E0,-4.026529742E-1,7.183696777E0
7.044671754E1,-6.663959997E0,-3.881466169E-1,7.188676851E0
7.045669454E1,-6.657430996E0,-3.745841464E-1,7.195443249E0
7.046667054E1,-6.648713382E0,-3.616340621E-1,7.204160863E0
7.047664754E1,-6.639363685E0,-3.481115719E-1,7.213443317E0
7.048662454E1,-6.628947455E0,-3.339723101E-1,7.223684716E0
7.049660054E1,-6.616139129E0,-3.184626437E-1,7.236116481E0
7.050657754E1,-6.600968528E0,-3.015052249E-1,7.250683064E0
7.051655354E1,-6.583641474E0,-2.841668783E-1,7.267119003E0
7.052653054E1,-6.563708900E0,-2.670299135E-1,7.285775129E0
7.053650754E1,-6.540901836E0,-2.505369464E-1,7.306842062E0
7.054648354E1,-6.515414407E0,-2.337195137E-1,7.330133277E0
7.055646054E1,-6.488457574E0,-2.162656480E-1,7.354539555E0
7.056643654E1,-6.459850656E0,-1.992240294E-1,7.380158545E0
7.057641354E1,-6.429540444E0,-1.831423956E-1,7.406994342E0
7.058639054E1,-6.398549616E0,-1.674997781E-1,7.434151150E0
7.059636654E1,-6.367482775E0,-1.512424538E-1,7.461124941E0
7.060634354E1,-6.337543861E0,-1.345134876E-1,7.486891281E0
7.061632054E1,-6.308963256E0,-1.190949098E-1,7.511251366E0
7.062629654E1,-6.281008303E0,-1.047638868E-1,7.534856576E0
7.063627354E1,-6.252025993E0,-8.988255847E-2,7.559113165E0
7.064624954E1,-6.221388922E0,-7.378921201E-2,7.584522825E0
7.065622654E1,-6.189644389E0,-5.679537607E-2,7.610596730E0
7.066620354E1,-6.157213392E0,-4.018317602E-2,7.636964164E0
7.067617929E1,-6.124026350E0,-2.433408329E-2,7.663668398E0
7.068615629E1,-6.089556429E0,-8.611749520E-3,7.691120490E0
7.069613229E1,-6.052714292E0,7.292187122E-3,7.720148408E0
7.070610929E1,-6.014108636E0,2.448489349E-2,7.750225316E0
7.071608629E1,-5.975031109E0,4.229940214E-2,7.780316257E0
7.072606229E1,-5.935409791E0,5.964852952E-2,7.810471517E0
7.073603929E1,-5.894648851E0,7.694603238E-2,7.841128469E0
7.074601629E1,-5.851852494E0,9.461535878E-2,7.872926213E0
7.075599229E1,-5.807934058E0,1.135471813E-1,7.905132092E0
7.076596929E1,-5.763066618E0,1.331334077E-1,7.937596418E0
7.077594529E1,-5.716247962E0,1.520442715E-1,7.971040737E0
7.078592229E1,-5.667890319E0,1.697639845E-1,8.005141699E0
7.079589929E1,-5.618631036E0,1.858431332E-1,8.039436788E0
7.080587529E1,-5.568725635E0,2.009569796E-1,8.073723691E0
7.081585229E1,-5.518035538E0,2.157315414E-1,8.108072575E0
7.082582829E1,-5.466182429E0,2.302036742E-1,8.142724344E0
7.083580529E1,-5.412435992E0,2.452264321E-1,8.178111109E0
7.084578229E1,-5.357288563E0,2.607212977E-1,8.213865078E0
7.085575829E1,-5.301972733E0,2.754630968E-1,8.249200387E0
7.086573529E1,-5.247076734E0,2.892021898E-1,8.283758016E0
7.087571229E1,-5.192376616E0,3.027149225E-1,8.317673036E0
7.088568829E1,-5.136612890E0,3.156866415E-1,8.351745347E0
7.089566529E1,-5.078455898E0,3.281900716E-1,8.386756135E0
7.090564129E1,-5.019207816E0,3.405642417E-1,8.421856971E0
7.091561829E1,-4.961133270E0,3.531005990E-1,8.455683113E0
7.092559529E1,-4.904043396E0,3.657842696E-1,8.488383667E0
7.093557129E1,-4.846544800E0,3.778292780E-1,8.520818757E0
7.094554829E1,-4.787430912E0,3.892084347E-1,8.553661398E0
7.095552429E1,-4.727220086E0,4.011222828E-1,8.586535614E0
7.096550129E1,-4.667108370E0,4.131360817E-1,8.618788855E0
7.097547829E1,-4.607571436E0,4.246433656E-1,8.650205945E0
7.098545429E1,-4.548196177E0,4.358438899E-1,8.681016678E0
7.099543129E1,-4.488142348E0,4.468628216E-1,8.711658427E0
7.100540829E1,-4.427161151E0,4.582962844E-1,8.742214222E0
7.101538429E1,-4.366338122E0,4.688771500E-1,8.772191727E0
7.102536129E1,-4.305487610E0,4.783391144E-1,8.801708472E0
7.103533729E1,-4.244937061E0,4.883331754E-1,8.830523551E0
7.104531429E1,-4.184401715E0,4.976970527E-1,8.858847463E0
7.105529129E1,-4.122991332E0,5.065749533E-1,8.887093023E0
7.106526729E1,-4.061147671E0,5.157569822E-1,8.914997106E0
7.107524429E1,-3.998571939E0,5.252432856E-1,8.942686595E0
7.108522029E1,-3.934987269E0,5.346789375E-1,8.970289546E0
7.109519729E1,-3.871912769E0,5.435042132E-1,8.997165688E0
7.110517429E1,-3.810113547E0,5.511826306E-1,9.023044295E0
7.111515029E1,-3.748834434E0,5.580736108E-1,9.048253981E0
7.112512729E1,-3.686537614E0,5.641984961E-1,9.073435015E0
7.113510429E1,-3.623102633E0,5.713415644E-1,9.098505537E0
7.114508029E1,-3.560357332E0,5.793006482E-1,9.122739322E0
7.115505729E1,-3.498333869E0,5.859107062E-1,9.146281967E0
7.116503329E1,-3.436266552E0,5.909607271E-1,9.169456821E0
7.117501029E1,-3.374550652E0,5.953254908E-1,9.192066835E0
7.118498729E1,-3.313711250E0,5.996646365E-1,9.213892736E0
7.119496329E1,-3.251358297E0,6.041901621E-1,9.235784712E0
7.120494029E1,-3.187150022E0,6.086342287E-1,9.257847426E0
7.121491729E1,-3.123535531E0,6.129332844E-1,9.279220753E0
7.122489329E1,-3.062795240E0,6.157168514E-1,9.299262085E0
7.123487029E1,-3.001886256E0,6.166213426E-1,9.319042631E0
7.124484629E1,-2.940601004E0,6.176647782E-1,9.338493394E0
7.125482329E1,-2.880178509E0,6.198351916E-1,9.357161799E0
7.126480029E1,-2.819975577E0,6.220612266E-1,9.375333776E0
7.127477629E1,-2.758308794E0,6.225237413E-1,9.393630883E0
7.128475329E1,-2.695323172E0,6.226686792E-1,9.411887060E0
7.129472929E1,-2.634933421E0,6.232545702E-1,9.428933448E0
7.130470629E1,-2.577887108E0,6.225343394E-1,9.444736717E0
7.131468329E1,-2.521312665E0,6.204977542E-1,9.460130097E0
7.132465929E1,-2.462915645E0,6.195304786E-1,9.475564992E0
7.133463629E1,-2.402886375E0,6.195607379E-1,9.490963050E0
7.134461329E1,-2.341903717E0,6.177096556E-1,9.506314915E0
7.135458929E1,-2.280523886E0,6.145750364E-1,9.521428798E0
7.136456629E1,-2.221193212E0,6.128292405E-1,9.535556840E0
7.137454229E1,-2.163583958E0,6.120650094E-1,9.548841714E0
7.138451929E1,-2.103703061E0,6.099143304E-1,9.562349952E0
7.139449629E1,-2.042557119E0,6.059903371E-1,9.575846495E0
7.140447229E1,-1.982378307E0,6.015663337E-1,9.588764164E0
7.141444929E1,-1.922473875E0,5.974345084E-1,9.601211717E0
7.142442529E1,-1.862038808E0,5.922809553E-1,9.613434151E0
7.143440229E1,-1.800891112E0,5.855719697E-1,9.625487017E0
7.144437929E1,-1.740779688E0,5.793230138E-1,9.636917154E0
7.145435529E1,-1.681899835E0,5.737016468E-1,9.647703513E0
7.146433229E1,-1.623013110E0,5.667999955E-1,9.658191664E0
7.147430929E1,-1.565194526E0,5.587820741E-1,9.668196834E0
7.148428529E1,-1.509261816E0,5.510951051E-1,9.677526652E0
7.149426229E1,-1.452912052E0,5.437701884E-1,9.686560600E0
7.150423829E1,-1.395276048E0,5.353608691E-1,9.695498654E0
7.151421529E1,-1.339263522E0,5.248671269E-1,9.703967761E0
7.152419229E1,-1.286934889E0,5.135067178E-1,9.711653341E0
7.153416829E1,-1.236547678E0,5.018351638E-1,9.718806825E0
7.154414529E1,-1.185036266E0,4.894525883E-1,9.725853304E0
7.155412229E1,-1.132507877E0,4.771575748E-1,9.732720274E0
7.156409829E1,-1.081801115E0,4.649913098E-1,9.739075613E0
7.157407529E1,-1.032869057E0,4.518619717E-1,9.745004105E0
7.158405129E1,-9.845186497E-1,4.379324422E-1,9.750643160E0
7.159402829E1,-9.366688375E-1,4.243795831E-1,9.755954770E0
7.160400529E1,-8.886892902E-1,4.117004076E-1,9.760985130E0
7.161398129E1,-8.405772304E-1,3.987225855E-1,9.765784525E0
7.162395829E1,-7.931862784E-1,3.840189943E-1,9.770337167E0
7.163393429E1,-7.476557643E-1,3.678602139E-1,9.774548331E0
7.164391129E1,-7.044404552E-1,3.520234688E-1,9.778340251E0
7.165388829E1,-6.598976089E-1,3.364273367E-1,9.781996515E0
7.166386429E1,-6.124732913E-1,3.211961804E-1,9.785591968E0
7.167384129E1,-5.650183854E-1,3.056113590E-1,9.788945346E0
7.168381800E1,-5.197152914E-1,2.886757394E-1,9.791969526E0
7.169379400E1,-4.768126622E-1,2.708341851E-1,9.794661584E0
7.170377100E1,-4.342949625E-1,2.530367042E-1,9.797115076E0
7.171374700E1,-3.914449582E-1,2.356430466E-1,9.799353974E0
7.172372400E1,-3.485057108E-1,2.185051133E-1,9.801372433E0
7.173370100E1,-3.063611365E-1,2.004095523E-1,9.803166944E0
7.174367700E1,-2.649165653E-1,1.812769876E-1,9.804746861E0
7.175365400E1,-2.244635175E-1,1.621990030E-1,9.806090552E0
7.176363100E1,-1.838311976E-1,1.427631688E-1,9.807238360E0
7.177360700E1,-1.432576971E-1,1.234075877E-1,9.808177423E0
7.178358400E1,-1.034491586E-1,1.034564037E-1,9.808908910E0
7.179356000E1,-6.524394488E-2,8.209044926E-2,9.809439837E0
7.180353700E1,-2.817249486E-2,5.966329374E-2,9.809778391E0
7.181351400E1,9.642164820E-3,3.721804154E-2,9.809924571E0
7.182349000E1,4.877700702E-2,1.538306964E-2,9.809866683E0
7.183346700E1,8.847155225E-2,-6.695459921E-3,9.809598881E0
7.184344400E1,1.259683301E-1,-3.019056998E-2,9.809144552E0
7.185342000E1,1.611865394E-1,-5.457155205E-2,9.808524163E0
7.186339700E1,1.949232013E-1,-7.858261323E-2,9.807748237E0
7.187337300E1,2.291357534E-1,-1.021739722E-1,9.806791633E0
7.188335000E1,2.643412907E-1,-1.262144339E-1,9.805625698E0
7.189332700E1,2.989602974E-1,-1.510184872E-1,9.804280254E0
7.190330300E1,3.310780845E-1,-1.768392799E-1,9.802816696E0
7.191328000E1,3.601022012E-1,-2.035151548E-1,9.801275954E0
7.192325600E1,3.873314054E-1,-2.299711012E-1,9.799652182E0
7.193323300E1,4.152586576E-1,-2.557680665E-1,9.797869366E0
7.194321000E1,4.423963894E-1,-2.815298023E-1,9.795974869E0
7.195318600E1,4.676769724E-1,-3.088709807E-1,9.793976290E0
7.196316300E1,4.908592822E-1,-3.376685544E-1,9.791891173E0
7.197314000E1,5.118299922E-1,-3.660750955E-1,9.789796700E0
7.198311600E1,5.320782787E-1,-3.939983642E-1,9.787632646E0
7.199309300E1,5.513144488E-1,-4.221011790E-1,9.785396671E0
7.200306900E1,5.697868628E-1,-4.511784322E-1,9.783040243E0
7.201304600E1,5.876935588E-1,-4.810191126E-1,9.780559269E0
7.202302300E1,6.043317378E-1,-5.104211421E-1,9.778054907E0
7.203299900E1,6.212782844E-1,-5.394299464E-1,9.775434769E0
7.204297600E1,6.382975557E-1,-5.683089060E-1,9.772701781E0
7.205295300E1,6.533762824E-1,-5.970783399E-1,9.769989842E0
7.206292900E1,6.655335939E-1,-6.266129185E-1,9.767318834E0
7.207290600E1,6.749248800E-1,-6.572016039E-1,9.764664198E0
7.208288200E1,6.833826582E-1,-6.879001439E-1,9.761961030E0
7.209285900E1,6.913964134E-1,-7.178919017E-1,9.759236813E0
7.210283600E1,6.980108569E-1,-7.474352512E-1,9.756547678E0
7.211281200E1,7.015073457E-1,-7.773265100E-1,9.753960870E0
7.212278900E1,6.994336306E-1,-8.073066464E-1,9.751674024E0
7.213276600E1,6.835681611E-1,-8.346711040E-1,9.750495225E0
7.214274200E1,6.630795175E-1,-8.601118277E-1,9.749699419E0
7.215271900E1,6.531100879E-1,-8.868194237E-1,9.747979168E0
7.216269500E1,6.508105242E-1,-9.151026251E-1,9.745518660E0
7.217267200E1,6.493399494E-1,-9.444941662E-1,9.742811984E0
7.218264900E1,6.467616197E-1,-9.747104571E-1,9.740007074E0
7.219262500E1,6.439626306E-1,-1.004907087E0,9.737123228E0
7.220260200E1,6.412816823E-1,-1.034659693E0,9.734183832E0
7.221257900E1,6.383691841E-1,-1.064303688E0,9.731178948E0
7.222255500E1,6.341556074E-1,-1.093865822E0,9.728175818E0
7.223253200E1,6.274807184E-1,-1.123748090E0,9.725201924E0
7.224250800E1,6.186903799E-1,-1.153913584E0,9.722232708E0
7.225248500E1,6.088430109E-1,-1.184031495E0,9.719232502E0
7.226246200E1,5.976578355E-1,-1.213349069E0,9.716310648E0
7.227243800E1,5.857082829E-1,-1.242545021E0,9.713347864E0
7.228241500E1,5.745486160E-1,-1.272088370E0,9.710189783E0
7.229239100E1,5.640867778E-1,-1.301550736E0,9.706898385E0
7.230236800E1,5.544091973E-1,-1.330220950E0,9.703568396E0
7.231234500E1,5.445841574E-1,-1.358609474E0,9.700191044E0
7.232232100E1,5.347528317E-1,-1.388020969E0,9.696573372E0
7.233229800E1,5.233457911E-1,-1.418040720E0,9.692851619E0
7.234227500E1,5.106294126E-1,-1.448403995E0,9.689039235E0
7.235225100E1,4.970336495E-1,-1.479331088E0,9.685073068E0
7.236222800E1,4.846939780E-1,-1.509893315E0,9.680981187E0
7.237220400E1,4.726544513E-1,-1.539687802E0,9.676882873E0
7.238218100E1,4.591678484E-1,-1.568875349E0,9.672843032E0
7.239215800E1,4.443236317E-1,-1.598675099E0,9.668656425E0
7.240213400E1,4.285597941E-1,-1.629259252E0,9.664261658E0
7.241211100E1,4.118010528E-1,-1.659146857E0,9.659904313E0
7.242208800E1,3.942839641E-1,-1.687374875E0,9.655744604E0
7.243206400E1,3.768243609E-1,-1.715320619E0,9.651517067E0
7.244204100E1,3.583115280E-1,-1.743678007E0,9.647139257E0
7.245201800E1,3.371374445E-1,-1.772407862E0,9.642666137E0
7.246199400E1,3.136198335E-1,-1.801462969E0,9.638074318E0
7.247197100E1,2.902464112E-1,-1.830173237E0,9.633395961E0
7.248194700E1,2.676927502E-1,-1.857897664E0,9.628740993E0
7.249192400E1,2.428149672E-1,-1.884605698E0,9.624209400E0
7.250190100E1,2.153651403E-1,-1.911090223E0,9.619638632E0
7.251187700E1,1.878726286E-1,-1.937828224E0,9.614864965E0
7.252185400E1,1.611089907E-1,-1.964081784E0,9.610022301E0
7.253183100E1,1.347401677E-1,-1.989205223E0,9.605259159E0
7.254180700E1,1.060468755E-1,-2.013769376E0,9.600499526E0
7.255178400E1,7.628950427E-2,-2.038893985E0,9.595477937E0
7.256176000E1,4.560257649E-2,-2.064225877E0,9.590255204E0
7.257173700E1,1.311103921E-2,-2.088369908E0,9.585126026E0
7.258171400E1,-1.917734387E-2,-2.112124075E0,9.579909140E0
7.259169000E1,-5.063585515E-2,-2.136400691E0,9.574409834E0
7.260166700E1,-8.442078397E-2,-2.160305863E0,9.568806447E0
7.261164400E1,-1.205022159E-1,-2.183358072E0,9.563186104E0
7.262162000E1,-1.568733042E-1,-2.206193203E0,9.557416071E0
7.263159700E1,-1.926632341E-1,-2.229461613E0,9.551360110E0
7.264157300E1,-2.285229104E-1,-2.251981872E0,9.545284268E0
7.265155000E1,-2.673687048E-1,-2.272853947E0,9.539326540E0
7.266152700E1,-3.078724590E-1,-2.293666526E0,9.533121475E0
7.267150300E1,-3.495746183E-1,-2.315172001E0,9.526483131E0
7.268148079E1,-3.914734268E-1,-2.336081936E0,9.519746554E0
7.269145679E1,-4.334613688E-1,-2.355821113E0,9.513060263E0
7.270143379E1,-4.769435302E-1,-2.375791401E0,9.506010860E0
7.271141079E1,-5.231406634E-1,-2.396286769E0,9.498433453E0
7.272138679E1,-5.718061622E-1,-2.415462274E0,9.490768338E0
7.273136379E1,-6.216302137E-1,-2.432606164E0,9.483254081E0
7.274134079E1,-6.709827603E-1,-2.449069439E0,9.475649777E0
7.275131679E1,-7.207401536E-1,-2.465626707E0,9.467698733E0
7.276129379E1,-7.717765521E-1,-2.480634463E0,9.459752367E0
7.277127079E1,-8.241210459E-1,-2.493679309E0,9.451904234E0
7.278124679E1,-8.763120503E-1,-2.506508977E0,9.443812273E0
7.279122379E1,-9.278689972E-1,-2.518958868E0,9.435571207E0
7.280119979E1,-9.789846987E-1,-2.529608402E0,9.427553505E0
7.281117679E1,-1.029651188E0,-2.539699235E0,9.419439908E0
7.282115379E1,-1.082857196E0,-2.550735562E0,9.410487236E0
7.283112979E1,-1.139518469E0,-2.562360411E0,9.400633509E0
7.284110679E1,-1.196018945E0,-2.572783658E0,9.390762824E0
7.285108379E1,-1.250350469E0,-2.581300420E0,9.381344129E0
7.286105979E1,-1.302392588E0,-2.590508907E0,9.371720197E0
7.287103679E1,-1.357413572E0,-2.600228149E0,9.361214504E0
7.288101279E1,-1.417708306E0,-2.609121764E0,9.349796062E0
7.289098979E1,-1.476993079E0,-2.618159221E0,9.338085258E0
7.290096679E1,-1.535164396E0,-2.627057514E0,9.326196699E0
7.291094279E1,-1.593144656E0,-2.635088372E0,9.314198797E0
7.292091979E1,-1.650580832E0,-2.642007675E0,9.302229547E0
7.293089679E1,-1.710802768E0,-2.648187889E0,9.289583189E0
7.294087279E1,-1.772433736E0,-2.655279392E0,9.275994260E0
7.295084979E1,-1.834771926E0,-2.661711622E0,9.262019414E0
7.296082579E1,-1.897068454E0,-2.665689483E0,9.248314710E0
7.297080279E1,-1.956482158E0,-2.669186118E0,9.234918739E0
7.298077979E1,-2.017409853E0,-2.672003599E0,9.220984240E0
7.299075579E1,-2.084390439E0,-2.674047493E0,9.205481517E0
7.300073279E1,-2.152851833E0,-2.676315628E0,9.189051425E0
7.301070979E1,-2.220879216E0,-2.678332625E0,9.172258807E0
7.302068579E1,-2.285961066E0,-2.679209999E0,9.155998870E0
7.303066279E1,-2.350889425E0,-2.678549556E0,9.139737178E0
7.304063879E1,-2.420243104E0,-2.677384206E0,9.121958719E0
7.305061579E1,-2.492321293E0,-2.677342691E0,9.102541870E0
7.306059279E1,-2.564804255E0,-2.676396612E0,9.082663676E0
7.307056879E1,-2.636471531E0,-2.673407807E0,9.063002413E0
7.308054579E1,-2.704456815E0,-2.670017007E0,9.043949261E0
7.309052279E1,-2.770524797E0,-2.665483076E0,9.025269746E0
7.310049879E1,-2.839548839E0,-2.659583528E0,9.005535977E0
7.311047579E1,-2.910691619E0,-2.653511487E0,8.984589497E0
7.312045179E1,-2.980753250E0,-2.647176321E0,8.963462922E0
7.313042879E1,-3.047077340E0,-2.639720829E0,8.943337975E0
7.314040579E1,-3.110537463E0,-2.630471410E0,8.924195945E0
7.315038179E1,-3.174064830E0,-2.619677743E0,8.904981995E0
7.316035879E1,-3.240391552E0,-2.609728998E0,8.883989906E0
7.317033579E1,-3.307489813E0,-2.600647395E0,8.861898540E0
7.318031179E1,-3.374693909E0,-2.589791454E0,8.839713035E0
7.319028879E1,-3.440278326E0,-2.577585391E0,8.817972502E0
7.320026479E1,-3.504306507E0,-2.565778986E0,8.796176421E0
7.321024179E1,-3.570083298E0,-2.553346636E0,8.773313223E0
7.322021879E1,-3.639111140E0,-2.540178122E0,8.748740884E0
7.323019479E1,-3.707655711E0,-2.526563172E0,8.723867998E0
7.324017179E1,-3.774136214E0,-2.512005067E0,8.699530132E0
7.325014879E1,-3.837397532E0,-2.496426915E0,8.676308500E0
7.326012479E1,-3.901052076E0,-2.479398946E0,8.652772288E0
7.327010179E1,-3.967779916E0,-2.462889040E0,8.627108858E0
7.328007779E1,-4.035022896E0,-2.447757470E0,8.600184769E0
7.329005479E1,-4.102035788E0,-2.430683015E0,8.573282899E0
7.330003179E1,-4.167156229E0,-2.411338087E0,8.547301381E0
7.331000779E1,-4.229520877E0,-2.391410776E0,8.522230275E0
7.331998479E1,-4.292495682E0,-2.370804311E0,8.496461595E0
7.332996179E1,-4.358278905E0,-2.350007373E0,8.468705447E0
7.333993779E1,-4.424889801E0,-2.328704651E0,8.439999127E0
7.334991479E1,-4.489107139E0,-2.305732402E0,8.412348813E0
7.335989179E1,-4.549217685E0,-2.282170900E0,8.386442140E0
7.336986779E1,-4.608823909E0,-2.257974245E0,8.360406243E0
7.337984479E1,-4.670346266E0,-2.233531422E0,8.332784581E0
7.338982079E1,-4.731620700E0,-2.209258314E0,8.304639593E0
7.339979779E1,-4.790624076E0,-2.183261155E0,8.277644168E0
7.340977479E1,-4.846699752E0,-2.154970425E0,8.252375425E0
7.341975079E1,-4.900362866E0,-2.125947185E0,8.228176723E0
7.342972779E1,-4.953511425E0,-2.096670761E0,8.203828332E0
7.343970479E1,-5.007080691E0,-2.067889304E0,8.178574208E0
7.344968079E1,-5.061129429E0,-2.039325363E0,8.152436569E0
7.345965779E1,-5.114035036E0,-2.009591979E0,8.126763784E0
7.346963379E1,-5.164006510E0,-1.978517098E0,8.102753363E0
7.347961079E1,-5.212245455E0,-1.946739089E0,8.079529976E0
7.348958779E1,-5.261350957E0,-1.915046595E0,8.055239473E0
7.349956379E1,-5.310811969E0,-1.884008405E0,8.030061362E0
7.350954079E1,-5.358327028E0,-1.851571122E0,8.006005332E0
7.351951779E1,-5.402899768E0,-1.816611643E0,7.984027988E0
7.352949379E1,-5.445424814E0,-1.780265058E0,7.963297269E0
7.353947079E1,-5.488637491E0,-1.743307878E0,7.941777762E0
7.354944679E1,-5.533201461E0,-1.706864960E0,7.918736808E0
7.355942379E1,-5.576935710E0,-1.670340328E0,7.895812215E0
7.356940079E1,-5.617779681E0,-1.631655149E0,7.874919528E0
7.357937679E1,-5.655408853E0,-1.590238736E0,7.856436480E0
7.358935379E1,-5.691414253E0,-1.547139055E0,7.839022302E0
7.359933079E1,-5.727724877E0,-1.503470879E0,7.821051469E0
7.360930679E1,-5.764360607E0,-1.458761753E0,7.802580700E0
7.361928379E1,-5.800187082E0,-1.408729468E0,7.785204529E0
7.362925979E1,-5.834019656E0,-1.343975793E0,7.771360077E0
7.363923679E1,-5.865922650E0,-1.254472463E0,7.762303324E0
7.364921379E1,-5.893269492E0,-1.192257285E0,7.751386573E0
7.365918979E1,-5.919643359E0,-1.142773468E0,7.738733198E0
7.366916679E1,-5.945944135E0,-1.098045777E0,7.725033172E0
7.367914367E1,-5.970552726E0,-1.054660241E0,7.712087436E0
7.368911967E1,-5.992353485E0,-1.010440453E0,7.701091747E0
7.369909667E1,-6.012049246E0,-9.653660949E-1,7.691516932E0
7.370907267E1,-6.031146837E0,-9.216194201E-1,7.681925744E0
7.371904967E1,-6.049329924E0,-8.804325832E-1,7.672453839E0
7.372902667E1,-6.065727271E0,-8.395223927E-1,7.664088812E0
7.373900267E1,-6.079662940E0,-7.963672368E-1,7.657649859E0
7.374897967E1,-6.090890179E0,-7.509865576E-1,7.653311225E0
7.375895667E1,-6.100643334E0,-7.055260639E-1,7.649868384E0
7.376893267E1,-6.109769084E0,-6.616430028E-1,7.646505650E0
7.377890967E1,-6.118017751E0,-6.186830708E-1,7.643506029E0
7.378888667E1,-6.124664281E0,-5.755113966E-1,7.641555982E0
7.379886267E1,-6.128795924E0,-5.319232179E-1,7.641401616E0
7.380883967E1,-6.131709006E0,-4.872773875E-1,7.642042471E0
7.381881567E1,-6.135079342E0,-4.425591247E-1,7.642057673E0
7.382879267E1,-6.137510614E0,-3.997158082E-1,7.642466394E0
7.383876967E1,-6.137071488E0,-3.572556305E-1,7.644921640E0
7.384874567E1,-6.133899373E0,-3.129033668E-1,7.649409962E0
7.385872267E1,-6.129391170E0,-2.663431763E-1,7.654784723E0
7.386869967E1,-6.124836189E0,-2.197269987E-1,7.659908638E0
7.387867567E1,-6.119660234E0,-1.753576868E-1,7.665188674E0
7.388865267E1,-6.113402544E0,-1.320205455E-1,7.671048169E0
7.389862867E1,-6.106322735E0,-8.780306018E-2,7.677318138E0
7.390860567E1,-6.097287033E0,-4.245483757E-2,7.684880342E0
7.391858267E1,-6.086859108E0,3.889201545E-3,7.693258817E0
7.392855867E1,-6.077619923E0,5.014029449E-2,7.700397098E0
7.393853567E1,-6.069274192E0,9.476921364E-2,7.706557724E0
7.394851267E1,-6.059472504E0,1.384185780E-1,7.713607712E0
7.395848867E1,-6.047665222E0,1.828587874E-1,7.721943503E0
7.396846567E1,-6.034655752E0,2.295231497E-1,7.730869278E0
7.397844167E1,-6.022162591E0,2.767712834E-1,7.739060057E0
7.398841867E1,-6.009672938E0,3.213080450E-1,7.747043846E0
7.399839567E1,-5.995433798E0,3.632689070E-1,7.756217542E0
7.400837167E1,-5.980030478E0,4.058758133E-1,7.765989994E0
7.401834867E1,-5.962311076E0,4.499359720E-1,7.777178641E0
7.402832567E1,-5.941363426E0,4.950570714E-1,7.790456498E0
7.403830167E1,-5.919615877E0,5.406749283E-1,7.803968829E0
7.404827867E1,-5.898309208E0,5.847846421E-1,7.816909887E0
7.405825567E1,-5.876291517E0,6.277241088E-1,7.830150906E0
7.406823167E1,-5.851616267E0,6.711745490E-1,7.845012190E0
7.407820867E1,-5.824604470E0,7.163113993E-1,7.861105481E0
7.408818467E1,-5.797750547E0,7.624218111E-1,7.876604696E0
7.409816167E1,-5.771239856E0,8.065238504E-1,7.891667123E0
7.410813867E1,-5.743260344E0,8.476870061E-1,7.907748136E0
7.411811467E1,-5.713655307E0,8.879271057E-1,7.924760610E0
7.412809167E1,-5.684002907E0,9.287710033E-1,7.941384829E0
7.413806867E1,-5.654611292E0,9.697406892E-1,7.957454147E0
7.414804467E1,-5.624391713E0,1.010110743E0,7.973831613E0
7.415802167E1,-5.594011334E0,1.049809683E0,7.990058806E0
7.416799767E1,-5.564249591E0,1.087696424E0,8.005756826E0
7.417797467E1,-5.532982775E0,1.124577152E0,8.022313802E0
7.418795167E1,-5.498052093E0,1.163425395E0,8.040768784E0
7.419792767E1,-5.461005304E0,1.205080594E0,8.059857019E0
7.420790467E1,-5.425855352E0,1.245855568E0,8.077378201E0
7.421788167E1,-5.390238792E0,1.281978643E0,8.095551932E0
7.422785767E1,-5.352221366E0,1.317137074E0,8.115107945E0
7.423783467E1,-5.313704002E0,1.353724125E0,8.134376274E0
7.424781067E1,-5.274866796E0,1.390646368E0,8.153403114E0
7.425778767E1,-5.234887628E0,1.427818142E0,8.172721730E0
7.426776467E1,-5.193561262E0,1.464245126E0,8.192619220E0
7.427774067E1,-5.151028615E0,1.498974663E0,8.213164582E0
7.428771767E1,-5.107607192E0,1.532381414E0,8.234091182E0
7.429769467E1,-5.062991182E0,1.565669905E0,8.255355751E0
7.430767067E1,-5.017919090E0,1.600112052E0,8.276244929E0
7.431764767E1,-4.975286456E0,1.634756658E0,8.295191077E0
7.432762467E1,-4.932604705E0,1.665652030E0,8.314512032E0
7.433760067E1,-4.886278970E0,1.694074030E0,8.336095274E0
7.434757767E1,-4.838178312E0,1.723974644E0,8.357992512E0
7.435755367E1,-4.790200153E0,1.754401508E0,8.379269945E0
7.436753067E1,-4.743165443E0,1.784585712E0,8.399627026E0
7.437750767E1,-4.695949177E0,1.813567875E0,8.419924466E0
7.438748367E1,-4.646860632E0,1.841555573E0,8.441058058E0
7.439746067E1,-4.596537740E0,1.868860316E0,8.462582243E0
7.440743767E1,-4.544350170E0,1.894487931E0,8.485039644E0
7.441741367E1,-4.491796858E0,1.919804036E0,8.507303503E0
7.442739067E1,-4.442403966E0,1.946016958E0,8.527260050E0
7.443736667E1,-4.393337933E0,1.970308484E0,8.547079187E0
7.444734367E1,-4.340727025E0,1.992702882E0,8.568740782E0
7.445732067E1,-4.285739809E0,2.015155751E0,8.591139711E0
7.446729667E1,-4.230560220E0,2.037828915E0,8.613112963E0
7.447727367E1,-4.176961425E0,2.060284708E0,8.633905077E0
7.448725067E1,-4.124094994E0,2.081142603E0,8.654293149E0
7.449722667E1,-4.070150044E0,2.100527731E0,8.675122685E0
7.450720367E1,-4.014982442E0,2.120707788E0,8.695896088E0
7.451718067E1,-3.958250124E0,2.140609809E0,8.717003367E0
7.452715667E1,-3.899224821E0,2.159105868E0,8.739016380E0
7.453713367E1,-3.840913755E0,2.177830553E0,8.760167513E0
7.454710967E1,-3.784697455E0,2.195741452E0,8.780141602E0
7.455708667E1,-3.726360369E0,2.212005336E0,8.800986925E0
7.456706367E1,-3.665086811E0,2.227510251E0,8.822779498E0
7.457703967E1,-3.603824948E0,2.242235295E0,8.844259245E0
7.458701667E1,-3.544510500E0,2.255816769E0,8.864752566E0
7.459699367E1,-3.486865432E0,2.267850777E0,8.884521418E0
7.460696967E1,-3.426930010E0,2.278004613E0,8.905219976E0
7.461694667E1,-3.365296849E0,2.288033904E0,8.926129035E0
7.462692267E1,-3.301867423E0,2.298013931E0,8.947228712E0
7.463689967E1,-3.236591738E0,2.306695877E0,8.968819556E0
7.464687667E1,-3.172937487E0,2.314611838E0,8.989501743E0
7.465685267E1,-3.111917114E0,2.321548389E0,9.009022672E0
7.466682967E1,-3.049625264E0,2.327561812E0,9.028750593E0
7.467680667E1,-2.983070209E0,2.333673030E0,9.049384832E0
7.468678275E1,-2.914460150E0,2.339314277E0,9.070260562E0
7.469675975E1,-2.847606887E0,2.343219194E0,9.090465031E0
7.470673675E1,-2.784452865E0,2.345676633E0,9.109375511E0
7.471671275E1,-2.721692652E0,2.347112124E0,9.127954454E0
7.472668975E1,-2.656744997E0,2.348228796E0,9.146782488E0
7.473666575E1,-2.589540316E0,2.348922860E0,9.165857275E0
7.474664275E1,-2.521216771E0,2.347984382E0,9.185125605E0
7.475661975E1,-2.454579562E0,2.345934933E0,9.203679990E0
7.476659575E1,-2.390941391E0,2.342813690E0,9.221210527E0
7.477657275E1,-2.327113623E0,2.338670791E0,9.238574418E0
7.478654975E1,-2.260883819E0,2.334640013E0,9.256023095E0
7.479652575E1,-2.192089427E0,2.330413646E0,9.273619121E0
7.480650275E1,-2.123746001E0,2.324775468E0,9.290921617E0
7.481647975E1,-2.058483765E0,2.317230805E0,9.307480347E0
7.482645575E1,-1.994972771E0,2.308248313E0,9.323528030E0
7.483643275E1,-1.929971467E0,2.298962057E0,9.339490344E0
7.484640875E1,-1.863264969E0,2.289736174E0,9.355290105E0
7.485638575E1,-1.794873157E0,2.278963849E0,9.371278147E0
7.486636275E1,-1.727619945E0,2.266738783E0,9.386869748E0
7.487633875E1,-1.664396487E0,2.253997115E0,9.401349792E0
7.488631575E1,-1.602573876E0,2.239732394E0,9.415490114E0
7.489629275E1,-1.538963917E0,2.224529487E0,9.429695340E0
7.490626875E1,-1.473716592E0,2.209557691E0,9.443628085E0
7.491624575E1,-1.407548330E0,2.193942848E0,9.457352670E0
7.492622275E1,-1.342950484E0,2.176771184E0,9.470704787E0
7.493619875E1,-1.280262193E0,2.157637632E0,9.483755772E0
7.494617575E1,-1.217041586E0,2.137543676E0,9.496621401E0
7.495615175E1,-1.153111784E0,2.117660657E0,9.509045565E0
7.496612875E1,-1.088189418E0,2.096833899E0,9.521304252E0
7.497610575E1,-1.023202440E0,2.074229878E0,9.533453012E0
7.498608175E1,-9.608723634E-1,2.051180154E0,9.544919402E0
7.499605875E1,-8.995522474E-1,2.027297787E0,9.555991105E0
7.500603575E1,-8.374757941E-1,2.002765794E0,9.566800268E0
7.501601175E1,-7.747035221E-1,1.978023154E0,9.577231116E0
7.502598875E1,-7.106151880E-1,1.952010646E0,9.587532740E0
7.503596475E1,-6.463209589E-1,1.925056590E0,9.597526801E0
7.504594175E1,-5.838362603E-1,1.896981476E0,9.607116820E0
7.505591875E1,-5.230607393E-1,1.867046363E0,9.616477627E0
7.506589475E1,-4.631307257E-1,1.836985535E0,9.625336159E0
7.507587175E1,-4.017302105E-1,1.807219553E0,9.633725744E0
7.508584875E1,-3.389379118E-1,1.775996299E0,9.641942836E0
7.509582475E1,-2.779177945E-1,1.743197366E0,9.649876923E0
7.510580175E1,-2.198628551E-1,1.708844097E0,9.657515725E0
7.511577875E1,-1.626085274E-1,1.674007555E0,9.664748147E0
7.512575475E1,-1.050080628E-1,1.639733955E0,9.671419235E0
7.513573175E1,-4.626412955E-2,1.604377303E0,9.677806149E0
7.514570775E1,1.188302571E-2,1.567200999E0,9.683998935E0
7.515568475E1,6.701899967E-2,1.528712286E0,9.689925088E0
7.516566175E1,1.194084120E-1,1.489184816E0,9.695574667E0
7.517563775E1,1.713737047E-1,1.449197901E0,9.700853534E0
7.518561475E1,2.233896398E-1,1.409948173E0,9.705578084E0
7.519559175E1,2.766983942E-1,1.369893284E0,9.709939522E0
7.520556775E1,3.305016221E-1,1.328353349E0,9.714028480E0
7.521554475E1,3.821141176E-1,1.285351902E0,9.717919217E0
7.522552175E1,4.309655944E-1,1.240771560E0,9.721669621E0
7.523549775E1,4.775160457E-1,1.196689182E0,9.725020076E0
7.524547475E1,5.250184602E-1,1.154049458E0,9.727724413E0
7.525545075E1,5.745202570E-1,1.110450133E0,9.730001319E0
7.526542775E1,6.220520903E-1,1.064540939E0,9.732209812E0
7.527540475E1,6.664497795E-1,1.016509790E0,9.734405442E0
7.528538075E1,7.095993805E-1,9.679326571E-1,9.736306956E0
7.529535775E1,7.515667476E-1,9.205386353E-1,9.737754142E0
7.530533475E1,7.940177525E-1,8.730897228E-1,9.738755186E0
7.531531075E1,8.361579779E-1,8.244130412E-1,9.739470300E0
7.532528775E1,8.773251535E-1,7.751232791E-1,9.739896562E0
7.533526475E1,9.166444628E-1,7.251016648E-1,9.740128112E0
7.534524075E1,9.538733925E-1,6.747452974E-1,9.740171966E0
7.535521775E1,9.903039580E-1,6.253173217E-1,9.739834582E0
7.536519375E1,1.027470469E0,5.760683073E-1,9.739021819E0
7.537517075E1,1.063636959E0,5.251331022E-1,9.738019021E0
7.538514775E1,1.097419686E0,4.723331834E-1,9.736974708E0
7.539512375E1,1.129578203E0,4.190223641E-1,9.735736853E0
7.540510075E1,1.161499907E0,3.665811354E-1,9.734096709E0
7.541507775E1,1.193802923E0,3.137124388E-1,9.732035565E0
7.542505375E1,1.225033852E0,2.596362920E-1,9.729746965E0
7.543503075E1,1.254092102E0,2.053270059E-1,9.727342590E0
7.544500775E1,1.282815087E0,1.508342177E-1,9.724594399E0
7.545498375E1,1.311613501E0,9.631913692E-2,9.721445088E0
7.546496075E1,1.339249928E0,4.178659676E-2,9.718063644E0
7.547493675E1,1.366264502E0,-1.314612479E-2,9.714383406E0
7.548491375E1,1.392398487E0,-6.836310552E-2,9.710440629E0
7.549489075E1,1.417123292E0,-1.251871786E-1,9.706296122E0
7.550486675E1,1.440535397E0,-1.835584250E-1,9.701920651E0
7.551484375E1,1.463797375E0,-2.415271180E-1,9.697167449E0
7.552482075E1,1.486307255E0,-2.987302825E-1,9.692148784E0
7.553479675E1,1.506645479E0,-3.570520012E-1,9.687034224E0
7.554477375E1,1.522998095E0,-4.165732578E-1,9.682099174E0
7.555475075E1,1.537106110E0,-4.760870958E-1,9.677124948E0
7.556472675E1,1.550958603E0,-5.351599076E-1,9.671826786E0
7.557470375E1,1.561134366E0,-5.937023769E-1,9.666771868E0
7.558467975E1,1.564295079E0,-6.522716703E-1,9.662485274E0
7.559465675E1,1.550235302E0,-7.115986897E-1,9.660563879E0
7.560463375E1,1.551017660E0,-7.703569213E-1,9.655930545E0
7.561460975E1,1.555812084E0,-8.301175117E-1,9.650204952E0
7.562458675E1,1.559905574E0,-8.898983482E-1,9.644214479E0
7.563456375E1,1.562857248E0,-9.480468614E-1,9.638194186E0
7.564453975E1,1.565644177E0,-1.005460233E0,9.631921293E0
7.565451675E1,1.567502276E0,-1.063613570E0,9.625370657E0
7.566449375E1,1.568904439E0,-1.122313257E0,9.618474451E0
7.567446975E1,1.570988971E0,-1.180302141E0,9.611190575E0
7.568444675E1,1.570518416E0,-1.237115004E0,9.604120122E0
7.569442375E1,1.567231696E0,-1.294088227E0,9.597146732E0
7.570439975E1,1.563621625E0,-1.351519725E0,9.589816663E0
7.571437675E1,1.561124133E0,-1.408397930E0,9.582035773E0
7.572435275E1,1.558764197E0,-1.466913941E0,9.573636832E0
7.573432975E1,1.553375842E0,-1.527023610E0,9.565109838E0
7.574430675E1,1.544596101E0,-1.586017338E0,9.556927829E0
7.575428275E1,1.535320225E0,-1.643939564E0,9.548631214E0
7.576425975E1,1.525894805E0,-1.702240397E0,9.539922372E0
7.577423675E1,1.515360462E0,-1.760778774E0,9.530972623E0
7.578421275E1,1.503976371E0,-1.819123315E0,9.521814129E0
7.579418975E1,1.490957838E0,-1.876384221E0,9.512745683E0
7.580416675E1,1.474891005E0,-1.932720682E0,9.503966673E0
7.581414275E1,1.456418481E0,-1.988968996E0,9.495206375E0
7.582411975E1,1.436817737E0,-2.044479391E0,9.486398714E0
7.583409575E1,1.417239067E0,-2.099931900E0,9.477226186E0
7.584407275E1,1.397442149E0,-2.156024970E0,9.467566586E0
7.585404975E1,1.376365275E0,-2.211002246E0,9.457969551E0
7.586402575E1,1.353434688E0,-2.264507339E0,9.448614591E0
7.587400275E1,1.330383210E0,-2.317952206E0,9.438923416E0
7.588397975E1,1.306872871E0,-2.371645287E0,9.428864450E0
7.589395575E1,1.282119268E0,-2.425520508E0,9.418551716E0
7.590393275E1,1.256579069E0,-2.479681659E0,9.407884641E0
7.591390975E1,1.228808011E0,-2.533021130E0,9.397336848E0
7.592388575E1,1.198866831E0,-2.585399903E0,9.386934067E0
7.593386275E1,1.167633710E0,-2.637182845E0,9.376459950E0
7.594383875E1,1.135843494E0,-2.688100691E0,9.365899293E0
7.595381575E1,1.105420505E0,-2.739384573E0,9.354673809E0
7.596379275E1,1.074843367E0,-2.789731731E0,9.343351260E0
7.597376875E1,1.040859642E0,-2.838391090E0,9.332536835E0
7.598374575E1,1.005275900E0,-2.887026183E0,9.321512495E0
7.599372275E1,9.683717099E-1,-2.935237353E0,9.310356592E0
7.600369875E1,9.322564555E-1,-2.982759722E0,9.298932302E0
7.601367575E1,8.974338012E-1,-3.030545507E0,9.286899902E0
7.602365275E1,8.601859412E-1,-3.077586064E0,9.274947023E0
7.603362875E1,8.195478655E-1,-3.123665924E0,9.263215170E0
7.604360575E1,7.769710723E-1,-3.168356486E0,9.251699079E0
7.605358175E1,7.336160879E-1,-3.211533203E0,9.240344371E0
7.606355875E1,6.905717368E-1,-3.255455441E0,9.228283904E0
7.607353575E1,6.471603998E-1,-3.299146421E0,9.215905348E0
7.608351175E1,6.009833663E-1,-3.340775965E0,9.204028484E0
7.609348875E1,5.517763057E-1,-3.381326990E0,9.192294291E0
7.610346575E1,5.008395657E-1,-3.421783876E0,9.180231485E0
7.611344175E1,4.498470578E-1,-3.461131836E0,9.168113716E0
7.612341875E1,4.013586565E-1,-3.499617917E0,9.155746270E0
7.613339575E1,3.538707869E-1,-3.537561084E0,9.143113945E0
7.614337175E1,3.030498035E-1,-3.574735343E0,9.130472265E0
7.615334875E1,2.499501052E-1,-3.610811786E0,9.117876193E0
7.616332575E1,1.977203448E-1,-3.645335501E0,9.105412268E0
7.617330175E1,1.471742078E-1,-3.679382961E0,9.092665923E0
7.618327875E1,9.686309243E-2,-3.713788270E0,9.079344211E0
7.619325475E1,4.539990194E-2,-3.746676227E0,9.066225983E0
7.620323175E1,-8.412203008E-3,-3.777537247E0,9.053521153E0
7.621320875E1,-6.323460861E-2,-3.808402944E0,9.040363163E0
7.622318475E1,-1.197136732E-1,-3.838667840E0,9.026981810E0
7.623316175E1,-1.763753399E-1,-3.867821180E0,9.013598118E0
7.624313875E1,-2.311062103E-1,-3.896236017E0,9.000112685E0
7.625311475E1,-2.871697890E-1,-3.923400427E0,8.986688063E0
7.626309175E1,-3.462472968E-1,-3.949557069E0,8.973138310E0
7.627306875E1,-4.069950800E-1,-3.974491058E0,8.959568676E0
7.628304475E1,-4.674338745E-1,-3.997980200E0,8.946159257E0
7.629302175E1,-5.249822805E-1,-4.020972037E0,8.932652189E0
7.630299775E1,-5.825789262E-1,-4.042763440E0,8.919235752E0
7.631297475E1,-6.429144441E-1,-4.062848041E0,8.905954387E0
7.632295175E1,-7.039453422E-1,-4.081613803E0,8.892749619E0
7.633292775E1,-7.648601731E-1,-4.099025934E0,8.879700388E0
7.634290475E1,-8.253507885E-1,-4.116139857E0,8.866357627E0
7.635288175E1,-8.840562489E-1,-4.133331548E0,8.852689760E0
7.636285775E1,-9.426878882E-1,-4.148707679E0,8.839438215E0
7.637283475E1,-1.003138596E0,-4.162134055E0,8.826463244E0
7.638281175E1,-1.065314599E0,-4.174834208E0,8.813170184E0
7.639278775E1,-1.128654270E0,-4.186331296E0,8.799822160E0
7.640276475E1,-1.190790218E0,-4.197057428E0,8.786513897E0
7.641274175E1,-1.250327372E0,-4.207074878E0,8.773443031E0
7.642271775E1,-1.311290443E0,-4.215595148E0,8.760443501E0
7.643269475E1,-1.375803796E0,-4.223468132E0,8.746746984E0
7.644267075E1,-1.440990457E0,-4.230150622E0,8.733010705E0
7.645264775E1,-1.505695453E0,-4.234975452E0,8.719745711E0
7.646262475E1,-1.568804451E0,-4.239394485E0,8.706462007E0
7.647260075E1,-1.631559401E0,-4.242534148E0,8.693389387E0
7.648257775E1,-1.695584658E0,-4.243327030E0,8.680741274E0
7.649255475E1,-1.761702341E0,-4.243310658E0,8.667572760E0
7.650253075E1,-1.830457996E0,-4.242948131E0,8.653491495E0
7.651250775E1,-1.898166561E0,-4.241443642E0,8.639630671E0
7.652248475E1,-1.962235672E0,-4.237129274E0,8.627425193E0
7.653246075E1,-2.024829092E0,-4.230771304E0,8.616074578E0
7.654243775E1,-2.089700149E0,-4.224470929E0,8.603667371E0
7.655241475E1,-2.157866258E0,-4.218240721E0,8.589887238E0
7.656239075E1,-2.226308064E0,-4.209829209E0,8.576537459E0
7.657236775E1,-2.292900249E0,-4.199720250E0,8.563939633E0
7.658234375E1,-2.356918489E0,-4.189644620E0,8.551486233E0
7.659232075E1,-2.421766888E0,-4.178372358E0,8.538873205E0
7.660229775E1,-2.487368116E0,-4.165157943E0,8.526462489E0
7.661227375E1,-2.553242848E0,-4.151124041E0,8.513825487E0
7.662225075E1,-2.620438173E0,-4.136939865E0,8.500302047E0
7.663222775E1,-2.687399025E0,-4.122226224E0,8.486533023E0
7.664220375E1,-2.750129416E0,-4.104560324E0,8.474991204E0
7.665218075E1,-2.811693288E0,-4.084454380E0,8.464497206E0
7.666215775E1,-2.875062488E0,-4.064617409E0,8.452751319E0
7.667213375E1,-2.941453528E0,-4.043884644E0,8.439843006E0
7.668210979E1,-3.008695047E0,-4.021467296E0,8.426841137E0
7.669208679E1,-3.072641659E0,-3.998853774E0,8.414519885E0
7.670206279E1,-3.134197637E0,-3.975356446E0,8.402942982E0
7.671203979E1,-3.196537434E0,-3.949367911E0,8.391706973E0
7.672201579E1,-3.260979013E0,-3.921635152E0,8.379910215E0
7.673199279E1,-3.327007819E0,-3.893801236E0,8.366924719E0
7.674196979E1,-3.392287011E0,-3.865511530E0,8.353819939E0
7.675194579E1,-3.454452854E0,-3.834522456E0,8.342619013E0
7.676192279E1,-3.514542058E0,-3.801147426E0,8.332789258E0
7.677189979E1,-3.575510391E0,-3.767671532E0,8.322047923E0
7.678187579E1,-3.639171951E0,-3.734607866E0,8.309346017E0
7.679185279E1,-3.704224564E0,-3.700026848E0,8.296060558E0
7.680182979E1,-3.766406195E0,-3.664273171E0,8.283923492E0
7.681180579E1,-3.825163988E0,-3.627940327E0,8.272984521E0
7.682178279E1,-3.884003057E0,-3.589811511E0,8.262195239E0
7.683175979E1,-3.943724471E0,-3.549979693E0,8.251107749E0
7.684173579E1,-4.004629362E0,-3.509482755E0,8.239088212E0
7.685171279E1,-4.065936833E0,-3.469253619E0,8.226088682E0
7.686168879E1,-4.125227892E0,-3.427301016E0,8.214146914E0
7.687166579E1,-4.182530605E0,-3.382435915E0,8.203759335E0
7.688164279E1,-4.238639025E0,-3.337303011E0,8.193439584E0
7.689161879E1,-4.295594122E0,-3.292818857E0,8.181767372E0
7.690159579E1,-4.354578494E0,-3.247066148E0,8.168861983E0
7.691157279E1,-4.413244486E0,-3.200108036E0,8.155898706E0
7.692154879E1,-4.468705034E0,-3.152441827E0,8.144255145E0
7.693152579E1,-4.521818802E0,-3.102740494E0,8.134018425E0
7.694150279E1,-4.574804808E0,-3.050873352E0,8.124003314E0
7.695147879E1,-4.627826191E0,-2.998407163E0,8.113499960E0
7.696145579E1,-4.680748462E0,-2.946064058E0,8.102308390E0
7.697143279E1,-4.732794821E0,-2.892603842E0,8.091328488E0
7.698140879E1,-4.782688235E0,-2.836547171E0,8.081830856E0
7.699138579E1,-4.831101719E0,-2.779221361E0,8.072947766E0
7.700136179E1,-4.879506724E0,-2.722525881E0,8.063148417E0
7.701133879E1,-4.929630226E0,-2.665904368E0,8.051571515E0
7.702131579E1,-4.980252496E0,-2.608570957E0,8.039188281E0
7.703129179E1,-5.028466297E0,-2.550832918E0,8.027694409E0
7.704126879E1,-5.074203803E0,-2.491813754E0,8.017444825E0
7.705124579E1,-5.118761340E0,-2.430959150E0,8.007797504E0
7.706122179E1,-5.162872735E0,-2.369742164E0,7.997822739E0
7.707119879E1,-5.207953598E0,-2.309564229E0,7.986190288E0
7.708117579E1,-5.253519196E0,-2.249265694E0,7.973546269E0
7.709115179E1,-5.297752213E0,-2.185887139E0,7.961898615E0
7.710112879E1,-5.339743407E0,-2.119482650E0,7.951794042E0
7.711110579E1,-5.379895068E0,-2.052995569E0,7.942168356E0
7.712108179E1,-5.420219806E0,-1.986933288E0,7.931545719E0
7.713105879E1,-5.460397194E0,-1.919515476E0,7.920582774E0
7.714103479E1,-5.499046120E0,-1.849836984E0,7.910417390E0
7.715101179E1,-5.535574846E0,-1.777915062E0,7.901426126E0
7.716098879E1,-5.571853895E0,-1.703360432E0,7.892345400E0
7.717096479E1,-5.608344614E0,-1.626197796E0,7.882769415E0
7.718094179E1,-5.643584028E0,-1.545063879E0,7.873934857E0
7.719091879E1,-5.680882248E0,-1.445534474E0,7.866009541E0
7.720089479E1,-5.720077304E0,-1.314052521E0,7.860666940E0
7.721087179E1,-5.749742568E0,-1.229905095E0,7.852636374E0
7.722084879E1,-5.776590058E0,-1.151768825E0,7.844777716E0
7.723082479E1,-5.801862309E0,-1.077561665E0,7.836667044E0
7.724080179E1,-5.827554390E0,-1.004719537E0,7.827275831E0
7.725077879E1,-5.853362830E0,-9.322183755E-1,7.816982392E0
7.726075479E1,-5.876345311E0,-8.591661867E-1,7.808105149E0
7.727073179E1,-5.897194728E0,-7.849034051E-1,7.800200298E0
7.728070779E1,-5.916215136E0,-7.104530009E-1,7.792929286E0
7.729068479E1,-5.932832923E0,-6.362573891E-1,7.786704925E0
7.730066179E1,-5.948320443E0,-5.632204397E-1,7.780512139E0
7.731063779E1,-5.962901060E0,-4.912327000E-1,7.774226967E0
7.732061479E1,-5.976816849E0,-4.179895631E-1,7.767820757E0
7.733059179E1,-5.990302282E0,-3.434185601E-1,7.761085349E0
7.734056779E1,-6.002182070E0,-2.710547348E-1,7.754769187E0
7.735054479E1,-6.012988894E0,-1.995704586E-1,7.748563537E0
7.736052179E1,-6.024214379E0,-1.271794895E-1,7.741366784E0
7.737049779E1,-6.032547246E0,-5.389352628E-2,7.735732992E0
7.738047479E1,-6.038279856E0,2.073093993E-2,7.731419501E0
7.739045179E1,-6.043328342E0,9.504403277E-2,7.726917145E0
7.740042779E1,-6.047871044E0,1.685545245E-1,7.722107810E0
7.741040479E1,-6.051224422E0,2.410589753E-1,7.717556337E0
7.742038179E1,-6.053642246E0,3.124065728E-1,7.713100174E0
7.743035779E1,-6.054426942E0,3.843241093E-1,7.709235165E0
7.744033479E1,-6.053824679E0,4.578074937E-1,7.705694091E0
7.745031079E1,-6.051468835E0,5.313329049E-1,7.702824862E0
7.746028779E1,-6.046461280E0,6.027668767E-1,7.701498129E0
7.747026479E1,-6.040742118E0,6.737076359E-1,7.700107076E0
7.748024079E1,-6.034018405E0,7.443226321E-1,7.698876822E0
7.749021779E1,-6.024228997E0,8.159948049E-1,7.699280280E0
7.750019479E1,-6.011633509E0,8.887179416E-1,7.701074206E0
7.751017079E1,-5.998183744E0,9.606269997E-1,7.702927773E0
7.752014779E1,-5.985026339E0,1.031203039E0,7.704036990E0
7.753012479E1,-5.970430520E0,1.100823862E0,7.705728589E0
7.754010079E1,-5.953926169E0,1.170892217E0,7.708169217E0
7.755007779E1,-5.936976260E0,1.241247523E0,7.710235038E0
7.756005479E1,-5.919727558E0,1.310474464E0,7.712041828E0
7.757003079E1,-5.899773935E0,1.377696978E0,7.715615646E0
7.758000779E1,-5.876970963E0,1.444548926E0,7.720789847E0
7.758998479E1,-5.854269149E0,1.511850378E0,7.725150116E0
7.759996079E1,-5.830377426E0,1.579280761E0,7.729726147E0
7.760993779E1,-5.804124012E0,1.647718766E0,7.735196217E0
7.761991379E1,-5.775470316E0,1.715846868E0,7.741828714E0
7.762989079E1,-5.745279388E0,1.782440807E0,7.749243568E0
7.763986779E1,-5.714124253E0,1.847202229E0,7.757108073E0
7.764984379E1,-5.680592811E0,1.911320018E0,7.766196985E0
7.765982079E1,-5.645276213E0,1.976243116E0,7.775694618E0
7.766979779E1,-5.610074220E0,2.041062717E0,7.784422756E0
7.767977379E1,-5.574347733E0,2.103656722E0,7.793418698E0
7.768975167E1,-5.536340246E0,2.164640989E0,7.803804522E0
7.769972867E1,-5.495576967E0,2.225435805E0,7.815508309E0
7.770970467E1,-5.452488835E0,2.286364962E0,7.828090348E0
7.771968167E1,-5.407916679E0,2.348427163E0,7.840626778E0
7.772965767E1,-5.362946329E0,2.410551344E0,7.852652746E0
7.773963467E1,-5.317377223E0,2.470204492E0,7.865093282E0
7.774961167E1,-5.270353914E0,2.527262207E0,7.878605028E0
7.775958767E1,-5.221347231E0,2.582983249E0,7.893151147E0
7.776956467E1,-5.170384068E0,2.638856902E0,7.908201880E0
7.777954167E1,-5.118078970E0,2.695369365E0,7.923152626E0
7.778951767E1,-5.065325975E0,2.751095669E0,7.937887024E0
7.779949467E1,-5.011020545E0,2.805093828E0,7.953441203E0
7.780947167E1,-4.956140918E0,2.858114918E0,7.968936324E0
7.781944767E1,-4.900073136E0,2.910080878E0,7.984785787E0
7.782942467E1,-4.842023733E0,2.962193310E0,8.001019996E0
7.783940167E1,-4.784453802E0,3.014251948E0,8.016195275E0
7.784937767E1,-4.726248571E0,3.064520461E0,8.031648881E0
7.785935467E1,-4.667472067E0,3.112961134E0,8.047376722E0
7.786933167E1,-4.607890109E0,3.159392120E0,8.063602746E0
7.787930767E1,-4.545865184E0,3.205278144E0,8.080681293E0
7.788928467E1,-4.483297053E0,3.252199711E0,8.096872818E0
7.789926167E1,-4.421054027E0,3.297907981E0,8.112594227E0
7.790923767E1,-4.359372334E0,3.340530382E0,8.128519703E0
7.791921467E1,-4.297937978E0,3.380570945E0,8.144665035E0
7.792919067E1,-4.235482698E0,3.418989784E0,8.161329015E0
7.793916767E1,-4.170550830E0,3.457378508E0,8.178578301E0
7.794914467E1,-4.103284461E0,3.496463929E0,8.195968505E0
7.795912067E1,-4.034925248E0,3.535671557E0,8.213068687E0
7.796909767E1,-3.966552878E0,3.572886745E0,8.230251315E0
7.797907467E1,-3.896967503E0,3.607646396E0,8.248310441E0
7.798905067E1,-3.825962717E0,3.641866641E0,8.266493527E0
7.799902767E1,-3.755021373E0,3.676404682E0,8.283717086E0
7.800900467E1,-3.684274157E0,3.710581365E0,8.300229623E0
7.801898067E1,-3.613326089E0,3.741632127E0,8.317461367E0
7.802895767E1,-3.542270724E0,3.768411205E0,8.335916349E0
7.803893467E1,-3.472023152E0,3.792857829E0,8.354363145E0
7.804891067E1,-3.400967788E0,3.816312180E0,8.372889463E0
7.805888767E1,-3.327656860E0,3.840740678E0,8.391156750E0
7.806886467E1,-3.253912068E0,3.864661929E0,8.409074957E0
7.807884067E1,-3.180062027E0,3.885964505E0,8.427489594E0
7.808881767E1,-3.106509317E0,3.904593734E0,8.446291900E0
7.809879367E1,-3.032028945E0,3.922333310E0,8.465117011E0
7.810877067E1,-2.955554674E0,3.940235730E0,8.483828101E0
7.811874767E1,-2.879570691E0,3.957804566E0,8.501761512E0
7.812872367E1,-2.803799839E0,3.974056610E0,8.519487931E0
7.813870067E1,-2.727122962E0,3.988013914E0,8.537835909E0
7.814867767E1,-2.649896446E0,4.000842705E0,8.556133016E0
7.815865367E1,-2.571877924E0,4.012489481E0,8.574466376E0
7.816863067E1,-2.492880287E0,4.023060078E0,8.592824294E0
7.817860767E1,-2.414792183E0,4.033129568E0,8.610385821E0
7.818858367E1,-2.337753363E0,4.041183230E0,8.627853209E0
7.819856067E1,-2.261877115E0,4.046274109E0,8.645674353E0
7.820853767E1,-2.186176284E0,4.048401618E0,8.664131674E0
7.821851367E1,-2.106549632E0,4.049282501E0,8.683424562E0
7.822849067E1,-2.025218517E0,4.051664364E0,8.701643901E0
7.823846667E1,-1.946945349E0,4.052034493E0,8.719318864E0
7.824844367E1,-1.868649670E0,4.049370209E0,8.737668597E0
7.825842067E1,-1.790126241E0,4.045735288E0,8.755773915E0
7.826839667E1,-1.710632760E0,4.041645453E0,8.773536002E0
7.827837367E1,-1.631477247E0,4.036547850E0,8.790941994E0
7.828835067E1,-1.552816702E0,4.029524759E0,8.808393009E0
7.829832667E1,-1.473361520E0,4.021205926E0,8.825826482E0
7.830830367E1,-1.394644110E0,4.011869969E0,8.842848312E0
7.831828067E1,-1.316841351E0,4.000243365E0,8.860027431E0
7.832825667E1,-1.238744623E0,3.986197476E0,8.877603577E0
7.833823367E1,-1.159105546E0,3.970975420E0,8.895163350E0
7.834821067E1,-1.079801221E0,3.955394344E0,8.912069989E0
7.835818667E1,-1.001053552E0,3.938549100E0,8.928707657E0
7.836816367E1,-9.227164308E-1,3.920042371E0,8.945276327E0
7.837814067E1,-8.436463608E-1,3.900379938E0,8.961662564E0
7.838811667E1,-7.648406580E-1,3.879391358E0,8.977830700E0
7.839809367E1,-6.857007869E-1,3.856097805E0,8.994243835E0
7.840806967E1,-6.065955970E-1,3.830791348E0,9.010725966E0
7.841804667E1,-5.289574370E-1,3.803892402E0,9.026998767E0
7.842802367E1,-4.534975841E-1,3.775174679E0,9.043146438E0
7.843799967E1,-3.787403838E-1,3.744283839E0,9.059414561E0
7.844797667E1,-3.025276288E-1,3.711869214E0,9.075604917E0
7.845795367E1,-2.263456631E-1,3.679350509E0,9.091053261E0
7.846792967E1,-1.518335799E-1,3.645901220E0,9.106066571E0
7.847790667E1,-7.872018725E-2,3.610260978E0,9.121179870E0
7.848788367E1,-6.890873411E-3,3.573155425E0,9.136115997E0
7.849785967E1,6.423942978E-2,3.536110098E0,9.150294911E0
7.850783667E1,1.357446371E-1,3.498791706E0,9.163849341E0
7.851781367E1,2.075046186E-1,3.459995722E0,9.177226017E0
7.852778967E1,2.782715876E-1,3.419886162E0,9.190378159E0
7.853776667E1,3.473966767E-1,3.378721471E0,9.203241448E0
7.854774367E1,4.154070307E-1,3.336231217E0,9.215915288E0
7.855771967E1,4.840446812E-1,3.292286468E0,9.228361087E0
7.856769667E1,5.532802096E-1,3.247290681E0,9.240405182E0
7.857767367E1,6.207139550E-1,3.201567794E0,9.252068623E0
7.858764967E1,6.853713693E-1,3.154172895E0,9.263777087E0
7.859762667E1,7.487583299E-1,3.104192357E0,9.275745168E0
7.860760267E1,8.125954530E-1,3.052887133E0,9.287392822E0
7.861757967E1,8.773430606E-1,3.001555012E0,9.298227713E0
7.862755667E1,9.417412240E-1,2.949247575E0,9.308660899E0
7.863753267E1,1.004744607E0,2.894454194E0,9.319265994E0
7.864750967E1,1.065931991E0,2.837138032E0,9.330088021E0
7.865748667E1,1.125758217E0,2.779277202E0,9.340470337E0
7.866746267E1,1.185716955E0,2.721217566E0,9.350141632E0
7.867743967E1,1.246685873E0,2.662615309E0,9.359078516E0
7.868741637E1,1.306665441E0,2.602531368E0,9.367793791E0
7.869739237E1,1.363888633E0,2.540520184E0,9.376655247E0
7.870736938E1,1.418422835E0,2.476640522E0,9.385650018E0
7.871734638E1,1.472633541E0,2.412015487E0,9.394127312E0
7.872732237E1,1.526809748E0,2.347762919E0,9.401753250E0
7.873729938E1,1.580950726E0,2.283233047E0,9.408695065E0
7.874727638E1,1.633370284E0,2.216632968E0,9.415664361E0
7.875725238E1,1.683245425E0,2.147350333E0,9.422933035E0
7.876722937E1,1.730554370E0,2.076504738E0,9.430239131E0
7.877720638E1,1.776761699E0,2.006005151E0,9.436904372E0
7.878718238E1,1.823638389E0,1.936234858E0,9.442533486E0
7.879715937E1,1.871065739E0,1.865781757E0,9.447437546E0
7.880713637E1,1.916146018E0,1.793605481E0,9.452379028E0
7.881711238E1,1.958718279E0,1.719142505E0,9.457487741E0
7.882708938E1,1.999515765E0,1.643529675E0,9.462391216E0
7.883706537E1,2.040126432E0,1.568700225E0,9.466422871E0
7.884704238E1,2.081376638E0,1.494801213E0,9.469400273E0
7.885701938E1,2.121982627E0,1.420322742E0,9.471851426E0
7.886699537E1,2.160857986E0,1.343168731E0,9.474317197E0
7.887697237E1,2.197129581E0,1.263294158E0,9.476961892E0
7.888694938E1,2.230754433E0,1.183209523E0,9.479443451E0
7.889692538E1,2.264210739E0,1.104036103E0,9.481063129E0
7.890690237E1,2.298433469E0,1.025167104E0,9.481684104E0
7.891687937E1,2.331509706E0,9.450805689E-1,9.481929687E0
7.892685538E1,2.361829712E0,8.627234866E-1,9.482276427E0
7.893683238E1,2.389540252E0,7.787788852E-1,9.482599778E0
7.894680937E1,2.416389496E0,6.951794889E-1,9.482293383E0
7.895678538E1,2.443154541E0,6.127342598E-1,9.481121017E0
7.896676238E1,2.468446819E0,5.306747643E-1,9.479517710E0
7.897673937E1,2.491766684E0,4.465070551E-1,9.477754190E0
7.898671537E1,2.513226551E0,3.600458121E-1,9.475766721E0
7.899669238E1,2.532435531E0,2.729229750E-1,9.473562321E0
7.900666838E1,2.549814918E0,1.866470157E-1,9.470993055E0
7.901664537E1,2.566539124E0,1.017111194E-1,9.467768315E0
7.902662238E1,2.582678316E0,1.691052911E-2,9.463909737E0
7.903659838E1,2.597008672E0,-6.934741576E-2,9.459748274E0
7.904657538E1,2.608479155E0,-1.569783531E-1,9.455542957E0
7.905655237E1,2.617890541E0,-2.444637176E-1,9.451083870E0
7.906652838E1,2.626186278E0,-3.303565381E-1,9.446169285E0
7.907650538E1,2.632975188E0,-4.151342580E-1,9.440932519E0
7.908648237E1,2.636047315E0,-5.010005468E-1,9.435907422E0
7.909645837E1,2.627457463E0,-5.884322083E-1,9.433255709E0
7.910643538E1,2.617945797E0,-6.765168576E-1,9.429994133E0
7.911641238E1,2.617121340E0,-7.638046776E-1,9.423554594E0
7.912638837E1,2.616177015E0,-8.500403642E-1,9.416429762E0
7.913636538E1,2.614591542E0,-9.362379708E-1,9.408690972E0
7.914634238E1,2.611916733E0,-1.023227729E0,9.400372138E0
7.915631837E1,2.607984188E0,-1.110845405E0,9.391514191E0
7.916629537E1,2.602569959E0,-1.198591501E0,9.382222965E0
7.917627238E1,2.595401273E0,-1.285617365E0,9.372682648E0
7.918624838E1,2.586720496E0,-1.371524950E0,9.362900257E0
7.919622537E1,2.576355137E0,-1.457217503E0,9.352807378E0
7.920620238E1,2.564333262E0,-1.543938874E0,9.342191758E0
7.921617838E1,2.551312097E0,-1.631651495E0,9.330842312E0
7.922615538E1,2.536784105E0,-1.718479139E0,9.319209276E0
7.923613137E1,2.520186491E0,-1.803713563E0,9.307597876E0
7.924610838E1,2.502563568E0,-1.888109642E0,9.295607575E0
7.925608538E1,2.482839448E0,-1.972480871E0,9.283368183E0
7.926606137E1,2.461552367E0,-2.057152647E0,9.270651659E0
7.927603837E1,2.440221286E0,-2.141927918E0,9.257082025E0
7.928601538E1,2.418098053E0,-2.225694252E0,9.243115366E0
7.929599138E1,2.393938527E0,-2.308193495E0,9.229160401E0
7.930596837E1,2.367659240E0,-2.390403301E0,9.215001953E0
7.931594538E1,2.340609582E0,-2.472700376E0,9.200184524E0
7.932592138E1,2.314591226E0,-2.554889131E0,9.184297054E0
7.933589837E1,2.288604446E0,-2.637027309E0,9.167577526E0
7.934587537E1,2.261250732E0,-2.718840965E0,9.150451031E0
7.935585138E1,2.232111279E0,-2.799114173E0,9.133385932E0
7.936582838E1,2.200844317E0,-2.878284011E0,9.116351239E0
7.937580537E1,2.168145371E0,-2.957582488E0,9.098788542E0
7.938578137E1,2.135825325E0,-3.036960779E0,9.080265148E0
7.939575838E1,2.104359850E0,-3.114974331E0,9.061164633E0
7.940573538E1,2.071508146E0,-3.191208282E0,9.042186910E0
7.941571137E1,2.036046391E0,-3.267584028E0,9.022943723E0
7.942568838E1,1.997956166E0,-3.344670211E0,9.003191244E0
7.943566538E1,1.958223313E0,-3.420899484E0,8.983256916E0
7.944564137E1,1.919250451E0,-3.496527956E0,8.962525613E0
7.945561837E1,1.880953673E0,-3.571941835E0,8.940880390E0
7.946559438E1,1.840695740E0,-3.645985419E0,8.919345680E0
7.947557138E1,1.797606731E0,-3.718723028E0,8.898078772E0
7.948554837E1,1.752210849E0,-3.791110388E0,8.876561603E0
7.949552438E1,1.707438572E0,-3.863226146E0,8.854165013E0
7.950550138E1,1.663798609E0,-3.933801161E0,8.831369058E0
7.951547838E1,1.619375558E0,-4.001932333E0,8.808987671E0
7.952545437E1,1.573104640E0,-4.069221506E0,8.786516821E0
7.953543138E1,1.524274103E0,-4.136407184E0,8.763722035E0
7.954540838E1,1.473771409E0,-4.202232506E0,8.741014958E0
7.955538437E1,1.424932541E0,-4.266648650E0,8.717876941E0
7.956536137E1,1.378879724E0,-4.330164615E0,8.693932593E0
7.957533838E1,1.333162830E0,-4.392427813E0,8.669795287E0
7.958531438E1,1.285104272E0,-4.452854986E0,8.646195340E0
7.959529137E1,1.233581678E0,-4.511923851E0,8.623045628E0
7.960526838E1,1.181558781E0,-4.571347058E0,8.599000123E0
7.961524438E1,1.131335437E0,-4.630456853E0,8.574091569E0
7.962522137E1,1.082483266E0,-4.687047083E0,8.549615124E0
7.963519837E1,1.031160354E0,-4.742044824E0,8.525597686E0
7.964517438E1,9.756599718E-1,-4.797137290E0,8.501273854E0
7.965515138E1,9.176487952E-1,-4.851655852E0,8.476759987E0
7.966512837E1,8.603739291E-1,-4.903909787E0,8.452664196E0
7.967510437E1,8.063230716E-1,-4.954952179E0,8.428190675E0
7.968508138E1,7.538592947E-1,-5.005593159E0,8.403084485E0
7.969505738E1,6.968992281E-1,-5.054615046E0,8.378622074E0
7.970503437E1,6.353678814E-1,-5.101558247E0,8.355029143E0
7.971501138E1,5.727983616E-1,-5.147610918E0,8.331273075E0
7.972498738E1,5.132976799E-1,-5.193081790E0,8.306896618E0
7.973496437E1,4.569900164E-1,-5.235902705E0,8.283270943E0
7.974494137E1,3.991664988E-1,-5.275748556E0,8.260946859E0
7.975491738E1,3.381991526E-1,-5.314387541E0,8.238871281E0
7.976489438E1,2.739328805E-1,-5.352519574E0,8.216543688E0
7.977487137E1,2.094826038E-1,-5.388594555E0,8.194831806E0
7.978484738E1,1.489443884E-1,-5.422606055E0,8.173692952E0
7.979482438E1,9.150524304E-2,-5.455346954E0,8.152724837E0
7.980480137E1,3.245568539E-2,-5.486598567E0,8.132175967E0
7.981477737E1,-3.202805065E-2,-5.515497261E0,8.112605336E0
7.982475438E1,-1.001629138E-1,-5.542857553E0,8.093380276E0
7.983473138E1,-1.678232388E-1,-5.570465181E0,8.073279887E0
7.984470737E1,-2.344151496E-1,-5.597533112E0,8.052873690E0
7.985468437E1,-3.018534083E-1,-5.622184389E0,8.033432282E0
7.986466138E1,-3.710060890E-1,-5.644282771E0,8.015018815E0
7.987463738E1,-4.424751075E-1,-5.665360229E0,7.996500099E0
7.988461437E1,-5.169916584E-1,-5.685349520E0,7.977820584E0
7.989459138E1,-5.914102318E-1,-5.702943208E0,7.960073699E0
7.990456738E1,-6.620277496E-1,-5.718114393E0,7.943612618E0
7.991454437E1,-7.293015005E-1,-5.731874646E0,7.927788298E0
7.992452137E1,-7.987478576E-1,-5.744406399E0,7.912009587E0
7.993449738E1,-8.733788677E-1,-5.755221993E0,7.896247247E0
7.994447438E1,-9.491508157E-1,-5.764323769E0,7.880849190E0
7.995445137E1,-1.021644815E0,-5.771644483E0,7.866413584E0
7.996442738E1,-1.091135757E0,-5.777523274E0,7.852754488E0
7.997440438E1,-1.159810427E0,-5.782295187E0,7.839387753E0
7.998438038E1,-1.231304772E0,-5.785788898E0,7.825895888E0
7.999435737E1,-1.306874187E0,-5.787736605E0,7.812188260E0
8.000433438E1,-1.383734375E0,-5.788196197E0,7.798599916E0
8.001431038E1,-1.457980419E0,-5.787395713E0,7.785655934E0
8.002428737E1,-1.528622824E0,-5.785399473E0,7.773580849E0
8.003426437E1,-1.599566799E0,-5.781246781E0,7.762388109E0
8.004424038E1,-1.675702955E0,-5.774622470E0,7.751248578E0
8.005421738E1,-1.755450352E0,-5.766483146E0,7.739648872E0
8.006419437E1,-1.834583791E0,-5.756997793E0,7.728348543E0
8.007417038E1,-1.910109060E0,-5.745896269E0,7.718307120E0
8.008414738E1,-1.984033946E0,-5.732973922E0,7.709262062E0
8.009412437E1,-2.059647507E0,-5.718165849E0,7.700423995E0
8.010410037E1,-2.139166278E0,-5.701345164E0,7.691211122E0
8.011407738E1,-2.220975257E0,-5.683108283E0,7.681513515E0
8.012405438E1,-2.299763710E0,-5.663549346E0,7.672769589E0
8.013403037E1,-2.374122606E0,-5.642422771E0,7.665683933E0
8.014400737E1,-2.445977139E0,-5.619418071E0,7.659989914E0
8.015398438E1,-2.520257243E0,-5.594201369E0,7.654366062E0
8.016396038E1,-2.599292302E0,-5.567022341E0,7.647747599E0
8.017393737E1,-2.679462892E0,-5.538932902E0,7.640471324E0
8.018391438E1,-2.757080002E0,-5.509702086E0,7.633989100E0
8.019389038E1,-2.830199726E0,-5.478615949E0,7.629602519E0
8.020386737E1,-2.900816549E0,-5.445670397E0,7.626666048E0
8.021384437E1,-2.974485327E0,-5.411311573E0,7.622745489E0
8.022382038E1,-3.052785392E0,-5.375728342E0,7.616964347E0
8.023379738E1,-3.131244208E0,-5.339258088E0,7.610764545E0
8.024377437E1,-3.206382391E0,-5.301223705E0,7.606066307E0
8.025375038E1,-3.278164857E0,-5.261052164E0,7.603358461E0
8.026372738E1,-3.349731561E0,-5.218794336E0,7.601287962E0
8.027370338E1,-3.425631636E0,-5.175048977E0,7.597369158E0
8.028368037E1,-3.505422156E0,-5.130075703E0,7.591471072E0
8.029365738E1,-3.583391853E0,-5.083986195E0,7.586071753E0
8.030363338E1,-3.657493325E0,-5.036117379E0,7.582635344E0
8.031361037E1,-3.730863894E0,-4.986545854E0,7.579651510E0
8.032358737E1,-3.807317701E0,-4.935213148E0,7.575229846E0
8.033356338E1,-3.887768371E0,-4.882198198E0,7.568718386E0
8.034354038E1,-3.970169089E0,-4.827939545E0,7.560743954E0
8.035351737E1,-4.048095224E0,-4.772406491E0,7.554678052E0
8.036349338E1,-4.121205592E0,-4.715154649E0,7.551098387E0
8.037347038E1,-4.194603059E0,-4.656360895E0,7.547165549E0
8.038344737E1,-4.272881782E0,-4.595795143E0,7.540374593E0
8.039342337E1,-4.355937679E0,-4.533306242E0,7.530673478E0
8.040340038E1,-4.437785542E0,-4.469680350E0,7.520912136E0
8.041337738E1,-4.514616494E0,-4.404795844E0,7.513462198E0
8.042335337E1,-4.587954027E0,-4.339139798E0,7.507239591E0
8.043333038E1,-4.660741337E0,-4.273093451E0,7.500284913E0
8.044330738E1,-4.736387058E0,-4.205591147E0,7.491043974E0
8.045328338E1,-4.815103152E0,-4.137033128E0,7.479026191E0
8.046326037E1,-4.891172504E0,-4.067607967E0,7.467736972E0
8.047323738E1,-4.960849096E0,-3.995700079E0,7.460593429E0
8.048321338E1,-5.024949782E0,-3.921114165E0,7.457268117E0
8.049319037E1,-5.086968275E0,-3.845072587E0,7.454815210E0
8.050316737E1,-5.152152450E0,-3.767756317E0,7.449525819E0
8.051314338E1,-5.219586634E0,-3.689712945E0,7.441641433E0
8.052312038E1,-5.284540429E0,-3.611111748E0,7.434352879E0
8.053309637E1,-5.345864857E0,-3.531871744E0,7.428574076E0
8.054307338E1,-5.404551607E0,-3.452077715E0,7.423616222E0
8.055305038E1,-5.464293779E0,-3.370600273E0,7.417320524E0
8.056302637E1,-5.527185845E0,-3.287496721E0,7.408014681E0
8.057300337E1,-5.589342917E0,-3.204477076E0,7.397748140E0
8.058298038E1,-5.648528434E0,-3.120383005E0,7.388736995E0
8.059295638E1,-5.704306194E0,-3.034258489E0,7.381751912E0
8.060293337E1,-5.758222200E0,-2.946870681E0,7.375291908E0
8.061291037E1,-5.813983587E0,-2.858787640E0,7.366208258E0
8.062288638E1,-5.871240692E0,-2.770321606E0,7.354587502E0
8.063286338E1,-5.926281118E0,-2.680525623E0,7.343709342E0
8.064284037E1,-5.977253636E0,-2.589125456E0,7.335186440E0
8.065281638E1,-6.025160458E0,-2.496505560E0,7.328096691E0
8.066279338E1,-6.072863213E0,-2.402079459E0,7.320276040E0
8.067277037E1,-6.121817856E0,-2.306322386E0,7.310288411E0
8.068274637E1,-6.171124502E0,-2.210618084E0,7.298389328E0
8.069272317E1,-6.219304975E0,-2.114401273E0,7.285990891E0
8.070270017E1,-6.264316841E0,-2.015616073E0,7.275419710E0
8.071267617E1,-6.305679460E0,-1.913126662E0,7.267355815E0
8.072265317E1,-6.345087939E0,-1.805936089E0,7.260478320E0
8.073263017E1,-6.386821271E0,-1.684142242E0,7.253157021E0
8.074260617E1,-6.433442876E0,-1.506873082E0,7.250947943E0
8.075258317E1,-6.469048326E0,-1.397301669E0,7.241205897E0
8.076256017E1,-6.499838594E0,-1.293551160E0,7.232905775E0
8.077253617E1,-6.527073755E0,-1.191109111E0,7.225971562E0
8.078251317E1,-6.552091067E0,-1.088562105E0,7.219503956E0
8.079249017E1,-6.577342853E0,-9.858236752E-1,7.211297389E0
8.080246617E1,-6.601194815E0,-8.840911129E-1,7.202687949E0
8.081244317E1,-6.622052418E0,-7.820854857E-1,7.195336829E0
8.082241917E1,-6.640331399E0,-6.792659260E-1,7.188928866E0
8.083239617E1,-6.656277925E0,-5.766134871E-1,7.183145970E0
8.084237317E1,-6.671532726E0,-4.741113947E-1,7.176487745E0
8.085234917E1,-6.686906226E0,-3.718545930E-1,7.168201071E0
8.086232617E1,-6.700620285E0,-2.700259720E-1,7.159949480E0
8.087230317E1,-6.712072057E0,-1.685256356E-1,7.152327050E0
8.088227917E1,-6.721205993E0,-6.763747977E-2,7.145412717E0
8.089225617E1,-6.728874031E0,3.391179055E-2,7.138431727E0
8.090223317E1,-6.737088200E0,1.361552487E-1,7.129460344E0
8.091220917E1,-6.743538263E0,2.371692795E-1,7.120712909E0
8.092218617E1,-6.746636703E0,3.377760701E-1,7.113712623E0
8.093216317E1,-6.746721488E0,4.389504790E-1,7.108106312E0
8.094213917E1,-6.744293724E0,5.401093929E-1,7.103441988E0
8.095211617E1,-6.740552090E0,6.414261085E-1,7.098565410E0
8.096209317E1,-6.735933375E0,7.423788714E-1,7.093107619E0
8.097206917E1,-6.729118445E0,8.430788885E-1,7.088320504E0
8.098204617E1,-6.719502114E0,9.432176460E-1,7.084824454E0
8.099202317E1,-6.706271034E0,1.042750851E0,7.083410012E0
8.100199917E1,-6.689352701E0,1.142807382E0,7.083971930E0
8.101197617E1,-6.670784283E0,1.243457479E0,7.084528584E0
8.102195317E1,-6.651508936E0,1.342893474E0,7.084502272E0
8.103192917E1,-6.630672383E0,1.440107966E0,7.084940228E0
8.104190617E1,-6.608029041E0,1.536981126E0,7.085741882E0
8.105188317E1,-6.583576570E0,1.634074873E0,7.086778008E0
8.106185917E1,-6.556603364E0,1.730787674E0,7.088823949E0
8.107183617E1,-6.528471825E0,1.826846756E0,7.090683948E0
8.108181317E1,-6.499096583E0,1.922513343E0,7.092375548E0
8.109178917E1,-6.467914551E0,2.017677948E0,7.094446047E0
8.110176617E1,-6.434004793E0,2.112275518E0,7.097743292E0
8.111174217E1,-6.397637451E0,2.206771201E0,7.101866164E0
8.112171917E1,-6.358903740E0,2.301492878E0,7.106587206E0
8.113169617E1,-6.318490709E0,2.395112502E0,7.111695333E0
8.114167217E1,-6.276837484E0,2.486435778E0,7.117236155E0
8.115164917E1,-6.234169766E0,2.576476467E0,7.122709733E0
8.116162617E1,-6.190333191E0,2.666803670E0,7.127695069E0
8.117160217E1,-6.143988159E0,2.756710458E0,7.133586139E0
8.118157917E1,-6.094158188E0,2.846448846E0,7.141082270E0
8.119155617E1,-6.042158899E0,2.935503986E0,7.149211653E0
8.120153217E1,-5.988484967E0,3.024069715E0,7.157453889E0
8.121150917E1,-5.934041542E0,3.111684979E0,7.165240041E0
8.122148617E1,-5.878457910E0,3.197873231E0,7.173105131E0
8.123146217E1,-5.821047024E0,3.283213928E0,7.181366077E0
8.124143917E1,-5.760857540E0,3.367976335E0,7.190643854E0
8.125141617E1,-5.698108145E0,3.450649825E0,7.201436060E0
8.126139217E1,-5.633768892E0,3.531641948E0,7.212784336E0
8.127136917E1,-5.568439706E0,3.612519465E0,7.223453751E0
8.128134617E1,-5.500519618E0,3.693338218E0,7.234613746E0
8.129132217E1,-5.429597570E0,3.773228433E0,7.246952541E0
8.130129917E1,-5.356697409E0,3.851013359E0,7.260274837E0
8.131127617E1,-5.283699600E0,3.926314679E0,7.273422301E0
8.132125217E1,-5.209922941E0,4.000105956E0,7.286423001E0
8.133122917E1,-5.135145239E0,4.072238085E0,7.299538890E0
8.134120617E1,-5.059034371E0,4.142514016E0,7.313128989E0
8.135118217E1,-4.980919663E0,4.211836266E0,7.327139502E0
8.136115917E1,-4.901131482E0,4.280634020E0,7.341061723E0
8.137113617E1,-4.820572053E0,4.347538739E0,7.355072821E0
8.138111217E1,-4.739101336E0,4.413212619E0,7.368892130E0
8.139108917E1,-4.656174369E0,4.478949063E0,7.382084033E0
8.140106617E1,-4.571616322E0,4.544857709E0,7.394639760E0
8.141104217E1,-4.485981802E0,4.609177081E0,7.407263898E0
8.142101917E1,-4.399427223E0,4.670210318E0,7.420934688E0
8.143099617E1,-4.312409252E0,4.729751638E0,7.434290314E0
8.144097217E1,-4.224728791E0,4.788734549E0,7.446863582E0
8.145094917E1,-4.135565185E0,4.846859088E0,7.459300025E0
8.146092517E1,-4.044997954E0,4.903088545E0,7.472202491E0
8.147090217E1,-3.954544159E0,4.957353630E0,7.484806749E0
8.148087917E1,-3.863680474E0,5.009907235E0,7.497259564E0
8.149085517E1,-3.771310547E0,5.060855779E0,7.510063212E0
8.150083217E1,-3.677423559E0,5.110809127E0,7.522784414E0
8.151080917E1,-3.582702466E0,5.159432234E0,7.535290439E0
8.152078517E1,-3.487291402E0,5.206307023E0,7.547799388E0
8.153076217E1,-3.391486528E0,5.250574538E0,7.560779622E0
8.154073917E1,-3.294861289E0,5.291923124E0,7.574664420E0
8.155071517E1,-3.197427088E0,5.331825693E0,7.588425257E0
8.156069217E1,-3.099466638E0,5.370882754E0,7.601514834E0
8.157066917E1,-3.000046430E0,5.408420709E0,7.614775735E0
8.158064517E1,-2.899633073E0,5.444295132E0,7.628098031E0
8.159062217E1,-2.799056870E0,5.478473861E0,7.641185269E0
8.160059917E1,-2.698246195E0,5.510648750E0,7.654300573E0
8.161057517E1,-2.597063051E0,5.540653152E0,7.667628132E0
8.162055217E1,-2.494473360E0,5.569046062E0,7.681108303E0
8.163052917E1,-2.391219133E0,5.596194685E0,7.694204312E0
8.164050517E1,-2.287865065E0,5.621613116E0,7.707090406E0
8.165048217E1,-2.184472405E0,5.643855339E0,7.720821422E0
8.166045917E1,-2.080349867E0,5.663863342E0,7.734914382E0
8.167043517E1,-1.975899738E0,5.682489647E0,7.748627272E0
8.168041217E1,-1.869587417E0,5.700605491E0,7.761690536E0
8.169039075E1,-1.762320100E0,5.718099191E0,7.773909463E0
8.170036675E1,-1.655187415E0,5.732899078E0,7.786547635E0
8.171034375E1,-1.548360100E0,5.744138596E0,7.800228365E0
8.172032075E1,-1.441976590E0,5.752259794E0,7.814621871E0
8.173029675E1,-1.334360047E0,5.758594667E0,7.829059231E0
8.174027375E1,-1.225164391E0,5.763918557E0,7.842978528E0
8.175025075E1,-1.115632228E0,5.767614582E0,7.856594939E0
8.176022675E1,-1.006321455E0,5.769008558E0,7.870321278E0
8.177020375E1,-8.975432903E-1,5.767612243E0,7.884489082E0
8.178018075E1,-7.888342689E-1,5.764658815E0,7.898262198E0
8.179015675E1,-6.796098885E-1,5.760508461E0,7.911433051E0
8.180013375E1,-5.704106877E-1,5.754960623E0,7.924087595E0
8.181011075E1,-4.630435657E-1,5.746807265E0,7.936995909E0
8.182008675E1,-3.558712291E-1,5.735992255E0,7.950336916E0
8.183006375E1,-2.480810245E-1,5.723580955E0,7.963364512E0
8.184004075E1,-1.399896061E-1,5.708738383E0,7.976641200E0
8.185001675E1,-3.212821391E-2,5.691389109E0,7.990191538E0
8.185999375E1,7.502529970E-2,5.673017158E0,8.002958933E0
8.186997075E1,1.802606867E-1,5.653229595E0,8.015273169E0
8.187994675E1,2.848504178E-1,5.631238217E0,8.027709028E0
8.188992375E1,3.887262222E-1,5.607602018E0,8.039887608E0
8.189990075E1,4.919166049E-1,5.582042668E0,8.052013564E0
8.190987675E1,5.945117411E-1,5.555064200E0,8.063741325E0
8.191985375E1,6.964121550E-1,5.526261401E0,8.075366759E0
8.192983075E1,7.978170539E-1,5.496633559E0,8.086198726E0
8.193980675E1,8.985790515E-1,5.465497136E0,8.096727222E0
8.194978375E1,9.988150189E-1,5.431129541E0,8.108101226E0
8.195976075E1,1.098483368E0,5.393640118E0,8.120226597E0
8.196973675E1,1.197260382E0,5.354153870E0,8.132385882E0
8.197971375E1,1.294281331E0,5.313823870E0,8.143967462E0
8.198968975E1,1.390885958E0,5.272102232E0,8.155150262E0
8.199966675E1,1.487671410E0,5.227782676E0,8.166592094E0
8.200964375E1,1.583126914E0,5.181367478E0,8.178217528E0
8.201962075E1,1.676926485E0,5.133157770E0,8.189914883E0
8.202959675E1,1.769108279E0,5.083662844E0,8.201385950E0
8.203957375E1,1.859765410E0,5.032703775E0,8.212750014E0
8.204954975E1,1.949177085E0,4.980187592E0,8.224022276E0
8.205952675E1,2.037322692E0,4.925738904E0,8.235442473E0
8.206950375E1,2.124874660E0,4.869520265E0,8.246743387E0
8.207947975E1,2.211529226E0,4.812373964E0,8.257499340E0
8.208945675E1,2.296229800E0,4.754851981E0,8.267696884E0
8.209943375E1,2.379083091E0,4.696654351E0,8.277530147E0
8.210940975E1,2.461538334E0,4.636884697E0,8.287111979E0
8.211938675E1,2.543278608E0,4.574825858E0,8.296915421E0
8.212936375E1,2.623112690E0,4.510638341E0,8.307197165E0
8.213933975E1,2.700610516E0,4.444549309E0,8.317979431E0
8.214931675E1,2.775635263E0,4.376597354E0,8.329306657E0
8.215929375E1,2.849404905E0,4.307062558E0,8.340635637E0
8.216926975E1,2.922462649E0,4.235975911E0,8.351755287E0
8.217924675E1,2.994593024E0,4.163115218E0,8.362833422E0
8.218922375E1,3.065789599E0,4.088136080E0,8.374017976E0
8.219919975E1,3.135089630E0,4.011471481E0,8.385428233E0
8.220917675E1,3.201985577E0,3.933622529E0,8.397023846E0
8.221915375E1,3.267890714E0,3.854498299E0,8.408319497E0
8.222912975E1,3.333403503E0,3.773425777E0,8.419368981E0
8.223910675E1,3.397531672E0,3.690879172E0,8.430319646E0
8.224908375E1,3.459169218E0,3.606898829E0,8.441594832E0
8.225905975E1,3.518072315E0,3.521662505E0,8.453233715E0
8.226903675E1,3.575305446E0,3.435169029E0,8.464804185E0
8.227901375E1,3.631087006E0,3.347558151E0,8.476152461E0
8.228898975E1,3.685423135E0,3.258877816E0,8.487253400E0
8.229896675E1,3.738065617E0,3.168433377E0,8.498470114E0
8.230894375E1,3.788403712E0,3.076272195E0,8.510032398E0
8.231891975E1,3.835926665E0,2.983015830E0,8.521935575E0
8.232889675E1,3.881253404E0,2.889092297E0,8.533763323E0
8.233887375E1,3.926149203E0,2.794645438E0,8.544671304E0
8.234884975E1,3.971136803E0,2.699142281E0,8.554578241E0
8.235882675E1,4.014609097E0,2.601900745E0,8.564410334E0
8.236880375E1,4.055321213E0,2.502844527E0,8.574744118E0
8.237877975E1,4.092541080E0,2.402352817E0,8.585796525E0
8.238875675E1,4.127015971E0,2.301119534E0,8.597016163E0
8.239873375E1,4.159988127E0,2.199232678E0,8.607785565E0
8.240870975E1,4.192148398E0,2.096146705E0,8.617897739E0
8.241868675E1,4.222969072E0,1.991313145E0,8.627705859E0
8.242866375E1,4.250639558E0,1.885243629E0,8.637940825E0
8.243863975E1,4.274186588E0,1.778073376E0,8.649040010E0
8.244861675E1,4.295449111E0,1.670511213E0,8.659942728E0
8.245859375E1,4.316736192E0,1.563143908E0,8.669398845E0
8.246856975E1,4.338347501E0,1.455850132E0,8.677289078E0
8.247854675E1,4.357992976E0,1.347704855E0,8.684911509E0
8.248852375E1,4.373788644E0,1.238310321E0,8.693253731E0
8.249849975E1,4.385510850E0,1.127757599E0,8.702387667E0
8.250847675E1,4.394490711E0,1.016936490E0,8.711509323E0
8.251845375E1,4.403013028E0,9.066552988E-1,8.719377921E0
8.252842975E1,4.411821566E0,7.957706016E-1,8.725748463E0
8.253840675E1,4.418437690E0,6.837318832E-1,8.731896810E0
8.254838375E1,4.420389491E0,5.710008544E-1,8.739005270E0
8.255835975E1,4.417834258E0,4.578708994E-1,8.746953390E0
8.256833675E1,4.412508906E0,3.446710337E-1,8.754831344E0
8.257831375E1,4.406702036E0,2.320433545E-1,8.761462671E0
8.258828975E1,4.400595789E0,1.192358095E-1,8.766791824E0
8.259826675E1,4.391569442E0,5.334865943E-3,8.772125654E0
8.260824375E1,4.376463161E0,-1.093729545E-1,8.778992624E0
8.261821975E1,4.346516646E0,-2.243061360E-1,8.791676989E0
8.262819675E1,4.321568915E0,-3.368969046E-1,8.800377061E0
8.263817375E1,4.303957686E0,-4.486460397E-1,8.804019876E0
8.264814975E1,4.287668221E0,-5.625067504E-1,8.805429640E0
8.265812675E1,4.268798671E0,-6.785578282E-1,8.806418989E0
8.266810375E1,4.245596335E0,-7.951854414E-1,8.807876700E0
8.267807975E1,4.217854512E0,-9.109174074E-1,8.809996315E0
8.268805542E1,4.190320266E0,-1.024980870E0,8.810603256E0
8.269803242E1,4.166558351E0,-1.139223258E0,8.807841032E0
8.270800842E1,4.141711485E0,-1.254913782E0,8.803835689E0
8.271798542E1,4.111212701E0,-1.371798746E0,8.800693395E0
8.272796242E1,4.075364006E0,-1.488913359E0,8.798331705E0
8.273793842E1,4.037467909E0,-1.604587949E0,8.795467739E0
8.274791542E1,3.999329445E0,-1.717833314E0,8.791502157E0
8.275789242E1,3.959690293E0,-1.831231875E0,8.786554828E0
8.276786842E1,3.918035314E0,-1.947361086E0,8.780255622E0
8.277784542E1,3.872891008E0,-2.065103690E0,8.773378127E0
8.278782242E1,3.824033721E0,-2.182111007E0,8.766484845E0
8.279779842E1,3.773528396E0,-2.297600679E0,8.758859491E0
8.280777542E1,3.722525472E0,-2.412355502E0,8.749825543E0
8.281775242E1,3.670125649E0,-2.527012531E0,8.739592915E0
8.282772842E1,3.615629892E0,-2.641918797E0,8.728321238E0
8.283770542E1,3.560036319E0,-2.756136553E0,8.715845034E0
8.284768242E1,3.505079509E0,-2.867879768E0,8.702056130E0
8.285765842E1,3.450105157E0,-2.976876546E0,8.687409439E0
8.286763542E1,3.394287636E0,-3.085029278E0,8.671649439E0
8.287761242E1,3.338045900E0,-3.194438576E0,8.653849345E0
8.288758842E1,3.280138585E0,-3.303937045E0,8.634859343E0
8.289756542E1,3.221866695E0,-3.411444829E0,8.614970623E0
8.290754242E1,3.164229521E0,-3.517156348E0,8.593797855E0
8.291751842E1,3.105769351E0,-3.622422310E0,8.571368521E0
8.292749542E1,3.044463634E0,-3.728349884E0,8.547908907E0
8.293747242E1,2.981245585E0,-3.834238282E0,8.523314933E0
8.294744842E1,2.918832113E0,-3.938624822E0,8.497279036E0
8.295742542E1,2.859537838E0,-4.041482023E0,8.469094872E0
8.296740242E1,2.800840563E0,-4.143865015E0,8.439181101E0
8.297737842E1,2.740469231E0,-4.246470201E0,8.407937674E0
8.298735542E1,2.679197428E0,-4.349131813E0,8.375145319E0
8.299733242E1,2.618454798E0,-4.450205905E0,8.341191123E0
8.300730842E1,2.558543641E0,-4.548739091E0,8.306559234E0
8.301728542E1,2.498881576E0,-4.645061443E0,8.271341454E0
8.302726242E1,2.437163192E0,-4.739942165E0,8.235853533E0
8.303723842E1,2.373022891E0,-4.833993167E0,8.199839947E0
8.304721542E1,2.306857406E0,-4.926309008E0,8.163699476E0
8.305719242E1,2.240765158E0,-5.015652709E0,8.127625079E0
8.306716842E1,2.176350184E0,-5.102343528E0,8.091086998E0
8.307714542E1,2.110619002E0,-5.187195398E0,8.054464132E0
8.308712242E1,2.041762336E0,-5.271133348E0,8.017634275E0
8.309709842E1,1.972064549E0,-5.354158548E0,7.979977621E0
8.310707542E1,1.902909237E0,-5.435571086E0,7.941637428E0
8.311705242E1,1.834434103E0,-5.514818400E0,7.903020662E0
8.312702842E1,1.766174731E0,-5.591887625E0,7.864319696E0
8.313700542E1,1.697115605E0,-5.667279285E0,7.825461439E0
8.314698242E1,1.626528749E0,-5.742155221E0,7.785766447E0
8.315695842E1,1.553763512E0,-5.816532388E0,7.745313070E0
8.316693542E1,1.480860574E0,-5.889795077E0,7.704120020E0
8.317691242E1,1.410619141E0,-5.961195427E0,7.662271498E0
8.318688842E1,1.341586913E0,-6.030891314E0,7.620013086E0
8.319686542E1,1.269934694E0,-6.099762159E0,7.577352385E0
8.320684242E1,1.197068812E0,-6.168232470E0,7.533660235E0
8.321681842E1,1.125152080E0,-6.235410545E0,7.489311444E0
8.322679542E1,1.055952329E0,-6.300418135E0,7.444850970E0
8.323677242E1,9.899249122E-1,-6.363448781E0,7.400179996E0
8.324674842E1,9.242304942E-1,-6.424745142E0,7.355579190E0
8.325672542E1,8.568482043E-1,-6.484437028E0,7.311223381E0
8.326670242E1,7.869180632E-1,-6.542408078E0,7.267307868E0
8.327667842E1,7.142800035E-1,-6.598984568E0,7.223525087E0
8.328665542E1,6.406213123E-1,-6.654369979E0,7.179489121E0
8.329663242E1,5.665093888E-1,-6.707882527E0,7.135788200E0
8.330660842E1,4.882114436E-1,-6.758502458E0,7.093687078E0
8.331658542E1,4.072173839E-1,-6.806768299E0,7.052529697E0
8.332656242E1,3.275013062E-1,-6.853122686E0,7.011672862E0
8.333653842E1,2.490680893E-1,-6.896509026E0,6.972247426E0
8.334651542E1,1.728148241E-1,-6.936760674E0,6.934521775E0
8.335649242E1,9.829807224E-2,-6.974071172E0,6.898461412E0
8.336646842E1,2.285418956E-2,-7.008431166E0,6.864217193E0
8.337644542E1,-5.370080114E-2,-7.041016529E0,6.830615584E0
8.338642242E1,-1.307592006E-1,-7.072345911E0,6.797126241E0
8.339639842E1,-2.049850717E-1,-7.101565032E0,6.764750792E0
8.340637542E1,-2.750742387E-1,-7.128042979E0,6.734347610E0
8.341635242E1,-3.460415845E-1,-7.151682687E0,6.705951777E0
8.342632842E1,-4.207001130E-1,-7.173726690E0,6.678081023E0
8.343630542E1,-4.974569879E-1,-7.195290052E0,6.649544857E0
8.344628242E1,-5.746010582E-1,-7.215487504E0,6.621380573E0
8.345625842E1,-6.490902002E-1,-7.233976985E0,6.594267619E0
8.346623542E1,-7.188542072E-1,-7.249911817E0,6.569484780E0
8.347621242E1,-7.874671168E-1,-7.262604952E0,6.547561229E0
8.348618842E1,-8.578233006E-1,-7.272771506E0,6.527405292E0
8.349616542E1,-9.281327797E-1,-7.281288561E0,6.508263847E0
8.350614242E1,-9.959913254E-1,-7.288045603E0,6.490646186E0
8.351611842E1,-1.060103998E0,-7.293029185E0,6.474875076E0
8.352609542E1,-1.123514421E0,-7.295448763E0,6.461443437E0
8.353607242E1,-1.190026572E0,-7.295011391E0,6.450019147E0
8.354604842E1,-1.259895756E0,-7.292125790E0,6.440005206E0
8.355602542E1,-1.330588739E0,-7.286472117E0,6.432182216E0
8.356600242E1,-1.399340155E0,-7.278367876E0,6.426764771E0
8.357597842E1,-1.465356243E0,-7.268742190E0,6.422944785E0
8.358595542E1,-1.532556392E0,-7.256922044E0,6.420627533E0
8.359593242E1,-1.604358738E0,-7.242274184E0,6.419626490E0
8.360590842E1,-1.678343704E0,-7.225958113E0,6.419095563E0
8.361588542E1,-1.751355547E0,-7.208982477E0,6.418678656E0
8.362586242E1,-1.821399782E0,-7.191261320E0,6.419062234E0
8.363583842E1,-1.889490316E0,-7.172147942E0,6.420763773E0
8.364581542E1,-1.960367048E0,-7.150461203E0,6.423702584E0
8.365579242E1,-2.035890709E0,-7.126615089E0,6.426710976E0
8.366576842E1,-2.113036387E0,-7.100892602E0,6.430279532E0
8.367574542E1,-2.190048749E0,-7.073094354E0,6.435146754E0
8.368572242E1,-2.264007548E0,-7.043494579E0,6.442014894E0
8.369569938E1,-2.335736804E0,-7.011875761E0,6.450893891E0
8.370567537E1,-2.410673551E0,-6.977926826E0,6.460130737E0
8.371565238E1,-2.489380143E0,-6.942258226E0,6.468704510E0
8.372562938E1,-2.567789843E0,-6.904812073E0,6.478126713E0
8.373560537E1,-2.642647068E0,-6.865227007E0,6.490082515E0
8.374558237E1,-2.712649641E0,-6.823596586E0,6.505087640E0
8.375555938E1,-2.783853525E0,-6.779606813E0,6.520981541E0
8.376553538E1,-2.860973037E0,-6.733583964E0,6.535271552E0
8.377551237E1,-2.941655550E0,-6.685754324E0,6.548545901E0
8.378548938E1,-3.021350468E0,-6.635966452E0,6.562887366E0
8.379546538E1,-3.096863165E0,-6.584995104E0,6.579009894E0
8.380544238E1,-3.169223043E0,-6.533021543E0,6.596344550E0
8.381541937E1,-3.244337545E0,-6.478452988E0,6.613624241E0
8.382539538E1,-3.324462818E0,-6.421179510E0,6.629667832E0
8.383537238E1,-3.407671621E0,-6.362227882E0,6.644240263E0
8.384534937E1,-3.489741385E0,-6.301823221E0,6.659191008E0
8.385532537E1,-3.566157185E0,-6.239303622E0,6.677553020E0
8.386530238E1,-3.640037924E0,-6.174991851E0,6.697439985E0
8.387527938E1,-3.717626383E0,-6.109205412E0,6.715129566E0
8.388525537E1,-3.800372086E0,-6.040872511E0,6.730611239E0
8.389523238E1,-3.884396282E0,-5.969561623E0,6.746250787E0
8.390520938E1,-3.964975592E0,-5.896568491E0,6.763545681E0
8.391518537E1,-4.040580967E0,-5.824132599E0,6.781540487E0
8.392516237E1,-4.116647395E0,-5.750871080E0,6.798293345E0
8.393513938E1,-4.197548887E0,-5.674386576E0,6.813077445E0
8.394511538E1,-4.282465661E0,-5.594720017E0,6.826103872E0
8.395509237E1,-4.367856059E0,-5.514669296E0,6.837130551E0
8.396506938E1,-4.449380863E0,-5.434809778E0,6.848499293E0
8.397504538E1,-4.526909680E0,-5.353621189E0,6.861626877E0
8.398502238E1,-4.605853231E0,-5.270159787E0,6.873691437E0
8.399499937E1,-4.687525678E0,-5.184281146E0,6.883780223E0
8.400497538E1,-4.770594147E0,-5.095282431E0,6.893158572E0
8.401495238E1,-4.853318215E0,-5.003712695E0,6.902481957E0
8.402492937E1,-4.932814035E0,-4.911510875E0,6.912343871E0
8.403490537E1,-5.009811925E0,-4.819518677E0,6.921713449E0
8.404488238E1,-5.088970946E0,-4.726212026E0,6.928303846E0
8.405485938E1,-5.170788111E0,-4.630401012E0,6.932419116E0
8.406483537E1,-5.252974235E0,-4.532670065E0,6.935218763E0
8.407481238E1,-5.331415218E0,-4.434719262E0,6.938686747E0
8.408478938E1,-5.405275492E0,-4.337421302E0,6.943045262E0
8.409476538E1,-5.478762129E0,-4.239745611E0,6.945777665E0
8.410474237E1,-5.553636310E0,-4.139972523E0,6.946499797E0
8.411471938E1,-5.627037578E0,-4.036788755E0,6.948156897E0
8.412469538E1,-5.700280386E0,-3.930832822E0,6.949205303E0
8.413467237E1,-5.773063602E0,-3.824338068E0,6.948544568E0
8.414464937E1,-5.844934069E0,-3.718165496E0,6.946084644E0
8.415462538E1,-5.917999122E0,-3.611806105E0,6.940334492E0
8.416460238E1,-5.992215491E0,-3.504397724E0,6.931713358E0
8.417457937E1,-6.066189201E0,-3.394821779E0,6.921895882E0
8.418455538E1,-6.139366520E0,-3.283380281E0,6.911128820E0
8.419453238E1,-6.208312209E0,-3.171377158E0,6.901835255E0
8.420450937E1,-6.274329028E0,-3.058855094E0,6.892916497E0
8.421448537E1,-6.341840395E0,-2.946008217E0,6.880275986E0
8.422446238E1,-6.408668223E0,-2.831791922E0,6.866297048E0
8.423443938E1,-6.473914379E0,-2.714287154E0,6.852530948E0
8.424441537E1,-6.537331526E0,-2.594441452E0,6.838733273E0
8.425439238E1,-6.597394710E0,-2.474677027E0,6.825427934E0
8.426436938E1,-6.656933398E0,-2.355857512E0,6.809645714E0
8.427434538E1,-6.720080988E0,-2.236546392E0,6.787818058E0
8.428432237E1,-6.779676980E0,-2.115252920E0,6.767406598E0
8.429429938E1,-6.837780177E0,-1.989460308E0,6.747067058E0
8.430427538E1,-6.894344387E0,-1.861274284E0,6.726052750E0
8.431425237E1,-6.947079256E0,-1.729010705E0,6.707064502E0
8.432422937E1,-7.002319071E0,-1.574975164E0,6.687531878E0
8.433420538E1,-7.057585199E0,-1.401743068E0,6.667961247E0
8.434418238E1,-7.103691664E0,-1.265581004E0,6.646199080E0
8.435415937E1,-7.145302205E0,-1.133927508E0,6.625328028E0
8.436413538E1,-7.185405918E0,-1.006080184E0,6.602563648E0
8.437411238E1,-7.225005017E0,-8.808972906E-1,6.577189656E0
8.438408937E1,-7.264600022E0,-7.557236063E-1,6.549089107E0
8.439406637E1,-7.303410332E0,-6.298254519E-1,6.519172997E0
8.440404238E1,-7.340108042E0,-5.040527934E-1,6.488824779E0
8.441401938E1,-7.374093813E0,-3.794489202E-1,6.458704602E0
8.442399637E1,-7.406030720E0,-2.547473071E-1,6.428211957E0
8.443397238E1,-7.436987634E0,-1.296970538E-1,6.396130038E0
8.444394938E1,-7.465789264E0,-5.209387208E-3,6.363810139E0
8.445392638E1,-7.490634668E0,1.189711316E-1,6.333429760E0
8.446390237E1,-7.512557634E0,2.434941944E-1,6.303830570E0
8.447387938E1,-7.531698495E0,3.672705952E-1,6.274928952E0
8.448385638E1,-7.548212786E0,4.901254931E-1,6.246627259E0
8.449383237E1,-7.562666518E0,6.125312883E-1,6.218278204E0
8.450380937E1,-7.574026489E0,7.343766645E-1,6.191196240E0
8.451378638E1,-7.581036716E0,8.551669105E-1,6.167064196E0
8.452376238E1,-7.583169195E0,9.746634601E-1,6.146680217E0
8.453373937E1,-7.580470120E0,1.094128215E0,6.129882921E0
8.454371638E1,-7.573453462E0,1.213748287E0,6.116021512E0
8.455369238E1,-7.561497075E0,1.332784076E0,6.106025696E0
8.456366937E1,-7.544246619E0,1.451146924E0,6.100378456E0
8.457364637E1,-7.522299095E0,1.568672304E0,6.098392156E0
8.458362238E1,-7.496479545E0,1.684720678E0,6.099229478E0
8.459359938E1,-7.467268610E0,1.799885829E0,6.102164780E0
8.460357637E1,-7.435121203E0,1.914996163E0,6.106377699E0
8.461355237E1,-7.400168887E0,2.029638427E0,6.111805084E0
8.462352938E1,-7.362582400E0,2.144302034E0,6.118043479E0
8.463350638E1,-7.322430739E0,2.259003209E0,6.124950795E0
8.464348237E1,-7.278731573E0,2.374288228E0,6.133427503E0
8.465345938E1,-7.232131019E0,2.490144667E0,6.142601784E0
8.466343638E1,-7.182252515E0,2.604981059E0,6.153488715E0
8.467341237E1,-7.128232428E0,2.717617728E0,6.167574073E0
8.468338937E1,-7.071745402E0,2.828504618E0,6.182724209E0
8.469336675E1,-7.013954446E0,2.937580625E0,6.197674370E0
8.470334275E1,-6.954653154E0,3.044986668E0,6.212644996E0
8.471331975E1,-6.893605884E0,3.152015857E0,6.227287009E0
8.472329675E1,-6.829447895E0,3.257921796E0,6.243452221E0
8.473327275E1,-6.762369221E0,3.362042581E0,6.261240036E0
8.474324975E1,-6.693829914E0,3.465013510E0,6.278727304E0
8.475322675E1,-6.624115900E0,3.567796159E0,6.295079042E0
8.476320275E1,-6.552341328E0,3.671534536E0,6.310527971E0
8.477317975E1,-6.477680570E0,3.774435591E0,6.326878540E0
8.478315675E1,-6.398887585E0,3.873862231E0,6.346930397E0
8.479313275E1,-6.317197890E0,3.970035480E0,6.369295412E0
8.480310975E1,-6.234780800E0,4.063885630E0,6.391279188E0
8.481308675E1,-6.151023529E0,4.156362269E0,6.412930259E0
8.482306275E1,-6.065381116E0,4.249357264E0,6.433523567E0
8.483303975E1,-5.976570681E0,4.342047911E0,6.454713877E0
8.484301675E1,-5.883702863E0,4.432964221E0,6.478191032E0
8.485299275E1,-5.788915404E0,4.521718230E0,6.502200869E0
8.486296975E1,-5.692393661E0,4.608260822E0,6.526614164E0
8.487294675E1,-5.593343582E0,4.694538828E0,6.550718726E0
8.488292275E1,-5.491506135E0,4.780728833E0,6.574503445E0
8.489289975E1,-5.386163868E0,4.865214083E0,6.599623668E0
8.490287675E1,-5.279093163E0,4.947559544E0,6.624871945E0
8.491285275E1,-5.171531877E0,5.027910227E0,6.649171804E0
8.492282975E1,-5.063432647E0,5.106668129E0,6.672308652E0
8.493280675E1,-4.954432361E0,5.184286993E0,6.694242142E0
8.494278375E1,-4.843296380E0,5.260584387E0,6.716012496E0
8.495275975E1,-4.729627969E0,5.334806603E0,6.738438322E0
8.496273675E1,-4.615644102E0,5.406893417E0,6.759988235E0
8.497271375E1,-4.501722507E0,5.476503350E0,6.780745266E0
8.498268975E1,-4.386556624E0,5.544731585E0,6.800748006E0
8.499266675E1,-4.269252707E0,5.612799023E0,6.819536279E0
8.500264375E1,-4.149040385E0,5.679475992E0,6.838502893E0
8.501261975E1,-4.027630554E0,5.743124689E0,6.857901616E0
8.502259675E1,-3.906935252E0,5.803873166E0,6.876555403E0
8.503257375E1,-3.785906659E0,5.862673352E0,6.894350819E0
8.504254975E1,-3.663057535E0,5.921016285E0,6.910838213E0
8.505252675E1,-3.538079440E0,5.978371038E0,6.926555529E0
8.506250375E1,-3.410832625E0,6.033034903E0,6.942969248E0
8.507247975E1,-3.282853155E0,6.084656462E0,6.959592882E0
8.508245675E1,-3.154666692E0,6.133768396E0,6.975748739E0
8.509243375E1,-3.026318555E0,6.181223813E0,6.990705332E0
8.510240975E1,-2.898047308E0,6.228240690E0,7.003316022E0
8.511238675E1,-2.768963298E0,6.273718579E0,7.014941456E0
8.512236375E1,-2.639037289E0,6.316632464E0,7.026501986E0
8.513233975E1,-2.509482286E0,6.356416335E0,7.038080058E0
8.514231675E1,-2.379526310E0,6.393709291E0,7.049428918E0
8.515229375E1,-2.248646182E0,6.430346775E0,7.059061037E0
8.516226975E1,-2.116474842E0,6.466521159E0,7.066876425E0
8.517224675E1,-1.983671418E0,6.499619908E0,7.075032706E0
8.518222375E1,-1.851369393E0,6.528156075E0,7.084610445E0
8.519219975E1,-1.720095748E0,6.553228351E0,7.094545450E0
8.520217675E1,-1.588365726E0,6.576394435E0,7.103817964E0
8.521215375E1,-1.456388953E0,6.599130163E0,7.111012963E0
8.522212975E1,-1.324835225E0,6.620587106E0,7.116792351E0
8.523210675E1,-1.193491632E0,6.638880705E0,7.122987476E0
8.524208375E1,-1.062461888E0,6.653558970E0,7.130036879E0
8.525205975E1,-9.311837107E-1,6.664811352E0,7.137876826E0
8.526203675E1,-7.991711229E-1,6.674795473E0,7.144545575E0
8.527201375E1,-6.677567784E-1,6.684497173E0,7.148964316E0
8.528198975E1,-5.356314124E-1,6.692556975E0,7.152543397E0
8.529196675E1,-4.041996359E-1,6.697895483E0,7.156179780E0
8.530194375E1,-2.751166859E-1,6.699262562E0,7.161025953E0
8.531192075E1,-1.477755209E-1,6.698327592E0,7.165659286E0
8.532189675E1,-2.162513452E-2,6.697018985E0,7.168372394E0
8.533187375E1,1.038769190E-1,6.694750850E0,7.169771048E0
8.534185075E1,2.285561847E-1,6.690180666E0,7.171146898E0
8.535182675E1,3.516433267E-1,6.682311484E0,7.173503326E0
8.536180375E1,4.729701644E-1,6.670733412E0,7.177305771E0
8.537178075E1,5.933686836E-1,6.657575423E0,7.180578457E0
8.538175675E1,7.131526604E-1,6.645076999E0,7.181257904E0
8.539173375E1,8.335963127E-1,6.632442920E0,7.179966838E0
8.540171075E1,9.547488669E-1,6.616608075E0,7.179489121E0
8.541168675E1,1.073688469E0,6.596193691E0,7.181471327E0
8.542166375E1,1.189046213E0,6.570766490E0,7.186605767E0
8.543164075E1,1.305335931E0,6.543597987E0,7.191211619E0
8.544161675E1,1.426301959E0,6.516738802E0,7.192626645E0
8.545159375E1,1.549992789E0,6.488430092E0,7.192627814E0
8.546157075E1,1.671828298E0,6.455579849E0,7.194900042E0
8.547154675E1,1.790316568E0,6.417298129E0,7.200636161E0
8.548152375E1,1.907425042E0,6.375206947E0,7.207951612E0
8.549150075E1,2.025596832E0,6.332052741E0,7.213748542E0
8.550147675E1,2.144115069E0,6.289400811E0,7.216807221E0
8.551145375E1,2.261981196E0,6.244801174E0,7.219557166E0
8.552143075E1,2.378499101E0,6.196279224E0,7.223916850E0
8.553140675E1,2.492557520E0,6.143688197E0,7.230377439E0
8.554138375E1,2.604103684E0,6.088538429E0,7.237710432E0
8.555136075E1,2.713968481E0,6.032538475E0,7.244235924E0
8.556133675E1,2.823279838E0,5.975573146E0,7.249670327E0
8.557131375E1,2.929584558E0,5.916658940E0,7.255810488E0
8.558129075E1,3.031055092E0,5.854734587E0,7.264357363E0
8.559126675E1,3.128155124E0,5.789439315E0,7.275516189E0
8.560124375E1,3.223265349E0,5.722581666E0,7.286886685E0
8.561122075E1,3.317596141E0,5.656405803E0,7.296212994E0
8.562119675E1,3.410627096E0,5.591192976E0,7.303580486E0
8.563117375E1,3.501888976E0,5.525018283E0,7.310748003E0
8.564115075E1,3.592493044E0,5.455862094E0,7.318720096E0
8.565112675E1,3.682217984E0,5.384386314E0,7.327056472E0
8.566110375E1,3.770295178E0,5.312007140E0,7.335090546E0
8.567108075E1,3.856912322E0,5.238625753E0,7.342828166E0
8.568105775E1,3.942550058E0,5.163693684E0,7.350419607E0
8.569103363E1,4.026958709E0,5.086658957E0,7.358369481E0
8.570101063E1,4.109850007E0,5.006912876E0,7.367228597E0
8.571098762E1,4.191347914E0,4.924378257E0,7.376937314E0
8.572096363E1,4.271379632E0,4.839729578E0,7.387045396E0
8.573094063E1,4.349368917E0,4.754323685E0,7.396992679E0
8.574091762E1,4.425007037E0,4.667817053E0,7.407219459E0
8.575089362E1,4.500196383E0,4.578877979E0,7.417425774E0
8.576087063E1,4.575716682E0,4.487626916E0,7.426985972E0
8.577084763E1,4.649524038E0,4.395412232E0,7.436288307E0
8.578082362E1,4.719639755E0,4.302878290E0,7.446229743E0
8.579080062E1,4.786996171E0,4.209626018E0,7.456528444E0
8.580077763E1,4.852791673E0,4.115129751E0,7.466741191E0
8.581075363E1,4.917169810E0,4.019701729E0,7.476599597E0
8.582073062E1,4.979110535E0,3.923101926E0,7.486909992E0
8.583070763E1,5.038374989E0,3.825368640E0,7.497827913E0
8.584068363E1,5.094707649E0,3.727071683E0,7.509260389E0
8.585066062E1,5.147698626E0,3.629032879E0,7.521131991E0
8.586063762E1,5.198356563E0,3.530372810E0,7.533236897E0
8.587061363E1,5.248042694E0,3.429302225E0,7.545464594E0
8.588059063E1,5.295299306E0,3.325843346E0,7.558748299E0
8.589056762E1,5.338516077E0,3.221471424E0,7.573537077E0
8.590054363E1,5.377646813E0,3.116752761E0,7.589654927E0
8.591052063E1,5.414187818E0,3.011158186E0,7.606286162E0
8.592049763E1,5.449621360E0,2.903750974E0,7.622726194E0
8.593047362E1,5.483376752E0,2.794634036E0,7.639286678E0
8.594045063E1,5.514365240E0,2.683885141E0,7.656672789E0
8.595042763E1,5.542212605E0,2.571615092E0,7.675075146E0
8.596040362E1,5.567172030E0,2.458581397E0,7.694028895E0
8.597038062E1,5.590587789E0,2.345159154E0,7.712435346E0
8.598035763E1,5.612850478E0,2.230278908E0,7.730321394E0
8.599033463E1,5.633385315E0,2.112947509E0,7.748324386E0
8.600031062E1,5.651473677E0,1.993589319E0,7.766759487E0
8.601028763E1,5.665705215E0,1.873622581E0,7.786232470E0
8.602026463E1,5.677257559E0,1.753536120E0,7.805763924E0
8.603024062E1,5.687555090E0,1.632777961E0,7.824439931E0
8.604021762E1,5.696261594E0,1.511232766E0,7.842504904E0
8.605019463E1,5.702228678E0,1.388641212E0,7.860811951E0
8.606017063E1,5.704253569E0,1.265116004E0,7.880169159E0
8.607014762E1,5.703209841E0,1.141269637E0,7.899810541E0
8.608012463E1,5.701097242E0,1.017941554E0,7.918167874E0
8.609010063E1,5.697146863E0,8.951158188E-1,7.935829389E0
8.610007763E1,5.689968236E0,7.717105517E-1,7.953918920E0
8.611005462E1,5.677677974E0,6.465569671E-1,7.973834537E0
8.612003063E1,5.643331429E0,5.177758065E-1,8.007547243E0
8.613000763E1,5.624063684E0,3.928296519E-1,8.028181483E0
8.613998462E1,5.604585439E0,2.691447052E-1,8.046880293E0
8.614996062E1,5.584482712E0,1.460715966E-1,8.064013220E0
8.615993763E1,5.562900639E0,2.257708407E-2,8.080205914E0
8.616991463E1,5.537960510E0,-1.007582425E-1,8.096724299E0
8.617989062E1,5.509060062E0,-2.233668722E-1,8.113967153E0
8.618986763E1,5.477935333E0,-3.447509212E-1,8.130772635E0
8.619984463E1,5.445710742E0,-4.652552750E-1,8.146402828E0
8.620982062E1,5.411964122E0,-5.863584933E-1,8.161061797E0
8.621979762E1,5.375684488E0,-7.087152815E-1,8.175319063E0
8.622977463E1,5.335459152E0,-8.315375081E-1,8.190086791E0
8.623975163E1,5.291707946E0,-9.531740655E-1,8.205204767E0
8.624972762E1,5.247728114E0,-1.072933740E0,8.218653363E0
8.625970463E1,5.203945917E0,-1.192156420E0,8.230055434E0
8.626968163E1,5.157792090E0,-1.312333001E0,8.240816649E0
8.627965763E1,5.107637013E0,-1.433651470E0,8.251835727E0
8.628963462E1,5.053056763E0,-1.555556707E0,8.263350649E0
8.629961163E1,4.995016716E0,-1.677464137E0,8.274782540E0
8.630958763E1,4.934825478E0,-1.800101884E0,8.285121002E0
8.631956462E1,4.872261732E0,-1.924581357E0,8.294163721E0
8.632954162E1,4.807589773E0,-2.050540908E0,8.301714231E0
8.633951763E1,4.741834324E0,-2.176557614E0,8.307448595E0
8.634949463E1,4.676348140E0,-2.301659963E0,8.310849921E0
8.635947162E1,4.610918089E0,-2.425891222E0,8.312074912E0
8.636944763E1,4.543374270E0,-2.549723701E0,8.312205305E0
8.637942463E1,4.474115170E0,-2.674320558E0,8.310620125E0
8.638940162E1,4.403278491E0,-2.799835135E0,8.307115304E0
8.639937762E1,4.331113910E0,-2.924610624E0,8.302059801E0
8.640935463E1,4.259306301E0,-3.047952960E0,8.294841413E0
8.641933163E1,4.186673943E0,-3.170943587E0,8.285709232E0
8.642930762E1,4.111037577E0,-3.294314867E0,8.275443276E0
8.643928462E1,4.031740269E0,-3.417440564E0,8.264518923E0
8.644926163E1,3.948882008E0,-3.539467277E0,8.253157198E0
8.645923863E1,3.864154976E0,-3.660758702E0,8.240343025E0
8.646921462E1,3.776153503E0,-3.781935230E0,8.226404432E0
8.647919163E1,3.683949929E0,-3.901707841E0,8.212264695E0
8.648916863E1,3.591446393E0,-4.019108237E0,8.196607606E0
8.649914462E1,3.500132472E0,-4.134280259E0,8.178808097E0
8.650912162E1,3.408285578E0,-4.247823539E0,8.159392417E0
8.651909863E1,3.315480326E0,-4.359809998E0,8.138534814E0
8.652907463E1,3.222986145E0,-4.469677426E0,8.116061041E0
8.653905162E1,3.132338222E0,-4.577345424E0,8.091505659E0
8.654902863E1,3.043116436E0,-4.682671319E0,8.065242305E0
8.655900463E1,2.953880031E0,-4.785728495E0,8.037879090E0
8.656898162E1,2.864841847E0,-4.887148451E0,8.009030097E0
8.657895862E1,2.775519781E0,-4.987319441E0,7.978673692E0
8.658893463E1,2.685527331E0,-5.085315267E0,7.947553641E0
8.659891163E1,2.597446336E0,-5.179855388E0,7.915709705E0
8.660888862E1,2.512377242E0,-5.271099434E0,7.882865894E0
8.661886462E1,2.427431671E0,-5.360005179E0,7.849460167E0
8.662884163E1,2.341170622E0,-5.447398249E0,7.815425279E0
8.663881863E1,2.253601259E0,-5.533318990E0,7.780730240E0
8.664879562E1,2.166689122E0,-5.617148182E0,7.745269216E0
8.665877163E1,2.081938555E0,-5.698922662E0,7.708690204E0
8.666874863E1,1.998383890E0,-5.778425499E0,7.671529394E0
8.667872562E1,1.914953332E0,-5.856503955E0,7.633506120E0
8.668870162E1,1.830751673E0,-5.934411086E0,7.593893573E0
8.669867850E1,1.744819383E0,-6.012343361E0,7.552710464E0
8.670865550E1,1.659122737E0,-6.089185131E0,7.510342124E0
8.671863150E1,1.574564690E0,-6.164632339E0,7.466870415E0
8.672860850E1,1.490850103E0,-6.238665690E0,7.422433330E0
8.673858550E1,1.406315591E0,-6.311658238E0,7.377082910E0
8.674856150E1,1.319529754E0,-6.383024674E0,7.331571107E0
8.675853850E1,1.232285204E0,-6.451830615E0,7.286387917E0
8.676851550E1,1.147240814E0,-6.517704177E0,7.241510537E0
8.677849150E1,1.063431503E0,-6.580610277E0,7.197275181E0
8.678846850E1,9.804608282E-1,-6.641405532E0,7.153078417E0
8.679844550E1,8.983187773E-1,-6.700705655E0,7.108422062E0
8.680842150E1,8.157297798E-1,-6.757767463E0,7.064224128E0
8.681839850E1,7.334347511E-1,-6.812381042E0,7.020658863E0
8.682837550E1,6.527697068E-1,-6.864842260E0,6.977387713E0
8.683835250E1,5.747450824E-1,-6.914927171E0,6.934663278E0
8.684832850E1,4.979878786E-1,-6.962578470E0,6.892794290E0
8.685830550E1,4.188465091E-1,-7.007935322E0,6.851971369E0
8.686828250E1,3.363020601E-1,-7.051875978E0,6.811317433E0
8.687825850E1,2.521202810E-1,-7.095537722E0,6.769482359E0
8.688823550E1,1.656295279E-1,-7.138140535E0,6.727230379E0
8.689821250E1,7.785688240E-2,-7.178570523E0,6.685667785E0
8.690818850E1,-9.623716398E-3,-7.215934816E0,6.645773402E0
8.691816550E1,-9.633941945E-2,-7.249707164E0,6.608219660E0
8.692814250E1,-1.826514853E-1,-7.279949548E0,6.573056844E0
8.693811850E1,-2.696834165E-1,-7.307106941E0,6.539843490E0
8.694809550E1,-3.572163079E-1,-7.331860544E0,6.507865652E0
8.695807250E1,-4.447610765E-1,-7.355117844E0,6.476151524E0
8.696804850E1,-5.336799407E-1,-7.376410480E0,6.445143154E0
8.697802550E1,-6.218450989E-1,-7.395370077E0,6.415443392E0
8.698800250E1,-7.070824465E-1,-7.411834082E0,6.387555097E0
8.699797850E1,-7.907364412E-1,-7.426062112E0,6.361166028E0
8.700795550E1,-8.749027982E-1,-7.438515512E0,6.335544698E0
8.701793250E1,-9.604700019E-1,-7.449210069E0,6.310536742E0
8.702790850E1,-1.046163798E0,-7.457713675E0,6.286823943E0
8.703788550E1,-1.129419086E0,-7.463934528E0,6.264996872E0
8.704786250E1,-1.210916189E0,-7.468053891E0,6.244833333E0
8.705783950E1,-1.291533724E0,-7.469932017E0,6.226408172E0
8.706781550E1,-1.373009266E0,-7.469471841E0,6.209503872E0
8.707779250E1,-1.456416142E0,-7.466761072E0,6.193740948E0
8.708776950E1,-1.539233766E0,-7.462277427E0,6.179100105E0
8.709774550E1,-1.619661340E0,-7.456411500E0,6.165608239E0
8.710772250E1,-1.699276298E0,-7.449028805E0,6.153091105E0
8.711769950E1,-1.781232042E0,-7.439290853E0,6.141682017E0
8.712767550E1,-1.865959805E0,-7.426266764E0,6.132279695E0
8.713765250E1,-1.951925715E0,-7.409875849E0,6.125342558E0
8.714762950E1,-2.037607597E0,-7.391094593E0,6.120128596E0
8.715760550E1,-2.122930314E0,-7.371120504E0,6.115214596E0
8.716758250E1,-2.207373756E0,-7.349539016E0,6.111291114E0
8.717755950E1,-2.290502306E0,-7.324657359E0,6.110571907E0
8.718753550E1,-2.371258055E0,-7.296435188E0,6.113532352E0
8.719751250E1,-2.450638831E0,-7.266062411E0,6.118398989E0
8.720748950E1,-2.528827507E0,-7.234470490E0,6.124015825E0
8.721746650E1,-2.606566531E0,-7.200920336E0,6.130958809E0
8.722744250E1,-2.683417071E0,-7.164516156E0,6.140445916E0
8.723741950E1,-2.758733594E0,-7.125319930E0,6.152667766E0
8.724739650E1,-2.831801278E0,-7.084009352E0,6.167155412E0
8.725737250E1,-2.902645266E0,-7.041004835E0,6.183445171E0
8.726734950E1,-2.972604570E0,-6.997050730E0,6.200082253E0
8.727732650E1,-3.043758168E0,-6.951367604E0,6.216922234E0
8.728730250E1,-3.117448288E0,-6.903494695E0,6.233729471E0
8.729727950E1,-3.192261073E0,-6.853180574E0,6.251358826E0
8.730725650E1,-3.265248358E0,-6.800888924E0,6.270738253E0
8.731723250E1,-3.336094392E0,-6.746985782E0,6.291640880E0
8.732720950E1,-3.407353824E0,-6.691201590E0,6.312992572E0
8.733718650E1,-3.483223202E0,-6.633230540E0,6.332732772E0
8.734716250E1,-3.563347890E0,-6.573145137E0,6.350780203E0
8.735713950E1,-3.642131812E0,-6.511231894E0,6.369837449E0
8.736711650E1,-3.718371318E0,-6.448202417E0,6.389874102E0
8.737709250E1,-3.796462637E0,-6.383826327E0,6.408566481E0
8.738706950E1,-3.878900777E0,-6.316706139E0,6.425687129E0
8.739704650E1,-3.964163706E0,-6.246402726E0,6.442356956E0
8.740702350E1,-4.047946705E0,-6.174473203E0,6.459574667E0
8.741699950E1,-4.129041739E0,-6.102118002E0,6.476980659E0
8.742697650E1,-4.209334827E0,-6.029076923E0,6.493676798E0
8.743695350E1,-4.290594460E0,-5.954243088E0,6.509522753E0
8.744692950E1,-4.374345884E0,-5.876243570E0,6.524642483E0
8.745690650E1,-4.458026849E0,-5.795530944E0,6.540176781E0
8.746688350E1,-4.539038267E0,-5.713560582E0,6.556558340E0
8.747685950E1,-4.617288631E0,-5.630983863E0,6.573338095E0
8.748683650E1,-4.695312415E0,-5.547303191E0,6.589201006E0
8.749681350E1,-4.775183919E0,-5.461970095E0,6.603074695E0
8.750678950E1,-4.857395771E0,-5.373957805E0,6.615314087E0
8.751676650E1,-4.938858302E0,-5.284268534E0,6.627237729E0
8.752674350E1,-5.018024340E0,-5.194459979E0,6.638757913E0
8.753671950E1,-5.096709736E0,-5.104700541E0,6.648435055E0
8.754669650E1,-5.177688410E0,-5.013314992E0,6.655397335E0
8.755667350E1,-5.261148643E0,-4.918705873E0,6.660536453E0
8.756664950E1,-5.343617188E0,-4.821127246E0,6.666226963E0
8.757662650E1,-5.422444671E0,-4.722090031E0,6.673458799E0
8.758660350E1,-5.499111609E0,-4.622724495E0,6.680290686E0
8.759658050E1,-5.576103652E0,-4.522344759E0,6.685175450E0
8.760655650E1,-5.653250645E0,-4.419838391E0,6.688938133E0
8.761653350E1,-5.730062594E0,-4.315425246E0,6.691754737E0
8.762651050E1,-5.801943001E0,-4.210554264E0,6.696624883E0
8.763648650E1,-5.868075594E0,-4.105500848E0,6.704226263E0
8.764646350E1,-5.932918292E0,-3.999956852E0,6.710955824E0
8.765644050E1,-5.999437972E0,-3.893061856E0,6.714678746E0
8.766641650E1,-6.068732155E0,-3.783966260E0,6.714774640E0
8.767639350E1,-6.137796543E0,-3.673339279E0,6.713429781E0
8.768637050E1,-6.202372023E0,-3.562822518E0,6.713641450E0
8.769634637E1,-6.265127850E0,-3.451687121E0,6.713429781E0
8.770632337E1,-6.329591648E0,-3.338444973E0,6.710227261E0
8.771630038E1,-6.395575138E0,-3.222092690E0,6.704538504E0
8.772627638E1,-6.461328247E0,-3.103788899E0,6.697300821E0
8.773625337E1,-6.522702377E0,-2.986058721E0,6.691331398E0
8.774623038E1,-6.581568051E0,-2.868996001E0,6.684902970E0
8.775620738E1,-6.642556264E0,-2.751217291E0,6.674080943E0
8.776618337E1,-6.705242509E0,-2.631495550E0,6.659659370E0
8.777616037E1,-6.768225208E0,-2.509469130E0,6.643026381E0
8.778613738E1,-6.828156245E0,-2.386872752E0,6.626857075E0
8.779611338E1,-6.884201807E0,-2.263986352E0,6.611976496E0
8.780609037E1,-6.940412260E0,-2.139507755E0,6.594640086E0
8.781606738E1,-6.998234791E0,-2.011863623E0,6.573675479E0
8.782604338E1,-7.056049136E0,-1.878673698E0,6.551248484E0
8.783602038E1,-7.112415125E0,-1.735015795E0,6.529883342E0
8.784599737E1,-7.172370721E0,-1.507797381E0,6.520716078E0
8.785597338E1,-7.219827892E0,-1.370324370E0,6.498645177E0
8.786595038E1,-7.265657199E0,-1.242225178E0,6.473268262E0
8.787592737E1,-7.310626965E0,-1.114896502E0,6.445760620E0
8.788590337E1,-7.353025711E0,-9.873015589E-1,6.418282800E0
8.789588038E1,-7.389859661E0,-8.607640846E-1,6.394150756E0
8.790585738E1,-7.422033380E0,-7.352985511E-1,6.372507872E0
8.791583437E1,-7.452158235E0,-6.103988088E-1,6.350500122E0
8.792581038E1,-7.480452912E0,-4.847668855E-1,6.328026348E0
8.793578738E1,-7.506557221E0,-3.575285127E-1,6.305543219E0
8.794576437E1,-7.528703551E0,-2.298255787E-1,6.285053991E0
8.795574037E1,-7.546874358E0,-1.026181505E-1,6.266597840E0
8.796571738E1,-7.561950819E0,2.374345741E-2,6.249194187E0
8.797569438E1,-7.574016548E0,1.498504602E-1,6.232808535E0
8.798567037E1,-7.584354426E0,2.763008932E-1,6.215893124E0
8.799564738E1,-7.592956849E0,4.021500041E-1,6.198498242E0
8.800562438E1,-7.599005794E0,5.257396046E-1,6.181811458E0
8.801560038E1,-7.602013602E0,6.471511904E-1,6.166577708E0
8.802557737E1,-7.604177071E0,7.687349036E-1,6.149929515E0
8.803555438E1,-7.606110746E0,8.908054706E-1,6.131038331E0
8.804553038E1,-7.604234959E0,1.013758529E0,6.114245712E0
8.805550737E1,-7.597210699E0,1.136558024E0,6.101371313E0
8.806548437E1,-7.586017959E0,1.258136329E0,6.091431046E0
8.807546038E1,-7.572162396E0,1.378367946E0,6.082643850E0
8.808543738E1,-7.555570337E0,1.498028145E0,6.074979905E0
8.809541437E1,-7.537188445E0,1.618042100E0,6.067028276E0
8.810539138E1,-7.516529063E0,1.736870678E0,6.059799948E0
8.811536738E1,-7.492726218E0,1.853284064E0,6.054790639E0
8.812534437E1,-7.466073439E0,1.968662347E0,6.051299266E0
8.813532137E1,-7.437374720E0,2.084263554E0,6.047925423E0
8.814529738E1,-7.406197366E0,2.200340579E0,6.045067888E0
8.815527438E1,-7.371494726E0,2.315642556E0,6.044416509E0
8.816525137E1,-7.332963914E0,2.429741613E0,6.046495194E0
8.817522738E1,-7.291981364E0,2.542840359E0,6.049552118E0
8.818520438E1,-7.248075791E0,2.654271040E0,6.054447992E0
8.819518137E1,-7.200429754E0,2.764704478E0,6.061874540E0
8.820515737E1,-7.149006416E0,2.874878008E0,6.071482100E0
8.821513438E1,-7.093185387E0,2.983927995E0,6.084324340E0
8.822511138E1,-7.034633124E0,3.091119445E0,6.098772225E0
8.823508737E1,-6.974479308E0,3.196444171E0,6.113549309E0
8.824506437E1,-6.912851994E0,3.301442038E0,6.127728807E0
8.825504138E1,-6.849174061E0,3.406575852E0,6.141673831E0
8.826501838E1,-6.781860330E0,3.510190853E0,6.158005105E0
8.827499437E1,-6.710674573E0,3.612117177E0,6.177018496E0
8.828497138E1,-6.636934167E0,3.713108239E0,6.196776237E0
8.829494838E1,-6.560342658E0,3.813146790E0,6.217549641E0
8.830492437E1,-6.482111591E0,3.912058875E0,6.238118391E0
8.831490137E1,-6.401623498E0,4.009331985E0,6.259438509E0
8.832487838E1,-6.319556656E0,4.105433898E0,6.280503103E0
8.833485438E1,-6.236903924E0,4.199873155E0,6.300649685E0
8.834483137E1,-6.152602862E0,4.292464984E0,6.321100906E0
8.835480838E1,-6.065713822E0,4.384068342E0,6.342173102E0
8.836478438E1,-5.977257729E0,4.474382680E0,6.363048247E0
8.837476138E1,-5.887032852E0,4.562748142E0,6.384377135E0
8.838473837E1,-5.795471302E0,4.648893124E0,6.405966225E0
8.839471438E1,-5.702878304E0,4.733013799E0,6.427429599E0
8.840469138E1,-5.608101370E0,4.815273014E0,6.449685856E0
8.841466837E1,-5.511162136E0,4.895680415E0,6.472673600E0
8.842464537E1,-5.411700413E0,4.973686073E0,6.497079878E0
8.843462138E1,-5.310017917E0,5.050669345E0,6.521545213E0
8.844459838E1,-5.207601596E0,5.127532164E0,6.544111957E0
8.845457537E1,-5.102107885E0,5.203283427E0,6.567375689E0
8.846455138E1,-4.993422180E0,5.277335490E0,6.591779628E0
8.847452838E1,-4.882671822E0,5.349681335E0,6.616382958E0
8.848450537E1,-4.770533043E0,5.420675304E0,6.640361220E0
8.849448137E1,-4.656846214E0,5.491393869E0,6.662918608E0
8.850445838E1,-4.541016965E0,5.560407386E0,6.685591187E0
8.851443538E1,-4.422647393E0,5.626806613E0,6.709346670E0
8.852441137E1,-4.303417696E0,5.691177440E0,6.732547252E0
8.853438838E1,-4.183207713E0,5.754066584E0,6.754819297E0
8.854436538E1,-4.062325008E0,5.815872822E0,6.775635969E0
8.855434138E1,-3.940971017E0,5.875852976E0,6.795527612E0
8.856431837E1,-3.818418640E0,5.934001781E0,6.814939198E0
8.857429538E1,-3.697429223E0,5.987944100E0,6.834445510E0
8.858427238E1,-3.573951816E0,6.040169676E0,6.854145949E0
8.859424837E1,-3.449876531E0,6.091891222E0,6.871922069E0
8.860422537E1,-3.326387429E0,6.141896610E0,6.888276147E0
8.861420238E1,-3.201778586E0,6.188583704E0,6.905516077E0
8.862417838E1,-3.074504874E0,6.232371163E0,6.923948840E0
8.863415537E1,-2.945606221E0,6.274568179E0,6.941851260E0
8.864413238E1,-2.816099750E0,6.313977828E0,6.959840219E0
8.865410838E1,-2.688018245E0,6.350565611E0,6.977175459E0
8.866408537E1,-2.559107313E0,6.385809703E0,6.993461709E0
8.867406237E1,-2.428479053E0,6.418595041E0,7.010009329E0
8.868403838E1,-2.296134782E0,6.449049679E0,7.026635887E0
8.869401587E1,-2.162828498E0,6.476854359E0,7.043339043E0
8.870399288E1,-2.029227368E0,6.503008370E0,7.058980930E0
8.871396988E1,-1.895612497E0,6.527592403E0,7.073421798E0
8.872394587E1,-1.761014563E0,6.549828195E0,7.087642812E0
8.873392288E1,-1.625994752E0,6.569883560E0,7.101329389E0
8.874389988E1,-1.490455124E0,6.587038121E0,7.115165656E0
8.875387587E1,-1.355963024E0,6.601640958E0,7.128521281E0
8.876385287E1,-1.222244950E0,6.613830648E0,7.141391003E0
8.877382988E1,-1.087664776E0,6.624831600E0,7.152950363E0
8.878380588E1,-9.518187540E-1,6.634836770E0,7.163036225E0
8.879378287E1,-8.168430897E-1,6.642131757E0,7.172932053E0
8.880375988E1,-6.840170080E-1,6.645940633E0,7.183292735E0
8.881373588E1,-5.521866706E-1,6.647680179E0,7.193020163E0
8.882371288E1,-4.202067176E-1,6.648371320E0,7.201296896E0
8.883368987E1,-2.879433757E-1,6.647769642E0,7.208352731E0
8.884366588E1,-1.566283972E-1,6.644853051E0,7.215087554E0
8.885364288E1,-2.680102129E-2,6.638411173E0,7.222663792E0
8.886361987E1,1.015192211E-1,6.629676602E0,7.230019589E0
8.887359587E1,2.288033392E-1,6.620619850E0,7.235408383E0
8.888357288E1,3.559620802E-1,6.609266312E0,7.240648658E0
8.889354988E1,4.826136117E-1,6.595404902E0,7.245951498E0
8.890352687E1,6.081944450E-1,6.579241444E0,7.251191772E0
8.891350288E1,7.309563357E-1,6.560532108E0,7.256805099E0
8.892347988E1,8.529041842E-1,6.540195492E0,7.261852416E0
8.893345687E1,9.762991456E-1,6.519084705E0,7.265292917E0
8.894343287E1,1.100625422E0,6.497140104E0,7.267179229E0
8.895340988E1,1.224024038E0,6.471861421E0,7.269998172E0
8.896338688E1,1.345537585E0,6.442938169E0,7.274212845E0
8.897336287E1,1.466524809E0,6.410528807E0,7.279458967E0
8.898333988E1,1.587019990E0,6.376499181E0,7.284073005E0
8.899331688E1,1.706387243E0,6.340636454E0,7.288393512E0
8.900329288E1,1.824671738E0,6.301157808E0,7.293975849E0
8.901326987E1,1.941558309E0,6.259260753E0,7.299870427E0
8.902324688E1,2.057089497E0,6.215665668E0,7.305476153E0
8.903322388E1,2.171989185E0,6.169753915E0,7.311135673E0
8.904319987E1,2.285570618E0,6.121179925E0,7.317337230E0
8.905317687E1,2.398799610E0,6.070506200E0,7.323306068E0
8.906315388E1,2.510095074E0,6.017912250E0,7.329409976E0
8.907312988E1,2.620156045E0,5.962836156E0,7.335903309E0
8.908310687E1,2.728701417E0,5.905117705E0,7.343015862E0
8.909308388E1,2.836217680E0,5.845926926E0,7.349633741E0
8.910305988E1,2.943478712E0,5.786177153E0,7.354739529E0
8.911303687E1,3.048770693E0,5.725054454E0,7.359676918E0
8.912301387E1,3.151666778E0,5.662074094E0,7.365054018E0
8.913298988E1,3.252430969E0,5.597158306E0,7.370862642E0
8.914296688E1,3.353364436E0,5.531460745E0,7.375228173E0
8.915294387E1,3.454488522E0,5.464876746E0,7.378193296E0
8.916292088E1,3.552672044E0,5.395893050E0,7.382341311E0
8.917289688E1,3.648721332E0,5.323246658E0,7.388231796E0
8.918287388E1,3.743307354E0,5.248949597E0,7.394070241E0
8.919285087E1,3.836455838E0,5.173426960E0,7.399551421E0
8.920282688E1,3.927572415E0,5.095520997E0,7.405805018E0
8.921280388E1,4.016901205E0,5.015196041E0,7.412719350E0
8.922278087E1,4.104672883E0,4.933701643E0,7.419322611E0
8.923275687E1,4.189955692E0,4.850827886E0,7.426293662E0
8.924273388E1,4.272262854E0,4.767017990E0,7.433667585E0
8.925271088E1,4.351308146E0,4.681306579E0,7.442283458E0
8.926268687E1,4.428440230E0,4.593325572E0,7.451602165E0
8.927266388E1,4.504608692E0,4.503770494E0,7.460606292E0
8.928264088E1,4.578729167E0,4.413220805E0,7.469593463E0
8.929261787E1,4.651520278E0,4.322071776E0,7.477910542E0
8.930259387E1,4.722489981E0,4.229468252E0,7.486373802E0
8.931257088E1,4.790736343E0,4.134852701E0,7.495861495E0
8.932254788E1,4.857228540E0,4.038710150E0,7.505481918E0
8.933252387E1,4.921731223E0,3.941445811E0,7.515163153E0
8.934250088E1,4.984229772E0,3.843229253E0,7.524835033E0
8.935247788E1,5.045374106E0,3.743799982E0,7.534205781E0
8.936245388E1,5.103908243E0,3.643001878E0,7.544186978E0
8.937243087E1,5.158920017E0,3.540275947E0,7.555666232E0
8.938240788E1,5.212528460E0,3.435749950E0,7.567117419E0
8.939238388E1,5.265821738E0,3.330207415E0,7.577396239E0
8.940236087E1,5.316478506E0,3.223462985E0,7.588177920E0
8.941233787E1,5.364208158E0,3.114320612E0,7.600156526E0
8.942231388E1,5.410597628E0,3.003473775E0,7.611877854E0
8.943229088E1,5.454965715E0,2.892227282E0,7.623284603E0
8.944226787E1,5.496793773E0,2.780189367E0,7.634913545E0
8.945224488E1,5.536494028E0,2.666844015E0,7.646651246E0
8.946222088E1,5.574148927E0,2.551459740E0,7.658656164E0
8.947219787E1,5.608487871E0,2.434005549E0,7.671804214E0
8.948217487E1,5.638391116E0,2.315093063E0,7.686676607E0
8.949215088E1,5.664222946E0,2.195570421E0,7.702736569E0
8.950212788E1,5.688004741E0,2.075350497E0,7.718524636E0
8.951210487E1,5.709814855E0,1.955137591E0,7.733792886E0
8.952208088E1,5.729449221E0,1.835217630E0,7.748644813E0
8.953205788E1,5.747115998E0,1.715160405E0,7.763052353E0
8.954203488E1,5.762394188E0,1.595059327E0,7.777319559E0
8.955201187E1,5.773529626E0,1.474476876E0,7.792840993E0
8.956198788E1,5.780944480E0,1.353549001E0,7.809269915E0
8.957196488E1,5.786787602E0,1.232158173E0,7.825022898E0
8.958194187E1,5.791604539E0,1.110323541E0,7.839680699E0
8.959191787E1,5.794519960E0,9.887557615E-1,7.853788276E0
8.960189488E1,5.793477986E0,8.676901115E-1,7.868851873E0
8.961187188E1,5.789095498E0,7.462814493E-1,7.884512470E0
8.962184787E1,5.782191106E0,6.242715472E-1,7.900168390E0
8.963182488E1,5.772889355E0,5.018790179E-1,7.915678130E0
8.964180188E1,5.756137667E0,3.781872738E-1,7.934730697E0
8.965177787E1,5.733770313E0,2.536142995E-1,7.955856687E0
8.966175487E1,5.716866013E0,1.303998983E-1,7.970981095E0
8.967173188E1,5.698101713E0,7.411883167E-3,7.985466987E0
8.968170888E1,5.676981570E0,-1.163653656E-1,7.999652333E0
8.969168487E1,5.654417165E0,-2.411881074E-1,8.012833126E0
8.970166192E1,5.630370491E0,-3.659826364E-1,8.025028664E0
8.971163892E1,5.603095568E0,-4.906526562E-1,8.037455167E0
8.972161492E1,5.571690758E0,-6.164986973E-1,8.050608478E0
8.973159192E1,5.536649564E0,-7.437659041E-1,8.064020237E0
8.974156892E1,5.499040858E0,-8.707264245E-1,8.077034385E0
8.975154492E1,5.458551228E0,-9.965569704E-1,8.089943867E0
8.976152192E1,5.415076010E0,-1.122648156E0,8.102636418E0
8.977149892E1,5.368986502E0,-1.249928154E0,8.114663556E0
8.978147492E1,5.320237681E0,-1.377468498E0,8.126115328E0
8.979145192E1,5.268323177E0,-1.503999906E0,8.137496933E0
8.980142892E1,5.214845127E0,-1.629089829E0,8.147856445E0
8.981140592E1,5.161265920E0,-1.752988382E0,8.156253632E0
8.982138192E1,5.105379403E0,-1.875246937E0,8.164229819E0
8.983135892E1,5.045841299E0,-1.995882013E0,8.172639869E0
8.984133592E1,4.984455475E0,-2.115596444E0,8.180192717E0
8.985131192E1,4.921902546E0,-2.233619715E0,8.186691898E0
8.986128892E1,4.857071543E0,-2.349417096E0,8.192996950E0
8.987126592E1,4.788773140E0,-2.464622740E0,8.199352874E0
8.988124192E1,4.718094336E0,-2.580929414E0,8.204540523E0
8.989121892E1,4.645551148E0,-2.698270753E0,8.208184508E0
8.990119592E1,4.569541145E0,-2.815374695E0,8.211519760E0
8.991117292E1,4.491708857E0,-2.931710313E0,8.213752227E0
8.992114892E1,4.415528116E0,-3.047511788E0,8.212909058E0
8.993112592E1,4.341092768E0,-3.162806017E0,8.208999025E0
8.994110292E1,4.265597905E0,-3.278106385E0,8.203340090E0
8.995107892E1,4.188149780E0,-3.393093635E0,8.196487738E0
8.996105592E1,4.110198794E0,-3.507387697E0,8.187832105E0
8.997103292E1,4.032634893E0,-3.621271870E0,8.176817704E0
8.998100892E1,3.954736825E0,-3.734556703E0,8.163898866E0
8.999098592E1,3.876665971E0,-3.847021172E0,8.149109504E0
9.000096292E1,3.797318085E0,-3.958904720E0,8.132868277E0
9.001093892E1,3.714922630E0,-4.070698221E0,8.115717224E0
9.002091592E1,3.630117538E0,-4.182135334E0,8.097412516E0
9.003089292E1,3.546481889E0,-4.292207999E0,8.076850197E0
9.004086992E1,3.464962347E0,-4.400329741E0,8.054019744E0
9.005084592E1,3.382609285E0,-4.507135274E0,8.029930385E0
9.006082292E1,3.297691049E0,-4.613547582E0,8.004780341E0
9.007079992E1,3.211933445E0,-4.719450013E0,7.977867946E0
9.008077592E1,3.127482694E0,-4.823945312E0,7.948867511E0
9.009075292E1,3.045197460E0,-4.925797377E0,7.918294759E0
9.010072992E1,2.963567698E0,-5.025076666E0,7.886822705E0
9.011070592E1,2.881807543E0,-5.122546243E0,7.854349608E0
9.012068292E1,2.798819766E0,-5.218734110E0,7.820967270E0
9.013065992E1,2.714378370E0,-5.313232716E0,7.787028276E0
9.014063692E1,2.630858788E0,-5.405039849E0,7.752433809E0
9.015061292E1,2.548269791E0,-5.494557797E0,7.717010792E0
9.016058992E1,2.465021520E0,-5.583150131E0,7.680377986E0
9.017056692E1,2.379727162E0,-5.671165345E0,7.642700867E0
9.018054292E1,2.293548413E0,-5.757204199E0,7.604625553E0
9.019051992E1,2.208323344E0,-5.840369148E0,7.566339739E0
9.020049692E1,2.123700247E0,-5.921012776E0,7.527789046E0
9.021047292E1,2.038424600E0,-5.999777110E0,7.488898630E0
9.022044992E1,1.952118966E0,-6.076887267E0,7.449615866E0
9.023042692E1,1.864058290E0,-6.151915230E0,7.410488053E0
9.024040292E1,1.774845859E0,-6.224470405E0,7.371701717E0
9.025037992E1,1.684708106E0,-6.294379715E0,7.333392515E0
9.026035692E1,1.594170257E0,-6.362340733E0,7.294885091E0
9.027033392E1,1.502490740E0,-6.428780891E0,7.255989997E0
9.028030992E1,1.408907808E0,-6.493675629E0,7.216872709E0
9.029028692E1,1.314995092E0,-6.556571789E0,7.177622105E0
9.030026392E1,1.222365987E0,-6.617119122E0,7.138322968E0
9.031023992E1,1.131221417E0,-6.676259031E0,7.098169554E0
9.032021692E1,1.041374563E0,-6.734768609E0,7.056523930E0
9.033019392E1,9.521212012E-1,-6.792027469E0,7.014123430E0
9.034017092E1,8.641251373E-1,-6.847428668E0,6.971521786E0
9.035014692E1,7.771393260E-1,-6.900825441E0,6.928979784E0
9.036012392E1,6.900402249E-1,-6.952375079E0,6.886539524E0
9.037010092E1,6.035431312E-1,-7.002307377E0,6.843940803E0
9.038007692E1,5.185517686E-1,-7.050080883E0,6.801732092E0
9.039005392E1,4.350168012E-1,-7.094813837E0,6.760951856E0
9.040003092E1,3.528413481E-1,-7.135790539E0,6.722506998E0
9.041000692E1,2.698302730E-1,-7.173495725E0,6.686123868E0
9.041998392E1,1.839151234E-1,-7.209920955E0,6.649760034E0
9.042996092E1,9.492634842E-2,-7.245714685E0,6.612617936E0
9.043993792E1,3.017161278E-3,-7.279280042E0,6.576333624E0
9.044991392E1,-8.866561585E-2,-7.309277428E0,6.542377088E0
9.045989092E1,-1.770776635E-1,-7.336091005E0,6.510492221E0
9.046986792E1,-2.652676175E-1,-7.360711876E0,6.479633541E0
9.047984392E1,-3.563523453E-1,-7.383855155E0,6.448859645E0
9.048982092E1,-4.488529215E-1,-7.404985238E0,6.418787414E0
9.049979792E1,-5.401942506E-1,-7.423535530E0,6.390259434E0
9.050977392E1,-6.290553736E-1,-7.439989010E0,6.362935980E0
9.051975092E1,-7.175336136E-1,-7.454932154E0,6.336027094E0
9.052972792E1,-8.061556951E-1,-7.468128151E0,6.309776604E0
9.053970492E1,-8.950561041E-1,-7.479206870E0,6.284620128E0
9.054968092E1,-9.838446119E-1,-7.487828590E0,6.261034799E0
9.055965792E1,-1.069638688E0,-7.494648782E0,6.238768017E0
9.056963492E1,-1.152585242E0,-7.499791993E0,6.217778267E0
9.057961092E1,-1.235617239E0,-7.502763548E0,6.198217576E0
9.058958792E1,-1.319217659E0,-7.503534796E0,6.180026888E0
9.059956492E1,-1.401717194E0,-7.501620417E0,6.164169239E0
9.060954092E1,-1.481294291E0,-7.496463758E0,6.151821089E0
9.061951792E1,-1.559453730E0,-7.488458335E0,6.142247443E0
9.062949492E1,-1.638856580E0,-7.478633843E0,6.133538015E0
9.063947092E1,-1.720091947E0,-7.466602027E0,6.125948330E0
9.064944792E1,-1.803450584E0,-7.451049019E0,6.120909784E0
9.065942492E1,-1.886854683E0,-7.432638475E0,6.118151652E0
9.066940192E1,-1.969904880E0,-7.412422312E0,6.116499814E0
9.067937792E1,-2.055002918E0,-7.390264288E0,6.115312244E0
9.068935492E1,-2.142439111E0,-7.366058570E0,6.114511176E0
9.069933129E1,-2.230398776E0,-7.339742591E0,6.114702964E0
9.070930729E1,-2.316950431E0,-7.311796408E0,6.116001046E0
9.071928429E1,-2.401605250E0,-7.282220022E0,6.118632293E0
9.072926129E1,-2.486800059E0,-7.250400059E0,6.122386206E0
9.073923729E1,-2.573107886E0,-7.216365171E0,6.126931247E0
9.074921429E1,-2.660402723E0,-7.180268555E0,6.132055162E0
9.075919129E1,-2.748406827E0,-7.142071034E0,6.137847998E0
9.076916829E1,-2.834921937E0,-7.102178990E0,6.144784550E0
9.077914429E1,-2.920599141E0,-7.060435132E0,6.152760737E0
9.078912129E1,-3.007553378E0,-7.016641826E0,6.160962626E0
9.079909829E1,-3.096142203E0,-6.970780944E0,6.169134110E0
9.080907429E1,-3.183956273E0,-6.922405760E0,6.178901884E0
9.081905129E1,-3.267785757E0,-6.871625031E0,6.191804935E0
9.082902829E1,-3.348853894E0,-6.819458511E0,6.206147570E0
9.083900429E1,-3.431688766E0,-6.765258331E0,6.220201353E0
9.084898129E1,-3.516358788E0,-6.708511103E0,6.234356292E0
9.085895829E1,-3.600066650E0,-6.649178236E0,6.250123894E0
9.086893529E1,-3.680941536E0,-6.588607514E0,6.267137538E0
9.087891129E1,-3.758941054E0,-6.527080772E0,6.285195494E0
9.088888829E1,-3.838790047E0,-6.463429152E0,6.302688609E0
9.089886529E1,-3.920796369E0,-6.397377834E0,6.319574198E0
9.090884129E1,-4.002932207E0,-6.329364191E0,6.336544572E0
9.091881829E1,-4.084175760E0,-6.260457094E0,6.353131369E0
9.092879529E1,-4.163631235E0,-6.190454813E0,6.370128055E0
9.093877129E1,-4.243710608E0,-6.118435242E0,6.386843491E0
9.094874829E1,-4.325633022E0,-6.043845820E0,6.402884742E0
9.095872529E1,-4.408919885E0,-5.966889446E0,6.418236607E0
9.096870229E1,-4.492109099E0,-5.887507646E0,6.433841656E0
9.097867829E1,-4.573042165E0,-5.806849984E0,6.450107440E0
9.098865529E1,-4.653498099E0,-5.725856692E0,6.464952936E0
9.099863229E1,-4.736644336E0,-5.644039527E0,6.476505865E0
9.100860829E1,-4.820152223E0,-5.559854824E0,6.487700359E0
9.101858529E1,-4.903098778E0,-5.473449934E0,6.499005366E0
9.102856229E1,-4.984360165E0,-5.386345131E0,6.509957786E0
9.103853929E1,-5.065921807E0,-5.298497733E0,6.519084120E0
9.104851529E1,-5.150983592E0,-5.208260577E0,6.525143005E0
9.105849229E1,-5.236797329E0,-5.114953634E0,6.530644065E0
9.106846929E1,-5.320504898E0,-5.019984911E0,6.536671960E0
9.107844529E1,-5.402198102E0,-4.924394045E0,6.542377673E0
9.108842229E1,-5.483582574E0,-4.827672327E0,6.546755483E0
9.109839929E1,-5.567091923E0,-4.728746209E0,6.548476319E0
9.110837529E1,-5.651173714E0,-4.627596395E0,6.548716055E0
9.111835229E1,-5.733812413E0,-4.524584243E0,6.548865743E0
9.112832929E1,-5.814191163E0,-4.420390076E0,6.549154596E0
9.113830629E1,-5.889686903E0,-4.315882498E0,6.551399927E0
9.114828229E1,-5.962192377E0,-4.210496376E0,6.554394286E0
9.115825929E1,-6.034751646E0,-4.103016951E0,6.556151959E0
9.116823629E1,-6.106781741E0,-3.993677234E0,6.556969984E0
9.117821229E1,-6.177500891E0,-3.884113569E0,6.556542553E0
9.118818929E1,-6.247286825E0,-3.775114453E0,6.554083799E0
9.119816629E1,-6.316464649E0,-3.665811574E0,6.549824102E0
9.120814229E1,-6.386493242E0,-3.554736988E0,6.543137226E0
9.121811929E1,-6.456345250E0,-3.440811592E0,6.535482051E0
9.122809629E1,-6.524468821E0,-3.324883525E0,6.527830385E0
9.123807329E1,-6.589668784E0,-3.209158649E0,6.520250639E0
9.124804929E1,-6.653505760E0,-3.093741629E0,6.511200319E0
9.125802629E1,-6.718902190E0,-2.977118036E0,6.498401349E0
9.126800329E1,-6.783370666E0,-2.858464581E0,6.484687289E0
9.127797929E1,-6.845297942E0,-2.737402951E0,6.471833355E0
9.128795629E1,-6.905074028E0,-2.615252278E0,6.458832071E0
9.129793329E1,-6.963889416E0,-2.492418064E0,6.444238005E0
9.130790929E1,-7.024000547E0,-2.367980837E0,6.425899968E0
9.131788629E1,-7.083327566E0,-2.240697915E0,6.406390733E0
9.132786329E1,-7.140588180E0,-2.109195351E0,6.387440491E0
9.133784029E1,-7.196587549E0,-1.971126656E0,6.368664497E0
9.134781629E1,-7.254043459E0,-1.795322662E0,6.355451544E0
9.135779329E1,-7.307361295E0,-1.642241679E0,6.335741165E0
9.136777029E1,-7.357375454E0,-1.508036532E0,6.311177596E0
9.137774629E1,-7.403657336E0,-1.377521123E0,6.286843824E0
9.138772329E1,-7.446765933E0,-1.248919363E0,6.262746279E0
9.139770029E1,-7.487006471E0,-1.121940204E0,6.238756907E0
9.140767729E1,-7.525702760E0,-9.952835930E-1,6.213639023E0
9.141765329E1,-7.562677628E0,-8.683934585E-1,6.187721824E0
9.142763029E1,-7.595560030E0,-7.414136423E-1,6.163917224E0
9.143760729E1,-7.624259918E0,-6.149396834E-1,6.142361464E0
9.144758329E1,-7.649374294E0,-4.897475803E-1,6.122362232E0
9.145756029E1,-7.672118794E0,-3.652982563E-1,6.102561221E0
9.146753729E1,-7.693760508E0,-2.406022712E-1,6.081469145E0
9.147751329E1,-7.712506682E0,-1.154064131E-1,6.061354723E0
9.148749029E1,-7.727769669E0,9.808060150E-3,6.042978094E0
9.149746729E1,-7.739912581E0,1.343129829E-1,6.025928782E0
9.150744429E1,-7.749854017E0,2.585816188E-1,6.009076522E0
9.151742029E1,-7.758456441E0,3.833218966E-1,5.991286953E0
9.152739729E1,-7.764064506E0,5.080325911E-1,5.974722376E0
9.153737429E1,-7.766031509E0,6.323545919E-1,5.960283846E0
9.154735029E1,-7.764473811E0,7.559172222E-1,5.947910553E0
9.155732729E1,-7.760509983E0,8.789680018E-1,5.936159989E0
9.156730429E1,-7.754738197E0,1.001831013E0,5.924227576E0
9.157728029E1,-7.746573730E0,1.124977541E0,5.912792176E0
9.158725729E1,-7.735314916E0,1.247942147E0,5.902850155E0
9.159723429E1,-7.720639574E0,1.369602239E0,5.895083883E0
9.160721129E1,-7.702879826E0,1.489970389E0,5.889119723E0
9.161718729E1,-7.682795225E0,1.609226399E0,5.883974174E0
9.162716429E1,-7.659837302E0,1.727873860E0,5.880258268E0
9.163714129E1,-7.633980914E0,1.846041849E0,5.877972592E0
9.164711729E1,-7.604464754E0,1.963343281E0,5.878222268E0
9.165709429E1,-7.571864773E0,2.079871418E0,5.880230786E0
9.166707129E1,-7.537003673E0,2.195395150E0,5.883019908E0
9.167704729E1,-7.499345850E0,2.310342785E0,5.887125238E0
9.168702429E1,-7.458592511E0,2.425473585E0,5.892587122E0
9.169700200E1,-7.414174722E0,2.539735487E0,5.900497236E0
9.170697900E1,-7.366072603E0,2.652585580E0,5.911080111E0
9.171695500E1,-7.315157388E0,2.763949895E0,5.923272141E0
9.172693200E1,-7.261174724E0,2.873492510E0,5.937548118E0
9.173690900E1,-7.204804056E0,2.982011863E0,5.952688313E0
9.174688500E1,-7.146138357E0,3.089128176E0,5.968759970E0
9.175686200E1,-7.084481807E0,3.194942314E0,5.986531997E0
9.176683900E1,-7.020775807E0,3.300126707E0,6.004496983E0
9.177681600E1,-6.954006452E0,3.403922971E0,6.024219056E0
9.178679200E1,-6.885232086E0,3.506974592E0,6.044072108E0
9.179676900E1,-6.814045744E0,3.609115216E0,6.064582971E0
9.180674600E1,-6.740027010E0,3.709840230E0,6.086477870E0
9.181672200E1,-6.663903864E0,3.809377675E0,6.108773888E0
9.182669900E1,-6.585862831E0,3.907462086E0,6.131416061E0
9.183667600E1,-6.505535536E0,4.004965869E0,6.154215524E0
9.184665200E1,-6.423506702E0,4.101265418E0,6.176916170E0
9.185662900E1,-6.339888010E0,4.195505285E0,6.199972910E0
9.186660600E1,-6.255388142E0,4.288133367E0,6.222389966E0
9.187658300E1,-6.169180888E0,4.379385307E0,6.244860815E0
9.188655900E1,-6.080439450E0,4.469366646E0,6.268102328E0
9.189653600E1,-5.989717560E0,4.557951379E0,6.291618660E0
9.190651300E1,-5.896448039E0,4.644861761E0,6.316111477E0
9.191648900E1,-5.801362372E0,4.730704442E0,6.340404904E0
9.192646600E1,-5.703690482E0,4.814579534E0,6.365834445E0
9.193644300E1,-5.601917354E0,4.896340858E0,6.393782966E0
9.194642000E1,-5.497221204E0,4.976401520E0,6.422778139E0
9.195639600E1,-5.389950525E0,5.054106923E0,6.452947433E0
9.196637300E1,-5.280576017E0,5.130111955E0,6.483329566E0
9.197635000E1,-5.169152060E0,5.204884395E0,6.513459098E0
9.198632600E1,-5.055123754E0,5.278700815E0,6.543481042E0
9.199630300E1,-4.939633643E0,5.351697455E0,6.572324188E0
9.200628000E1,-4.822528239E0,5.423162709E0,6.600653948E0
9.201625600E1,-4.704470909E0,5.493126984E0,6.627941734E0
9.202623300E1,-4.585856338E0,5.561925908E0,6.653646094E0
9.203621000E1,-4.465374460E0,5.628899331E0,6.679222984E0
9.204618700E1,-4.343836282E0,5.693656660E0,6.704435593E0
9.205616300E1,-4.222819383E0,5.755766954E0,6.728672887E0
9.206614000E1,-4.101851601E0,5.815584555E0,6.752027836E0
9.207611700E1,-3.980428613E0,5.873720496E0,6.774341395E0
9.208609300E1,-3.857379807E0,5.929725128E0,6.796696470E0
9.209607000E1,-3.733211259E0,5.983458701E0,6.818904195E0
9.210604700E1,-3.608421152E0,6.035645100E0,6.840057083E0
9.211602400E1,-3.481771338E0,6.086671997E0,6.860451586E0
9.212600000E1,-3.353853555E0,6.136584415E0,6.879687172E0
9.213597700E1,-3.224403802E0,6.184445044E0,6.898692961E0
9.214595400E1,-3.092621010E0,6.230256810E0,6.917780612E0
9.215593000E1,-2.960166373E0,6.273635548E0,6.936498134E0
9.216590700E1,-2.827790673E0,6.313838080E0,6.955224427E0
9.217588400E1,-2.696219842E0,6.351640329E0,6.973030953E0
9.218586000E1,-2.563796487E0,6.387707709E0,6.990009513E0
9.219583700E1,-2.429205570E0,6.422064194E0,7.006579353E0
9.220581400E1,-2.293863431E0,6.454058989E0,7.022778479E0
9.221579100E1,-2.159179397E0,6.483307931E0,7.038520353E0
9.222576700E1,-2.024833770E0,6.510153667E0,7.053654116E0
9.223574400E1,-1.889648337E0,6.535646943E0,7.067577506E0
9.224572100E1,-1.752898481E0,6.559686016E0,7.080534936E0
9.225569700E1,-1.615624423E0,6.581447598E0,7.092983074E0
9.226567400E1,-1.479026156E0,6.600439355E0,7.105123647E0
9.227565100E1,-1.342894789E0,6.617067082E0,7.116681254E0
9.228562800E1,-1.207021578E0,6.632272766E0,7.126861841E0
9.229560400E1,-1.070745785E0,6.645761708E0,7.136067113E0
9.230558100E1,-9.349859358E-1,6.656179692E0,7.145429674E0
9.231555800E1,-8.001139133E-1,6.662913346E0,7.155522553E0
9.232553400E1,-6.667383396E-1,6.666401210E0,7.165937029E0
9.233551100E1,-5.346298575E-1,6.668071175E0,7.175451034E0
9.234548800E1,-4.021537682E-1,6.667803957E0,7.184341725E0
9.235546400E1,-2.692671679E-1,6.665179726E0,7.192980986E0
9.236544100E1,-1.376276324E-1,6.660442897E0,7.201086981E0
9.237541800E1,-8.045004146E-3,6.653537920E0,7.208777239E0
9.238539500E1,1.194323124E-1,6.645013849E0,7.215651226E0
9.239537100E1,2.468089262E-1,6.635227364E0,7.221422428E0
9.240534800E1,3.750985917E-1,6.623639352E0,7.226534064E0
9.241532500E1,5.020852784E-1,6.610265601E0,7.231071503E0
9.242530100E1,6.264457612E-1,6.594278728E0,7.235962699E0
9.243527800E1,7.494482283E-1,6.575556529E0,7.241304131E0
9.244525500E1,8.729281935E-1,6.555723358E0,7.245452730E0
9.245523200E1,9.964681658E-1,6.534062347E0,7.249081512E0
9.246520800E1,1.118855360E0,6.509615723E0,7.253217832E0
9.247518500E1,1.239683978E0,6.481816306E0,7.258466878E0
9.248516200E1,1.359123298E0,6.450903246E0,7.264622242E0
9.249513800E1,1.477157240E0,6.418514934E0,7.270266559E0
9.250511500E1,1.594965040E0,6.383957305E0,7.275800364E0
9.251509200E1,1.712625930E0,6.347002902E0,7.281385040E0
9.252506800E1,1.829533113E0,6.308121842E0,7.286734657E0
9.253504500E1,1.944445518E0,6.267387798E0,7.292125205E0
9.254502200E1,2.057928134E0,6.225107167E0,7.297195911E0
9.255499900E1,2.173017564E0,6.180882336E0,7.301424032E0
9.256497500E1,2.289555641E0,6.134908018E0,7.304583868E0
9.257495200E1,2.406638387E0,6.086646270E0,7.307320365E0
9.258492900E1,2.522167236E0,6.034721240E0,7.311423356E0
9.259490500E1,2.636409258E0,5.979853308E0,7.316201116E0
9.260488200E1,2.749878278E0,5.922987381E0,7.320689439E0
9.261485900E1,2.861887834E0,5.864015288E0,7.325232140E0
9.262483600E1,2.972123344E0,5.802851658E0,7.330040891E0
9.263481200E1,3.081001131E0,5.738738108E0,7.335558323E0
9.264478900E1,3.187777136E0,5.672830632E0,7.341197378E0
9.265476600E1,3.292046439E0,5.605948425E0,7.346555766E0
9.266474200E1,3.393985335E0,5.537482792E0,7.352091326E0
9.267471900E1,3.494706548E0,5.467077053E0,7.357594725E0
9.268469600E1,3.594169733E0,5.394534742E0,7.363222085E0
9.269467300E1,3.691079731E0,5.320008470E0,7.369501410E0
9.270464829E1,3.785343864E0,5.243989989E0,7.376167236E0
9.271462529E1,3.878164027E0,5.166389251E0,7.382706762E0
9.272460229E1,3.969267448E0,5.088115498E0,7.388646948E0
9.273457829E1,4.057640803E0,5.008775799E0,7.394851429E0
9.274455529E1,4.142942032E0,4.927144575E0,7.402390244E0
9.275453229E1,4.226063418E0,4.843541963E0,7.410572838E0
9.276450829E1,4.306963740E0,4.758417028E0,7.419139009E0
9.277448529E1,4.384898061E0,4.672470267E0,7.428108053E0
9.278446229E1,4.460781180E0,4.585125436E0,7.437348992E0
9.279443929E1,4.535397791E0,4.495760101E0,7.446772365E0
9.280441529E1,4.608166682E0,4.405523822E0,7.456021491E0
9.281439229E1,4.678275967E0,4.314379764E0,7.465651855E0
9.282436929E1,4.746507711E0,4.221939962E0,7.475425476E0
9.283434529E1,4.814003876E0,4.128295049E0,7.484560581E0
9.284432229E1,4.880347262E0,4.033238034E0,7.493417358E0
9.285429929E1,4.944207920E0,3.937392521E0,7.502522643E0
9.286427629E1,5.006529298E0,3.839960659E0,7.511688738E0
9.287425229E1,5.067184805E0,3.741101199E0,7.520897518E0
9.288422929E1,5.125508443E0,3.641771916E0,7.530123839E0
9.289420629E1,5.181182122E0,3.541150398E0,7.540006803E0
9.290418229E1,5.234487678E0,3.439159169E0,7.550392043E0
9.291415929E1,5.286017436E0,3.335450906E0,7.561011171E0
9.292413629E1,5.335255085E0,3.230958531E0,7.571793437E0
9.293411329E1,5.382029886E0,3.126166779E0,7.582673351E0
9.294408929E1,5.427041752E0,3.019638695E0,7.593754410E0
9.295406629E1,5.470262616E0,2.911440063E0,7.604988665E0
9.296404329E1,5.511276741E0,2.802112918E0,7.616436344E0
9.297401929E1,5.549543844E0,2.691774789E0,7.628434246E0
9.298399629E1,5.585137015E0,2.580573319E0,7.640875951E0
9.299397329E1,5.618139870E0,2.467926417E0,7.653884252E0
9.300395029E1,5.647877054E0,2.353956875E0,7.667885994E0
9.301392629E1,5.674567255E0,2.238828414E0,7.682644951E0
9.302390329E1,5.698520374E0,2.122602432E0,7.697890397E0
9.303388029E1,5.720359139E0,2.005755767E0,7.713010712E0
9.304385629E1,5.739560226E0,1.888696703E0,7.728284224E0
9.305383329E1,5.756159887E0,1.771312240E0,7.743718534E0
9.306381029E1,5.770520648E0,1.652805259E0,7.759215410E0
9.307378729E1,5.782598072E0,1.533381288E0,7.774728658E0
9.308376329E1,5.792031970E0,1.413972373E0,7.790323766E0
9.309374029E1,5.798917651E0,1.294740191E0,7.805914782E0
9.310371729E1,5.802982635E0,1.175062012E0,7.821810438E0
9.311369329E1,5.804549105E0,1.054780328E0,7.837777430E0
9.312367029E1,5.803426439E0,9.340005337E-1,7.853915160E0
9.313364729E1,5.799932728E0,8.130423264E-1,7.869932438E0
9.314362429E1,5.793932315E0,6.916406809E-1,7.885942115E0
9.315360029E1,5.783796167E0,5.691153832E-1,7.903158072E0
9.316357729E1,5.766181430E0,4.437624452E-1,7.924034386E0
9.317355429E1,5.742910096E0,3.167582168E-1,7.946995817E0
9.318353029E1,5.724801269E0,1.937934461E-1,7.963993673E0
9.319350729E1,5.705860384E0,7.163626721E-2,7.979606908E0
9.320348429E1,5.684978222E0,-5.057541870E-2,7.994658810E0
9.321346129E1,5.661091762E0,-1.734724714E-1,8.009872096E0
9.322343729E1,5.633865371E0,-2.976705661E-1,8.025400547E0
9.323341429E1,5.603040020E0,-4.231680400E-1,8.041328947E0
9.324339129E1,5.569722000E0,-5.490117056E-1,8.056853305E0
9.325336729E1,5.534773192E0,-6.748802219E-1,8.071364340E0
9.326334429E1,5.498135709E0,-8.010862322E-1,8.084853866E0
9.327332129E1,5.459580923E0,-9.280767927E-1,8.097391466E0
9.328329729E1,5.418197254E0,-1.055567655E0,8.109563615E0
9.329327429E1,5.373750814E0,-1.182675453E0,8.121587244E0
9.330325129E1,5.327711592E0,-1.308900393E0,8.132550189E0
9.331322829E1,5.280398262E0,-1.434876316E0,8.142151317E0
9.332320429E1,5.231474608E0,-1.561300281E0,8.150467227E0
9.333318129E1,5.179555426E0,-1.688010613E0,8.158365061E0
9.334315829E1,5.123909814E0,-1.814492905E0,8.166349434E0
9.335313429E1,5.065945196E0,-1.940322354E0,8.173582440E0
9.336311129E1,5.007599339E0,-2.064703595E0,8.179061281E0
9.337308829E1,4.949433576E0,-2.187351720E0,8.182585398E0
9.338306529E1,4.890728701E0,-2.309295841E0,8.184376985E0
9.339304129E1,4.829670321E0,-2.431260720E0,8.185313124E0
9.340301829E1,4.765845915E0,-2.552783257E0,8.185725937E0
9.341299529E1,4.700796811E0,-2.673379741E0,8.184843008E0
9.342297229E1,4.634366301E0,-2.793229243E0,8.182702342E0
9.343294829E1,4.566811080E0,-2.911708450E0,8.179382293E0
9.344292529E1,4.496995325E0,-3.028515646E0,8.175648846E0
9.345290229E1,4.426015097E0,-3.143687668E0,8.170906754E0
9.346287829E1,4.354369749E0,-3.257348769E0,8.164878275E0
9.347285529E1,4.281605535E0,-3.368873006E0,8.158103106E0
9.348283229E1,4.208452482E0,-3.478640739E0,8.150097683E0
9.349280829E1,4.134783412E0,-3.588296497E0,8.140257989E0
9.350278529E1,4.058676053E0,-3.698632287E0,8.129167575E0
9.351276229E1,3.979046331E0,-3.809217169E0,8.117459695E0
9.352273929E1,3.896345360E0,-3.919646222E0,8.104996355E0
9.353271529E1,3.813388572E0,-4.029951898E0,8.090343232E0
9.354269229E1,3.728940745E0,-4.139909666E0,8.074171588E0
9.355266929E1,3.642204317E0,-4.249150857E0,8.056994807E0
9.356264629E1,3.555645938E0,-4.357605598E0,8.037708351E0
9.357262229E1,3.469590126E0,-4.464380433E0,8.016691704E0
9.358259929E1,3.384668967E0,-4.568943267E0,7.994052454E0
9.359257629E1,3.299917669E0,-4.671756029E0,7.970027415E0
9.360255229E1,3.214836296E0,-4.773422445E0,7.944517767E0
9.361252929E1,3.130239657E0,-4.873752187E0,7.917338154E0
9.362250629E1,3.044508950E0,-4.971561195E0,7.889907696E0
9.363248329E1,2.959391324E0,-5.066266792E0,7.861999521E0
9.364245929E1,2.875888115E0,-5.159021759E0,7.832614923E0
9.365243629E1,2.791552261E0,-5.250701423E0,7.802145082E0
9.366241329E1,2.706589294E0,-5.341064293E0,7.770682384E0
9.367238929E1,2.622665378E0,-5.429364266E0,7.738199347E0
9.368236629E1,2.542048938E0,-5.515393181E0,7.704188433E0
9.369234329E1,2.463215023E0,-5.599747453E0,7.668865988E0
9.370231950E1,2.382352562E0,-5.682997770E0,7.633088045E0
9.371229650E1,2.301015746E0,-5.765593200E0,7.596009096E0
9.372227350E1,2.219041437E0,-5.846880022E0,7.558170594E0
9.373225050E1,2.135422891E0,-5.926453026E0,7.520188251E0
9.374222650E1,2.049927242E0,-6.004450790E0,7.482010025E0
9.375220350E1,1.961942873E0,-6.081538142E0,7.443236554E0
9.376218050E1,1.873087414E0,-6.157840213E0,7.403286037E0
9.377215750E1,1.782301790E0,-6.232329063E0,7.363258338E0
9.378213350E1,1.689972793E0,-6.304113575E0,7.323813606E0
9.379211050E1,1.597912329E0,-6.373781980E0,7.284070081E0
9.380208750E1,1.504781387E0,-6.441313813E0,7.244391460E0
9.381206350E1,1.410520762E0,-6.506976875E0,7.204566659E0
9.382204050E1,1.316017186E0,-6.570883434E0,7.164335477E0
9.383201750E1,1.221696408E0,-6.632618337E0,7.124039390E0
9.384199450E1,1.128762809E0,-6.692089782E0,7.083638054E0
9.385197050E1,1.035914287E0,-6.749024706E0,7.043695723E0
9.386194750E1,9.439971529E-1,-6.804107231E0,7.003505471E0
9.387192450E1,8.542793763E-1,-6.857397001E0,6.962931642E0
9.388190050E1,7.655800384E-1,-6.908302860E0,6.922812726E0
9.389187750E1,6.784264851E-1,-6.956901408E0,6.883121241E0
9.390185450E1,5.921684329E-1,-7.003297310E0,6.843921508E0
9.391183150E1,5.078082042E-1,-7.047423908E0,6.805295386E0
9.392180750E1,4.250508800E-1,-7.088895285E0,6.767790760E0
9.393178450E1,3.405340189E-1,-7.127919018E0,6.731485983E0
9.394176150E1,2.541157348E-1,-7.165738809E0,6.695051397E0
9.395173750E1,1.651760398E-1,-7.202402605E0,6.658394617E0
9.396171450E1,7.386194590E-2,-7.236833934E0,6.622603810E0
9.397169150E1,-1.604099218E-2,-7.268227635E0,6.588528576E0
9.398166850E1,-1.052098009E-1,-7.296490737E0,6.556389940E0
9.399164450E1,-1.940252882E-1,-7.322058856E0,6.525787953E0
9.400162150E1,-2.842607261E-1,-7.344919131E0,6.496726706E0
9.401159850E1,-3.775470402E-1,-7.365380293E0,6.468750703E0
9.402157450E1,-4.701826505E-1,-7.384120034E0,6.441257095E0
9.403155150E1,-5.622702306E-1,-7.400757117E0,6.414728277E0
9.404152850E1,-6.537610292E-1,-7.414770554E0,6.389826155E0
9.405150550E1,-7.437452196E-1,-7.426243960E0,6.366619726E0
9.406148150E1,-8.351683366E-1,-7.434773878E0,6.345291422E0
9.407145850E1,-9.274582303E-1,-7.441896957E0,6.324087664E0
9.408143550E1,-1.020476979E0,-7.447946486E0,6.302604994E0
9.409141150E1,-1.114410452E0,-7.451943058E0,6.281936256E0
9.410138850E1,-1.206982401E0,-7.453925264E0,6.262451579E0
9.411136550E1,-1.299902844E0,-7.454158568E0,6.243546946E0
9.412134250E1,-1.393313868E0,-7.452710797E0,6.225101320E0
9.413131850E1,-1.486877066E0,-7.449743920E0,6.206981383E0
9.414129550E1,-1.578943231E0,-7.443560489E0,6.191643552E0
9.415127250E1,-1.667767991E0,-7.434200851E0,6.179587762E0
9.416124950E1,-1.755847963E0,-7.422667803E0,6.169043478E0
9.417122550E1,-1.843108886E0,-7.409022156E0,6.159987895E0
9.418120250E1,-1.930374632E0,-7.392466350E0,6.153144899E0
9.419117950E1,-2.018631482E0,-7.372250771E0,6.149076991E0
9.420115550E1,-2.106341910E0,-7.349629648E0,6.146736935E0
9.421113250E1,-2.192840063E0,-7.325256699E0,6.145580941E0
9.422110950E1,-2.277748797E0,-7.299445919E0,6.145409033E0
9.423108650E1,-2.361657658E0,-7.271717838E0,6.146608297E0
9.424106250E1,-2.446530431E0,-7.241307054E0,6.149314973E0
9.425103950E1,-2.530356846E0,-7.208859685E0,6.153513858E0
9.426101650E1,-2.614066170E0,-7.175353970E0,6.157681754E0
9.427099250E1,-2.700015562E0,-7.140565960E0,6.161033378E0
9.428096950E1,-2.785241069E0,-7.103920875E0,6.165455042E0
9.429094650E1,-2.872294416E0,-7.064655653E0,6.170629828E0
9.430092350E1,-2.959972830E0,-7.022620604E0,6.177172862E0
9.431089950E1,-3.047789530E0,-6.979125506E0,6.183760335E0
9.432087650E1,-3.137396941E0,-6.933859870E0,6.189864829E0
9.433085350E1,-3.226298008E0,-6.886014444E0,6.197572044E0
9.434082950E1,-3.315127446E0,-6.835530168E0,6.206573832E0
9.435080650E1,-3.403633241E0,-6.782198299E0,6.217167233E0
9.436078350E1,-3.490898549E0,-6.726738628E0,6.229021878E0
9.437076050E1,-3.578398038E0,-6.670439882E0,6.239903546E0
9.438073650E1,-3.665456355E0,-6.612845392E0,6.250664762E0
9.439071350E1,-3.751130928E0,-6.553018436E0,6.262832817E0
9.440069050E1,-3.836019636E0,-6.490481880E0,6.276519395E0
9.441066650E1,-3.919883619E0,-6.426582922E0,6.290441031E0
9.442064350E1,-4.003851390E0,-6.362377571E0,6.302810231E0
9.443062050E1,-4.087877633E0,-6.296655452E0,6.314861927E0
9.444059750E1,-4.171080295E0,-6.228548253E0,6.327983079E0
9.445057350E1,-4.253159123E0,-6.157886991E0,6.342488267E0
9.446055050E1,-4.333825556E0,-6.085087987E0,6.358126060E0
9.447052750E1,-4.414763885E0,-6.010492133E0,6.373378522E0
9.448050450E1,-4.497229214E0,-5.934032772E0,6.387353953E0
9.449048050E1,-4.580495903E0,-5.855429236E0,6.400711917E0
9.450045750E1,-4.665202762E0,-5.774633580E0,6.412923827E0
9.451043450E1,-4.749491838E0,-5.692544519E0,6.424435240E0
9.452041050E1,-4.833435928E0,-5.610383538E0,6.434096594E0
9.453038750E1,-4.918469061E0,-5.527306883E0,6.441555887E0
9.454036450E1,-5.003793386E0,-5.442035183E0,6.448442153E0
9.455034150E1,-5.089293712E0,-5.353766200E0,6.455414958E0
9.456031750E1,-5.173057415E0,-5.263754747E0,6.462852616E0
9.457029450E1,-5.256199560E0,-5.173326972E0,6.468784032E0
9.458027150E1,-5.340846777E0,-5.082299858E0,6.471606483E0
9.459024750E1,-5.425861199E0,-4.989542552E0,6.473067702E0
9.460022450E1,-5.510499646E0,-4.894408938E0,6.474199723E0
9.461020150E1,-5.594208970E0,-4.797649798E0,6.474834731E0
9.462017850E1,-5.675413932E0,-4.700486031E0,6.475431147E0
9.463015450E1,-5.755864018E0,-4.602720001E0,6.474651713E0
9.464013150E1,-5.834497958E0,-4.503877790E0,6.473780478E0
9.465010850E1,-5.910547430E0,-4.402292651E0,6.474669839E0
9.466008450E1,-5.983700776E0,-4.297562879E0,6.477837276E0
9.467006150E1,-6.053766791E0,-4.191324525E0,6.482346064E0
9.468003850E1,-6.124005885E0,-4.084504959E0,6.484555727E0
9.469001550E1,-6.195736018E0,-3.976892509E0,6.483307346E0
9.469999125E1,-6.268482982E0,-3.867802761E0,6.479375678E0
9.470996825E1,-6.340276850E0,-3.757703199E0,6.474307896E0
9.471994525E1,-6.410657446E0,-3.647179713E0,6.468203988E0
9.472992225E1,-6.481915709E0,-3.535627410E0,6.459119169E0
9.473989825E1,-6.553274544E0,-3.422780241E0,6.447889007E0
9.474987525E1,-6.622362905E0,-3.308692878E0,6.436844786E0
9.475985225E1,-6.690443791E0,-3.193618504E0,6.424551015E0
9.476982825E1,-6.757225426E0,-3.077781946E0,6.411182526E0
9.477980525E1,-6.822938774E0,-2.960475690E0,6.396811239E0
9.478978225E1,-6.886984497E0,-2.841779844E0,6.381992640E0
9.479975925E1,-6.949365517E0,-2.721981505E0,6.366571779E0
9.480973525E1,-7.011390442E0,-2.600556763E0,6.349300273E0
9.481971225E1,-7.072132487E0,-2.477213257E0,6.331229453E0
9.482968925E1,-7.131724386E0,-2.351895877E0,6.312146480E0
9.483966625E1,-7.190157951E0,-2.224731947E0,6.291923300E0
9.484964225E1,-7.247185260E0,-2.093327031E0,6.271553940E0
9.485961925E1,-7.304572173E0,-1.945706909E0,6.252484415E0
9.486959625E1,-7.367285900E0,-1.735575959E0,6.240751392E0
9.487957225E1,-7.415803172E0,-1.599794256E0,6.219535940E0
9.488954925E1,-7.461638326E0,-1.470851310E0,6.196503757E0
9.489952625E1,-7.504935789E0,-1.344417112E0,6.172890946E0
9.490950325E1,-7.545979734E0,-1.218388419E0,6.148968818E0
9.491947925E1,-7.583943951E0,-1.092887363E0,6.125806242E0
9.492945625E1,-7.619660498E0,-9.677646958E-1,6.102482868E0
9.493943325E1,-7.653065642E0,-8.425651375E-1,6.079207442E0
9.494940925E1,-7.682822707E0,-7.170720490E-1,6.057733542E0
9.495938625E1,-7.709836843E0,-5.917778755E-1,6.036913362E0
9.496936325E1,-7.733415740E0,-4.679272698E-1,6.017592992E0
9.497934025E1,-7.754170432E0,-3.442660774E-1,5.999201744E0
9.498931625E1,-7.772969230E0,-2.200694811E-1,5.980687121E0
9.499929325E1,-7.788751450E0,-9.585674093E-2,5.963409768E0
9.500927025E1,-7.801259814E0,2.833403333E-2,5.947741569E0
9.501924725E1,-7.810375038E0,1.527122976E-1,5.933870219E0
9.502922325E1,-7.816792942E0,2.774731320E-1,5.920883553E0
9.503920025E1,-7.820808810E0,4.015237307E-1,5.908455296E0
9.504917725E1,-7.821859555E0,5.245466264E-1,5.897412829E0
9.505915325E1,-7.821013463E0,6.479033616E-1,5.886262189E0
9.506913025E1,-7.817227975E0,7.711109928E-1,5.876430096E0
9.507910725E1,-7.810024790E0,8.942685572E-1,5.868552142E0
9.508908425E1,-7.800772156E0,1.017017621E0,5.860864808E0
9.509906025E1,-7.788523993E0,1.139147464E0,5.854685470E0
9.510903725E1,-7.774151537E0,1.260560877E0,5.848901989E0
9.511901425E1,-7.757276473E0,1.380554805E0,5.844213107E0
9.512899125E1,-7.736337594E0,1.500601797E0,5.842378251E0
9.513896725E1,-7.713149875E0,1.621096832E0,5.840843942E0
9.514894425E1,-7.687001712E0,1.739731721E0,5.841184834E0
9.515892125E1,-7.658419352E0,1.856982867E0,5.842630851E0
9.516889725E1,-7.627802162E0,1.973797810E0,5.844386770E0
9.517887425E1,-7.594128631E0,2.090224791E0,5.847758274E0
9.518885125E1,-7.558445413E0,2.206127276E0,5.851409860E0
9.519882825E1,-7.519846188E0,2.320978432E0,5.856712700E0
9.520880425E1,-7.478773592E0,2.435514716E0,5.862790296E0
9.521878125E1,-7.435030571E0,2.549049517E0,5.870158957E0
9.522875825E1,-7.387925402E0,2.660818752E0,5.880026718E0
9.523873425E1,-7.338194833E0,2.772097405E0,5.890880905E0
9.524871125E1,-7.285634211E0,2.882762394E0,5.902993412E0
9.525868825E1,-7.230196175E0,2.992427216E0,5.916564800E0
9.526866525E1,-7.172114028E0,3.100533462E0,5.931574017E0
9.527864125E1,-7.111091900E0,3.206869172E0,5.948484750E0
9.528861825E1,-7.047977639E0,3.312916906E0,5.965458632E0
9.529859525E1,-6.981128762E0,3.417736433E0,5.984900039E0
9.530857225E1,-6.910237704E0,3.521681508E0,6.006868613E0
9.531854825E1,-6.837670249E0,3.624401885E0,6.028769360E0
9.532852525E1,-6.762606618E0,3.725921535E0,6.051509181E0
9.533850225E1,-6.686237304E0,3.827292374E0,6.073068450E0
9.534847825E1,-6.608673989E0,3.926665804E0,6.094490894E0
9.535845525E1,-6.528537898E0,4.024942881E0,6.116709144E0
9.536843225E1,-6.447569749E0,4.121519296E0,6.138242100E0
9.537840925E1,-6.365559626E0,4.215155145E0,6.160212429E0
9.538838525E1,-6.282822694E0,4.308097515E0,6.180819771E0
9.539836225E1,-6.198730377E0,4.399880967E0,6.201039442E0
9.540833925E1,-6.111301054E0,4.490517780E0,6.222809211E0
9.541831625E1,-6.021430519E0,4.579162738E0,6.245777659E0
9.542829225E1,-5.929715188E0,4.665139028E0,6.269852400E0
9.543826925E1,-5.835641674E0,4.749884186E0,6.294441111E0
9.544824625E1,-5.738852128E0,4.834776694E0,6.318750910E0
9.545822225E1,-5.638694002E0,4.918103610E0,6.344563444E0
9.546819925E1,-5.536563025E0,4.999212677E0,6.371063025E0
9.547817625E1,-5.432827572E0,5.077588756E0,6.398326837E0
9.548815325E1,-5.326775452E0,5.153947545E0,6.426381778E0
9.549812925E1,-5.218436487E0,5.228674961E0,6.454841346E0
9.550810625E1,-5.107561584E0,5.301447068E0,6.484100813E0
9.551808325E1,-4.994337854E0,5.372470858E0,6.513773094E0
9.552806025E1,-4.879670447E0,5.442023488E0,6.542881703E0
9.553803625E1,-4.763942939E0,5.509614962E0,6.571536568E0
9.554801325E1,-4.646612417E0,5.576052781E0,6.599448836E0
9.555799025E1,-4.527465458E0,5.640969738E0,6.627037169E0
9.556796625E1,-4.405748940E0,5.704258246E0,6.654841264E0
9.557794325E1,-4.283305905E0,5.765551684E0,6.681901009E0
9.558792025E1,-4.161169557E0,5.824245450E0,6.708124602E0
9.559789725E1,-4.039510634E0,5.881838186E0,6.732194080E0
9.560787325E1,-3.916767930E0,5.938442742E0,6.754992959E0
9.561785025E1,-3.792764273E0,5.993380256E0,6.777198930E0
9.562782725E1,-3.668520881E0,6.045940878E0,6.798872219E0
9.563780425E1,-3.545087036E0,6.095117131E0,6.820410438E0
9.564778025E1,-3.421454970E0,6.142246858E0,6.841238805E0
9.565775725E1,-3.295553892E0,6.188831041E0,6.861035138E0
9.566773425E1,-3.166845858E0,6.234306591E0,6.880451403E0
9.567771025E1,-3.037262203E0,6.277932082E0,6.899181789E0
9.568768725E1,-2.907197031E0,6.318469074E0,6.918183485E0
9.569766425E1,-2.776955272E0,6.356882358E0,6.936472991E0
9.570764138E1,-2.645648736E0,6.394122105E0,6.953549200E0
9.571761738E1,-2.512309707E0,6.430052075E0,6.969851822E0
9.572759437E1,-2.377796265E0,6.463614509E0,6.985977273E0
9.573757137E1,-2.241909458E0,6.493769769E0,7.002920165E0
9.574754838E1,-2.106285484E0,6.520323730E0,7.020330250E0
9.575752438E1,-1.971873345E0,6.543900288E0,7.037412890E0
9.576750137E1,-1.835383837E0,6.565703385E0,7.054006119E0
9.577747838E1,-1.696515096E0,6.586919423E0,7.068976160E0
9.578745438E1,-1.556795147E0,6.606297680E0,7.083030528E0
9.579743138E1,-1.418259844E0,6.622309695E0,7.097158570E0
9.580740837E1,-1.282305064E0,6.635622636E0,7.110577345E0
9.581738538E1,-1.146685767E0,6.647189013E0,7.122927250E0
9.582736138E1,-1.011090444E0,6.657186583E0,7.134119405E0
9.583733837E1,-8.760261945E-1,6.664737677E0,7.144925060E0
9.584731537E1,-7.421190358E-1,6.669280379E0,7.155840642E0
9.585729238E1,-6.094432641E-1,6.672652468E0,7.165220745E0
9.586726838E1,-4.768785895E-1,6.674546381E0,7.173500987E0
9.587724537E1,-3.441662728E-1,6.674317170E0,7.181305266E0
9.588722238E1,-2.129113197E-1,6.671239781E0,7.189251632E0
9.589719838E1,-8.351648466E-2,6.665263342E0,7.197457030E0
9.590717537E1,4.317334161E-2,6.657294756E0,7.205182371E0
9.591715237E1,1.684901685E-1,6.648231572E0,7.211707864E0
9.592712938E1,2.938334952E-1,6.638387200E0,7.216756935E0
9.593710538E1,4.187682295E-1,6.627851102E0,7.220271696E0
9.594708237E1,5.431943473E-1,6.614409522E0,7.224308614E0
9.595705938E1,6.657076947E-1,6.598046674E0,7.229018546E0
9.596703638E1,7.867940292E-1,6.580344229E0,7.232989390E0
9.597701237E1,9.085685078E-1,6.561795107E0,7.235568012E0
9.598698937E1,1.030897302E0,6.541951411E0,7.237142082E0
9.599696638E1,1.152908009E0,6.518769540E0,7.239651707E0
9.600694238E1,1.272591961E0,6.492414384E0,7.243283998E0
9.601691937E1,1.390789479E0,6.463821500E0,7.247124449E0
9.602689637E1,1.509163144E0,6.433124787E0,7.250754400E0
9.603687338E1,1.628085424E0,6.400676249E0,7.253742328E0
9.604684938E1,1.747317752E0,6.365481273E0,7.256971160E0
9.605682637E1,1.865232119E0,6.326797848E0,7.261448373E0
9.606680338E1,1.982651810E0,6.285650992E0,7.266070597E0
9.607678038E1,2.100807082E0,6.242252957E0,7.270280592E0
9.608675637E1,2.219251936E0,6.196616024E0,7.274129815E0
9.609673337E1,2.337447992E0,6.147668982E0,7.278639772E0
9.610671038E1,2.453996302E0,6.094990831E0,7.284578789E0
9.611668738E1,2.567739850E0,6.039030638E0,7.291976686E0
9.612666337E1,2.679379569E0,5.980520475E0,7.300027133E0
9.613664038E1,2.789484686E0,5.920362566E0,7.307816793E0
9.614661738E1,2.899174066E0,5.858372140E0,7.315077866E0
9.615659337E1,3.008288665E0,5.793914773E0,7.322352387E0
9.616657037E1,3.115605245E0,5.727582790E0,7.329659652E0
9.617654738E1,3.221729578E0,5.660527505E0,7.335869980E0
9.618652438E1,3.325843638E0,5.592786343E0,7.341362270E0
9.619650037E1,3.428478060E0,5.523426086E0,7.346659262E0
9.620647738E1,3.529010701E0,5.451486622E0,7.352786559E0
9.621645438E1,3.626246096E0,5.376565663E0,7.360637031E0
9.622643137E1,3.720925089E0,5.299057311E0,7.369586779E0
9.623640737E1,3.813253794E0,5.220070199E0,7.378758137E0
9.624638438E1,3.903057671E0,5.140122973E0,7.387921309E0
9.625636138E1,3.990791633E0,5.057738628E0,7.397902506E0
9.626633737E1,4.077045666E0,4.972906639E0,7.408373700E0
9.627631437E1,4.161687621E0,4.886928011E0,7.418516280E0
9.628629138E1,4.243628454E0,4.801066034E0,7.428154830E0
9.629626838E1,4.323135092E0,4.715201426E0,7.437302799E0
9.630624437E1,4.401330492E0,4.627530321E0,7.446499300E0
9.631622138E1,4.476089483E0,4.537375027E0,7.457409035E0
9.632619838E1,4.546953059E0,4.444576206E0,7.470412658E0
9.633617537E1,4.614744215E0,4.350400074E0,7.484267635E0
9.634615137E1,4.680507557E0,4.255988591E0,7.497700444E0
9.635612838E1,4.744166194E0,4.160766684E0,7.511125066E0
9.636610538E1,4.805822452E0,4.065393334E0,7.524144477E0
9.637608237E1,4.866102275E0,3.969109573E0,7.536797851E0
9.638605838E1,4.925154768E0,3.871583571E0,7.549158280E0
9.639603538E1,4.981896148E0,3.773659373E0,7.561501753E0
9.640601237E1,5.035899863E0,3.674739102E0,7.574437548E0
9.641598837E1,5.087600943E0,3.573496902E0,7.588315914E0
9.642596538E1,5.138062415E0,3.469881902E0,7.602390162E0
9.643594238E1,5.186512443E0,3.364444325E0,7.616869622E0
9.644591937E1,5.232064008E0,3.257287666E0,7.632279375E0
9.645589537E1,5.276401105E0,3.148105239E0,7.647556980E0
9.646587238E1,5.319284585E0,3.037858035E0,7.662422941E0
9.647584938E1,5.360517395E0,2.927299466E0,7.676710027E0
9.648582637E1,5.399945170E0,2.815567946E0,7.690856781E0
9.649580238E1,5.437435178E0,2.702939170E0,7.704836889E0
9.650577938E1,5.472690965E0,2.589523944E0,7.718815827E0
9.651575637E1,5.504634889E0,2.475098904E0,7.733626240E0
9.652573237E1,5.534281442E0,2.359919280E0,7.748458287E0
9.653570938E1,5.563362569E0,2.243996768E0,7.762060080E0
9.654568638E1,5.590087268E0,2.127769324E0,7.775578843E0
9.655566337E1,5.613681368E0,2.011623448E0,7.789483522E0
9.656563938E1,5.635030137E0,1.895714385E0,7.803127415E0
9.657561638E1,5.655401836E0,1.779313716E0,7.815790145E0
9.658559337E1,5.672959270E0,1.661271004E0,7.829037012E0
9.659557037E1,5.685636619E0,1.541924216E0,7.844240357E0
9.660554638E1,5.694772893E0,1.422089478E0,7.860236585E0
9.661552338E1,5.701397204E0,1.301592982E0,7.876294793E0
9.662550037E1,5.705916517E0,1.180131695E0,7.892141917E0
9.663547738E1,5.707940238E0,1.058373515E0,7.907930569E0
9.664545338E1,5.706935686E0,9.366439869E-1,7.923994040E0
9.665543038E1,5.703476474E0,8.147388960E-1,7.939941151E0
9.666540737E1,5.696913559E0,6.926234517E-1,7.956227401E0
9.667538438E1,5.685273507E0,5.706228320E-1,7.974218699E0
9.668536038E1,5.667282209E0,4.476619533E-1,7.994848845E0
9.669533737E1,5.626837603E0,3.186216148E-1,8.029525757E0
9.670531488E1,5.606010405E0,1.947089374E-1,8.048032780E0
9.671529087E1,5.583258889E0,7.115661280E-2,8.065869711E0
9.672526788E1,5.557801867E0,-5.248409150E-2,8.083575080E0
9.673524488E1,5.530436313E0,-1.764267040E-1,8.100571182E0
9.674522187E1,5.500986226E0,-2.999926599E-1,8.116973206E0
9.675519787E1,5.468362271E0,-4.232920375E-1,8.133507378E0
9.676517488E1,5.433052105E0,-5.472159526E-1,8.149760883E0
9.677515188E1,5.395592503E0,-6.719075706E-1,8.165306291E0
9.678512887E1,5.356167067E0,-7.966541158E-1,8.180031334E0
9.679510487E1,5.314516180E0,-9.218582788E-1,8.194033661E0
9.680508188E1,5.271224565E0,-1.048098130E0,8.206813336E0
9.681505888E1,5.226692755E0,-1.174683990E0,8.218144655E0
9.682503587E1,5.180706158E0,-1.299617061E0,8.228449203E0
9.683501188E1,5.133129119E0,-1.422352018E0,8.237960869E0
9.684498888E1,5.084390237E0,-1.543718873E0,8.246332912E0
9.685496587E1,5.033970281E0,-1.664124884E0,8.253843661E0
9.686494287E1,4.980661216E0,-1.783910359E0,8.261160867E0
9.687491888E1,4.924273592E0,-1.904599083E0,8.268018481E0
9.688489588E1,4.864308934E0,-2.027114184E0,8.274382591E0
9.689487287E1,4.802408847E0,-2.150891992E0,8.279289574E0
9.690484888E1,4.738621572E0,-2.275956772E0,8.282607284E0
9.691482588E1,4.673732681E0,-2.402357056E0,8.283779651E0
9.692480287E1,4.608625981E0,-2.529759553E0,8.282329541E0
9.693477987E1,4.541420715E0,-2.657512152E0,8.279445695E0
9.694475588E1,4.471388906E0,-2.785129095E0,8.275616938E0
9.695473288E1,4.399809631E0,-2.911899946E0,8.270345673E0
9.696470987E1,4.326957709E0,-3.037081817E0,8.263756446E0
9.697468688E1,4.251927700E0,-3.160779079E0,8.256311771E0
9.698466288E1,4.173880819E0,-3.282919813E0,8.248470070E0
9.699463988E1,4.095684250E0,-3.403125410E0,8.238944955E0
9.700461687E1,4.018024456E0,-3.520633980E0,8.227801917E0
9.701459388E1,3.939356016E0,-3.635523289E0,8.215871843E0
9.702456988E1,3.859310558E0,-3.748324265E0,8.203163504E0
9.703454687E1,3.777394282E0,-3.859049479E0,8.189941195E0
9.704452387E1,3.695130975E0,-3.968103560E0,8.175344791E0
9.705450088E1,3.612782882E0,-4.075507848E0,8.159297692E0
9.706447688E1,3.529886614E0,-4.181519330E0,8.141922106E0
9.707445387E1,3.446676642E0,-4.286503163E0,8.122956077E0
9.708443088E1,3.362210981E0,-4.390715749E0,8.102669747E0
9.709440788E1,3.277955234E0,-4.493685216E0,8.080711699E0
9.710438387E1,3.195184973E0,-4.594546178E0,8.057111167E0
9.711436087E1,3.114037899E0,-4.693690982E0,8.031695074E0
9.712433788E1,3.033991563E0,-4.792174173E0,8.004127792E0
9.713431488E1,2.953063175E0,-4.889876469E0,7.975250732E0
9.714429087E1,2.873324695E0,-4.985930727E0,7.944847550E0
9.715426788E1,2.795785061E0,-5.080583115E0,7.912481457E0
9.716424488E1,2.717967099E0,-5.174361929E0,7.878751794E0
9.717422087E1,2.639300706E0,-5.267539065E0,7.843673762E0
9.718419787E1,2.558987737E0,-5.359655516E0,7.807802263E0
9.719417488E1,2.479791002E0,-5.449860511E0,7.770826811E0
9.720415188E1,2.402313787E0,-5.537663471E0,7.732998834E0
9.721412787E1,2.324495386E0,-5.623090707E0,7.695042218E0
9.722410488E1,2.246636786E0,-5.707162558E0,7.656175191E0
9.723408188E1,2.166869070E0,-5.790454976E0,7.616522298E0
9.724405888E1,2.084590852E0,-5.872434109E0,7.576615051E0
9.725403487E1,2.002254308E0,-5.951984308E0,7.536641146E0
9.726401188E1,1.919290358E0,-6.028947700E0,7.496946738E0
9.727398888E1,1.835166467E0,-6.104658033E0,7.456635448E0
9.728396587E1,1.748592153E0,-6.179494792E0,7.415683889E0
9.729394187E1,1.659407350E0,-6.252563937E0,7.374815944E0
9.730391888E1,1.569951090E0,-6.323200057E0,7.334063775E0
9.731389588E1,1.480491907E0,-6.391143533E0,7.293663608E0
9.732387287E1,1.390474314E0,-6.456969148E0,7.253290923E0
9.733384888E1,1.299470881E0,-6.521175084E0,7.212610674E0
9.734382588E1,1.207653296E0,-6.583312275E0,7.172006439E0
9.735380287E1,1.116681730E0,-6.643001822E0,7.131595162E0
9.736377987E1,1.026943708E0,-6.700164787E0,7.091493788E0
9.737375588E1,9.383339053E-1,-6.755499913E0,7.051159694E0
9.738373288E1,8.512612628E-1,-6.809701263E0,7.009952027E0
9.739370987E1,7.643311463E-1,-6.862327958E0,6.968525673E0
9.740368688E1,6.788293583E-1,-6.912775396E0,6.927396943E0
9.741366288E1,5.953846939E-1,-6.960696836E0,6.886967540E0
9.742363987E1,5.129554350E-1,-7.006204546E0,6.847341544E0
9.743361687E1,4.306764496E-1,-7.049437104E0,6.808528311E0
9.744359388E1,3.452765859E-1,-7.090872813E0,6.770258870E0
9.745356988E1,2.584018169E-1,-7.130860752E0,6.732024511E0
9.746354687E1,1.709719096E-1,-7.168319770E0,6.694928021E0
9.747352387E1,8.113568117E-2,-7.202707829E0,6.659617855E0
9.748350088E1,-9.117530819E-3,-7.234947038E0,6.625070166E0
9.749347688E1,-9.882708080E-2,-7.265273037E0,6.591065683E0
9.750345387E1,-1.893923200E-1,-7.293071870E0,6.558303149E0
9.751343088E1,-2.809889897E-1,-7.318024862E0,6.527148015E0
9.752340688E1,-3.734748200E-1,-7.340034952E0,6.497730673E0
9.753338387E1,-4.643318900E-1,-7.360350518E0,6.468827301E0
9.754336087E1,-5.542392991E-1,-7.378897301E0,6.440558937E0
9.755333788E1,-6.444632985E-1,-7.394997025E0,6.413640695E0
9.756331388E1,-7.342825974E-1,-7.408320490E0,6.388560818E0
9.757329087E1,-8.237166379E-1,-7.418732627E0,6.365532144E0
9.758326788E1,-9.127243432E-1,-7.427239741E0,6.343433177E0
9.759324488E1,-1.002228770E0,-7.434638223E0,6.321217850E0
9.760322087E1,-1.091595567E0,-7.440626941E0,6.299332307E0
9.761319787E1,-1.179385371E0,-7.444437572E0,6.278972302E0
9.762317488E1,-1.266394644E0,-7.446030938E0,6.260109769E0
9.763315188E1,-1.353236614E0,-7.446643726E0,6.241181747E0
9.764312787E1,-1.440276219E0,-7.446302834E0,6.222080648E0
9.765310488E1,-1.528317307E0,-7.443143583E0,6.204833116E0
9.766308188E1,-1.615288646E0,-7.436169609E0,6.191148877E0
9.767305887E1,-1.701205294E0,-7.426583683E0,6.179632201E0
9.768303487E1,-1.786640716E0,-7.415009705E0,6.169411268E0
9.769301188E1,-1.872563796E0,-7.400616199E0,6.161208209E0
9.770298812E1,-1.960351114E0,-7.383182725E0,6.154813110E0
9.771296512E1,-2.048087416E0,-7.363189341E0,6.150193809E0
9.772294113E1,-2.135106556E0,-7.340979862E0,6.147149164E0
9.773291813E1,-2.222525500E0,-7.316370100E0,6.145503758E0
9.774289512E1,-2.310139595E0,-7.289743050E0,6.144835421E0
9.775287213E1,-2.398710294E0,-7.260994629E0,6.144935993E0
9.776284813E1,-2.487273976E0,-7.229974566E0,6.146302487E0
9.777282512E1,-2.574004264E0,-7.197015565E0,6.149274042E0
9.778280212E1,-2.659800459E0,-7.162608794E0,6.152934399E0
9.779277913E1,-2.746224646E0,-7.126944287E0,6.156380163E0
9.780275513E1,-2.835164304E0,-7.089205188E0,6.159635893E0
9.781273212E1,-2.924868486E0,-7.049155853E0,6.163655269E0
9.782270913E1,-3.012303363E0,-7.007151795E0,6.169436411E0
9.783268613E1,-3.098856773E0,-6.963398250E0,6.176103991E0
9.784266213E1,-3.186593367E0,-6.918015670E0,6.182458745E0
9.785263912E1,-3.275869533E0,-6.870347999E0,6.188950324E0
9.786261613E1,-3.365144236E0,-6.820019259E0,6.196711918E0
9.787259313E1,-3.451769274E0,-6.766900229E0,6.207290701E0
9.788256912E1,-3.536745105E0,-6.711437634E0,6.219658147E0
9.789254612E1,-3.622322907E0,-6.654624333E0,6.231440286E0
9.790252313E1,-3.709455191E0,-6.596063299E0,6.242434806E0
9.791250013E1,-3.797287387E0,-6.535380895E0,6.253439265E0
9.792247612E1,-3.884385172E0,-6.473233178E0,6.264575872E0
9.793245313E1,-3.969831119E0,-6.409983262E0,6.276038169E0
9.794243013E1,-4.055991596E0,-6.345068058E0,6.286902881E0
9.795240712E1,-4.142699080E0,-6.278243739E0,6.297444241E0
9.796238312E1,-4.229824932E0,-6.209427273E0,6.307748204E0
9.797236013E1,-4.316679181E0,-6.139096963E0,6.317741681E0
9.798233713E1,-4.402060516E0,-6.067422963E0,6.328060262E0
9.799231412E1,-4.487687142E0,-5.994169630E0,6.337719278E0
9.800229013E1,-4.574703652E0,-5.918642315E0,6.346484254E0
9.801226713E1,-4.661887391E0,-5.840495448E0,6.355431663E0
9.802224412E1,-4.746069463E0,-5.760109096E0,6.366479977E0
9.803222112E1,-4.828999645E0,-5.678760293E0,6.377189738E0
9.804219713E1,-4.912694936E0,-5.596641997E0,6.385853557E0
9.805217413E1,-4.998422134E0,-5.512468988E0,6.392539848E0
9.806215112E1,-5.084587873E0,-5.426238345E0,6.398359582E0
9.807212813E1,-5.169070199E0,-5.338927136E0,6.404113827E0
9.808210413E1,-5.251801284E0,-5.250937650E0,6.409550568E0
9.809208113E1,-5.335243975E0,-5.161614999E0,6.413189290E0
9.810205812E1,-5.419408797E0,-5.070346979E0,6.415427020E0
9.811203513E1,-5.503719215E0,-4.976791529E0,6.416909289E0
9.812201113E1,-5.586653198E0,-4.881966356E0,6.418084579E0
9.813198812E1,-5.667034287E0,-4.786545059E0,6.419486157E0
9.814196512E1,-5.746754056E0,-4.690453379E0,6.419545214E0
9.815194213E1,-5.826715314E0,-4.593612085E0,6.417493426E0
9.816191813E1,-5.905783703E0,-4.495088548E0,6.414982046E0
9.817189512E1,-5.981537306E0,-4.393486159E0,6.415184360E0
9.818187213E1,-6.052999052E0,-4.289279421E0,6.418674563E0
9.819184913E1,-6.123794800E0,-4.184468665E0,6.420705301E0
9.820182512E1,-6.196913062E0,-4.078626460E0,6.418658776E0
9.821180212E1,-6.271937517E0,-3.970367602E0,6.413663499E0
9.822177913E1,-6.345412459E0,-3.860651909E0,6.408370015E0
9.823175613E1,-6.415142845E0,-3.750887392E0,6.404130199E0
9.824173212E1,-6.484278569E0,-3.640532014E0,6.398183581E0
9.825170913E1,-6.554645716E0,-3.528634433E0,6.389167174E0
9.826168613E1,-6.624896504E0,-3.414817210E0,6.378548046E0
9.827166312E1,-6.692572178E0,-3.300162375E0,6.368241743E0
9.828163912E1,-6.757258170E0,-3.184973103E0,6.358576881E0
9.829161613E1,-6.821091054E0,-3.068873713E0,6.347505763E0
9.830159313E1,-6.885331489E0,-2.951456360E0,6.333815677E0
9.831157012E1,-6.949909893E0,-2.832150649E0,6.317735834E0
9.832154612E1,-7.013000180E0,-2.711311506E0,6.301009873E0
9.833152313E1,-7.072928878E0,-2.589586217E0,6.285206603E0
9.834150013E1,-7.130556697E0,-2.467414201E0,6.269220901E0
9.835147712E1,-7.188331865E0,-2.343224018E0,6.250862982E0
9.836145313E1,-7.246121652E0,-2.214241019E0,6.231129214E0
9.837143013E1,-7.302558392E0,-2.075815790E0,6.212868944E0
9.838140712E1,-7.362080124E0,-1.881672004E0,6.204449539E0
9.839138412E1,-7.410972202E0,-1.736519553E0,6.188545697E0
9.840136013E1,-7.456647143E0,-1.606288612E0,6.168821284E0
9.841133713E1,-7.501049729E0,-1.478266456E0,6.146957375E0
9.842131412E1,-7.542602967E0,-1.350381711E0,6.125497509E0
9.843129113E1,-7.580011699E0,-1.223688335E0,6.105908752E0
9.844126713E1,-7.613999809E0,-1.098864826E0,6.087331563E0
9.845124412E1,-7.646767021E0,-9.745177183E-1,6.067402498E0
9.846122112E1,-7.678047286E0,-8.490992548E-1,6.046712126E0
9.847119813E1,-7.706416807E0,-7.219402215E-1,6.027109335E0
9.848117413E1,-7.731063990E0,-5.948608199E-1,6.009399873E0
9.849115112E1,-7.752162498E0,-4.690546861E-1,5.993335233E0
9.850112813E1,-7.771547772E0,-3.440502055E-1,5.976686456E0
9.851110513E1,-7.789710978E0,-2.188230374E-1,5.958910335E0
9.852108113E1,-7.805289130E0,-9.276077729E-2,5.941796705E0
9.853105812E1,-7.816710497E0,3.343555768E-2,5.927395012E0
9.854103513E1,-7.824017177E0,1.583609090E-1,5.915722216E0
9.855101213E1,-7.829213598E0,2.823027494E-1,5.904220158E0
9.856098812E1,-7.832957570E0,4.060965823E-1,5.892026374E0
9.857096512E1,-7.834388968E0,5.305686738E-1,5.880217338E0
9.858094213E1,-7.832562883E0,6.548763125E-1,5.870109841E0
9.859091913E1,-7.826746657E0,7.780051524E-1,5.862836489E0
9.860089512E1,-7.818243052E0,9.000038718E-1,5.856720302E0
9.861087213E1,-7.807615153E0,1.021910644E0,5.850892382E0
9.862084913E1,-7.794403954E0,1.144744638E0,5.845760865E0
9.863082612E1,-7.777348795E0,1.267421122E0,5.843165871E0
9.864080212E1,-7.755657964E0,1.388497809E0,5.844479740E0
9.865077913E1,-7.730846474E0,1.507674443E0,5.847823763E0
9.866075613E1,-7.704166798E0,1.625811588E0,5.851380624E0
9.867073312E1,-7.675761024E0,1.744294888E0,5.854590746E0
9.868070913E1,-7.644671963E0,1.862701444E0,5.858791970E0
9.869068613E1,-7.609426117E0,1.979818542E0,5.866264127E0
9.870066375E1,-7.570763742E0,2.094802137E0,5.876345896E0
9.871064075E1,-7.530103959E0,2.208804862E0,5.886834632E0
9.872061675E1,-7.487787074E0,2.322905090E0,5.896885411E0
9.873059375E1,-7.442068280E0,2.437904326E0,5.908328412E0
9.874057075E1,-7.392568091E0,2.551763795E0,5.922376932E0
9.875054775E1,-7.340167099E0,2.663689443E0,5.938249784E0
9.876052375E1,-7.285693853E0,2.774219068E0,5.954701509E0
9.877050075E1,-7.229689221E0,2.884755125E0,5.970418240E0
9.878047775E1,-7.171210633E0,2.994428133E0,5.986923761E0
9.879045475E1,-7.108381131E0,3.102792826E0,6.006637064E0
9.880043075E1,-7.042764262E0,3.209750095E0,6.027691718E0
9.881040775E1,-6.975804872E0,3.315119552E0,6.048490264E0
9.882038475E1,-6.907514656E0,3.419695835E0,6.068609363E0
9.883036175E1,-6.836927653E0,3.523756685E0,6.088978139E0
9.884033775E1,-6.763065040E0,3.626659495E0,6.111005185E0
9.885031475E1,-6.687199171E0,3.727622783E0,6.133701738E0
9.886029175E1,-6.610419967E0,3.826140473E0,6.156224627E0
9.887026875E1,-6.532371917E0,3.923778741E0,6.178040589E0
9.888024475E1,-6.453017015E0,4.021165872E0,6.198782417E0
9.889022175E1,-6.370732073E0,4.116869882E0,6.221032827E0
9.890019875E1,-6.286383063E0,4.210646357E0,6.244032265E0
9.891017575E1,-6.201275670E0,4.302541783E0,6.266451659E0
9.892015175E1,-6.114802367E0,4.393804833E0,6.288065892E0
9.893012875E1,-6.026596534E0,4.484507134E0,6.309155045E0
9.894010575E1,-5.935654204E0,4.573516959E0,6.331433521E0
9.895008275E1,-5.841830952E0,4.660829630E0,6.354980843E0
9.896005875E1,-5.745950063E0,4.746130566E0,6.379216383E0
9.897003575E1,-5.647772974E0,4.829141732E0,6.404542428E0
9.898001275E1,-5.547325995E0,4.910868266E0,6.430136275E0
9.898998975E1,-5.444462947E0,4.991563350E0,6.455867532E0
9.899996575E1,-5.339155177E0,5.071332235E0,6.481597620E0
9.900994275E1,-5.232899575E0,5.149321228E0,6.506716089E0
9.901991975E1,-5.124817302E0,5.225196453E0,6.532201763E0
9.902989675E1,-5.015215337E0,5.300128521E0,6.556855379E0
9.903987275E1,-4.903415112E0,5.373958974E0,6.581275105E0
9.904984975E1,-4.789905746E0,5.445887328E0,6.605696002E0
9.905982675E1,-4.675639165E0,5.515442882E0,6.629811088E0
9.906980375E1,-4.560662148E0,5.582543190E0,6.653696964E0
9.907977975E1,-4.444690227E0,5.647475350E0,6.677339011E0
9.908975675E1,-4.327062959E0,5.710396069E0,6.701044793E0
9.909973375E1,-4.207889687E0,5.771556775E0,6.724499145E0
9.910971075E1,-4.087928796E0,5.831662644E0,6.746603374E0
9.911968675E1,-3.966880030E0,5.889837177E0,6.768292451E0
9.912966375E1,-3.844953304E0,5.945883908E0,6.789617246E0
9.913964075E1,-3.722265271E0,6.000036142E0,6.810315805E0
9.914961775E1,-3.598072750E0,6.052682133E0,6.830447769E0
9.915959475E1,-3.472822759E0,6.103693242E0,6.849857016E0
9.916957075E1,-3.346646277E0,6.152048546E0,6.869377946E0
9.917954775E1,-3.219457058E0,6.197956790E0,6.888869639E0
9.918952475E1,-3.091364443E0,6.241698056E0,6.908022194E0
9.919950075E1,-2.962427491E0,6.282995771E0,6.927054881E0
9.920947775E1,-2.832578081E0,6.321931795E0,6.945917414E0
9.921945475E1,-2.702983901E0,6.358590914E0,6.964071849E0
9.922943175E1,-2.572752668E0,6.392987745E0,6.981887730E0
9.923940875E1,-2.442057458E0,6.425745601E0,6.998731804E0
9.924938475E1,-2.310354480E0,6.456469796E0,7.015151955E0
9.925936175E1,-2.178238104E0,6.485817556E0,7.030330743E0
9.926933875E1,-2.046400786E0,6.513525172E0,7.044312605E0
9.927931575E1,-1.914263361E0,6.538914367E0,7.057924338E0
9.928929175E1,-1.780974764E0,6.562675697E0,7.070750790E0
9.929926875E1,-1.646902787E0,6.585044221E0,7.082443467E0
9.930924575E1,-1.513057390E0,6.605265062E0,7.093464884E0
9.931922275E1,-1.379628606E0,6.622675731E0,7.104427829E0
9.932919875E1,-1.246249232E0,6.636906100E0,7.115788384E0
9.933917575E1,-1.113702501E0,6.648354948E0,7.127071171E0
9.934915275E1,-9.816008160E-1,6.656888959E0,7.138514757E0
9.935912975E1,-8.490698726E-1,6.663235527E0,7.149579443E0
9.936910575E1,-7.168133828E-1,6.668316758E0,7.159317981E0
9.937908275E1,-5.849137559E-1,6.672092890E0,7.167786503E0
9.938905975E1,-4.544323712E-1,6.673730110E0,7.175717082E0
9.939903675E1,-3.245049370E-1,6.672701585E0,7.183720751E0
9.940901275E1,-1.947237016E-1,6.669172790E0,7.191683489E0
9.941898975E1,-6.583243059E-2,6.663898017E0,7.198904216E0
9.942896675E1,6.206312352E-2,6.656465621E0,7.205810947E0
9.943894375E1,1.905386301E-1,6.646822978E0,7.212456892E0
9.944891975E1,3.185246607E-1,6.635415645E0,7.218441517E0
9.945889675E1,4.451862787E-1,6.622047740E0,7.224014499E0
9.946887375E1,5.691530247E-1,6.606114078E0,7.229897382E0
9.947885075E1,6.915704412E-1,6.587529287E0,7.236179631E0
9.948882675E1,8.137469159E-1,6.566834237E0,7.242279446E0
9.949880375E1,9.349463940E-1,6.544618911E0,7.247754194E0
9.950878075E1,1.055421621E0,6.520343025E0,7.253089778E0
9.951875775E1,1.175579783E0,6.493879112E0,7.258349934E0
9.952873375E1,1.295307956E0,6.465220739E0,7.263552786E0
9.953871075E1,1.414135803E0,6.433783768E0,7.269301769E0
9.954868775E1,1.531177765E0,6.399954702E0,7.275449531E0
9.955866475E1,1.647230816E0,6.363779733E0,7.281828843E0
9.956864075E1,1.762915200E0,6.325181678E0,7.288367785E0
9.957861775E1,1.878463344E0,6.285494286E0,7.293835516E0
9.958859475E1,1.995118220E0,6.244239256E0,7.298292848E0
9.959857175E1,2.112965489E0,6.200943548E0,7.302039160E0
9.960854775E1,2.230689529E0,6.156018806E0,7.305035858E0
9.961852475E1,2.347489123E0,6.108492052E0,7.308332518E0
9.962850175E1,2.463238412E0,6.058224708E0,7.312077659E0
9.963847875E1,2.579301549E0,6.005033757E0,7.315932729E0
9.964845475E1,2.694936378E0,5.948978255E0,7.320046245E0
9.965843175E1,2.808367977E0,5.890887337E0,7.324384879E0
9.966840875E1,2.919173883E0,5.830450516E0,7.329418747E0
9.967838575E1,3.028182647E0,5.768176500E0,7.334463140E0
9.968836275E1,3.136034832E0,5.704526049E0,7.338921642E0
9.969833875E1,3.242369665E0,5.639245979E0,7.343162627E0
9.970831567E1,3.347278946E0,5.572103571E0,7.347345141E0
9.971829267E1,3.450947741E0,5.503023981E0,7.351447547E0
9.972826967E1,3.552457743E0,5.432795413E0,7.355330098E0
9.973824567E1,3.651171607E0,5.361611994E0,7.359222590E0
9.974822267E1,3.747645988E0,5.287981516E0,7.364000350E0
9.975819967E1,3.842229379E0,5.211791711E0,7.369572746E0
9.976817667E1,3.934127436E0,5.133462995E0,7.376063156E0
9.977815267E1,4.022807478E0,5.053413443E0,7.383504322E0
9.978812967E1,4.108586132E0,4.971553009E0,7.391838359E0
9.979810667E1,4.192869945E0,4.887409821E0,7.400619122E0
9.980808367E1,4.275046421E0,4.801658942E0,7.409733177E0
9.981805967E1,4.354706548E0,4.714686287E0,7.419189295E0
9.982803667E1,4.432110527E0,4.626141315E0,7.429085707E0
9.983801367E1,4.508055333E0,4.536226049E0,7.438830092E0
9.984799067E1,4.582766377E0,4.444928793E0,7.448286209E0
9.985796667E1,4.655504278E0,4.352434028E0,7.457794366E0
9.986794367E1,4.726399429E0,4.258286254E0,7.467546353E0
9.987792067E1,4.795464402E0,4.161934665E0,7.477828681E0
9.988789767E1,4.862142541E0,4.064441700E0,7.488389922E0
9.989787367E1,4.926170429E0,3.965835132E0,7.499406661E0
9.990785067E1,4.988301188E0,3.865158066E0,7.510892347E0
9.991782767E1,5.048610540E0,3.762775951E0,7.522576253E0
9.992780467E1,5.106307940E0,3.659153057E0,7.534740801E0
9.993778067E1,5.160802236E0,3.554645187E0,7.547629818E0
9.994775767E1,5.212788076E0,3.448347776E0,7.561206468E0
9.995773467E1,5.262927951E0,3.340322514E0,7.574954442E0
9.996771167E1,5.310696779E0,3.231492674E0,7.588811758E0
9.997768767E1,5.356140170E0,3.121873460E0,7.602748012E0
9.998766467E1,5.399568025E0,3.011171342E0,7.616667309E0
9.999764167E1,5.440836504E0,2.899258266E0,7.630707643E0
1.000076187E2,5.479415263E0,2.786235388E0,7.645194705E0
1.000175957E2,5.515344064E0,2.672454419E0,7.659965356E0
1.000275717E2,5.548818789E0,2.557351102E0,7.675067545E0
1.000375487E2,5.579904342E0,2.441167511E0,7.690349243E0
1.000475257E2,5.608292574E0,2.324053921E0,7.705967156E0
1.000575027E2,5.634146038E0,2.205959753E0,7.721803170E0
1.000674787E2,5.657400414E0,2.086962775E0,7.737861963E0
1.000774557E2,5.678472025E0,1.966889471E0,7.753863453E0
1.000874327E2,5.696900110E0,1.845951217E0,7.770063749E0
1.000974097E2,5.713478136E0,1.724277530E0,7.785829012E0
1.001073857E2,5.728078634E0,1.601856130E0,7.801235256E0
1.001173627E2,5.740437893E0,1.479032295E0,7.816388900E0
1.001273397E2,5.750312086E0,1.356020473E0,7.831425015E0
1.001373167E2,5.757863765E0,1.232764529E0,7.846234843E0
1.001472927E2,5.762946165E0,1.108936947E0,7.860967487E0
1.001572697E2,5.765721254E0,9.844936529E-1,7.875489047E0
1.001672467E2,5.766445139E0,8.597195526E-1,7.889556279E0
1.001772237E2,5.765623021E0,7.347177033E-1,7.902776833E0
1.001871997E2,5.762199476E0,6.090837700E-1,7.915944178E0
1.001971767E2,5.755430154E0,4.826114190E-1,7.929578131E0
1.002071537E2,5.744252617E0,3.549915520E-1,7.944409593E0
1.002171307E2,5.723621886E0,2.240740198E-1,7.964046882E0
1.002271067E2,5.704779818E0,9.529252117E-2,7.980131988E0
1.002370837E2,5.688940296E0,-3.064990988E-2,7.991941025E0
1.002470607E2,5.671041968E0,-1.561241663E-1,8.003187559E0
1.002570377E2,5.650209509E0,-2.814048181E-1,8.014489642E0
1.002670147E2,5.626753403E0,-4.061426656E-1,8.025633851E0
1.002769907E2,5.600829188E0,-5.300409992E-1,8.036533061E0
1.002869677E2,5.572903470E0,-6.536780718E-1,8.046835270E0
1.002969447E2,5.542514906E0,-7.769799162E-1,8.056856228E0
1.003069217E2,5.509632504E0,-9.002751826E-1,8.066570207E0
1.003168977E2,5.473786733E0,-1.024057814E0,8.076203495E0
1.003268747E2,5.434985195E0,-1.147730372E0,8.085774803E0
1.003368517E2,5.393614390E0,-1.270668374E0,8.095086493E0
1.003468287E2,5.350115198E0,-1.392706635E0,8.103871350E0
1.003568047E2,5.304998667E0,-1.514344508E0,8.111710712E0
1.003667817E2,5.258256610E0,-1.635865729E0,8.118545523E0
1.003767587E2,5.209465688E0,-1.756611609E0,8.124769299E0
1.003867357E2,5.159366745E0,-1.876584634E0,8.129911925E0
1.003967117E2,5.108505909E0,-1.996408408E0,8.133487498E0
1.004066887E2,5.056569770E0,-2.115890705E0,8.135736337E0
1.004166657E2,5.002747319E0,-2.235616100E0,8.136991734E0
1.004266427E2,4.945982550E0,-2.356296199E0,8.137642529E0
1.004366187E2,4.886816621E0,-2.477539532E0,8.137378235E0
1.004465957E2,4.825181121E0,-2.598339206E0,8.136483026E0
1.004565727E2,4.762278529E0,-2.718818746E0,8.134176300E0
1.004665497E2,4.698488622E0,-2.839828628E0,8.129924789E0
1.004765257E2,4.631594136E0,-2.960959840E0,8.125093819E0
1.004865027E2,4.561429887E0,-3.081285013E0,8.120045918E0
1.004964797E2,4.489921656E0,-3.200769941E0,8.113678300E0
1.005064567E2,4.418423949E0,-3.319592965E0,8.105179372E0
1.005164337E2,4.346800236E0,-3.437111767E0,8.094917509E0
1.005264097E2,4.274259678E0,-3.552617665E0,8.083669220E0
1.005363867E2,4.201697486E0,-3.665939335E0,8.071104138E0
1.005463637E2,4.129580559E0,-3.777541047E0,8.056850966E0
1.005563407E2,4.056987377E0,-3.887584476E0,8.041370462E0
1.005663167E2,3.983876424E0,-3.995850060E0,8.024836875E0
1.005762937E2,3.909812667E0,-4.103310774E0,8.007015731E0
1.005862707E2,3.834035676E0,-4.210043217E0,7.988229212E0
1.005962477E2,3.756336997E0,-4.315815547E0,7.968673784E0
1.006062237E2,3.678532484E0,-4.420510821E0,7.947551887E0
1.006162007E2,3.602017574E0,-4.524115881E0,7.924263012E0
1.006261777E2,3.524448411E0,-4.626794157E0,7.899819311E0
1.006361547E2,3.444963700E0,-4.728548281E0,7.874589745E0
1.006461307E2,3.365182828E0,-4.829159859E0,7.847984329E0
1.006561077E2,3.286593326E0,-4.928546153E0,7.819452256E0
1.006660847E2,3.208197075E0,-5.026477075E0,7.789615084E0
1.006760617E2,3.128097529E0,-5.123291763E0,7.759058120E0
1.006860387E2,3.046992847E0,-5.219584880E0,7.727086714E0
1.006960147E2,2.966156553E0,-5.314747145E0,7.693600295E0
1.007059919E2,2.883991478E0,-5.407669342E0,7.660013303E0
1.007159689E2,2.802165835E0,-5.497471465E0,7.626386551E0
1.007259459E2,2.720971398E0,-5.584873306E0,7.592207236E0
1.007359219E2,2.637768736E0,-5.670981742E0,7.557661301E0
1.007458989E2,2.552482418E0,-5.755895008E0,7.522672732E0
1.007558759E2,2.465805047E0,-5.838571714E0,7.487788829E0
1.007658529E2,2.379225763E0,-5.918757505E0,7.452764007E0
1.007758289E2,2.291168011E0,-5.997064587E0,7.417673112E0
1.007858059E2,2.199330619E0,-6.073804030E0,7.382949421E0
1.007957829E2,2.105821508E0,-6.149052433E0,7.347841569E0
1.008057599E2,2.012454922E0,-6.222135027E0,7.312397502E0
1.008157359E2,1.919011446E0,-6.292271209E0,7.277418873E0
1.008257129E2,1.824688841E0,-6.359741061E0,7.242948368E0
1.008356899E2,1.729138905E0,-6.425036919E0,7.208680176E0
1.008456669E2,1.633477872E0,-6.489089073E0,7.173533147E0
1.008556429E2,1.537885252E0,-6.551501668E0,7.137845836E0
1.008656199E2,1.443721545E0,-6.611532692E0,7.102069647E0
1.008755969E2,1.351912950E0,-6.669280379E0,7.066054891E0
1.008855739E2,1.260643322E0,-6.725126551E0,7.029903896E0
1.008955509E2,1.168279096E0,-6.779747146E0,6.993300326E0
1.009055269E2,1.074335025E0,-6.833076677E0,6.956361126E0
1.009155039E2,9.804000172E-1,-6.884477795E0,6.919455839E0
1.009254809E2,8.888152977E-1,-6.933520147E0,6.882761638E0
1.009354579E2,7.983175756E-1,-6.980394936E0,6.846376753E0
1.009454339E2,7.089890774E-1,-7.025688638E0,6.809782539E0
1.009554109E2,6.204024446E-1,-7.069652683E0,6.772828721E0
1.009653879E2,5.312487050E-1,-7.111887122E0,6.736091250E0
1.009753649E2,4.422155643E-1,-7.151943473E0,6.700018022E0
1.009853409E2,3.505110865E-1,-7.189974933E0,6.664645876E0
1.009953179E2,2.562983907E-1,-7.226719421E0,6.629097728E0
1.010052949E2,1.610945188E-1,-7.261664135E0,6.593813290E0
1.010152719E2,6.394176082E-2,-7.293023338E0,6.560779445E0
1.010252479E2,-3.279639762E-2,-7.320674236E0,6.530141789E0
1.010352249E2,-1.280914632E-1,-7.345273472E0,6.501280518E0
1.010452019E2,-2.243705285E-1,-7.367798116E0,6.473122081E0
1.010551789E2,-3.213604872E-1,-7.388088539E0,6.445848328E0
1.010651559E2,-4.189157986E-1,-7.404802220E0,6.421022220E0
1.010751319E2,-5.144470597E-1,-7.418667723E0,6.398032138E0
1.010851089E2,-6.085139588E-1,-7.431031076E0,6.375388795E0
1.010950859E2,-7.036922309E-1,-7.441956013E0,6.352811526E0
1.011050629E2,-7.988842439E-1,-7.451236714E0,6.330636545E0
1.011150389E2,-8.936570115E-1,-7.458033518E0,6.309929801E0
1.011250159E2,-9.875171750E-1,-7.462781457E0,6.290295435E0
1.011349929E2,-1.081324494E0,-7.466609044E0,6.270293280E0
1.011449699E2,-1.175515683E0,-7.468629257E0,6.250907421E0
1.011549459E2,-1.269613244E0,-7.468270238E0,6.232906183E0
1.011649229E2,-1.364380676E0,-7.465803882E0,6.215813602E0
1.011748999E2,-1.458112712E0,-7.461085764E0,6.200177563E0
1.011848769E2,-1.550273748E0,-7.454390702E0,6.185856562E0
1.011948539E2,-1.643655097E0,-7.445709926E0,6.172188696E0
1.012048299E2,-1.737072553E0,-7.434796098E0,6.159746990E0
1.012148069E2,-1.830212121E0,-7.421052802E0,6.149341285E0
1.012247839E2,-1.922312638E0,-7.403856141E0,6.141964438E0
1.012347609E2,-2.012819642E0,-7.384033495E0,6.136831167E0
1.012447369E2,-2.104217324E0,-7.361591297E0,6.133135142E0
1.012547139E2,-2.198356180E0,-7.336690929E0,6.129951333E0
1.012646909E2,-2.292216855E0,-7.309367475E0,6.128212956E0
1.012746679E2,-2.383991975E0,-7.279381784E0,6.128889479E0
1.012846439E2,-2.472876377E0,-7.248158821E0,6.130675803E0
1.012946209E2,-2.561774813E0,-7.216496149E0,6.131524819E0
1.013045979E2,-2.652301405E0,-7.183723090E0,6.131517802E0
1.013145749E2,-2.742971840E0,-7.148983027E0,6.132229409E0
1.013245509E2,-2.833232384E0,-7.111715798E0,6.134525610E0
1.013345279E2,-2.922390728E0,-7.072429526E0,6.138116970E0
1.013445049E2,-3.012922291E0,-7.031285593E0,6.141614774E0
1.013544819E2,-3.106239175E0,-6.987069533E0,6.145586788E0
1.013644589E2,-3.198916374E0,-6.939980736E0,6.151398920E0
1.013744349E2,-3.290203397E0,-6.890288174E0,6.159107305E0
1.013844119E2,-3.380202278E0,-6.839269463E0,6.167230842E0
1.013943889E2,-3.469040780E0,-6.787121070E0,6.175503482E0
1.014043659E2,-3.557731639E0,-6.733188107E0,6.184077839E0
1.014143419E2,-3.644925319E0,-6.677261243E0,6.193932152E0
1.014243189E2,-3.730457220E0,-6.618790841E0,6.205755222E0
1.014342959E2,-3.814234372E0,-6.558601942E0,6.218717914E0
1.014442729E2,-3.897183558E0,-6.497772773E0,6.231132722E0
1.014542489E2,-3.982832111E0,-6.435806905E0,6.241276472E0
1.014642259E2,-4.069876979E0,-6.371095769E0,6.251507345E0
1.014742029E2,-4.155574941E0,-6.303348759E0,6.263792346E0
1.014841799E2,-4.238672939E0,-6.233907811E0,6.277591774E0
1.014941569E2,-4.319989875E0,-6.164076853E0,6.291101182E0
1.015041329E2,-4.402788787E0,-6.092653699E0,6.303263390E0
1.015141099E2,-4.486843097E0,-6.018365409E0,6.315347831E0
1.015240869E2,-4.569575351E0,-5.941575680E0,6.328725091E0
1.015340639E2,-4.651351586E0,-5.863680827E0,6.341787770E0
1.015440399E2,-4.732552454E0,-5.785378423E0,6.353616688E0
1.015540169E2,-4.815881417E0,-5.705408394E0,6.363309032E0
1.015639939E2,-4.901104000E0,-5.622898918E0,6.371678737E0
1.015739709E2,-4.985898567E0,-5.537776322E0,6.380435527E0
1.015839469E2,-5.069562868E0,-5.450529433E0,6.389629104E0
1.015939239E2,-5.152934223E0,-5.362037086E0,6.397806435E0
1.016039009E2,-5.237427658E0,-5.272728469E0,6.403420347E0
1.016138779E2,-5.323012769E0,-5.182228773E0,6.406726947E0
1.016238539E2,-5.407331373E0,-5.089750965E0,6.410251064E0
1.016338309E2,-5.490254247E0,-4.995488586E0,6.413915514E0
1.016438079E2,-5.570910739E0,-4.900546761E0,6.417608031E0
1.016537849E2,-5.649844642E0,-4.805196800E0,6.420704132E0
1.016637619E2,-5.729027637E0,-4.708878832E0,6.421900472E0
1.016737379E2,-5.805852449E0,-4.610737703E0,6.424115982E0
1.016837149E2,-5.880609101E0,-4.510382818E0,6.427362356E0
1.016936919E2,-5.951204875E0,-4.408490115E0,6.433076255E0
1.017036690E2,-6.019436034E0,-4.305011939E0,6.439671915E0
1.017136450E2,-6.087311098E0,-4.200229543E0,6.445061878E0
1.017236220E2,-6.155017762E0,-4.093681579E0,6.449311634E0
1.017335990E2,-6.222863590E0,-3.984918982E0,6.452324705E0
1.017435760E2,-6.290146331E0,-3.875034598E0,6.454011626E0
1.017535520E2,-6.355876637E0,-3.765141149E0,6.454661252E0
1.017635290E2,-6.423136573E0,-3.654844536E0,6.451475104E0
1.017735060E2,-6.490404696E0,-3.543157747E0,6.446454685E0
1.017834830E2,-6.555977127E0,-3.429146105E0,6.441756447E0
1.017934600E2,-6.619888948E0,-3.314013844E0,6.436651828E0
1.018034360E2,-6.682020877E0,-3.198847377E0,6.430713980E0
1.018134130E2,-6.745325173E0,-3.083201146E0,6.421102912E0
1.018233900E2,-6.808021358E0,-2.966421724E0,6.409937069E0
1.018333670E2,-6.868497355E0,-2.847208399E0,6.399472892E0
1.018433430E2,-6.926617509E0,-2.725980416E0,6.389609224E0
1.018533200E2,-6.984560493E0,-2.603805183E0,6.377476836E0
1.018632970E2,-7.043810329E0,-2.480868936E0,6.361298760E0
1.018732740E2,-7.101367981E0,-2.355729750E0,6.344856389E0
1.018832510E2,-7.155455310E0,-2.225744685E0,6.331003751E0
1.018932270E2,-7.209084218E0,-2.085277608E0,6.317975569E0
1.019032040E2,-7.274018133E0,-1.850614956E0,6.316643574E0
1.019131810E2,-7.323597259E0,-1.709324153E0,6.299145196E0
1.019231580E2,-7.369182737E0,-1.578187186E0,6.280172151E0
1.019331340E2,-7.410704985E0,-1.450300832E0,6.262122381E0
1.019431110E2,-7.448733521E0,-1.324125227E0,6.244931567E0
1.019530880E2,-7.484794469E0,-1.198025563E0,6.227254264E0
1.019630650E2,-7.519833325E0,-1.071478441E0,6.208070719E0
1.019730410E2,-7.552605799E0,-9.458159293E-1,6.188672581E0
1.019830180E2,-7.581634301E0,-8.208743063E-1,6.170986508E0
1.019929950E2,-7.607006539E0,-6.961689840E-1,6.155070972E0
1.020029720E2,-7.629716540E0,-5.721633540E-1,6.139720277E0
1.020129490E2,-7.651592143E0,-4.480272946E-1,6.122786155E0
1.020229250E2,-7.671852745E0,-3.234198035E-1,6.105258542E0
1.020329020E2,-7.688405628E0,-1.978346761E-1,6.089777454E0
1.020428790E2,-7.701720908E0,-7.333294190E-2,6.075706714E0
1.020528560E2,-7.712892013E0,4.970689704E-2,6.061759935E0
1.020628320E2,-7.722315386E0,1.737551477E-1,6.047457646E0
1.020728090E2,-7.729412152E0,2.993305723E-1,6.033464674E0
1.020827860E2,-7.732581927E0,4.239702780E-1,6.021920516E0
1.020927630E2,-7.732996495E0,5.474604393E-1,6.011418917E0
1.021027390E2,-7.730878633E0,6.706578744E-1,6.001651728E0
1.021127160E2,-7.726106136E0,7.941121119E-1,5.992725953E0
1.021226930E2,-7.718501832E0,9.167289551E-1,5.985018153E0
1.021326700E2,-7.706981648E0,1.038276927E0,5.980009428E0
1.021426470E2,-7.692587557E0,1.159744281E0,5.976219263E0
1.021526230E2,-7.675854580E0,1.280420068E0,5.973096850E0
1.021626000E2,-7.656775700E0,1.400528309E0,5.970628155E0
1.021725770E2,-7.634585516E0,1.519973330E0,5.969832349E0
1.021825540E2,-7.608996931E0,1.638681163E0,5.971097102E0
1.021925300E2,-7.581506832E0,1.756663796E0,5.972520314E0
1.022025070E2,-7.551841568E0,1.873613079E0,5.974559823E0
1.022124840E2,-7.518587868E0,1.991122672E0,5.978492076E0
1.022224610E2,-7.483195256E0,2.107723753E0,5.982924850E0
1.022324380E2,-7.444163337E0,2.222288834E0,5.990154932E0
1.022424140E2,-7.402223014E0,2.335631993E0,5.999000600E0
1.022523910E2,-7.358056655E0,2.448654286E0,6.008259666E0
1.022623680E2,-7.311645550E0,2.562397249E0,6.017479556E0
1.022723450E2,-7.263355735E0,2.675448486E0,6.026750901E0
1.022823210E2,-7.210820841E0,2.786764561E0,6.039380302E0
1.022922980E2,-7.155287495E0,2.897198000E0,6.053445779E0
1.023022750E2,-7.097783638E0,3.005408911E0,6.068367873E0
1.023122520E2,-7.037467854E0,3.112110364E0,6.084810829E0
1.023222280E2,-6.975464564E0,3.218660959E0,6.100755016E0
1.023322050E2,-6.910796113E0,3.324151454E0,6.117762812E0
1.023421820E2,-6.842926311E0,3.427975785E0,6.136728256E0
1.023521590E2,-6.772676108E0,3.529300430E0,6.157191757E0
1.023621360E2,-6.700662970E0,3.628873250E0,6.178066317E0
1.023721120E2,-6.627674516E0,3.728132075E0,6.197666768E0
1.023820890E2,-6.552250696E0,3.826630177E0,6.217797562E0
1.023920660E2,-6.474248255E0,3.923862064E0,6.238872097E0
1.024020430E2,-6.395598527E0,4.019569290E0,6.259032127E0
1.024120190E2,-6.316116740E0,4.113952414E0,6.278388165E0
1.024219960E2,-6.234944522E0,4.208284374E0,6.296975879E0
1.024319730E2,-6.151680171E0,4.301909992E0,6.315575872E0
1.024419500E2,-6.067162762E0,4.393539077E0,6.334227905E0
1.024519270E2,-5.981898079E0,4.482978087E0,6.352630262E0
1.024619030E2,-5.894564066E0,4.570826655E0,6.371637222E0
1.024718800E2,-5.805020390E0,4.658269719E0,6.390489814E0
1.024818570E2,-5.712384122E0,4.745076021E0,6.410072724E0
1.024918340E2,-5.616807289E0,4.830150085E0,6.430958394E0
1.025018100E2,-5.519345314E0,4.912821820E0,6.452681969E0
1.025117870E2,-5.419907565E0,4.993387097E0,6.475089669E0
1.025217640E2,-5.319292771E0,5.073395718E0,6.496296936E0
1.025317410E2,-5.216471238E0,5.152464691E0,6.517410062E0
1.025417180E2,-5.110612661E0,5.228821726E0,6.540425287E0
1.025516940E2,-5.004021428E0,5.302115990E0,6.563797193E0
1.025616710E2,-4.897045448E0,5.372893027E0,6.586886094E0
1.025716480E2,-4.788859971E0,5.443376534E0,6.608523130E0
1.025816250E2,-4.678290878E0,5.513769994E0,6.629332786E0
1.025916010E2,-4.565502181E0,5.582037406E0,6.650800254E0
1.026015780E2,-4.451203148E0,5.647917985E0,6.672624401E0
1.026115550E2,-4.335606618E0,5.712039721E0,6.694117597E0
1.026215320E2,-4.218630438E0,5.774397937E0,6.715325448E0
1.026315080E2,-4.101024512E0,5.835061630E0,6.735707088E0
1.026414850E2,-3.981686057E0,5.893282941E0,6.756588664E0
1.026514620E2,-3.860869133E0,5.948903995E0,6.777929247E0
1.026614390E2,-3.739289732E0,6.002279719E0,6.799003197E0
1.026714160E2,-3.618462283E0,6.053784333E0,6.818689603E0
1.026813920E2,-3.498536475E0,6.104479693E0,6.836055833E0
1.026913690E2,-3.376769086E0,6.153752425E0,6.853091696E0
1.027013460E2,-3.252670120E0,6.200759946E0,6.870721051E0
1.027113223E2,-3.127706935E0,6.244844443E0,6.888793041E0
1.027212982E2,-3.003719358E0,6.286309388E0,6.906234700E0
1.027312752E2,-2.880834567E0,6.325935384E0,6.922385879E0
1.027412523E2,-2.756532995E0,6.364162141E0,6.937944151E0
1.027512293E2,-2.630650628E0,6.400776236E0,6.953117090E0
1.027612062E2,-2.504930813E0,6.434634538E0,6.968277751E0
1.027711822E2,-2.379376183E0,6.465278041E0,6.983899757E0
1.027811593E2,-2.253408593E0,6.493983777E0,6.999030597E0
1.027911363E2,-2.125044960E0,6.521111934E0,7.013941582E0
1.028011132E2,-1.994175064E0,6.546742035E0,7.028480684E0
1.028110893E2,-1.862790614E0,6.570194632E0,7.042631530E0
1.028210663E2,-1.731730976E0,6.590389745E0,7.057193436E0
1.028310432E2,-1.601069533E0,6.608278132E0,7.071303352E0
1.028410202E2,-1.469645614E0,6.624526960E0,7.084623894E0
1.028509973E2,-1.337950384E0,6.638597115E0,7.097536300E0
1.028609733E2,-1.206534066E0,6.649961178E0,7.110442275E0
1.028709502E2,-1.074606701E0,6.658947179E0,7.123183942E0
1.028809273E2,-9.434447372E-1,6.665754508E0,7.135385912E0
1.028909043E2,-8.130132365E-1,6.671269602E0,7.146277521E0
1.029008802E2,-6.815058482E-1,6.675027607E0,7.156511317E0
1.029108572E2,-5.501345903E-1,6.676267217E0,7.166652144E0
1.029208343E2,-4.197792131E-1,6.674532933E0,7.177080653E0
1.029308113E2,-2.914767567E-1,6.669647584E0,7.187971677E0
1.029407872E2,-1.643897720E-1,6.662902236E0,7.198250497E0
1.029507643E2,-3.651063123E-2,6.654498618E0,7.207802508E0
1.029607413E2,9.062094304E-2,6.644277100E0,7.216748748E0
1.029707182E2,2.154112054E-1,6.631893282E0,7.225488582E0
1.029806952E2,3.378478812E-1,6.617192797E0,7.234273438E0
1.029906713E2,4.589460928E-1,6.601567867E0,7.241875988E0
1.030006483E2,5.811880197E-1,6.584941894E0,7.248231327E0
1.030106252E2,7.041287255E-1,6.566975155E0,7.253628892E0
1.030206023E2,8.264573009E-1,6.547295181E0,7.258511901E0
1.030305783E2,9.469263156E-1,6.525049449E0,7.263825266E0
1.030405553E2,1.066606541E0,6.500955412E0,7.268839254E0
1.030505322E2,1.186030877E0,6.474758717E0,7.273715247E0
1.030605093E2,1.304829854E0,6.445424405E0,7.279424468E0
1.030704863E2,1.423275878E0,6.413191629E0,7.285695607E0
1.030804622E2,1.540918934E0,6.377497886E0,7.293091750E0
1.030904392E2,1.657667511E0,6.339536008E0,7.300583788E0
1.031004163E2,1.774683453E0,6.300294759E0,7.307042622E0
1.031103933E2,1.891688430E0,6.259018094E0,7.313159979E0
1.031203692E2,2.007930785E0,6.215117784E0,7.319605950E0
1.031303463E2,2.122391201E0,6.167821995E0,7.327314334E0
1.031403233E2,2.235023631E0,6.117497934E0,7.336006220E0
1.031503002E2,2.347516167E0,6.065262417E0,7.344240269E0
1.031602772E2,2.460733757E0,6.011566851E0,7.351323586E0
1.031702533E2,2.573583265E0,5.956304816E0,7.357662553E0
1.031802303E2,2.685207781E0,5.898547774E0,7.364297973E0
1.031902072E2,2.795320792E0,5.837788187E0,7.371736801E0
1.032001843E2,2.904428374E0,5.775014818E0,7.378996704E0
1.032101603E2,3.012556548E0,5.710724097E0,7.385677732E0
1.032201372E2,3.119064750E0,5.644837087E0,7.392113762E0
1.032301142E2,3.224208798E0,5.576345142E0,7.398983071E0
1.032400913E2,3.328265847E0,5.504874625E0,7.406422484E0
1.032500683E2,3.430005645E0,5.432466799E0,7.413464870E0
1.032600442E2,3.529226755E0,5.359360231E0,7.420102045E0
1.032700213E2,3.626608916E0,5.284890677E0,7.426556786E0
1.032799983E2,3.722882152E0,5.208606148E0,7.432810383E0
1.032899752E2,3.817025248E0,5.130436476E0,7.439424754E0
1.032999512E2,3.908055578E0,5.051196764E0,7.446382356E0
1.033099283E2,3.996819820E0,4.970446131E0,7.453603082E0
1.033199053E2,4.083660328E0,4.888749711E0,7.460559515E0
1.033298822E2,4.168135930E0,4.806735787E0,7.467130031E0
1.033398593E2,4.249868895E0,4.722994595E0,7.474492845E0
1.033498353E2,4.329211226E0,4.637418840E0,7.482538029E0
1.033598123E2,4.406732734E0,4.550408763E0,7.490700157E0
1.033697892E2,4.481337066E0,4.462447928E0,7.499351698E0
1.033797663E2,4.553227998E0,4.373326422E0,7.508544105E0
1.033897423E2,4.623631690E0,4.281778320E0,7.518277965E0
1.033997192E2,4.691938279E0,4.188608201E0,7.528438087E0
1.034096962E2,4.757689342E0,4.094510129E0,7.538930916E0
1.034196733E2,4.820948614E0,3.999137364E0,7.549930698E0
1.034296503E2,4.883118257E0,3.902093757E0,7.560748631E0
1.034396262E2,4.943635477E0,3.803175241E0,7.571817995E0
1.034496033E2,5.001336971E0,3.702915958E0,7.583610075E0
1.034595803E2,5.057076139E0,3.600623598E0,7.595892736E0
1.034695572E2,5.111326606E0,3.496191449E0,7.608356076E0
1.034795332E2,5.163389629E0,3.390426720E0,7.621057398E0
1.034895103E2,5.212718495E0,3.282997873E0,7.634500147E0
1.034994873E2,5.260085034E0,3.173544720E0,7.648281450E0
1.035094642E2,5.306080402E0,3.062309921E0,7.661844651E0
1.035194413E2,5.349600059E0,2.950255634E0,7.675537076E0
1.035294173E2,5.390510103E0,2.838079726E0,7.689200265E0
1.035393942E2,5.430185800E0,2.724038555E0,7.702518468E0
1.035493712E2,5.468207320E0,2.607682472E0,7.715879940E0
1.035593483E2,5.503466615E0,2.490365691E0,7.729555993E0
1.035693243E2,5.535653198E0,2.372723952E0,7.743566507E0
1.035793012E2,5.566035331E0,2.254520879E0,7.757092286E0
1.035892783E2,5.594694289E0,2.135513669E0,7.770139763E0
1.035992553E2,5.620399234E0,2.015488458E0,7.783638060E0
1.036092323E2,5.642506971E0,1.894484277E0,7.798021626E0
1.036192082E2,5.662336634E0,1.772247064E0,7.812373032E0
1.036291853E2,5.679157904E0,1.649368266E0,7.827058314E0
1.036391623E2,5.692876641E0,1.526581707E0,7.841990349E0
1.036491392E2,5.703840755E0,1.403325471E0,7.857034065E0
1.036591152E2,5.713302720E0,1.279078278E0,7.871355650E0
1.036690923E2,5.720264415E0,1.154126130E0,7.885598883E0
1.036790693E2,5.722682238E0,1.029557486E0,7.901077048E0
1.036890462E2,5.721283584E0,9.053562668E-1,7.917281436E0
1.036990233E2,5.718089835E0,7.806325257E-1,7.932853156E0
1.037089997E2,5.712908617E0,6.555530546E-1,7.947894534E0
1.037189768E2,5.704968683E0,5.303448717E-1,7.962924802E0
1.037289538E2,5.692473768E0,4.047458389E-1,7.979224500E0
1.037389307E2,5.672386243E0,2.773351743E-1,7.998950667E0
1.037489078E2,5.645952151E0,1.488027944E-1,8.021046125E0
1.037588838E2,5.625510870E0,2.326167653E-2,8.036740052E0
1.037688608E2,5.603971481E0,-1.027390417E-1,8.051151685E0
1.037788377E2,5.580169221E0,-2.297702311E-1,8.065049347E0
1.037888148E2,5.554029243E0,-3.568492855E-1,8.078460521E0
1.037987908E2,5.525911152E0,-4.834672321E-1,8.091147224E0
1.038087677E2,5.496028372E0,-6.101532623E-1,8.102931118E0
1.038187447E2,5.465194250E0,-7.369441769E-1,8.113240344E0
1.038287218E2,5.432441656E0,-8.627031675E-1,8.122833286E0
1.038386988E2,5.397137922E0,-9.872395784E-1,8.132180645E0
1.038486747E2,5.360710353E0,-1.111322684E0,8.140260912E0
1.038586518E2,5.323181169E0,-1.235538741E0,8.146979948E0
1.038686288E2,5.284380800E0,-1.359585520E0,8.152481008E0
1.038786057E2,5.242677289E0,-1.483525296E0,8.157793204E0
1.038885827E2,5.197459601E0,-1.607935773E0,8.163152761E0
1.038985588E2,5.149853325E0,-1.732400336E0,8.167858016E0
1.039085358E2,5.100205202E0,-1.856569907E0,8.171728873E0
1.039185127E2,5.047180896E0,-1.980663026E0,8.175514360E0
1.039284898E2,4.991221288E0,-2.105200241E0,8.178749624E0
1.039384658E2,4.932386019E0,-2.229432085E0,8.181521789E0
1.039484427E2,4.870183047E0,-2.352451655E0,8.184337808E0
1.039584197E2,4.805380987E0,-2.474310407E0,8.186708854E0
1.039683968E2,4.738681506E0,-2.596176614E0,8.187848477E0
1.039783738E2,4.670593895E0,-2.718228469E0,8.187361404E0
1.039883497E2,4.600001045E0,-2.840043806E0,8.185977952E0
1.039983268E2,4.528407737E0,-2.960555505E0,8.183198186E0
1.040083038E2,4.457489782E0,-3.079213929E0,8.178344997E0
1.040182807E2,4.386202575E0,-3.196947324E0,8.171710746E0
1.040282567E2,4.314648736E0,-3.314095705E0,8.163129373E0
1.040382338E2,4.242578879E0,-3.430298006E0,8.152894406E0
1.040482108E2,4.170161406E0,-3.544978862E0,8.141190619E0
1.040581877E2,4.096346155E0,-3.658284160E0,8.128530813E0
1.040681648E2,4.019742368E0,-3.770188758E0,8.115630101E0
1.040781408E2,3.942771667E0,-3.880789135E0,8.101242442E0
1.040881178E2,3.864365183E0,-3.991280168E0,8.085324567E0
1.040980947E2,3.783416622E0,-4.102133729E0,8.068107440E0
1.041080718E2,3.700778216E0,-4.212537932E0,8.049525574E0
1.041180488E2,3.616391784E0,-4.321731175E0,8.029972485E0
1.041280247E2,3.532550605E0,-4.429475479E0,8.008553549E0
1.041380017E2,3.448365318E0,-4.536006778E0,7.985581593E0
1.041479788E2,3.363885038E0,-4.640909043E0,7.961302784E0
1.041579558E2,3.280216353E0,-4.744113277E0,7.935343485E0
1.041679317E2,3.196168767E0,-4.845226546E0,7.908500673E0
1.041779088E2,3.113072231E0,-4.943741897E0,7.880628165E0
1.041878858E2,3.030980540E0,-5.040305155E0,7.851406705E0
1.041978627E2,2.949311017E0,-5.135519460E0,7.820748584E0
1.042078397E2,2.868502496E0,-5.229474276E0,7.788478385E0
1.042178158E2,2.786818940E0,-5.321479629E0,7.755746257E0
1.042277928E2,2.705605500E0,-5.411128555E0,7.722401925E0
1.042377697E2,2.625555364E0,-5.499213935E0,7.687730860E0
1.042477468E2,2.544944772E0,-5.586124610E0,7.652095588E0
1.042577238E2,2.464375987E0,-5.671601547E0,7.615503128E0
1.042676997E2,2.382464828E0,-5.755311456E0,7.578677364E0
1.042776767E2,2.300217162E0,-5.837435015E0,7.541183263E0
1.042876538E2,2.218138042E0,-5.917965208E0,7.502910313E0
1.042976308E2,2.133848966E0,-5.996719601E0,7.464726241E0
1.043076067E2,2.049167397E0,-6.073566048E0,7.426224080E0
1.043175838E2,1.963642951E0,-6.149083423E0,7.387082233E0
1.043275608E2,1.875808562E0,-6.223094555E0,7.347825197E0
1.043375378E2,1.786744797E0,-6.294910643E0,7.308744162E0
1.043475147E2,1.695068203E0,-6.364940405E0,7.269826264E0
1.043574908E2,1.602087826E0,-6.433581455E0,7.230383286E0
1.043674678E2,1.508395989E0,-6.500952489E0,7.190163213E0
1.043774447E2,1.413276409E0,-6.566129647E0,7.150153640E0
1.043874217E2,1.318183433E0,-6.629297118E0,7.109916610E0
1.043973988E2,1.222938649E0,-6.690269544E0,7.069711740E0
1.044073748E2,1.128432441E0,-6.748674458E0,7.029802739E0
1.044173517E2,1.035273432E0,-6.805150959E0,6.989580327E0
1.044273288E2,9.418246930E-1,-6.859623621E0,6.949433345E0
1.044373058E2,8.496636573E-1,-6.911830485E0,6.909469380E0
1.044472827E2,7.587316333E-1,-6.961453466E0,6.870122881E0
1.044572587E2,6.682936259E-1,-7.008852750E0,6.831213169E0
1.044672358E2,5.796821059E-1,-7.054690828E0,6.792009927E0
1.044772128E2,4.914716684E-1,-7.098587630E0,6.753118926E0
1.044871897E2,4.033962650E-1,-7.140450770E0,6.714710321E0
1.044971658E2,3.133356223E-1,-7.180645115E0,6.676544960E0
1.045071428E2,2.200056916E-1,-7.219187037E0,6.638601792E0
1.045171197E2,1.260775177E-1,-7.255925678E0,6.600890175E0
1.045270967E2,2.995373490E-2,-7.289954719E0,6.564431616E0
1.045370738E2,-6.644819265E-2,-7.321296380E0,6.529188108E0
1.045470498E2,-1.602087387E-1,-7.350154143E0,6.495048555E0
1.045570267E2,-2.540348239E-1,-7.375519364E0,6.463225669E0
1.045670038E2,-3.494737539E-1,-7.397396137E0,6.433699569E0
1.045769808E2,-4.449954037E-1,-7.416396080E0,6.405868576E0
1.045869577E2,-5.394485113E-1,-7.433130226E0,6.379159080E0
1.045969337E2,-6.317996181E-1,-7.447794458E0,6.353524886E0
1.046069108E2,-7.241635522E-1,-7.459987072E0,6.329319168E0
1.046168878E2,-8.161935371E-1,-7.469765371E0,6.306547186E0
1.046268647E2,-9.074410184E-1,-7.477433994E0,6.284952834E0
1.046368407E2,-1.000304232E0,-7.482899387E0,6.264319764E0
1.046468178E2,-1.093317060E0,-7.486785446E0,6.244100677E0
1.046567948E2,-1.185724629E0,-7.489337171E0,6.224144715E0
1.046667717E2,-1.278479084E0,-7.489920139E0,6.205052971E0
1.046767488E2,-1.370948415E0,-7.488296952E0,6.187245861E0
1.046867248E2,-1.462645181E0,-7.484435450E0,6.170898800E0
1.046967017E2,-1.553594089E0,-7.479526713E0,6.154602025E0
1.047066783E2,-1.645154323E0,-7.474158969E0,6.137305377E0
1.047166552E2,-1.737154999E0,-7.467145234E0,6.120468904E0
1.047266323E2,-1.827580581E0,-7.458122980E0,6.105117039E0
1.047366083E2,-1.917518213E0,-7.445859030E0,6.092488223E0
1.047465853E2,-2.007100627E0,-7.430156917E0,6.082797047E0
1.047565622E2,-2.096596502E0,-7.411612473E0,6.075227242E0
1.047665393E2,-2.187556958E0,-7.390583546E0,6.068770162E0
1.047765163E2,-2.278904353E0,-7.366629258E0,6.064278331E0
1.047864922E2,-2.370084665E0,-7.339316329E0,6.062445229E0
1.047964692E2,-2.460067466E0,-7.309624168E0,6.062471541E0
1.048064463E2,-2.547431593E0,-7.279195842E0,6.063001884E0
1.048164233E2,-2.633591485E0,-7.247539601E0,6.064113439E0
1.048263992E2,-2.718505335E0,-7.213892968E0,6.066760474E0
1.048363763E2,-2.803796039E0,-7.178328449E0,6.070125546E0
1.048463533E2,-2.890165846E0,-7.140410424E0,6.074337881E0
1.048563302E2,-2.976976533E0,-7.100189182E0,6.079558275E0
1.048663072E2,-3.065282646E0,-7.057607419E0,6.085254048E0
1.048762833E2,-3.154929232E0,-7.012690278E0,6.091361464E0
1.048862603E2,-3.246042301E0,-6.965364668E0,6.097787554E0
1.048962372E2,-3.337800317E0,-6.915620651E0,6.104864439E0
1.049062143E2,-3.427534320E0,-6.864841091E0,6.112452371E0
1.049161913E2,-3.516528357E0,-6.813423600E0,6.119426930E0
1.049261672E2,-3.605716522E0,-6.760151373E0,6.126602048E0
1.049361442E2,-3.694465562E0,-6.704087099E0,6.135326679E0
1.049461213E2,-3.783578590E0,-6.645710837E0,6.144522595E0
1.049560983E2,-3.871594973E0,-6.585581580E0,6.154426609E0
1.049660752E2,-3.958707376E0,-6.523529758E0,6.165086668E0
1.049760513E2,-4.046490163E0,-6.459790429E0,6.175201766E0
1.049860283E2,-4.133438552E0,-6.394240218E0,6.185828496E0
1.049960052E2,-4.219872386E0,-6.327002501E0,6.196596728E0
1.050059822E2,-4.304405583E0,-6.257689022E0,6.208825010E0
1.050159593E2,-4.387238410E0,-6.186750602E0,6.221926281E0
1.050259353E2,-4.470972584E0,-6.114410019E0,6.233818349E0
1.050359122E2,-4.556508871E0,-6.039863282E0,6.244547405E0
1.050458893E2,-4.643467200E0,-5.962338558E0,6.254984685E0
1.050558663E2,-4.728889758E0,-5.882631653E0,6.266446397E0
1.050658423E2,-4.812354669E0,-5.801897392E0,6.278162463E0
1.050758192E2,-4.896116618E0,-5.720096599E0,6.288453562E0
1.050857963E2,-4.982137054E0,-5.636732261E0,6.296163116E0
1.050957733E2,-5.070007841E0,-5.550699254E0,6.302448288E0
1.051057502E2,-5.155949047E0,-5.462695735E0,6.309615220E0
1.051157262E2,-5.238660836E0,-5.373882961E0,6.317745774E0
1.051257033E2,-5.321742169E0,-5.284555047E0,6.323656724E0
1.051356803E2,-5.405056806E0,-5.194234861E0,6.327825789E0
1.051456572E2,-5.489311091E0,-5.101684547E0,6.330591522E0
1.051556343E2,-5.572659057E0,-5.006991813E0,6.333373042E0
1.051656103E2,-5.654062239E0,-4.911063563E0,6.336334657E0
1.051755872E2,-5.735260184E0,-4.813919676E0,6.337907558E0
1.051855642E2,-5.815496262E0,-4.715441455E0,6.338826156E0
1.051955413E2,-5.895536458E0,-4.615504645E0,6.338443748E0
1.052055183E2,-5.974017786E0,-4.513768356E0,6.338225647E0
1.052154942E2,-6.048241172E0,-4.410274100E0,6.340691417E0
1.052254713E2,-6.119653802E0,-4.305768861E0,6.343996264E0
1.052354483E2,-6.190380553E0,-4.200778596E0,6.345765631E0
1.052454252E2,-6.262735754E0,-4.094356055E0,6.344327216E0
1.052554022E2,-6.336608891E0,-3.985820331E0,6.340087985E0
1.052653783E2,-6.407119296E0,-3.876004066E0,6.337311727E0
1.052753553E2,-6.475493712E0,-3.765823227E0,6.334245447E0
1.052853322E2,-6.543979225E0,-3.655136312E0,6.328697609E0
1.052953093E2,-6.613330711E0,-3.542544374E0,6.320627866E0
1.053052863E2,-6.682113848E0,-3.427567941E0,6.311674610E0
1.053152623E2,-6.747427247E0,-3.311569123E0,6.304113575E0
1.053252392E2,-6.811029750E0,-3.195250754E0,6.295739778E0
1.053352163E2,-6.873909538E0,-3.078639733E0,6.285496041E0
1.053451933E2,-6.936071872E0,-2.960786178E0,6.273815058E0
1.053551692E2,-6.996708668E0,-2.841394805E0,6.261681501E0
1.053651462E2,-7.054846364E0,-2.720789550E0,6.250004611E0
1.053751233E2,-7.111257961E0,-2.599280023E0,6.237776914E0
1.053851003E2,-7.167628044E0,-2.476531764E0,6.223182848E0
1.053950772E2,-7.224306275E0,-2.351215115E0,6.206230016E0
1.054050533E2,-7.279629121E0,-2.221556178E0,6.189328054E0
1.054150303E2,-7.332531804E0,-2.083865213E0,6.174753284E0
1.054250072E2,-7.387757002E0,-1.903522903E0,6.167150735E0
1.054349842E2,-7.436207616E0,-1.753527057E0,6.153377618E0
1.054449613E2,-7.480903732E0,-1.621462867E0,6.135391583E0
1.054549373E2,-7.523123553E0,-1.492492878E0,6.116467069E0
1.054649142E2,-7.561385393E0,-1.364764692E0,6.099094992E0
1.054748913E2,-7.596175742E0,-1.238713633E0,6.082746177E0
1.054848683E2,-7.629413069E0,-1.113805339E0,6.065277620E0
1.054948452E2,-7.661416050E0,-9.887807583E-1,6.046578224E0
1.055048212E2,-7.691135108E0,-8.628543180E-1,6.028102777E0
1.055147983E2,-7.716721355E0,-7.368865818E-1,6.012096609E0
1.055247753E2,-7.738832601E0,-6.114381879E-1,5.997725907E0
1.055347522E2,-7.759303703E0,-4.863734080E-1,5.982703825E0
1.055447293E2,-7.777811894E0,-3.615498256E-1,5.967496387E0
1.055547053E2,-7.794790455E0,-2.358661910E-1,5.951614180E0
1.055646822E2,-7.808534335E0,-1.102300375E-1,5.937232953E0
1.055746592E2,-7.817535539E0,1.493812851E-2,5.926383444E0
1.055846363E2,-7.824173298E0,1.392356990E-1,5.915998204E0
1.055946133E2,-7.829389014E0,2.624813096E-1,5.904903113E0
1.056045892E2,-7.833321851E0,3.863572228E-1,5.892868958E0
1.056145663E2,-7.834812891E0,5.106204956E-1,5.881418356E0
1.056245433E2,-7.832341273E0,6.345375037E-1,5.872640516E0
1.056345202E2,-7.828452875E0,7.578472419E-1,5.863198432E0
1.056444972E2,-7.821594091E0,8.802458377E-1,5.855247973E0
1.056544733E2,-7.811736855E0,1.002768833E0,5.848702599E0
1.056644503E2,-7.799172358E0,1.124505012E0,5.843329593E0
1.056744272E2,-7.783464983E0,1.244337485E0,5.839983231E0
1.056844043E2,-7.764910013E0,1.362957610E0,5.838202754E0
1.056943813E2,-7.743433190E0,1.481159659E0,5.837935537E0
1.057043573E2,-7.719345585E0,1.599521337E0,5.838606212E0
1.057143345E2,-7.692848927E0,1.717347849E0,5.840110701E0
1.057243115E2,-7.662207763E0,1.834695912E0,5.844703689E0
1.057342885E2,-7.627824381E0,1.952374343E0,5.851549609E0
1.057442655E2,-7.589971846E0,2.069274802E0,5.860591743E0
1.057542415E2,-7.549586297E0,2.185305926E0,5.870629658E0
1.057642185E2,-7.507603873E0,2.300212192E0,5.880562323E0
1.057741955E2,-7.461955245E0,2.413340174E0,5.893312177E0
1.057841725E2,-7.414321488E0,2.525106631E0,5.906587695E0
1.057941485E2,-7.364450001E0,2.635158831E0,5.920888816E0
1.058041255E2,-7.311452007E0,2.745401358E0,5.936459366E0
1.058141025E2,-7.256723238E0,2.855756151E0,5.951531734E0
1.058240795E2,-7.198753942E0,2.964666975E0,5.968651797E0
1.058340565E2,-7.138435235E0,3.072628210E0,5.986468263E0
1.058440325E2,-7.075058434E0,3.179163602E0,6.006044156E0
1.058540095E2,-7.008374448E0,3.284790337E0,6.027349656E0
1.058639865E2,-6.939601836E0,3.389379191E0,6.048978506E0
1.058739635E2,-6.867855331E0,3.492340180E0,6.072250425E0
1.058839405E2,-6.794097383E0,3.594702999E0,6.095445160E0
1.058939165E2,-6.719979247E0,3.695290019E0,6.117418996E0
1.059038935E2,-6.643553799E0,3.794064402E0,6.140388613E0
1.059138705E2,-6.565268353E0,3.891279332E0,6.163708479E0
1.059238475E2,-6.484767981E0,3.986842716E0,6.187807778E0
1.059338245E2,-6.402817499E0,4.080932018E0,6.211764990E0
1.059438005E2,-6.320282881E0,4.173386730E0,6.234819392E0
1.059537775E2,-6.235728049E0,4.265095337E0,6.257856252E0
1.059637545E2,-6.149134294E0,4.356673844E0,6.280418319E0
1.059737315E2,-6.059912215E0,4.446285640E0,6.304292500E0
1.059837085E2,-5.968324353E0,4.533656490E0,6.329388165E0
1.059936845E2,-5.875195164E0,4.619214704E0,6.354606621E0
1.060036615E2,-5.779526530E0,4.703859582E0,6.380194622E0
1.060136385E2,-5.682083851E0,4.788041069E0,6.405052305E0
1.060236155E2,-5.582960097E0,4.870321918E0,6.430133352E0
1.060335925E2,-5.481626095E0,4.950792469E0,6.455813738E0
1.060435685E2,-5.378841984E0,5.029739236E0,6.481194747E0
1.060535455E2,-5.274135894E0,5.106622521E0,6.507072769E0
1.060635225E2,-5.167256978E0,5.182074407E0,6.533120361E0
1.060734995E2,-5.058113435E0,5.255826507E0,6.559563809E0
1.060834765E2,-4.945879054E0,5.328509737E0,6.586453400E0
1.060934525E2,-4.831539968E0,5.400751501E0,6.612428486E0
1.061034295E2,-4.715024548E0,5.471655423E0,6.638194826E0
1.061134065E2,-4.596658485E0,5.540843187E0,6.663774056E0
1.061233835E2,-4.477555964E0,5.607208500E0,6.689305338E0
1.061333605E2,-4.358444088E0,5.669646238E0,6.715293873E0
1.061433365E2,-4.239950556E0,5.729088448E0,6.740657925E0
1.061533135E2,-4.118098382E0,5.788248237E0,6.765615011E0
1.061632905E2,-3.993384874E0,5.846978256E0,6.789831839E0
1.061732675E2,-3.867205468E0,5.903774600E0,6.813682632E0
1.061832445E2,-3.741822453E0,5.956995957E0,6.837329357E0
1.061932205E2,-3.616568955E0,6.007635183E0,6.860383174E0
1.062031975E2,-3.490789499E0,6.057578006E0,6.881586932E0
1.062131745E2,-3.362177067E0,6.107666425E0,6.901323624E0
1.062231515E2,-3.232584934E0,6.156447991E0,6.919873331E0
1.062331285E2,-3.102072742E0,6.202296594E0,6.938642893E0
1.062431045E2,-2.971107975E0,6.245748423E0,6.956956957E0
1.062530815E2,-2.840334412E0,6.285990130E0,6.975309028E0
1.062630585E2,-2.709661714E0,6.323405294E0,6.993452938E0
1.062730355E2,-2.578391138E0,6.359336434E0,7.010480615E0
1.062830125E2,-2.446229738E0,6.393395296E0,7.026845217E0
1.062929885E2,-2.314104299E0,6.424755083E0,7.042978270E0
1.063029655E2,-2.183709344E0,6.452817625E0,7.058942338E0
1.063129425E2,-2.052151085E0,6.478116188E0,7.075223910E0
1.063229195E2,-1.920041872E0,6.502266358E0,7.090139573E0
1.063328965E2,-1.787736777E0,6.523877082E0,7.104866370E0
1.063428725E2,-1.655966702E0,6.543346556E0,7.118882731E0
1.063528495E2,-1.525969650E0,6.560504626E0,7.132131937E0
1.063628265E2,-1.394668960E0,6.577238773E0,7.143593649E0
1.063728035E2,-1.262658273E0,6.592103564E0,7.154436725E0
1.063827805E2,-1.131154831E0,6.605458605E0,7.164112698E0
1.063927565E2,-9.997149054E-1,6.615440387E0,7.174442389E0
1.064027335E2,-8.696551415E-1,6.622966338E0,7.184435281E0
1.064127105E2,-7.395116162E-1,6.628522362E0,7.193879703E0
1.064226875E2,-6.107174820E-1,6.632118400E0,7.202647018E0
1.064326645E2,-4.815010328E-1,6.633460920E0,7.211203249E0
1.064426405E2,-3.525006747E-1,6.631322009E0,7.220624283E0
1.064526175E2,-2.269858967E-1,6.626695692E0,7.229902060E0
1.064625945E2,-1.025898828E-1,6.619863220E0,7.238990387E0
1.064725715E2,2.054877175E-2,6.611920363E0,7.246943185E0
1.064825485E2,1.430962135E-1,6.601382511E0,7.255162616E0
1.064925245E2,2.670343355E-1,6.589151305E0,7.262773352E0
1.065025015E2,3.879623200E-1,6.575083489E0,7.270066000E0
1.065124785E2,5.061657944E-1,6.557545935E0,7.278631586E0
1.065224555E2,6.258948804E-1,6.538247784E0,7.286677355E0
1.065324325E2,7.464117692E-1,6.517950929E0,7.293509826E0
1.065424085E2,8.653108795E-1,6.494976050E0,7.300865039E0
1.065523855E2,9.831406803E-1,6.469672224E0,7.308411455E0
1.065623625E2,1.102461960E0,6.442537050E0,7.315353270E0
1.065723395E2,1.222486513E0,6.412925581E0,7.322295669E0
1.065823165E2,1.342134359E0,6.380729642E0,7.329465525E0
1.065922925E2,1.460883269E0,6.347137388E0,7.335923190E0
1.066022695E2,1.577581268E0,6.310866525E0,7.343045098E0
1.066122465E2,1.693112309E0,6.271495467E0,7.351041750E0
1.066222235E2,1.808870807E0,6.230556187E0,7.358278264E0
1.066322005E2,1.923769764E0,6.187455191E0,7.365501330E0
1.066421765E2,2.039711864E0,6.142792988E0,7.371687099E0
1.066521535E2,2.155981409E0,6.095773773E0,7.377627870E0
1.066621305E2,2.271255318E0,6.046125650E0,7.383892577E0
1.066721075E2,2.384658265E0,5.994555547E0,7.390183597E0
1.066820845E2,2.496735063E0,5.940524350E0,7.396795628E0
1.066920605E2,2.608910387E0,5.884510948E0,7.402852174E0
1.067020375E2,2.719242669E0,5.826272095E0,7.409208097E0
1.067120144E2,2.827022056E0,5.766021801E0,7.415999054E0
1.067219914E2,2.934064402E0,5.704191003E0,7.422235109E0
1.067319684E2,3.040178795E0,5.640684394E0,7.428060690E0
1.067419444E2,3.144548670E0,5.574721954E0,7.434406089E0
1.067519214E2,3.247373712E0,5.506173876E0,7.441284168E0
1.067618984E2,3.348881668E0,5.435809067E0,7.448024254E0
1.067718754E2,3.448526116E0,5.364085366E0,7.454553255E0
1.067818524E2,3.547155780E0,5.291819043E0,7.459921584E0
1.067918284E2,3.644623895E0,5.218470985E0,7.464608127E0
1.068018054E2,3.741326317E0,5.142588744E0,7.469427987E0
1.068117824E2,3.835817030E0,5.064511458E0,7.474846601E0
1.068217594E2,3.927787592E0,4.984802215E0,7.480663412E0
1.068317364E2,4.017779457E0,4.903736417E0,7.486449232E0
1.068417134E2,4.105799641E0,4.820986036E0,7.492436780E0
1.068516894E2,4.191600514E0,4.736399045E0,7.498873980E0
1.068616664E2,4.274341247E0,4.650149983E0,7.506145577E0
1.068716434E2,4.354331449E0,4.562263700E0,7.514096621E0
1.068816204E2,4.432294714E0,4.472857727E0,7.522261088E0
1.068915974E2,4.507827877E0,4.381859848E0,7.530928416E0
1.069015734E2,4.580276633E0,4.289858880E0,7.540177542E0
1.069115504E2,4.650034793E0,4.196325941E0,7.550107868E0
1.069215274E2,4.717568672E0,4.101054918E0,7.560555089E0
1.069315044E2,4.783123561E0,4.004764140E0,7.570977750E0
1.069414814E2,4.845980544E0,3.907574937E0,7.581782820E0
1.069514574E2,4.906996239E0,3.809049061E0,7.592669166E0
1.069614344E2,4.966248999E0,3.709154352E0,7.603594104E0
1.069714114E2,5.022991549E0,3.608433723E0,7.614779243E0
1.069813884E2,5.076789442E0,3.506672583E0,7.626635057E0
1.069913654E2,5.128344342E0,3.403176574E0,7.639016536E0
1.070013414E2,5.177874352E0,3.298336874E0,7.651580449E0
1.070113184E2,5.224736862E0,3.191790080E0,7.664900406E0
1.070212954E2,5.268582208E0,3.084137577E0,7.678947757E0
1.070312724E2,5.310046569E0,2.975388429E0,7.693281037E0
1.070412494E2,5.349338104E0,2.865801083E0,7.707649984E0
1.070512254E2,5.386403604E0,2.755514702E0,7.722039397E0
1.070612024E2,5.421046017E0,2.644219676E0,7.736696028E0
1.070711794E2,5.453392230E0,2.531739128E0,7.751575438E0
1.070811564E2,5.483708289E0,2.418073348E0,7.766464203E0
1.070911334E2,5.511661488E0,2.303450088E0,7.781503826E0
1.071011094E2,5.537699724E0,2.188364604E0,7.796219514E0
1.071110864E2,5.562165644E0,2.072507873E0,7.810449883E0
1.071210634E2,5.584418392E0,1.955837210E0,7.824645168E0
1.071310404E2,5.603654562E0,1.838382874E0,7.839355593E0
1.071410174E2,5.619713355E0,1.720043707E0,7.854703950E0
1.071509934E2,5.633796374E0,1.600814156E0,7.869804969E0
1.071609704E2,5.645993666E0,1.481409773E0,7.884432364E0
1.071709474E2,5.655275536E0,1.361856140E0,7.899322883E0
1.071809244E2,5.662051874E0,1.242164513E0,7.914183581E0
1.071909014E2,5.666283504E0,1.121883852E0,7.929104506E0
1.072008784E2,5.668503107E0,1.001157852E0,7.943667582E0
1.072108544E2,5.669124082E0,8.800821888E-1,7.957548872E0
1.072208314E2,5.668528835E0,7.583862090E-1,7.970491099E0
1.072308084E2,5.665795847E0,6.361947508E-1,7.983114653E0
1.072407854E2,5.660364953E0,5.131870213E-1,7.995811297E0
1.072507624E2,5.651046245E0,3.887081689E-1,8.009411920E0
1.072607384E2,5.635635324E0,2.617546469E-1,8.025409318E0
1.072707154E2,5.610843129E0,1.317523045E-1,8.045941815E0
1.072806924E2,5.594560972E0,6.741003107E-3,8.058346099E0
1.072906694E2,5.576706499E0,-1.175031333E-1,8.069859266E0
1.073006464E2,5.556492675E0,-2.419443899E-1,8.081024525E0
1.073106224E2,5.533625384E0,-3.662614024E-1,8.092029569E0
1.073205994E2,5.508312787E0,-4.904528641E-1,8.102718279E0
1.073305764E2,5.480420399E0,-6.144678862E-1,8.113170177E0
1.073405534E2,5.449851156E0,-7.378882098E-1,8.123468878E0
1.073505304E2,5.415921518E0,-8.609478334E-1,8.134043568E0
1.073605064E2,5.378525650E0,-9.843161168E-1,8.144856239E0
1.073704834E2,5.338816039E0,-1.108258816E0,8.155054368E0
1.073804604E2,5.296436005E0,-1.232736609E0,8.164816294E0
1.073904374E2,5.250951099E0,-1.357925350E0,8.174329129E0
1.074004144E2,5.202663622E0,-1.483561695E0,8.183363662E0
1.074103914E2,5.152790381E0,-1.608808031E0,8.191250972E0
1.074203674E2,5.101427270E0,-1.732925708E0,8.198079935E0
1.074303444E2,5.048190710E0,-1.856508657E0,8.203978021E0
1.074403214E2,4.994029706E0,-1.980191887E0,8.208203804E0
1.074502984E2,4.939207381E0,-2.104331052E0,8.210488896E0
1.074602754E2,4.882217786E0,-2.228455015E0,8.211823230E0
1.074702514E2,4.822715935E0,-2.352145553E0,8.212485720E0
1.074802284E2,4.760795675E0,-2.475293908E0,8.212420231E0
1.074902054E2,4.696482150E0,-2.597140819E0,8.211821476E0
1.075001824E2,4.630497783E0,-2.717883776E0,8.210219339E0
1.075101594E2,4.562759544E0,-2.838631995E0,8.207282867E0
1.075201354E2,4.491748326E0,-2.959356241E0,8.203810791E0
1.075301124E2,4.417522601E0,-3.079149902E0,8.200026473E0
1.075400894E2,4.341923950E0,-3.197842825E0,8.194973894E0
1.075500664E2,4.266944811E0,-3.315874428E0,8.187445019E0
1.075600434E2,4.191053799E0,-3.433487370E0,8.178161979E0
1.075700204E2,4.113133219E0,-3.549753114E0,8.168077286E0
1.075799964E2,4.033393277E0,-3.664268786E0,8.157265200E0
1.075899734E2,3.953499554E0,-3.776864817E0,8.145012944E0
1.075999504E2,3.873373988E0,-3.887028114E0,8.131671937E0
1.076099274E2,3.792999331E0,-3.994904273E0,8.117265567E0
1.076199044E2,3.712406573E0,-4.101273019E0,8.101462882E0
1.076298804E2,3.630292370E0,-4.207148553E0,8.084366793E0
1.076398574E2,3.546755246E0,-4.312285291E0,8.066029340E0
1.076498344E2,3.462878399E0,-4.416180080E0,8.046236515E0
1.076598114E2,3.379376067E0,-4.519717313E0,8.024218240E0
1.076697884E2,3.296232753E0,-4.623338160E0,7.999731270E0
1.076797644E2,3.212513489E0,-4.726282485E0,7.973588369E0
1.076897414E2,3.128854451E0,-4.828271374E0,7.945701243E0
1.076997184E2,3.046616871E0,-4.929381720E0,7.915517331E0
1.077096959E2,2.964360580E0,-5.029118847E0,7.883947045E0
1.077196729E2,2.880952096E0,-5.127445625E0,7.851465762E0
1.077296489E2,2.796869427E0,-5.224705287E0,7.817677041E0
1.077396259E2,2.713102508E0,-5.320665697E0,7.782396111E0
1.077496029E2,2.629675020E0,-5.414167938E0,7.746463217E0
1.077595799E2,2.547399141E0,-5.504883980E0,7.709935076E0
1.077695569E2,2.466666926E0,-5.593487424E0,7.672324031E0
1.077795339E2,2.386390357E0,-5.680126787E0,7.633963957E0
1.077895099E2,2.305756229E0,-5.764211503E0,7.595621426E0
1.077994869E2,2.225294010E0,-5.845916986E0,7.557077749E0
1.078094639E2,2.145351901E0,-5.925933793E0,7.517770427E0
1.078194409E2,2.064833403E0,-6.004405181E0,7.477946211E0
1.078294179E2,1.980797073E0,-6.081446925E0,7.438316122E0
1.078393939E2,1.893895316E0,-6.157612172E0,7.398180833E0
1.078493709E2,1.805422411E0,-6.232322046E0,7.357629808E0
1.078593479E2,1.714706369E0,-6.304796530E0,7.317473470E0
1.078693249E2,1.621081190E0,-6.375027437E0,7.277857999E0
1.078793019E2,1.525924041E0,-6.443365601E0,7.238141956E0
1.078892789E2,1.430420006E0,-6.509642621E0,7.198232955E0
1.078992549E2,1.335215203E0,-6.573318214E0,7.158546733E0
1.079092319E2,1.240822869E0,-6.634739707E0,7.118755846E0
1.079192089E2,1.147346649E0,-6.694737986E0,7.078148687E0
1.079291859E2,1.054536499E0,-6.753755688E0,7.036393721E0
1.079391629E2,9.612299207E-1,-6.810975956E0,6.994479125E0
1.079491389E2,8.685128879E-1,-6.865739223E0,6.952942843E0
1.079591159E2,7.771266814E-1,-6.917753130E0,6.912080746E0
1.079690929E2,6.857352123E-1,-6.967366755E0,6.871802201E0
1.079790699E2,5.939923257E-1,-7.014599978E0,6.832178544E0
1.079890469E2,5.026106873E-1,-7.059093196E0,6.793576981E0
1.079990229E2,4.105995230E-1,-7.100447629E0,6.756563521E0
1.080089999E2,3.164099786E-1,-7.139545037E0,6.720333588E0
1.080189769E2,2.188987041E-1,-7.177697534E0,6.683475080E0
1.080289539E2,1.188806825E-1,-7.214760695E0,6.645990919E0
1.080389309E2,1.826845472E-2,-7.249468013E0,6.609159307E0
1.080489079E2,-8.136710300E-2,-7.281378023E0,6.573508834E0
1.080588839E2,-1.789484619E-1,-7.310469675E0,6.539197372E0
1.080688609E2,-2.763144697E-1,-7.336474582E0,6.506603238E0
1.080788379E2,-3.744223978E-1,-7.359512612E0,6.475606563E0
1.080888149E2,-4.724341940E-1,-7.380643864E0,6.445075327E0
1.080987919E2,-5.705149874E-1,-7.400034986E0,6.414834112E0
1.081087679E2,-6.680286739E-1,-7.416645171E0,6.386173400E0
1.081187449E2,-7.636668295E-1,-7.430006644E0,6.359866776E0
1.081287219E2,-8.588803310E-1,-7.441177164E0,6.334611483E0
1.081386989E2,-9.540456661E-1,-7.450843781E0,6.309581891E0
1.081486759E2,-1.048887504E0,-7.459135718E0,6.284682693E0
1.081586529E2,-1.142361970E0,-7.464981179E0,6.261402588E0
1.081686289E2,-1.234240074E0,-7.468544472E0,6.239679013E0
1.081786059E2,-1.325143666E0,-7.469998675E0,6.219261121E0
1.081885829E2,-1.415341938E0,-7.469776481E0,6.199624416E0
1.081985599E2,-1.506609080E0,-7.468087220E0,6.180121028E0
1.082085369E2,-1.600043639E0,-7.464202915E0,6.161301180E0
1.082185129E2,-1.692330098E0,-7.457889091E0,6.144266487E0
1.082284899E2,-1.782809182E0,-7.449300116E0,6.129080098E0
1.082384669E2,-1.873154511E0,-7.438876870E0,6.114777224E0
1.082484439E2,-1.963895112E0,-7.426252146E0,6.101639115E0
1.082584209E2,-2.054644922E0,-7.410806141E0,6.090524143E0
1.082683969E2,-2.145135554E0,-7.392527745E0,6.081531125E0
1.082783739E2,-2.236159014E0,-7.371829187E0,6.073865426E0
1.082883509E2,-2.327135843E0,-7.348810453E0,6.067579669E0
1.082983279E2,-2.416384673E0,-7.323673857E0,6.063083160E0
1.083083049E2,-2.506593469E0,-7.295328895E0,6.060632007E0
1.083182819E2,-2.595572596E0,-7.264379582E0,6.060353680E0
1.083282579E2,-2.682132438E0,-7.231917595E0,6.061488624E0
1.083382349E2,-2.767864606E0,-7.197932993E0,6.063398325E0
1.083482119E2,-2.852430547E0,-7.162247436E0,6.066462851E0
1.083581889E2,-2.937761596E0,-7.124749827E0,6.069893997E0
1.083681659E2,-3.023248766E0,-7.086047691E0,6.073218724E0
1.083781419E2,-3.109226518E0,-7.045740495E0,6.076706588E0
1.083881189E2,-3.198222017E0,-7.002558807E0,6.080431264E0
1.083980959E2,-3.287913920E0,-6.956593260E0,6.085354620E0
1.084080729E2,-3.376030582E0,-6.908406356E0,6.091999395E0
1.084180499E2,-3.462600364E0,-6.858543055E0,6.099745202E0
1.084280269E2,-3.549146757E0,-6.807068262E0,6.107657070E0
1.084380029E2,-3.637235061E0,-6.753474437E0,6.115325108E0
1.084479799E2,-3.724699467E0,-6.697585580E0,6.124137447E0
1.084579569E2,-3.810992091E0,-6.639491154E0,6.134296984E0
1.084679339E2,-3.896578956E0,-6.578945575E0,6.145751680E0
1.084779109E2,-3.981612967E0,-6.516154080E0,6.158131405E0
1.084878869E2,-4.066862447E0,-6.451733551E0,6.170239819E0
1.084978639E2,-4.153683367E0,-6.385548332E0,6.181244863E0
1.085078409E2,-4.239920442E0,-6.317401958E0,6.192705991E0
1.085178179E2,-4.324551288E0,-6.246852377E0,6.205738850E0
1.085277949E2,-4.407287343E0,-6.174795969E0,6.219631249E0
1.085377719E2,-4.490307865E0,-6.101887622E0,6.232190484E0
1.085477479E2,-4.575996763E0,-6.026949706E0,6.242773944E0
1.085577249E2,-4.662342889E0,-5.949112741E0,6.253535745E0
1.085677019E2,-4.746892751E0,-5.869277197E0,6.265355891E0
1.085776789E2,-4.830114417E0,-5.788380384E0,6.277000621E0
1.085876559E2,-4.913929868E0,-5.706439843E0,6.286965446E0
1.085976319E2,-4.999433118E0,-5.622014235E0,6.295611139E0
1.086076089E2,-5.086260177E0,-5.535570168E0,6.302659373E0
1.086175859E2,-5.171854059E0,-5.447442688E0,6.309785374E0
1.086275629E2,-5.257688845E0,-5.358745104E0,6.314797023E0
1.086375399E2,-5.342675201E0,-5.269299077E0,6.318733953E0
1.086475169E2,-5.426942350E0,-5.178637998E0,6.321875077E0
1.086574929E2,-5.510890825E0,-5.085804094E0,6.324616837E0
1.086674699E2,-5.594928762E0,-4.990561722E0,6.326702539E0
1.086774469E2,-5.677423035E0,-4.893650847E0,6.328914540E0
1.086874239E2,-5.758481231E0,-4.796200566E0,6.330281619E0
1.086974009E2,-5.839767469E0,-4.697224747E0,6.330030774E0
1.087073769E2,-5.919550388E0,-4.596260582E0,6.330040129E0
1.087173536E2,-5.995732591E0,-4.494205034E0,6.331620047E0
1.087273306E2,-6.068411143E0,-4.391372099E0,6.334535469E0
1.087373076E2,-6.138168426E0,-4.287641616E0,6.338385276E0
1.087472846E2,-6.207719886E0,-4.182583230E0,6.340845199E0
1.087572616E2,-6.277826833E0,-4.075528606E0,6.341534001E0
1.087672376E2,-6.347439689E0,-3.966801677E0,6.341182584E0
1.087772146E2,-6.415509465E0,-3.857471608E0,6.340129500E0
1.087871916E2,-6.481331572E0,-3.748145632E0,6.338757159E0
1.087971686E2,-6.547893936E0,-3.637375394E0,6.334878116E0
1.088071456E2,-6.615693571E0,-3.524038813E0,6.328494126E0
1.088171226E2,-6.682471697E0,-3.408715349E0,6.321497932E0
1.088270986E2,-6.746847787E0,-3.293241026E0,6.314325737E0
1.088370756E2,-6.808487965E0,-3.178936730E0,6.306739560E0
1.088470526E2,-6.869815902E0,-3.064575425E0,6.296833792E0
1.088570296E2,-6.932467648E0,-2.948098012E0,6.283766434E0
1.088670066E2,-6.994387323E0,-2.828687928E0,6.270021969E0
1.088769826E2,-7.054465125E0,-2.707164076E0,6.256347671E0
1.088869596E2,-7.112052598E0,-2.584777174E0,6.242894982E0
1.088969366E2,-7.169198021E0,-2.461159434E0,6.227470611E0
1.089069136E2,-7.227745607E0,-2.334546604E0,6.208516862E0
1.089168906E2,-7.285171697E0,-2.203586807E0,6.189230990E0
1.089268676E2,-7.339989928E0,-2.065537700E0,6.172050117E0
1.089368436E2,-7.397242940E0,-1.886980837E0,6.160860885E0
1.089468206E2,-7.447596238E0,-1.735592916E0,6.144682809E0
1.089567976E2,-7.494433604E0,-1.601460420E0,6.124123414E0
1.089667746E2,-7.539056046E0,-1.470616398E0,6.102132620E0
1.089767516E2,-7.580349083E0,-1.341317942E0,6.080729472E0
1.089867276E2,-7.617435048E0,-1.213547216E0,6.061195094E0
1.089967046E2,-7.651550043E0,-1.086752465E0,6.042255962E0
1.090066816E2,-7.684661656E0,-9.599473339E-1,6.021675518E0
1.090166586E2,-7.715661255E0,-8.327913704E-1,6.000927842E0
1.090266356E2,-7.743187607E0,-7.058509498E-1,5.981716231E0
1.090366126E2,-7.767105643E0,-5.804138484E-1,5.964166982E0
1.090465886E2,-7.788221108E0,-4.558990356E-1,5.947426404E0
1.090565656E2,-7.809047720E0,-3.309251433E-1,5.928353956E0
1.090665426E2,-7.828545846E0,-2.041824682E-1,5.908323149E0
1.090765196E2,-7.844443840E0,-7.684269198E-2,5.890237711E0
1.090864966E2,-7.856117222E0,4.896474833E-2,5.874956598E0
1.090964736E2,-7.864122645E0,1.727975017E-1,5.861895087E0
1.091064496E2,-7.871132287E0,2.965927963E-1,5.847513276E0
1.091164266E2,-7.876714624E0,4.208605460E-1,5.832352030E0
1.091264036E2,-7.878327286E0,5.451495831E-1,5.819867640E0
1.091363806E2,-7.875718258E0,6.687334096E-1,5.810504494E0
1.091463576E2,-7.870176267E0,7.908328472E-1,5.802672733E0
1.091563346E2,-7.863208725E0,9.129245373E-1,5.794188423E0
1.091663106E2,-7.854867087E0,1.034941164E0,5.784985490E0
1.091762876E2,-7.842542326E0,1.157232755E0,5.778533088E0
1.091862646E2,-7.825750292E0,1.278669411E0,5.775702451E0
1.091962416E2,-7.804882749E0,1.397616396E0,5.776381313E0
1.092062186E2,-7.781689183E0,1.515116340E0,5.778048354E0
1.092161946E2,-7.756250287E0,1.632815090E0,5.780191358E0
1.092261716E2,-7.728204702E0,1.750695981E0,5.783253545E0
1.092361486E2,-7.696322758E0,1.866993446E0,5.789392537E0
1.092461256E2,-7.660324375E0,1.981247748E0,5.799155048E0
1.092561026E2,-7.622041485E0,2.095325609E0,5.809491756E0
1.092660796E2,-7.581918476E0,2.210039063E0,5.819478216E0
1.092760556E2,-7.539347237E0,2.324879694E0,5.830033025E0
1.092860326E2,-7.493852976E0,2.438646338E0,5.842198157E0
1.092960096E2,-7.444649241E0,2.550834672E0,5.857179308E0
1.093059866E2,-7.393504230E0,2.661378038E0,5.872756290E0
1.093159636E2,-7.339975895E0,2.770536199E0,5.889395712E0
1.093259406E2,-7.283774212E0,2.880139917E0,5.906565476E0
1.093359166E2,-7.225617220E0,2.989026767E0,5.923872650E0
1.093458936E2,-7.164415584E0,3.095975265E0,5.943247399E0
1.093558706E2,-7.101578481E0,3.200965823E0,5.963011572E0
1.093658476E2,-7.036850388E0,3.304770273E0,5.983086818E0
1.093758246E2,-6.969762944E0,3.408679973E0,6.003283685E0
1.093858016E2,-6.900071735E0,3.511820472E0,6.024303841E0
1.093957776E2,-6.827083865E0,3.613301238E0,6.047402097E0
1.094057546E2,-6.752038361E0,3.713906092E0,6.070666414E0
1.094157316E2,-6.675642149E0,3.813373662E0,6.093445997E0
1.094257086E2,-6.597287121E0,3.911662726E0,6.116436664E0
1.094356856E2,-6.517329370E0,4.008381520E0,6.139494574E0
1.094456616E2,-6.435989338E0,4.103468941E0,6.162441387E0
1.094556386E2,-6.354094405E0,4.197538069E0,6.184032816E0
1.094656156E2,-6.271069205E0,4.290465821E0,6.204973449E0
1.094755926E2,-6.186057706E0,4.382412410E0,6.226014070E0
1.094855696E2,-6.098934778E0,4.473569917E0,6.247099714E0
1.094955466E2,-6.009575874E0,4.562891691E0,6.269060102E0
1.095055226E2,-5.917635425E0,4.650971224E0,6.291753146E0
1.095154996E2,-5.824868764E0,4.737407690E0,6.313791887E0
1.095254766E2,-5.729697143E0,4.822337328E0,6.336539894E0
1.095354536E2,-5.632711131E0,4.906104539E0,6.359151077E0
1.095454306E2,-5.533708414E0,4.987207759E0,6.382941059E0
1.095554076E2,-5.431513118E0,5.066417651E0,6.408289908E0
1.095653836E2,-5.327950743E0,5.143740061E0,6.433582624E0
1.095753606E2,-5.221885759E0,5.219080850E0,6.459814988E0
1.095853376E2,-5.112737539E0,5.293377911E0,6.486615116E0
1.095953146E2,-5.001766157E0,5.365768195E0,6.513598847E0
1.096052916E2,-4.888519915E0,5.436680303E0,6.540716479E0
1.096152686E2,-4.774113878E0,5.506753335E0,6.566551816E0
1.096252446E2,-4.658624937E0,5.574539521E0,6.592254422E0
1.096352216E2,-4.540677534E0,5.639769890E0,6.619013035E0
1.096451986E2,-4.423012552E0,5.702826848E0,6.644608052E0
1.096551756E2,-4.303701286E0,5.764157708E0,6.669987892E0
1.096651526E2,-4.182722394E0,5.824457704E0,6.694521639E0
1.096751296E2,-4.061854015E0,5.881915954E0,6.718668886E0
1.096851056E2,-3.940157085E0,5.936633028E0,6.742971084E0
1.096950826E2,-3.817496241E0,5.988847495E0,6.767313042E0
1.097050596E2,-3.692845883E0,6.039423571E0,6.791491279E0
1.097150360E2,-3.566881655E0,6.088717938E0,6.814761443E0
1.097250130E2,-3.439835107E0,6.136066352E0,6.837567338E0
1.097349890E2,-3.311953577E0,6.180926775E0,6.860262721E0
1.097449660E2,-3.183109303E0,6.223726054E0,6.882524241E0
1.097549430E2,-3.053095294E0,6.264577042E0,6.904331431E0
1.097649200E2,-2.922813482E0,6.303481491E0,6.925271480E0
1.097748970E2,-2.792335788E0,6.339915492E0,6.945821519E0
1.097848740E2,-2.661189466E0,6.373783734E0,6.966279173E0
1.097948500E2,-2.529641731E0,6.405647551E0,6.986035160E0
1.098048270E2,-2.397846660E0,6.435599914E0,7.004961428E0
1.098148040E2,-2.265354016E0,6.464162977E0,7.022738718E0
1.098247810E2,-2.131810188E0,6.491346683E0,7.039452984E0
1.098347580E2,-1.997370275E0,6.516453457E0,7.055667313E0
1.098447350E2,-1.863882435E0,6.539204389E0,7.071127351E0
1.098547110E2,-1.730960898E0,6.559818163E0,7.085807371E0
1.098646880E2,-1.597443967E0,6.578930372E0,7.099433137E0
1.098746650E2,-1.463987994E0,6.596514704E0,7.111880105E0
1.098846420E2,-1.329861930E0,6.611500533E0,7.124298422E0
1.098946190E2,-1.195979622E0,6.623945746E0,7.136461215E0
1.099045960E2,-1.063170132E0,6.633980738E0,7.148151553E0
1.099145720E2,-9.326084579E-1,6.641307299E0,7.159565903E0
1.099245490E2,-8.027219177E-1,6.647488391E0,7.169562888E0
1.099345260E2,-6.714773617E-1,6.652545648E0,7.178360023E0
1.099445030E2,-5.396857621E-1,6.655115499E0,7.187091086E0
1.099544800E2,-4.097694011E-1,6.654415002E0,7.196314484E0
1.099644570E2,-2.814555062E-1,6.650853463E0,7.205764169E0
1.099744330E2,-1.534160649E-1,6.646101431E0,7.214007574E0
1.099844100E2,-2.428697438E-2,6.640755322E0,7.220517864E0
1.099943870E2,1.053894475E-1,6.633403033E0,7.226545758E0
1.100043640E2,2.338413733E-1,6.623617718E0,7.232502902E0
1.100143410E2,3.604198512E-1,6.611170165E0,7.238690425E0
1.100243180E2,4.849363816E-1,6.596158023E0,7.245111837E0
1.100342940E2,6.093280374E-1,6.579086493E0,7.251236796E0
1.100442710E2,7.337100088E-1,6.559832196E0,7.257159441E0
1.100542480E2,8.557354791E-1,6.538399812E0,7.263135880E0
1.100642250E2,9.755781108E-1,6.514719173E0,7.269304107E0
1.100742020E2,1.093481513E0,6.489005458E0,7.275521452E0
1.100841790E2,1.211592492E0,6.461767958E0,7.281051164E0
1.100941550E2,1.330302226E0,6.432810792E0,7.285969257E0
1.101041320E2,1.449619339E0,6.401971407E0,7.290367532E0
1.101141090E2,1.569438143E0,6.368782611E0,7.294626644E0
1.101240860E2,1.688161618E0,6.333097638E0,7.299183964E0
1.101340630E2,1.805632765E0,6.295502965E0,7.303591011E0
1.101440400E2,1.923276259E0,6.254643207E0,7.308662885E0
1.101540160E2,2.040440573E0,6.210433579E0,7.314590208E0
1.101639930E2,2.156838757E0,6.163450032E0,7.320930929E0
1.101739700E2,2.271205909E0,6.114345700E0,7.327516648E0
1.101839470E2,2.384748020E0,6.063238696E0,7.333909408E0
1.101939240E2,2.498898826E0,6.009854202E0,7.339840239E0
1.102039010E2,2.612885617E0,5.954277002E0,7.345441872E0
1.102138770E2,2.725340146E0,5.896424065E0,7.351244649E0
1.102238540E2,2.836078809E0,5.835320662E0,7.358111034E0
1.102338310E2,2.946153228E0,5.771840950E0,7.364925964E0
1.102438080E2,3.056097547E0,5.706967846E0,7.370677870E0
1.102537850E2,3.164809273E0,5.640877352E0,7.375675485E0
1.102637620E2,3.271782036E0,5.573214542E0,7.380435703E0
1.102737380E2,3.376942456E0,5.503070759E0,7.385700536E0
1.102837150E2,3.480684048E0,5.431002656E0,7.390882924E0
1.102936920E2,3.582317427E0,5.357390304E0,7.396044261E0
1.103036690E2,3.681637647E0,5.281757739E0,7.401667528E0
1.103136460E2,3.779615932E0,5.203954688E0,7.407392537E0
1.103236230E2,3.875395663E0,5.123891103E0,7.413713962E0
1.103335990E2,3.967558307E0,5.042158138E0,7.420999008E0
1.103435760E2,4.056823070E0,4.958702583E0,7.428967593E0
1.103535530E2,4.144549139E0,4.873426790E0,7.436970093E0
1.103635300E2,4.230583316E0,4.786938284E0,7.444695434E0
1.103735070E2,4.313926604E0,4.699343778E0,7.452671036E0
1.103834840E2,4.394751789E0,4.610104449E0,7.461179320E0
1.103934600E2,4.473605293E0,4.519540142E0,7.469719763E0
1.104034370E2,4.550332457E0,4.427700849E0,7.478371888E0
1.104134140E2,4.624632441E0,4.334823091E0,7.487201768E0
1.104233910E2,4.697655686E0,4.240185321E0,7.495929322E0
1.104333680E2,4.769419441E0,4.143851859E0,7.504480290E0
1.104433450E2,4.838284731E0,4.046643653E0,7.513439979E0
1.104533210E2,4.903774131E0,3.948295532E0,7.523301308E0
1.104632980E2,4.966817933E0,3.848602259E0,7.533597085E0
1.104732750E2,5.028164581E0,3.747603596E0,7.543813925E0
1.104832520E2,5.087170004E0,3.645385495E0,7.554334236E0
1.104932290E2,5.142821463E0,3.542559284E0,7.565564398E0
1.105032060E2,5.196602399E0,3.438582634E0,7.576778773E0
1.105131820E2,5.248664837E0,3.333907241E0,7.587666873E0
1.105231590E2,5.298543341E0,3.228734250E0,7.598474867E0
1.105331360E2,5.346212182E0,3.122473677E0,7.609485759E0
1.105431130E2,5.392329172E0,3.014802756E0,7.620357487E0
1.105530900E2,5.436590255E0,2.905681140E0,7.631290610E0
1.105630670E2,5.477755823E0,2.795857274E0,7.642871021E0
1.105730430E2,5.515807748E0,2.685524408E0,7.655058957E0
1.105830200E2,5.552217776E0,2.573452872E0,7.667223505E0
1.105929970E2,5.587045546E0,2.459549696E0,7.679299175E0
1.106029740E2,5.619170734E0,2.344487163E0,7.691840283E0
1.106129510E2,5.648348925E0,2.228339240E0,7.704983069E0
1.106229280E2,5.675496377E0,2.110871309E0,7.718099543E0
1.106329040E2,5.700029540E0,1.992130001E0,7.731570359E0
1.106428810E2,5.721162547E0,1.872723133E0,7.745792542E0
1.106528580E2,5.739778327E0,1.752454093E0,7.760151549E0
1.106628350E2,5.756273323E0,1.631048939E0,7.774387180E0
1.106728120E2,5.770179756E0,1.509115051E0,7.788690054E0
1.106827890E2,5.780979563E0,1.386871260E0,7.803394048E0
1.106927650E2,5.789048136E0,1.264013950E0,7.818266441E0
1.107027420E2,5.795499954E0,1.139827495E0,7.832565222E0
1.107127190E2,5.799616978E0,1.014833466E0,7.846696773E0
1.107226960E2,5.800957745E0,8.905855422E-1,7.860778622E0
1.107326730E2,5.800645503E0,7.669398084E-1,7.874034260E0
1.107426500E2,5.797669271E0,6.434196436E-1,7.887277619E0
1.107526260E2,5.791628512E0,5.198287639E-1,7.900818016E0
1.107626030E2,5.781283033E0,3.959837497E-1,7.915558262E0
1.107725800E2,5.766339304E0,2.712972846E-1,7.931697747E0
1.107825570E2,5.728817137E0,1.391959744E-1,7.962247109E0
1.107925340E2,5.709610788E0,1.408262947E-2,7.977232938E0
1.108025110E2,5.689698095E0,-1.103717320E-1,7.990697907E0
1.108124870E2,5.667548257E0,-2.352778697E-1,8.003726673E0
1.108224640E2,5.643223840E0,-3.605942079E-1,8.016239129E0
1.108324410E2,5.617173325E0,-4.852091542E-1,8.027953441E0
1.108424180E2,5.588633065E0,-6.091251756E-1,8.039418662E0
1.108523950E2,5.557797773E0,-7.332437664E-1,8.050424876E0
1.108623720E2,5.523906727E0,-8.576044685E-1,8.061455648E0
1.108723490E2,5.485762416E0,-9.810301278E-1,8.073418466E0
1.108823250E2,5.443797534E0,-1.103129200E0,8.086054884E0
1.108923020E2,5.399216607E0,-1.224831465E0,8.098416483E0
1.109022790E2,5.352591494E0,-1.346683054E0,8.110013266E0
1.109122560E2,5.303404716E0,-1.468356888E0,8.121202497E0
1.109222330E2,5.251176217E0,-1.590185088E0,8.132192924E0
1.109322100E2,5.197561342E0,-1.712256239E0,8.141844923E0
1.109421860E2,5.143966348E0,-1.834177118E0,8.149325266E0
1.109521630E2,5.089169751E0,-1.956332177E0,8.155318077E0
1.109621400E2,5.032597355E0,-2.078993751E0,8.160076541E0
1.109721170E2,4.974431008E0,-2.202194293E0,8.163423488E0
1.109820940E2,4.914308183E0,-2.324380342E0,8.165961764E0
1.109920710E2,4.852275072E0,-2.445187911E0,8.167777324E0
1.110020470E2,4.788642163E0,-2.565681630E0,8.168371401E0
1.110120240E2,4.724673916E0,-2.686927739E0,8.166638287E0
1.110220010E2,4.658620844E0,-2.809576888E0,8.163310052E0
1.110319780E2,4.589051549E0,-2.932833855E0,8.159362012E0
1.110419550E2,4.520046511E0,-3.055320452E0,8.152931828E0
1.110519320E2,4.452231381E0,-3.176587611E0,8.143895541E0
1.110619080E2,4.384193764E0,-3.296615746E0,8.133096904E0
1.110718850E2,4.314222181E0,-3.415520338E0,8.121441064E0
1.110818620E2,4.241221156E0,-3.533763318E0,8.109294643E0
1.110918390E2,4.166332064E0,-3.650693013E0,8.096308562E0
1.111018160E2,4.088328161E0,-3.765731134E0,8.083374521E0
1.111117930E2,4.007976308E0,-3.878664549E0,8.070204252E0
1.111217700E2,3.925987235E0,-3.990602184E0,8.055918335E0
1.111317460E2,3.841499062E0,-4.102160334E0,8.040600969E0
1.111417230E2,3.755176032E0,-4.213134055E0,8.023980258E0
1.111517000E2,3.667259929E0,-4.322495407E0,8.006456153E0
1.111616770E2,3.579713370E0,-4.430059032E0,7.987260913E0
1.111716540E2,3.492883094E0,-4.536319605E0,7.966032597E0
1.111816310E2,3.405017277E0,-4.640690357E0,7.943925444E0
1.111916070E2,3.317754892E0,-4.742617559E0,7.920617858E0
1.112015840E2,3.231183941E0,-4.842328958E0,7.896037332E0
1.112115610E2,3.145324596E0,-4.939508513E0,7.870469213E0
1.112215380E2,3.061221754E0,-5.034001272E0,7.843714108E0
1.112315150E2,2.977053131E0,-5.126857980E0,7.815918784E0
1.112414920E2,2.893869472E0,-5.218845792E0,7.786223114E0
1.112514690E2,2.810366555E0,-5.309306896E0,7.755591305E0
1.112614450E2,2.726071340E0,-5.397173005E0,7.724969437E0
1.112714220E2,2.643637878E0,-5.482954583E0,7.693145381E0
1.112813990E2,2.560664426E0,-5.568160794E0,7.659939628E0
1.112913760E2,2.477258281E0,-5.653202114E0,7.624997837E0
1.113013530E2,2.393373102E0,-5.736645389E0,7.589384785E0
1.113113300E2,2.308944131E0,-5.817770244E0,7.553703321E0
1.113213060E2,2.225184229E0,-5.897456684E0,7.516958249E0
1.113312830E2,2.139614613E0,-5.976147927E0,7.479558873E0
1.113412600E2,2.051936492E0,-6.054063245E0,7.441368953E0
1.113512370E2,1.964064681E0,-6.130809120E0,7.402142907E0
1.113612140E2,1.874630494E0,-6.205482157E0,7.363005738E0
1.113711910E2,1.784770484E0,-6.277925066E0,7.323820623E0
1.113811670E2,1.693974627E0,-6.347961845E0,7.284910911E0
1.113911440E2,1.602708654E0,-6.416474841E0,7.245431095E0
1.114011210E2,1.511806232E0,-6.483554683E0,7.205141441E0
1.114110980E2,1.419763894E0,-6.547954162E0,7.165519538E0
1.114210750E2,1.328159660E0,-6.610163859E0,7.125856705E0
1.114310520E2,1.238196739E0,-6.670871991E0,7.085368245E0
1.114410290E2,1.148563893E0,-6.729975647E0,7.044454107E0
1.114510050E2,1.059662680E0,-6.786871979E0,7.003683227E0
1.114609820E2,9.704212321E-1,-6.841172147E0,6.963673654E0
1.114709590E2,8.818208583E-1,-6.893234001E0,6.924002634E0
1.114809360E2,7.936868001E-1,-6.943145834E0,6.884684787E0
1.114909130E2,7.046697392E-1,-6.990627564E0,6.846215955E0
1.115008900E2,6.172130808E-1,-7.036282623E0,6.807781037E0
1.115108660E2,5.305066568E-1,-7.080106920E0,6.769545509E0
1.115208430E2,4.435402144E-1,-7.121478894E0,6.732303423E0
1.115308200E2,3.569908978E-1,-7.160352353E0,6.696119683E0
1.115407970E2,2.685374902E-1,-7.197682732E0,6.660132410E0
1.115507740E2,1.784338887E-1,-7.234510835E0,6.623149356E0
1.115607510E2,8.575258783E-2,-7.269315802E0,6.586789615E0
1.115707280E2,-9.500563415E-3,-7.300685529E0,6.552556506E0
1.115807040E2,-1.032840935E-1,-7.329658483E0,6.519320347E0
1.115906810E2,-1.966946883E-1,-7.356805351E0,6.486510451E0
1.116006580E2,-2.904548644E-1,-7.381461890E0,6.454902157E0
1.116106350E2,-3.852296603E-1,-7.403011803E0,6.425194209E0
1.116206120E2,-4.810908506E-1,-7.421434625E0,6.397418180E0
1.116305890E2,-5.746721384E-1,-7.438033701E0,6.370360190E0
1.116405650E2,-6.686323258E-1,-7.453019530E0,6.343621457E0
1.116505420E2,-7.631168257E-1,-7.466112615E0,6.317508377E0
1.116605190E2,-8.565544548E-1,-7.476462187E0,6.293245355E0
1.116704960E2,-9.509948082E-1,-7.483136784E0,6.271711814E0
1.116804730E2,-1.045633382E0,-7.488142585E0,6.250638449E0
1.116904500E2,-1.140362150E0,-7.491938013E0,6.229489655E0
1.117004270E2,-1.235771021E0,-7.492958937E0,6.210035384E0
1.117104030E2,-1.329948323E0,-7.491553266E0,6.192251077E0
1.117203801E2,-1.422283313E0,-7.488284672E0,6.175662526E0
1.117303571E2,-1.511567519E0,-7.483247881E0,6.160541627E0
1.117403341E2,-1.600402951E0,-7.476040018E0,6.146838677E0
1.117503111E2,-1.690914779E0,-7.466574546E0,6.134098179E0
1.117602881E2,-1.780673779E0,-7.455276555E0,6.122430645E0
1.117702651E2,-1.870364220E0,-7.440740962E0,6.113363367E0
1.117802411E2,-1.959401088E0,-7.422847897E0,6.107223791E0
1.117902181E2,-2.046944285E0,-7.402928188E0,6.102685767E0
1.118001951E2,-2.135111673E0,-7.381380029E0,6.098575759E0
1.118101721E2,-2.223931171E0,-7.357653782E0,6.095502462E0
1.118201491E2,-2.314510096E0,-7.331326693E0,6.093505054E0
1.118301261E2,-2.405308877E0,-7.303555927E0,6.091687154E0
1.118401021E2,-2.493485181E0,-7.275022100E0,6.090376793E0
1.118500791E2,-2.581588688E0,-7.244387367E0,6.090185004E0
1.118600561E2,-2.670418126E0,-7.212041155E0,6.090274467E0
1.118700331E2,-2.759711541E0,-7.178174082E0,6.090477950E0
1.118800101E2,-2.848017069E0,-7.142227739E0,6.092083595E0
1.118899871E2,-2.935841663E0,-7.103748382E0,6.095382594E0
1.118999641E2,-3.024896219E0,-7.062613220E0,6.099638783E0
1.119099401E2,-3.113223967E0,-7.019168408E0,6.105343911E0
1.119199171E2,-3.202525275E0,-6.972918686E0,6.112145977E0
1.119298941E2,-3.292294361E0,-6.924282131E0,6.119740341E0
1.119398711E2,-3.380077148E0,-6.873982043E0,6.128584839E0
1.119498481E2,-3.467373447E0,-6.822058184E0,6.137828702E0
1.119598251E2,-3.555490402E0,-6.768336305E0,6.146886624E0
1.119698021E2,-3.643219979E0,-6.712583104E0,6.156644458E0
1.119797781E2,-3.730915057E0,-6.654061246E0,6.167644824E0
1.119897551E2,-3.817473437E0,-6.593965902E0,6.179207693E0
1.119997321E2,-3.904347859E0,-6.532956054E0,6.189722157E0
1.120097091E2,-3.992296707E0,-6.469934179E0,6.199808019E0
1.120196861E2,-4.079002436E0,-6.404620196E0,6.211173837E0
1.120296631E2,-4.165564909E0,-6.337036323E0,6.223033159E0
1.120396401E2,-4.251880630E0,-6.267525793E0,6.235040417E0
1.120496161E2,-4.337883232E0,-6.196445870E0,6.246833666E0
1.120595931E2,-4.424576390E0,-6.123915253E0,6.257546934E0
1.120695701E2,-4.510413516E0,-6.049839216E0,6.268310489E0
1.120795471E2,-4.596673395E0,-5.973865759E0,6.278504525E0
1.120895241E2,-4.683232067E0,-5.896006574E0,6.288127288E0
1.120995011E2,-4.768628021E0,-5.817029402E0,6.297495112E0
1.121094771E2,-4.853686590E0,-5.737117844E0,6.305815115E0
1.121194541E2,-4.938402219E0,-5.655503578E0,6.313760312E0
1.121294311E2,-5.023540018E0,-5.571387287E0,6.321376310E0
1.121394081E2,-5.108587185E0,-5.485010464E0,6.328751403E0
1.121493851E2,-5.192883570E0,-5.397532024E0,6.335353494E0
1.121593621E2,-5.278069900E0,-5.309181181E0,6.339611437E0
1.121693391E2,-5.363704712E0,-5.218914204E0,6.342689996E0
1.121793151E2,-5.448934897E0,-5.126373830E0,6.345510108E0
1.121892921E2,-5.532919040E0,-5.032577475E0,6.347919161E0
1.121992691E2,-5.615258362E0,-4.938484080E0,6.349514866E0
1.122092461E2,-5.697179022E0,-4.843398121E0,6.349782668E0
1.122192231E2,-5.777995144E0,-4.746539579E0,6.349900782E0
1.122292001E2,-5.857144225E0,-4.647962832E0,6.350307164E0
1.122391771E2,-5.934216959E0,-4.547835111E0,6.351249150E0
1.122491531E2,-6.007376736E0,-4.446050289E0,6.354538209E0
1.122591301E2,-6.078475370E0,-4.342588194E0,6.358472216E0
1.122691071E2,-6.147789434E0,-4.237835325E0,6.362510887E0
1.122790841E2,-6.216773130E0,-4.131192344E0,6.365616928E0
1.122890611E2,-6.286708753E0,-4.022557510E0,6.366509213E0
1.122990381E2,-6.354608960E0,-3.913288544E0,6.367198015E0
1.123090151E2,-6.421185358E0,-3.804505190E0,6.366334382E0
1.123189911E2,-6.487712054E0,-3.695485316E0,6.363103210E0
1.123289681E2,-6.553846402E0,-3.584384710E0,6.358882105E0
1.123389451E2,-6.618735877E0,-3.471215652E0,6.354455178E0
1.123489221E2,-6.681044977E0,-3.357215412E0,6.350499537E0
1.123588991E2,-6.742921382E0,-3.243098228E0,6.344400891E0
1.123688761E2,-6.805495360E0,-3.128595712E0,6.335078675E0
1.123788531E2,-6.867779317E0,-3.012266234E0,6.324235598E0
1.123888291E2,-6.928800275E0,-2.893885844E0,6.312942871E0
1.123988061E2,-6.988185182E0,-2.774021432E0,6.301283523E0
1.124087831E2,-7.047420985E0,-2.653203046E0,6.287326219E0
1.124187601E2,-7.106025288E0,-2.531207031E0,6.271642233E0
1.124287371E2,-7.163523883E0,-2.407087015E0,6.255075316E0
1.124387141E2,-7.220291576E0,-2.279760532E0,6.237481045E0
1.124486911E2,-7.275270022E0,-2.146797479E0,6.220756838E0
1.124586671E2,-7.331418495E0,-1.994709061E0,6.205444735E0
1.124686441E2,-7.388755707E0,-1.806414684E0,6.195099841E0
1.124786211E2,-7.434663951E0,-1.671514449E0,6.178017785E0
1.124885981E2,-7.477843300E0,-1.542863571E0,6.159345286E0
1.124985751E2,-7.517597349E0,-1.416250010E0,6.141340540E0
1.125085521E2,-7.554715474E0,-1.289727227E0,6.123641603E0
1.125185291E2,-7.589486527E0,-1.163381907E0,6.105926878E0
1.125285051E2,-7.620566817E0,-1.037296715E0,6.089916617E0
1.125384821E2,-7.649541525E0,-9.111284919E-1,6.073751990E0
1.125484591E2,-7.675245300E0,-7.851924768E-1,6.058893045E0
1.125584361E2,-7.698902550E0,-6.585487293E-1,6.043949316E0
1.125684131E2,-7.721554078E0,-5.320277734E-1,6.027492328E0
1.125783901E2,-7.740335920E0,-4.059781031E-1,6.013192377E0
1.125883671E2,-7.755940969E0,-2.804435724E-1,6.000236701E0
1.125983431E2,-7.768704271E0,-1.566405485E-1,5.988221843E0
1.126083201E2,-7.779804626E0,-3.276604920E-2,5.975756748E0
1.126182971E2,-7.789865929E0,9.208199778E-2,5.962013453E0
1.126282741E2,-7.796286757E0,2.168174790E-1,5.950378078E0
1.126382511E2,-7.800096218E0,3.409703309E-1,5.939557221E0
1.126482281E2,-7.801413596E0,4.640492868E-1,5.929477206E0
1.126582051E2,-7.800173401E0,5.873934139E-1,5.920166100E0
1.126681811E2,-7.797857319E0,7.112341158E-1,5.909624739E0
1.126781581E2,-7.792207155E0,8.338925473E-1,5.901036934E0
1.126881351E2,-7.784290025E0,9.556665143E-1,5.893015139E0
1.126981121E2,-7.773621195E0,1.076364813E0,5.886284993E0
1.127080891E2,-7.759380886E0,1.196701827E0,5.881836432E0
1.127180668E2,-7.742823325E0,1.316780686E0,5.877999489E0
1.127280438E2,-7.722300768E0,1.436051021E0,5.877068027E0
1.127380198E2,-7.698465178E0,1.554716901E0,5.878145669E0
1.127479968E2,-7.672430450E0,1.671684895E0,5.880084606E0
1.127579738E2,-7.642676893E0,1.788378363E0,5.884496330E0
1.127679508E2,-7.610671574E0,1.906525448E0,5.888882911E0
1.127779278E2,-7.575144476E0,2.024726181E0,5.895232987E0
1.127879048E2,-7.536001461E0,2.141496832E0,5.904131280E0
1.127978818E2,-7.494113177E0,2.255401178E0,5.915026397E0
1.128078578E2,-7.448606052E0,2.368134034E0,5.928432308E0
1.128178348E2,-7.401871596E0,2.480995236E0,5.940795661E0
1.128278118E2,-7.352939172E0,2.592706583E0,5.953843723E0
1.128377888E2,-7.300422989E0,2.703270707E0,5.969275110E0
1.128477658E2,-7.246125745E0,2.812151417E0,5.985111709E0
1.128577428E2,-7.189384364E0,2.919522084E0,6.002103717E0
1.128677198E2,-7.130707555E0,3.026766451E0,6.018953054E0
1.128776958E2,-7.068544051E0,3.134173663E0,6.037279397E0
1.128876728E2,-7.002609678E0,3.241777342E0,6.057262841E0
1.128976498E2,-6.935429848E0,3.347643812E0,6.076939892E0
1.129076268E2,-6.865956155E0,3.451036034E0,6.097958878E0
1.129176038E2,-6.795131171E0,3.553976558E0,6.118132356E0
1.129275808E2,-6.722405841E0,3.655867506E0,6.138402314E0
1.129375578E2,-6.646078042E0,3.755980024E0,6.161035717E0
1.129475338E2,-6.568505371E0,3.854013565E0,6.183640468E0
1.129575108E2,-6.488954587E0,3.950116940E0,6.206942791E0
1.129674878E2,-6.408210386E0,4.046166812E0,6.228922475E0
1.129774648E2,-6.326324224E0,4.141347789E0,6.250036771E0
1.129874418E2,-6.242073448E0,4.234939492E0,6.271993650E0
1.129974188E2,-6.157152581E0,4.326230316E0,6.293593265E0
1.130073958E2,-6.069268929E0,4.415473444E0,6.316935934E0
1.130173718E2,-5.980050359E0,4.503498598E0,6.339841817E0
1.130273488E2,-5.889967570E0,4.590601646E0,6.361663626E0
1.130373258E2,-5.796692201E0,4.676640793E0,6.384629150E0
1.130473028E2,-5.700580348E0,4.761527747E0,6.408379955E0
1.130572798E2,-5.602234858E0,4.843748662E0,6.433440537E0
1.130672568E2,-5.501707188E0,4.923915158E0,6.459285815E0
1.130772338E2,-5.399993702E0,5.003589903E0,6.483845290E0
1.130872108E2,-5.296038979E0,5.082149584E0,6.508443357E0
1.130971868E2,-5.190556378E0,5.158455749E0,6.533341970E0
1.131071638E2,-5.084090860E0,5.232182706E0,6.558383256E0
1.131171408E2,-4.975675880E0,5.304544339E0,6.583354375E0
1.131271178E2,-4.865577780E0,5.376176823E0,6.607494020E0
1.131370948E2,-4.753739255E0,5.445915395E0,6.631747102E0
1.131470718E2,-4.639802458E0,5.513232635E0,6.656771430E0
1.131570488E2,-4.524363803E0,5.578911484E0,6.681465392E0
1.131670248E2,-4.407328858E0,5.642574214E0,6.706184496E0
1.131770018E2,-4.290069965E0,5.704072890E0,6.730152233E0
1.131869788E2,-4.172147705E0,5.763777639E0,6.753380882E0
1.131969558E2,-4.052540862E0,5.822278447E0,6.775992649E0
1.132069328E2,-3.931727446E0,5.879313358E0,6.797889302E0
1.132169098E2,-3.810336910E0,5.933436940E0,6.819953771E0
1.132268868E2,-3.688900182E0,5.985238593E0,6.841421238E0
1.132368628E2,-3.566011297E0,6.036088319E0,6.861873044E0
1.132468398E2,-3.440908364E0,6.085724164E0,6.881875784E0
1.132568168E2,-3.314983897E0,6.132856815E0,6.901815374E0
1.132667938E2,-3.188648371E0,6.176561828E0,6.922333254E0
1.132767708E2,-3.062485338E0,6.217939650E0,6.942226651E0
1.132867478E2,-2.935414524E0,6.257883149E0,6.961203205E0
1.132967248E2,-2.806391325E0,6.296215156E0,6.979823663E0
1.133067008E2,-2.677102371E0,6.332523442E0,6.997741286E0
1.133166778E2,-2.547404111E0,6.365860173E0,7.015886366E0
1.133266548E2,-2.417750874E0,6.396874974E0,7.033532093E0
1.133366318E2,-2.288094715E0,6.426467147E0,7.049911314E0
1.133466088E2,-2.157323491E0,6.454739605E0,7.065294169E0
1.133565858E2,-2.026094284E0,6.481336834E0,7.079782400E0
1.133665628E2,-1.894200248E0,6.504715172E0,7.094842488E0
1.133765388E2,-1.763486181E0,6.524607984E0,7.110254579E0
1.133865158E2,-1.632991238E0,6.542858314E0,7.124635806E0
1.133964928E2,-1.500559112E0,6.560847858E0,7.137206150E0
1.134064698E2,-1.367220084E0,6.577603054E0,7.148562613E0
1.134164468E2,-1.234382892E0,6.591124156E0,7.160270492E0
1.134264238E2,-1.102615961E0,6.601608798E0,7.172105842E0
1.134364008E2,-9.723096634E-1,6.610136377E0,7.183092760E0
1.134463778E2,-8.403154944E-1,6.617318512E0,7.193126582E0
1.134563538E2,-7.070022666E-1,6.623374473E0,7.201885711E0
1.134663308E2,-5.746318657E-1,6.626968172E0,7.210353064E0
1.134763078E2,-4.439234994E-1,6.626582256E0,7.219933727E0
1.134862848E2,-3.153568220E-1,6.622945288E0,7.230023682E0
1.134962618E2,-1.867980018E-1,6.617103335E0,7.239830632E0
1.135062388E2,-5.804404898E-2,6.609921784E0,7.248562864E0
1.135162158E2,6.966671485E-2,6.600483209E0,7.257056530E0
1.135261918E2,1.967134542E-1,6.587974845E0,7.266085215E0
1.135361688E2,3.221120006E-1,6.573465564E0,7.274743772E0
1.135461458E2,4.466030591E-1,6.557490971E0,7.282578456E0
1.135561228E2,5.716103536E-1,6.539969789E0,7.289593361E0
1.135660998E2,6.972142468E-1,6.521025980E0,7.295630026E0
1.135760768E2,8.232165547E-1,6.499583656E0,7.301631609E0
1.135860538E2,9.470564892E-1,6.476272561E0,7.307330890E0
1.135960298E2,1.069374759E0,6.451641165E0,7.312241381E0
1.136060068E2,1.193074726E0,6.425485985E0,7.316132703E0
1.136159838E2,1.317290855E0,6.397912855E0,7.318986145E0
1.136259608E2,1.440532766E0,6.367956984E0,7.321891041E0
1.136359378E2,1.562036738E0,6.335388578E0,7.325230386E0
1.136459148E2,1.682644039E0,6.299952697E0,7.329079608E0
1.136558918E2,1.803227951E0,6.261923575E0,7.332993150E0
1.136658688E2,1.923239129E0,6.222192914E0,7.336318461E0
1.136758448E2,2.042511950E0,6.179638633E0,7.340047815E0
1.136858218E2,2.160478502E0,6.134068943E0,7.344496962E0
1.136957988E2,2.276935450E0,6.086387238E0,7.348983530E0
1.137057758E2,2.391506378E0,6.036550834E0,7.353696386E0
1.137157525E2,2.504397547E0,5.985077210E0,7.358189387E0
1.137257295E2,2.616986854E0,5.931836557E0,7.362118716E0
1.137357065E2,2.727760016E0,5.876794378E0,7.366051553E0
1.137456825E2,2.835776508E0,5.820269344E0,7.370138172E0
1.137556595E2,2.941664321E0,5.761521199E0,7.374793725E0
1.137656365E2,3.046392631E0,5.700742316E0,7.379507750E0
1.137756135E2,3.150796128E0,5.637736813E0,7.384070917E0
1.137855905E2,3.254340669E0,5.572736825E0,7.388502522E0
1.137955675E2,3.356187471E0,5.505959868E0,7.393004293E0
1.138055445E2,3.456666902E0,5.437110658E0,7.397660431E0
1.138155215E2,3.555864916E0,5.366406126E0,7.402270376E0
1.138254975E2,3.653821566E0,5.293848612E0,7.406811324E0
1.138354745E2,3.750279866E0,5.218858071E0,7.411816540E0
1.138454515E2,3.844693980E0,5.142151372E0,7.417055061E0
1.138554285E2,3.936662496E0,5.063844876E0,7.422685930E0
1.138654055E2,4.026026078E0,4.983577808E0,7.429075182E0
1.138753825E2,4.113804187E0,4.901440215E0,7.435630496E0
1.138853595E2,4.200825959E0,4.817518345E0,7.441819189E0
1.138953355E2,4.285704141E0,4.732489012E0,7.447978646E0
1.139053125E2,4.368075330E0,4.646301930E0,7.454387779E0
1.139152895E2,4.449055758E0,4.558572061E0,7.460658917E0
1.139252665E2,4.528433465E0,4.470096379E0,7.466433043E0
1.139352435E2,4.605788327E0,4.380072939E0,7.472467369E0
1.139452205E2,4.680707240E0,4.287903863E0,7.479368838E0
1.139551975E2,4.753991270E0,4.193743519E0,7.486533431E0
1.139651745E2,4.825316484E0,4.098157623E0,7.493832511E0
1.139751505E2,4.893829772E0,4.001860120E0,7.501442662E0
1.139851275E2,4.959642815E0,3.903790327E0,7.509890719E0
1.139951045E2,5.023817176E0,3.803598287E0,7.518643416E0
1.140050815E2,5.086319234E0,3.701836269E0,7.527407223E0
1.140150585E2,5.146236237E0,3.598677936E0,7.536701372E0
1.140250355E2,5.203624905E0,3.494114226E0,7.546492535E0
1.140350125E2,5.259233680E0,3.388130518E0,7.556264986E0
1.140449885E2,5.313181846E0,3.280879427E0,7.565846819E0
1.140549655E2,5.364789956E0,3.172502162E0,7.575642074E0
1.140649425E2,5.414503568E0,3.062358161E0,7.585592281E0
1.140749195E2,5.461915131E0,2.950542148E0,7.595912617E0
1.140848965E2,5.506460389E0,2.837487695E0,7.606816505E0
1.140948735E2,5.547779739E0,2.723377820E0,7.618493979E0
1.141048505E2,5.586513450E0,2.608199074E0,7.630482525E0
1.141148275E2,5.622759170E0,2.492050567E0,7.642667538E0
1.141248035E2,5.656036844E0,2.375600197E0,7.655186427E0
1.141347805E2,5.686311972E0,2.259182864E0,7.667988905E0
1.141447575E2,5.714294992E0,2.142438819E0,7.680682626E0
1.141547345E2,5.740202835E0,2.024954223E0,7.693226073E0
1.141647115E2,5.763941946E0,1.906707589E0,7.705682396E0
1.141746885E2,5.784247572E0,1.788099304E0,7.718891256E0
1.141846655E2,5.802081580E0,1.669146473E0,7.732134615E0
1.141946425E2,5.817613539E0,1.549366991E0,7.745382067E0
1.142046185E2,5.830383273E0,1.428959518E0,7.758918371E0
1.142145955E2,5.840512404E0,1.308010008E0,7.772620152E0
1.142245725E2,5.848224882E0,1.186462548E0,7.786313161E0
1.142345495E2,5.853843471E0,1.064686973E0,7.799683405E0
1.142445265E2,5.856841339E0,9.430167941E-1,7.813080545E0
1.142545035E2,5.856860050E0,8.216724513E-1,7.826758352E0
1.142644805E2,5.854370890E0,7.000263190E-1,7.840434405E0
1.142744565E2,5.848895558E0,5.779136886E-1,7.854459536E0
1.142844335E2,5.840130581E0,4.558421714E-1,7.869001561E0
1.142944105E2,5.827769567E0,3.335052272E-1,7.884286768E0
1.143043875E2,5.808883646E0,2.098337291E-1,7.902464007E0
1.143143645E2,5.782105737E0,8.388608350E-2,7.924412701E0
1.143243415E2,5.764394521E0,-3.847413538E-2,7.937655475E0
1.143343185E2,5.746517243E0,-1.604938453E-1,7.949080934E0
1.143442955E2,5.727712013E0,-2.824944833E-1,7.959246903E0
1.143542715E2,5.706469079E0,-4.045118772E-1,7.969232778E0
1.143642485E2,5.681799676E0,-5.272561165E-1,7.979677659E0
1.143742255E2,5.653513185E0,-6.510486520E-1,7.990621308E0
1.143842025E2,5.621898460E0,-7.758952577E-1,8.001771364E0
1.143941795E2,5.587724993E0,-9.008124686E-1,8.012612686E0
1.144041565E2,5.551272866E0,-1.025706144E0,8.022929513E0
1.144141335E2,5.512988806E0,-1.150483314E0,8.032399664E0
1.144241105E2,5.471519768E0,-1.275076590E0,8.041937057E0
1.144340865E2,5.425742501E0,-1.399677393E0,8.052224649E0
1.144440635E2,5.377174943E0,-1.524060680E0,8.062216371E0
1.144540405E2,5.327212240E0,-1.647425674E0,8.071115248E0
1.144640175E2,5.275646229E0,-1.769430022E0,8.079156924E0
1.144739945E2,5.222110877E0,-1.891474130E0,8.086284095E0
1.144839715E2,5.167416607E0,-2.014084103E0,8.091808544E0
1.144939485E2,5.111113182E0,-2.136320000E0,8.096218514E0
1.145039245E2,5.052940988E0,-2.257768277E0,8.099775960E0
1.145139015E2,4.993776521E0,-2.379460821E0,8.101633036E0
1.145238785E2,4.934306245E0,-2.502055153E0,8.101137777E0
1.145338555E2,4.872868965E0,-2.625163308E0,8.099367825E0
1.145438325E2,4.809237810E0,-2.748433724E0,8.096507952E0
1.145538095E2,4.744477558E0,-2.871664671E0,8.091944785E0
1.145637865E2,4.678258133E0,-2.993598413E0,8.086307484E0
1.145737635E2,4.610159706E0,-3.114234073E0,8.079856251E0
1.145837395E2,4.538956406E0,-3.234346700E0,8.072978171E0
1.145937165E2,4.465556308E0,-3.354264615E0,8.064975087E0
1.146036935E2,4.389607117E0,-3.472676286E0,8.056548665E0
1.146136705E2,4.310448096E0,-3.588492087E0,8.048531547E0
1.146236475E2,4.229932813E0,-3.701526367E0,8.040054254E0
1.146336245E2,4.148232008E0,-3.812519091E0,8.030751919E0
1.146436015E2,4.064653662E0,-3.921711751E0,8.020902284E0
1.146535785E2,3.979466454E0,-4.029918862E0,8.009975007E0
1.146635545E2,3.892908659E0,-4.137948510E0,7.997421035E0
1.146735315E2,3.807027094E0,-4.245880802E0,7.982176175E0
1.146835085E2,3.720462867E0,-4.352687505E0,7.965448460E0
1.146934855E2,3.633111605E0,-4.458035327E0,7.947485229E0
1.147034625E2,3.545403370E0,-4.562076589E0,7.928030958E0
1.147134395E2,3.456962771E0,-4.664472153E0,7.907477995E0
1.147234165E2,3.368994920E0,-4.764707462E0,7.885653847E0
1.147333935E2,3.282186864E0,-4.863557567E0,7.861880237E0
1.147433695E2,3.195551886E0,-4.962409133E0,7.835754293E0
1.147533465E2,3.108197115E0,-5.062170233E0,7.807025169E0
1.147633235E2,3.020345916E0,-5.162183349E0,7.775954819E0
1.147733005E2,2.935363361E0,-5.260649875E0,7.742435070E0
1.147832775E2,2.853240387E0,-5.356776347E0,7.707144200E0
1.147932545E2,2.772309659E0,-5.449978625E0,7.671253406E0
1.148032315E2,2.691901089E0,-5.541174724E0,7.634470911E0
1.148132085E2,2.610706360E0,-5.630534797E0,7.597196081E0
1.148231845E2,2.530167104E0,-5.718077556E0,7.558964646E0
1.148331615E2,2.450229234E0,-5.803870243E0,7.519811690E0
1.148431385E2,2.369217815E0,-5.887990041E0,7.480272818E0
1.148531155E2,2.287436610E0,-5.970554481E0,7.440175536E0
1.148630925E2,2.202286386E0,-6.052070514E0,7.399896991E0
1.148730695E2,2.114675946E0,-6.131288007E0,7.360133001E0
1.148830465E2,2.027458731E0,-6.207601773E0,7.320600561E0
1.148930235E2,1.938200692E0,-6.280823531E0,7.282220607E0
1.149029995E2,1.847054879E0,-6.352025660E0,7.244049983E0
1.149129765E2,1.752967186E0,-6.421467778E0,7.206106231E0
1.149229535E2,1.658832861E0,-6.488095046E0,7.168612130E0
1.149329305E2,1.566312953E0,-6.552632520E0,7.130622185E0
1.149429075E2,1.473261240E0,-6.614228843E0,7.093488858E0
1.149528845E2,1.380905346E0,-6.673776888E0,7.056196486E0
1.149628615E2,1.289639519E0,-6.731753785E0,7.018292495E0
1.149728385E2,1.196539128E0,-6.788088199E0,6.980418910E0
1.149828145E2,1.102798613E0,-6.841615366E0,6.943503683E0
1.149927915E2,1.009644208E0,-6.892427085E0,6.907327545E0
1.150027685E2,9.184239167E-1,-6.940848463E0,6.871478850E0
1.150127455E2,8.287140338E-1,-6.988376970E0,6.834612156E0
1.150227225E2,7.382305643E-1,-7.033772414E0,6.798320827E0
1.150326995E2,6.494256111E-1,-7.076336635E0,6.763121173E0
1.150426765E2,5.629999631E-1,-7.116708736E0,6.728416779E0
1.150526535E2,4.760489793E-1,-7.155803220E0,6.693576145E0
1.150626295E2,3.875505664E-1,-7.193839942E0,6.658421515E0
1.150726065E2,2.971943469E-1,-7.229990938E0,6.623821201E0
1.150825835E2,2.051342488E-1,-7.264491849E0,6.589474656E0
1.150925605E2,1.119446148E-1,-7.296515295E0,6.556251361E0
1.151025375E2,1.736288090E-2,-7.325883520E0,6.524357139E0
1.151125145E2,-7.637081254E-2,-7.353262523E0,6.493057578E0
1.151224915E2,-1.703005396E-1,-7.378675107E0,6.462371975E0
1.151324685E2,-2.644692533E-1,-7.401138940E0,6.433451062E0
1.151424445E2,-3.594868549E-1,-7.420003227E0,6.407060239E0
1.151524215E2,-4.548106495E-1,-7.435581964E0,6.382897205E0
1.151623985E2,-5.486917898E-1,-7.449438111E0,6.359316553E0
1.151723755E2,-6.434585276E-1,-7.461624877E0,6.336104277E0
1.151823525E2,-7.391675075E-1,-7.470965220E0,6.314619268E0
1.151923295E2,-8.337794036E-1,-7.476982589E0,6.295684229E0
1.152023065E2,-9.274876126E-1,-7.480918350E0,6.277876534E0
1.152122835E2,-1.020488966E0,-7.484302719E0,6.259386469E0
1.152222595E2,-1.114762382E0,-7.486742762E0,6.240359044E0
1.152322365E2,-1.209414258E0,-7.486838071E0,6.222593449E0
1.152422135E2,-1.303451227E0,-7.484710270E0,6.206144062E0
1.152521905E2,-1.396226805E0,-7.480510215E0,6.191010298E0
1.152621675E2,-1.487548327E0,-7.474341987E0,6.177175786E0
1.152721445E2,-1.579060760E0,-7.465707988E0,6.164889616E0
1.152821215E2,-1.669883076E0,-7.454450344E0,6.154572204E0
1.152920985E2,-1.758760315E0,-7.440570808E0,6.146606542E0
1.153020755E2,-1.846350290E0,-7.424283974E0,6.140610808E0
1.153120515E2,-1.933327769E0,-7.406124861E0,6.135768144E0
1.153220285E2,-2.020108489E0,-7.385564881E0,6.132591936E0
1.153320055E2,-2.107135523E0,-7.362668939E0,6.130839525E0
1.153419825E2,-2.194312538E0,-7.337680863E0,6.130214458E0
1.153519595E2,-2.280370250E0,-7.310814076E0,6.130906184E0
1.153619365E2,-2.366104465E0,-7.282331704E0,6.132316532E0
1.153719135E2,-2.453054316E0,-7.252099845E0,6.133976557E0
1.153818905E2,-2.542090161E0,-7.219502787E0,6.136176279E0
1.153918665E2,-2.631238565E0,-7.184695482E0,6.139448381E0
1.154018435E2,-2.720151034E0,-7.147698979E0,6.143880571E0
1.154118205E2,-2.810354860E0,-7.108981640E0,6.148201663E0
1.154217975E2,-2.902062298E0,-7.068171583E0,6.152648470E0
1.154317745E2,-2.994691550E0,-7.024454876E0,6.158324363E0
1.154417515E2,-3.086953889E0,-6.978364783E0,6.165164436E0
1.154517285E2,-3.178034505E0,-6.930887731E0,6.172438956E0
1.154617055E2,-3.269128278E0,-6.881530214E0,6.180084191E0
1.154716815E2,-3.361000315E0,-6.829822701E0,6.188158026E0
1.154816585E2,-3.453197749E0,-6.775785073E0,6.196794949E0
1.154916355E2,-3.544087746E0,-6.720120749E0,6.206086759E0
1.155016125E2,-3.632014375E0,-6.662716295E0,6.217136242E0
1.155115895E2,-3.718966565E0,-6.603204503E0,6.229211912E0
1.155215665E2,-3.805894488E0,-6.542129751E0,6.241138478E0
1.155315435E2,-3.893546590E0,-6.479269844E0,6.252635858E0
1.155415205E2,-3.980431244E0,-6.414772131E0,6.264421506E0
1.155514965E2,-4.064391999E0,-6.348740695E0,6.277763098E0
1.155614735E2,-4.147991103E0,-6.280625895E0,6.291581823E0
1.155714505E2,-4.233376531E0,-6.210403758E0,6.304403597E0
1.155814275E2,-4.319471811E0,-6.137680183E0,6.317210754E0
1.155914045E2,-4.406206777E0,-6.062497269E0,6.329894534E0
1.156013815E2,-4.491387261E0,-5.985720989E0,6.343081759E0
1.156113585E2,-4.575877773E0,-5.907666507E0,6.355857925E0
1.156213355E2,-4.662796049E0,-5.828066606E0,6.366165982E0
1.156313125E2,-4.750751328E0,-5.746100337E0,6.375641395E0
1.156412885E2,-4.838676787E0,-5.661925575E0,6.384819185E0
1.156512655E2,-4.923998773E0,-5.577107618E0,6.394232617E0
1.156612425E2,-5.008953554E0,-5.491683891E0,6.402178398E0
1.156712195E2,-5.095941412E0,-5.404532311E0,6.407691153E0
1.156811965E2,-5.183990539E0,-5.315119613E0,6.411851447E0
1.156911735E2,-5.270077926E0,-5.223734064E0,6.416773049E0
1.157011505E2,-5.352716625E0,-5.131030553E0,6.423165225E0
1.157111275E2,-5.434166585E0,-5.037152921E0,6.429076175E0
1.157211032E2,-5.516000707E0,-4.942514566E0,6.432835935E0
1.157310802E2,-5.598497903E0,-4.846230513E0,6.434825742E0
1.157410572E2,-5.680940135E0,-4.748378236E0,6.435520976E0
1.157510342E2,-5.760293868E0,-4.649428729E0,6.437229533E0
1.157610112E2,-5.835931696E0,-4.549610910E0,6.440422697E0
1.157709882E2,-5.909904821E0,-4.448559330E0,6.443558559E0
1.157809652E2,-5.982991508E0,-4.345942741E0,6.446138350E0
1.157909422E2,-6.057439427E0,-4.241295415E0,6.446312597E0
1.158009182E2,-6.132059255E0,-4.134981633E0,6.444833837E0
1.158108952E2,-6.204962924E0,-4.027816495E0,6.442921797E0
1.158208722E2,-6.277304091E0,-3.920054357E0,6.439310557E0
1.158308492E2,-6.349805472E0,-3.810885379E0,6.433756287E0
1.158408262E2,-6.422352462E0,-3.698887811E0,6.427108002E0
1.158508032E2,-6.493576811E0,-3.584323899E0,6.420450363E0
1.158607802E2,-6.561634893E0,-3.469291333E0,6.414441179E0
1.158707572E2,-6.629008850E0,-3.354736777E0,6.406097787E0
1.158807342E2,-6.697496703E0,-3.239572941E0,6.394123274E0
1.158907102E2,-6.766368717E0,-3.122467245E0,6.379856068E0
1.159006872E2,-6.834522693E0,-3.003622002E0,6.364248680E0
1.159106642E2,-6.900205636E0,-2.884077432E0,6.348649478E0
1.159206412E2,-6.963929177E0,-2.764503042E0,6.332243945E0
1.159306182E2,-7.027670844E0,-2.643722663E0,6.313372056E0
1.159405952E2,-7.090436611E0,-2.520434413E0,6.293586248E0
1.159505722E2,-7.151429502E0,-2.393886048E0,6.273950713E0
1.159605492E2,-7.209720395E0,-2.264233543E0,6.255339611E0
1.159705252E2,-7.266209176E0,-2.127482372E0,6.237957593E0
1.159805022E2,-7.329643280E0,-1.931762615E0,6.227417986E0
1.159904792E2,-7.383179802E0,-1.784383106E0,6.208117497E0
1.160004562E2,-7.431517564E0,-1.650837379E0,6.187357543E0
1.160104332E2,-7.474713285E0,-1.521853356E0,6.168365201E0
1.160204102E2,-7.513800752E0,-1.395510521E0,6.150727075E0
1.160303872E2,-7.551403611E0,-1.269868328E0,6.131871559E0
1.160403642E2,-7.587275695E0,-1.143641999E0,6.112400331E0
1.160503412E2,-7.619623076E0,-1.016937660E0,6.094530070E0
1.160603172E2,-7.647778004E0,-8.907293107E-1,6.078995773E0
1.160702942E2,-7.672806426E0,-7.654190938E-1,6.064509881E0
1.160802712E2,-7.697110378E0,-6.399261515E-1,6.048230647E0
1.160902482E2,-7.720666471E0,-5.136356855E-1,6.030223562E0
1.161002252E2,-7.741793631E0,-3.867493151E-1,6.012583097E0
1.161102022E2,-7.758380427E0,-2.604190880E-1,5.997984354E0
1.161201792E2,-7.771635481E0,-1.352548689E-1,5.984938631E0
1.161301562E2,-7.783132276E0,-1.107238463E-2,5.971502899E0
1.161401322E2,-7.793631536E0,1.131466104E-1,5.956728739E0
1.161501092E2,-7.801684322E0,2.386839094E-1,5.942462702E0
1.161600862E2,-7.805752814E0,3.641935346E-1,5.930741959E0
1.161700632E2,-7.806191940E0,4.878883119E-1,5.921269469E0
1.161800402E2,-7.804644767E0,6.104980287E-1,5.911929712E0
1.161900172E2,-7.801634620E0,7.336981682E-1,5.901887704E0
1.161999942E2,-7.796198464E0,8.568971016E-1,5.892461992E0
1.162099712E2,-7.786952847E0,9.792695311E-1,5.885618411E0
1.162199472E2,-7.774535115E0,1.100357912E0,5.880640091E0
1.162299242E2,-7.760370235E0,1.220288837E0,5.875683407E0
1.162399012E2,-7.744035453E0,1.340528567E0,5.871030777E0
1.162498782E2,-7.724787589E0,1.460835907E0,5.867684416E0
1.162598552E2,-7.701366566E0,1.580973530E0,5.867332413E0
1.162698322E2,-7.674068255E0,1.699415608E0,5.869988803E0
1.162798092E2,-7.643977899E0,1.815712926E0,5.874426840E0
1.162897862E2,-7.610819508E0,1.931828104E0,5.880438947E0
1.162997632E2,-7.575749078E0,2.048665559E0,5.886179159E0
1.163097392E2,-7.537476713E0,2.165347771E0,5.893539634E0
1.163197162E2,-7.495390209E0,2.280280642E0,5.903858800E0
1.163296932E2,-7.450152640E0,2.393267413E0,5.916383536E0
1.163396702E2,-7.402886088E0,2.505224928E0,5.929352660E0
1.163496472E2,-7.353133299E0,2.616738932E0,5.943080753E0
1.163596242E2,-7.300095545E0,2.727289023E0,5.958741351E0
1.163696012E2,-7.243523149E0,2.836263581E0,5.976878244E0
1.163795782E2,-7.184168063E0,2.943563789E0,5.996604996E0
1.163895552E2,-7.122758850E0,3.049998901E0,6.016636972E0
1.163995312E2,-7.059635233E0,3.156569961E0,6.036035694E0
1.164095082E2,-6.993060590E0,3.262791650E0,6.057012581E0
1.164194852E2,-6.923116196E0,3.367571708E0,6.079969919E0
1.164294622E2,-6.851666145E0,3.470248230E0,6.103126062E0
1.164394392E2,-6.778547298E0,3.571594218E0,6.126264079E0
1.164494162E2,-6.704678253E0,3.672985230E0,6.147566071E0
1.164593932E2,-6.628251051E0,3.773904956E0,6.169281460E0
1.164693702E2,-6.549374451E0,3.873409949E0,6.191807858E0
1.164793462E2,-6.469987974E0,3.970632773E0,6.213648378E0
1.164893232E2,-6.389522685E0,4.065492445E0,6.235533337E0
1.164993002E2,-6.307262301E0,4.159299033E0,6.257378535E0
1.165092772E2,-6.222335002E0,4.252108379E0,6.279986209E0
1.165192542E2,-6.134536135E0,4.343283428E0,6.303923541E0
1.165292312E2,-6.044797747E0,4.432848153E0,6.328220476E0
1.165392082E2,-5.952771344E0,4.521060418E0,6.353001561E0
1.165491852E2,-5.858617138E0,4.608236556E0,6.377841117E0
1.165591612E2,-5.762909328E0,4.694376276E0,6.402171382E0
1.165691382E2,-5.664825794E0,4.779088982E0,6.426987550E0
1.165791152E2,-5.564765900E0,4.862376429E0,6.451882070E0
1.165890922E2,-5.462703336E0,4.943317974E0,6.477544330E0
1.165990692E2,-5.357934095E0,5.022052487E0,6.504432167E0
1.166090462E2,-5.250959285E0,5.099284850E0,6.531525825E0
1.166190232E2,-5.142254868E0,5.175065934E0,6.558354020E0
1.166290002E2,-5.031746001E0,5.249711489E0,6.584692218E0
1.166389772E2,-4.919897536E0,5.323146086E0,6.610205374E0
1.166489532E2,-4.806731694E0,5.394580350E0,6.635505107E0
1.166589302E2,-4.692942831E0,5.463466982E0,6.660548732E0
1.166689072E2,-4.577744789E0,5.529886674E0,6.685859574E0
1.166788842E2,-4.460936131E0,5.595548567E0,6.710140722E0
1.166888612E2,-4.342415701E0,5.660108260E0,6.733699154E0
1.166988382E2,-4.221310217E0,5.722955303E0,6.757545853E0
1.167088152E2,-4.098817481E0,5.783389785E0,6.781459211E0
1.167187929E2,-3.975674242E0,5.840807104E0,6.805519334E0
1.167287699E2,-3.851461548E0,5.896155093E0,6.829179507E0
1.167387459E2,-3.725897269E0,5.950063498E0,6.852045629E0
1.167487229E2,-3.598483809E0,6.001770426E0,6.875009984E0
1.167586999E2,-3.470265187E0,6.051040235E0,6.897700689E0
1.167686769E2,-3.340592070E0,6.097949522E0,6.920372098E0
1.167786539E2,-3.208763962E0,6.143445538E0,6.942478666E0
1.167886309E2,-3.075820205E0,6.187824735E0,6.963208215E0
1.167986079E2,-2.942397269E0,6.229589058E0,6.983596871E0
1.168085849E2,-2.808648058E0,6.268434450E0,7.003879108E0
1.168185619E2,-2.674620812E0,6.304686602E0,7.023776014E0
1.168285379E2,-2.539582290E0,6.338663603E0,7.043292266E0
1.168385149E2,-2.404901180E0,6.370782359E0,7.061564230E0
1.168484919E2,-2.269825528E0,6.400674495E0,7.079220482E0
1.168584689E2,-2.133606892E0,6.428385034E0,7.096456320E0
1.168684459E2,-1.996761288E0,6.454208093E0,7.112822676E0
1.168784229E2,-1.859614114E0,6.478072334E0,7.128289146E0
1.168883999E2,-1.723382906E0,6.500250823E0,7.142324218E0
1.168983769E2,-1.587893125E0,6.520153576E0,7.155577517E0
1.169083539E2,-1.451035242E0,6.538580491E0,7.167814570E0
1.169183299E2,-1.314274423E0,6.555637988E0,7.178606191E0
1.169283069E2,-1.180332327E0,6.569803453E0,7.188921849E0
1.169382839E2,-1.048144250E0,6.580702078E0,7.199435143E0
1.169482609E2,-9.170577148E-1,6.589110374E0,7.209628009E0
1.169582379E2,-7.855678681E-1,6.595271001E0,7.219514481E0
1.169682149E2,-6.535583501E-1,6.599967484E0,7.228374183E0
1.169781919E2,-5.211142378E-1,6.603584572E0,7.235828213E0
1.169881689E2,-3.883989608E-1,6.605663842E0,7.242268336E0
1.169981449E2,-2.559991046E-1,6.606286570E0,7.247588718E0
1.170081219E2,-1.235946803E-1,6.604399089E0,7.252774613E0
1.170180989E2,7.958633804E-3,6.599577475E0,7.258210185E0
1.170280759E2,1.383650303E-1,6.592030474E0,7.263751591E0
1.170380529E2,2.675695750E-1,6.581478004E0,7.269708150E0
1.170480299E2,3.937297942E-1,6.568274406E0,7.275908538E0
1.170580069E2,5.189820506E-1,6.552196317E0,7.282546297E0
1.170679839E2,6.443035233E-1,6.534408503E0,7.288516889E0
1.170779609E2,7.696183448E-1,6.514675904E0,7.294024381E0
1.170879369E2,8.946427790E-1,6.493870926E0,7.298312144E0
1.170979139E2,1.019980405E0,6.473147224E0,7.300281487E0
1.171078909E2,1.145027278E0,6.450859977E0,7.301467302E0
1.171178679E2,1.269392950E0,6.424966752E0,7.303734852E0
1.171278449E2,1.393041826E0,6.396606002E0,7.306090695E0
1.171378219E2,1.515629726E0,6.365826259E0,7.308571669E0
1.171477989E2,1.635132488E0,6.331561575E0,7.312575842E0
1.171577759E2,1.753431163E0,6.294577351E0,7.317094570E0
1.171677529E2,1.871340705E0,6.255183490E0,7.321671186E0
1.171777289E2,1.987919128E0,6.214053590E0,7.325968890E0
1.171877059E2,2.103326501E0,6.170484232E0,7.330568894E0
1.171976829E2,2.218193590E0,6.125285255E0,7.334616922E0
1.172076599E2,2.330404582E0,6.078370121E0,7.338851475E0
1.172176369E2,2.442073976E0,6.029047102E0,7.343226362E0
1.172276139E2,2.554423985E0,5.977617917E0,7.347047517E0
1.172375909E2,2.668743483E0,5.924452109E0,7.349474697E0
1.172475679E2,2.783526958E0,5.869202937E0,7.351227107E0
1.172575449E2,2.895942018E0,5.811447650E0,7.353685861E0
1.172675209E2,3.006501756E0,5.750258292E0,7.357416385E0
1.172774979E2,3.116620614E0,5.686064050E0,7.361484877E0
1.172874749E2,3.225447823E0,5.619884094E0,7.365425316E0
1.172974519E2,3.333249429E0,5.552590243E0,7.368466453E0
1.173074289E2,3.439854988E0,5.483428207E0,7.371262591E0
1.173174059E2,3.545450148E0,5.411326191E0,7.374512474E0
1.173273829E2,3.649992224E0,5.336957209E0,7.377705638E0
1.173373599E2,3.752533383E0,5.260859790E0,7.380917514E0
1.173473369E2,3.853590226E0,5.182518795E0,7.384269723E0
1.173573129E2,3.952862500E0,5.102000297E0,7.387866345E0
1.173672899E2,4.049949084E0,5.019945735E0,7.391492788E0
1.173772669E2,4.144517272E0,4.936805930E0,7.395068361E0
1.173872439E2,4.237091559E0,4.852314833E0,7.398526404E0
1.173972209E2,4.327013550E0,4.765738619E0,7.402755695E0
1.174071979E2,4.413588302E0,4.677788309E0,7.407741031E0
1.174171749E2,4.496463228E0,4.589320229E0,7.413235660E0
1.174271519E2,4.577267071E0,4.499382743E0,7.418913306E0
1.174371289E2,4.656306224E0,4.407787279E0,7.424710236E0
1.174471049E2,4.733078996E0,4.315414136E0,7.430428228E0
1.174570819E2,4.807190700E0,4.222348682E0,7.436315205E0
1.174670589E2,4.879208809E0,4.128126065E0,7.442310939E0
1.174770359E2,4.949775639E0,4.032311250E0,7.448240601E0
1.174870129E2,5.018261737E0,3.935906451E0,7.453978474E0
1.174969899E2,5.084299605E0,3.838804080E0,7.459864281E0
1.175069669E2,5.148908415E0,3.740478763E0,7.465498073E0
1.175169439E2,5.211270724E0,3.640637848E0,7.471580347E0
1.175269209E2,5.271050903E0,3.539254730E0,7.478355516E0
1.175368969E2,5.328299237E0,3.436337011E0,7.485780895E0
1.175468739E2,5.384041328E0,3.331939653E0,7.493088160E0
1.175568509E2,5.437739233E0,3.226217316E0,7.500574350E0
1.175668279E2,5.488222924E0,3.119745366E0,7.508841144E0
1.175768049E2,5.535935619E0,3.012022989E0,7.517794400E0
1.175867819E2,5.581632779E0,2.902527152E0,7.527072178E0
1.175967589E2,5.625095133E0,2.791761299E0,7.536608986E0
1.176067359E2,5.666001669E0,2.679982417E0,7.546537558E0
1.176167129E2,5.704509677E0,2.567301309E0,7.556694757E0
1.176266889E2,5.741000980E0,2.453142901E0,7.566974162E0
1.176366659E2,5.774609022E0,2.338000993E0,7.577845305E0
1.176466429E2,5.805181773E0,2.222598736E0,7.589204106E0
1.176566199E2,5.834320203E0,2.106755454E0,7.599893986E0
1.176665969E2,5.861656521E0,1.990459743E0,7.610200288E0
1.176765739E2,5.886398429E0,1.873844336E0,7.620703642E0
1.176865509E2,5.907548978E0,1.756719783E0,7.632227919E0
1.176965279E2,5.925777673E0,1.638374915E0,7.644408254E0
1.177065049E2,5.941507852E0,1.518557281E0,7.656929482E0
1.177164809E2,5.954268231E0,1.398508242E0,7.669874048E0
1.177264568E2,5.964582134E0,1.278992324E0,7.682710440E0
1.177364338E2,5.973188066E0,1.159711756E0,7.694946324E0
1.177464108E2,5.979348108E0,1.040709077E0,7.707167004E0
1.177563878E2,5.982041920E0,9.221862345E-1,7.720158933E0
1.177663648E2,5.981033276E0,8.040506975E-1,7.734135532E0
1.177763418E2,5.978161123E0,6.853506848E-1,7.747772993E0
1.177863188E2,5.972786363E0,5.652853473E-1,7.761596396E0
1.177962958E2,5.959990316E0,4.433450270E-1,7.779335679E0
1.178062718E2,5.943785343E0,3.215272425E-1,7.797700614E0
1.178162488E2,5.931831295E0,2.018258211E-1,7.810809487E0
1.178262258E2,5.919666747E0,8.177358499E-2,7.822209218E0
1.178362028E2,5.906210550E0,-3.860382480E-2,7.832706724E0
1.178461798E2,5.891671448E0,-1.592268816E-1,7.842127174E0
1.178561568E2,5.876928864E0,-2.801328660E-1,7.849798720E0
1.178661338E2,5.860818615E0,-4.011248044E-1,7.856589677E0
1.178761108E2,5.841837384E0,-5.218425450E-1,7.863632648E0
1.178860878E2,5.819192871E0,-6.428279784E-1,7.871459146E0
1.178960638E2,5.794060369E0,-7.644941374E-1,7.879118999E0
1.179060408E2,5.767160838E0,-8.862243234E-1,7.886099405E0
1.179160178E2,5.738001359E0,-1.007764548E0,7.892771662E0
1.179259948E2,5.706342779E0,-1.129916464E0,7.899179626E0
1.179359718E2,5.672520145E0,-1.253305652E0,7.904925685E0
1.179459488E2,5.636632274E0,-1.376827790E0,7.910045507E0
1.179559258E2,5.598698462E0,-1.499194811E0,7.914739067E0
1.179659028E2,5.559512762E0,-1.621142148E0,7.918321656E0
1.179758798E2,5.519669834E0,-1.743139332E0,7.920278719E0
1.179858558E2,5.478751604E0,-1.865025273E0,7.920925421E0
1.179958328E2,5.434856556E0,-1.986453670E0,7.921644044E0
1.180058098E2,5.388312135E0,-2.106769926E0,7.922355065E0
1.180157868E2,5.340626337E0,-2.225996261E0,7.922042239E0
1.180257638E2,5.291250694E0,-2.344291719E0,7.921051721E0
1.180357408E2,5.240476981E0,-2.461653231E0,7.919202247E0
1.180457178E2,5.187589501E0,-2.578465690E0,7.916851081E0
1.180556948E2,5.131652697E0,-2.694543738E0,7.914649605E0
1.180656718E2,5.073134932E0,-2.809887668E0,7.912265110E0
1.180756488E2,5.013296866E0,-2.924180561E0,7.908990085E0
1.180856248E2,4.953785074E0,-3.036892659E0,7.904011765E0
1.180956018E2,4.893469875E0,-3.148446132E0,7.897932415E0
1.181055788E2,4.829276511E0,-3.258628432E0,7.892751782E0
1.181155558E2,4.761187439E0,-3.367078788E0,7.888597920E0
1.181255328E2,4.690197563E0,-3.474233985E0,7.884658651E0
1.181355098E2,4.618158697E0,-3.580573203E0,7.879607241E0
1.181454868E2,4.545520198E0,-3.685935643E0,7.873259504E0
1.181554638E2,4.470946856E0,-3.790078355E0,7.866513571E0
1.181654408E2,4.394976030E0,-3.893444848E0,7.858840270E0
1.181754168E2,4.317620875E0,-3.996351166E0,7.850058922E0
1.181853938E2,4.238978164E0,-4.098150021E0,7.840429142E0
1.181953708E2,4.160031104E0,-4.198810716E0,7.829446317E0
1.182053478E2,4.080661291E0,-4.299099527E0,7.816780078E0
1.182153248E2,4.000111510E0,-4.398668254E0,7.803008131E0
1.182253018E2,3.918503091E0,-4.496236064E0,7.788792965E0
1.182352788E2,3.837040852E0,-4.591361784E0,7.773841635E0
1.182452558E2,3.755254385E0,-4.685473305E0,7.757609180E0
1.182552328E2,3.670846903E0,-4.778886083E0,7.741009519E0
1.182652088E2,3.584314544E0,-4.870589721E0,7.724385885E0
1.182751858E2,3.497416148E0,-4.960508788E0,7.706979309E0
1.182851628E2,3.410777369E0,-5.049686428E0,7.687871193E0
1.182951398E2,3.323663504E0,-5.137927929E0,7.667532822E0
1.183051168E2,3.234480894E0,-5.224988877E0,7.646811460E0
1.183150938E2,3.144403367E0,-5.310890322E0,7.625173253E0
1.183250708E2,3.053798129E0,-5.395027662E0,7.602900040E0
1.183350478E2,2.962008830E0,-5.476618540E0,7.580847850E0
1.183450248E2,2.870357526E0,-5.555386382E0,7.558758239E0
1.183550018E2,2.777579755E0,-5.632346849E0,7.536432985E0
1.183649778E2,2.681557364E0,-5.708272945E0,7.514051598E0
1.183749548E2,2.582696735E0,-5.782260688E0,7.492078931E0
1.183849318E2,2.482853189E0,-5.853713078E0,7.470313255E0
1.183949088E2,2.384529919E0,-5.923303716E0,7.447455320E0
1.184048858E2,2.287185034E0,-5.990944306E0,7.423844848E0
1.184148628E2,2.188277481E0,-6.056044282E0,7.400802140E0
1.184248398E2,2.089238365E0,-6.119050954E0,7.377560627E0
1.184348168E2,1.990376567E0,-6.180375382E0,7.353737901E0
1.184447938E2,1.890327345E0,-6.240419270E0,7.329387757E0
1.184547708E2,1.789466676E0,-6.299440480E0,7.304173978E0
1.184647468E2,1.687937816E0,-6.357606243E0,7.277898930E0
1.184747238E2,1.586339082E0,-6.414817155E0,7.250500047E0
1.184847008E2,1.482418710E0,-6.470179762E0,7.223247929E0
1.184946778E2,1.376949120E0,-6.523142087E0,7.196438445E0
1.185046548E2,1.271506864E0,-6.574529757E0,7.169025528E0
1.185146318E2,1.163737637E0,-6.624691851E0,7.141098057E0
1.185246088E2,1.053322178E0,-6.673065282E0,7.113143104E0
1.185345858E2,9.420496646E-1,-6.718794016E0,7.085650665E0
1.185445628E2,8.319264941E-1,-6.761482199E0,7.058778616E0
1.185545388E2,7.220316573E-1,-6.801423944E0,7.032453282E0
1.185645158E2,6.111335480E-1,-6.838733858E0,7.006734889E0
1.185744928E2,5.003444161E-1,-6.873802534E0,6.981159167E0
1.185844698E2,3.891496702E-1,-6.906488469E0,6.955938957E0
1.185944468E2,2.771402793E-1,-6.936647238E0,6.931248504E0
1.186044238E2,1.660774064E-1,-6.964273578E0,6.907054480E0
1.186144008E2,5.591358854E-2,-6.989798428E0,6.883000204E0
1.186243778E2,-5.314504614E-2,-7.013848611E0,6.858513234E0
1.186343548E2,-1.615972332E-1,-7.036255726E0,6.833819858E0
1.186443318E2,-2.705365801E-1,-7.055884244E0,6.810095950E0
1.186543078E2,-3.787890619E-1,-7.072734751E0,6.787417524E0
1.186642848E2,-4.865876719E-1,-7.087032362E0,6.765597469E0
1.186742618E2,-5.949467009E-1,-7.098992257E0,6.744363890E0
1.186842388E2,-7.033326271E-1,-7.108609757E0,6.723769997E0
1.186942158E2,-8.112573177E-1,-7.115543386E0,6.704253160E0
1.187041928E2,-9.170652431E-1,-7.120440429E0,6.685388288E0
1.187141698E2,-1.021082751E0,-7.123916599E0,6.666581304E0
1.187241472E2,-1.124738828E0,-7.125526922E0,6.648152635E0
1.187341243E2,-1.228197854E0,-7.125394775E0,6.629961362E0
1.187441013E2,-1.331353263E0,-7.123055304E0,6.612540168E0
1.187540772E2,-1.433452226E0,-7.118335431E0,6.596258596E0
1.187640542E2,-1.535213513E0,-7.111225802E0,6.581009057E0
1.187740313E2,-1.637037950E0,-7.101793658E0,6.566637771E0
1.187840083E2,-1.737641780E0,-7.090468186E0,6.553012004E0
1.187939852E2,-1.838026778E0,-7.076878672E0,6.540301911E0
1.188039623E2,-1.937873102E0,-7.061108732E0,6.528514509E0
1.188139393E2,-2.037546494E0,-7.042958390E0,6.517763819E0
1.188239162E2,-2.137303063E0,-7.022505999E0,6.507876177E0
1.188338932E2,-2.236482365E0,-6.999967906E0,6.498822348E0
1.188438703E2,-2.336133977E0,-6.974937730E0,6.490671914E0
1.188538463E2,-2.435108188E0,-6.947413716E0,6.483810207E0
1.188638232E2,-2.533872192E0,-6.918405095E0,6.476979489E0
1.188738003E2,-2.635030484E0,-6.888146923E0,6.468858876E0
1.188837773E2,-2.736639597E0,-6.855790771E0,6.461039395E0
1.188937542E2,-2.837901678E0,-6.820270105E0,6.454946596E0
1.189037312E2,-2.937400823E0,-6.783163090E0,6.449533244E0
1.189137083E2,-3.035726432E0,-6.745355578E0,6.443652114E0
1.189236853E2,-3.135113311E0,-6.705376410E0,6.437785018E0
1.189336622E2,-3.233543293E0,-6.662673025E0,6.433434690E0
1.189436382E2,-3.330716415E0,-6.617633677E0,6.430346190E0
1.189536153E2,-3.426927671E0,-6.570790463E0,6.427828964E0
1.189635923E2,-3.521923583E0,-6.521980246E0,6.426191159E0
1.189735692E2,-3.617843940E0,-6.470121290E0,6.425327525E0
1.189835463E2,-3.713723366E0,-6.415816444E0,6.425080773E0
1.189935233E2,-3.808373708E0,-6.359832278E0,6.425335127E0
1.190035002E2,-3.901753449E0,-6.302413205E0,6.425886519E0
1.190134773E2,-3.992934053E0,-6.244287204E0,6.426621514E0
1.190234543E2,-4.082895513E0,-6.185368904E0,6.427073504E0
1.190334313E2,-4.172735350E0,-6.124727431E0,6.427448310E0
1.190434072E2,-4.262222308E0,-6.062110768E0,6.428092089E0
1.190533843E2,-4.352106876E0,-5.997295552E0,6.428662777E0
1.190633613E2,-4.440160389E0,-5.930930239E0,6.430019331E0
1.190733382E2,-4.528140227E0,-5.862759891E0,6.431181757E0
1.190833152E2,-4.616715604E0,-5.792602658E0,6.431780512E0
1.190932923E2,-4.704639601E0,-5.720280202E0,6.432796174E0
1.191032693E2,-4.792907706E0,-5.646288950E0,6.433005504E0
1.191132462E2,-4.880601908E0,-5.571525282E0,6.432257645E0
1.191232233E2,-4.968525320E0,-5.495745367E0,6.430134521E0
1.191332003E2,-5.057349789E0,-5.418245201E0,6.426657182E0
1.191431762E2,-5.145663210E0,-5.338661672E0,6.423155869E0
1.191531532E2,-5.232751055E0,-5.256700666E0,6.420398907E0
1.191631303E2,-5.316052828E0,-5.172963860E0,6.419979077E0
1.191731073E2,-5.397061324E0,-5.087814952E0,6.420433406E0
1.191830842E2,-5.478176823E0,-5.001858543E0,6.419274487E0
1.191930613E2,-5.557817069E0,-4.914723335E0,6.418119662E0
1.192030383E2,-5.635628892E0,-4.825469681E0,6.417992193E0
1.192130152E2,-5.711161469E0,-4.735259715E0,6.418415532E0
1.192229922E2,-5.785271419E0,-4.645373392E0,6.417728484E0
1.192329693E2,-5.859828097E0,-4.555014615E0,6.414854577E0
1.192429453E2,-5.932208440E0,-4.462971254E0,6.413024983E0
1.192529222E2,-6.001256456E0,-4.368431133E0,6.413878092E0
1.192628993E2,-6.067852149E0,-4.272664850E0,6.415731075E0
1.192728763E2,-6.132684322E0,-4.176192516E0,6.417608616E0
1.192828532E2,-6.199031509E0,-4.078485543E0,6.416702297E0
1.192928302E2,-6.264072427E0,-3.979371144E0,6.415770251E0
1.193028073E2,-6.325844752E0,-3.878141808E0,6.417149025E0
1.193127843E2,-6.386409627E0,-3.776257583E0,6.417923781E0
1.193227612E2,-6.445601576E0,-3.674156135E0,6.418012658E0
1.193327383E2,-6.505731418E0,-3.570649893E0,6.415762650E0
1.193427143E2,-6.565289987E0,-3.465900533E0,6.412533817E0
1.193526912E2,-6.622352965E0,-3.359632359E0,6.410414786E0
1.193626682E2,-6.677182891E0,-3.252678013E0,6.408699213E0
1.193726453E2,-6.730104870E0,-3.145256183E0,6.406961421E0
1.193826223E2,-6.782415816E0,-3.036614917E0,6.404210306E0
1.193925992E2,-6.834376513E0,-2.926943955E0,6.400030131E0
1.194025763E2,-6.884735073E0,-2.815857383E0,6.395894980E0
1.194125533E2,-6.933600839E0,-2.703179491E0,6.391721238E0
1.194225302E2,-6.979383368E0,-2.589515758E0,6.388953166E0
1.194325072E2,-7.023630418E0,-2.474858583E0,6.385905597E0
1.194424833E2,-7.067192760E0,-2.358381609E0,6.381920720E0
1.194524603E2,-7.109604369E0,-2.238377886E0,6.378032321E0
1.194624372E2,-7.151314312E0,-2.111688019E0,6.374604099E0
1.194724143E2,-7.194174403E0,-1.953543786E0,6.376803237E0
1.194823913E2,-7.232204109E0,-1.803489322E0,6.377990221E0
1.194923682E2,-7.264526932E0,-1.679000785E0,6.375240861E0
1.195023452E2,-7.293467726E0,-1.559410315E0,6.372571607E0
1.195123223E2,-7.319381416E0,-1.441712295E0,6.370575367E0
1.195222993E2,-7.342346941E0,-1.325217195E0,6.369445685E0
1.195322762E2,-7.362930894E0,-1.209081040E0,6.368788458E0
1.195422523E2,-7.380774842E0,-1.093296449E0,6.369062693E0
1.195522293E2,-7.396257100E0,-9.775156588E-1,6.369925157E0
1.195622062E2,-7.409654825E0,-8.621639080E-1,6.371011569E0
1.195721832E2,-7.420316638E0,-7.478561045E-1,6.373045816E0
1.195821603E2,-7.428502740E0,-6.338171998E-1,6.375870021E0
1.195921373E2,-7.435162134E0,-5.198607409E-1,6.378417068E0
1.196021142E2,-7.439587306E0,-4.066750546E-1,6.381476916E0
1.196120913E2,-7.442060094E0,-2.940971864E-1,6.384774746E0
1.196220683E2,-7.442221477E0,-1.817519095E-1,6.388771902E0
1.196320452E2,-7.441188274E0,-6.976460546E-2,6.392179075E0
1.196420212E2,-7.438138366E0,4.229002832E-2,6.395968071E0
1.196519983E2,-7.432392308E0,1.550686707E-1,6.400906629E0
1.196619753E2,-7.423746030E0,2.677385778E-1,6.407214605E0
1.196719522E2,-7.412283148E0,3.790276283E-1,6.414864517E0
1.196819293E2,-7.399017570E0,4.895744296E-1,6.422689846E0
1.196919063E2,-7.383920059E0,5.998999869E-1,6.430703455E0
1.197018832E2,-7.366995878E0,7.098923260E-1,6.438906514E0
1.197118602E2,-7.347593063E0,8.189006518E-1,6.448130497E0
1.197218371E2,-7.325522162E0,9.269036219E-1,6.458612800E0
1.197318141E2,-7.301469056E0,1.035361505E0,6.469364660E0
1.197417911E2,-7.275237862E0,1.143235106E0,6.480742757E0
1.197517671E2,-7.246683569E0,1.250292581E0,6.492953498E0
1.197617441E2,-7.216126605E0,1.356634869E0,6.505624999E0
1.197717211E2,-7.183365240E0,1.462278415E0,6.518979455E0
1.197816981E2,-7.148828661E0,1.568143423E0,6.532325724E0
1.197916751E2,-7.113322029E0,1.673070100E0,6.545043418E0
1.198016521E2,-7.075328575E0,1.776795905E0,6.558873253E0
1.198116291E2,-7.035250005E0,1.878758044E0,6.573555611E0
1.198216061E2,-6.992090537E0,1.978190823E0,6.590411965E0
1.198315831E2,-6.946416766E0,2.077049991E0,6.608271700E0
1.198415601E2,-6.899484090E0,2.175476318E0,6.625747274E0
1.198515361E2,-6.850140606E0,2.273482376E0,6.644016314E0
1.198615131E2,-6.798568749E0,2.370773613E0,6.662957785E0
1.198714901E2,-6.744490190E0,2.466012331E0,6.683318959E0
1.198814671E2,-6.688136480E0,2.560128529E0,6.704526810E0
1.198914441E2,-6.631098645E0,2.653260349E0,6.724942364E0
1.199014211E2,-6.571802616E0,2.745426793E0,6.746120979E0
1.199113981E2,-6.510772887E0,2.836663530E0,6.767516525E0
1.199213751E2,-6.447436432E0,2.926702173E0,6.789777460E0
1.199313521E2,-6.381961066E0,3.015940624E0,6.812545933E0
1.199413291E2,-6.315724976E0,3.104456359E0,6.834475915E0
1.199513061E2,-6.247710748E0,3.191691554E0,6.856771349E0
1.199612821E2,-6.177586260E0,3.278031248E0,6.879538068E0
1.199712591E2,-6.105890626E0,3.362992753E0,6.902498329E0
1.199812361E2,-6.032637877E0,3.445757460E0,6.926047406E0
1.199912131E2,-5.958887531E0,3.527334889E0,6.948788397E0
1.200011901E2,-5.883363140E0,3.608067395E0,6.971655688E0
1.200111671E2,-5.806581597E0,3.687600346E0,6.994377383E0
1.200211441E2,-5.728639966E0,3.764480706E0,7.017653979E0
1.200311211E2,-5.648005693E0,3.839361320E0,7.042403489E0
1.200410981E2,-5.566365699E0,3.913587044E0,7.066506296E0
1.200510751E2,-5.483778455E0,3.986823128E0,7.090099812E0
1.200610511E2,-5.399949263E0,4.058891815E0,7.113512063E0
1.200710281E2,-5.314907359E0,4.129144065E0,7.137088621E0
1.200810051E2,-5.228068605E0,4.198286513E0,7.160851121E0
1.200909821E2,-5.140546312E0,4.266208647E0,7.184034162E0
1.201009591E2,-5.051552274E0,4.331723482E0,7.207918283E0
1.201109361E2,-4.959969674E0,4.395564260E0,7.232829761E0
1.201209131E2,-4.866930533E0,4.457734780E0,7.257940044E0
1.201308901E2,-4.773011971E0,4.517394799E0,7.283378940E0
1.201408671E2,-4.677526939E0,4.575297144E0,7.309138264E0
1.201508441E2,-4.580513153E0,4.632142898E0,7.334729188E0
1.201608201E2,-4.481993416E0,4.687292374E0,7.360511316E0
1.201707971E2,-4.382337566E0,4.740132785E0,7.386633752E0
1.201807741E2,-4.281516657E0,4.790993036E0,7.412900614E0
1.201907511E2,-4.180035891E0,4.840802542E0,7.438416109E0
1.202007281E2,-4.077540925E0,4.889973533E0,7.463104223E0
1.202107051E2,-3.974165660E0,4.938119214E0,7.487128093E0
1.202206821E2,-3.870950902E0,4.984067804E0,7.510719270E0
1.202306591E2,-3.767353736E0,5.027365851E0,7.534502819E0
1.202406361E2,-3.662985614E0,5.069048313E0,7.558001609E0
1.202506131E2,-3.557795666E0,5.109000583E0,7.581312704E0
1.202605901E2,-3.452086486E0,5.146333886E0,7.604895694E0
1.202705661E2,-3.346683699E0,5.181316023E0,7.628221992E0
1.202805431E2,-3.240531592E0,5.214852144E0,7.651168220E0
1.202905201E2,-3.133802073E0,5.247140468E0,7.673520371E0
1.203004971E2,-3.026156294E0,5.278297357E0,7.695326977E0
1.203104741E2,-2.917479360E0,5.307558578E0,7.717138846E0
1.203204511E2,-2.808179696E0,5.334944013E0,7.738772959E0
1.203304281E2,-2.699115383E0,5.359563714E0,7.760538635E0
1.203404051E2,-2.590255431E0,5.381785473E0,7.782227127E0
1.203503821E2,-2.480399112E0,5.402605653E0,7.803561863E0
1.203603591E2,-2.368410315E0,5.421814926E0,7.825002433E0
1.203703351E2,-2.256303549E0,5.438616900E0,7.846441249E0
1.203803121E2,-2.143966988E0,5.452870073E0,7.868018060E0
1.203902891E2,-2.030677331E0,5.465621681E0,7.889197260E0
1.204002661E2,-1.917354930E0,5.477230158E0,7.909475403E0
1.204102431E2,-1.803942481E0,5.486622541E0,7.929619646E0
1.204202201E2,-1.690146601E0,5.494005235E0,7.949553974E0
1.204301971E2,-1.575103218E0,5.499558336E0,7.969316393E0
1.204401741E2,-1.459318262E0,5.502923993E0,7.989012154E0
1.204501511E2,-1.343775234E0,5.503656650E0,8.008753524E0
1.204601281E2,-1.228640780E0,5.501838750E0,8.028469166E0
1.204701051E2,-1.114223707E0,5.498176054E0,8.047649202E0
1.204800811E2,-1.000064423E0,5.492662130E0,8.066388944E0
1.204900581E2,-8.854304907E-1,5.485307502E0,8.084770251E0
1.205000351E2,-7.719842014E-1,5.476321501E0,8.102471527E0
1.205100121E2,-6.589432702E-1,5.465502398E0,8.119740109E0
1.205199891E2,-5.456446230E-1,5.452927961E0,8.136580675E0
1.205299661E2,-4.327284203E-1,5.438876517E0,8.152758166E0
1.205399431E2,-3.213907100E-1,5.422749896E0,8.168634526E0
1.205499201E2,-2.120578455E-1,5.404904194E0,8.184017381E0
1.205598971E2,-1.031967416E-1,5.385429457E0,8.198938891E0
1.205698741E2,4.297220710E-3,5.364164888E0,8.213514245E0
1.205798501E2,1.101608029E-1,5.340869581E0,8.227944589E0
1.205898271E2,2.145778492E-1,5.315656972E0,8.242199516E0
1.205998041E2,3.172170040E-1,5.289277843E0,8.255846917E0
1.206097811E2,4.200393776E-1,5.261754414E0,8.268833583E0
1.206197581E2,5.238444855E-1,5.233407698E0,8.280889372E0
1.206297351E2,6.280541110E-1,5.204150569E0,8.292072172E0
1.206397121E2,7.316710847E-1,5.172196121E0,8.303562536E0
1.206496891E2,8.345215615E-1,5.137282396E0,8.315527693E0
1.206596661E2,9.371209735E-1,5.100319807E0,8.327342577E0
1.206696431E2,1.038578205E0,5.061649246E0,8.338894336E0
1.206796201E2,1.137928246E0,5.021087696E0,8.350442587E0
1.206895961E2,1.235899075E0,4.977980268E0,8.362318282E0
1.206995731E2,1.332093374E0,4.932845026E0,8.374286363E0
1.207095501E2,1.427537621E0,4.886592380E0,8.385669723E0
1.207195271E2,1.523223651E0,4.838981719E0,8.396436785E0
1.207295044E2,1.618093848E0,4.789644668E0,8.406971714E0
1.207394814E2,1.712470832E0,4.738202619E0,8.417421273E0
1.207494584E2,1.805174928E0,4.685261343E0,8.427679043E0
1.207594354E2,1.896327904E0,4.631012923E0,8.437639191E0
1.207694124E2,1.986229283E0,4.575008876E0,8.447501689E0
1.207793894E2,2.073797185E0,4.517403862E0,8.457454235E0
1.207893664E2,2.159889395E0,4.457504692E0,8.467681600E0
1.207993424E2,2.244694195E0,4.396109220E0,8.477716007E0
1.208093194E2,2.328388609E0,4.334023192E0,8.487104881E0
1.208192964E2,2.411639657E0,4.271038739E0,8.495782734E0
1.208292734E2,2.493568504E0,4.206667912E0,8.504243655E0
1.208392504E2,2.574146059E0,4.140076896E0,8.512909813E0
1.208492274E2,2.653304788E0,4.071228271E0,8.521805767E0
1.208592044E2,2.731279162E0,4.001229206E0,8.530321067E0
1.208691814E2,2.808954160E0,3.929949893E0,8.538230011E0
1.208791584E2,2.885310903E0,3.857706959E0,8.545710939E0
1.208891354E2,2.959893015E0,3.783617766E0,8.553325183E0
1.208991124E2,3.032455500E0,3.706973048E0,8.561463922E0
1.209090884E2,3.102962396E0,3.629086381E0,8.569565824E0
1.209190654E2,3.172700382E0,3.550247203E0,8.577052014E0
1.209290424E2,3.240961655E0,3.470994920E0,8.583965178E0
1.209390194E2,3.307714638E0,3.390791001E0,8.590556159E0
1.209489964E2,3.373257540E0,3.308991963E0,8.596964707E0
1.209589734E2,3.436262751E0,3.226855832E0,8.603231753E0
1.209689504E2,3.497917255E0,3.143839988E0,8.609119899E0
1.209789274E2,3.558261105E0,3.060028338E0,8.614587046E0
1.209889044E2,3.616984399E0,2.975253066E0,8.619825566E0
1.209988814E2,3.673799163E0,2.888487987E0,8.625307916E0
1.210088584E2,3.727734172E0,2.800391205E0,8.631217112E0
1.210188344E2,3.779680544E0,2.711255372E0,8.637083039E0
1.210288114E2,3.829557878E0,2.621167906E0,8.642919729E0
1.210387884E2,3.876675326E0,2.530531970E0,8.648924820E0
1.210487654E2,3.922274253E0,2.438494018E0,8.654803026E0
1.210587424E2,3.965906468E0,2.345465548E0,8.660628022E0
1.210687194E2,4.007329606E0,2.251922377E0,8.666386360E0
1.210786964E2,4.046395438E0,2.158251005E0,8.672066345E0
1.210886734E2,4.083818203E0,2.064405094E0,8.677370939E0
1.210986504E2,4.120307168E0,1.969572466E0,8.682162732E0
1.211086274E2,4.154728557E0,1.874115939E0,8.686887867E0
1.211186044E2,4.187388765E0,1.778104366E0,8.691387885E0
1.211285814E2,4.218398888E0,1.682129923E0,8.695496138E0
1.211385574E2,4.248031992E0,1.585888261E0,8.699154156E0
1.211485344E2,4.275755396E0,1.488679909E0,8.702749609E0
1.211585114E2,4.300865094E0,1.390617717E0,8.706597662E0
1.211684884E2,4.324668817E0,1.291454202E0,8.710079679E0
1.211784654E2,4.346344153E0,1.191934007E0,8.713477496E0
1.211884424E2,4.365661014E0,1.092533241E0,8.716850170E0
1.211984194E2,4.383990574E0,9.926216481E-1,8.719600115E0
1.212083964E2,4.400171866E0,8.923000921E-1,8.722292758E0
1.212183734E2,4.413813128E0,7.915237688E-1,8.725126904E0
1.212283504E2,4.425172221E0,6.905020087E-1,8.727952863E0
1.212383274E2,4.434800831E0,5.894207897E-1,8.730476521E0
1.212483034E2,4.443149778E0,4.879282922E-1,8.732493811E0
1.212582804E2,4.448128682E0,3.856154304E-1,8.735075941E0
1.212682574E2,4.445332836E0,2.800889022E-1,8.740518529E0
1.212782344E2,4.438209758E0,1.736098078E-1,8.746900181E0
1.212882114E2,4.438155086E0,7.103925279E-2,8.748361984E0
1.212981884E2,4.437735256E0,-3.154232518E-2,8.748806373E0
1.213081654E2,4.435703641E0,-1.343938298E-1,8.748861337E0
1.213181424E2,4.432201451E0,-2.371042110E-1,8.748455540E0
1.213281194E2,4.425508144E0,-3.392226347E-1,8.748480098E0
1.213380964E2,4.417061841E0,-4.410707160E-1,8.748207033E0
1.213480734E2,4.407145840E0,-5.432806303E-1,8.747457420E0
1.213580504E2,4.394907033E0,-6.455819439E-1,8.746663368E0
1.213680264E2,4.381604325E0,-7.478049414E-1,8.745194548E0
1.213780034E2,4.365594648E0,-8.495749258E-1,8.743906991E0
1.213879804E2,4.346634467E0,-9.505089046E-1,8.742962666E0
1.213979574E2,4.326425613E0,-1.051156443E0,8.741465194E0
1.214079344E2,4.304323722E0,-1.151519953E0,8.739730909E0
1.214179114E2,4.281172256E0,-1.251960061E0,8.737291451E0
1.214278884E2,4.255831593E0,-1.352966326E0,8.734614011E0
1.214378654E2,4.228052934E0,-1.453363896E0,8.731975747E0
1.214478424E2,4.198766862E0,-1.553148385E0,8.728928179E0
1.214578194E2,4.166363639E0,-1.652907585E0,8.726133794E0
1.214677964E2,4.133266937E0,-1.752726281E0,8.722393915E0
1.214777734E2,4.099525579E0,-1.852314011E0,8.717736023E0
1.214877494E2,4.063842945E0,-1.950728790E0,8.712975220E0
1.214977264E2,4.026626587E0,-2.048587938E0,8.707793418E0
1.215077034E2,3.987113735E0,-2.145623651E0,8.702604598E0
1.215176804E2,3.947538610E0,-2.240867046E0,8.696640438E0
1.215276574E2,3.906911863E0,-2.335105013E0,8.690190960E0
1.215376344E2,3.863955586E0,-2.428902099E0,8.683684763E0
1.215476114E2,3.819755898E0,-2.521705890E0,8.676783294E0
1.215575884E2,3.773133709E0,-2.612957245E0,8.670180033E0
1.215675654E2,3.725541466E0,-2.703200833E0,8.663090869E0
1.215775424E2,3.676261133E0,-2.793751692E0,8.655411721E0
1.215875194E2,3.624915270E0,-2.883971890E0,8.647473541E0
1.215974964E2,3.573286403E0,-2.973629587E0,8.638591036E0
1.216074724E2,3.520264143E0,-3.062868038E0,8.629175849E0
1.216174494E2,3.466739316E0,-3.151932534E0,8.618766636E0
1.216274264E2,3.412067850E0,-3.240039842E0,8.607905433E0
1.216374034E2,3.356234249E0,-3.326392107E0,8.596912667E0
1.216473804E2,3.299898081E0,-3.411922254E0,8.585193678E0
1.216573574E2,3.240779222E0,-3.496623850E0,8.573626716E0
1.216673344E2,3.180799946E0,-3.579810141E0,8.561750436E0
1.216773114E2,3.120645545E0,-3.661586668E0,8.549295866E0
1.216872884E2,3.058929353E0,-3.742074176E0,8.536740140E0
1.216972654E2,2.995562200E0,-3.821821719E0,8.523871588E0
1.217072424E2,2.930041810E0,-3.900258609E0,8.511106532E0
1.217172194E2,2.864402429E0,-3.977173468E0,8.497846216E0
1.217271951E2,2.797842988E0,-4.053511500E0,8.483939198E0
1.217371721E2,2.729038509E0,-4.129224172E0,8.469826359E0
1.217471491E2,2.659736725E0,-4.203800437E0,8.455173821E0
1.217571261E2,2.589186267E0,-4.277187964E0,8.440253481E0
1.217671031E2,2.518262465E0,-4.349228877E0,8.424883490E0
1.217770801E2,2.447097757E0,-4.420266699E0,8.408867381E0
1.217870571E2,2.375650483E0,-4.489503580E0,8.392660069E0
1.217970341E2,2.305088477E0,-4.556867305E0,8.376015385E0
1.218070111E2,2.231600379E0,-4.622469556E0,8.359954253E0
1.218169881E2,2.155933608E0,-4.686637193E0,8.344068537E0
1.218269651E2,2.080180736E0,-4.749150945E0,8.327936069E0
1.218369421E2,2.004068407E0,-4.809529879E0,8.311933410E0
1.218469181E2,1.928461277E0,-4.868844034E0,8.295269430E0
1.218568951E2,1.851209034E0,-4.927187260E0,8.278402551E0
1.218668721E2,1.773016996E0,-4.984367182E0,8.261270210E0
1.218768491E2,1.693860899E0,-5.040896893E0,8.243560748E0
1.218868261E2,1.612559020E0,-5.096595131E0,8.225598686E0
1.218968031E2,1.530889058E0,-5.151188829E0,8.207175863E0
1.219067801E2,1.449292626E0,-5.203711444E0,8.188836071E0
1.219167571E2,1.367759197E0,-5.254003345E0,8.170727245E0
1.219267341E2,1.284312121E0,-5.303061485E0,8.152557022E0
1.219367111E2,1.197267179E0,-5.350605195E0,8.134720675E0
1.219466881E2,1.109709072E0,-5.396257331E0,8.116960927E0
1.219566651E2,1.021988631E0,-5.439842477E0,8.099367240E0
1.219666421E2,9.336082587E-1,-5.481885712E0,8.081671227E0
1.219766181E2,8.446747398E-1,-5.522450185E0,8.063818508E0
1.219865951E2,7.542959355E-1,-5.560775760E0,8.046421872E0
1.219965721E2,6.635062180E-1,-5.597153628E0,8.029179602E0
1.220065491E2,5.713116705E-1,-5.632076708E0,8.011829744E0
1.220165261E2,4.784381150E-1,-5.665097104E0,7.994614956E0
1.220265031E2,3.860259049E-1,-5.695804342E0,7.977774975E0
1.220364801E2,2.932630994E-1,-5.723718950E0,7.961729631E0
1.220464571E2,2.000326993E-1,-5.749803379E0,7.945807078E0
1.220564341E2,1.052914152E-1,-5.774182760E0,7.929932472E0
1.220664111E2,1.042003294E-2,-5.796826687E0,7.914088272E0
1.220763881E2,-8.328170068E-2,-5.818402328E0,7.897806700E0
1.220863651E2,-1.776999535E-1,-5.838975171E0,7.881046241E0
1.220963411E2,-2.727350784E-1,-5.858675610E0,7.863691120E0
1.221063181E2,-3.686365414E-1,-5.876007342E0,7.846830089E0
1.221162951E2,-4.646647428E-1,-5.890959257E0,7.830503494E0
1.221262721E2,-5.598742974E-1,-5.904575669E0,7.814002066E0
1.221362491E2,-6.563076378E-1,-5.916619763E0,7.797369661E0
1.221462261E2,-7.523309787E-1,-5.927490907E0,7.780420922E0
1.221562031E2,-8.485093439E-1,-5.936653494E0,7.763522469E0
1.221661801E2,-9.456232636E-1,-5.943473101E0,7.747065480E0
1.221761571E2,-1.042101225E0,-5.948684140E0,7.730671642E0
1.221861341E2,-1.139567440E0,-5.951851577E0,7.714463745E0
1.221961111E2,-1.236975401E0,-5.953810979E0,7.697929573E0
1.222060881E2,-1.334539995E0,-5.954304484E0,7.681234603E0
1.222160651E2,-1.432224311E0,-5.952348005E0,7.665140727E0
1.222260411E2,-1.527109272E0,-5.948604618E0,7.649715187E0
1.222360181E2,-1.621866033E0,-5.942894227E0,7.634635803E0
1.222459951E2,-1.718105940E0,-5.935961768E0,7.618961756E0
1.222559721E2,-1.814931884E0,-5.927336540E0,7.603210527E0
1.222659491E2,-1.912269899E0,-5.916036796E0,7.588137574E0
1.222759261E2,-2.008199757E0,-5.903150702E0,7.573377448E0
1.222859031E2,-2.102260699E0,-5.888708664E0,7.559081590E0
1.222958801E2,-2.196225893E0,-5.872766815E0,7.544753573E0
1.223058571E2,-2.290795543E0,-5.855968934E0,7.529673604E0
1.223158341E2,-2.386921576E0,-5.837520969E0,7.514123518E0
1.223258111E2,-2.481673221E0,-5.816725931E0,7.499539978E0
1.223357881E2,-2.574374685E0,-5.793570957E0,7.486202479E0
1.223457651E2,-2.667033465E0,-5.769089835E0,7.472659158E0
1.223557411E2,-2.760071729E0,-5.743786594E0,7.458352776E0
1.223657181E2,-2.852279104E0,-5.716015828E0,7.444983117E0
1.223756951E2,-2.943042217E0,-5.686211400E0,7.432469491E0
1.223856721E2,-3.033388423E0,-5.654929966E0,7.420001473E0
1.223956491E2,-3.123344328E0,-5.622415354E0,7.407379088E0
1.224056261E2,-3.213234451E0,-5.588615524E0,7.394498257E0
1.224156031E2,-3.303582996E0,-5.552832318E0,7.381632044E0
1.224255801E2,-3.392704210E0,-5.515708930E0,7.369030709E0
1.224355571E2,-3.483122922E0,-5.476886927E0,7.355791444E0
1.224455341E2,-3.573568823E0,-5.436411331E0,7.342420616E0
1.224555111E2,-3.661495159E0,-5.394483871E0,7.330013409E0
1.224654881E2,-3.748824202E0,-5.350547892E0,7.318063454E0
1.224754651E2,-3.834016380E0,-5.305415574E0,7.306775989E0
1.224854411E2,-3.919617863E0,-5.258700998E0,7.295118980E0
1.224954181E2,-4.006307805E0,-5.210195421E0,7.282819362E0
1.225053951E2,-4.092473544E0,-5.160502274E0,7.270280592E0
1.225153721E2,-4.178457727E0,-5.109645531E0,7.257279893E0
1.225253491E2,-4.262276102E0,-5.057814057E0,7.244834095E0
1.225353261E2,-4.343865810E0,-5.003094059E0,7.234360562E0
1.225453031E2,-4.425413711E0,-4.945987228E0,7.224196932E0
1.225552801E2,-4.507183221E0,-4.888679836E0,7.212642249E0
1.225652571E2,-4.589776312E0,-4.830611722E0,7.199669616E0
1.225752341E2,-4.671154643E0,-4.770784766E0,7.187212708E0
1.225852111E2,-4.750144387E0,-4.709122076E0,7.176098905E0
1.225951881E2,-4.828645011E0,-4.645755508E0,7.165001475E0
1.226051651E2,-4.905947834E0,-4.581560974E0,7.153815166E0
1.226151421E2,-4.982687277E0,-4.515784183E0,7.142591436E0
1.226251181E2,-5.059319131E0,-4.449043771E0,7.130595873E0
1.226350951E2,-5.133862360E0,-4.381878559E0,7.118896764E0
1.226450721E2,-5.206844966E0,-4.313780424E0,7.107471889E0
1.226550491E2,-5.279027089E0,-4.244628913E0,7.095849963E0
1.226650261E2,-5.350882353E0,-4.174509687E0,7.083617004E0
1.226750031E2,-5.421710846E0,-4.103375970E0,7.071312708E0
1.226849801E2,-5.490758277E0,-4.031165488E0,7.059560389E0
1.226949571E2,-5.558051543E0,-3.957304045E0,7.048681644E0
1.227049341E2,-5.624314529E0,-3.881706563E0,7.038149055E0
1.227149111E2,-5.689948356E0,-3.804430053E0,7.027581967E0
1.227248889E2,-5.754164817E0,-3.726213311E0,7.017194973E0
1.227348659E2,-5.816759845E0,-3.647163926E0,7.007110865E0
1.227448429E2,-5.878187184E0,-3.567818379E0,6.996691711E0
1.227548189E2,-5.937853342E0,-3.488113520E0,6.986491828E0
1.227647959E2,-5.996172302E0,-3.407375459E0,6.976518232E0
1.227747729E2,-6.052316682E0,-3.325566773E0,6.967508842E0
1.227847499E2,-6.106396995E0,-3.242187231E0,6.959615686E0
1.227947269E2,-6.159920653E0,-3.158226770E0,6.951049515E0
1.228047039E2,-6.211843343E0,-3.074024233E0,6.942583916E0
1.228146809E2,-6.262901230E0,-2.988367494E0,6.934106038E0
1.228246579E2,-6.313170328E0,-2.901840981E0,6.925265633E0
1.228346349E2,-6.360943834E0,-2.814670106E0,6.917523335E0
1.228446119E2,-6.406379623E0,-2.726705470E0,6.910823595E0
1.228545889E2,-6.450308000E0,-2.637623140E0,6.904532576E0
1.228645659E2,-6.493904840E0,-2.546924347E0,6.897715307E0
1.228745429E2,-6.536754990E0,-2.454783045E0,6.890643684E0
1.228845189E2,-6.577832265E0,-2.360434420E0,6.884516387E0
1.228944959E2,-6.617566434E0,-2.262621466E0,6.879277282E0
1.229044729E2,-6.656505382E0,-2.160117290E0,6.874657981E0
1.229144499E2,-6.695919709E0,-2.043378653E0,6.872071173E0
1.229244269E2,-6.742429047E0,-1.857533090E0,6.879341016E0
1.229344039E2,-6.775704381E0,-1.750530505E0,6.874705344E0
1.229443809E2,-6.805388941E0,-1.652273016E0,6.869699543E0
1.229543579E2,-6.831943486E0,-1.556596196E0,6.865686598E0
1.229643349E2,-6.857089437E0,-1.461924366E0,6.861428656E0
1.229743119E2,-6.880453742E0,-1.368351520E0,6.857337944E0
1.229842889E2,-6.901924133E0,-1.275187102E0,6.853716763E0
1.229942659E2,-6.922143220E0,-1.182594834E0,6.849927183E0
1.230042429E2,-6.939574939E0,-1.090878406E0,6.847509359E0
1.230142199E2,-6.955479366E0,-9.994069764E-1,6.845333610E0
1.230241969E2,-6.970216103E0,-9.076281293E-1,6.843128040E0
1.230341729E2,-6.982756627E0,-8.154545952E-1,6.841947488E0
1.230441499E2,-6.992951247E0,-7.234674411E-1,6.841880245E0
1.230541269E2,-7.001579983E0,-6.315836366E-1,6.842155064E0
1.230641039E2,-7.009854963E0,-5.397536995E-1,6.841541691E0
1.230740809E2,-7.016440097E0,-4.484162441E-1,6.841389078E0
1.230840579E2,-7.019280674E0,-3.567021549E-1,6.843870637E0
1.230940349E2,-7.019335054E0,-2.649908798E-1,6.847978306E0
1.231040119E2,-7.018353306E0,-1.739578085E-1,6.851902372E0
1.231139889E2,-7.015759481E0,-8.419827000E-2,6.856248023E0
1.231239659E2,-7.010964764E0,5.624499548E-3,6.861664883E0
1.231339429E2,-7.006177649E0,9.498657474E-2,6.865898268E0
1.231439199E2,-6.999903587E0,1.839741255E-1,6.870488332E0
1.231538969E2,-6.990712933E0,2.724907196E-1,6.876902143E0
1.231638739E2,-6.979488618E0,3.608238938E-1,6.884232212E0
1.231738499E2,-6.966918274E0,4.485136733E-1,6.891805526E0
1.231838269E2,-6.952275091E0,5.351856353E-1,6.900402102E0
1.231938039E2,-6.935192451E0,6.218507268E-1,6.910318980E0
1.232037809E2,-6.915576212E0,7.087693682E-1,6.921601183E0
1.232137579E2,-6.894378886E0,7.953037014E-1,6.933335375E0
1.232237349E2,-6.871236776E0,8.804095598E-1,6.946012139E0
1.232337119E2,-6.847440947E0,9.649499193E-1,6.958269657E0
1.232436889E2,-6.821398618E0,1.048344371E0,6.971770878E0
1.232536659E2,-6.793295730E0,1.130724915E0,6.986321674E0
1.232636429E2,-6.763790680E0,1.211506026E0,7.001392288E0
1.232736199E2,-6.731364360E0,1.291867600E0,7.018255073E0
1.232835969E2,-6.696461161E0,1.372585635E0,7.036299580E0
1.232935739E2,-6.659234278E0,1.452762948E0,7.055507099E0
1.233035509E2,-6.620708143E0,1.531376716E0,7.075111644E0
1.233135269E2,-6.580788617E0,1.608507046E0,7.095212032E0
1.233235039E2,-6.539140654E0,1.685450410E0,7.115826976E0
1.233334809E2,-6.496251912E0,1.762342465E0,7.136452444E0
1.233434579E2,-6.451658707E0,1.839269165E0,7.157463244E0
1.233534349E2,-6.405654568E0,1.915833630E0,7.178668172E0
1.233634119E2,-6.358092147E0,1.991033501E0,7.200454897E0
1.233733889E2,-6.308479691E0,2.064442517E0,7.223382415E0
1.233833659E2,-6.258329877E0,2.136557397E0,7.246000614E0
1.233933429E2,-6.207282515E0,2.207142207E0,7.268718216E0
1.234033199E2,-6.154454091E0,2.277374137E0,7.291937510E0
1.234132969E2,-6.100488383E0,2.346546113E0,7.315316432E0
1.234232739E2,-6.045234534E0,2.414657844E0,7.338982453E0
1.234332509E2,-5.990174813E0,2.481710643E0,7.361726367E0
1.234432279E2,-5.934165503E0,2.546979018E0,7.384759719E0
1.234532049E2,-5.876821859E0,2.611550405E0,7.408027545E0
1.234631809E2,-5.819248420E0,2.674332837E0,7.431042185E0
1.234731579E2,-5.758937314E0,2.735003254E0,7.455903962E0
1.234831349E2,-5.696446951E0,2.795126957E0,7.481567976E0
1.234931119E2,-5.632293640E0,2.854332062E0,7.507739528E0
1.235030889E2,-5.567054501E0,2.912963847E0,7.533833313E0
1.235130659E2,-5.501089137E0,2.970975243E0,7.559592052E0
1.235230429E2,-5.432901832E0,3.028102832E0,7.586189867E0
1.235330199E2,-5.363890654E0,3.084762060E0,7.612425739E0
1.235429969E2,-5.294167870E0,3.139160461E0,7.638950463E0
1.235529739E2,-5.221953587E0,3.191397439E0,7.666960380E0
1.235629509E2,-5.148246510E0,3.242215298E0,7.695433981E0
1.235729279E2,-5.073837767E0,3.291276653E0,7.723973656E0
1.235829049E2,-4.997823964E0,3.339459172E0,7.752797506E0
1.235928819E2,-4.920865835E0,3.387769745E0,7.781015584E0
1.236028589E2,-4.843205748E0,3.435506121E0,7.808761207E0
1.236128349E2,-4.765576359E0,3.482069838E0,7.835851357E0
1.236228119E2,-4.688518535E0,3.525695037E0,7.862783632E0
1.236327889E2,-4.610184556E0,3.567083969E0,7.890387168E0
1.236427659E2,-4.530311883E0,3.608681938E0,7.917688403E0
1.236527429E2,-4.450546213E0,3.648314950E0,7.944717157E0
1.236627199E2,-4.368637247E0,3.685731283E0,7.972859806E0
1.236726969E2,-4.286630340E0,3.721980512E0,8.000484976E0
1.236826739E2,-4.203566841E0,3.757535091E0,8.027892630E0
1.236926509E2,-4.118710878E0,3.791539574E0,8.055839397E0
1.237026279E2,-4.032302479E0,3.825533824E0,8.083435332E0
1.237126049E2,-3.943870651E0,3.859213201E0,8.111008462E0
1.237225819E2,-3.856460332E0,3.888865309E0,8.138828929E0
1.237325579E2,-3.766723406E0,3.915586792E0,8.167990748E0
1.237425349E2,-3.675320608E0,3.942574908E0,8.196598250E0
1.237525109E2,-3.586192669E0,3.966994050E0,8.224249733E0
1.237624879E2,-3.495567551E0,3.988616469E0,8.252759587E0
1.237724649E2,-3.403731474E0,4.008732645E0,8.281350718E0
1.237824419E2,-3.311736646E0,4.029432958E0,8.308560151E0
1.237924189E2,-3.219190132E0,4.047112015E0,8.336294079E0
1.238023959E2,-3.127094732E0,4.062621462E0,8.363760206E0
1.238123729E2,-3.035270057E0,4.077511689E0,8.390300133E0
1.238223499E2,-2.943101858E0,4.090935434E0,8.416561148E0
1.238323269E2,-2.851581239E0,4.103221604E0,8.442046822E0
1.238423039E2,-2.759655408E0,4.113940719E0,8.467342461E0
1.238522809E2,-2.667222915E0,4.123562020E0,8.492246922E0
1.238622579E2,-2.576243163E0,4.131344664E0,8.516516960E0
1.238722349E2,-2.484461173E0,4.137340984E0,8.540840793E0
1.238822119E2,-2.392960288E0,4.142951095E0,8.564216207E0
1.238921889E2,-2.301191016E0,4.147774171E0,8.587001052E0
1.239021659E2,-2.208782643E0,4.150465644E0,8.609936755E0
1.239121419E2,-2.116326908E0,4.151384242E0,8.632685933E0
1.239221189E2,-2.023515369E0,4.151846464E0,8.654689590E0
1.239320959E2,-1.930679565E0,4.151971010E0,8.675812072E0
1.239420729E2,-1.837042546E0,4.150578203E0,8.696785449E0
1.239520499E2,-1.742902958E0,4.146589817E0,8.718037739E0
1.239620269E2,-1.648035100E0,4.140965965E0,8.739135078E0
1.239720039E2,-1.554380832E0,4.134268272E0,8.759441873E0
1.239819809E2,-1.462067038E0,4.125260929E0,8.779560388E0
1.239919579E2,-1.370083173E0,4.113736067E0,8.799781229E0
1.240019349E2,-1.279379556E0,4.100193623E0,8.819733683E0
1.240119119E2,-1.187851993E0,4.085187036E0,8.839476807E0
1.240218889E2,-1.095328868E0,4.069094329E0,8.858827583E0
1.240318659E2,-1.003824767E0,4.051260322E0,8.877822263E0
1.240418429E2,-9.116089138E-1,4.031846689E0,8.896588317E0
1.240518199E2,-8.195584635E-1,4.011963817E0,8.914514710E0
1.240617959E2,-7.289015510E-1,3.990268892E0,8.932108397E0
1.240717729E2,-6.384174968E-1,3.966724494E0,8.949503864E0
1.240817499E2,-5.487055673E-1,3.942582510E0,8.966106448E0
1.240917269E2,-4.596186322E-1,3.917214072E0,8.982220205E0
1.241017039E2,-3.704006829E-1,3.889964586E0,8.998170825E0
1.241116809E2,-2.810903293E-1,3.860633198E0,9.014022626E0
1.241216579E2,-1.927294173E-1,3.830175344E0,9.029325374E0
1.241316349E2,-1.049990362E-1,3.799146509E0,9.043868569E0
1.241416119E2,-1.959236827E-2,3.766354739E0,9.058161503E0
1.241515889E2,6.490155843E-2,3.730938154E0,9.072595355E0
1.241615659E2,1.484369963E-1,3.694618174E0,9.086466120E0
1.241715429E2,2.318701124E-1,3.657734522E0,9.099632880E0
1.241815199E2,3.137420403E-1,3.619758903E0,9.112354667E0
1.241914969E2,3.953368284E-1,3.580914972E0,9.124519799E0
1.242014739E2,4.763303765E-1,3.540851605E0,9.136277965E0
1.242114509E2,5.559610849E-1,3.499149263E0,9.147839080E0
1.242214269E2,6.353560408E-1,3.456121065E0,9.159020126E0
1.242314039E2,7.139815032E-1,3.412178947E0,9.169698311E0
1.242413809E2,7.923406249E-1,3.367252450E0,9.179864280E0
1.242513579E2,8.682070054E-1,3.320847777E0,9.189901026E0
1.242613349E2,9.452328157E-1,3.272867864E0,9.199509171E0
1.242713119E2,1.021524801E0,3.223696874E0,9.208711519E0
1.242812889E2,1.096504232E0,3.173024318E0,9.217684071E0
1.242912659E2,1.171632620E0,3.121793354E0,9.225929815E0
1.243012429E2,1.245995024E0,3.069868617E0,9.233607209E0
1.243112199E2,1.319957478E0,3.016714795E0,9.240846646E0
1.243211969E2,1.392844191E0,2.962737978E0,9.247608951E0
1.243311739E2,1.463294661E0,2.907357829E0,9.254304013E0
1.243411509E2,1.533172981E0,2.849792576E0,9.260894410E0
1.243511279E2,1.601497988E0,2.790530460E0,9.267375464E0
1.243611049E2,1.669897840E0,2.730071128E0,9.273308634E0
1.243710819E2,1.736851383E0,2.669265347E0,9.278710876E0
1.243810579E2,1.801550678E0,2.608137678E0,9.283756438E0
1.243910349E2,1.864295395E0,2.545277478E0,9.288814280E0
1.244010119E2,1.924419828E0,2.481128260E0,9.293907205E0
1.244109889E2,1.982595677E0,2.416873500E0,9.298609536E0
1.244209659E2,2.039310014E0,2.352076410E0,9.302959279E0
1.244309429E2,2.095702462E0,2.286427527E0,9.306792129E0
1.244409199E2,2.151498348E0,2.219049623E0,9.310368871E0
1.244508969E2,2.204996132E0,2.150701811E0,9.313891234E0
1.244608739E2,2.256667831E0,2.082329295E0,9.317051654E0
1.244708509E2,2.306206611E0,2.012889370E0,9.320181668E0
1.244808279E2,2.353691557E0,1.943162785E0,9.323108785E0
1.244908049E2,2.400883558E0,1.872174371E0,9.325600283E0
1.245007819E2,2.446351360E0,1.800741131E0,9.327850876E0
1.245107589E2,2.489645315E0,1.729195915E0,9.329933070E0
1.245207359E2,2.531560495E0,1.656923014E0,9.331768511E0
1.245307129E2,2.572268226E0,1.584693237E0,9.333181783E0
1.245406889E2,2.611795111E0,1.511845700E0,9.334288661E0
1.245506659E2,2.650126241E0,1.438632128E0,9.335055816E0
1.245606429E2,2.686520481E0,1.365195778E0,9.335681468E0
1.245706199E2,2.720712951E0,1.290643047E0,9.336383718E0
1.245805969E2,2.752846325E0,1.215957877E0,9.336990075E0
1.245905739E2,2.782535270E0,1.140154720E0,9.337753721E0
1.246005509E2,2.811556463E0,1.064188571E0,9.338027371E0
1.246105279E2,2.841073793E0,9.892384491E-1,9.337333891E0
1.246205049E2,2.869911091E0,9.140273952E-1,9.336180235E0
1.246304819E2,2.896669411E0,8.377458624E-1,9.335072773E0
1.246404589E2,2.921413366E0,7.606441113E-1,9.333962971E0
1.246504359E2,2.944042091E0,6.829921373E-1,9.332857847E0
1.246604129E2,2.964774856E0,6.043246481E-1,9.331719979E0
1.246703899E2,2.983784154E0,5.246210688E-1,9.330482708E0
1.246803669E2,3.001105068E0,4.439922407E-1,9.329112706E0
1.246903439E2,3.016101130E0,3.628075617E-1,9.327786557E0
1.247003209E2,3.028684923E0,2.809920230E-1,9.326532329E0
1.247102969E2,3.039429766E0,1.991130054E-1,9.325144200E0
1.247202739E2,3.047899166E0,1.177786011E-1,9.323761919E0
1.247302510E2,3.052823691E0,3.644840864E-2,9.322823440E0
1.247402280E2,3.046877365E0,-4.777714228E-2,9.324717354E0
1.247502050E2,3.033406842E0,-1.339361664E-1,9.328268952E0
1.247601820E2,3.033410642E0,-2.148230851E-1,9.326755693E0
1.247701590E2,3.033979284E0,-2.950166245E-1,9.324378215E0
1.247801360E2,3.033391054E0,-3.748268789E-1,9.321702529E0
1.247901130E2,3.031448025E0,-4.539422649E-1,9.318817513E0
1.248000900E2,3.028907117E0,-5.327146385E-1,9.315472906E0
1.248100670E2,3.025244713E0,-6.109559754E-1,9.311859326E0
1.248200440E2,3.019957953E0,-6.893093960E-1,9.308104244E0
1.248300210E2,3.012928138E0,-7.673100834E-1,9.304278411E0
1.248399980E2,3.004443536E0,-8.445358685E-1,9.300332125E0
1.248499750E2,2.994042801E0,-9.213013315E-1,9.296397534E0
1.248599520E2,2.982012155E0,-9.979863223E-1,9.292347752E0
1.248699290E2,2.968441645E0,-1.075074990E0,9.288092734E0
1.248799060E2,2.953839393E0,-1.152543142E0,9.283457061E0
1.248898820E2,2.938137865E0,-1.230844304E0,9.278386940E0
1.248998590E2,2.921143810E0,-1.309312476E0,9.273010426E0
1.249098360E2,2.902905759E0,-1.387119328E0,9.267423411E0
1.249198130E2,2.883459966E0,-1.464098361E0,9.261651040E0
1.249297900E2,2.863566862E0,-1.540676274E0,9.255398612E0
1.249397670E2,2.842477709E0,-1.617362654E0,9.248814062E0
1.249497440E2,2.819265725E0,-1.693699808E0,9.242251732E0
1.249597210E2,2.795552926E0,-1.769315270E0,9.235285944E0
1.249696980E2,2.769900899E0,-1.844266634E0,9.228349392E0
1.249796750E2,2.742315197E0,-1.919002967E0,9.221346767E0
1.249896520E2,2.713099877E0,-1.993525731E0,9.214176326E0
1.249996290E2,2.682791127E0,-2.067365101E0,9.206776675E0
1.250096060E2,2.651461453E0,-2.140836389E0,9.199058350E0
1.250195830E2,2.618432578E0,-2.214056685E0,9.191183905E0
1.250295600E2,2.584233383E0,-2.286615808E0,9.183094282E0
1.250395370E2,2.549160614E0,-2.357948769E0,9.174854971E0
1.250495130E2,2.512877472E0,-2.428487532E0,9.166460123E0
1.250594900E2,2.475447105E0,-2.498269665E0,9.157888105E0
1.250694670E2,2.436107331E0,-2.566959831E0,9.149437124E0
1.250794440E2,2.394257785E0,-2.634559784E0,9.141265056E0
1.250894210E2,2.350865598E0,-2.701520051E0,9.132980136E0
1.250993980E2,2.307481889E0,-2.768233273E0,9.124062547E0
1.251093750E2,2.262775540E0,-2.833871192E0,9.115104028E0
1.251193520E2,2.216697873E0,-2.898460414E0,9.106112180E0
1.251293290E2,2.170246568E0,-2.962629805E0,9.096645538E0
1.251393060E2,2.122593222E0,-3.025849608E0,9.087074815E0
1.251492830E2,2.074104456E0,-3.087718704E0,9.077454391E0
1.251592600E2,2.024035625E0,-3.148079512E0,9.068019324E0
1.251692370E2,1.972965751E0,-3.207947106E0,9.058287803E0
1.251792140E2,1.920862382E0,-3.267183494E0,9.048308945E0
1.251891910E2,1.866822123E0,-3.325039938E0,9.038538832E0
1.251991680E2,1.812252252E0,-3.381662328E0,9.028632479E0
1.252091450E2,1.757488838E0,-3.437210000E0,9.018476450E0
1.252191220E2,1.700241527E0,-3.491332705E0,9.008655467E0
1.252290990E2,1.641694234E0,-3.544314326E0,8.998821035E0
1.252390750E2,1.583190064E0,-3.596664740E0,8.988527012E0
1.252490520E2,1.524199113E0,-3.648435988E0,8.977852335E0
1.252590290E2,1.463898824E0,-3.699114975E0,8.967142575E0
1.252690060E2,1.401421910E0,-3.748132184E0,8.956763767E0
1.252789830E2,1.337797041E0,-3.796198928E0,8.946243457E0
1.252889600E2,1.273020855E0,-3.843854612E0,8.935340154E0
1.252989370E2,1.206423188E0,-3.890266887E0,8.924487137E0
1.253089140E2,1.139721441E0,-3.934977621E0,8.913645814E0
1.253188910E2,1.073499823E0,-3.977839174E0,8.902836066E0
1.253288680E2,1.006179002E0,-4.019288039E0,8.892076605E0
1.253388450E2,9.373665565E-1,-4.059620963E0,8.881268027E0
1.253488220E2,8.680769780E-1,-4.098820989E0,8.870299235E0
1.253587990E2,7.997649077E-1,-4.137392732E0,8.858807117E0
1.253687760E2,7.310990808E-1,-4.175162529E0,8.847011529E0
1.253787530E2,6.604623038E-1,-4.211870764E0,8.835159223E0
1.253887300E2,5.889734777E-1,-4.247676774E0,8.823063673E0
1.253987070E2,5.178484582E-1,-4.282512731E0,8.810676346E0
1.254086840E2,4.459619850E-1,-4.315778418E0,8.798367957E0
1.254186600E2,3.726343558E-1,-4.347766780E0,8.786020977E0
1.254286370E2,2.992668742E-1,-4.378708784E0,8.773451217E0
1.254386140E2,2.251454307E-1,-4.408112677E0,8.760933498E0
1.254485910E2,1.498646305E-1,-4.436359991E0,8.748277200E0
1.254585680E2,7.367113024E-2,-4.463845121E0,8.735259544E0
1.254685450E2,-2.512047213E-3,-4.490958075E0,8.721661844E0
1.254785220E2,-7.901514273E-2,-4.517658508E0,8.707503396E0
1.254884990E2,-1.575909038E-1,-4.543194176E0,8.693137956E0
1.254984760E2,-2.365956311E-1,-4.567360718E0,8.678671360E0
1.255084530E2,-3.154980322E-1,-4.590073643E0,8.664166757E0
1.255184300E2,-3.963921046E-1,-4.610756706E0,8.649849849E0
1.255284070E2,-4.790790430E-1,-4.629980305E0,8.635384423E0
1.255383840E2,-5.628056163E-1,-4.648114275E0,8.620579273E0
1.255483610E2,-6.473187862E-1,-4.664659849E0,8.605696939E0
1.255583380E2,-7.326808257E-1,-4.679351855E0,8.590863723E0
1.255683150E2,-8.191715971E-1,-4.692401378E0,8.575921748E0
1.255782920E2,-9.053260805E-1,-4.704346655E0,8.560701445E0
1.255882690E2,-9.917330906E-1,-4.714727802E0,8.545402206E0
1.255982460E2,-1.079136466E0,-4.723318824E0,8.530054434E0
1.256082220E2,-1.166683099E0,-4.730795366E0,8.514371617E0
1.256181990E2,-1.254623175E0,-4.737031421E0,8.498385329E0
1.256281760E2,-1.343427909E0,-4.741444900E0,8.482334722E0
1.256381530E2,-1.432361136E0,-4.744455046E0,8.466084725E0
1.256481300E2,-1.520941775E0,-4.746278501E0,8.449596162E0
1.256581070E2,-1.608855540E0,-4.746858837E0,8.432971943E0
1.256680840E2,-1.696908029E0,-4.745815986E0,8.416283990E0
1.256780610E2,-1.785902651E0,-4.743141469E0,8.399360978E0
1.256880380E2,-1.875211415E0,-4.739307742E0,8.382042695E0
1.256980150E2,-1.964675569E0,-4.734474434E0,8.364263651E0
1.257079920E2,-2.054729560E0,-4.728290419E0,8.346104538E0
1.257179690E2,-2.144512972E0,-4.721057998E0,8.327591084E0
1.257279463E2,-2.233831530E0,-4.712910195E0,8.308705162E0
1.257379233E2,-2.322864890E0,-4.703863383E0,8.289394732E0
1.257479003E2,-2.411841386E0,-4.693632802E0,8.269759782E0
1.257578773E2,-2.501458152E0,-4.682271954E0,8.249553559E0
1.257678543E2,-2.591478376E0,-4.670264405E0,8.228546267E0
1.257778313E2,-2.682274233E0,-4.657421873E0,8.206699900E0
1.257878083E2,-2.774293035E0,-4.642960831E0,8.184272320E0
1.257977843E2,-2.865984685E0,-4.627348181E0,8.161487474E0
1.258077613E2,-2.956849540E0,-4.610409966E0,8.138627200E0
1.258177383E2,-3.047248955E0,-4.591433120E0,8.115979180E0
1.258277153E2,-3.136897296E0,-4.570462374E0,8.093629952E0
1.258376923E2,-3.226148611E0,-4.547893291E0,8.071228684E0
1.258476693E2,-3.315653403E0,-4.524331058E0,8.048165511E0
1.258576463E2,-3.404802977E0,-4.499885019E0,8.024615850E0
1.258676233E2,-3.493392971E0,-4.474109908E0,8.000915331E0
1.258776003E2,-3.581556412E0,-4.447067120E0,7.976976246E0
1.258875773E2,-3.668945389E0,-4.418851089E0,7.952905013E0
1.258975543E2,-3.756185846E0,-4.389132030E0,7.928599307E0
1.259075313E2,-3.842864386E0,-4.358196459E0,7.904088364E0
1.259175083E2,-3.928834829E0,-4.325744997E0,7.879612504E0
1.259274853E2,-4.014319075E0,-4.292053340E0,7.854910356E0
1.259374623E2,-4.099031781E0,-4.257219430E0,7.830078401E0
1.259474393E2,-4.183864063E0,-4.221111119E0,7.804716688E0
1.259574163E2,-4.268315691E0,-4.184704308E0,7.778549813E0
1.259673933E2,-4.352614707E0,-4.148381404E0,7.751243316E0
1.259773703E2,-4.436911091E0,-4.111514710E0,7.723041610E0
1.259873473E2,-4.520585624E0,-4.073686148E0,7.694510706E0
1.259973243E2,-4.603730984E0,-4.034379703E0,7.665869290E0
1.260073003E2,-4.685663632E0,-3.993963748E0,7.637336631E0
1.260172773E2,-4.766325095E0,-3.952365194E0,7.609010965E0
1.260272543E2,-4.846260041E0,-3.909250457E0,7.580740262E0
1.260372313E2,-4.925274636E0,-3.865099009E0,7.552401731E0
1.260472083E2,-5.003850104E0,-3.820245894E0,7.523517070E0
1.260571853E2,-5.082007497E0,-3.774653985E0,7.494082772E0
1.260671623E2,-5.158625903E0,-3.728203703E0,7.464929724E0
1.260771393E2,-5.234252620E0,-3.680502703E0,7.435898883E0
1.260871163E2,-5.308290650E0,-3.632302058E0,7.407059830E0
1.260970933E2,-5.380638249E0,-3.583361155E0,7.378642362E0
1.261070703E2,-5.451881309E0,-3.532986515E0,7.350584498E0
1.261170473E2,-5.521962528E0,-3.481429861E0,7.322819579E0
1.261270243E2,-5.590659710E0,-3.428886196E0,7.295434145E0
1.261370013E2,-5.657617931E0,-3.375327747E0,7.268743359E0
1.261469783E2,-5.723119025E0,-3.320550739E0,7.242647821E0
1.261569553E2,-5.787267074E0,-3.264992834E0,7.216887327E0
1.261669323E2,-5.849648094E0,-3.208849039E0,7.191732021E0
1.261769093E2,-5.910478433E0,-3.151603336E0,7.167269025E0
1.261868863E2,-5.969820070E0,-3.093186728E0,7.143497170E0
1.261968633E2,-6.027747266E0,-3.033942447E0,7.120221743E0
1.262068393E2,-6.084177575E0,-2.974102042E0,7.097436313E0
1.262168163E2,-6.139513870E0,-2.913313218E0,7.074961370E0
1.262267933E2,-6.194017521E0,-2.851378633E0,7.052651904E0
1.262367703E2,-6.247219582E0,-2.788595909E0,7.030795012E0
1.262467473E2,-6.299008371E0,-2.725139878E0,7.009436887E0
1.262567243E2,-6.349799041E0,-2.660786592E0,6.988302126E0
1.262667013E2,-6.399526686E0,-2.595587799E0,6.967430490E0
1.262766783E2,-6.447754521E0,-2.529610741E0,6.947203217E0
1.262866553E2,-6.494261520E0,-2.463347754E0,6.927667669E0
1.262966323E2,-6.540310682E0,-2.396372285E0,6.907809355E0
1.263066093E2,-6.586306635E0,-2.327642650E0,6.887578574E0
1.263165863E2,-6.630617419E0,-2.256190259E0,6.868815444E0
1.263265633E2,-6.672034417E0,-2.179838341E0,6.853346635E0
1.263365403E2,-6.711513648E0,-2.094952995E0,6.841261024E0
1.263465173E2,-6.754201246E0,-1.974354026E0,6.835114431E0
1.263564943E2,-6.792100559E0,-1.861108808E0,6.829329781E0
1.263664713E2,-6.822369840E0,-1.781165237E0,6.820470080E0
1.263764483E2,-6.850081549E0,-1.707376153E0,6.811560093E0
1.263864253E2,-6.875985884E0,-1.635891311E0,6.802997430E0
1.263964023E2,-6.900096878E0,-1.565996180E0,6.795029429E0
1.264063793E2,-6.922226250E0,-1.497047421E0,6.788058379E0
1.264163553E2,-6.942226067E0,-1.428694347E0,6.782362606E0
1.264263323E2,-6.960092234E0,-1.360205325E0,6.778130391E0
1.264363093E2,-6.975848141E0,-1.290916258E0,6.775483357E0
1.264462863E2,-6.989523025E0,-1.221678501E0,6.774227960E0
1.264562633E2,-7.001396965E0,-1.152978175E0,6.774007519E0
1.264662403E2,-7.011966392E0,-1.084523798E0,6.774379987E0
1.264762173E2,-7.021631255E0,-1.016152159E0,6.774970556E0
1.264861943E2,-7.029552478E0,-9.484438873E-1,6.776573862E0
1.264961713E2,-7.036166264E0,-8.815192882E-1,6.778745518E0
1.265061483E2,-7.041434605E0,-8.149195750E-1,6.781607730E0
1.265161253E2,-7.045354578E0,-7.479925639E-1,6.785247622E0
1.265261023E2,-7.047284160E0,-6.810672339E-1,6.790289676E0
1.265360793E2,-7.046653830E0,-6.146886186E-1,6.797273591E0
1.265460563E2,-7.044861073E0,-5.479843133E-1,6.804832871E0
1.265560333E2,-7.042111128E0,-4.815587009E-1,6.812699715E0
1.265660103E2,-7.037213500E0,-4.153300301E-1,6.822113147E0
1.265759873E2,-7.030058262E0,-3.490424121E-1,6.833195375E0
1.265859643E2,-7.021051796E0,-2.831910694E-1,6.845490316E0
1.265959413E2,-7.010726783E0,-2.174665382E-1,6.858463533E0
1.266059183E2,-6.998709000E0,-1.528615113E-1,6.872466445E0
1.266158953E2,-6.984987924E0,-8.895888112E-2,6.887534135E0
1.266258723E2,-6.970513726E0,-2.459958114E-2,6.902711753E0
1.266358493E2,-6.956019648E0,3.974441101E-2,6.917247346E0
1.266458253E2,-6.940411676E0,1.033883567E-1,6.932250132E0
1.266558023E2,-6.923682207E0,1.669812032E-1,6.947722449E0
1.266657793E2,-6.905592676E0,2.302336047E-1,6.963898187E0
1.266757563E2,-6.885961234E0,2.932241240E-1,6.980949252E0
1.266857333E2,-6.864690818E0,3.557508130E-1,6.998969201E0
1.266957103E2,-6.841669745E0,4.176426405E-1,7.018065038E0
1.267056873E2,-6.818114821E0,4.791048073E-1,7.037035160E0
1.267156643E2,-6.793902671E0,5.395250733E-1,7.056054398E0
1.267256413E2,-6.767717085E0,5.992054473E-1,7.076373473E0
1.267356183E2,-6.739494329E0,6.588243525E-1,7.097977180E0
1.267455953E2,-6.709998634E0,7.174942911E-1,7.120198354E0
1.267555723E2,-6.678814849E0,7.750574248E-1,7.143445714E0
1.267655493E2,-6.646437061E0,8.317463268E-1,7.167229264E0
1.267755263E2,-6.613207920E0,8.878270452E-1,7.191198755E0
1.267855033E2,-6.578753786E0,9.437208720E-1,7.215641870E0
1.267954803E2,-6.543381055E0,9.995391235E-1,7.240247539E0
1.268054573E2,-6.506788010E0,1.055007785E0,7.265312798E0
1.268154343E2,-6.469692104E0,1.110229401E0,7.290169312E0
1.268254113E2,-6.431880500E0,1.164023419E0,7.315194225E0
1.268353883E2,-6.392379634E0,1.216762673E0,7.341190361E0
1.268453653E2,-6.351475437E0,1.268992416E0,7.367802794E0
1.268553423E2,-6.309064997E0,1.320396165E0,7.395157238E0
1.268653183E2,-6.266091471E0,1.370860852E0,7.422461396E0
1.268752953E2,-6.222778805E0,1.420250090E0,7.449564995E0
1.268852723E2,-6.178310146E0,1.468632584E0,7.477145142E0
1.268952493E2,-6.132421782E0,1.515641859E0,7.505486596E0
1.269052263E2,-6.083696349E0,1.561661931E0,7.535645365E0
1.269152033E2,-6.033839480E0,1.608236612E0,7.565874301E0
1.269251803E2,-5.983448176E0,1.654731332E0,7.595809121E0
1.269351573E2,-5.932374501E0,1.700502897E0,7.625701842E0
1.269451343E2,-5.880802644E0,1.744873762E0,7.655564741E0
1.269551113E2,-5.827570762E0,1.788066121E0,7.686243328E0
1.269650883E2,-5.772706338E0,1.830907501E0,7.717495526E0
1.269750653E2,-5.717196965E0,1.872831599E0,7.748693930E0
1.269850423E2,-5.661946625E0,1.913780234E0,7.779197100E0
1.269950193E2,-5.607346494E0,1.954245598E0,7.808629645E0
1.270049963E2,-5.551610250E0,1.993433053E0,7.838491375E0
1.270149733E2,-5.493095993E0,2.031600022E0,7.869854085E0
1.270249503E2,-5.433323416E0,2.069580757E0,7.901388119E0
1.270349273E2,-5.373140949E0,2.107084068E0,7.932568982E0
1.270449043E2,-5.312633377E0,2.143944623E0,7.963386732E0
1.270548813E2,-5.251721177E0,2.179072940E0,7.994196296E0
1.270648583E2,-5.190383885E0,2.212423850E0,8.025035681E0
1.270748353E2,-5.128166002E0,2.244567895E0,8.056049312E0
1.270848123E2,-5.064284002E0,2.275950779E0,8.087593871E0
1.270947883E2,-4.999431948E0,2.306732568E0,8.119160650E0
1.271047653E2,-4.934108609E0,2.336694578E0,8.150492370E0
1.271147423E2,-4.868309891E0,2.365684343E0,8.181637564E0
1.271247193E2,-4.801757760E0,2.393085418E0,8.212938879E0
1.271346963E2,-4.733999348E0,2.418914909E0,8.244646575E0
1.271446733E2,-4.664896953E0,2.443968035E0,8.276584652E0
1.271546503E2,-4.594953437E0,2.468642993E0,8.308327432E0
1.271646273E2,-4.524994133E0,2.492208441E0,8.339629916E0
1.271746043E2,-4.454385495E0,2.514270571E0,8.370961052E0
1.271845813E2,-4.383449414E0,2.535342474E0,8.401994564E0
1.271945583E2,-4.310755659E0,2.555335274E0,8.433489422E0
1.272045353E2,-4.236189334E0,2.574861466E0,8.465275471E0
1.272145123E2,-4.161393213E0,2.593659680E0,8.496577955E0
1.272244893E2,-4.086992364E0,2.611065379E0,8.527305073E0
1.272344663E2,-4.012588884E0,2.626429523E0,8.557867885E0
1.272444433E2,-3.936913634E0,2.639900046E0,8.588814858E0
1.272544203E2,-3.860753943E0,2.652416303E0,8.619475903E0
1.272643973E2,-3.786614172E0,2.663873045E0,8.648782148E0
1.272743743E2,-3.713587711E0,2.674641862E0,8.677076824E0
1.272843513E2,-3.640446644E0,2.685459211E0,8.704686207E0
1.272943283E2,-3.567098002E0,2.695635998E0,8.731864650E0
1.273043053E2,-3.492430520E0,2.704546862E0,8.759250085E0
1.273142823E2,-3.417335606E0,2.712041238E0,8.786509804E0
1.273242593E2,-3.342174619E0,2.718636020E0,8.813341507E0
1.273342363E2,-3.267221793E0,2.724506917E0,8.839593751E0
1.273442123E2,-3.192052327E0,2.728876542E0,8.865671749E0
1.273541893E2,-3.114964390E0,2.732281083E0,8.892004099E0
1.273641663E2,-3.036072587E0,2.735527165E0,8.918254005E0
1.273741433E2,-2.955706701E0,2.738491703E0,8.944303350E0
1.273841203E2,-2.875085292E0,2.740305509E0,8.969989584E0
1.273940973E2,-2.795274307E0,2.740759838E0,8.995041980E0
1.274040743E2,-2.715745742E0,2.740005547E0,9.019600870E0
1.274140513E2,-2.635869560E0,2.738050823E0,9.043858044E0
1.274240283E2,-2.555723822E0,2.734386373E0,9.067938632E0
1.274340053E2,-2.474712403E0,2.728971559E0,9.092008111E0
1.274439823E2,-2.393158216E0,2.722402797E0,9.115778212E0
1.274539593E2,-2.310991095E0,2.715336729E0,9.139057147E0
1.274639363E2,-2.228932002E0,2.707130747E0,9.161844916E0
1.274739133E2,-2.148558076E0,2.697814085E0,9.183767881E0
1.274838903E2,-2.068776327E0,2.687932583E0,9.204959945E0
1.274938673E2,-1.987850716E0,2.678157501E0,9.225617573E0
1.275038443E2,-1.905621468E0,2.667819331E0,9.245942495E0
1.275138213E2,-1.824467231E0,2.656078414E0,9.265671585E0
1.275237983E2,-1.745424716E0,2.642933289E0,9.284637614E0
1.275337753E2,-1.666410999E0,2.628744435E0,9.303165101E0
1.275437523E2,-1.586724413E0,2.613382338E0,9.321407245E0
1.275537293E2,-1.507262214E0,2.596399392E0,9.339323698E0
1.275637063E2,-1.428634121E0,2.578277702E0,9.356687005E0
1.275736833E2,-1.350403491E0,2.559673908E0,9.373397178E0
1.275836603E2,-1.271691052E0,2.540271385E0,9.389671149E0
1.275936363E2,-1.192070393E0,2.519636268E0,9.405663283E0
1.276036133E2,-1.112521436E0,2.497683774E0,9.421250791E0
1.276135903E2,-1.033979808E0,2.474671765E0,9.436258839E0
1.276235673E2,-9.567616247E-1,2.450758553E0,9.450634219E0
1.276335443E2,-8.797529905E-1,2.426001296E0,9.464494459E0
1.276435213E2,-8.021685518E-1,2.400294451E0,9.477933115E0
1.276534983E2,-7.249699563E-1,2.373358667E0,9.490926797E0
1.276634753E2,-6.486337519E-1,2.345723410E0,9.503312954E0
1.276734523E2,-5.730977756E-1,2.317541146E0,9.515075798E0
1.276834293E2,-4.984847092E-1,2.289159054E0,9.526141069E0
1.276934063E2,-4.249639026E-1,2.260177476E0,9.536619279E0
1.277033833E2,-3.522782978E-1,2.230084488E0,9.546660118E0
1.277133603E2,-2.813958097E-1,2.198781127E0,9.556268848E0
1.277233373E2,-2.120527657E-1,2.166717043E0,9.565378810E0
1.277333143E2,-1.426234387E-1,2.134216172E0,9.573968954E0
1.277432913E2,-7.325683673E-2,2.101174725E0,9.582056238E0
1.277532683E2,-4.582359838E-3,2.066990441E0,9.589766961E0
1.277632453E2,6.277470682E-2,2.031973805E0,9.597043236E0
1.277732223E2,1.294564318E-1,1.996812889E0,9.603753501E0
1.277831993E2,1.970833272E-1,1.961077192E0,9.609965583E0
1.277931763E2,2.647594397E-1,1.924649916E0,9.615702286E0
1.278031533E2,3.319139440E-1,1.887508695E0,9.620979398E0
1.278131303E2,3.967718447E-1,1.849536730E0,9.625896907E0
1.278231073E2,4.607853344E-1,1.810743378E0,9.630419728E0
1.278330843E2,5.257201626E-1,1.771312533E0,9.634426240E0
1.278430613E2,5.911171401E-1,1.731471944E0,9.637877852E0
1.278530373E2,6.562657571E-1,1.690456211E0,9.640942377E0
1.278630143E2,7.202698912E-1,1.647880149E0,9.643744363E0
1.278729913E2,7.833256070E-1,1.604378765E0,9.646163356E0
1.278829683E2,8.457612987E-1,1.560307131E0,9.648120419E0
1.278929453E2,9.063057084E-1,1.515474482E0,9.649769334E0
1.279029223E2,9.648672543E-1,1.469441839E0,9.651210673E0
1.279128993E2,1.022461378E0,1.422402889E0,9.652328660E0
1.279228763E2,1.078378667E0,1.375203287E0,9.653082951E0
1.279328533E2,1.132502103E0,1.328106596E0,9.653479977E0
1.279428303E2,1.185660237E0,1.280350047E0,9.653548974E0
1.279528073E2,1.238237231E0,1.231941241E0,9.653247843E0
1.279627843E2,1.289467464E0,1.183253888E0,9.652630962E0
1.279727613E2,1.338044963E0,1.134647300E0,9.651855036E0
1.279827383E2,1.385502134E0,1.085663055E0,9.650793766E0
1.279927153E2,1.432819704E0,1.035954559E0,9.649348335E0
1.280026923E2,1.478222748E0,9.861646409E-1,9.647716377E0
1.280126693E2,1.521058866E0,9.362584361E-1,9.646030040E0
1.280226463E2,1.562562695E0,8.860994853E-1,9.644134372E0
1.280326233E2,1.604345144E0,8.358640091E-1,9.641758649E0
1.280426003E2,1.645169088E0,7.857927666E-1,9.639089395E0
1.280525773E2,1.684945064E0,7.351634804E-1,9.636212565E0
1.280625543E2,1.723433923E0,6.841786835E-1,9.633160318E0
1.280725313E2,1.760535091E0,6.327606080E-1,9.629965400E0
1.280825083E2,1.796074322E0,5.807737445E-1,9.626677510E0
1.280924853E2,1.830426421E0,5.281447837E-1,9.623237593E0
1.281024623E2,1.864316298E0,4.746141456E-1,9.619519933E0
1.281124393E2,1.895721255E0,4.207045349E-1,9.615890567E0
1.281224153E2,1.925905898E0,3.665096167E-1,9.612109757E0
1.281323923E2,1.955315054E0,3.122277576E-1,9.608088042E0
1.281423693E2,1.982978523E0,2.582376929E-1,9.604020719E0
1.281523463E2,2.008381313E0,2.033510490E-1,9.600059815E0
1.281623233E2,2.031292166E0,1.478575372E-1,9.596253862E0
1.281723003E2,2.053316435E0,9.281264392E-2,9.592256121E0
1.281822773E2,2.074608340E0,3.857785951E-2,9.588045541E0
1.281922543E2,2.093682980E0,-1.575921234E-2,9.583963015E0
1.282022313E2,2.110052845E0,-7.118769898E-2,9.580120810E0
1.282122083E2,2.122717914E0,-1.274463326E-1,9.576738780E0
1.282221853E2,2.128658393E0,-1.856342414E-1,9.574468891E0
1.282321623E2,2.119099803E0,-2.509150054E-1,9.575100975E0
1.282421393E2,2.125450318E0,-3.088785456E-1,9.571998442E0
1.282521163E2,2.134426817E0,-3.639218218E-1,9.568065605E0
1.282620933E2,2.143278479E0,-4.189560347E-1,9.563834560E0
1.282720703E2,2.150876058E0,-4.740977634E-1,9.559553229E0
1.282820473E2,2.158251151E0,-5.284425166E-1,9.555040348E0
1.282920243E2,2.166505373E0,-5.825787434E-1,9.550024021E0
1.283020013E2,2.172608697E0,-6.365496037E-1,9.545191298E0
1.283119783E2,2.177333394E0,-6.907152128E-1,9.540347464E0
1.283219553E2,2.179521568E0,-7.451688704E-1,9.535749214E0
1.283319323E2,2.178902202E0,-7.984409519E-1,9.531577810E0
1.283419093E2,2.176464059E0,-8.511791094E-1,9.527570713E0
1.283518863E2,2.172004680E0,-9.042889307E-1,9.523694594E0
1.283618633E2,2.165754445E0,-9.569832341E-1,9.519968163E0
1.283718403E2,2.159009389E0,-1.008637976E0,9.516166888E0
1.283818173E2,2.150338407E0,-1.059545589E0,9.512597163E0
1.283917943E2,2.140556746E0,-1.110754846E0,9.508960780E0
1.284017713E2,2.127640685E0,-1.161749730E0,9.505765861E0
1.284117483E2,2.110779654E0,-1.212523515E0,9.503183146E0
1.284217243E2,2.092367795E0,-1.263927996E0,9.500557162E0
1.284317013E2,2.072957671E0,-1.314811636E0,9.497906034E0
1.284416783E2,2.052830239E0,-1.364804453E0,9.495225086E0
1.284516553E2,2.031482200E0,-1.414667900E0,9.492517825E0
1.284616323E2,2.007925230E0,-1.465102620E0,9.489879561E0
1.284716093E2,1.983851366E0,-1.515433698E0,9.487038399E0
1.284815863E2,1.960517760E0,-1.564629101E0,9.483902537E0
1.284915633E2,1.938393796E0,-1.612900790E0,9.480362633E0
1.285015403E2,1.916387069E0,-1.661058311E0,9.476521012E0
1.285115173E2,1.892662869E0,-1.709114384E0,9.472742541E0
1.285214943E2,1.867696428E0,-1.756583396E0,9.469013772E0
1.285314713E2,1.843431213E0,-1.805018076E0,9.464659351E0
1.285414483E2,1.816203654E0,-1.853388876E0,9.460573901E0
1.285514253E2,1.786755614E0,-1.901025849E0,9.456728187E0
1.285614023E2,1.755068529E0,-1.948945828E0,9.452906447E0
1.285713793E2,1.721245018E0,-1.996633818E0,9.449173000E0
1.285813563E2,1.687334383E0,-2.043599239E0,9.445247764E0
1.285913333E2,1.652477815E0,-2.089855101E0,9.441288030E0
1.286013103E2,1.616362487E0,-2.135743026E0,9.437270408E0
1.286112873E2,1.579136774E0,-2.180698174E0,9.433291377E0
1.286212643E2,1.540863093E0,-2.224286974E0,9.429442740E0
1.286312413E2,1.501064458E0,-2.266697267E0,9.425761918E0
1.286412183E2,1.459412548E0,-2.308354732E0,9.422192777E0
1.286511953E2,1.414625069E0,-2.349974482E0,9.418734149E0
1.286611723E2,1.368847071E0,-2.390561906E0,9.415283707E0
1.286711493E2,1.321977691E0,-2.429993921E0,9.411886475E0
1.286811263E2,1.274073500E0,-2.468713452E0,9.408416153E0
1.286911033E2,1.224316253E0,-2.506381800E0,9.405062190E0
1.287010803E2,1.172203601E0,-2.543427419E0,9.401756174E0
1.287110573E2,1.118631923E0,-2.580463976E0,9.398189372E0
1.287210343E2,1.063667657E0,-2.616710573E0,9.394548311E0
1.287310110E2,1.008616926E0,-2.651435725E0,9.390882692E0
1.287409880E2,9.525539683E-1,-2.684904310E0,9.387227013E0
1.287509650E2,8.943567040E-1,-2.717650472E0,9.383528064E0
1.287609420E2,8.352859388E-1,-2.749789985E0,9.379608091E0
1.287709190E2,7.747039606E-1,-2.781133985E0,9.375565326E0
1.287808960E2,7.120709985E-1,-2.812307538E0,9.371231369E0
1.287908730E2,6.476471805E-1,-2.843226737E0,9.366574647E0
1.288008500E2,5.827843827E-1,-2.873153372E0,9.361701577E0
1.288108270E2,5.175119509E-1,-2.902069900E0,9.356616254E0
1.288208040E2,4.504756334E-1,-2.930523328E0,9.351214011E0
1.288307810E2,3.816725067E-1,-2.958933195E0,9.345327035E0
1.288407580E2,3.118113993E-1,-2.985886813E0,9.339344164E0
1.288507350E2,2.408787714E-1,-3.011423650E0,9.333242009E0
1.288607120E2,1.689038956E-1,-3.035780811E0,9.326928771E0
1.288706890E2,9.642191087E-2,-3.059462035E0,9.320219675E0
1.288806660E2,2.411248752E-2,-3.081452243E0,9.313440413E0
1.288906430E2,-4.877228814E-2,-3.101887385E0,9.306557656E0
1.289006200E2,-1.241214779E-1,-3.122402341E0,9.298994282E0
1.289105970E2,-2.012719253E-1,-3.142726678E0,9.290794147E0
1.289205740E2,-2.779263643E-1,-3.162012842E0,9.282269492E0
1.289305510E2,-3.542886436E-1,-3.180404966E0,9.273381724E0
1.289405280E2,-4.321743601E-1,-3.199502557E0,9.263504022E0
1.289505050E2,-5.102253700E-1,-3.218787552E0,9.252846887E0
1.289604820E2,-5.902282537E-1,-3.235856743E0,9.242129526E0
1.289704590E2,-6.736631971E-1,-3.251881623E0,9.230793529E0
1.289804360E2,-7.568288762E-1,-3.268261720E0,9.218555891E0
1.289904130E2,-8.412503911E-1,-3.283793094E0,9.205710143E0
1.290003900E2,-9.261959627E-1,-3.298547666E0,9.192270902E0
1.290103670E2,-1.012431503E0,-3.312694712E0,9.178079125E0
1.290203440E2,-1.100125778E0,-3.325688979E0,9.163275145E0
1.290303210E2,-1.186472781E0,-3.336737878E0,9.148473503E0
1.290402980E2,-1.272302232E0,-3.345737328E0,9.133640286E0
1.290502750E2,-1.358510217E0,-3.354878572E0,9.117858067E0
1.290602520E2,-1.446607731E0,-3.363557302E0,9.101094099E0
1.290702290E2,-1.534952289E0,-3.370044203E0,9.084207340E0
1.290802060E2,-1.622122580E0,-3.375585025E0,9.066986706E0
1.290901820E2,-1.710263216E0,-3.381519364E0,9.048559206E0
1.291001590E2,-1.800326855E0,-3.388530760E0,9.028443030E0
1.291101360E2,-1.892115277E0,-3.395081103E0,9.007187231E0
1.291201130E2,-1.982828981E0,-3.398633287E0,8.986310917E0
1.291300900E2,-2.072574970E0,-3.400126081E0,8.965471441E0
1.291400670E2,-2.162181942E0,-3.400426920E0,8.944169449E0
1.291500440E2,-2.252893307E0,-3.400926273E0,8.921562359E0
1.291600210E2,-2.344665210E0,-3.401782890E0,8.897557200E0
1.291699980E2,-2.437277943E0,-3.401316574E0,8.872813538E0
1.291799750E2,-2.528911122E0,-3.398924771E0,8.848051749E0
1.291899520E2,-2.619994662E0,-3.395593904E0,8.822792947E0
1.291999290E2,-2.710585574E0,-3.392391969E0,8.796618471E0
1.292099060E2,-2.801245483E0,-3.388958484E0,8.769497330E0
1.292198830E2,-2.893555769E0,-3.384728900E0,8.741112022E0
1.292298600E2,-2.985649708E0,-3.378924370E0,8.712339628E0
1.292398370E2,-3.074837581E0,-3.371292291E0,8.684230893E0
1.292498140E2,-3.163602115E0,-3.361508730E0,8.656095260E0
1.292597910E2,-3.255446378E0,-3.351789196E0,8.625756982E0
1.292697680E2,-3.348768232E0,-3.343696649E0,8.593110223E0
1.292797450E2,-3.440040637E0,-3.334925241E0,8.560402653E0
1.292897220E2,-3.529421760E0,-3.323962589E0,8.528221332E0
1.292996990E2,-3.619246979E0,-3.312823058E0,8.494842501E0
1.293096760E2,-3.708451517E0,-3.302438403E0,8.460342175E0
1.293196530E2,-3.796972514E0,-3.290932837E0,8.425488676E0
1.293296300E2,-3.885042399E0,-3.276779359E0,8.390784282E0
1.293396070E2,-3.972349515E0,-3.261672493E0,8.355718530E0
1.293495840E2,-4.057977018E0,-3.246485227E0,8.320412457E0
1.293595610E2,-4.142772170E0,-3.229387092E0,8.285204033E0
1.293695380E2,-4.228509309E0,-3.210224597E0,8.249258859E0
1.293795150E2,-4.314543486E0,-3.191241611E0,8.211990461E0
1.293894920E2,-4.399054755E0,-3.172089056E0,8.174488758E0
1.293994690E2,-4.483539128E0,-3.151527030E0,8.136452036E0
1.294094460E2,-4.567230618E0,-3.130091137E0,8.098087869E0
1.294194230E2,-4.648506623E0,-3.109037945E0,8.059861697E0
1.294294000E2,-4.728248319E0,-3.087714611E0,8.021582900E0
1.294393770E2,-4.807613162E0,-3.064806097E0,7.983101789E0
1.294493540E2,-4.886154716E0,-3.040481096E0,7.944624771E0
1.294593300E2,-4.962055376E0,-3.016147615E0,7.906767558E0
1.294693070E2,-5.036403893E0,-2.991435235E0,7.869056525E0
1.294792840E2,-5.111386832E0,-2.965154340E0,7.830561381E0
1.294892610E2,-5.185669860E0,-2.938182888E0,7.791791418E0
1.294992380E2,-5.257428644E0,-2.911396209E0,7.753664648E0
1.295092150E2,-5.326892397E0,-2.884113100E0,7.716359412E0
1.295191920E2,-5.395571453E0,-2.855378129E0,7.679240118E0
1.295291690E2,-5.462607442E0,-2.826364537E0,7.642492121E0
1.295391460E2,-5.526595277E0,-2.797258559E0,7.607114713E0
1.295491230E2,-5.589337070E0,-2.766534657E0,7.572430199E0
1.295591000E2,-5.652055475E0,-2.734345442E0,7.537488407E0
1.295690770E2,-5.714061103E0,-2.701850711E0,7.502373539E0
1.295790540E2,-5.773293983E0,-2.669653603E0,7.468475475E0
1.295890310E2,-5.831640424E0,-2.636280034E0,7.434924152E0
1.295990080E2,-5.889690412E0,-2.602260934E0,7.401072866E0
1.296089850E2,-5.945826021E0,-2.568090390E0,7.368050131E0
1.296189620E2,-5.999756060E0,-2.533176958E0,7.336350621E0
1.296289390E2,-6.052558756E0,-2.496743542E0,7.305402478E0
1.296389160E2,-6.104684345E0,-2.459359661E0,7.274646124E0
1.296488930E2,-6.154293292E0,-2.422098718E0,7.245289008E0
1.296588700E2,-6.201970904E0,-2.383723734E0,7.217307742E0
1.296688470E2,-6.248997720E0,-2.344153433E0,7.189650997E0
1.296788240E2,-6.294194943E0,-2.304080710E0,7.163129781E0
1.296888010E2,-6.336897159E0,-2.263564329E0,7.138355128E0
1.296987780E2,-6.378358011E0,-2.221970307E0,7.114456973E0
1.297087550E2,-6.419987263E0,-2.178748858E0,7.090339547E0
1.297187320E2,-6.460682715E0,-2.134177288E0,7.066892213E0
1.297287090E2,-6.499456186E0,-2.087447656E0,7.045262777E0
1.297386852E2,-6.537253173E0,-2.036597052E0,7.025147771E0
1.297486622E2,-6.575804451E0,-1.978381296E0,7.005776530E0
1.297586392E2,-6.617676362E0,-1.897944805E0,6.988581038E0
1.297686162E2,-6.660210763E0,-1.799342623E0,6.974242496E0
1.297785932E2,-6.691528450E0,-1.739716664E0,6.959377704E0
1.297885702E2,-6.719657065E0,-1.689982148E0,6.944512913E0
1.297985472E2,-6.744847455E0,-1.643927285E0,6.931135068E0
1.298085242E2,-6.767503077E0,-1.598908695E0,6.919572784E0
1.298185012E2,-6.788374713E0,-1.554133202E0,6.909323199E0
1.298284782E2,-6.807850619E0,-1.509859693E0,6.899970578E0
1.298384552E2,-6.824704049E0,-1.467178528E0,6.892524734E0
1.298484322E2,-6.839030312E0,-1.425035890E0,6.887165176E0
1.298584092E2,-6.852160234E0,-1.382846037E0,6.882712521E0
1.298683862E2,-6.863661708E0,-1.341763061E0,6.879383701E0
1.298783632E2,-6.873594373E0,-1.301371811E0,6.877226079E0
1.298883392E2,-6.882626567E0,-1.259631023E0,6.875964249E0
1.298983162E2,-6.890498089E0,-1.216838029E0,6.875786494E0
1.299082932E2,-6.896065807E0,-1.173994092E0,6.877652925E0
1.299182702E2,-6.899445498E0,-1.131313072E0,6.881415609E0
1.299282472E2,-6.902705321E0,-1.088836485E0,6.884997613E0
1.299382242E2,-6.905405565E0,-1.047175293E0,6.888751525E0
1.299482012E2,-6.905623081E0,-1.006311661E0,6.894620960E0
1.299581782E2,-6.903624503E0,-9.655874851E-1,6.902442781E0
1.299681552E2,-6.901215450E0,-9.246732746E-1,6.910449373E0
1.299781322E2,-6.899519758E0,-8.834393676E-1,6.917532690E0
1.299881092E2,-6.897519425E0,-8.423104182E-1,6.924654599E0
1.299980862E2,-6.894647273E0,-8.003543801E-1,6.932486359E0
1.300080632E2,-6.891592103E0,-7.575252065E-1,6.940332153E0
1.300180402E2,-6.887154066E0,-7.147872495E-1,6.949264360E0
1.300280172E2,-6.881085826E0,-6.731606289E-1,6.959426821E0
1.300379942E2,-6.874196051E0,-6.324871045E-1,6.970042441E0
1.300479712E2,-6.867281134E0,-5.922609651E-1,6.980384996E0
1.300579482E2,-6.859078660E0,-5.531547503E-1,6.991649657E0
1.300679252E2,-6.848430880E0,-5.149704586E-1,7.004991249E0
1.300779022E2,-6.836656927E0,-4.765458830E-1,7.019196475E0
1.300878792E2,-6.824143885E0,-4.376811947E-1,7.033888773E0
1.300978562E2,-6.810007657E0,-3.987623831E-1,7.049885586E0
1.301078332E2,-6.793821394E0,-3.598942962E-1,7.067572244E0
1.301178102E2,-6.776484985E0,-3.209785544E-1,7.086065817E0
1.301277872E2,-6.758964388E0,-2.818713528E-1,7.104438354E0
1.301377642E2,-6.740476077E0,-2.436607670E-1,7.123392103E0
1.301477412E2,-6.720857499E0,-2.062954510E-1,7.143082017E0
1.301577182E2,-6.701310257E0,-1.690365543E-1,7.162399464E0
1.301676952E2,-6.681895747E0,-1.323572263E-1,7.181284216E0
1.301776722E2,-6.661464990E0,-9.657998669E-2,7.200809823E0
1.301876492E2,-6.639906306E0,-6.148089616E-2,7.221077442E0
1.301976262E2,-6.618196179E0,-2.642115784E-2,7.241193033E0
1.302076032E2,-6.597020488E0,8.598636111E-3,7.260534453E0
1.302175802E2,-6.575108047E0,4.314044645E-2,7.280260620E0
1.302275572E2,-6.551573589E0,7.746848110E-2,7.301162662E0
1.302375342E2,-6.527171404E0,1.114230340E-1,7.322548268E0
1.302475112E2,-6.502458147E0,1.450991224E-1,7.343915164E0
1.302574882E2,-6.477202268E0,1.782419538E-1,7.365472094E0
1.302674652E2,-6.450755897E0,2.109136367E-1,7.387785069E0
1.302774422E2,-6.423327193E0,2.431352850E-1,7.410658207E0
1.302874192E2,-6.395289794E0,2.750131536E-1,7.433757048E0
1.302973962E2,-6.366057224E0,3.065668489E-1,7.457575096E0
1.303073732E2,-6.335793790E0,3.378189740E-1,7.481957985E0
1.303173502E2,-6.305090060E0,3.686443255E-1,7.506399931E0
1.303273272E2,-6.273073631E0,3.990211955E-1,7.531628913E0
1.303373042E2,-6.239886004E0,4.290317375E-1,7.557502842E0
1.303472812E2,-6.205676284E0,4.578892085E-1,7.583931672E0
1.303572582E2,-6.170790042E0,4.860528344E-1,7.610597899E0
1.303672352E2,-6.136157568E0,5.141583900E-1,7.636708056E0
1.303772122E2,-6.100918738E0,5.410201698E-1,7.663040407E0
1.303871892E2,-6.063973691E0,5.670065483E-1,7.690437536E0
1.303971652E2,-6.025997195E0,5.927224566E-1,7.718298934E0
1.304071422E2,-5.987687407E0,6.185792828E-1,7.746035201E0
1.304171192E2,-5.949036727E0,6.444808401E-1,7.773655109E0
1.304270962E2,-5.909383834E0,6.698705468E-1,7.801702448E0
1.304370732E2,-5.868603013E0,6.947568814E-1,7.830256156E0
1.304470502E2,-5.827062639E0,7.189863543E-1,7.859039075E0
1.304570272E2,-5.784736399E0,7.422854622E-1,7.888088627E0
1.304670042E2,-5.742040615E0,7.648720868E-1,7.917073275E0
1.304769812E2,-5.699511477E0,7.873738537E-1,7.945546877E0
1.304869582E2,-5.656444979E0,8.096550344E-1,7.974031588E0
1.304969352E2,-5.611428435E0,8.311334655E-1,8.003573475E0
1.305069122E2,-5.564840160E0,8.517480435E-1,8.033877255E0
1.305168892E2,-5.517326855E0,8.722867540E-1,8.064386272E0
1.305268662E2,-5.470585383E0,8.926164995E-1,8.093950379E0
1.305368432E2,-5.424884130E0,9.116684092E-1,8.122536247E0
1.305468202E2,-5.380316067E0,9.295291679E-1,8.150108793E0
1.305567972E2,-5.336723320E0,9.469886615E-1,8.176716548E0
1.305667742E2,-5.292072812E0,9.638855068E-1,8.203717820E0
1.305767512E2,-5.244464782E0,9.805229549E-1,8.232269774E0
1.305867282E2,-5.195359281E0,9.972670417E-1,8.261343884E0
1.305967052E2,-5.147192842E0,1.013787765E0,8.289435078E0
1.306066822E2,-5.099532772E0,1.029425412E0,8.316919330E0
1.306166592E2,-5.049579424E0,1.044327041E0,8.345491750E0
1.306266362E2,-4.998077733E0,1.058835007E0,8.374615561E0
1.306366132E2,-4.946866064E0,1.072299755E0,8.403261071E0
1.306465902E2,-4.894814443E0,1.083965243E0,8.432194848E0
1.306565672E2,-4.841768502E0,1.095019623E0,8.461342049E0
1.306665442E2,-4.788362081E0,1.105443674E0,8.490329036E0
1.306765212E2,-4.734783459E0,1.114730514E0,8.519114293E0
1.306864982E2,-4.679315895E0,1.123259629E0,8.548590108E0
1.306964752E2,-4.622761040E0,1.132463950E0,8.578094573E0
1.307064522E2,-4.566912529E0,1.142433233E0,8.606640095E0
1.307164292E2,-4.511853977E0,1.151579375E0,8.634415539E0
1.307264062E2,-4.456662693E0,1.159597881E0,8.661962357E0
1.307363835E2,-4.400281209E0,1.166641364E0,8.689796857E0
1.307463605E2,-4.343253607E0,1.173283070E0,8.717548327E0
1.307563375E2,-4.285434877E0,1.179328506E0,8.745303306E0
1.307663145E2,-4.227079957E0,1.184946292E0,8.772901579E0
1.307762915E2,-4.169322330E0,1.190434415E0,8.799756671E0
1.307862685E2,-4.111565288E0,1.195406522E0,8.826218246E0
1.307962455E2,-4.052746684E0,1.199398855E0,8.852840618E0
1.308062225E2,-3.992098194E0,1.202736811E0,8.879902702E0
1.308161995E2,-3.930354520E0,1.206421361E0,8.906905144E0
1.308261765E2,-3.868006244E0,1.210386942E0,8.933621657E0
1.308361535E2,-3.804886428E0,1.213606566E0,8.960251046E0
1.308461305E2,-3.741422796E0,1.215896774E0,8.986626082E0
1.308561075E2,-3.678191591E0,1.217367056E0,9.012492410E0
1.308660845E2,-3.615408282E0,1.217247700E0,9.037877512E0
1.308760615E2,-3.551068445E0,1.215291879E0,9.063612862E0
1.308860385E2,-3.486110557E0,1.213182789E0,9.089076902E0
1.308960155E2,-3.422181194E0,1.211214981E0,9.113601294E0
1.309059925E2,-3.357655707E0,1.208770407E0,9.137894720E0
1.309159695E2,-3.292118945E0,1.206424211E0,9.162019163E0
1.309259465E2,-3.226141302E0,1.203894487E0,9.185791018E0
1.309359235E2,-3.159360837E0,1.201374702E0,9.209301503E0
1.309459005E2,-3.091279074E0,1.198912805E0,9.232697382E0
1.309558775E2,-3.022525173E0,1.195862897E0,9.255827798E0
1.309658545E2,-2.954904756E0,1.192079676E0,9.278123816E0
1.309758315E2,-2.887400697E0,1.187456355E0,9.299944455E0
1.309858085E2,-2.818216734E0,1.181694801E0,9.321875022E0
1.309957855E2,-2.746990923E0,1.174940463E0,9.343963464E0
1.310057625E2,-2.674725770E0,1.167422333E0,9.365846084E0
1.310157385E2,-2.602783675E0,1.159413255E0,9.387085510E0
1.310257155E2,-2.531142127E0,1.150822234E0,9.407710978E0
1.310356925E2,-2.460711830E0,1.141925183E0,9.427459949E0
1.310456695E2,-2.391779004E0,1.132585864E0,9.446308449E0
1.310556465E2,-2.322529698E0,1.122491451E0,9.464775125E0
1.310656235E2,-2.251426094E0,1.112630852E0,9.483102638E0
1.310756005E2,-2.179035664E0,1.102509395E0,9.501177551E0
1.310855775E2,-2.107359618E0,1.091800512E0,9.518566586E0
1.310955545E2,-2.036990278E0,1.080086566E0,9.535207762E0
1.311055315E2,-1.967364996E0,1.067349210E0,9.551248428E0
1.311155085E2,-1.897389904E0,1.053771464E0,9.566900255E0
1.311254855E2,-1.826341410E0,1.039453679E0,9.582281356E0
1.311354625E2,-1.754672234E0,1.025053303E0,9.597212806E0
1.311454395E2,-1.683295565E0,1.010670029E0,9.611512172E0
1.311554165E2,-1.613411690E0,9.960232658E-1,9.625016316E0
1.311653935E2,-1.544851186E0,9.809003196E-1,9.637809439E0
1.311753705E2,-1.475942481E0,9.655589799E-1,9.650149988E0
1.311853475E2,-1.406062260E0,9.503994886E-1,9.662081816E0
1.311953245E2,-1.336091554E0,9.348809052E-1,9.673518385E0
1.312053015E2,-1.267406504E0,9.183241486E-1,9.684340997E0
1.312152785E2,-1.199476257E0,9.008610005E-1,9.694627419E0
1.312252555E2,-1.131421172E0,8.829142146E-1,9.704454834E0
1.312352325E2,-1.064109414E0,8.645900640E-1,9.713715069E0
1.312452095E2,-9.971467352E-1,8.458083688E-1,9.722468936E0
1.312551865E2,-9.299015625E-1,8.272650207E-1,9.730725204E0
1.312651635E2,-8.627832013E-1,8.092933841E-1,9.738416047E0
1.312751405E2,-7.963199475E-1,7.912177402E-1,9.745560760E0
1.312851175E2,-7.306413169E-1,7.720757103E-1,9.752238865E0
1.312950945E2,-6.653515993E-1,7.525373854E-1,9.758436913E0
1.313050715E2,-6.008615250E-1,7.329542562E-1,9.764109882E0
1.313150485E2,-5.370176411E-1,7.126060919E-1,9.769334954E0
1.313250255E2,-4.736713918E-1,6.915716837E-1,9.774122069E0
1.313350025E2,-4.110356888E-1,6.702826294E-1,9.778439069E0
1.313449795E2,-3.492115062E-1,6.486580910E-1,9.782299985E0
1.313549565E2,-2.875582451E-1,6.265137351E-1,9.785749258E0
1.313649335E2,-2.257860846E-1,6.037425578E-1,9.788800335E0
1.313749105E2,-1.644306294E-1,5.809522308E-1,9.791402346E0
1.313848875E2,-1.033769089E-1,5.583062569E-1,9.793554121E0
1.313948645E2,-4.375300624E-2,5.352582504E-1,9.795288990E0
1.314048415E2,1.452210711E-2,5.121326952E-1,9.796612215E0
1.314148185E2,7.232545294E-2,4.890272033E-1,9.797536660E0
1.314247955E2,1.297200042E-1,4.658001259E-1,9.798076358E0
1.314347725E2,1.865814720E-1,4.418871335E-1,9.798266392E0
1.314447495E2,2.424425727E-1,4.175150250E-1,9.798112026E0
1.314547265E2,2.975157428E-1,3.931020956E-1,9.797604488E0
1.314647035E2,3.516121537E-1,3.684801283E-1,9.796769505E0
1.314746805E2,4.044438668E-1,3.432052463E-1,9.795648594E0
1.314846575E2,4.565557145E-1,3.171830902E-1,9.794235907E0
1.314946345E2,5.065776211E-1,2.913677975E-1,9.792578221E0
1.315046115E2,5.548242765E-1,2.654849695E-1,9.790698926E0
1.315145885E2,6.022049228E-1,2.389700575E-1,9.788582234E0
1.315245655E2,6.481213166E-1,2.116704674E-1,9.786277846E0
1.315345425E2,6.928442571E-1,1.836561283E-1,9.783779331E0
1.315445195E2,7.364837086E-1,1.561959408E-1,9.781067977E0
1.315544965E2,7.799054975E-1,1.299689951E-1,9.778085312E0
1.315644735E2,8.234008151E-1,1.043520692E-1,9.774826074E0
1.315744505E2,8.657956137E-1,7.830018357E-2,9.771405453E0
1.315844275E2,9.064749853E-1,5.124101913E-2,9.767895370E0
1.315944045E2,9.447333904E-1,2.358980583E-2,9.764375346E0
1.316043815E2,9.815489220E-1,-4.445714006E-3,9.760770537E0
1.316143585E2,1.017916703E0,-3.276671844E-2,9.756990897E0
1.316243355E2,1.052202875E0,-6.179805736E-2,9.753212426E0
1.316343125E2,1.083932426E0,-9.205000254E-2,9.749498275E0
1.316442895E2,1.113799418E0,-1.231613011E-1,9.745787632E0
1.316542665E2,1.142263445E0,-1.540150938E-1,9.742053600E0
1.316642435E2,1.169612773E0,-1.835318933E-1,9.738296764E0
1.316742205E2,1.195687115E0,-2.121411683E-1,9.734548114E0
1.316841975E2,1.220132935E0,-2.406458512E-1,9.730850919E0
1.316941745E2,1.242015409E0,-2.692582874E-1,9.727332650E0
1.317041515E2,1.260351985E0,-2.980550205E-1,9.724133638E0
1.317141285E2,1.274234444E0,-3.280244858E-1,9.721359134E0
1.317241055E2,1.278663856E0,-3.605099349E-1,9.719627189E0
1.317340811E2,1.273078742E0,-3.948113099E-1,9.719027265E0
1.317440581E2,1.277130570E0,-4.262626423E-1,9.717167265E0
1.317540351E2,1.287432341E0,-4.558561682E-1,9.714464098E0
1.317640121E2,1.298904724E0,-4.846367849E-1,9.711543413E0
1.317739891E2,1.310208708E0,-5.128725873E-1,9.708574197E0
1.317839661E2,1.320196483E0,-5.405676684E-1,9.705718417E0
1.317939431E2,1.328923306E0,-5.678185073E-1,9.702970811E0
1.318039201E2,1.336993048E0,-5.943195139E-1,9.700274659E0
1.318138971E2,1.344401032E0,-6.200958312E-1,9.697636980E0
1.318238741E2,1.350886325E0,-6.458422912E-1,9.695054850E0
1.318338511E2,1.354384130E0,-6.722676129E-1,9.692770343E0
1.318438281E2,1.354626497E0,-6.994024942E-1,9.690816203E0
1.318538051E2,1.352672650E0,-7.263458061E-1,9.689107062E0
1.318637821E2,1.349664403E0,-7.526759644E-1,9.687517204E0
1.318737591E2,1.345347843E0,-7.789295972E-1,9.686041952E0
1.318837361E2,1.338989434E0,-8.050138070E-1,9.684790063E0
1.318937131E2,1.330077108E0,-8.305478668E-1,9.683862110E0
1.319036901E2,1.319122057E0,-8.553220810E-1,9.683204298E0
1.319136671E2,1.306775954E0,-8.793407618E-1,9.682726581E0
1.319236441E2,1.293441378E0,-9.028667416E-1,9.682351774E0
1.319336211E2,1.278914263E0,-9.263891400E-1,9.682059998E0
1.319435981E2,1.263265214E0,-9.503193086E-1,9.681795119E0
1.319535751E2,1.245398608E0,-9.746429218E-1,9.681691623E0
1.319635521E2,1.226956490E0,-9.983995011E-1,9.681625550E0
1.319735291E2,1.210583336E0,-1.021530648E0,9.681273547E0
1.319835061E2,1.195825694E0,-1.044639648E0,9.680642048E0
1.319934831E2,1.180242645E0,-1.068387164E0,9.679962602E0
1.320034601E2,1.161951020E0,-1.092721887E0,9.679459156E0
1.320134371E2,1.141227026E0,-1.117409270E0,9.679105985E0
1.320234141E2,1.119776588E0,-1.142096215E0,9.678730009E0
1.320333911E2,1.097289220E0,-1.166744275E0,9.678365727E0
1.320433681E2,1.073070418E0,-1.191427784E0,9.678073951E0
1.320533451E2,1.047256569E0,-1.216499329E0,9.677782760E0
1.320633221E2,1.018828649E0,-1.242275902E0,9.677543024E0
1.320732991E2,9.881711861E-1,-1.268590419E0,9.677308550E0
1.320832761E2,9.554024394E-1,-1.295084300E0,9.677089865E0
1.320932531E2,9.216511412E-1,-1.321542366E0,9.676785809E0
1.321032301E2,8.866332630E-1,-1.347656177E0,9.676456026E0
1.321132071E2,8.495446665E-1,-1.372502604E0,9.676291135E0
1.321231841E2,8.112799025E-1,-1.396522235E0,9.676137938E0
1.321331611E2,7.715563314E-1,-1.419064421E0,9.676107532E0
1.321431381E2,7.294367174E-1,-1.440064112E0,9.676271839E0
1.321531151E2,6.852767906E-1,-1.459998878E0,9.676512744E0
1.321630921E2,6.396317442E-1,-1.479524923E0,9.676671789E0
1.321730691E2,5.932799155E-1,-1.498630262E0,9.676684653E0
1.321830461E2,5.459410403E-1,-1.516599779E0,9.676671789E0
1.321930231E2,4.966593912E-1,-1.533396052E0,9.676679390E0
1.322030001E2,4.460770655E-1,-1.550316432E0,9.676447256E0
1.322129771E2,3.946327871E-1,-1.567028652E0,9.675990003E0
1.322229541E2,3.419903411E-1,-1.582415454E0,9.675490066E0
1.322329311E2,2.888221391E-1,-1.597272790E0,9.674781969E0
1.322429081E2,2.340247383E-1,-1.612225144E0,9.673782095E0
1.322528851E2,1.777744506E-1,-1.627710617E0,9.672386364E0
1.322628621E2,1.199883187E-1,-1.642926973E0,9.670702951E0
1.322728391E2,6.129929443E-2,-1.657645730E0,9.668741210E0
1.322828161E2,2.298251253E-3,-1.672403372E0,9.666393553E0
1.322927931E2,-5.732808026E-2,-1.686832400E0,9.663716113E0
1.323027701E2,-1.195648524E-1,-1.700006761E0,9.660837529E0
1.323127471E2,-1.829299407E-1,-1.712724894E0,9.657598756E0
1.323227241E2,-2.466983772E-1,-1.725345378E0,9.653933136E0
1.323327011E2,-3.112150564E-1,-1.737323691E0,9.649919608E0
1.323426781E2,-3.769357504E-1,-1.748808208E0,9.645500867E0
1.323526551E2,-4.449091207E-1,-1.760618999E0,9.640455304E0
1.323626321E2,-5.128498197E-1,-1.772934843E0,9.634821512E0
1.323726091E2,-5.810160020E-1,-1.783790637E0,9.628946815E0
1.323825861E2,-6.507711285E-1,-1.792930274E0,9.622785603E0
1.323925631E2,-7.217801540E-1,-1.802822886E0,9.615870101E0
1.324025401E2,-7.942104913E-1,-1.813373309E0,9.608173996E0
1.324125171E2,-8.664181229E-1,-1.822852084E0,9.600136998E0
1.324224941E2,-9.384716072E-1,-1.830855899E0,9.591836876E0
1.324324711E2,-1.011131521E0,-1.839530390E0,9.582788894E0
1.324424481E2,-1.084601493E0,-1.849930101E0,9.572747471E0
1.324524251E2,-1.158717217E0,-1.859596572E0,9.562184476E0
1.324624021E2,-1.233077501E0,-1.867836615E0,9.551272402E0
1.324723791E2,-1.309438337E0,-1.876776569E0,9.539348760E0
1.324823561E2,-1.387344446E0,-1.885933747E0,9.526522307E0
1.324923331E2,-1.464997808E0,-1.893015018E0,9.513484186E0
1.325023101E2,-1.543183268E0,-1.898603786E0,9.499999337E0
1.325122871E2,-1.622405146E0,-1.905193744E0,9.485470176E0
1.325222641E2,-1.699696420E0,-1.911897431E0,9.470574394E0
1.325322411E2,-1.776182825E0,-1.917374664E0,9.455418996E0
1.325422181E2,-1.853885012E0,-1.922516121E0,9.439446157E0
1.325521951E2,-1.933402467E0,-1.928123747E0,9.422334865E0
1.325621721E2,-2.014842633E0,-1.932339882E0,9.404390929E0
1.325721491E2,-2.098557950E0,-1.935897035E0,9.385331930E0
1.325821261E2,-2.182801271E0,-1.939620835E0,9.365326851E0
1.325921031E2,-2.267804145E0,-1.943724118E0,9.344254655E0
1.326020801E2,-2.352274631E0,-1.947088168E0,9.322647439E0
1.326120571E2,-2.437488736E0,-1.949146241E0,9.300299966E0
1.326220341E2,-2.523093435E0,-1.950296535E0,9.277199956E0
1.326320111E2,-2.608339992E0,-1.950413479E0,9.253569603E0
1.326419881E2,-2.694168054E0,-1.949371213E0,9.229166248E0
1.326519641E2,-2.780124463E0,-1.948754770E0,9.203768867E0
1.326619411E2,-2.865482410E0,-1.949191119E0,9.177459905E0
1.326719181E2,-2.950797964E0,-1.949231172E0,9.150376187E0
1.326818951E2,-3.037024806E0,-1.948514742E0,9.122273299E0
1.326918721E2,-3.124548854E0,-1.948506702E0,9.092668262E0
1.327018491E2,-3.212167042E0,-1.949298415E0,9.061916000E0
1.327118261E2,-3.299083856E0,-1.949116567E0,9.030674912E0
1.327218031E2,-3.386510547E0,-1.947091237E0,8.998693566E0
1.327317801E2,-3.472366092E0,-1.943789315E0,8.966630359E0
1.327417568E2,-3.556254340E0,-1.939453312E0,8.934633810E0
1.327517338E2,-3.639730945E0,-1.934755951E0,8.901975941E0
1.327617108E2,-3.723734969E0,-1.930418779E0,8.868110622E0
1.327716878E2,-3.807508320E0,-1.926804907E0,8.833255370E0
1.327816648E2,-3.891381366E0,-1.923291315E0,8.797397320E0
1.327916418E2,-3.975043620E0,-1.919277202E0,8.760793165E0
1.328016188E2,-4.057153146E0,-1.915386903E0,8.723927055E0
1.328115958E2,-4.137423430E0,-1.911148695E0,8.687078487E0
1.328215728E2,-4.216540643E0,-1.905684764E0,8.650159167E0
1.328315498E2,-4.294955021E0,-1.899167896E0,8.612933453E0
1.328415268E2,-4.372582071E0,-1.892255318E0,8.575313637E0
1.328515038E2,-4.447844215E0,-1.884364939E0,8.538263925E0
1.328614808E2,-4.522392999E0,-1.875449543E0,8.500985001E0
1.328714578E2,-4.596220821E0,-1.866987160E0,8.463168134E0
1.328814348E2,-4.670013559E0,-1.858977937E0,8.424444948E0
1.328914118E2,-4.743922657E0,-1.850046899E0,8.385023605E0
1.329013888E2,-4.816778380E0,-1.840281611E0,8.345544375E0
1.329113658E2,-4.888522546E0,-1.830198964E0,8.305951123E0
1.329213428E2,-4.959044060E0,-1.820213967E0,8.266244436E0
1.329313198E2,-5.029091365E0,-1.809460791E0,8.226189839E0
1.329412968E2,-5.098966761E0,-1.797579687E0,8.185679160E0
1.329512738E2,-5.168984830E0,-1.785472735E0,8.144309524E0
1.329612508E2,-5.238776026E0,-1.772737938E0,8.102390251E0
1.329712278E2,-5.307875497E0,-1.758842322E0,8.060336491E0
1.329812048E2,-5.376178578E0,-1.744026062E0,8.018178066E0
1.329911818E2,-5.442760237E0,-1.728570410E0,7.976497359E0
1.330011588E2,-5.507268475E0,-1.712425370E0,7.935596670E0
1.330111358E2,-5.571227074E0,-1.694998913E0,7.894587223E0
1.330211128E2,-5.634744793E0,-1.676703853E0,7.853305880E0
1.330310898E2,-5.697194810E0,-1.657246804E0,7.812273045E0
1.330410668E2,-5.759062445E0,-1.634844659E0,7.771523799E0
1.330510438E2,-5.821312487E0,-1.606519431E0,7.730945292E0
1.330610208E2,-5.887049224E0,-1.565511299E0,7.689468067E0
1.330709978E2,-5.956721138E0,-1.509378321E0,7.646917294E0
1.330809748E2,-6.021995360E0,-1.457617161E0,7.605723075E0
1.330909518E2,-6.077578992E0,-1.426216443E0,7.567366510E0
1.331009288E2,-6.128405914E0,-1.401330693E0,7.530937187E0
1.331109058E2,-6.174924023E0,-1.380452186E0,7.496716357E0
1.331208828E2,-6.219914255E0,-1.361539514E0,7.462907172E0
1.331308598E2,-6.264741349E0,-1.343650104E0,7.428574660E0
1.331408368E2,-6.308836371E0,-1.326102025E0,7.394331611E0
1.331508138E2,-6.351118757E0,-1.309043211E0,7.361100131E0
1.331607908E2,-6.391616573E0,-1.292596017E0,7.328883727E0
1.331707678E2,-6.431760632E0,-1.276142683E0,7.296576106E0
1.331807448E2,-6.470526502E0,-1.260233433E0,7.264998803E0
1.331907218E2,-6.507128318E0,-1.243682596E0,7.235097311E0
1.332006988E2,-6.541554970E0,-1.226628461E0,7.206909054E0
1.332106758E2,-6.573891826E0,-1.210053870E0,7.180237564E0
1.332206528E2,-6.604761617E0,-1.194131464E0,7.154527942E0
1.332306298E2,-6.634269590E0,-1.178297058E0,7.129810007E0
1.332406068E2,-6.662635018E0,-1.161912501E0,7.106008916E0
1.332505838E2,-6.690937296E0,-1.145576916E0,7.082027730E0
1.332605608E2,-6.717866648E0,-1.129314055E0,7.059108399E0
1.332705378E2,-6.743054114E0,-1.112630341E0,7.037710513E0
1.332805148E2,-6.767162769E0,-1.096182123E0,7.017120713E0
1.332904918E2,-6.789395637E0,-1.081217198E0,6.997941261E0
1.333004688E2,-6.809659747E0,-1.066645936E0,6.980465688E0
1.333104458E2,-6.828426971E0,-1.051872215E0,6.964355439E0
1.333204228E2,-6.845657546E0,-1.037004135E0,6.949654369E0
1.333303998E2,-6.861052095E0,-1.022302188E0,6.936639052E0
1.333403768E2,-6.874789544E0,-1.007823605E0,6.925146934E0
1.333503538E2,-6.888334034E0,-9.933797396E-1,6.913764744E0
1.333603308E2,-6.902298355E0,-9.796057460E-1,6.901793740E0
1.333703078E2,-6.915715376E0,-9.665785150E-1,6.890189356E0
1.333802848E2,-6.928365242E0,-9.527413715E-1,6.879399489E0
1.333902618E2,-6.939517636E0,-9.377754231E-1,6.870208835E0
1.334002388E2,-6.947642342E0,-9.226470682E-1,6.864042946E0
1.334102158E2,-6.952907760E0,-9.076033518E-1,6.860716465E0
1.334201928E2,-6.956195065E0,-8.924079001E-1,6.859378037E0
1.334301698E2,-6.958723401E0,-8.768706787E-1,6.858817289E0
1.334401468E2,-6.959646091E0,-8.626622370E-1,6.859682677E0
1.334501238E2,-6.958512316E0,-8.502657744E-1,6.862379413E0
1.334601008E2,-6.957399591E0,-8.379103153E-1,6.865027032E0
1.334700778E2,-6.956287451E0,-8.256460728E-1,6.867640153E0
1.334800548E2,-6.953307710E0,-8.136011741E-1,6.872093977E0
1.334900318E2,-6.947779752E0,-8.014494174E-1,6.879108882E0
1.335000088E2,-6.940415769E0,-7.880109078E-1,6.888089620E0
1.335099858E2,-6.933380983E0,-7.733643635E-1,6.896828284E0
1.335199628E2,-6.925904734E0,-7.590916756E-1,6.905919535E0
1.335299398E2,-6.918098701E0,-7.446807741E-1,6.915306655E0
1.335399168E2,-6.911204833E0,-7.299898640E-1,6.923761144E0
1.335498938E2,-6.904808564E0,-7.162350932E-1,6.931574779E0
1.335598708E2,-6.897574389E0,-7.042197959E-1,6.940002955E0
1.335698478E2,-6.889788821E0,-6.935207069E-1,6.948808277E0
1.335798248E2,-6.882234219E0,-6.829482101E-1,6.957336441E0
1.335898018E2,-6.874680786E0,-6.721286684E-1,6.965852911E0
1.335997788E2,-6.865134621E0,-6.615949825E-1,6.976268556E0
1.336097558E2,-6.853639580E0,-6.502945074E-1,6.988621969E0
1.336197328E2,-6.842125828E0,-6.380486836E-1,7.001022159E0
1.336297098E2,-6.829942569E0,-6.265369778E-1,7.013945675E0
1.336396868E2,-6.816445441E0,-6.160135976E-1,7.027994780E0
1.336496638E2,-6.802376456E0,-6.056459361E-1,7.042511662E0
1.336596408E2,-6.788356587E0,-5.946825164E-1,7.056958378E0
1.336696178E2,-6.772895379E0,-5.838055258E-1,7.072704930E0
1.336795948E2,-6.755253160E0,-5.737540525E-1,7.090378139E0
1.336895718E2,-6.736509910E0,-5.643034171E-1,7.108944803E0
1.336995488E2,-6.717752042E0,-5.547764025E-1,7.127420250E0
1.337095258E2,-6.698833961E0,-5.453719601E-1,7.145927857E0
1.337195028E2,-6.678463431E0,-5.356972667E-1,7.165699632E0
1.337294798E2,-6.657224590E0,-5.253987485E-1,7.186196462E0
1.337394570E2,-6.635679354E0,-5.150247281E-1,7.206844735E0
1.337494340E2,-6.613708441E0,-5.048230179E-1,7.227732158E0
1.337594110E2,-6.591828745E0,-4.945354632E-1,7.248402066E0
1.337693880E2,-6.570157210E0,-4.842695798E-1,7.268742775E0
1.337793650E2,-6.547506266E0,-4.746924618E-1,7.289782811E0
1.337893420E2,-6.523615712E0,-4.656931584E-1,7.311748461E0
1.337993190E2,-6.498704819E0,-4.569116637E-1,7.334450861E0
1.338092960E2,-6.473543081E0,-4.476507705E-1,7.357237460E0
1.338192730E2,-6.448296558E0,-4.380422603E-1,7.379951554E0
1.338292500E2,-6.420929834E0,-4.294273382E-1,7.404279479E0
1.338392270E2,-6.392653869E0,-4.212050932E-1,7.429176924E0
1.338492040E2,-6.365369006E0,-4.137625743E-1,7.452983862E0
1.338591810E2,-6.338817970E0,-4.073284810E-1,7.475933014E0
1.338691580E2,-6.312842299E0,-4.010911098E-1,7.498216753E0
1.338791350E2,-6.286833299E0,-3.948502669E-1,7.520367760E0
1.338891120E2,-6.259836119E0,-3.887941961E-1,7.543168393E0
1.338990890E2,-6.231578865E0,-3.828153450E-1,7.566833829E0
1.339090660E2,-6.202623453E0,-3.767648289E-1,7.590890443E0
1.339190430E2,-6.173860415E0,-3.702097347E-1,7.614623707E0
1.339290200E2,-6.144422023E0,-3.637236377E-1,7.638709558E0
1.339389970E2,-6.113126555E0,-3.577618897E-1,7.664058407E0
1.339489740E2,-6.081142285E0,-3.520266117E-1,7.689725929E0
1.339589510E2,-6.048899569E0,-3.466059504E-1,7.715360123E0
1.339689280E2,-6.015359940E0,-3.415267300E-1,7.741763810E0
1.339789050E2,-5.979689586E0,-3.370085865E-1,7.769545686E0
1.339888820E2,-5.942603036E0,-3.329225522E-1,7.798123367E0
1.339988590E2,-5.905672606E0,-3.287649626E-1,7.826304023E0
1.340088360E2,-5.867992564E0,-3.251843470E-1,7.854744880E0
1.340188130E2,-5.829803814E0,-3.217194697E-1,7.883272276E0
1.340287900E2,-5.791767091E0,-3.182301803E-1,7.911400307E0
1.340387670E2,-5.752696581E0,-3.149938561E-1,7.939985005E0
1.340487440E2,-5.712784072E0,-3.121600761E-1,7.968861480E0
1.340587210E2,-5.672638258E0,-3.099033798E-1,7.997576571E0
1.340686980E2,-5.633005831E0,-3.074617652E-1,8.025635020E0
1.340786750E2,-5.592603325E0,-3.050332887E-1,8.053933790E0
1.340886520E2,-5.550971734E0,-3.032557351E-1,8.082750038E0
1.340986290E2,-5.509154786E0,-3.017415986E-1,8.111366311E0
1.341086060E2,-5.468499681E0,-2.997232859E-1,8.138905528E0
1.341185830E2,-5.427396678E0,-2.976464646E-1,8.166447667E0
1.341285600E2,-5.384175230E0,-2.962808291E-1,8.195057509E0
1.341385370E2,-5.340566111E0,-2.952552640E-1,8.223580812E0
1.341485140E2,-5.297040022E0,-2.943848146E-1,8.251715274E0
1.341584910E2,-5.253455461E0,-2.931785523E-1,8.279574333E0
1.341684680E2,-5.210405921E0,-2.922696209E-1,8.306765056E0
1.341784450E2,-5.166876909E0,-2.918150912E-1,8.333925957E0
1.341884220E2,-5.122831002E0,-2.910402803E-1,8.361100307E0
1.341983990E2,-5.078462330E0,-2.902563697E-1,8.388150696E0
1.342083760E2,-5.032931231E0,-2.895493500E-1,8.415572383E0
1.342183530E2,-4.987712958E0,-2.882565854E-1,8.442495303E0
1.342283310E2,-4.942386512E0,-2.869549404E-1,8.469154513E0
1.342383080E2,-4.896663040E0,-2.856834451E-1,8.495715491E0
1.342482850E2,-4.851116154E0,-2.851814799E-1,8.521821554E0
1.342582620E2,-4.805553772E0,-2.858751424E-1,8.547574446E0
1.342682390E2,-4.758358263E0,-2.868071155E-1,8.573906212E0
1.342782160E2,-4.708560159E0,-2.874156096E-1,8.601334332E0
1.342881930E2,-4.657603136E0,-2.876111259E-1,8.629027330E0
1.342981700E2,-4.606533555E0,-2.871855034E-1,8.656412179E0
1.343081470E2,-4.554281374E0,-2.861434748E-1,8.684051383E0
1.343181240E2,-4.500680240E0,-2.838095038E-1,8.712027971E0
1.343281010E2,-4.446578878E0,-2.810522127E-1,8.739853701E0
1.343380780E2,-4.391930508E0,-2.787062002E-1,8.767518048E0
1.343480550E2,-4.336093984E0,-2.767300971E-1,8.795328575E0
1.343580320E2,-4.280098708E0,-2.757151484E-1,8.822745584E0
1.343680090E2,-4.224151671E0,-2.766938261E-1,8.849637514E0
1.343779860E2,-4.168608970E0,-2.788970935E-1,8.875866954E0
1.343879630E2,-4.113348104E0,-2.812278485E-1,8.901537985E0
1.343979400E2,-4.057817682E0,-2.826620791E-1,8.926942967E0
1.344079170E2,-4.001578869E0,-2.832717610E-1,8.952274860E0
1.344178940E2,-3.943573613E0,-2.832267191E-1,8.977979220E0
1.344278710E2,-3.885676822E0,-2.818074355E-1,9.003232759E0
1.344378480E2,-3.827562223E0,-2.796841287E-1,9.028158270E0
1.344478250E2,-3.768279058E0,-2.770549099E-1,9.053144007E0
1.344578020E2,-3.708283702E0,-2.746572774E-1,9.077956667E0
1.344677790E2,-3.646325727E0,-2.731278285E-1,9.103065780E0
1.344777560E2,-3.582979624E0,-2.718668582E-1,9.128222256E0
1.344877330E2,-3.518441566E0,-2.715029787E-1,9.153302718E0
1.344977100E2,-3.452035908E0,-2.718581422E-1,9.178542225E0
1.345076870E2,-3.384091262E0,-2.725895192E-1,9.203788748E0
1.345176640E2,-3.315040030E0,-2.740399394E-1,9.228841143E0
1.345276410E2,-3.245762511E0,-2.754983080E-1,9.253390093E0
1.345376180E2,-3.177213556E0,-2.758520098E-1,9.277139729E0
1.345475950E2,-3.109353987E0,-2.756173537E-1,9.300110516E0
1.345575720E2,-3.041339759E0,-2.753436309E-1,9.322581950E0
1.345675490E2,-2.973026154E0,-2.757571570E-1,9.344579760E0
1.345775260E2,-2.905441697E0,-2.763800864E-1,9.365795213E0
1.345875030E2,-2.839002416E0,-2.765783801E-1,9.386142354E0
1.345974800E2,-2.772674818E0,-2.766712412E-1,9.405946289E0
1.346074570E2,-2.706374702E0,-2.774378295E-1,9.425214034E0
1.346174340E2,-2.641559193E0,-2.791801718E-1,9.443533360E0
1.346274110E2,-2.576828469E0,-2.816562118E-1,9.461327607E0
1.346373880E2,-2.511600732E0,-2.834182155E-1,9.478799087E0
1.346473650E2,-2.446205180E0,-2.846879749E-1,9.495848399E0
1.346573420E2,-2.381048487E0,-2.862713643E-1,9.512347487E0
1.346673190E2,-2.317001595E0,-2.875697020E-1,9.528111581E0
1.346772960E2,-2.253281562E0,-2.880696024E-1,9.543366382E0
1.346872730E2,-2.188225879E0,-2.869717694E-1,9.558525873E0
1.346972500E2,-2.121396297E0,-2.857704772E-1,9.573615198E0
1.347072270E2,-2.053180341E0,-2.857873062E-1,9.588476481E0
1.347172040E2,-1.985755366E0,-2.860775840E-1,9.602657733E0
1.347271810E2,-1.919785179E0,-2.858511323E-1,9.616070661E0
1.347371586E2,-1.853548066E0,-2.852642728E-1,9.629074869E0
1.347471356E2,-1.785986559E0,-2.851790496E-1,9.641837001E0
1.347571126E2,-1.717559225E0,-2.858034044E-1,9.654243039E0
1.347670896E2,-1.649534765E0,-2.868483018E-1,9.666067278E0
1.347770666E2,-1.582289446E0,-2.880277400E-1,9.677267035E0
1.347870436E2,-1.515305644E0,-2.890259876E-1,9.687951652E0
1.347970206E2,-1.448283981E0,-2.894784890E-1,9.698184280E0
1.348069976E2,-1.381534214E0,-2.904877002E-1,9.707887734E0
1.348169746E2,-1.314971703E0,-2.924135903E-1,9.717069617E0
1.348269516E2,-1.248677727E0,-2.939433681E-1,9.725765011E0
1.348369286E2,-1.183317477E0,-2.946247149E-1,9.733912522E0
1.348469056E2,-1.118557956E0,-2.958013757E-1,9.741531444E0
1.348568826E2,-1.054177041E0,-2.982966750E-1,9.748632302E0
1.348668596E2,-9.907311702E-1,-3.013652755E-1,9.755189955E0
1.348768366E2,-9.282814452E-1,-3.037011467E-1,9.761258195E0
1.348868136E2,-8.665458845E-1,-3.055443901E-1,9.766874446E0
1.348967906E2,-8.053656632E-1,-3.079568051E-1,9.772034029E0
1.349067676E2,-7.452364057E-1,-3.106839830E-1,9.776717064E0
1.349167446E2,-6.871109160E-1,-3.129494867E-1,9.780901916E0
1.349267216E2,-6.303101130E-1,-3.147288676E-1,9.784669277E0
1.349366986E2,-5.729340170E-1,-3.167380074E-1,9.788131998E0
1.349466756E2,-5.159666780E-1,-3.191987716E-1,9.791219913E0
1.349566526E2,-4.615504792E-1,-3.214811957E-1,9.793861685E0
1.349666296E2,-4.092793314E-1,-3.236164526E-1,9.796114617E0
1.349766066E2,-3.581546764E-1,-3.256726260E-1,9.798048876E0
1.349865836E2,-3.057784797E-1,-3.277261681E-1,9.799755093E0
1.349965606E2,-2.538829973E-1,-3.301673807E-1,9.801154917E0
1.350065376E2,-2.037385549E-1,-3.340197091E-1,9.802194552E0
1.350165146E2,-1.551992464E-1,-3.387694389E-1,9.802920191E0
1.350264916E2,-1.088908607E-1,-3.427744527E-1,9.803404925E0
1.350364686E2,-6.376843199E-2,-3.465216774E-1,9.803670389E0
1.350464456E2,-1.968945717E-2,-3.510976718E-1,9.803695532E0
1.350564226E2,2.236211438E-2,-3.565548417E-1,9.803492634E0
1.350663996E2,6.207887902E-2,-3.618339638E-1,9.803128352E0
1.350763766E2,9.916655735E-2,-3.664302407E-1,9.802652389E0
1.350863536E2,1.350718327E-1,-3.712562036E-1,9.802041939E0
1.350963306E2,1.698467043E-1,-3.762939819E-1,9.801308699E0
1.351063076E2,2.016777586E-1,-3.806579782E-1,9.800536866E0
1.351162846E2,2.301758634E-1,-3.844487281E-1,9.799760941E0
1.351262616E2,2.565960323E-1,-3.886759361E-1,9.798938237E0
1.351362386E2,2.819530129E-1,-3.938203530E-1,9.798036012E0
1.351462156E2,3.053427343E-1,-3.996534622E-1,9.797098703E0
1.351561926E2,3.252208921E-1,-4.056764964E-1,9.796211681E0
1.351661696E2,3.413112966E-1,-4.116473806E-1,9.795414705E0
1.351761476E2,3.529969206E-1,-4.177636413E-1,9.794741691E0
1.351861246E2,3.569075384E-1,-4.251440700E-1,9.794282684E0
1.351961016E2,3.613116247E-1,-4.325631999E-1,9.793796196E0
1.352060786E2,3.656948803E-1,-4.390130442E-1,9.793346545E0
1.352160556E2,3.693836693E-1,-4.436709728E-1,9.792998051E0
1.352260326E2,3.753628128E-1,-4.470028259E-1,9.792619151E0
1.352360096E2,3.840925230E-1,-4.499732114E-1,9.792144942E0
1.352459866E2,3.927857247E-1,-4.529262381E-1,9.791663716E0
1.352559636E2,4.005199465E-1,-4.556479342E-1,9.791224006E0
1.352659406E2,4.074464120E-1,-4.580774158E-1,9.790824641E0
1.352759176E2,4.147257204E-1,-4.606995266E-1,9.790396040E0
1.352858946E2,4.197261130E-1,-4.639782796E-1,9.790028250E0
1.352958716E2,4.211695713E-1,-4.677944284E-1,9.789784421E0
1.353058486E2,4.201011023E-1,-4.715612047E-1,9.789649935E0
1.353158256E2,4.172256609E-1,-4.741836444E-1,9.789646427E0
1.353258026E2,4.132892057E-1,-4.756765482E-1,9.789740567E0
1.353357796E2,4.079246777E-1,-4.763867656E-1,9.789931186E0
1.353457566E2,4.006778944E-1,-4.771153287E-1,9.790194896E0
1.353557336E2,3.917704288E-1,-4.777448545E-1,9.790524679E0
1.353657106E2,3.818978437E-1,-4.778232072E-1,9.790911180E0
1.353756876E2,3.716785919E-1,-4.780979167E-1,9.791290664E0
1.353856646E2,3.614739215E-1,-4.789745240E-1,9.791630387E0
1.353956416E2,3.506435259E-1,-4.804912552E-1,9.791949645E0
1.354056186E2,3.398400641E-1,-4.817067086E-1,9.792270657E0
1.354155956E2,3.312500658E-1,-4.829043280E-1,9.792506300E0
1.354255726E2,3.236605626E-1,-4.843399291E-1,9.792689318E0
1.354355496E2,3.151274284E-1,-4.861653567E-1,9.792877014E0
1.354455266E2,3.025702404E-1,-4.884942662E-1,9.793157095E0
1.354555036E2,2.860907036E-1,-4.914209072E-1,9.793506174E0
1.354654806E2,2.702196793E-1,-4.946386300E-1,9.793794442E0
1.354754576E2,2.531287065E-1,-4.974066288E-1,9.794111361E0
1.354854346E2,2.338555162E-1,-5.001927905E-1,9.794448161E0
1.354954116E2,2.120565481E-1,-5.030206502E-1,9.794799578E0
1.355053886E2,1.887106443E-1,-5.050134544E-1,9.795174969E0
1.355153656E2,1.641328234E-1,-5.061411630E-1,9.795559132E0
1.355253426E2,1.382414713E-1,-5.078613773E-1,9.795869619E0
1.355353196E2,1.103334693E-1,-5.102657889E-1,9.796098830E0
1.355452966E2,8.094946562E-2,-5.117930451E-1,9.796306406E0
1.355552736E2,5.024351612E-2,-5.115098206E-1,9.796526846E0
1.355652506E2,1.897340737E-2,-5.102319116E-1,9.796703432E0
1.355752276E2,-1.280732090E-2,-5.083959590E-1,9.796809266E0
1.355852046E2,-4.647808283E-2,-5.058376925E-1,9.796839672E0
1.355951816E2,-8.280599314E-2,-5.030382649E-1,9.796744362E0
1.356051586E2,-1.196678365E-1,-4.995730953E-1,9.796540294E0
1.356151356E2,-1.559770540E-1,-4.950715798E-1,9.796258458E0
1.356251126E2,-1.919689869E-1,-4.901120446E-1,9.795868449E0
1.356350896E2,-2.285157658E-1,-4.857146095E-1,9.795303023E0
1.356450666E2,-2.663201712E-1,-4.825307640E-1,9.794505463E0
1.356550436E2,-3.054840724E-1,-4.800798305E-1,9.793482785E0
1.356650206E2,-3.459679095E-1,-4.779893412E-1,9.792238498E0
1.356749976E2,-3.875265563E-1,-4.767032096E-1,9.790744534E0
1.356849746E2,-4.303332911E-1,-4.761256143E-1,9.788984522E0
1.356949516E2,-4.750887934E-1,-4.756870732E-1,9.786935658E0
1.357049286E2,-5.206950289E-1,-4.752002194E-1,9.784638872E0
1.357149056E2,-5.659778404E-1,-4.743411903E-1,9.782166084E0
1.357248826E2,-6.111346443E-1,-4.729653770E-1,9.779514956E0
1.357348596E2,-6.576118592E-1,-4.713009305E-1,9.776580239E0
1.357448362E2,-7.059695752E-1,-4.695162507E-1,9.773293519E0
1.357548132E2,-7.548900126E-1,-4.667146304E-1,9.769770572E0
1.357647902E2,-8.038814937E-1,-4.631712542E-1,9.766030108E0
1.357747672E2,-8.543370444E-1,-4.597151843E-1,9.761908990E0
1.357847442E2,-9.074101013E-1,-4.560085978E-1,9.757292613E0
1.357947212E2,-9.622406119E-1,-4.513984703E-1,9.752252898E0
1.358046982E2,-1.018921620E0,-4.456685644E-1,9.746757100E0
1.358146752E2,-1.078101801E0,-4.394375155E-1,9.740671903E0
1.358246532E2,-1.139914545E0,-4.328478497E-1,9.733927140E0
1.358346302E2,-1.205835104E0,-4.238077985E-1,9.726378969E0
1.358446072E2,-1.272855963E0,-4.134119241E-1,9.718283499E0
1.358545842E2,-1.340466295E0,-4.025789339E-1,9.709643653E0
1.358645612E2,-1.407531958E0,-3.918217381E-1,9.700589240E0
1.358745382E2,-1.474062601E0,-3.808619729E-1,9.691139554E0
1.358845152E2,-1.536477973E0,-3.721273291E-1,9.681779332E0
1.358944922E2,-1.597948436E0,-3.651121687E-1,9.672091665E0
1.359044692E2,-1.659183402E0,-3.589820209E-1,9.662005218E0
1.359144462E2,-1.718918411E0,-3.530048874E-1,9.651777268E0
1.359244232E2,-1.778193244E0,-3.473494239E-1,9.641238247E0
1.359344002E2,-1.838397053E0,-3.432874363E-1,9.630085852E0
1.359443772E2,-1.899537440E0,-3.410204707E-1,9.618293188E0
1.359543542E2,-1.958727343E0,-3.379426792E-1,9.606522743E0
1.359643312E2,-2.016458657E0,-3.332222585E-1,9.594735925E0
1.359743082E2,-2.074688885E0,-3.285917753E-1,9.582473145E0
1.359842852E2,-2.132661982E0,-3.243791488E-1,9.569881166E0
1.359942622E2,-2.190414200E0,-3.195413819E-1,9.556990979E0
1.360042392E2,-2.246890117E0,-3.145410623E-1,9.544037057E0
1.360142162E2,-2.304104537E0,-3.100884441E-1,9.530532328E0
1.360241932E2,-2.362645545E0,-3.074354893E-1,9.516275062E0
1.360341702E2,-2.420354493E0,-3.061502896E-1,9.501802619E0
1.360441472E2,-2.480066406E0,-3.049239457E-1,9.486432043E0
1.360541242E2,-2.540712265E0,-3.053812345E-1,9.470355123E0
1.360641012E2,-2.600087524E0,-3.062056919E-1,9.454199266E0
1.360740782E2,-2.659519501E0,-3.047429196E-1,9.437700178E0
1.360840552E2,-2.719537661E0,-3.024462246E-1,9.420654960E0
1.360940322E2,-2.780178550E0,-3.010491969E-1,9.402982335E0
1.361040092E2,-2.839550008E0,-2.998390608E-1,9.385262348E0
1.361139862E2,-2.897393881E0,-2.981912606E-1,9.367619544E0
1.361239632E2,-2.956275343E0,-2.969004695E-1,9.349245254E0
1.361339402E2,-3.015734802E0,-2.975535304E-1,9.330214906E0
1.361439172E2,-3.075605320E0,-2.984791629E-1,9.310620886E0
1.361538942E2,-3.135015370E0,-2.977457028E-1,9.290808765E0
1.361638712E2,-3.194606099E0,-2.973461004E-1,9.270500216E0
1.361738482E2,-3.255578525E0,-2.989865733E-1,9.249211673E0
1.361838252E2,-3.317563104E0,-3.007333011E-1,9.227103351E0
1.361938022E2,-3.380089427E0,-3.004612228E-1,9.204391596E0
1.362037792E2,-3.442730064E0,-2.990518611E-1,9.181191598E0
1.362137562E2,-3.505310182E0,-2.982121461E-1,9.157508621E0
1.362237332E2,-3.568243179E0,-2.972207873E-1,9.133202915E0
1.362337102E2,-3.631545428E0,-2.962395149E-1,9.108249922E0
1.362436872E2,-3.693696945E0,-2.971572354E-1,9.083193433E0
1.362536642E2,-3.753721245E0,-3.000211102E-1,9.058457957E0
1.362636412E2,-3.813669823E0,-3.032412450E-1,9.033275753E0
1.362736182E2,-3.875433085E0,-3.067390494E-1,9.006832305E0
1.362835952E2,-3.936625074E0,-3.119725266E-1,8.980075446E0
1.362935722E2,-3.995623188E0,-3.174920790E-1,8.953786365E0
1.363035492E2,-4.054531254E0,-3.208486366E-1,8.927145866E0
1.363135262E2,-4.113610644E0,-3.233049788E-1,8.899987888E0
1.363235032E2,-4.171016268E0,-3.256546824E-1,8.873143321E0
1.363334802E2,-4.226567156E0,-3.264244318E-1,8.846789335E0
1.363434582E2,-4.281513734E0,-3.259375780E-1,8.820345887E0
1.363534352E2,-4.336165904E0,-3.259568372E-1,8.793606570E0
1.363634122E2,-4.390372809E0,-3.277462314E-1,8.766601789E0
1.363733892E2,-4.445308862E0,-3.301756033E-1,8.738781906E0
1.363833662E2,-4.502194085E0,-3.326965938E-1,8.709515423E0
1.363933432E2,-4.560032403E0,-3.366936408E-1,8.679219244E0
1.364033202E2,-4.617485390E0,-3.421380564E-1,8.648576326E0
1.364132972E2,-4.674774947E0,-3.472946428E-1,8.617538136E0
1.364232742E2,-4.732211269E0,-3.515767050E-1,8.585957909E0
1.364332512E2,-4.788612342E0,-3.559110998E-1,8.554450187E0
1.364432282E2,-4.842892045E0,-3.605014564E-1,8.523645886E0
1.364532052E2,-4.897398327E0,-3.645686700E-1,8.492271481E0
1.364631822E2,-4.953351211E0,-3.685989730E-1,8.459583206E0
1.364731592E2,-5.008723174E0,-3.738513441E-1,8.426685601E0
1.364831362E2,-5.062397105E0,-3.794625881E-1,8.394298459E0
1.364931132E2,-5.115819021E0,-3.842400191E-1,8.361630065E0
1.365030902E2,-5.169391796E0,-3.891577832E-1,8.328387474E0
1.365130672E2,-5.221899208E0,-3.949400583E-1,8.295293403E0
1.365230442E2,-5.272566501E0,-4.009800858E-1,8.262890473E0
1.365330212E2,-5.322823319E0,-4.065134887E-1,8.230333761E0
1.365429982E2,-5.373466639E0,-4.122473415E-1,8.197073044E0
1.365529752E2,-5.423396013E0,-4.188590441E-1,8.163787769E0
1.365629522E2,-5.472895033E0,-4.245174312E-1,8.130393736E0
1.365729292E2,-5.522161333E0,-4.288749956E-1,8.096783355E0
1.365829062E2,-5.570760466E0,-4.338546306E-1,8.063156603E0
1.365928832E2,-5.617666830E0,-4.401797465E-1,8.030202865E0
1.366028602E2,-5.663175125E0,-4.470948464E-1,7.997790579E0
1.366128372E2,-5.709326613E0,-4.531742331E-1,7.964566700E0
1.366228142E2,-5.755489796E0,-4.597396330E-1,7.930893754E0
1.366327912E2,-5.800154337E0,-4.675708820E-1,7.897827750E0
1.366427682E2,-5.843858181E0,-4.755475805E-1,7.865066970E0
1.366527452E2,-5.887720485E0,-4.833714109E-1,7.831806838E0
1.366627222E2,-5.930934332E0,-4.919020600E-1,7.798599331E0
1.366726992E2,-5.971430978E0,-5.004272273E-1,7.767089855E0
1.366826762E2,-6.009568273E0,-5.079235405E-1,7.737132230E0
1.366926532E2,-6.047458230E0,-5.153147135E-1,7.707061754E0
1.367026302E2,-6.084838895E0,-5.242683355E-1,7.676977245E0
1.367126072E2,-6.121043685E0,-5.341109536E-1,7.647460501E0
1.367225842E2,-6.156581308E0,-5.428701923E-1,7.618260675E0
1.367325612E2,-6.191931819E0,-5.509304694E-1,7.588976065E0
1.367425385E2,-6.226040967E0,-5.591827911E-1,7.560412416E0
1.367525155E2,-6.258081370E0,-5.677504238E-1,7.533271396E0
1.367624925E2,-6.288616700E0,-5.760980551E-1,7.507163578E0
1.367724695E2,-6.318415865E0,-5.848696460E-1,7.481420041E0
1.367824465E2,-6.346164996E0,-5.947662047E-1,7.457113166E0
1.367924245E2,-6.371364157E0,-6.047781362E-1,7.434787327E0
1.368024015E2,-6.395101513E0,-6.142349477E-1,7.413601695E0
1.368123785E2,-6.418339518E0,-6.239056577E-1,7.392683281E0
1.368223555E2,-6.440810367E0,-6.345910788E-1,7.372201654E0
1.368323325E2,-6.461866776E0,-6.457118252E-1,7.352784805E0
1.368423095E2,-6.481623933E0,-6.563408207E-1,7.334430980E0
1.368522865E2,-6.500992835E0,-6.675832622E-1,7.316250817E0
1.368622635E2,-6.518460807E0,-6.809519707E-1,7.299457614E0
1.368722405E2,-6.533298116E0,-6.959614078E-1,7.284761807E0
1.368822175E2,-6.547816168E0,-7.107767174E-1,7.270282347E0
1.368921945E2,-6.563169202E0,-7.255767511E-1,7.254960303E0
1.369021715E2,-6.577594868E0,-7.400461248E-1,7.240419447E0
1.369121485E2,-6.588988752E0,-7.527242770E-1,7.228743727E0
1.369221255E2,-6.597974169E0,-7.637000124E-1,7.219390520E0
1.369321025E2,-6.604955744E0,-7.751402360E-1,7.211783293E0
1.369420795E2,-6.608952316E0,-7.875680543E-1,7.206773399E0
1.369520565E2,-6.611076025E0,-8.001607642E-1,7.203437562E0
1.369620335E2,-6.613220199E0,-8.126952211E-1,7.200065473E0
1.369720105E2,-6.614910044E0,-8.264784240E-1,7.196943644E0
1.369819875E2,-6.614605989E0,-8.417220421E-1,7.195456697E0
1.369919645E2,-6.611604028E0,-8.576119237E-1,7.196339042E0
1.370019415E2,-6.607434379E0,-8.731305072E-1,7.198301952E0
1.370119185E2,-6.602591130E0,-8.888288925E-1,7.200824441E0
1.370218955E2,-6.595129498E0,-9.042591099E-1,7.205739611E0
1.370318725E2,-6.585784478E0,-9.180291566E-1,7.212542261E0
1.370418495E2,-6.575897421E0,-9.304264963E-1,7.219970564E0
1.370518265E2,-6.566185196E0,-9.423895340E-1,7.227255026E0
1.370618035E2,-6.556919698E0,-9.544798949E-1,7.234077557E0
1.370717805E2,-6.548690912E0,-9.671909378E-1,7.239841157E0
1.370817575E2,-6.541954334E0,-9.806523976E-1,7.244118395E0
1.370917345E2,-6.535304296E0,-9.952143035E-1,7.248134263E0
1.371017115E2,-6.527767820E0,-1.010660016E0,7.252785723E0
1.371116885E2,-6.519557160E0,-1.026168878E0,7.257992084E0
1.371216655E2,-6.511049461E0,-1.041095797E0,7.263501331E0
1.371316425E2,-6.501744202E0,-1.055672101E0,7.269730369E0
1.371416195E2,-6.491110455E0,-1.069975633E0,7.277138207E0
1.371515965E2,-6.479669793E0,-1.084205710E0,7.285223152E0
1.371615735E2,-6.467477764E0,-1.098473208E0,7.293914453E0
1.371715505E2,-6.454081208E0,-1.113024589E0,7.303568206E0
1.371815285E2,-6.438771443E0,-1.128534767E0,7.314692534E0
1.371915055E2,-6.421847847E0,-1.144741495E0,7.327040684E0
1.372014825E2,-6.404188671E0,-1.160835152E0,7.339954260E0
1.372114595E2,-6.385764095E0,-1.176443636E0,7.353509860E0
1.372214365E2,-6.365752584E0,-1.191820498E0,7.368369389E0
1.372314135E2,-6.343813246E0,-1.207164103E0,7.384774337E0
1.372413905E2,-6.320392808E0,-1.222428625E0,7.402324755E0
1.372513675E2,-6.296303449E0,-1.237468614E0,7.420332425E0
1.372613445E2,-6.271769702E0,-1.252504583E0,7.438564044E0
1.372713215E2,-6.246570541E0,-1.267352564E0,7.457229525E0
1.372812985E2,-6.221212921E0,-1.281436021E0,7.475996749E0
1.372912755E2,-6.196491478E0,-1.295026851E0,7.494164633E0
1.373012525E2,-6.173116064E0,-1.308959450E0,7.511015723E0
1.373112295E2,-6.150857468E0,-1.323819125E0,7.526656440E0
1.373212065E2,-6.129613949E0,-1.339311031E0,7.541231795E0
1.373311835E2,-6.108970939E0,-1.354274641E0,7.555297272E0
1.373411605E2,-6.087873015E0,-1.368332370E0,7.569780241E0
1.373511375E2,-6.066019047E0,-1.381341694E0,7.584946164E0
1.373611145E2,-6.044673786E0,-1.393728290E0,7.599706875E0
1.373710915E2,-6.024206192E0,-1.406643181E0,7.613566530E0
1.373810685E2,-6.003285440E0,-1.420404018E0,7.627523249E0
1.373910455E2,-5.981007548E0,-1.433908163E0,7.642483935E0
1.374010225E2,-5.957754925E0,-1.446387144E0,7.658277850E0
1.374109995E2,-5.934249703E0,-1.458249537E0,7.674261798E0
1.374209765E2,-5.910012994E0,-1.470631747E0,7.690584301E0
1.374309535E2,-5.884354827E0,-1.483067020E0,7.707852298E0
1.374409305E2,-5.857896177E0,-1.494528148E0,7.725771090E0
1.374509075E2,-5.830748724E0,-1.505127542E0,7.744227242E0
1.374608845E2,-5.802338857E0,-1.515609407E0,7.763497326E0
1.374708615E2,-5.774124872E0,-1.525921410E0,7.782489667E0
1.374808385E2,-5.747908296E0,-1.535696054E0,7.799954131E0
1.374908155E2,-5.722554769E0,-1.545045168E0,7.816732131E0
1.375007925E2,-5.696362166E0,-1.554225004E0,7.834024687E0
1.375107695E2,-5.670516304E0,-1.563825986E0,7.850846542E0
1.375207475E2,-5.645687272E0,-1.574377286E0,7.866616482E0
1.375307245E2,-5.620037291E0,-1.585934016E0,7.882644870E0
1.375407015E2,-5.592062457E0,-1.597405668E0,7.900204643E0
1.375506785E2,-5.562269139E0,-1.607390812E0,7.919189383E0
1.375606555E2,-5.530827491E0,-1.615559226E0,7.939522491E0
1.375706325E2,-5.497439890E0,-1.622023615E0,7.961362426E0
1.375806095E2,-5.462938979E0,-1.625019290E0,7.984466529E0
1.375905865E2,-5.427596653E0,-1.623372568E0,8.008867545E0
1.376005635E2,-5.391719307E0,-1.621534350E0,8.033435791E0
1.376105405E2,-5.352717209E0,-1.620954891E0,8.059592140E0
1.376205175E2,-5.312419953E0,-1.621231756E0,8.086154872E0
1.376304945E2,-5.273503225E0,-1.623405312E0,8.111154057E0
1.376404715E2,-5.235172387E0,-1.627487985E0,8.135130565E0
1.376504485E2,-5.196876048E0,-1.633428902E0,8.158460956E0
1.376604255E2,-5.158263960E0,-1.641083492E0,8.181397244E0
1.376704025E2,-5.119958850E0,-1.649456120E0,8.203744133E0
1.376803795E2,-5.080214741E0,-1.658748954E0,8.226546519E0
1.376903565E2,-5.039442691E0,-1.667884790E0,8.249744178E0
1.377003335E2,-4.999782781E0,-1.676331385E0,8.272133167E0
1.377103105E2,-4.960653214E0,-1.684811456E0,8.293939188E0
1.377202875E2,-4.920641887E0,-1.693499980E0,8.315975005E0
1.377302645E2,-4.881160609E0,-1.701300750E0,8.337622567E0
1.377402417E2,-4.843241708E0,-1.707564434E0,8.358429299E0
1.377502187E2,-4.806431439E0,-1.713643053E0,8.378409820E0
1.377601958E2,-4.768979731E0,-1.720636176E0,8.398353503E0
1.377701728E2,-4.730590713E0,-1.727790391E0,8.418571420E0
1.377801497E2,-4.692804544E0,-1.734037410E0,8.438412192E0
1.377901268E2,-4.655206070E0,-1.739844280E0,8.458019661E0
1.378001038E2,-4.616828163E0,-1.745701874E0,8.477825350E0
1.378100807E2,-4.578560475E0,-1.750547462E0,8.497556779E0
1.378200577E2,-4.540016799E0,-1.753988110E0,8.517503970E0
1.378300348E2,-4.500717663E0,-1.756698587E0,8.537778021E0
1.378400128E2,-4.459822529E0,-1.758933392E0,8.558751984E0
1.378499897E2,-4.418360215E0,-1.760086171E0,8.579993749E0
1.378599668E2,-4.376488011E0,-1.760229720E0,8.601398066E0
1.378699438E2,-4.333654233E0,-1.760670600E0,8.622968445E0
1.378799207E2,-4.290347123E0,-1.760725418E0,8.644586186E0
1.378898977E2,-4.246898510E0,-1.759036011E0,8.666357124E0
1.378998748E2,-4.202882717E0,-1.756186955E0,8.688364874E0
1.379098518E2,-4.157279989E0,-1.753846900E0,8.710748600E0
1.379198287E2,-4.111659428E0,-1.752032509E0,8.732739978E0
1.379298058E2,-4.067781922E0,-1.749829132E0,8.753704585E0
1.379397828E2,-4.023060955E0,-1.747636133E0,8.774784967E0
1.379497597E2,-3.975685937E0,-1.745427348E0,8.796789209E0
1.379597367E2,-3.926762868E0,-1.742333440E0,8.819348352E0
1.379697138E2,-3.877268234E0,-1.737256302E0,8.842218567E0
1.379796908E2,-3.826497445E0,-1.730546622E0,8.865620878E0
1.379896677E2,-3.773881567E0,-1.722995674E0,8.889612004E0
1.379996448E2,-3.721817375E0,-1.714580215E0,8.913158156E0
1.380096218E2,-3.671238959E0,-1.705577257E0,8.935833074E0
1.380195987E2,-3.620564649E0,-1.696740214E0,8.958163006E0
1.380295757E2,-3.568527354E0,-1.688545341E0,8.980563689E0
1.380395528E2,-3.516499706E0,-1.681029623E0,9.002470282E0
1.380495298E2,-3.464162448E0,-1.674460568E0,9.023960554E0
1.380595067E2,-3.411136388E0,-1.668881301E0,9.045168990E0
1.380694838E2,-3.358550624E0,-1.663722303E0,9.065774578E0
1.380794608E2,-3.306843111E0,-1.658469018E0,9.085723523E0
1.380894377E2,-3.254792951E0,-1.652665218E0,9.105554355E0
1.380994148E2,-3.202271799E0,-1.645780560E0,9.125402144E0
1.381093918E2,-3.150337706E0,-1.637874540E0,9.144880389E0
1.381193688E2,-3.099780341E0,-1.629028434E0,9.163718364E0
1.381293457E2,-3.049552174E0,-1.619357870E0,9.182266316E0
1.381393238E2,-2.999471356E0,-1.608752336E0,9.200607862E0
1.381493008E2,-2.948981234E0,-1.597656221E0,9.218844743E0
1.381592777E2,-2.897176073E0,-1.586448278E0,9.237188628E0
1.381692548E2,-2.845242565E0,-1.574656345E0,9.255330784E0
1.381792318E2,-2.792425543E0,-1.562301617E0,9.273493406E0
1.381892087E2,-2.739639804E0,-1.549187189E0,9.291420384E0
1.381991857E2,-2.687159874E0,-1.536072615E0,9.308907067E0
1.382091628E2,-2.634378228E0,-1.522801628E0,9.326158108E0
1.382191398E2,-2.581591904E0,-1.508680018E0,9.343199233E0
1.382291167E2,-2.527346407E0,-1.494050430E0,9.360364904E0
1.382390938E2,-2.473076644E0,-1.479917856E0,9.377090864E0
1.382490708E2,-2.419748283E0,-1.466242827E0,9.393138548E0
1.382590477E2,-2.366018219E0,-1.451771699E0,9.409060516E0
1.382690247E2,-2.312657260E0,-1.436797564E0,9.424612940E0
1.382790018E2,-2.259157283E0,-1.422299393E0,9.439775940E0
1.382889788E2,-2.205058405E0,-1.407674776E0,9.454748320E0
1.382989557E2,-2.152384055E0,-1.392247921E0,9.469159952E0
1.383089328E2,-2.101504216E0,-1.377144855E0,9.482786888E0
1.383189098E2,-2.051695148E0,-1.363106567E0,9.495713913E0
1.383288867E2,-2.003467606E0,-1.349512376E0,9.507945703E0
1.383388637E2,-1.957173299E0,-1.336170491E0,9.519465303E0
1.383488408E2,-1.911850799E0,-1.322775397E0,9.530539929E0
1.383588178E2,-1.867893186E0,-1.309408224E0,9.541096492E0
1.383687947E2,-1.824728894E0,-1.295097895E0,9.551396948E0
1.383787718E2,-1.781917628E0,-1.279395197E0,9.561590983E0
1.383887488E2,-1.738227671E0,-1.263119180E0,9.571791451E0
1.383987257E2,-1.692425554E0,-1.246373924E0,9.582188970E0
1.384087027E2,-1.645794009E0,-1.228575876E0,9.592604615E0
1.384186798E2,-1.599367994E0,-1.210117605E0,9.602798651E0
1.384286578E2,-1.554178518E0,-1.191423472E0,9.612551222E0
1.384386347E2,-1.509984239E0,-1.173023381E0,9.621853557E0
1.384486118E2,-1.466122813E0,-1.154369593E0,9.630888675E0
1.384585888E2,-1.422101026E0,-1.135129549E0,9.639772350E0
1.384685657E2,-1.377758520E0,-1.115956456E0,9.648446694E0
1.384785428E2,-1.333676215E0,-1.097078136E0,9.656802365E0
1.384885198E2,-1.291147808E0,-1.077790949E0,9.664750485E0
1.384984967E2,-1.250322841E0,-1.057998416E0,9.672302164E0
1.385084737E2,-1.209539681E0,-1.038462065E0,9.679602998E0
1.385184508E2,-1.168365342E0,-1.019677373E0,9.686654740E0
1.385284278E2,-1.127876298E0,-1.001338092E0,9.693364420E0
1.385384047E2,-1.088358695E0,-9.830670784E-1,9.699750164E0
1.385483818E2,-1.049473249E0,-9.650520263E-1,9.705842378E0
1.385583588E2,-1.010520194E0,-9.475242665E-1,9.711701288E0
1.385683357E2,-9.716833536E-1,-9.303649543E-1,9.717322217E0
1.385783127E2,-9.340832718E-1,-9.132894766E-1,9.722627980E0
1.385882898E2,-8.990610813E-1,-8.963538936E-1,9.727503973E0
1.385982668E2,-8.669521198E-1,-8.795802784E-1,9.731949027E0
1.386082437E2,-8.372309420E-1,-8.624257171E-1,9.736085932E0
1.386182208E2,-8.091818485E-1,-8.446763478E-1,9.740012922E0
1.386281978E2,-7.828296170E-1,-8.267886188E-1,9.743700176E0
1.386381747E2,-7.576015858E-1,-8.092384203E-1,9.747167575E0
1.386481517E2,-7.337314973E-1,-7.913112956E-1,9.750464820E0
1.386581288E2,-7.117844850E-1,-7.730593581E-1,9.753555073E0
1.386681058E2,-6.907006679E-1,-7.549197603E-1,9.756491545E0
1.386780827E2,-6.703930686E-1,-7.371230286E-1,9.759268388E0
1.386880598E2,-6.515246885E-1,-7.186292356E-1,9.761925362E0
1.386980368E2,-6.331971026E-1,-6.988827498E-1,9.764564795E0
1.387080147E2,-6.146909574E-1,-6.789731998E-1,9.767151604E0
1.387179917E2,-5.956896627E-1,-6.596249094E-1,9.769654212E0
1.387279688E2,-5.767846278E-1,-6.408395597E-1,9.772038707E0
1.387379458E2,-5.588284864E-1,-6.222267759E-1,9.774284622E0
1.387479235E2,-5.410522930E-1,-6.037559333E-1,9.776443414E0
1.387579005E2,-5.232537340E-1,-5.858552673E-1,9.778501049E0
1.387678775E2,-5.058337091E-1,-5.680959943E-1,9.780465129E0
1.387778545E2,-4.884581961E-1,-5.507946313E-1,9.782337992E0
1.387878315E2,-4.729442174E-1,-5.338263039E-1,9.784040701E0
1.387978085E2,-4.588617832E-1,-5.176130347E-1,9.785582612E0
1.388077855E2,-4.455768727E-1,-5.018478084E-1,9.787017519E0
1.388177625E2,-4.346239780E-1,-4.863507865E-1,9.788292212E0
1.388277395E2,-4.257742171E-1,-4.711015039E-1,9.789427156E0
1.388377165E2,-4.191533052E-1,-4.562737325E-1,9.790414751E0
1.388476935E2,-4.148048771E-1,-4.413472893E-1,9.791284232E0
1.388576705E2,-4.133551330E-1,-4.258618888E-1,9.792031506E0
1.388676475E2,-4.135668388E-1,-4.104602862E-1,9.792679963E0
1.388776245E2,-4.140647292E-1,-3.953628485E-1,9.793280472E0
1.388876015E2,-4.151991256E-1,-3.796399414E-1,9.793854083E0
1.388975785E2,-4.172252589E-1,-3.630915171E-1,9.794395536E0
1.389075555E2,-4.195559591E-1,-3.462312901E-1,9.794906582E0
1.389175325E2,-4.220674478E-1,-3.291815036E-1,9.795386639E0
1.389275095E2,-4.235884913E-1,-3.119293303E-1,9.795885406E0
1.389374865E2,-4.228995432E-1,-2.952179880E-1,9.796433290E0
1.389474635E2,-4.194840749E-1,-2.798333972E-1,9.797031460E0
1.389574405E2,-4.145890783E-1,-2.654288362E-1,9.797640740E0
1.389674175E2,-4.100297850E-1,-2.510656809E-1,9.798211429E0
1.389773955E2,-4.074100131E-1,-2.371389471E-1,9.798667511E0
1.389873725E2,-4.063781257E-1,-2.242283680E-1,9.799014251E0
1.389973495E2,-4.050632696E-1,-2.119317649E-1,9.799342280E0
1.390073265E2,-4.044824584E-1,-1.996080270E-1,9.799625285E0
1.390173035E2,-4.054351160E-1,-1.876632983E-1,9.799821752E0
1.390272805E2,-4.074722859E-1,-1.761425110E-1,9.799950975E0
1.390372575E2,-4.100729447E-1,-1.643903385E-1,9.800046870E0
1.390472345E2,-4.133180032E-1,-1.522465030E-1,9.800106511E0
1.390572115E2,-4.175544572E-1,-1.410953511E-1,9.800093647E0
1.390671885E2,-4.225387700E-1,-1.311101340E-1,9.800018803E0
1.390771655E2,-4.292904037E-1,-1.206911266E-1,9.799859174E0
1.390871425E2,-4.388200130E-1,-1.091066138E-1,9.799573245E0
1.390971195E2,-4.499170051E-1,-9.763029280E-2,9.799190837E0
1.391070965E2,-4.626307888E-1,-8.622484186E-2,9.798706103E0
1.391170735E2,-4.770636539E-1,-7.384492958E-2,9.798114949E0
1.391270505E2,-4.932654114E-1,-6.114993918E-2,9.797400420E0
1.391370275E2,-5.099350923E-1,-4.894052806E-2,9.796615139E0
1.391470045E2,-5.272668242E-1,-3.614874340E-2,9.795753259E0
1.391569815E2,-5.454311997E-1,-2.206868009E-2,9.794800748E0
1.391669585E2,-5.633813112E-1,-8.556814244E-3,9.793805552E0
1.391769355E2,-5.811743519E-1,2.899423822E-3,9.792769425E0
1.391869125E2,-5.995688883E-1,1.319710634E-2,9.791651437E0
1.391968895E2,-6.196338281E-1,2.391829601E-2,9.790382007E0
1.392068665E2,-6.395847472E-1,3.531840223E-2,9.789064629E0
1.392168435E2,-6.581003941E-1,4.661259620E-2,9.787789936E0
1.392268205E2,-6.758008660E-1,5.753125273E-2,9.786525768E0
1.392367975E2,-6.931471429E-1,6.800999308E-2,9.785245228E0
1.392467755E2,-7.103717246E-1,7.775136757E-2,9.783937206E0
1.392567525E2,-7.276675692E-1,8.699780722E-2,9.782588253E0
1.392667295E2,-7.446644749E-1,9.653330946E-2,9.781219420E0
1.392767065E2,-7.620692971E-1,1.062657624E-1,9.779778081E0
1.392866835E2,-7.802805964E-1,1.146208488E-1,9.778247280E0
1.392966605E2,-7.980681919E-1,1.216213547E-1,9.776727004E0
1.393066375E2,-8.151906665E-1,1.288193868E-1,9.775222515E0
1.393166145E2,-8.334385841E-1,1.364314566E-1,9.773580033E0
1.393265915E2,-8.526612324E-1,1.433148902E-1,9.771823529E0
1.393365685E2,-8.722716974E-1,1.492073578E-1,9.770003875E0
1.393465455E2,-8.921586625E-1,1.556764705E-1,9.768107039E0
1.393565225E2,-9.115030792E-1,1.621836176E-1,9.766214880E0
1.393664995E2,-9.312828210E-1,1.686560285E-1,9.764239106E0
1.393764765E2,-9.505415759E-1,1.750723975E-1,9.762270348E0
1.393864535E2,-9.716608418E-1,1.815182584E-1,9.760072964E0
1.393964305E2,-9.934854280E-1,1.869129544E-1,9.757773839E0
1.394064075E2,-1.015584614E0,1.911752091E-1,9.755415657E0
1.394163845E2,-1.038979324E0,1.949289023E-1,9.752877966E0
1.394263615E2,-1.064993733E0,1.986861769E-1,9.749995288E0
1.394363385E2,-1.091830260E0,2.020723726E-1,9.746957075E0
1.394463155E2,-1.119377297E0,2.044642675E-1,9.743782037E0
1.394562925E2,-1.146774572E0,2.061853223E-1,9.740559052E0
1.394662695E2,-1.175241303E0,2.074797314E-1,9.737138430E0
1.394762465E2,-1.205073358E0,2.085305857E-1,9.733468718E0
1.394862235E2,-1.235427497E0,2.094446700E-1,9.729642885E0
1.394962005E2,-1.264721024E0,2.119436786E-1,9.725824653E0
1.395061785E2,-1.294228706E0,2.149056953E-1,9.721876613E0
1.395161555E2,-1.323076383E0,2.169868838E-1,9.717946699E0
1.395261325E2,-1.352754803E0,2.179775300E-1,9.713837276E0
1.395361095E2,-1.381621776E0,2.190321667E-1,9.709750072E0
1.395460865E2,-1.409941449E0,2.204969491E-1,9.705645327E0
1.395560635E2,-1.439702461E0,2.202504341E-1,9.701280380E0
1.395660405E2,-1.470879084E0,2.183705908E-1,9.696645293E0
1.395760175E2,-1.502146193E0,2.168208960E-1,9.691885659E0
1.395859945E2,-1.533747908E0,2.166331821E-1,9.686938915E0
1.395959715E2,-1.567769933E0,2.150555850E-1,9.681526147E0
1.396059485E2,-1.602599311E0,2.107638749E-1,9.675916328E0
1.396159255E2,-1.637566830E0,2.057459772E-1,9.670167931E0
1.396259025E2,-1.674083423E0,2.011955460E-1,9.664008474E0
1.396358795E2,-1.712052464E0,1.959881620E-1,9.657461346E0
1.396458565E2,-1.750284922E0,1.905294024E-1,9.650714829E0
1.396558335E2,-1.789985762E0,1.858054369E-1,9.643522754E0
1.396658105E2,-1.833056206E0,1.812551885E-1,9.635514992E0
1.396757875E2,-1.876495464E0,1.751343231E-1,9.627262816E0
1.396857645E2,-1.920104875E0,1.683149348E-1,9.618782015E0
1.396957415E2,-1.966200084E0,1.620724108E-1,9.609572650E0
1.397057185E2,-2.012299532E0,1.552056600E-1,9.600138752E0
1.397156955E2,-2.056456243E0,1.462391284E-1,9.590917693E0
1.397256725E2,-2.100743639E0,1.356347277E-1,9.581470347E0
1.397356495E2,-2.146833147E0,1.241579499E-1,9.571404950E0
1.397456253E2,-2.194535317E0,1.130650966E-1,9.560717994E0
1.397556033E2,-2.243130649E0,1.015541400E-1,9.549562676E0
1.397655802E2,-2.291424119E0,9.012993224E-2,9.538205044E0
1.397755573E2,-2.338446404E0,8.116750281E-2,9.526866124E0
1.397855343E2,-2.386562119E0,7.377755870E-2,9.514986920E0
1.397955112E2,-2.434965516E0,6.546649082E-2,9.502776180E0
1.398054882E2,-2.482669294E0,5.678872030E-2,9.490480655E0
1.398154653E2,-2.531266673E0,4.851158911E-2,9.477681100E0
1.398254423E2,-2.581258612E0,3.933302284E-2,9.464230165E0
1.398354192E2,-2.631475670E0,2.841838398E-2,9.450430151E0
1.398453963E2,-2.680851313E0,1.615994876E-2,9.436571081E0
1.398553733E2,-2.730674560E0,3.651829428E-3,9.422287502E0
1.398653502E2,-2.781626028E0,-9.260054416E-3,9.407367747E0
1.398753272E2,-2.834705005E0,-2.324967832E-2,9.391486124E0
1.398853043E2,-2.890101819E0,-3.817135697E-2,9.374537385E0
1.398952813E2,-2.946390625E0,-5.281920548E-2,9.356927326E0
1.399052582E2,-3.003862615E0,-6.624092713E-2,9.338550112E0
1.399152353E2,-3.062922709E0,-7.851770913E-2,9.319250792E0
1.399252123E2,-3.121888663E0,-9.047032242E-2,9.299555030E0
1.399351892E2,-3.180347956E0,-1.017209592E-1,9.279609008E0
1.399451662E2,-3.237802112E0,-1.130395973E-1,9.259587557E0
1.399551433E2,-3.294399067E0,-1.252895506E-1,9.239444484E0
1.399651203E2,-3.352114009E0,-1.389722454E-1,9.218466429E0
1.399750972E2,-3.410941384E0,-1.552355722E-1,9.196601350E0
1.399850753E2,-3.470276297E0,-1.723458956E-1,9.174070859E0
1.399950523E2,-3.529956488E0,-1.892172872E-1,9.150939859E0
1.400050292E2,-3.589857704E0,-2.067257878E-1,9.127227645E0
1.400150063E2,-3.650175827E0,-2.255450148E-1,9.102826629E0
1.400249833E2,-3.710840397E0,-2.440230020E-1,9.077787098E0
1.400349602E2,-3.772562143E0,-2.611063003E-1,9.051834231E0
1.400449372E2,-3.834981170E0,-2.776965870E-1,9.025070940E0
1.400549143E2,-3.897465101E0,-2.944860993E-1,8.997729945E0
1.400648913E2,-3.959895238E0,-3.113400041E-1,8.969860361E0
1.400748682E2,-4.022885246E0,-3.278533816E-1,8.941197309E0
1.400848453E2,-4.086690648E0,-3.447360839E-1,8.911577654E0
1.400948223E2,-4.150902431E0,-3.619942506E-1,8.881163946E0
1.401047992E2,-4.215430841E0,-3.783572085E-1,8.850033370E0
1.401147762E2,-4.280424105E0,-3.945782252E-1,8.818071320E0
1.401247533E2,-4.346128098E0,-4.127870395E-1,8.785036891E0
1.401347303E2,-4.412078551E0,-4.323581819E-1,8.751155784E0
1.401447072E2,-4.478366096E0,-4.513863738E-1,8.716454898E0
1.401546843E2,-4.545378111E0,-4.689806092E-1,8.680765833E0
1.401646613E2,-4.611771491E0,-4.870965258E-1,8.644675063E0
1.401746382E2,-4.676256631E0,-5.060795480E-1,8.608867884E0
1.401846152E2,-4.740584774E0,-5.242198036E-1,8.572522761E0
1.401945923E2,-4.805922731E0,-5.418626805E-1,8.534963171E0
1.402045693E2,-4.871794832E0,-5.598156791E-1,8.496370963E0
1.402145462E2,-4.936421183E0,-5.776310488E-1,8.457788696E0
1.402245233E2,-5.000320140E0,-5.945083790E-1,8.418994174E0
1.402345013E2,-5.064636589E0,-6.114359587E-1,8.379242463E0
1.402444782E2,-5.128163663E0,-6.305357424E-1,8.339091972E0
1.402544552E2,-5.190838798E0,-6.498754082E-1,8.298732151E0
1.402644323E2,-5.253810972E0,-6.675834815E-1,8.257596989E0
1.402744093E2,-5.318229747E0,-6.849942970E-1,8.214822852E0
1.402843862E2,-5.382077833E0,-7.038262052E-1,8.171533576E0
1.402943633E2,-5.443672403E0,-7.233672345E-1,8.128915560E0
1.403043403E2,-5.503694072E0,-7.421612088E-1,8.086695739E0
1.403143172E2,-5.562773169E0,-7.606962246E-1,8.044439081E0
1.403242942E2,-5.619230960E0,-7.804497271E-1,8.003202177E0
1.403342713E2,-5.673304841E0,-8.003055558E-1,7.962990875E0
1.403442483E2,-5.727081683E0,-8.189130771E-1,7.922500661E0
1.403542252E2,-5.780921091E0,-8.378114974E-1,7.881314628E0
1.403642023E2,-5.832594105E0,-8.582060739E-1,7.840946036E0
1.403741793E2,-5.881732936E0,-8.784319583E-1,7.801902423E0
1.403841562E2,-5.929556143E0,-8.971850022E-1,7.763473937E0
1.403941332E2,-5.976622136E0,-9.157765167E-1,7.725117956E0
1.404041103E2,-6.020722421E0,-9.354586831E-1,7.688427848E0
1.404140873E2,-6.061848813E0,-9.546095569E-1,7.653679599E0
1.404240642E2,-6.102903283E0,-9.720037810E-1,7.618784586E0
1.404340413E2,-6.144679885E0,-9.895248165E-1,7.582865725E0
1.404440183E2,-6.185073035E0,-1.007889459E0,7.547524568E0
1.404539962E2,-6.223712021E0,-1.025560476E0,7.513303739E0
1.404639733E2,-6.261791428E0,-1.042182575E0,7.479299841E0
1.404739503E2,-6.299856802E0,-1.059098643E0,7.444878452E0
1.404839272E2,-6.335486811E0,-1.077124732E0,7.411983771E0
1.404939042E2,-6.368403711E0,-1.095212582E0,7.381059601E0
1.405038813E2,-6.400384473E0,-1.113808701E0,7.350551754E0
1.405138583E2,-6.431375885E0,-1.134550529E0,7.320266685E0
1.405238352E2,-6.460129568E0,-1.156651688E0,7.291431726E0
1.405338123E2,-6.486789363E0,-1.177535385E0,7.264370227E0
1.405437893E2,-6.511542381E0,-1.195899881E0,7.239180422E0
1.405537662E2,-6.533751276E0,-1.212501442E0,7.216372772E0
1.405637432E2,-6.552009206E0,-1.228460248E0,7.197094502E0
1.405737203E2,-6.566138418E0,-1.244072021E0,7.181519274E0
1.405836973E2,-6.578473120E0,-1.260005684E0,7.167439179E0
1.405936742E2,-6.589147212E0,-1.277336100E0,7.154554254E0
1.406036513E2,-6.596855012E0,-1.296085928E0,7.144071366E0
1.406136283E2,-6.602616273E0,-1.315325460E0,7.135228037E0
1.406236052E2,-6.607479987E0,-1.335299402E0,7.127011530E0
1.406335822E2,-6.610470253E0,-1.356290468E0,7.120271444E0
1.406435593E2,-6.610234026E0,-1.376570074E0,7.116598223E0
1.406535363E2,-6.606946721E0,-1.394755499E0,7.116109396E0
1.406635132E2,-6.601564944E0,-1.411259850E0,7.117850112E0
1.406734913E2,-6.593942513E0,-1.427012103E0,7.121773594E0
1.406834683E2,-6.585759335E0,-1.441361024E0,7.126454290E0
1.406934452E2,-6.580348907E0,-1.455119084E0,7.128656352E0
1.407034222E2,-6.578425757E0,-1.470170402E0,7.127343067E0
1.407133993E2,-6.577021256E0,-1.486928814E0,7.125162640E0
1.407233763E2,-6.575202187E0,-1.504279403E0,7.123198560E0
1.407333532E2,-6.573440421E0,-1.521467586E0,7.121173670E0
1.407433304E2,-6.570993946E0,-1.538432844E0,7.119786125E0
1.407533074E2,-6.566903234E0,-1.554873168E0,7.119989609E0
1.407632844E2,-6.560767751E0,-1.570733301E0,7.122164188E0
1.407732614E2,-6.553723025E0,-1.585942494E0,7.125279585E0
1.407832384E2,-6.545396006E0,-1.601050822E0,7.129553314E0
1.407932154E2,-6.534602045E0,-1.615691958E0,7.136148389E0
1.408031924E2,-6.522421710E0,-1.629197857E0,7.144215792E0
1.408131694E2,-6.508498321E0,-1.642496472E0,7.153862529E0
1.408231464E2,-6.491367733E0,-1.656002663E0,7.166303065E0
1.408331234E2,-6.470891953E0,-1.669034645E0,7.181780645E0
1.408431004E2,-6.448014722E0,-1.680833887E0,7.199584247E0
1.408530774E2,-6.423769242E0,-1.691480790E0,7.218737971E0
1.408630544E2,-6.398961845E0,-1.702222417E0,7.238219724E0
1.408730314E2,-6.375260156E0,-1.713460327E0,7.256460698E0
1.408830084E2,-6.354328294E0,-1.724993522E0,7.272070425E0
1.408929854E2,-6.333449056E0,-1.736996540E0,7.287411765E0
1.409029634E2,-6.310339690E0,-1.748794174E0,7.304616612E0
1.409129404E2,-6.285463296E0,-1.759415642E0,7.323490255E0
1.409229174E2,-6.259960665E0,-1.769161488E0,7.342960314E0
1.409328944E2,-6.234079719E0,-1.778641433E0,7.362661337E0
1.409428714E2,-6.207906412E0,-1.788210986E0,7.382431943E0
1.409528484E2,-6.181033779E0,-1.796990142E0,7.402820599E0
1.409628254E2,-6.153744239E0,-1.804208968E0,7.423769419E0
1.409728024E2,-6.125124457E0,-1.810747617E0,7.445814006E0
1.409827794E2,-6.095246939E0,-1.817587105E0,7.468630427E0
1.409927564E2,-6.065395149E0,-1.824430102E0,7.491230500E0
1.410027334E2,-6.035503598E0,-1.830706064E0,7.513807769E0
1.410127104E2,-6.005030249E0,-1.836562635E0,7.536759844E0
1.410226874E2,-5.973461131E0,-1.841747069E0,7.560543979E0
1.410326644E2,-5.941625966E0,-1.845925051E0,7.584573112E0
1.410426414E2,-5.909334133E0,-1.848694731E0,7.609086394E0
1.410526184E2,-5.875756497E0,-1.850118674E0,7.634700122E0
1.410625954E2,-5.840598359E0,-1.850006700E0,7.661656955E0
1.410725724E2,-5.805154876E0,-1.847504092E0,7.689148809E0
1.410825494E2,-5.769582755E0,-1.842026712E0,7.717185624E0
1.410925264E2,-5.730563115E0,-1.830748310E0,7.748878117E0
1.411025044E2,-5.692011838E0,-1.820331934E0,7.779684758E0
1.411124814E2,-5.653526634E0,-1.811832275E0,7.809673373E0
1.411224584E2,-5.614360814E0,-1.805085904E0,7.839433361E0
1.411324354E2,-5.576640426E0,-1.804443734E0,7.866458023E0
1.411424124E2,-5.539469091E0,-1.807125998E0,7.892064149E0
1.411523894E2,-5.503545552E0,-1.811025944E0,7.916266360E0
1.411623664E2,-5.467581083E0,-1.816202192E0,7.939966294E0
1.411723434E2,-5.430951785E0,-1.821639956E0,7.963824103E0
1.411823204E2,-5.393771680E0,-1.826736828E0,7.987888904E0
1.411922974E2,-5.355083578E0,-1.831171941E0,8.012864116E0
1.412022744E2,-5.314271182E0,-1.834575021E0,8.039214009E0
1.412122514E2,-5.271326891E0,-1.837247052E0,8.066829239E0
1.412222284E2,-5.227703154E0,-1.839569712E0,8.094640351E0
1.412322054E2,-5.184712086E0,-1.842355911E0,8.121612387E0
1.412421824E2,-5.141470757E0,-1.845777701E0,8.148280953E0
1.412521594E2,-5.097440638E0,-1.849418178E0,8.175075234E0
1.412621364E2,-5.053295914E0,-1.853142854E0,8.201594696E0
1.412721134E2,-5.008821407E0,-1.856798095E0,8.228007739E0
1.412820904E2,-4.964322926E0,-1.860229826E0,8.254158826E0
1.412920674E2,-4.920642471E0,-1.863348292E0,8.279571995E0
1.413020444E2,-4.878082050E0,-1.866195593E0,8.304078845E0
1.413120224E2,-4.835857260E0,-1.868548367E0,8.328211473E0
1.413219994E2,-4.794081535E0,-1.870417722E0,8.351910823E0
1.413319764E2,-4.752920645E0,-1.871833771E0,8.375086847E0
1.413419534E2,-4.711905351E0,-1.872860981E0,8.398002085E0
1.413519304E2,-4.669856269E0,-1.873660149E0,8.421278681E0
1.413619074E2,-4.626820469E0,-1.874413563E0,8.444833020E0
1.413718844E2,-4.585361079E0,-1.874834855E0,8.467323166E0
1.413818614E2,-4.545142468E0,-1.875593969E0,8.488811683E0
1.413918384E2,-4.504325687E0,-1.875941148E0,8.510463923E0
1.414018154E2,-4.461732522E0,-1.875391656E0,8.532991490E0
1.414117924E2,-4.417597738E0,-1.874623624E0,8.556092670E0
1.414217694E2,-4.372651945E0,-1.872384579E0,8.579638238E0
1.414317464E2,-4.327843855E0,-1.869465210E0,8.602962781E0
1.414417234E2,-4.282846899E0,-1.866798441E0,8.626029462E0
1.414517004E2,-4.236667344E0,-1.863809929E0,8.649448730E0
1.414616774E2,-4.189956277E0,-1.860740434E0,8.672832330E0
1.414716544E2,-4.142807546E0,-1.857350657E0,8.696176754E0
1.414816314E2,-4.095048073E0,-1.852863796E0,8.719723492E0
1.414916084E2,-4.046389591E0,-1.846988221E0,8.743652637E0
1.415015854E2,-3.996874784E0,-1.840838558E0,8.767691125E0
1.415115634E2,-3.946808293E0,-1.835515399E0,8.791455379E0
1.415215404E2,-3.898627236E0,-1.831146652E0,8.813836182E0
1.415315174E2,-3.853429720E0,-1.827239396E0,8.834499072E0
1.415414944E2,-3.809073620E0,-1.823403330E0,8.854505321E0
1.415514714E2,-3.762601119E0,-1.818087188E0,8.875443615E0
1.415614484E2,-3.714628515E0,-1.810868800E0,8.897099948E0
1.415714254E2,-3.665756317E0,-1.801966999E0,8.919150383E0
1.415814024E2,-3.616532409E0,-1.791476510E0,8.941331211E0
1.415913794E2,-3.567261139E0,-1.779522754E0,8.963483972E0
1.416013564E2,-3.518448291E0,-1.766702296E0,8.985287070E0
1.416113334E2,-3.469609422E0,-1.754329295E0,9.006677354E0
1.416213104E2,-3.420215652E0,-1.742270290E0,9.027885790E0
1.416312874E2,-3.369848614E0,-1.730903741E0,9.048988391E0
1.416412644E2,-3.318496904E0,-1.720250699E0,9.069973463E0
1.416512414E2,-3.265406232E0,-1.710260731E0,9.091107055E0
1.416612184E2,-3.211591091E0,-1.701139951E0,9.111965243E0
1.416711954E2,-3.158573217E0,-1.691861444E0,9.132202456E0
1.416811724E2,-3.106980017E0,-1.681617706E0,9.151772502E0
1.416911494E2,-3.057429543E0,-1.669839514E0,9.170597613E0
1.417011264E2,-3.008925135E0,-1.657984430E0,9.188773098E0
1.417111034E2,-2.960050013E0,-1.646713191E0,9.206657392E0
1.417210814E2,-2.912778198E0,-1.635043172E0,9.223798504E0
1.417310584E2,-2.866037018E0,-1.622536855E0,9.240633223E0
1.417410354E2,-2.818525760E0,-1.609271569E0,9.257551557E0
1.417510123E2,-2.770386803E0,-1.596289727E0,9.274314939E0
1.417609892E2,-2.722599848E0,-1.583052946E0,9.290721057E0
1.417709662E2,-2.676151613E0,-1.568708849E0,9.306635424E0
1.417809433E2,-2.630031992E0,-1.554005587E0,9.322236965E0
1.417909203E2,-2.582374553E0,-1.539352465E0,9.337978254E0
1.418008972E2,-2.533319338E0,-1.523364130E0,9.354023598E0
1.418108743E2,-2.483498429E0,-1.505692968E0,9.370230911E0
1.418208513E2,-2.432799415E0,-1.487732660E0,9.386385598E0
1.418308282E2,-2.381352396E0,-1.469998493E0,9.402359607E0
1.418408052E2,-2.330352981E0,-1.451742171E0,9.417961732E0
1.418507823E2,-2.279566843E0,-1.433670766E0,9.433146951E0
1.418607593E2,-2.227880673E0,-1.416636219E0,9.448057351E0
1.418707362E2,-2.176618425E0,-1.399975893E0,9.462478339E0
1.418807133E2,-2.126207533E0,-1.382973360E0,9.476429796E0
1.418906903E2,-2.076300085E0,-1.365615023E0,9.490004107E0
1.419006672E2,-2.026361940E0,-1.349322780E0,9.503119996E0
1.419106442E2,-1.978182345E0,-1.333425370E0,9.515506738E0
1.419206223E2,-1.933052073E0,-1.316665934E0,9.527108783E0
1.419305993E2,-1.889144161E0,-1.299242693E0,9.538302108E0
1.419405762E2,-1.845692186E0,-1.282464693E0,9.549073264E0
1.419505533E2,-1.802820254E0,-1.265857285E0,9.559474291E0
1.419605303E2,-1.761141593E0,-1.248460649E0,9.569525655E0
1.419705072E2,-1.720030697E0,-1.230281655E0,9.579353070E0
1.419804843E2,-1.678764119E0,-1.212401089E0,9.588948351E0
1.419904613E2,-1.637588319E0,-1.194920984E0,9.598258873E0
1.420004383E2,-1.597527290E0,-1.176938896E0,9.607227332E0
1.420104152E2,-1.558218067E0,-1.158520970E0,9.615918633E0
1.420203923E2,-1.520303844E0,-1.140458263E0,9.624143327E0
1.420303693E2,-1.483953312E0,-1.122492035E0,9.631925971E0
1.420403462E2,-1.448395371E0,-1.103792274E0,9.639496361E0
1.420503233E2,-1.413054507E0,-1.084568456E0,9.646921155E0
1.420603003E2,-1.376824866E0,-1.065487018E0,9.654283385E0
1.420702772E2,-1.340884955E0,-1.046396078E0,9.661427513E0
1.420802542E2,-1.305639693E0,-1.026514010E0,9.668385115E0
1.420902313E2,-1.269376285E0,-1.006371814E0,9.675329268E0
1.421002083E2,-1.231462062E0,-9.866555878E-1,9.682257634E0
1.421101852E2,-1.193408967E0,-9.674716772E-1,9.688956204E0
1.421201633E2,-1.156200356E0,-9.489762763E-1,9.695295171E0
1.421301403E2,-1.120324692E0,-9.308517350E-1,9.701262254E0
1.421401172E2,-1.085262009E0,-9.129268762E-1,9.706949841E0
1.421500942E2,-1.051074290E0,-8.952150752E-1,9.712359685E0
1.421600713E2,-1.017448633E0,-8.777630369E-1,9.717532132E0
1.421700483E2,-9.844883173E-1,-8.606511603E-1,9.722456657E0
1.421800252E2,-9.531249489E-1,-8.434518678E-1,9.727088236E0
1.421900023E2,-9.243455382E-1,-8.258956028E-1,9.731370737E0
1.421999793E2,-8.980249547E-1,-8.080574289E-1,9.735332226E0
1.422099562E2,-8.732223085E-1,-7.897630991E-1,9.739089062E0
1.422199332E2,-8.497160630E-1,-7.709377690E-1,9.742676328E0
1.422299103E2,-8.275440791E-1,-7.520177141E-1,9.746063036E0
1.422398873E2,-8.068917134E-1,-7.333415611E-1,9.749217024E0
1.422498642E2,-7.864248506E-1,-7.148448446E-1,9.752262838E0
1.422598413E2,-7.668456683E-1,-6.959419658E-1,9.755188785E0
1.422698183E2,-7.483322141E-1,-6.769771796E-1,9.757960950E0
1.422797952E2,-7.301908620E-1,-6.575514867E-1,9.760663533E0
1.422897722E2,-7.118506316E-1,-6.375241153E-1,9.763346236E0
1.422997493E2,-6.946056578E-1,-6.169836507E-1,9.765907901E0
1.423097263E2,-6.789604821E-1,-5.966906695E-1,9.768268422E0
1.423197042E2,-6.643196388E-1,-5.764312367E-1,9.770491533E0
1.423296813E2,-6.505818249E-1,-5.558063529E-1,9.772610564E0
1.423396583E2,-6.378099710E-1,-5.356427049E-1,9.774578737E0
1.423496352E2,-6.261917728E-1,-5.165850941E-1,9.776355121E0
1.423596123E2,-6.151672862E-1,-4.981863916E-1,9.778009883E0
1.423695893E2,-6.051264841E-1,-4.805566344E-1,9.779519050E0
1.423795663E2,-5.970813366E-1,-4.635448913E-1,9.780834088E0
1.423895432E2,-5.906517383E-1,-4.473215722E-1,9.781980143E0
1.423995203E2,-5.856670966E-1,-4.310814789E-1,9.783008668E0
1.424094973E2,-5.821726178E-1,-4.144133694E-1,9.783937790E0
1.424194742E2,-5.799906196E-1,-3.977174857E-1,9.784759909E0
1.424294513E2,-5.789792340E-1,-3.813991128E-1,9.785469761E0
1.424394283E2,-5.791743118E-1,-3.648416619E-1,9.786089566E0
1.424494052E2,-5.804346791E-1,-3.474230623E-1,9.786648560E0
1.424593822E2,-5.818040239E-1,-3.300013928E-1,9.787170131E0
1.424693593E2,-5.822959940E-1,-3.130715108E-1,9.787697550E0
1.424793363E2,-5.809592109E-1,-2.961683615E-1,9.788302737E0
1.424893132E2,-5.781824413E-1,-2.789857519E-1,9.788972243E0
1.424992913E2,-5.745747092E-1,-2.619912399E-1,9.789654028E0
1.425092683E2,-5.708953122E-1,-2.455134573E-1,9.790296053E0
1.425192452E2,-5.686891212E-1,-2.287265031E-1,9.790831073E0
1.425292222E2,-5.677203472E-1,-2.119119392E-1,9.791266106E0
1.425391993E2,-5.662797394E-1,-1.962129691E-1,9.791676580E0
1.425491763E2,-5.642275495E-1,-1.817698348E-1,9.792073606E0
1.425591532E2,-5.632161639E-1,-1.683933606E-1,9.792371230E0
1.425691303E2,-5.628885736E-1,-1.552940992E-1,9.792606288E0
1.425791073E2,-5.625627741E-1,-1.424216915E-1,9.792820880E0
1.425890842E2,-5.627327819E-1,-1.299058908E-1,9.792985187E0
1.425990612E2,-5.640940137E-1,-1.174819645E-1,9.793063540E0
1.426090383E2,-5.672786631E-1,-1.055467102E-1,9.793015593E0
1.426190153E2,-5.722361153E-1,-9.373251144E-2,9.792847193E0
1.426289922E2,-5.783478444E-1,-8.101208565E-2,9.792601610E0
1.426389693E2,-5.849785504E-1,-6.759125479E-2,9.792309834E0
1.426489463E2,-5.921843300E-1,-5.406308183E-2,9.791960755E0
1.426589232E2,-6.012093247E-1,-4.052585027E-2,9.791476021E0
1.426689002E2,-6.119208025E-1,-2.663664144E-2,9.790860309E0
1.426788773E2,-6.232347628E-1,-1.257928748E-2,9.790174431E0
1.426888553E2,-6.346485277E-1,1.744758187E-3,9.789449376E0
1.426988322E2,-6.462845600E-1,1.602642782E-2,9.788675205E0
1.427088093E2,-6.592218170E-1,3.005283379E-2,9.787779411E0
1.427187863E2,-6.731077847E-1,4.359198854E-2,9.786783046E0
1.427287632E2,-6.878558513E-1,5.682935388E-2,9.785689616E0
1.427387403E2,-7.034054980E-1,7.027293406E-2,9.784496784E0
1.427487175E2,-7.190456305E-1,8.361617055E-2,9.783255420E0
1.427586945E2,-7.352416138E-1,9.613650279E-2,9.781936288E0
1.427686715E2,-7.526465821E-1,1.083120594E-1,9.780485010E0
1.427786485E2,-7.707247842E-1,1.214022759E-1,9.778923218E0
1.427886255E2,-7.871007156E-1,1.366501150E-1,9.777417560E0
1.427986025E2,-7.983052965E-1,1.528002891E-1,9.776270337E0
1.428085795E2,-8.053457095E-1,1.675291969E-1,9.775451726E0
1.428185565E2,-8.099161857E-1,1.786087570E-1,9.774877530E0
1.428285335E2,-8.141266926E-1,1.859157300E-1,9.774391626E0
1.428385105E2,-8.180003268E-1,1.913024774E-1,9.773964195E0
1.428484875E2,-8.206112547E-1,1.968865318E-1,9.773634412E0
1.428584655E2,-8.221253181E-1,2.037683392E-1,9.773366024E0
1.428684425E2,-8.239276493E-1,2.113775767E-1,9.773052614E0
1.428784195E2,-8.288282738E-1,2.193916061E-1,9.772462045E0
1.428883965E2,-8.372694605E-1,2.272398851E-1,9.771562743E0
1.428983735E2,-8.478408609E-1,2.353334000E-1,9.770459958E0
1.429083505E2,-8.576054918E-1,2.442209120E-1,9.769389333E0
1.429183275E2,-8.665398180E-1,2.544105989E-1,9.768340927E0
1.429283045E2,-8.755997133E-1,2.652686408E-1,9.767243990E0
1.429382815E2,-8.866577482E-1,2.752943498E-1,9.765969297E0
1.429482585E2,-9.017263884E-1,2.833349109E-1,9.764358974E0
1.429582355E2,-9.211880417E-1,2.889901552E-1,9.762376767E0
1.429682125E2,-9.447578026E-1,2.932484082E-1,9.759996951E0
1.429781895E2,-9.707957462E-1,2.963143592E-1,9.757348747E0
1.429881665E2,-9.978603879E-1,2.985595073E-1,9.754549685E0
1.429981435E2,-1.026911548E0,2.999975752E-1,9.751489837E0
1.430081205E2,-1.058680275E0,2.999186743E-1,9.748094358E0
1.430180975E2,-1.092121963E0,2.983530275E-1,9.744452713E0
1.430280745E2,-1.125884955E0,2.955367161E-1,9.740695292E0
1.430380525E2,-1.160781358E0,2.928171030E-1,9.736680593E0
1.430480295E2,-1.198092441E0,2.920090178E-1,9.732184085E0
1.430580065E2,-1.237372281E0,2.939123778E-1,9.727210443E0
1.430679835E2,-1.277435503E0,2.975726800E-1,9.721918713E0
1.430779605E2,-1.318280789E0,3.015400158E-1,9.716342223E0
1.430879375E2,-1.359421214E0,3.041646482E-1,9.710589733E0
1.430979145E2,-1.400320879E0,3.048598456E-1,9.704754796E0
1.431078915E2,-1.441716096E0,3.039991537E-1,9.698718715E0
1.431178685E2,-1.484401647E0,3.014452179E-1,9.692356945E0
1.431278455E2,-1.529322589E0,2.986391391E-1,9.685457230E0
1.431378225E2,-1.576521314E0,2.968482648E-1,9.677941804E0
1.431477995E2,-1.624243949E0,2.957987810E-1,9.670079053E0
1.431577765E2,-1.671750676E0,2.947657607E-1,9.662011065E0
1.431677535E2,-1.719211356E0,2.925411144E-1,9.653747195E0
1.431777305E2,-1.766929606E0,2.883240111E-1,9.645254114E0
1.431877075E2,-1.815449655E0,2.833591403E-1,9.636386812E0
1.431976845E2,-1.864674440E0,2.780823388E-1,9.627136517E0
1.432076625E2,-1.914829225E0,2.731792292E-1,9.617427215E0
1.432176395E2,-1.965898514E0,2.689592571E-1,9.607237272E0
1.432276165E2,-2.017629854E0,2.643686081E-1,9.596633931E0
1.432375935E2,-2.070078794E0,2.593829249E-1,9.585593219E0
1.432475705E2,-2.122612372E0,2.546225422E-1,9.574225062E0
1.432575475E2,-2.174667502E0,2.501863693E-1,9.562652838E0
1.432675245E2,-2.225960155E0,2.455530173E-1,9.550963669E0
1.432775015E2,-2.276997576E0,2.404486539E-1,9.539054645E0
1.432874785E2,-2.329081650E0,2.341511844E-1,9.526628727E0
1.432974555E2,-2.382209890E0,2.262543734E-1,9.513673636E0
1.433074325E2,-2.436783123E0,2.174245479E-1,9.500048454E0
1.433174095E2,-2.493228488E0,2.087000453E-1,9.485586535E0
1.433273865E2,-2.550508398E0,2.002961894E-1,9.470527031E0
1.433373635E2,-2.607655575E0,1.929809207E-1,9.455103831E0
1.433473405E2,-2.665238955E0,1.865148869E-1,9.439163736E0
1.433573175E2,-2.724223620E0,1.797918131E-1,9.422440115E0
1.433672945E2,-2.785036709E0,1.717144146E-1,9.404796141E0
1.433772725E2,-2.847284120E0,1.619719484E-1,9.386311339E0
1.433872495E2,-2.911174307E0,1.505633454E-1,9.366882795E0
1.433972265E2,-2.977558623E0,1.377073738E-1,9.346190668E0
1.434072035E2,-3.045157699E0,1.239687742E-1,9.324577605E0
1.434171805E2,-3.114207761E0,1.095604309E-1,9.301924907E0
1.434271575E2,-3.184263544E0,9.392678518E-2,9.278348349E0
1.434371345E2,-3.254036322E0,7.681361122E-2,9.254266591E0
1.434471115E2,-3.323323488E0,5.940808105E-2,9.229739276E0
1.434570885E2,-3.393573984E0,4.309119736E-2,9.204232551E0
1.434670655E2,-3.465717807E0,2.862071820E-2,9.177367519E0
1.434770425E2,-3.540788455E0,1.619272286E-2,9.148696867E0
1.434870195E2,-3.618470469E0,5.135683169E-3,9.118264448E0
1.434969965E2,-3.698210411E0,-4.932375366E-3,9.086215859E0
1.435069735E2,-3.778812232E0,-1.507031784E-2,9.052980285E0
1.435169505E2,-3.858315654E0,-2.620429009E-2,9.019357626E0
1.435269275E2,-3.936085961E0,-3.839756884E-2,8.985646673E0
1.435369045E2,-4.012040123E0,-5.190218847E-2,8.951924027E0
1.435468825E2,-4.087737007E0,-6.618303512E-2,8.917517840E0
1.435568595E2,-4.163825655E0,-8.118805029E-2,8.882120551E0
1.435668365E2,-4.240234438E0,-9.629854375E-2,8.845746776E0
1.435768135E2,-4.316836471E0,-1.106056937E-1,8.808449727E0
1.435867905E2,-4.392402670E0,-1.243467602E-1,8.770828741E0
1.435967675E2,-4.466322294E0,-1.382094487E-1,8.733210679E0
1.436067445E2,-4.538456177E0,-1.527807009E-1,8.695698452E0
1.436167215E2,-4.609462425E0,-1.676921515E-1,8.657992682E0
1.436266985E2,-4.679723445E0,-1.826033554E-1,8.619915614E0
1.436366755E2,-4.748573825E0,-1.975049845E-1,8.581849070E0
1.436466525E2,-4.816030521E0,-2.123699771E-1,8.543819364E0
1.436566295E2,-4.882803385E0,-2.275877944E-1,8.505441749E0
1.436666065E2,-4.950572029E0,-2.430490751E-1,8.465746756E0
1.436765835E2,-5.019127125E0,-2.592473243E-1,8.424799874E0
1.436865605E2,-5.087624332E0,-2.759869708E-1,8.383078821E0
1.436965375E2,-5.155616341E0,-2.931339490E-1,8.340850815E0
1.437065145E2,-5.222837101E0,-3.103076051E-1,8.298300042E0
1.437164925E2,-5.290415711E0,-3.270257813E-1,8.254735361E0
1.437264695E2,-5.359406424E0,-3.435219461E-1,8.209436982E0
1.437364465E2,-5.430288711E0,-3.598948809E-1,8.162018402E0
1.437464231E2,-5.502788923E0,-3.765440600E-1,8.112559728E0
1.437564001E2,-5.575278609E0,-3.937998512E-1,8.062090071E0
1.437663771E2,-5.646060909E0,-4.117094707E-1,8.011778288E0
1.437763541E2,-5.714883807E0,-4.299306007E-1,7.961869379E0
1.437863311E2,-5.782161285E0,-4.484393040E-1,7.912118345E0
1.437963081E2,-5.848490345E0,-4.665397255E-1,7.862162658E0
1.438062851E2,-5.913943493E0,-4.840300997E-1,7.811983607E0
1.438162621E2,-5.977635459E0,-5.006250094E-1,7.762303324E0
1.438262391E2,-6.038588004E0,-5.164424952E-1,7.713938080E0
1.438362161E2,-6.096235119E0,-5.321511862E-1,7.667387812E0
1.438461931E2,-6.150707780E0,-5.483972364E-1,7.622607495E0
1.438561701E2,-6.203016386E0,-5.653691818E-1,7.578855119E0
1.438661471E2,-6.253678417E0,-5.827256547E-1,7.535783359E0
1.438761241E2,-6.302563478E0,-6.000083431E-1,7.493582835E0
1.438861021E2,-6.349961593E0,-6.167157751E-1,7.452096840E0
1.438960791E2,-6.395486845E0,-6.338664626E-1,7.411616566E0
1.439060561E2,-6.437563993E0,-6.526275464E-1,7.373461729E0
1.439160331E2,-6.476521652E0,-6.727486926E-1,7.337450482E0
1.439260101E2,-6.514061362E0,-6.931774022E-1,7.302233872E0
1.439359871E2,-6.550100675E0,-7.127568039E-1,7.268029414E0
1.439459641E2,-6.582787780E0,-7.305021532E-1,7.236667873E0
1.439559411E2,-6.611246763E0,-7.459329553E-1,7.209098251E0
1.439659181E2,-6.636114972E0,-7.607011217E-1,7.184664491E0
1.439758951E2,-6.658429701E0,-7.758264799E-1,7.162366719E0
1.439858721E2,-6.679807121E0,-7.914430773E-1,7.140720912E0
1.439958491E2,-6.700622624E0,-8.077621445E-1,7.119359863E0
1.440058261E2,-6.720420712E0,-8.251777109E-1,7.098671245E0
1.440158031E2,-6.738399146E0,-8.441001047E-1,7.079376603E0
1.440257801E2,-6.753994839E0,-8.645604625E-1,7.062023821E0
1.440357571E2,-6.767700713E0,-8.855858805E-1,7.046280193E0
1.440457351E2,-6.779522029E0,-9.056645612E-1,7.032350371E0
1.440557121E2,-6.788975222E0,-9.239542864E-1,7.020841881E0
1.440656891E2,-6.795504223E0,-9.406546652E-1,7.012303192E0
1.440756661E2,-6.799659255E0,-9.563525388E-1,7.006149582E0
1.440856431E2,-6.802858266E0,-9.720443460E-1,7.000881241E0
1.440956201E2,-6.806034474E0,-9.880227399E-1,6.995555597E0
1.441055971E2,-6.808567488E0,-1.004678753E0,6.990717611E0
1.441155741E2,-6.809921703E0,-1.021897634E0,6.986901133E0
1.441255511E2,-6.809677874E0,-1.039840619E0,6.984490911E0
1.441355281E2,-6.807488676E0,-1.058588766E0,6.983809125E0
1.441455051E2,-6.803513739E0,-1.077201111E0,6.984836481E0
1.441554821E2,-6.798041915E0,-1.095264622E0,6.987354292E0
1.441654591E2,-6.791539226E0,-1.112745019E0,6.990914662E0
1.441754361E2,-6.784636588E0,-1.129969455E0,6.994853346E0
1.441854131E2,-6.778211668E0,-1.147629508E0,6.998206725E0
1.441953901E2,-6.772436957E0,-1.166146909E0,7.000735645E0
1.442053681E2,-6.766564014E0,-1.184581645E0,7.003318945E0
1.442153451E2,-6.760041445E0,-1.202068693E0,7.006637240E0
1.442253221E2,-6.751434928E0,-1.219038337E0,7.012002645E0
1.442352991E2,-6.740272009E0,-1.235891182E0,7.019787043E0
1.442452761E2,-6.726849725E0,-1.252497713E0,7.029710938E0
1.442552531E2,-6.711196144E0,-1.268339135E0,7.041822860E0
1.442652301E2,-6.693925808E0,-1.283331104E0,7.055531073E0
1.442752071E2,-6.674995447E0,-1.298314302E0,7.070708106E0
1.442851841E2,-6.653727955E0,-1.314088628E0,7.087818813E0
1.442951611E2,-6.630468315E0,-1.330483051E0,7.106532826E0
1.443051381E2,-6.604884993E0,-1.346966644E0,7.127220275E0
1.443151151E2,-6.576706091E0,-1.362735269E0,7.150243687E0
1.443250921E2,-6.546388863E0,-1.377468060E0,7.175198434E0
1.443350691E2,-6.515613797E0,-1.391658814E0,7.200428585E0
1.443450461E2,-6.485771948E0,-1.405694178E0,7.224603313E0
1.443550231E2,-6.457743319E0,-1.420031989E0,7.246873019E0
1.443650011E2,-6.430099438E0,-1.434763757E0,7.268519411E0
1.443749781E2,-6.401822303E0,-1.449138113E0,7.290594989E0
1.443849551E2,-6.372735913E0,-1.463056387E0,7.313261721E0
1.443949321E2,-6.342958968E0,-1.476746473E0,7.336360561E0
1.444049091E2,-6.313538702E0,-1.490586978E0,7.358905086E0
1.444148861E2,-6.284514293E0,-1.504919089E0,7.380799400E0
1.444248631E2,-6.255054266E0,-1.519197112E0,7.402866792E0
1.444348401E2,-6.224965664E0,-1.532739848E0,7.425403131E0
1.444448171E2,-6.194147329E0,-1.545884535E0,7.448414848E0
1.444547941E2,-6.162683462E0,-1.558752795E0,7.471794940E0
1.444647711E2,-6.131254678E0,-1.571475167E0,7.494950498E0
1.444747481E2,-6.100255664E0,-1.584478205E0,7.517473388E0
1.444847251E2,-6.069335003E0,-1.597041825E0,7.539809167E0
1.444947021E2,-6.038316109E0,-1.608887553E0,7.562164242E0
1.445046791E2,-6.007470877E0,-1.620348827E0,7.584250930E0
1.445146561E2,-5.976971800E0,-1.631670206E0,7.605889721E0
1.445246341E2,-5.947015345E0,-1.643024475E0,7.626898182E0
1.445346111E2,-5.918061687E0,-1.653985081E0,7.647024298E0
1.445445881E2,-5.889741282E0,-1.664029574E0,7.666684976E0
1.445545651E2,-5.861522035E0,-1.673297996E0,7.686269056E0
1.445645421E2,-5.833325007E0,-1.682219385E0,7.705747885E0
1.445745191E2,-5.805240245E0,-1.691151592E0,7.724978793E0
1.445844961E2,-5.777547247E0,-1.699768195E0,7.743825538E0
1.445944731E2,-5.750068257E0,-1.707970815E0,7.762451259E0
1.446044501E2,-5.722416775E0,-1.715329097E0,7.781239532E0
1.446144271E2,-5.694808561E0,-1.721433152E0,7.800123700E0
1.446244041E2,-5.667328402E0,-1.726171005E0,7.819068094E0
1.446343811E2,-5.639244810E0,-1.727769487E0,7.838994235E0
1.446443581E2,-5.608242288E0,-1.721641751E0,7.862548574E0
1.446543351E2,-5.578013937E0,-1.717081946E0,7.885017085E0
1.446643121E2,-5.548413577E0,-1.714170325E0,7.906505018E0
1.446742891E2,-5.521326351E0,-1.718085475E0,7.924596888E0
1.446842671E2,-5.495711453E0,-1.725336461E0,7.940810047E0
1.446942441E2,-5.470495920E0,-1.733513938E0,7.956425622E0
1.447042211E2,-5.445088014E0,-1.741678844E0,7.972055814E0
1.447141981E2,-5.419745597E0,-1.750056734E0,7.987474921E0
1.447241751E2,-5.394815993E0,-1.759250019E0,8.002318078E0
1.447341521E2,-5.371025426E0,-1.769068225E0,8.016144989E0
1.447441291E2,-5.349238701E0,-1.779419259E0,8.028413032E0
1.447541064E2,-5.328669366E0,-1.790458656E0,8.039629746E0
1.447640834E2,-5.308435076E0,-1.801810732E0,8.050471653E0
1.447740604E2,-5.288667394E0,-1.813369070E0,8.060880282E0
1.447840374E2,-5.269594361E0,-1.824841453E0,8.070776694E0
1.447940144E2,-5.251572073E0,-1.835711866E0,8.080052717E0
1.448039914E2,-5.234537380E0,-1.846238608E0,8.088703088E0
1.448139684E2,-5.218711306E0,-1.857008741E0,8.096460589E0
1.448239454E2,-5.204821830E0,-1.867778727E0,8.102921178E0
1.448339234E2,-5.193260715E0,-1.878359410E0,8.107891896E0
1.448439004E2,-5.182966107E0,-1.888682669E0,8.112080256E0
1.448538774E2,-5.173547412E0,-1.898361127E0,8.115831830E0
1.448638544E2,-5.164510540E0,-1.907567422E0,8.119428452E0
1.448738314E2,-5.155321056E0,-1.915841963E0,8.123319190E0
1.448838084E2,-5.147034382E0,-1.922905253E0,8.126904117E0
1.448937854E2,-5.139427739E0,-1.929430161E0,8.130170957E0
1.449037624E2,-5.132844944E0,-1.935531731E0,8.132878802E0
1.449137394E2,-5.127632151E0,-1.941264341E0,8.134800197E0
1.449237164E2,-5.122501220E0,-1.946830890E0,8.136702881E0
1.449336934E2,-5.115495670E0,-1.952294528E0,8.139800736E0
1.449436704E2,-5.105774674E0,-1.958089411E0,8.144510669E0
1.449536474E2,-5.093882607E0,-1.964161160E0,8.150492955E0
1.449636244E2,-5.082364177E0,-1.970337574E0,8.156190482E0
1.449736014E2,-5.073318534E0,-1.977041992E0,8.160198748E0
1.449835784E2,-5.066577280E0,-1.984266373E0,8.162633529E0
1.449935564E2,-5.061242280E0,-1.991221636E0,8.164249114E0
1.450035334E2,-5.055424300E0,-1.997823581E0,8.166240676E0
1.450135104E2,-5.047907705E0,-2.003785256E0,8.169429163E0
1.450234874E2,-5.040774686E0,-2.009039417E0,8.172542220E0
1.450334644E2,-5.034747961E0,-2.014035425E0,8.175027872E0
1.450434414E2,-5.029506517E0,-2.018804414E0,8.177077321E0
1.450534184E2,-5.025385399E0,-2.023555276E0,8.178436798E0
1.450633954E2,-5.021923263E0,-2.028478340E0,8.179343702E0
1.450733724E2,-5.018605553E0,-2.033702388E0,8.180082205E0
1.450833494E2,-5.015373212E0,-2.038831566E0,8.180787964E0
1.450933264E2,-5.011202393E0,-2.043728463E0,8.182122298E0
1.451033034E2,-5.004854656E0,-2.048338846E0,8.184854118E0
1.451132804E2,-4.996431742E0,-2.052858598E0,8.188867062E0
1.451232574E2,-4.988309374E0,-2.056993456E0,8.192780018E0
1.451332344E2,-4.982146994E0,-2.060774997E0,8.195579081E0
1.451432124E2,-4.976894440E0,-2.063977078E0,8.197964160E0
1.451531894E2,-4.970384150E0,-2.066706997E0,8.201225737E0
1.451631664E2,-4.961391717E0,-2.068988434E0,8.206094128E0
1.451731434E2,-4.950372639E0,-2.070343965E0,8.212404444E0
1.451831204E2,-4.939137799E0,-2.071081299E0,8.218980807E0
1.451930974E2,-4.929738985E0,-2.071301447E0,8.224565483E0
1.452030744E2,-4.922819390E0,-2.071574804E0,8.228640992E0
1.452130514E2,-4.915675846E0,-2.072723636E0,8.232620607E0
1.452230284E2,-4.906293404E0,-2.074790480E0,8.237695405E0
1.452330054E2,-4.895038976E0,-2.077580918E0,8.243685293E0
1.452429824E2,-4.882649018E0,-2.080338757E0,8.250334747E0
1.452529594E2,-4.870201465E0,-2.082662733E0,8.257103484E0
1.452629364E2,-4.859093510E0,-2.084608540E0,8.263154182E0
1.452729134E2,-4.849628622E0,-2.086309641E0,8.268283945E0
1.452828904E2,-4.840579763E0,-2.087622487E0,8.273253493E0
1.452928684E2,-4.831968277E0,-2.088096258E0,8.278166324E0
1.453028454E2,-4.823460285E0,-2.088034862E0,8.283142304E0
1.453128224E2,-4.814769569E0,-2.087558607E0,8.288317090E0
1.453227994E2,-4.806606563E0,-2.087073872E0,8.293175542E0
1.453327764E2,-4.798469286E0,-2.086767332E0,8.297963242E0
1.453427534E2,-4.789499657E0,-2.086279674E0,8.303266082E0
1.453527304E2,-4.779367309E0,-2.085490593E0,8.309300408E0
1.453627074E2,-4.769136144E0,-2.084516593E0,8.315421274E0
1.453726844E2,-4.759509580E0,-2.083414246E0,8.321211187E0
1.453826614E2,-4.750425054E0,-2.082144377E0,8.326718094E0
1.453926384E2,-4.741245510E0,-2.080035287E0,8.332475848E0
1.454026154E2,-4.729943134E0,-2.077207573E0,8.339600680E0
1.454125924E2,-4.715061678E0,-2.073785929E0,8.348874364E0
1.454225694E2,-4.698356183E0,-2.069749449E0,8.359287086E0
1.454325464E2,-4.682362586E0,-2.065880201E0,8.369212149E0
1.454425234E2,-4.668329561E0,-2.062383566E0,8.377909883E0
1.454525014E2,-4.655780267E0,-2.059254867E0,8.385659198E0
1.454624784E2,-4.643653142E0,-2.056162567E0,8.393138956E0
1.454724554E2,-4.629970365E0,-2.052560536E0,8.401575319E0
1.454824324E2,-4.613461336E0,-2.048499498E0,8.411641885E0
1.454924094E2,-4.595000799E0,-2.043898909E0,8.422858014E0
1.455023864E2,-4.576950444E0,-2.039155355E0,8.433829145E0
1.455123634E2,-4.560967957E0,-2.034667764E0,8.443565344E0
1.455223404E2,-4.547177592E0,-2.030253554E0,8.452061348E0
1.455323174E2,-4.534368681E0,-2.025546253E0,8.460068525E0
1.455422944E2,-4.520688243E0,-2.020515601E0,8.468588503E0
1.455522714E2,-4.505106875E0,-2.015564179E0,8.478066255E0
1.455622484E2,-4.488625328E0,-2.010715376E0,8.487954481E0
1.455722254E2,-4.472670323E0,-2.006039357E0,8.497477841E0
1.455822024E2,-4.456872901E0,-2.001470635E0,8.506850343E0
1.455921794E2,-4.440684884E0,-1.996344674E0,8.516515206E0
1.456021574E2,-4.424272627E0,-1.990464129E0,8.526427406E0
1.456121344E2,-4.408111508E0,-1.984230558E0,8.536245466E0
1.456221114E2,-4.392262630E0,-1.977982516E0,8.545859458E0
1.456320884E2,-4.376923336E0,-1.971939126E0,8.555120863E0
1.456420654E2,-4.361549545E0,-1.965855391E0,8.564367650E0
1.456520424E2,-4.344119579E0,-1.959518032E0,8.574672782E0
1.456620194E2,-4.324324416E0,-1.952517746E0,8.586267811E0
1.456719964E2,-4.303866177E0,-1.945159317E0,8.598208410E0
1.456819734E2,-4.283676619E0,-1.937897368E0,8.609922722E0
1.456919504E2,-4.264627560E0,-1.930399337E0,8.621056405E0
1.457019274E2,-4.247518607E0,-1.922828654E0,8.631188461E0
1.457119044E2,-4.230290663E0,-1.914823670E0,8.641422842E0
1.457218814E2,-4.211397724E0,-1.906151518E0,8.652561203E0
1.457318584E2,-4.190666421E0,-1.897257172E0,8.664573138E0
1.457418354E2,-4.168656917E0,-1.888333444E0,8.677130619E0
1.457518138E2,-4.146922524E0,-1.879665678E0,8.689418542E0
1.457617908E2,-4.126553456E0,-1.871243933E0,8.700925278E0
1.457717677E2,-4.107900546E0,-1.863030203E0,8.711508154E0
1.457817447E2,-4.090121794E0,-1.854745868E0,8.721635531E0
1.457917218E2,-4.071874681E0,-1.845796997E0,8.732065794E0
1.458016988E2,-4.052763933E0,-1.836190022E0,8.742974945E0
1.458116757E2,-4.032460354E0,-1.827069242E0,8.754266503E0
1.458216528E2,-4.011698645E0,-1.818682581E0,8.765544028E0
1.458316298E2,-3.992472708E0,-1.810667510E0,8.775975460E0
1.458416067E2,-3.975973620E0,-1.802319002E0,8.785179563E0
1.458515837E2,-3.960877278E0,-1.793384602E0,8.793822917E0
1.458615608E2,-3.945908991E0,-1.783976579E0,8.802461593E0
1.458715378E2,-3.930153668E0,-1.774940291E0,8.811332404E0
1.458815147E2,-3.913355787E0,-1.766673498E0,8.820465170E0
1.458914918E2,-3.897199930E0,-1.758572181E0,8.829233070E0
1.459014698E2,-3.883007568E0,-1.749828401E0,8.837219782E0
1.459114467E2,-3.870813785E0,-1.740042354E0,8.844498396E0
1.459214237E2,-3.859126078E0,-1.729935881E0,8.851585806E0
1.459314008E2,-3.846803363E0,-1.720212838E0,8.858841616E0
1.459413778E2,-3.834177178E0,-1.710991194E0,8.866098011E0
1.459513547E2,-3.821443112E0,-1.701957100E0,8.873331601E0
1.459613318E2,-3.809482048E0,-1.692388424E0,8.880302067E0
1.459713088E2,-3.798907066E0,-1.682389100E0,8.886730496E0
1.459812857E2,-3.789053338E0,-1.672560077E0,8.892789965E0
1.459912628E2,-3.779145816E0,-1.662739386E0,8.898845927E0
1.460012398E2,-3.769633273E0,-1.652165574E0,8.904847509E0
1.460112168E2,-3.760058165E0,-1.640666439E0,8.911019830E0
1.460211937E2,-3.749960316E0,-1.628483473E0,8.917507315E0
1.460311708E2,-3.740156289E0,-1.616338075E0,8.923832248E0
1.460411478E2,-3.731047204E0,-1.605086424E0,8.929674202E0
1.460511257E2,-3.723136506E0,-1.594330910E0,8.934901612E0
1.460611028E2,-3.715726915E0,-1.583653309E0,8.939883440E0
1.460710798E2,-3.707754821E0,-1.572427094E0,8.945173416E0
1.460810567E2,-3.698334079E0,-1.561197955E0,8.951038173E0
1.460910337E2,-3.687571402E0,-1.550620195E0,8.957315159E0
1.461010108E2,-3.677401047E0,-1.540699517E0,8.963206229E0
1.461109878E2,-3.669530695E0,-1.531045764E0,8.968084561E0
1.461209647E2,-3.663415092E0,-1.520983437E0,8.972296311E0
1.461309418E2,-3.657915494E0,-1.510419564E0,8.976323873E0
1.461409188E2,-3.651608979E0,-1.499926297E0,8.980649643E0
1.461508957E2,-3.645167686E0,-1.489656102E0,8.984974828E0
1.461608727E2,-3.639165227E0,-1.479860261E0,8.989026364E0
1.461708498E2,-3.634443893E0,-1.470104474E0,8.992536448E0
1.461808268E2,-3.631928128E0,-1.459876671E0,8.995218565E0
1.461908037E2,-3.630125724E0,-1.449600774E0,8.997607738E0
1.462007818E2,-3.629006275E0,-1.439260412E0,8.999719167E0
1.462107588E2,-3.628981716E0,-1.428701656E0,9.001411352E0
1.462207357E2,-3.629763781E0,-1.417988387E0,9.002790125E0
1.462307127E2,-3.631595422E0,-1.406848564E0,9.003798770E0
1.462406898E2,-3.634029910E0,-1.395938391E0,9.004514469E0
1.462506668E2,-3.637904275E0,-1.385522600E0,9.004558908E0
1.462606437E2,-3.643550054E0,-1.376120131E0,9.003718078E0
1.462706208E2,-3.650678687E0,-1.366697196E0,9.002265045E0
1.462805978E2,-3.661990418E0,-1.355785707E0,8.999320387E0
1.462905747E2,-3.674667182E0,-1.344451757E0,8.995852988E0
1.463005517E2,-3.686546970E0,-1.332997792E0,8.992696077E0
1.463105288E2,-3.697500266E0,-1.321417820E0,8.989908124E0
1.463205058E2,-3.707875858E0,-1.310219233E0,8.987273369E0
1.463304827E2,-3.717293968E0,-1.299333325E0,8.984962549E0
1.463404598E2,-3.726360661E0,-1.288314393E0,8.982793817E0
1.463504378E2,-3.735853323E0,-1.277100019E0,8.980452007E0
1.463604147E2,-3.745381654E0,-1.265923358E0,8.978065174E0
1.463703918E2,-3.753697271E0,-1.254782804E0,8.976156058E0
1.463803688E2,-3.760042377E0,-1.243730544E0,8.975038655E0
1.463903457E2,-3.764908138E0,-1.233076186E0,8.974468551E0
1.464003227E2,-3.770180280E0,-1.223084756E0,8.973622459E0
1.464102998E2,-3.777974034E0,-1.212900514E0,8.971726792E0
1.464202768E2,-3.787898805E0,-1.202064674E0,8.969000235E0
1.464302537E2,-3.798196044E0,-1.190841820E0,8.966142116E0
1.464402308E2,-3.808113799E0,-1.179614362E0,8.963419068E0
1.464502078E2,-3.817259721E0,-1.168913738E0,8.960929908E0
1.464601847E2,-3.826125562E0,-1.158173426E0,8.958543075E0
1.464701617E2,-3.835229385E0,-1.147330130E0,8.956045144E0
1.464801388E2,-3.845244203E0,-1.136957974E0,8.953073589E0
1.464901158E2,-3.856811165E0,-1.126935627E0,8.949364700E0
1.465000937E2,-3.869494361E0,-1.117264332E0,8.945101495E0
1.465100708E2,-3.881659200E0,-1.107435455E0,8.941051714E0
1.465200478E2,-3.892572151E0,-1.096786652E0,8.937619398E0
1.465300247E2,-3.903076090E0,-1.085795129E0,8.934380041E0
1.465400017E2,-3.915366352E0,-1.075260274E0,8.930275880E0
1.465499788E2,-3.929698170E0,-1.065747292E0,8.925119221E0
1.465599558E2,-3.945164348E0,-1.056829192E0,8.919355035E0
1.465699327E2,-3.961987372E0,-1.048041850E0,8.912932454E0
1.465799098E2,-3.978536454E0,-1.039323871E0,8.906578869E0
1.465898868E2,-3.993862591E0,-1.029835740E0,8.900819947E0
1.465998637E2,-4.008813629E0,-1.019110851E0,8.895331750E0
1.466098407E2,-4.023736308E0,-1.007755704E0,8.889886238E0
1.466198178E2,-4.037952059E0,-9.963404042E-1,8.884725485E0
1.466297948E2,-4.052441752E0,-9.855472481E-1,8.879330844E0
1.466397717E2,-4.067541601E0,-9.756319052E-1,8.873519297E0
1.466497498E2,-4.083626707E0,-9.657930147E-1,8.867206058E0
1.466597268E2,-4.100414648E0,-9.549995662E-1,8.860625017E0
1.466697037E2,-4.117629143E0,-9.426651572E-1,8.853960360E0
1.466796808E2,-4.134206584E0,-9.291090455E-1,8.847665833E0
1.466896578E2,-4.149615459E0,-9.155749340E-1,8.841861302E0
1.466996347E2,-4.164643388E0,-9.034101672E-1,8.836045076E0
1.467096117E2,-4.180465077E0,-8.930110404E-1,8.829628927E0
1.467195888E2,-4.198189449E0,-8.832964763E-1,8.822193022E0
1.467295658E2,-4.217639920E0,-8.733580370E-1,8.813901671E0
1.467395427E2,-4.237136583E0,-8.623146200E-1,8.805633708E0
1.467495193E2,-4.254859786E0,-8.498797850E-1,8.798293698E0
1.467594963E2,-4.270398762E0,-8.369950799E-1,8.791998001E0
1.467694733E2,-4.284915644E0,-8.246671028E-1,8.786098160E0
1.467794503E2,-4.299624900E0,-8.135700376E-1,8.779944550E0
1.467894273E2,-4.315143995E0,-8.033542210E-1,8.773269369E0
1.467994053E2,-4.331790141E0,-7.937256110E-1,8.765939884E0
1.468093823E2,-4.348963998E0,-7.844536080E-1,8.758267168E0
1.468193593E2,-4.366373498E0,-7.750007068E-1,8.750443009E0
1.468293363E2,-4.383306157E0,-7.648951102E-1,8.742863263E0
1.468393133E2,-4.398506871E0,-7.541251968E-1,8.736162354E0
1.468492903E2,-4.412185263E0,-7.435608130E-1,8.730168373E0
1.468592673E2,-4.426154553E0,-7.338587473E-1,8.723915945E0
1.468692443E2,-4.441309952E0,-7.252141506E-1,8.716933785E0
1.468792213E2,-4.457999952E0,-7.171615114E-1,8.709076881E0
1.468891983E2,-4.476421312E0,-7.093339900E-1,8.700263958E0
1.468991753E2,-4.495417162E0,-7.011459877E-1,8.691128853E0
1.469091523E2,-4.513431556E0,-6.921099930E-1,8.682512396E0
1.469191293E2,-4.529810776E0,-6.823109367E-1,8.674754895E0
1.469291063E2,-4.545413779E0,-6.725853360E-1,8.667349396E0
1.469390833E2,-4.561253886E0,-6.639454901E-1,8.659690713E0
1.469490603E2,-4.578037149E0,-6.568243124E-1,8.651373049E0
1.469590383E2,-4.596109139E0,-6.507627963E-1,8.642244376E0
1.469690153E2,-4.615537975E0,-6.445519569E-1,8.632349718E0
1.469789923E2,-4.635793607E0,-6.374983145E-1,8.622013595E0
1.469889693E2,-4.656270556E0,-6.290406825E-1,8.611593856E0
1.469989463E2,-4.675580986E0,-6.193592282E-1,8.601827837E0
1.470089233E2,-4.693777813E0,-6.096474050E-1,8.592606193E0
1.470189003E2,-4.711793669E0,-6.008008236E-1,8.583364084E0
1.470288773E2,-4.730028796E0,-5.931213829E-1,8.573863528E0
1.470388543E2,-4.748850983E0,-5.861720767E-1,8.563930863E0
1.470488313E2,-4.768901963E0,-5.793211500E-1,8.553248584E0
1.470588083E2,-4.790151329E0,-5.719776684E-1,8.541861132E0
1.470687853E2,-4.811510331E0,-5.633847830E-1,8.530419885E0
1.470787623E2,-4.831511317E0,-5.536796841E-1,8.519744039E0
1.470887393E2,-4.850138207E0,-5.434003155E-1,8.509816636E0
1.470987163E2,-4.868569215E0,-5.332097515E-1,8.499930748E0
1.471086943E2,-4.887515656E0,-5.238270535E-1,8.489634386E0
1.471186713E2,-4.906940106E0,-5.149984522E-1,8.478963218E0
1.471286483E2,-4.926934075E0,-5.062813865E-1,8.467886252E0
1.471386253E2,-4.947312791E0,-4.975254004E-1,8.456515757E0
1.471486023E2,-4.967652916E0,-4.883561622E-1,8.445118949E0
1.471585793E2,-4.987529356E0,-4.785860861E-1,8.433955445E0
1.471685563E2,-5.006515850E0,-4.684987986E-1,8.423266150E0
1.471785333E2,-5.025278395E0,-4.582982578E-1,8.412647606E0
1.471885103E2,-5.044552572E0,-4.484257824E-1,8.401637299E0
1.471984873E2,-5.064248918E0,-4.390420610E-1,8.390275574E0
1.472084643E2,-5.084397839E0,-4.298868928E-1,8.378555415E0
1.472184413E2,-5.104986470E0,-4.210555141E-1,8.366476237E0
1.472284183E2,-5.125678596E0,-4.121933278E-1,8.354256726E0
1.472383953E2,-5.146290616E0,-4.028335801E-1,8.342033706E0
1.472483723E2,-5.166338965E0,-3.930434042E-1,8.330099539E0
1.472583503E2,-5.185313179E0,-3.835314462E-1,8.318745416E0
1.472683273E2,-5.203717875E0,-3.745639370E-1,8.307654417E0
1.472783043E2,-5.222720157E0,-3.661024312E-1,8.296099150E0
1.472882813E2,-5.242832240E0,-3.581323108E-1,8.283752169E0
1.472982583E2,-5.262858953E0,-3.510701899E-1,8.271345547E0
1.473082353E2,-5.282254168E0,-3.447761739E-1,8.259238887E0
1.473182123E2,-5.301043611E0,-3.386434679E-1,8.247445053E0
1.473281893E2,-5.319796216E0,-3.317828202E-1,8.235641279E0
1.473381663E2,-5.338567532E0,-3.233769726E-1,8.223820547E0
1.473481433E2,-5.357482690E0,-3.137304555E-1,8.211884626E0
1.473581203E2,-5.376393170E0,-3.039576568E-1,8.199884970E0
1.473680973E2,-5.394994333E0,-2.951829047E-1,8.187978870E0
1.473780743E2,-5.413959192E0,-2.873677721E-1,8.175730122E0
1.473880513E2,-5.433908138E0,-2.804706340E-1,8.162724745E0
1.473980283E2,-5.454073430E0,-2.743140459E-1,8.149474370E0
1.474080063E2,-5.473782640E0,-2.680037307E-1,8.136459637E0
1.474179833E2,-5.492824098E0,-2.612760158E-1,8.123836083E0
1.474279603E2,-5.511021218E0,-2.539591756E-1,8.111735855E0
1.474379373E2,-5.528451768E0,-2.457561350E-1,8.100119192E0
1.474479143E2,-5.545975288E0,-2.370027983E-1,8.088392016E0
1.474578913E2,-5.563756671E0,-2.284698469E-1,8.076416919E0
1.474678683E2,-5.581237507E0,-2.210160174E-1,8.064554672E0
1.474778453E2,-5.598218406E0,-2.146892204E-1,8.052946780E0
1.474878223E2,-5.614827422E0,-2.091982464E-1,8.041520736E0
1.474977993E2,-5.630822480E0,-2.041768403E-1,8.030457219E0
1.475077763E2,-5.645977294E0,-1.988176479E-1,8.019944510E0
1.475177533E2,-5.660467864E0,-1.927478360E-1,8.009872096E0
1.475277303E2,-5.674350908E0,-1.860592609E-1,8.000201386E0
1.475377073E2,-5.687624672E0,-1.788363964E-1,7.990935304E0
1.475476843E2,-5.700874463E0,-1.713303074E-1,7.981652849E0
1.475576623E2,-5.714761600E0,-1.641399680E-1,7.971866949E0
1.475676393E2,-5.729159199E0,-1.577676907E-1,7.961654202E0
1.475776163E2,-5.743735138E0,-1.522638071E-1,7.951252590E0
1.475875933E2,-5.758053800E0,-1.472528255E-1,7.940984294E0
1.475975703E2,-5.771751487E0,-1.420294346E-1,7.931128812E0
1.476075473E2,-5.784956254E0,-1.361780711E-1,7.921605452E0
1.476175243E2,-5.797953445E0,-1.291727139E-1,7.912214824E0
1.476275013E2,-5.810790423E0,-1.211231993E-1,7.902920090E0
1.476374783E2,-5.823580037E0,-1.127154057E-1,7.893624771E0
1.476474553E2,-5.836164415E0,-1.049281204E-1,7.884432364E0
1.476574323E2,-5.849175054E0,-9.828312529E-2,7.874870996E0
1.476674093E2,-5.862990856E0,-9.267797523E-2,7.864658250E0
1.476773863E2,-5.877506568E0,-8.803746044E-2,7.853869552E0
1.476873633E2,-5.891739276E0,-8.398606176E-2,7.843242822E0
1.476973403E2,-5.905038183E0,-7.971394896E-2,7.833279752E0
1.477073183E2,-5.917554148E0,-7.458233200E-2,7.823879183E0
1.477172953E2,-5.929184260E0,-6.834614860E-2,7.815126486E0
1.477272723E2,-5.940252455E0,-6.070458235E-2,7.806780170E0
1.477372493E2,-5.951336437E0,-5.196462120E-2,7.798397017E0
1.477472263E2,-5.962223952E0,-4.319644268E-2,7.790130224E0
1.477572028E2,-5.972916756E0,-3.568474171E-2,7.781972773E0
1.477671797E2,-5.984093124E0,-2.995019917E-2,7.773405433E0
1.477771567E2,-5.995897483E0,-2.583794148E-2,7.764318860E0
1.477871338E2,-6.007790135E0,-2.256267159E-2,7.755131130E0
1.477971108E2,-6.019357681E0,-1.951815431E-2,7.746163840E0
1.478070877E2,-6.030103109E0,-1.612393470E-2,7.737809338E0
1.478170648E2,-6.040226394E0,-1.167435092E-2,7.729917936E0
1.478270418E2,-6.050077198E0,-5.788344926E-3,7.722216568E0
1.478370187E2,-6.059603482E0,1.402386152E-3,7.714746165E0
1.478469957E2,-6.069063107E0,8.979100272E-3,7.707301490E0
1.478569738E2,-6.078333868E0,1.588593476E-2,7.699981361E0
1.478669508E2,-6.087270167E0,2.150174685E-2,7.692905061E0
1.478769277E2,-6.096093616E0,2.592496906E-2,7.685900681E0
1.478869048E2,-6.105141013E0,2.959853254E-2,7.678703343E0
1.478968818E2,-6.114023518E0,3.264834886E-2,7.671620026E0
1.479068587E2,-6.122154656E0,3.536606389E-2,7.665120261E0
1.479168357E2,-6.129497589E0,3.831487185E-2,7.659235623E0
1.479268128E2,-6.136502554E0,4.218176347E-2,7.653604755E0
1.479367898E2,-6.143364846E0,4.754464694E-2,7.648065687E0
1.479467667E2,-6.150135337E0,5.425236260E-2,7.642577491E0
1.479567438E2,-6.157039145E0,6.145870415E-2,7.636961825E0
1.479667208E2,-6.163676904E0,6.798791071E-2,7.631550812E0
1.479766977E2,-6.169887816E0,7.328634233E-2,7.626481276E0
1.479866747E2,-6.176265959E0,7.754150734E-2,7.621274915E0
1.479966518E2,-6.183097846E0,8.118914665E-2,7.615694917E0
1.480066298E2,-6.190194612E0,8.453141511E-2,7.609890971E0
1.480166067E2,-6.197146366E0,8.775791785E-2,7.604194613E0
1.480265838E2,-6.203268986E0,9.087670390E-2,7.599164253E0
1.480365608E2,-6.208197604E0,9.438557234E-2,7.595095176E0
1.480465377E2,-6.212236276E0,9.879453739E-2,7.591735951E0
1.480565148E2,-6.216274363E0,1.039753715E-1,7.588360938E0
1.480664918E2,-6.220359228E0,1.094086408E-1,7.584936808E0
1.480764688E2,-6.224925903E0,1.148177995E-1,7.581109221E0
1.480864457E2,-6.229689045E0,1.194647279E-1,7.577123759E0
1.480964228E2,-6.234483762E0,1.229245254E-1,7.573124263E0
1.481063998E2,-6.239591305E0,1.261631337E-1,7.568862813E0
1.481163767E2,-6.245451384E0,1.293652335E-1,7.563973956E0
1.481263538E2,-6.251418468E0,1.319240481E-1,7.558998560E0
1.481363308E2,-6.256881521E0,1.338244115E-1,7.554444163E0
1.481463077E2,-6.261577420E0,1.355726742E-1,7.550521266E0
1.481562857E2,-6.265215558E0,1.373200415E-1,7.547470774E0
1.481662628E2,-6.268475381E0,1.396558305E-1,7.544720829E0
1.481762398E2,-6.272373719E0,1.428881531E-1,7.541419491E0
1.481862167E2,-6.276557402E0,1.470531613E-1,7.537857952E0
1.481961938E2,-6.281239268E0,1.517166721E-1,7.533864303E0
1.482061708E2,-6.286261441E0,1.563958242E-1,7.529578294E0
1.482161477E2,-6.291707538E0,1.607529318E-1,7.524936774E0
1.482261247E2,-6.297198073E0,1.644596645E-1,7.520262510E0
1.482361018E2,-6.302731878E0,1.677173676E-1,7.515553747E0
1.482460788E2,-6.307811354E0,1.710335612E-1,7.511216283E0
1.482560557E2,-6.311938319E0,1.744448816E-1,7.507669362E0
1.482660328E2,-6.315197557E0,1.774479933E-1,7.504858021E0
1.482760098E2,-6.316885064E0,1.802844411E-1,7.503369319E0
1.482859867E2,-6.314093603E0,1.829951554E-1,7.505653242E0
1.482959637E2,-6.316447107E0,1.854333347E-1,7.503613148E0
1.483059418E2,-6.319760140E0,1.871655541E-1,7.500779588E0
1.483159188E2,-6.322877875E0,1.885176131E-1,7.498118520E0
1.483258957E2,-6.326959816E0,1.896237601E-1,7.494645858E0
1.483358728E2,-6.331022462E0,1.910862949E-1,7.491176705E0
1.483458498E2,-6.334225566E0,1.932016531E-1,7.488415650E0
1.483558267E2,-6.336830501E0,1.957830891E-1,7.486144007E0
1.483658037E2,-6.339846495E0,1.987594133E-1,7.483511006E0
1.483757808E2,-6.343553045E0,2.018515488E-1,7.480286851E0
1.483857578E2,-6.346795911E0,2.052469173E-1,7.477443350E0
1.483957347E2,-6.350013633E0,2.087013244E-1,7.474615052E0
1.484057118E2,-6.352625585E0,2.114653763E-1,7.472317681E0
1.484156888E2,-6.355052764E0,2.133384588E-1,7.470200404E0
1.484256657E2,-6.359138213E0,2.145732994E-1,7.466687397E0
1.484356428E2,-6.363521286E0,2.151216951E-1,7.462936993E0
1.484456198E2,-6.367503825E0,2.153774012E-1,7.459531574E0
1.484555977E2,-6.370488244E0,2.158712716E-1,7.456968155E0
1.484655747E2,-6.370961868E0,2.164302289E-1,7.456547155E0
1.484755518E2,-6.370732657E0,2.173242316E-1,7.456717309E0
1.484855288E2,-6.370208162E0,2.182471415E-1,7.457138894E0
1.484955057E2,-6.371001629E0,2.181343085E-1,7.456464710E0
1.485054828E2,-6.372716618E0,2.182700370E-1,7.454995304E0
1.485154598E2,-6.373917051E0,2.187249869E-1,7.453955085E0
1.485254367E2,-6.375364822E0,2.198478716E-1,7.452683315E0
1.485354137E2,-6.375693435E0,2.218905781E-1,7.452341838E0
1.485453908E2,-6.373957981E0,2.262359547E-1,7.453696053E0
1.485553678E2,-6.372559327E0,2.307644953E-1,7.454752645E0
1.485653447E2,-6.372597334E0,2.343984668E-1,7.454607049E0
1.485753218E2,-6.373451613E0,2.374009755E-1,7.453781422E0
1.485852988E2,-6.374480138E0,2.407336874E-1,7.452794997E0
1.485952757E2,-6.376348323E0,2.437551812E-1,7.451098720E0
1.486052537E2,-6.380860035E0,2.447689423E-1,7.447201551E0
1.486152308E2,-6.389526193E0,2.421398148E-1,7.439853355E0
1.486252078E2,-6.397646222E0,2.374024190E-1,7.433024392E0
1.486351847E2,-6.399492188E0,2.351763292E-1,7.431507039E0
1.486451618E2,-6.400375702E0,2.354908546E-1,7.430735791E0
1.486551388E2,-6.402716927E0,2.348504200E-1,7.428738382E0
1.486651157E2,-6.406006570E0,2.341776247E-1,7.425924118E0
1.486750927E2,-6.408257748E0,2.347603363E-1,7.423962961E0
1.486850698E2,-6.409059402E0,2.359704359E-1,7.423232644E0
1.486950468E2,-6.409455843E0,2.361614754E-1,7.422883565E0
1.487050237E2,-6.409389185E0,2.344805288E-1,7.422994663E0
1.487150008E2,-6.409710197E0,2.317524007E-1,7.422803459E0
1.487249778E2,-6.411797653E0,2.287004282E-1,7.421094902E0
1.487349547E2,-6.418742391E0,2.248343771E-1,7.415207341E0
1.487449317E2,-6.427440124E0,2.208008947E-1,7.407790148E0
1.487549098E2,-6.432799097E0,2.182101579E-1,7.403214117E0
1.487648877E2,-6.437425999E0,2.170229355E-1,7.399226316E0
1.487748647E2,-6.440676466E0,2.161891957E-1,7.396421991E0
1.487848418E2,-6.443487808E0,2.152432989E-1,7.394000074E0
1.487948188E2,-6.447632314E0,2.146500258E-1,7.390404037E0
1.488047957E2,-6.452913519E0,2.144307004E-1,7.385799354E0
1.488147728E2,-6.458143854E0,2.140066311E-1,7.381237941E0
1.488247498E2,-6.463125097E0,2.131219656E-1,7.376902816E0
1.488347267E2,-6.467980624E0,2.116965241E-1,7.372686973E0
1.488447037E2,-6.472861295E0,2.096523192E-1,7.368460606E0
1.488546808E2,-6.478299206E0,2.067716519E-1,7.363761783E0
1.488646578E2,-6.484702492E0,2.030927300E-1,7.358226224E0
1.488746347E2,-6.492027884E0,1.995500299E-1,7.351860361E0
1.488846118E2,-6.500081838E0,1.968250812E-1,7.344813881E0
1.488945888E2,-6.507993121E0,1.948047221E-1,7.337859203E0
1.489045667E2,-6.515452414E0,1.929772662E-1,7.331284593E0
1.489145437E2,-6.522688928E0,1.906425095E-1,7.324908789E0
1.489245208E2,-6.530092088E0,1.873526832E-1,7.318393822E0
1.489344978E2,-6.536369074E0,1.834624759E-1,7.312887499E0
1.489444747E2,-6.543861696E0,1.787532745E-1,7.306300610E0
1.489544518E2,-6.555737976E0,1.725120845E-1,7.295796087E0
1.489644288E2,-6.567759851E0,1.654398954E-1,7.285140122E0
1.489744057E2,-6.578446223E0,1.584389145E-1,7.275647167E0
1.489843828E2,-6.587540982E0,1.535230141E-1,7.267518952E0
1.489943598E2,-6.594093956E0,1.506646393E-1,7.261633730E0
1.490043368E2,-6.599345341E0,1.493614959E-1,7.256888130E0
1.490143137E2,-6.603726659E0,1.481332974E-1,7.252926641E0
1.490242908E2,-6.606909299E0,1.463545378E-1,7.250063844E0
1.490342678E2,-6.609673278E0,1.439474767E-1,7.247592226E0
1.490442447E2,-6.612819664E0,1.414159795E-1,7.244772114E0
1.490542228E2,-6.615847937E0,1.393008497E-1,7.242047312E0
1.490641998E2,-6.618379197E0,1.367442552E-1,7.239783854E0
1.490741767E2,-6.620390639E0,1.333140227E-1,7.238008055E0
1.490841537E2,-6.622168193E0,1.291249586E-1,7.236457958E0
1.490941308E2,-6.624004219E0,1.247731684E-1,7.234853482E0
1.491041078E2,-6.625825626E0,1.210317361E-1,7.233248422E0
1.491140847E2,-6.627891448E0,1.177334405E-1,7.231410057E0
1.491240618E2,-6.630320966E0,1.147501362E-1,7.229230215E0
1.491340388E2,-6.633255683E0,1.124174626E-1,7.226574410E0
1.491440157E2,-6.637156361E0,1.102297360E-1,7.223025734E0
1.491539927E2,-6.641988500E0,1.081042001E-1,7.218614595E0
1.491639698E2,-6.647984235E0,1.065995836E-1,7.213116458E0
1.491739468E2,-6.654439561E0,1.050333794E-1,7.207183288E0
1.491839237E2,-6.661367342E0,1.036491060E-1,7.200801052E0
1.491939008E2,-6.669578587E0,1.028575848E-1,7.193208443E0
1.492038788E2,-6.678431271E0,1.022216270E-1,7.184998952E0
1.492138557E2,-6.687917794E0,1.025552929E-1,7.176164979E0
1.492238327E2,-6.696644763E0,1.027459487E-1,7.168018638E0
1.492338098E2,-6.703694167E0,1.020462106E-1,7.161435843E0
1.492437868E2,-6.705726659E0,1.031130716E-1,7.159518541E0
1.492537637E2,-6.702930520E0,1.054768085E-1,7.162101840E0
1.492637408E2,-6.698441028E0,1.052950789E-1,7.166302480E0
1.492737178E2,-6.691820226E0,1.007889404E-1,7.172550230E0
1.492836947E2,-6.683743467E0,9.456751211E-2,7.180162135E0
1.492936717E2,-6.675174372E0,8.789366461E-2,7.188213751E0
1.493036488E2,-6.666812854E0,8.045595149E-2,7.196056622E0
1.493136258E2,-6.658223879E0,7.343138069E-2,7.204079586E0
1.493236027E2,-6.649554212E0,6.766566974E-2,7.212138804E0
1.493335798E2,-6.641771568E0,6.317781752E-2,7.219347836E0
1.493435568E2,-6.635551300E0,6.081394355E-2,7.225085124E0
1.493535347E2,-6.629546210E0,5.840782345E-2,7.230616005E0
1.493635118E2,-6.624977195E0,5.246557227E-2,7.234848220E0
1.493734888E2,-6.622062358E0,4.573779335E-2,7.237561913E0
1.493834657E2,-6.619445145E0,3.933900710E-2,7.239993185E0
1.493934427E2,-6.619596003E0,3.253224052E-2,7.239888520E0
1.494034198E2,-6.622317297E0,2.514946381E-2,7.237429181E0
1.494133968E2,-6.623736416E0,1.558834460E-2,7.236157411E0
1.494233737E2,-6.625731486E0,6.697223222E-3,7.234344190E0
1.494333508E2,-6.628252221E0,8.216124568E-4,7.232038048E0
1.494433278E2,-6.630038545E0,-1.934729741E-3,7.230400243E0
1.494533047E2,-6.629707593E0,-2.485199985E-3,7.230703129E0
1.494632817E2,-6.628553937E0,-2.130472280E-3,7.231760890E0
1.494732588E2,-6.628198426E0,-4.028297968E-4,7.232087749E0
1.494832358E2,-6.628824663E0,2.110828577E-3,7.231512383E0
1.494932127E2,-6.630554854E0,3.374652563E-3,7.229926034E0
1.495031908E2,-6.632724171E0,3.156559128E-3,7.227935641E0
1.495131678E2,-6.634315783E0,1.796390129E-3,7.226475592E0
1.495231447E2,-6.634026346E0,1.011436260E-4,7.226741640E0
1.495331217E2,-6.634013482E0,-8.522674413E-4,7.226753334E0
1.495430988E2,-6.635133809E0,-1.321106286E-3,7.225725394E0
1.495530758E2,-6.635443711E0,-9.303798042E-4,7.225440050E0
1.495630527E2,-6.633828126E0,4.072506830E-4,7.226924073E0
1.495730298E2,-6.629245078E0,5.353766540E-4,7.231127636E0
1.495830068E2,-6.624073216E0,1.740127667E-4,7.235866220E0
1.495929837E2,-6.619686635E0,8.406771492E-4,7.239879164E0
1.496029607E2,-6.616982297E0,2.927700592E-3,7.242350197E0
1.496129378E2,-6.616306944E0,4.849121065E-3,7.242965909E0
1.496229148E2,-6.617437795E0,6.089458831E-3,7.241932122E0
1.496328917E2,-6.620948464E0,7.457490307E-3,7.238722000E0
1.496428688E2,-6.626324394E0,9.162511553E-3,7.233798645E0
1.496528468E2,-6.631831301E0,1.072853638E-2,7.228748404E0
1.496628237E2,-6.635125038E0,1.222703956E-2,7.225721886E0
1.496728008E2,-6.637117184E0,1.391971485E-2,7.223889368E0
1.496827778E2,-6.639317492E0,1.323914234E-2,7.221868570E0
1.496927547E2,-6.640488104E0,7.452022817E-3,7.220800869E0
1.497027317E2,-6.638880705E0,-4.313874425E-3,7.222281384E0
1.497127088E2,-6.634881209E0,-2.040784243E-2,7.225927708E0
1.497226858E2,-6.627624230E0,-3.991330418E-2,7.232503486E0
1.497326627E2,-6.614703637E0,-6.045357234E-2,7.244179791E0
1.497426398E2,-6.599240091E0,-8.322717539E-2,7.258044709E0
1.497526161E2,-6.586231790E0,-1.083517017E-1,7.269519870E0
1.497625931E2,-6.576670423E0,-1.356262127E-1,7.277713573E0
1.497725701E2,-6.571183981E0,-1.634279416E-1,7.282096646E0
1.497825471E2,-6.569242120E0,-1.926070278E-1,7.283135696E0
1.497925251E2,-6.568025900E0,-2.345098197E-1,7.283002964E0
1.498025021E2,-6.566539537E0,-2.961446803E-1,7.282097815E0
1.498124791E2,-6.567742310E0,-3.768596635E-1,7.277282048E0
1.498224561E2,-6.569284220E0,-4.741355145E-1,7.270199316E0
1.498324331E2,-6.567358148E0,-5.823673300E-1,7.264072604E0
1.498424101E2,-6.561872290E0,-6.977610346E-1,7.258860980E0
1.498523871E2,-6.557433084E0,-8.126209614E-1,7.250918123E0
1.498623641E2,-6.558459855E0,-9.213849467E-1,7.236971344E0
1.498723411E2,-6.564088969E0,-1.023003708E0,7.218192426E0
1.498823181E2,-6.571348287E0,-1.121966298E0,7.196851258E0
1.498922951E2,-6.580796803E0,-1.220748574E0,7.172097071E0
1.499022721E2,-6.591287878E0,-1.322835039E0,7.144307594E0
1.499122491E2,-6.603254789E0,-1.428477415E0,7.112845480E0
1.499222261E2,-6.616068962E0,-1.538592911E0,7.077884978E0
1.499322031E2,-6.623863885E0,-1.652732169E0,7.044785644E0
1.499421801E2,-6.622735958E0,-1.760877007E0,7.019599348E0
1.499521581E2,-6.617664083E0,-1.855570033E0,6.999962643E0
1.499621351E2,-6.615858462E0,-1.935956823E0,6.979869856E0
1.499721121E2,-6.618641737E0,-2.007277359E0,6.957048174E0
1.499820891E2,-6.625582967E0,-2.073463016E0,6.930981871E0
1.499920661E2,-6.633974306E0,-2.136709717E0,6.903692331E0
1.500020431E2,-6.640350110E0,-2.196218731E0,6.878842834E0
1.500120201E2,-6.643197704E0,-2.248225475E0,6.859264017E0
1.500219971E2,-6.642635787E0,-2.289557396E0,6.846123569E0
1.500319741E2,-6.641022540E0,-2.318380807E0,6.837984245E0
1.500419511E2,-6.639635580E0,-2.335752446E0,6.833418154E0
1.500519281E2,-6.638520516E0,-2.343719716E0,6.831773332E0
1.500619051E2,-6.636944692E0,-2.347147500E0,6.832127674E0
1.500718821E2,-6.636025509E0,-2.352325209E0,6.831238897E0
1.500818591E2,-6.632692596E0,-2.362537664E0,6.830952383E0
1.500918371E2,-6.624483106E0,-2.377766152E0,6.833633916E0
1.501018141E2,-6.614966762E0,-2.397818155E0,6.835845333E0
1.501117911E2,-6.606783584E0,-2.424020844E0,6.834517431E0
1.501217681E2,-6.600923504E0,-2.458423522E0,6.827888442E0
1.501317451E2,-6.595599030E0,-2.508182450E0,6.814923411E0
1.501417221E2,-6.586013689E0,-2.591668703E0,6.792921508E0
1.501516991E2,-6.577586097E0,-2.673251394E0,6.769430319E0
1.501616761E2,-6.571067036E0,-2.745885215E0,6.746650736E0
1.501716531E2,-6.561402758E0,-2.818359114E0,6.726138704E0
1.501816301E2,-6.544495534E0,-2.899304751E0,6.708182489E0
1.501916071E2,-6.520873368E0,-2.991484352E0,6.690689959E0
1.502015841E2,-6.495287706E0,-3.088550178E0,6.671446772E0
1.502115611E2,-6.470910664E0,-3.182353843E0,6.651018355E0
1.502215381E2,-6.454471217E0,-3.264775026E0,6.627000917E0
1.502315151E2,-6.446061167E0,-3.337647412E0,6.598825523E0
1.502414931E2,-6.440568877E0,-3.405539433E0,6.569434494E0
1.502514701E2,-6.430706379E0,-3.476196603E0,6.542031518E0
1.502614471E2,-6.418453538E0,-3.547792835E0,6.515575206E0
1.502714241E2,-6.405832323E0,-3.619304574E0,6.488609601E0
1.502814011E2,-6.393235667E0,-3.689881052E0,6.461224167E0
1.502913781E2,-6.379544411E0,-3.757982111E0,6.435454903E0
1.503013551E2,-6.365309365E0,-3.821656535E0,6.412009907E0
1.503113321E2,-6.353912557E0,-3.879282600E0,6.388666068E0
1.503213091E2,-6.344696760E0,-3.932449285E0,6.365278375E0
1.503312861E2,-6.336568546E0,-3.982500866E0,6.342215787E0
1.503412631E2,-6.328366072E0,-4.030609418E0,6.319973563E0
1.503512401E2,-6.320748904E0,-4.077090105E0,6.297743034E0
1.503612171E2,-6.312130108E0,-4.120882826E0,6.277853730E0
1.503711941E2,-6.302641831E0,-4.161421280E0,6.260621400E0
1.503811721E2,-6.292877566E0,-4.198217223E0,6.245860105E0
1.503911491E2,-6.284057626E0,-4.230023153E0,6.233266956E0
1.504011261E2,-6.273616837E0,-4.257660310E0,6.224963325E0
1.504111031E2,-6.261432994E0,-4.282540797E0,6.220161592E0
1.504210801E2,-6.245880570E0,-4.303752742E0,6.221157373E0
1.504310571E2,-6.225173240E0,-4.322503008E0,6.228907857E0
1.504410341E2,-6.203533280E0,-4.361654502E0,6.223202729E0
1.504510111E2,-6.175426299E0,-4.413059129E0,6.214911962E0
1.504609881E2,-6.146589586E0,-4.460287675E0,6.209780445E0
1.504709651E2,-6.117339474E0,-4.504971512E0,6.206407186E0
1.504809421E2,-6.088150173E0,-4.552778639E0,6.200220832E0
1.504909191E2,-6.059260835E0,-4.603185439E0,6.191295058E0
1.505008961E2,-6.031619292E0,-4.653981663E0,6.180302292E0
1.505108731E2,-6.006369846E0,-4.704471493E0,6.166650798E0
1.505208501E2,-5.985200002E0,-4.752297624E0,6.150540549E0
1.505308281E2,-5.971536228E0,-4.792660662E0,6.132475576E0
1.505408051E2,-5.966969553E0,-4.821305294E0,6.114441009E0
1.505507821E2,-5.967591696E0,-4.838931141E0,6.099892552E0
1.505607591E2,-5.969462805E0,-4.849947880E0,6.089303244E0
1.505707361E2,-5.974077428E0,-4.853136951E0,6.082233376E0
1.505807131E2,-5.980937966E0,-4.846953521E0,6.080421908E0
1.505906901E2,-5.988847495E0,-4.831722401E0,6.084756449E0
1.506006671E2,-5.997158727E0,-4.808734657E0,6.094773899E0
1.506106441E2,-6.005541295E0,-4.780016643E0,6.109093146E0
1.506206211E2,-6.013811597E0,-4.748022433E0,6.125884010E0
1.506305981E2,-6.021346904E0,-4.715302876E0,6.143729128E0
1.506405751E2,-6.027109335E0,-4.685837879E0,6.160598345E0
1.506505521E2,-6.030315363E0,-4.663116476E0,6.174685457E0
1.506605291E2,-6.030449849E0,-4.649647999E0,6.184702907E0
1.506705071E2,-6.027256685E0,-4.646453373E0,6.190215077E0
1.506804841E2,-6.021791292E0,-4.651971098E0,6.191389198E0
1.506904611E2,-6.015558745E0,-4.662370956E0,6.189625093E0
1.507004381E2,-6.009937232E0,-4.674101348E0,6.186237801E0
1.507104151E2,-6.004734380E0,-4.685679712E0,6.182530666E0
1.507203921E2,-5.999977670E0,-4.696593832E0,6.178865631E0
1.507303691E2,-5.995781123E0,-4.707048946E0,6.174981911E0
1.507403461E2,-5.992003237E0,-4.717125160E0,6.170958441E0
1.507503231E2,-5.988201962E0,-4.727116005E0,6.167001631E0
1.507603004E2,-5.984484302E0,-4.737067674E0,6.162973484E0
1.507702774E2,-5.981254885E0,-4.747134533E0,6.158360615E0
1.507802544E2,-5.978025468E0,-4.757217179E0,6.153714418E0
1.507902314E2,-5.973842955E0,-4.767241938E0,6.150016639E0
1.508002084E2,-5.969054085E0,-4.776651570E0,6.147363757E0
1.508101854E2,-5.964207328E0,-4.784895852E0,6.145657539E0
1.508201634E2,-5.960328870E0,-4.790734004E0,6.144871089E0
1.508301404E2,-5.957039811E0,-4.794044113E0,6.145478615E0
1.508401174E2,-5.954331381E0,-4.794922657E0,6.147418721E0
1.508500944E2,-5.952369055E0,-4.793030790E0,6.150793149E0
1.508600714E2,-5.951169791E0,-4.787404892E0,6.156332216E0
1.508700484E2,-5.951173300E0,-4.777399429E0,6.164096149E0
1.508800254E2,-5.952591834E0,-4.763352955E0,6.173590858E0
1.508900024E2,-5.955272198E0,-4.745794351E0,6.184518135E0
1.508999794E2,-5.959436000E0,-4.724808109E0,6.196564568E0
1.509099564E2,-5.964963373E0,-4.700985676E0,6.209351844E0
1.509199334E2,-5.970463849E0,-4.675078125E0,6.223607941E0
1.509299104E2,-5.975904098E0,-4.647196262E0,6.239249243E0
1.509398874E2,-5.980628064E0,-4.618480293E0,6.256023150E0
1.509498644E2,-5.984412382E0,-4.590148195E0,6.273232675E0
1.509598424E2,-5.987312601E0,-4.563134643E0,6.290149255E0
1.509698194E2,-5.989510569E0,-4.538305027E0,6.306001641E0
1.509797964E2,-5.991757069E0,-4.515621338E0,6.320134946E0
1.509897734E2,-5.994001231E0,-4.495881138E0,6.332070283E0
1.509997504E2,-5.995748963E0,-4.480080500E0,6.341605922E0
1.510097274E2,-5.996513194E0,-4.469026923E0,6.348679299E0
1.510197044E2,-5.996362336E0,-4.463218299E0,6.352906836E0
1.510296814E2,-5.995201079E0,-4.462301748E0,6.354646967E0
1.510396584E2,-5.993077371E0,-4.465520933E0,6.354389105E0
1.510496354E2,-5.990459572E0,-4.471722490E0,6.352495192E0
1.510596124E2,-5.987949947E0,-4.479825853E0,6.349150584E0
1.510695894E2,-5.985596443E0,-4.489256535E0,6.344707870E0
1.510795664E2,-5.983312520E0,-4.499664579E0,6.339486891E0
1.510895434E2,-5.980939136E0,-4.511034490E0,6.333642599E0
1.510995214E2,-5.978299702E0,-4.523417138E0,6.327300124E0
1.511094984E2,-5.975104784E0,-4.536909589E0,6.320655348E0
1.511194754E2,-5.971180133E0,-4.552005930E0,6.313505373E0
1.511294524E2,-5.966470200E0,-4.569237382E0,6.305505797E0
1.511394294E2,-5.960573283E0,-4.588749541E0,6.296907467E0
1.511494064E2,-5.954053053E0,-4.610795006E0,6.286964861E0
1.511593834E2,-5.947296011E0,-4.635342786E0,6.275299081E0
1.511693604E2,-5.940591009E0,-4.662236762E0,6.261710737E0
1.511793374E2,-5.933950911E0,-4.690890750E0,6.246589252E0
1.511893144E2,-5.927644688E0,-4.721371993E0,6.229588473E0
1.511992914E2,-5.921336128E0,-4.753853861E0,6.210856918E0
1.512092684E2,-5.914686674E0,-4.788718176E0,6.190375875E0
1.512192454E2,-5.908116158E0,-4.826613689E0,6.167175878E0
1.512292224E2,-5.901423435E0,-4.867792997E0,6.141163369E0
1.512391994E2,-5.893648392E0,-4.912059928E0,6.113319513E0
1.512491774E2,-5.879698105E0,-4.963070453E0,6.085489690E0
1.512591544E2,-5.864744436E0,-5.019294940E0,6.053722352E0
1.512691314E2,-5.845903537E0,-5.078609680E0,6.022395310E0
1.512791084E2,-5.824186978E0,-5.139452298E0,5.991741866E0
1.512890854E2,-5.799583064E0,-5.201819869E0,5.961711152E0
1.512990624E2,-5.772988173E0,-5.265666786E0,5.931396262E0
1.513090394E2,-5.743153925E0,-5.331710503E0,5.901283101E0
1.513190164E2,-5.710563884E0,-5.400101291E0,5.870644861E0
1.513289934E2,-5.672770990E0,-5.466720958E0,5.845573170E0
1.513389704E2,-5.632781298E0,-5.543217157E0,5.812109554E0
1.513489474E2,-5.587479410E0,-5.629311560E0,5.772956598E0
1.513589244E2,-5.541099880E0,-5.718015575E0,5.730324549E0
1.513689014E2,-5.493438056E0,-5.808484281E0,5.685045465E0
1.513788784E2,-5.446021230E0,-5.903368803E0,5.632688327E0
1.513888564E2,-5.401718631E0,-5.996450629E0,5.576746845E0
1.513988334E2,-5.359395314E0,-6.084487478E0,5.521955511E0
1.514088104E2,-5.316803611E0,-6.162812101E0,5.476080011E0
1.514187874E2,-5.273479836E0,-6.246419098E0,5.422985539E0
1.514287644E2,-5.227208480E0,-6.344603789E0,5.353353971E0
1.514387414E2,-5.173221722E0,-6.456056398E0,5.271927400E0
1.514487184E2,-5.116060511E0,-6.571956398E0,5.183763667E0
1.514586954E2,-5.053618680E0,-6.680652629E0,5.105478221E0
1.514686724E2,-4.993312837E0,-6.785145881E0,5.026402815E0
1.514786494E2,-4.924802765E0,-6.876933133E0,4.968925270E0
1.514886264E2,-4.860963157E0,-6.956183955E0,4.921244735E0
1.514986034E2,-4.800646789E0,-7.021834738E0,4.887098457E0
1.515085804E2,-4.733644129E0,-7.077054673E0,4.872783596E0
1.515185574E2,-4.663600333E0,-7.143843910E0,4.842771592E0
1.515285354E2,-4.611812421E0,-7.225575120E0,4.770571635E0
1.515385124E2,-4.573297396E0,-7.325405803E0,4.653974354E0
1.515484894E2,-4.529974791E0,-7.445321671E0,4.503623144E0
1.515584664E2,-4.475029967E0,-7.578873246E0,4.332539461E0
1.515684434E2,-4.403631079E0,-7.721161146E0,4.150637260E0
1.515784204E2,-4.314396136E0,-7.862691831E0,3.974941001E0
1.515883974E2,-4.223164661E0,-7.991977862E0,3.811729425E0
1.515983744E2,-4.142350586E0,-8.102767981E0,3.663630562E0
1.516083514E2,-4.099797767E0,-8.184890370E0,3.526374776E0
1.516183284E2,-4.136453961E0,-8.221555921E0,3.395861122E0
1.516283054E2,-4.264518509E0,-8.206424496E0,3.271786129E0
1.516382824E2,-4.475526103E0,-8.141212254E0,3.150623635E0
1.516482594E2,-4.753422629E0,-8.028075063E0,3.031683375E0
1.516582364E2,-5.062088372E0,-7.880265053E0,2.917669394E0
1.516682144E2,-5.377826323E0,-7.708877315E0,2.808615314E0
1.516781914E2,-5.691254039E0,-7.520131533E0,2.700617533E0
1.516881684E2,-5.991009795E0,-7.322321396E0,2.593743879E0
1.516981454E2,-6.273344942E0,-7.120360322E0,2.486302754E0
1.517081224E2,-6.539145917E0,-6.915875589E0,2.376200706E0
1.517180994E2,-6.787109960E0,-6.710834202E0,2.266267936E0
1.517280764E2,-7.017262800E0,-6.504059114E0,2.165950765E0
1.517380534E2,-7.234857575E0,-6.289451682E0,2.082243341E0
1.517480304E2,-7.444945695E0,-6.059271360E0,2.023386438E0
1.517580077E2,-7.650137941E0,-5.806408519E0,1.999273398E0
1.517679847E2,-7.854719737E0,-5.523209154E0,2.008396662E0
1.517779617E2,-8.057126954E0,-5.209217182E0,2.045206493E0
1.517879387E2,-8.247263204E0,-4.872775995E0,2.115374689E0
1.517979157E2,-8.420287578E0,-4.520177489E0,2.214240288E0
1.518078937E2,-8.573333185E0,-4.158775415E0,2.332087996E0
1.518178707E2,-8.704805490E0,-3.797002335E0,2.458703311E0
1.518278477E2,-8.812410046E0,-3.443070079E0,2.592834637E0
1.518378247E2,-8.897612164E0,-3.099571888E0,2.731527377E0
1.518478017E2,-8.960499553E0,-2.768169831E0,2.877984341E0
1.518577787E2,-8.999648416E0,-2.450720400E0,3.039144422E0
1.518677557E2,-9.019708459E0,-2.146506288E0,3.205226104E0
1.518777327E2,-9.026533329E0,-1.857255055E0,3.362793656E0
1.518877097E2,-9.025086728E0,-1.581302729E0,3.504764929E0
1.518976867E2,-9.018031477E0,-1.314271646E0,3.630963338E0
1.519076637E2,-9.003931502E0,-1.050847344E0,3.749803610E0
1.519176407E2,-8.978287953E0,-7.859694256E-1,3.874104890E0
1.519276177E2,-8.935749459E0,-5.145323925E-1,4.015437647E0
1.519375947E2,-8.871251746E0,-2.316776111E-1,4.181306783E0
1.519475727E2,-8.780692409E0,6.205658195E-2,4.373980140E0
1.519575497E2,-8.664376672E0,3.624418915E-1,4.586210095E0
1.519675267E2,-8.524002566E0,6.641735315E-1,4.810025723E0
1.519775037E2,-8.362866166E0,9.567426943E-1,5.038175599E0
1.519874807E2,-8.189428979E0,1.230195555E0,5.258895126E0
1.519974577E2,-8.012720275E0,1.478383839E0,5.463221399E0
1.520074347E2,-7.838141127E0,1.696949252E0,5.649778569E0
1.520174117E2,-7.665468171E0,1.887026445E0,5.823729141E0
1.520273887E2,-7.490489658E0,2.052205025E0,5.993088480E0
1.520373657E2,-7.305649230E0,2.194949446E0,6.168126635E0
1.520473427E2,-7.102514620E0,2.319664270E0,6.356849613E0
1.520573197E2,-6.878218936E0,2.433838757E0,6.557639490E0
1.520672967E2,-6.629908152E0,2.544193989E0,6.768123466E0
1.520772737E2,-6.357527305E0,2.656032806E0,6.983082317E0
1.520872507E2,-6.069174789E0,2.771598930E0,7.191623847E0
1.520972287E2,-5.774313152E0,2.891115726E0,7.384772583E0
1.521072057E2,-5.482774488E0,3.010992710E0,7.557063716E0
1.521171827E2,-5.208319049E0,3.125622987E0,7.703245862E0
1.521271597E2,-4.962415565E0,3.228309742E0,7.822310960E0
1.521371367E2,-4.750619181E0,3.313416551E0,7.917637532E0
1.521471137E2,-4.573341835E0,3.375518951E0,7.995405500E0
1.521570907E2,-4.428375326E0,3.411847702E0,8.061320577E0
1.521670677E2,-4.308612655E0,3.421518120E0,8.121894223E0
1.521770447E2,-4.197381656E0,3.416375493E0,8.182081953E0
1.521870217E2,-4.086859048E0,3.409277558E0,8.240783320E0
1.521969987E2,-3.963381641E0,3.403085065E0,8.303416355E0
1.522069757E2,-3.825440269E0,3.409280482E0,8.365340123E0
1.522169527E2,-3.665884079E0,3.428245341E0,8.428791769E0
1.522269297E2,-3.488761977E0,3.456891143E0,8.492028236E0
1.522369077E2,-3.300650032E0,3.488543583E0,8.554056085E0
1.522468847E2,-3.107497788E0,3.519750173E0,8.613414679E0
1.522568617E2,-2.916292082E0,3.545933712E0,8.669353822E0
1.522668387E2,-2.736184392E0,3.563012260E0,8.720913985E0
1.522768157E2,-2.578322141E0,3.568880818E0,8.766495370E0
1.522867927E2,-2.447263087E0,3.562831581E0,8.806431268E0
1.522967697E2,-2.344748241E0,3.546494168E0,8.840850318E0
1.523067467E2,-2.264699420E0,3.525076402E0,8.870235500E0
1.523167237E2,-2.200361483E0,3.504037535E0,8.894730656E0
1.523267007E2,-2.145912796E0,3.486520447E0,8.914893610E0
1.523366777E2,-2.089156066E0,3.472697044E0,8.933750880E0
1.523466547E2,-2.013554637E0,3.460353572E0,8.955872651E0
1.523566317E2,-1.921663451E0,3.443734323E0,8.982427781E0
1.523666087E2,-1.821427995E0,3.416401806E0,9.013695182E0
1.523765867E2,-1.714995368E0,3.376629922E0,9.049489498E0
1.523865637E2,-1.592221234E0,3.325012164E0,9.090942163E0
1.523965407E2,-1.448461590E0,3.263199493E0,9.137263806E0
1.524065177E2,-1.286784031E0,3.196278695E0,9.184992873E0
1.524164947E2,-1.106927113E0,3.128936605E0,9.231498703E0
1.524264717E2,-9.256473476E-1,3.061641000E0,9.273922006E0
1.524364487E2,-7.788600884E-1,2.999405867E0,9.307687338E0
1.524464257E2,-7.096366565E-1,2.954404819E0,9.327594184E0
1.524564027E2,-6.997307423E-1,2.934893830E0,9.334499161E0
1.524663797E2,-6.984204543E-1,2.921592583E0,9.338768798E0
1.524763567E2,-7.018511619E-1,2.898910064E0,9.345577880E0
1.524863337E2,-7.125170680E-1,2.869712285E0,9.353778600E0
1.524963107E2,-7.368010662E-1,2.840291727E0,9.360874196E0
1.525062877E2,-7.628771630E-1,2.822662957E0,9.364117062E0
1.525162647E2,-7.873566775E-1,2.836518812E0,9.357902057E0
1.525262427E2,-8.167782587E-1,2.888763391E0,9.339379832E0
1.525362197E2,-8.452120259E-1,2.981919184E0,9.307517184E0
1.525461967E2,-8.533931576E-1,3.109931692E0,9.264779885E0
1.525561737E2,-8.561254884E-1,3.262527941E0,9.211897666E0
1.525661507E2,-8.825280791E-1,3.430266431E0,9.148251894E0
1.525761277E2,-9.133898295E-1,3.601185515E0,9.079277553E0
1.525861047E2,-9.213569532E-1,3.768498036E0,9.010306721E0
1.525960817E2,-9.005171842E-1,3.915535921E0,8.949510881E0
1.526060587E2,-8.675378647E-1,4.033968059E0,8.900032911E0
1.526160357E2,-8.233405888E-1,4.112920088E0,8.868038117E0
1.526260127E2,-7.855642866E-1,4.148671426E0,8.854801775E0
1.526359897E2,-7.528497729E-1,4.143319762E0,8.860147884E0
1.526459667E2,-7.234143046E-1,4.102159165E0,8.881726449E0
1.526559437E2,-6.919365500E-1,4.033156757E0,8.915770692E0
1.526659217E2,-6.531501413E-1,3.947087205E0,8.957119862E0
1.526758987E2,-6.043770172E-1,3.851998614E0,9.001829427E0
1.526858757E2,-5.436807260E-1,3.757192737E0,9.045662495E0
1.526958527E2,-4.785286007E-1,3.676806678E0,9.082301733E0
1.527058297E2,-4.242686687E-1,3.620887708E0,9.107429557E0
1.527158067E2,-3.801809185E-1,3.595293568E0,9.119508151E0
1.527257837E2,-3.463745103E-1,3.604414932E0,9.117254049E0
1.527357607E2,-3.169070285E-1,3.647510373E0,9.101172452E0
1.527457377E2,-2.919006250E-1,3.719121223E0,9.072983610E0
1.527557144E2,-2.686688150E-1,3.810821645E0,9.035571955E0
1.527656914E2,-2.443598564E-1,3.913775910E0,8.992149362E0
1.527756684E2,-2.217774162E-1,4.018289334E0,8.946522369E0
1.527856454E2,-2.002799452E-1,4.115950407E0,8.902524410E0
1.527956224E2,-1.739821658E-1,4.200190074E0,8.863646858E0
1.528055994E2,-1.313768036E-1,4.265939967E0,8.832926756E0
1.528155774E2,-7.817964870E-2,4.312750145E0,8.810798553E0
1.528255544E2,-3.912001517E-2,4.343693902E0,8.795845469E0
1.528355314E2,-5.607413002E-3,4.363123615E0,8.786308660E0
1.528455084E2,2.558133550E-2,4.377444323E0,8.779147575E0
1.528554854E2,5.888728143E-2,4.393815650E0,8.770804768E0
1.528654624E2,9.656755222E-2,4.416182712E0,8.759229620E0
1.528754394E2,1.414750638E-1,4.444295832E0,8.744388217E0
1.528854164E2,1.939276214E-1,4.475023535E0,8.727695001E0
1.528953934E2,2.504236566E-1,4.503563795E0,8.711561363E0
1.529053704E2,3.054546719E-1,4.526253330E0,8.698036169E0
1.529153474E2,3.546327157E-1,4.541708691E0,8.688107597E0
1.529253244E2,3.952354157E-1,4.550470159E0,8.681769215E0
1.529353014E2,4.240666474E-1,4.554614958E0,8.678233988E0
1.529452784E2,4.419698716E-1,4.558788408E0,8.675148997E0
1.529552554E2,4.534707235E-1,4.567356918E0,8.670046717E0
1.529652334E2,4.571295090E-1,4.583959209E0,8.661088198E0
1.529752104E2,4.540688206E-1,4.609934588E0,8.647451906E0
1.529851874E2,4.464786595E-1,4.644371472E0,8.629401551E0
1.529951644E2,4.359597744E-1,4.684223170E0,8.608373210E0
1.530051414E2,4.250971095E-1,4.724413422E0,8.586926792E0
1.530151184E2,4.163631601E-1,4.759695229E0,8.567849082E0
1.530250954E2,4.116789556E-1,4.785636986E0,8.553613451E0
1.530350724E2,4.118683688E-1,4.799349876E0,8.545917930E0
1.530450494E2,4.158505785E-1,4.800834192E0,8.544891159E0
1.530550264E2,4.257801739E-1,4.794650177E0,8.547873239E0
1.530650034E2,4.439067252E-1,4.788957620E0,8.550141959E0
1.530749804E2,4.664456219E-1,4.785964723E0,8.550617922E0
1.530849574E2,4.908744118E-1,4.786808768E0,8.548777803E0
1.530949344E2,5.144799138E-1,4.790191090E0,8.545495176E0
1.531049124E2,5.351885589E-1,4.793666675E0,8.542273360E0
1.531148894E2,5.513415653E-1,4.795324361E0,8.540315713E0
1.531248664E2,5.630983790E-1,4.794180353E0,8.540190582E0
1.531348434E2,5.717836504E-1,4.791763991E0,8.540970016E0
1.531448204E2,5.784095325E-1,4.790908251E0,8.541003345E0
1.531547974E2,5.842531667E-1,4.793750583E0,8.539010614E0
1.531647744E2,5.909371189E-1,4.800748530E0,8.534618186E0
1.531747514E2,5.990146454E-1,4.811318250E0,8.528100879E0
1.531847284E2,6.082503590E-1,4.823590094E0,8.520511193E0
1.531947054E2,6.170033851E-1,4.835480407E0,8.513139024E0
1.532046824E2,6.236557623E-1,4.845316885E0,8.507059674E0
1.532146594E2,6.276857364E-1,4.852362195E0,8.502746183E0
1.532246364E2,6.278279699E-1,4.857144633E0,8.500004423E0
1.532346134E2,6.241225163E-1,4.861242946E0,8.497934509E0
1.532445904E2,6.183040251E-1,4.866066899E0,8.495598546E0
1.532545684E2,6.132488879E-1,4.872202383E0,8.492448066E0
1.532645454E2,6.104251944E-1,4.878817922E0,8.488852614E0
1.532745224E2,6.100953748E-1,4.884353482E0,8.485692194E0
1.532844994E2,6.116710533E-1,4.887930223E0,8.483518783E0
1.532944764E2,6.138734436E-1,4.889710116E0,8.482334138E0
1.533044534E2,6.166532099E-1,4.890586029E0,8.481627209E0
1.533144304E2,6.197957229E-1,4.891535617E0,8.480850699E0
1.533244074E2,6.221139977E-1,4.893395908E0,8.479607581E0
1.533343844E2,6.227992183E-1,4.896714203E0,8.477641747E0
1.533443614E2,6.223772686E-1,4.901822623E0,8.474720478E0
1.533543384E2,6.229769006E-1,4.907914837E0,8.471149583E0
1.533643154E2,6.260292202E-1,4.913094301E0,8.467921336E0
1.533742924E2,6.316061483E-1,4.915701574E0,8.465994093E0
1.533842694E2,6.383599748E-1,4.914877117E0,8.465966027E0
1.533942474E2,6.454956244E-1,4.910796930E0,8.467792697E0
1.534042244E2,6.531358887E-1,4.905350248E0,8.470363133E0
1.534142014E2,6.606809165E-1,4.900949926E0,8.472324874E0
1.534241784E2,6.674711419E-1,4.899547471E0,8.472603786E0
1.534341554E2,6.714623051E-1,4.901775553E0,8.470999895E0
1.534441324E2,6.720535317E-1,4.907650543E0,8.467550622E0
1.534541094E2,6.691507546E-1,4.916635959E0,8.462566456E0
1.534640864E2,6.635013941E-1,4.927942135E0,8.456432726E0
1.534740634E2,6.564940909E-1,4.939782747E0,8.450069202E0
1.534840404E2,6.502038024E-1,4.950280253E0,8.444410266E0
1.534940174E2,6.462149781E-1,4.957757673E0,8.440328910E0
1.535039944E2,6.444236105E-1,4.962008014E0,8.437967804E0
1.535139714E2,6.446460970E-1,4.963341179E0,8.437166151E0
1.535239484E2,6.452007785E-1,4.962789202E0,8.437448571E0
1.535339254E2,6.451575822E-1,4.962439538E0,8.437657317E0
1.535439034E2,6.439052548E-1,4.964210660E0,8.436711237E0
1.535538804E2,6.403273436E-1,4.968660391E0,8.434364165E0
1.535638574E2,6.347279768E-1,4.974487141E0,8.431352264E0
1.535738344E2,6.289950742E-1,4.979257885E0,8.428965431E0
1.535838114E2,6.246228187E-1,4.980952408E0,8.428289493E0
1.535937884E2,6.230587616E-1,4.978542770E0,8.429829065E0
1.536037654E2,6.248049594E-1,4.972389160E0,8.433330962E0
1.536137424E2,6.300320048E-1,4.963290893E0,8.438299926E0
1.536237194E2,6.375146867E-1,4.952396361E0,8.444136617E0
1.536336964E2,6.458161980E-1,4.941431662E0,8.449927699E0
1.536436734E2,6.534260568E-1,4.931769138E0,8.454986125E0
1.536536504E2,6.595332543E-1,4.924773529E0,8.458588595E0
1.536636274E2,6.639601813E-1,4.921616617E0,8.460079635E0
1.536736044E2,6.664378658E-1,4.922843363E0,8.459170977E0
1.536835814E2,6.661797843E-1,4.928135093E0,8.456109375E0
1.536935594E2,6.633413266E-1,4.936359787E0,8.451534514E0
1.537035364E2,6.594593601E-1,4.945842801E0,8.446291900E0
1.537135134E2,6.558512626E-1,4.955288393E0,8.441035253E0
1.537234904E2,6.529364987E-1,4.963318959E0,8.436542253E0
1.537334674E2,6.508139594E-1,4.969045138E0,8.433334470E0
1.537434444E2,6.495587815E-1,4.972097384E0,8.431632346E0
1.537534214E2,6.490866188E-1,4.972751688E0,8.431282682E0
1.537633979E2,6.494698307E-1,4.971386363E0,8.432058023E0
1.537733749E2,6.506609085E-1,4.969259731E0,8.433219865E0
1.537833519E2,6.530443798E-1,4.967826578E0,8.433880016E0
1.537933289E2,6.560279216E-1,4.967500888E0,8.433840255E0
1.538033059E2,6.581927070E-1,4.968276814E0,8.433214602E0
1.538132829E2,6.588992699E-1,4.969923390E0,8.432189001E0
1.538232599E2,6.584379977E-1,4.972480377E0,8.430717257E0
1.538332379E2,6.574916989E-1,4.976026713E0,8.428698798E0
1.538432149E2,6.554670274E-1,4.980339035E0,8.426309041E0
1.538531919E2,6.518840729E-1,4.985296304E0,8.423655574E0
1.538631689E2,6.469741660E-1,4.991144105E0,8.420570583E0
1.538731459E2,6.411645187E-1,4.998389390E0,8.416716684E0
1.538831229E2,6.349405231E-1,5.006617591E0,8.412296188E0
1.538930999E2,6.284457283E-1,5.015142247E0,8.407704955E0
1.539030769E2,6.222118655E-1,5.022976347E0,8.403491451E0
1.539130539E2,6.171692267E-1,5.029816419E0,8.399770868E0
1.539230309E2,6.144676669E-1,5.035680007E0,8.396455497E0
1.539330079E2,6.144573612E-1,5.039738560E0,8.394020131E0
1.539429849E2,6.164688765E-1,5.041142476E0,8.393029613E0
1.539529619E2,6.201105954E-1,5.039903451E0,8.393505576E0
1.539629389E2,6.253355212E-1,5.036608545E0,8.395095434E0
1.539729169E2,6.319411207E-1,5.031878732E0,8.397437244E0
1.539828939E2,6.384285334E-1,5.026432051E0,8.400207655E0
1.539928709E2,6.435923557E-1,5.021205225E0,8.402938889E0
1.540028479E2,6.468307630E-1,5.017413306E0,8.404955594E0
1.540128249E2,6.479153484E-1,5.016022253E0,8.405702283E0
1.540228019E2,6.464232852E-1,5.016793501E0,8.405356713E0
1.540327789E2,6.430014946E-1,5.018997901E0,8.404303045E0
1.540427559E2,6.388787690E-1,5.022010387E0,8.402817852E0
1.540527329E2,6.350598063E-1,5.025288920E0,8.401146718E0
1.540627099E2,6.315886067E-1,5.028331811E0,8.399587850E0
1.540726869E2,6.286534506E-1,5.030571295E0,8.398467523E0
1.540826639E2,6.263268435E-1,5.031544856E0,8.398057634E0
1.540926409E2,6.252717134E-1,5.030949025E0,8.398493251E0
1.541026179E2,6.258988273E-1,5.029184920E0,8.399503065E0
1.541125949E2,6.275062269E-1,5.026581740E0,8.400941480E0
1.541225729E2,6.297875181E-1,5.023848166E0,8.402405623E0
1.541325499E2,6.325221878E-1,5.021768897E0,8.403442919E0
1.541425269E2,6.345125069E-1,5.020591267E0,8.403996651E0
1.541525039E2,6.352171694E-1,5.020504144E0,8.403995481E0
1.541624809E2,6.346116172E-1,5.021819183E0,8.403255224E0
1.541724579E2,6.330216862E-1,5.024222388E0,8.401938431E0
1.541824349E2,6.310208420E-1,5.027009171E0,8.400422248E0
1.541924119E2,6.290569085E-1,5.029418809E0,8.399127089E0
1.542023889E2,6.274560139E-1,5.031040826E0,8.398275150E0
1.542123659E2,6.262918333E-1,5.031639581E0,8.398003255E0
1.542223429E2,6.253673885E-1,5.030998142E0,8.398456998E0
1.542323199E2,6.246181409E-1,5.029379632E0,8.399481431E0
1.542422969E2,6.242279124E-1,5.026613315E0,8.401166598E0
1.542522739E2,6.243312619E-1,5.022653580E0,8.403526534E0
1.542622519E2,6.249069203E-1,5.017509200E0,8.406556562E0
1.542722289E2,6.256042007E-1,5.012215131E0,8.409662603E0
1.542822059E2,6.260735860E-1,5.007816855E0,8.412247072E0
1.542921829E2,6.260595527E-1,5.005034750E0,8.413903588E0
1.543021599E2,6.254573625E-1,5.003847765E0,8.414654371E0
1.543121369E2,6.240865559E-1,5.004424886E0,8.414412881E0
1.543221139E2,6.217607528E-1,5.006214134E0,8.413520595E0
1.543320909E2,6.187109182E-1,5.008760011E0,8.412230115E0
1.543420679E2,6.151584423E-1,5.011982412E0,8.410571845E0
1.543520449E2,6.114989624E-1,5.016169603E0,8.408341717E0
1.543620219E2,6.079164465E-1,5.021155524E0,8.405625685E0
1.543719989E2,6.039034293E-1,5.026426789E0,8.402763473E0
1.543819759E2,5.996417227E-1,5.031476444E0,8.400046272E0
1.543919529E2,5.953617801E-1,5.036012714E0,8.397631372E0
1.544019309E2,5.914858801E-1,5.040012209E0,8.395505909E0
1.544119079E2,5.883352907E-1,5.043077320E0,8.393886815E0
1.544218849E2,5.859335469E-1,5.045109812E0,8.392833146E0
1.544318619E2,5.834856831E-1,5.046151786E0,8.392377648E0
1.544418389E2,5.802884256E-1,5.046645876E0,8.392302219E0
1.544518159E2,5.759026850E-1,5.047201361E0,8.392270060E0
1.544617929E2,5.703226505E-1,5.048044530E0,8.392144344E0
1.544717699E2,5.642697591E-1,5.049353721E0,8.391765445E0
1.544817469E2,5.585594048E-1,5.051045321E0,8.391129268E0
1.544917239E2,5.531654580E-1,5.052563843E0,8.390572028E0
1.545017009E2,5.478992729E-1,5.054322685E0,8.389858668E0
1.545116779E2,5.425152663E-1,5.057253309E0,8.388442472E0
1.545216549E2,5.371576819E-1,5.061630535E0,8.386146855E0
1.545316319E2,5.317950908E-1,5.067039210E0,8.383222078E0
1.545416089E2,5.262585450E-1,5.073292807E0,8.379788593E0
1.545515869E2,5.195178382E-1,5.079762751E0,8.376288450E0
1.545615639E2,5.113560754E-1,5.085743283E0,8.373161359E0
1.545715409E2,5.015482116E-1,5.090451461E0,8.370893224E0
1.545815179E2,4.906283902E-1,5.093814195E0,8.369494570E0
1.545914949E2,4.790985581E-1,5.096837790E0,8.368321618E0
1.546014719E2,4.669672666E-1,5.100331501E0,8.366879110E0
1.546114489E2,4.538719156E-1,5.105136158E0,8.364668863E0
1.546214259E2,4.396046363E-1,5.111103242E0,8.361786770E0
1.546314029E2,4.251324852E-1,5.117668496E0,8.358518761E0
1.546413799E2,4.118094216E-1,5.123790531E0,8.355434355E0
1.546513569E2,4.000890067E-1,5.127681853E0,8.353616456E0
1.546613339E2,3.900050082E-1,5.128114547E0,8.353827540E0
1.546713109E2,3.821114498E-1,5.124682816E0,8.356297989E0
1.546812879E2,3.764712256E-1,5.117811168E0,8.360764092E0
1.546912659E2,3.725656510E-1,5.109460174E0,8.366045297E0
1.547012429E2,3.682809576E-1,5.101340146E0,8.371189093E0
1.547112199E2,3.620670119E-1,5.094815823E0,8.375432417E0
1.547211969E2,3.537170783E-1,5.090978295E0,8.378122137E0
1.547311739E2,3.437921606E-1,5.090257918E0,8.378972322E0
1.547411509E2,3.320299747E-1,5.092503249E0,8.378082376E0
1.547511279E2,3.187107118E-1,5.096589283E0,8.376114787E0
1.547611050E2,3.045554067E-1,5.101336053E0,8.373751928E0
1.547710820E2,2.907364078E-1,5.105605690E0,8.371640498E0
1.547810590E2,2.779899528E-1,5.108279622E0,8.370442404E0
1.547910360E2,2.664704446E-1,5.108263249E0,8.370826566E0
1.548010130E2,2.567631530E-1,5.104792342E0,8.373246728E0
1.548109900E2,2.500328433E-1,5.098251062E0,8.377435089E0
1.548209670E2,2.456630181E-1,5.089200742E0,8.383065373E0
1.548309450E2,2.415198455E-1,5.076969536E0,8.390598925E0
1.548409220E2,2.363673887E-1,5.059974604E0,8.401005215E0
1.548508990E2,2.327964210E-1,5.040061911E0,8.413066267E0
1.548608760E2,2.308347715E-1,5.022617328E0,8.423546231E0
1.548708530E2,2.265540067E-1,5.009583884E0,8.431420092E0
1.548808300E2,2.198725944E-1,4.998430905E0,8.438213387E0
1.548908070E2,2.135632294E-1,4.986157599E0,8.445633504E0
1.549007840E2,2.128179652E-1,4.972133052E0,8.453916085E0
1.549107610E2,2.217439957E-1,4.957606230E0,8.462214453E0
1.549207380E2,2.389977587E-1,4.943119753E0,8.470215783E0
1.549307150E2,2.592945406E-1,4.927498332E0,8.478716465E0
1.549406920E2,2.784864728E-1,4.909684789E0,8.488435707E0
1.549506690E2,2.961259327E-1,4.890798283E0,8.498734993E0
1.549606460E2,3.113523563E-1,4.873395507E0,8.508182924E0
1.549706230E2,3.235425584E-1,4.857784318E0,8.516651446E0
1.549806010E2,3.319115686E-1,4.844927753E0,8.523649979E0
1.549905780E2,3.364301506E-1,4.835691783E0,8.528716006E0
1.550005550E2,3.347896047E-1,4.830176105E0,8.531905662E0
1.550105320E2,3.238927336E-1,4.826995804E0,8.534125850E0
1.550205090E2,3.058891383E-1,4.825462664E0,8.535657236E0
1.550304860E2,2.853447451E-1,4.827355700E0,8.535298217E0
1.550404630E2,2.654750658E-1,4.833741152E0,8.532324908E0
1.550504400E2,2.472371251E-1,4.841646295E0,8.528390316E0
1.550604170E2,2.309810433E-1,4.846306234E0,8.526198780E0
1.550703940E2,2.172982846E-1,4.843942205E0,8.527901489E0
1.550803710E2,2.077433312E-1,4.834386393E0,8.533559840E0
1.550903480E2,2.036648069E-1,4.819982654E0,8.541802075E0
1.551003250E2,2.047215084E-1,4.802727228E0,8.551490911E0
1.551103020E2,2.089779708E-1,4.783061580E0,8.562403570E0
1.551202790E2,2.151011568E-1,4.762272097E0,8.573831953E0
1.551302570E2,2.224419888E-1,4.743279171E0,8.584166906E0
1.551402340E2,2.299491925E-1,4.729208432E0,8.591729110E0
1.551502110E2,2.359395370E-1,4.721161493E0,8.595991146E0
1.551601880E2,2.387941659E-1,4.717825072E0,8.597744141E0
1.551701650E2,2.379190570E-1,4.717250583E0,8.598083864E0
1.551801420E2,2.339054917E-1,4.717566333E0,8.598020130E0
1.551901190E2,2.277009198E-1,4.717542359E0,8.598200224E0
1.552000960E2,2.202847134E-1,4.716581954E0,8.598920601E0
1.552100730E2,2.131328926E-1,4.713159871E0,8.600977067E0
1.552200500E2,2.080417037E-1,4.707470238E0,8.604216424E0
1.552300270E2,2.053123879E-1,4.700234309E0,8.608236970E0
1.552400040E2,2.039951746E-1,4.691628669E0,8.612961520E0
1.552499810E2,2.030148706E-1,4.681934862E0,8.618257928E0
1.552599580E2,2.019259364E-1,4.671980563E0,8.623684144E0
1.552699350E2,2.004522370E-1,4.663660852E0,8.628220414E0
1.552799130E2,1.986059239E-1,4.658206277E0,8.631208926E0
1.552898900E2,1.957185505E-1,4.656151857E0,8.632383631E0
1.552998670E2,1.910342912E-1,4.657447893E0,8.631788970E0
1.553098440E2,1.845765714E-1,4.661773955E0,8.629594510E0
1.553198210E2,1.766177435E-1,4.668764886E0,8.625980346E0
1.553297980E2,1.683931779E-1,4.677812868E0,8.621241762E0
1.553397750E2,1.607493504E-1,4.687172213E0,8.616303204E0
1.553497520E2,1.543068699E-1,4.695065955E0,8.612121860E0
1.553597290E2,1.491867281E-1,4.700930127E0,8.609012311E0
1.553697060E2,1.451608562E-1,4.704209830E0,8.607289721E0
1.553796830E2,1.421963544E-1,4.704344609E0,8.607265747E0
1.553896600E2,1.403899119E-1,4.701772711E0,8.608700069E0
1.553996370E2,1.391800773E-1,4.697504828E0,8.611049480E0
1.554096140E2,1.375302215E-1,4.692876465E0,8.613599451E0
1.554195920E2,1.349059637E-1,4.688667639E0,8.615932490E0
1.554295690E2,1.312249861E-1,4.684529857E0,8.618239802E0
1.554395460E2,1.273087495E-1,4.679906756E0,8.620809653E0
1.554495230E2,1.241067776E-1,4.675063215E0,8.623484169E0
1.554595000E2,1.221548857E-1,4.670238092E0,8.626126526E0
1.554694770E2,1.209456998E-1,4.665595111E0,8.628655447E0
1.554794540E2,1.199951800E-1,4.660976103E0,8.631164487E0
1.554894310E2,1.190503339E-1,4.656991225E0,8.633328542E0
1.554994080E2,1.179769770E-1,4.654724844E0,8.634565228E0
1.555093850E2,1.159825283E-1,4.654169944E0,8.634891502E0
1.555193620E2,1.133923488E-1,4.654948793E0,8.634506171E0
1.555293390E2,1.115662451E-1,4.657038880E0,8.633402801E0
1.555393160E2,1.112608560E-1,4.661259108E0,8.631128819E0
1.555492930E2,1.122106448E-1,4.668954921E0,8.626955661E0
1.555592700E2,1.132708912E-1,4.681214485E0,8.620295683E0
1.555692480E2,1.139250758E-1,4.698094520E0,8.611099182E0
1.555792250E2,1.147342848E-1,4.718808866E0,8.599754999E0
1.555892020E2,1.160982758E-1,4.741421803E0,8.587289904E0
1.555991790E2,1.175882742E-1,4.763112927E0,8.575256919E0
1.556091560E2,1.188288981E-1,4.781185209E0,8.565176319E0
1.556191330E2,1.199533633E-1,4.794751334E0,8.557573770E0
1.556291100E2,1.219686245E-1,4.805313744E0,8.551618965E0
1.556390870E2,1.255329866E-1,4.814949371E0,8.546145387E0
1.556490640E2,1.299807352E-1,4.824948694E0,8.540437335E0
1.556590410E2,1.326236675E-1,4.835622786E0,8.534357400E0
1.556690180E2,1.315612101E-1,4.846600349E0,8.528145318E0
1.556789950E2,1.266212448E-1,4.857481725E0,8.522026792E0
1.556889720E2,1.190441852E-1,4.867901756E0,8.516188347E0
1.556989490E2,1.107250135E-1,4.878332604E0,8.510329437E0
1.557089270E2,1.032606681E-1,4.889102590E0,8.504241316E0
1.557189040E2,9.762525871E-2,4.899828430E0,8.498132145E0
1.557288810E2,9.308701538E-2,4.909770159E0,8.492443389E0
1.557388580E2,8.879424546E-2,4.917857442E0,8.487808301E0
1.557488350E2,8.502558706E-2,4.923111166E0,8.484801078E0
1.557588129E2,8.368812785E-2,4.925475780E0,8.483441600E0
1.557687899E2,8.519437060E-2,4.925502092E0,8.483411779E0
1.557787669E2,8.873073008E-2,4.923997019E0,8.484249101E0
1.557887439E2,9.361518340E-2,4.921621295E0,8.485575249E0
1.557987209E2,9.960384686E-2,4.919163126E0,8.486931803E0
1.558086979E2,1.064257020E-1,4.917568005E0,8.487773218E0
1.558186749E2,1.132285628E-1,4.917351074E0,8.487811224E0
1.558286519E2,1.193442479E-1,4.918560863E0,8.487026528E0
1.558386289E2,1.247964933E-1,4.920592770E0,8.485769961E0
1.558486059E2,1.297870644E-1,4.922478497E0,8.484601688E0
1.558585839E2,1.337702608E-1,4.923400603E0,8.484004687E0
1.558685609E2,1.361348200E-1,4.922769104E0,8.484333301E0
1.558785379E2,1.343242662E-1,4.917525905E0,8.487401919E0
1.558885149E2,1.095734775E-1,4.878878734E0,8.510031229E0
1.558984919E2,5.949935243E-2,4.808310150E0,8.550597457E0
1.559084689E2,7.258194471E-3,4.718413594E0,8.600733823E0
1.559184459E2,-3.744637988E-2,4.611753364E0,8.658316033E0
1.559284229E2,-5.681782390E-2,4.497340896E0,8.718187428E0
1.559383999E2,-6.397487068E-2,4.381067550E0,8.777143734E0
1.559483769E2,-7.012898292E-2,4.268434682E0,8.832420387E0
1.559583539E2,-6.579426837E-2,4.167769602E0,8.880397961E0
1.559683309E2,-2.913179911E-2,4.109344808E0,8.907779887E0
1.559783079E2,4.177583879E-2,4.133388559E0,8.896597672E0
1.559882849E2,1.273574367E-1,4.232852913E0,8.848889070E0
1.559982619E2,1.850807476E-1,4.364085190E0,8.783883235E0
1.560082389E2,2.000494187E-1,4.487794147E0,8.720997015E0
1.560182169E2,1.812467831E-1,4.579073276E0,8.673830450E0
1.560281939E2,1.498290539E-1,4.639986937E0,8.642000547E0
1.560381709E2,1.249496446E-1,4.688348966E0,8.616256426E0
1.560481479E2,1.186913332E-1,4.740724523E0,8.587638983E0
1.560581249E2,1.338408933E-1,4.801232972E0,8.553732734E0
1.560681019E2,1.646376940E-1,4.862259485E0,8.518651779E0
1.560780789E2,2.035651485E-1,4.913244574E0,8.488503535E0
1.560880559E2,2.467064720E-1,4.947886988E0,8.467210314E0
1.560980329E2,2.914425870E-1,4.966778757E0,8.454718323E0
1.561080099E2,3.351883482E-1,4.975017484E0,8.448251302E0
1.561179869E2,3.754978835E-1,4.979094747E0,8.444152989E0
1.561279639E2,4.089958145E-1,4.983627509E0,8.439921359E0
1.561379409E2,4.335343859E-1,4.990662294E0,8.434538412E0
1.561479179E2,4.485798930E-1,4.998855997E0,8.428897603E0
1.561578959E2,4.552292005E-1,5.004419038E0,8.425239000E0
1.561678729E2,4.561883266E-1,5.003989853E0,8.425441899E0
1.561778499E2,4.536137975E-1,4.996173295E0,8.430219074E0
1.561878269E2,4.494951285E-1,4.982361002E0,8.438609828E0
1.561978039E2,4.451385143E-1,4.965851389E0,8.448566467E0
1.562077809E2,4.408059467E-1,4.950710608E0,8.457674675E0
1.562177579E2,4.357910457E-1,4.939703810E0,8.464367398E0
1.562277349E2,4.289760428E-1,4.934069433E0,8.468000858E0
1.562377119E2,4.193080006E-1,4.933923252E0,8.468570377E0
1.562476889E2,4.065294589E-1,4.938609211E0,8.466461871E0
1.562576659E2,3.910357627E-1,4.947297004E0,8.462117974E0
1.562676429E2,3.739360922E-1,4.958461677E0,8.456354374E0
1.562776199E2,3.566869156E-1,4.970066646E0,8.450284379E0
1.562875969E2,3.405201318E-1,4.979737941E0,8.445256358E0
1.562975739E2,3.261425229E-1,4.985200995E0,8.442600553E0
1.563075509E2,3.141713721E-1,4.984598731E0,8.443409808E0
1.563175289E2,3.051894459E-1,4.976257678E0,8.448657684E0
1.563275059E2,2.993132317E-1,4.959458043E0,8.458740622E0
1.563374829E2,2.973288511E-1,4.934638367E0,8.473313638E0
1.563474599E2,2.989835583E-1,4.904144260E0,8.490941239E0
1.563574369E2,3.029729857E-1,4.871363307E0,8.509648821E0
1.563674139E2,3.073258905E-1,4.839719346E0,8.527530191E0
1.563773909E2,3.104825465E-1,4.811753575E0,8.543227041E0
1.563873679E2,3.123355291E-1,4.789096784E0,8.555881001E0
1.563973449E2,3.128273530E-1,4.773133300E0,8.564779294E0
1.564073219E2,3.116063448E-1,4.764451062E0,8.569656456E0
1.564172989E2,3.097596113E-1,4.763315533E0,8.570354614E0
1.564272759E2,3.095320450E-1,4.769729928E0,8.566794244E0
1.564372529E2,3.127972033E-1,4.782081587E0,8.559786941E0
1.564472299E2,3.197114262E-1,4.797550980E0,8.550870522E0
1.564572069E2,3.304465487E-1,4.812756665E0,8.541913172E0
1.564671849E2,3.453418189E-1,4.824976176E0,8.534426982E0
1.564771619E2,3.635889325E-1,4.832666142E0,8.529316515E0
1.564871389E2,3.832420090E-1,4.834894808E0,8.527192807E0
1.564971159E2,4.027576029E-1,4.831029798E0,8.528483872E0
1.565070929E2,4.218090740E-1,4.821029013E0,8.533220701E0
1.565170699E2,4.396122011E-1,4.805816020E0,8.540900434E0
1.565270469E2,4.543386330E-1,4.787016637E0,8.550681072E0
1.565370239E2,4.646655468E-1,4.767117392E0,8.561237050E0
1.565470009E2,4.693355717E-1,4.748554529E0,8.571292507E0
1.565569779E2,4.681863015E-1,4.733515491E0,8.579669813E0
1.565669549E2,4.612339621E-1,4.722893146E0,8.585897682E0
1.565769319E2,4.482679441E-1,4.716852388E0,8.589904194E0
1.565869089E2,4.300258007E-1,4.714731310E0,8.592001006E0
1.565968859E2,4.079530001E-1,4.714735111E0,8.593075140E0
1.566068639E2,3.842057398E-1,4.714496545E0,8.594300716E0
1.566168409E2,3.615774903E-1,4.711610067E0,8.596865305E0
1.566268179E2,3.428235328E-1,4.704172116E0,8.601705630E0
1.566367949E2,3.293695281E-1,4.691397119E0,8.609204684E0
1.566467719E2,3.217827293E-1,4.673949612E0,8.618975966E0
1.566567489E2,3.202898986E-1,4.652826546E0,8.630452881E0
1.566667259E2,3.251502869E-1,4.629313430E0,8.642906865E0
1.566767029E2,3.344253231E-1,4.605049239E0,8.655505861E0
1.566866799E2,3.451619074E-1,4.581903621E0,8.667359337E0
1.566966569E2,3.552542747E-1,4.562435316E0,8.677215988E0
1.567066339E2,3.634146854E-1,4.549042853E0,8.683906957E0
1.567166109E2,3.697704261E-1,4.543597049E0,8.686489087E0
1.567265879E2,3.746756553E-1,4.546795476E0,8.684605114E0
1.567365649E2,3.773574442E-1,4.558515635E0,8.678342746E0
1.567465419E2,3.783888200E-1,4.577733094E0,8.668176193E0
1.567565192E2,3.802222876E-1,4.602599840E0,8.654918216E0
1.567664962E2,3.848809835E-1,4.630422939E0,8.639858712E0
1.567764732E2,3.925799027E-1,4.657620386E0,8.624879900E0
1.567864502E2,4.034482321E-1,4.680846403E0,8.611794416E0
1.567964272E2,4.180407993E-1,4.697646623E0,8.601944781E0
1.568064042E2,4.364323391E-1,4.706711562E0,8.596074176E0
1.568163812E2,4.581506522E-1,4.708175120E0,8.594142256E0
1.568263582E2,4.823318125E-1,4.703428058E0,8.595418704E0
1.568363352E2,5.079685275E-1,4.694722723E0,8.598700161E0
1.568463122E2,5.342850545E-1,4.684442149E0,8.602711351E0
1.568562892E2,5.611424489E-1,4.674100178E0,8.606625477E0
1.568662662E2,5.889011550E-1,4.663966369E0,8.610267708E0
1.568762432E2,6.169074176E-1,4.653185273E0,8.614139149E0
1.568862202E2,6.446784760E-1,4.640276667E0,8.619067183E0
1.568961972E2,6.709394909E-1,4.624276638E0,8.625659918E0
1.569061752E2,6.941180000E-1,4.605354464E0,8.633945423E0
1.569161522E2,7.141349926E-1,4.584146905E0,8.643593329E0
1.569261292E2,7.328616509E-1,4.562032735E0,8.653720121E0
1.569361062E2,7.517168748E-1,4.540976035E0,8.663172730E0
1.569460832E2,7.688389110E-1,4.522859899E0,8.671143070E0
1.569560602E2,7.833447567E-1,4.509336166E0,8.676886205E0
1.569660372E2,7.973541737E-1,4.501659649E0,8.679595805E0
1.569760142E2,8.144518708E-1,4.499897883E0,8.678921621E0
1.569859912E2,8.383875212E-1,4.502001711E0,8.675551286E0
1.569959682E2,8.722576641E-1,4.502621224E0,8.671889759E0
1.570059452E2,9.171107052E-1,4.494399161E0,8.671527232E0
1.570159222E2,9.690295947E-1,4.470241098E0,8.678365551E0
1.570258992E2,1.018673625E0,4.425954871E0,8.695362237E0
1.570358762E2,1.056550426E0,4.364521100E0,8.721854802E0
1.570458532E2,1.078711885E0,4.297265548E0,8.752484856E0
1.570558312E2,1.087539938E0,4.239057393E0,8.779735220E0
1.570658082E2,1.088451373E0,4.201507159E0,8.797653428E0
1.570757852E2,1.084763169E0,4.189160179E0,8.803994733E0
1.570857622E2,1.077960810E0,4.199430813E0,8.799936181E0
1.570957392E2,1.069162359E0,4.224460112E0,8.789022937E0
1.571057162E2,1.058488998E0,4.255798557E0,8.775185502E0
1.571156932E2,1.046535023E0,4.287113612E0,8.761365023E0
1.571256702E2,1.032357791E0,4.315527572E0,8.749089378E0
1.571356472E2,1.014775286E0,4.341433661E0,8.738322900E0
1.571456242E2,9.950079699E-1,4.366833089E0,8.727933567E0
1.571556012E2,9.742376366E-1,4.392816946E0,8.717231408E0
1.571655782E2,9.530883307E-1,4.418673626E0,8.706494751E0
1.571755552E2,9.335011084E-1,4.442967637E0,8.696246921E0
1.571855322E2,9.180627780E-1,4.464701153E0,8.686754551E0
1.571955092E2,9.075904879E-1,4.482682803E0,8.678590668E0
1.572054872E2,9.009393532E-1,4.495354012E0,8.672727665E0
1.572154642E2,8.956980553E-1,4.500524997E0,8.670588169E0
1.572254412E2,8.896258680E-1,4.495940487E0,8.673591299E0
1.572354182E2,8.807492830E-1,4.480380169E0,8.682543971E0
1.572453952E2,8.683459499E-1,4.455270471E0,8.696703004E0
1.572553722E2,8.523857555E-1,4.424112413E0,8.714170391E0
1.572653492E2,8.331674194E-1,4.392032834E0,8.732238287E0
1.572753262E2,8.109391560E-1,4.363968830E0,8.748385958E0
1.572853032E2,7.867498096E-1,4.343464399E0,8.760790241E0
1.572952802E2,7.615038713E-1,4.332188044E0,8.768600952E0
1.573052572E2,7.368781033E-1,4.330343832E0,8.771615192E0
1.573152342E2,7.151616175E-1,4.336405348E0,8.770418267E0
1.573252112E2,6.976060834E-1,4.348215846E0,8.765983154E0
1.573351882E2,6.851497599E-1,4.363124492E0,8.759555894E0
1.573451662E2,6.791858192E-1,4.378952028E0,8.752118821E0
1.573551432E2,6.798862425E-1,4.394075851E0,8.744481187E0
1.573651202E2,6.864220409E-1,4.407653378E0,8.737134161E0
1.573750972E2,6.971238343E-1,4.418586794E0,8.730762450E0
1.573850742E2,7.098967114E-1,4.425806936E0,8.726074737E0
1.573950512E2,7.221380036E-1,4.429665806E0,8.723111368E0
1.574050282E2,7.331312075E-1,4.431794485E0,8.721113375E0
1.574150052E2,7.421270026E-1,4.434176056E0,8.719141694E0
1.574249822E2,7.480677737E-1,4.438261506E0,8.716554886E0
1.574349592E2,7.502966592E-1,4.444386172E0,8.713241853E0
1.574449362E2,7.493109649E-1,4.452569642E0,8.709147633E0
1.574549132E2,7.455583680E-1,4.463172106E0,8.704041259E0
1.574648902E2,7.393488443E-1,4.477105729E0,8.697412856E0
1.574748672E2,7.304142988E-1,4.495279167E0,8.688789382E0
1.574848442E2,7.177938878E-1,4.518411629E0,8.677835208E0
1.574948222E2,7.015025217E-1,4.546834652E0,8.664311183E0
1.575047992E2,6.823381262E-1,4.580043037E0,8.648336590E0
1.575147762E2,6.614341110E-1,4.616839857E0,8.630376282E0
1.575247532E2,6.392842003E-1,4.655475627E0,8.611269336E0
1.575347302E2,6.164239260E-1,4.693865229E0,8.592075266E0
1.575447072E2,5.947680685E-1,4.730346884E0,8.573574091E0
1.575546842E2,5.758679671E-1,4.763569302E0,8.556452274E0
1.575646612E2,5.599249489E-1,4.792330879E0,8.541437209E0
1.575746382E2,5.475590745E-1,4.815741961E0,8.529062161E0
1.575846152E2,5.396977124E-1,4.833856635E0,8.519310760E0
1.575945922E2,5.370429668E-1,4.847130691E0,8.511933328E0
1.576045692E2,5.397517991E-1,4.856327777E0,8.506518221E0
1.576145462E2,5.471507562E-1,4.862401865E0,8.502574275E0
1.576245232E2,5.573618219E-1,4.866416855E0,8.499613829E0
1.576345012E2,5.681888919E-1,4.869321167E0,8.497232843E0
1.576444782E2,5.797573522E-1,4.871948614E0,8.494945412E0
1.576544552E2,5.925165981E-1,4.874848248E0,8.492401289E0
1.576644322E2,6.052903157E-1,4.877740865E0,8.489839039E0
1.576744092E2,6.167836759E-1,4.880263939E0,8.487561548E0
1.576843862E2,6.268990666E-1,4.882496406E0,8.485536658E0
1.576943632E2,6.322648372E-1,4.893255283E0,8.478938075E0
1.577043402E2,6.321710625E-1,4.912418947E0,8.467856432E0
1.577143172E2,6.307698503E-1,4.936960296E0,8.453676934E0
1.577242942E2,6.231865232E-1,4.972637082E0,8.433304650E0
1.577342712E2,6.080180418E-1,5.013902637E0,8.409946193E0
1.577442482E2,5.921611970E-1,5.054935473E0,8.386481316E0
1.577542252E2,5.771393345E-1,5.097513143E0,8.361720697E0
1.577642025E2,5.640538506E-1,5.144622406E0,8.333714873E0
1.577741795E2,5.510190913E-1,5.193318602E0,8.304330860E0
1.577841575E2,5.364572220E-1,5.237547526E0,8.277463489E0
1.577941345E2,5.237129231E-1,5.272879912E0,8.255820020E0
1.578041115E2,5.158608069E-1,5.298101876E0,8.240152406E0
1.578140885E2,5.123001814E-1,5.314112138E0,8.230058357E0
1.578240655E2,5.108039155E-1,5.321139321E0,8.225609795E0
1.578340425E2,5.096772667E-1,5.319383402E0,8.226815491E0
1.578440195E2,5.090059698E-1,5.309058389E0,8.233523417E0
1.578539965E2,5.104540327E-1,5.291839508E0,8.244511505E0
1.578639735E2,5.154983160E-1,5.270739831E0,8.257702823E0
1.578739505E2,5.252563688E-1,5.248759562E0,8.271077744E0
1.578839275E2,5.395138905E-1,5.228365059E0,8.283068630E0
1.578939045E2,5.567757117E-1,5.212017998E0,8.292223030E0
1.579038815E2,5.752267834E-1,5.202650759E0,8.296844670E0
1.579138585E2,5.927189117E-1,5.201733915E0,8.296189197E0
1.579238365E2,6.067515349E-1,5.206644407E0,8.292093222E0
1.579338135E2,6.145735746E-1,5.213264040E0,8.287356393E0
1.579437905E2,6.161322230E-1,5.217370539E0,8.284656149E0
1.579537675E2,6.131701697E-1,5.217377556E0,8.284871326E0
1.579637445E2,6.080482281E-1,5.213564587E0,8.287649338E0
1.579737215E2,6.030109249E-1,5.206625111E0,8.292377982E0
1.579836985E2,6.002851357E-1,5.198226171E0,8.297843374E0
1.579936755E2,6.026786569E-1,5.190124853E0,8.302739248E0
1.580036525E2,6.106070793E-1,5.184011005E0,8.305979190E0
1.580136295E2,6.217782944E-1,5.179633779E0,8.307881289E0
1.580236065E2,6.344615630E-1,5.175890976E0,8.309254800E0
1.580335835E2,6.471642005E-1,5.172355750E0,8.310476283E0
1.580435605E2,6.591164209E-1,5.168791872E0,8.311753900E0
1.580535375E2,6.691001031E-1,5.164479550E0,8.313636703E0
1.580635145E2,6.762622114E-1,5.159899426E0,8.315901330E0
1.580734925E2,6.806674305E-1,5.157499144E0,8.317030427E0
1.580834695E2,6.826608925E-1,5.160411057E0,8.315060501E0
1.580934465E2,6.824384060E-1,5.167917713E0,8.310415472E0
1.581034235E2,6.798366874E-1,5.176366940E0,8.305368741E0
1.581134005E2,6.760348278E-1,5.181420688E0,8.302526994E0
1.581233775E2,6.731794131E-1,5.169410507E0,8.310242395E0
1.581333545E2,6.744651427E-1,5.145433415E0,8.325005445E0
1.581433315E2,6.833448706E-1,5.123792869E0,8.337618474E0
1.581533085E2,6.948332606E-1,5.108724595E0,8.345911580E0
1.581632855E2,7.035561369E-1,5.099055639E0,8.351092213E0
1.581732625E2,7.101413443E-1,5.093718885E0,8.353791288E0
1.581832395E2,7.149428585E-1,5.092681004E0,8.354014651E0
1.581932165E2,7.170021017E-1,5.094536911E0,8.352706044E0
1.582031935E2,7.133244954E-1,5.095683550E0,8.352321882E0
1.582131715E2,7.062593778E-1,5.088178648E0,8.357496083E0