"Time (s)","X (rad/s)","Y (rad/s)","Z (rad/s)"
1.320604165E-2,-6.415413320E-2,-3.760286421E-2,-2.194204926E-1
2.318304172E-2,-8.976298571E-2,-8.131099492E-2,-2.511370480E-1
3.315904178E-2,-1.012132466E-1,-1.627917290E-1,-2.810920179E-1
4.313504160E-2,-1.073371693E-1,-2.340872586E-1,-3.110699654E-1
5.311204167E-2,-1.262570620E-1,-2.717967927E-1,-3.387596607E-1
6.308804173E-2,-1.415004730E-1,-3.045086265E-1,-3.673241735E-1
7.306404179E-2,-1.472201347E-1,-3.215017021E-1,-3.889048100E-1
8.304104162E-2,-1.384672970E-1,-3.149768114E-1,-4.106447101E-1
9.301704168E-2,-2.366042435E-1,-2.993850708E-1,-4.598847032E-1
1.029930417E-1,-2.429325134E-1,-2.516529262E-1,-4.982564449E-1
1.129700416E-1,-2.547132671E-1,-2.977349162E-1,-5.040741563E-1
1.229460416E-1,-3.155866861E-1,-2.953892648E-1,-5.055387616E-1
1.329220417E-1,-3.401580751E-1,-3.189803362E-1,-4.994280934E-1
1.428990418E-1,-3.674803078E-1,-3.599612117E-1,-4.948558807E-1
1.528750416E-1,-3.984291553E-1,-4.203856885E-1,-4.850786030E-1
1.628510416E-1,-4.101340771E-1,-5.803592205E-1,-4.750293493E-1
1.728280417E-1,-4.295160174E-1,-7.164355516E-1,-5.313823223E-1
1.828040418E-1,-4.848534763E-1,-8.273474574E-1,-4.929941893E-1
1.927800416E-1,-5.625735521E-1,-9.386257529E-1,-4.652695954E-1
2.027570417E-1,-6.808547974E-1,-9.673198462E-1,-4.477708042E-1
2.127330417E-1,-7.880440950E-1,-9.286038876E-1,-4.100580513E-1
2.227090418E-1,-8.827308416E-1,-9.365671873E-1,-3.748576343E-1
2.326850416E-1,-9.583163857E-1,-9.991679788E-1,-3.465146720E-1
2.426620417E-1,-1.037189245E0,-1.119319677E0,-2.388772517E-1
2.526380417E-1,-1.140420318E0,-1.103505015E0,-1.349633783E-1
2.626140418E-1,-1.320303321E0,-9.297773838E-1,-1.483765990E-1
2.725910416E-1,-1.511413097E0,-7.805703282E-1,-1.388778985E-1
2.825670417E-1,-1.693921328E0,-7.589911222E-1,-1.005409136E-1
2.925430418E-1,-1.854598880E0,-7.710075378E-1,7.398872171E-3
3.025200416E-1,-1.981567264E0,-8.114281297E-1,1.318835616E-1
3.124960416E-1,-2.048824310E0,-9.040917754E-1,2.660072446E-1
3.224720417E-1,-2.082025051E0,-1.060189128E0,3.720786273E-1
3.324490418E-1,-2.068507195E0,-1.312521219E0,4.032458663E-1
3.424250416E-1,-1.956822634E0,-1.669065118E0,4.614973664E-1
3.524010417E-1,-1.945033669E0,-1.771720409E0,4.656902552E-1
3.623780417E-1,-1.967463136E0,-1.801367998E0,4.473250806E-1
3.723540418E-1,-1.945562601E0,-1.721171260E0,3.468085825E-1
3.823300416E-1,-1.812384248E0,-1.305250049E0,7.245239615E-2
3.923070417E-1,-1.563235402E0,-9.696601033E-1,-4.422780573E-1
4.022830417E-1,-1.156892300E0,-8.783364296E-1,-9.741364717E-1
4.122590418E-1,-8.948484659E-1,-1.752154708E0,-1.072209239E0
4.222360416E-1,-5.092321038E-1,-2.131392241E0,-9.081491828E-1
4.322120417E-1,-3.127728403E-1,-2.004403353E0,-6.736458540E-1
4.421880418E-1,-1.749292761E-1,-1.747031093E0,-5.442448854E-1
4.521650416E-1,-2.352653146E-1,-1.601264000E0,-6.899418831E-1
4.621410416E-1,-3.005883396E-1,-1.734336853E0,-9.845619202E-1
4.721170417E-1,-2.979009449E-1,-1.834557772E0,-1.223335862E0
4.820940418E-1,-3.408362269E-1,-1.791973829E0,-1.352245212E0
4.920700416E-1,-4.744102657E-1,-1.671536684E0,-1.482409120E0
5.020460417E-1,-7.643558979E-1,-1.053163767E0,-1.553717136E0
5.120230417E-1,-9.947869778E-1,-9.422857165E-1,-1.562754512E0
5.219990418E-1,-1.028866529E0,-9.695296288E-1,-1.393429279E0
5.319750416E-1,-1.078058243E0,-9.926280379E-1,-1.261928320E0
5.419520417E-1,-1.032964468E0,-9.867771268E-1,-1.144385695E0
5.519280417E-1,-9.010787010E-1,-1.117848873E0,-1.009788513E0
5.619040418E-1,-7.533972859E-1,-1.273421168E0,-8.610867858E-1
5.718810416E-1,-6.303336620E-1,-1.292958617E0,-7.737795711E-1
5.818570417E-1,-5.340577364E-1,-1.187232733E0,-7.545679808E-1
5.918330417E-1,-4.545789063E-1,-1.116086841E0,-6.707902551E-1
6.018100416E-1,-4.544458091E-1,-9.193894863E-1,-6.846321821E-1
6.117870000E-1,-6.371777654E-1,-7.054668665E-1,-7.182580829E-1
6.217630000E-1,-9.293683767E-1,-5.803829432E-1,-7.829204202E-1
6.317400001E-1,-1.326110482E0,-6.105168462E-1,-8.138085604E-1
6.417159999E-1,-1.827570081E0,-7.363916636E-1,-7.242393494E-1
6.516920000E-1,-2.299774647E0,-8.697758317E-1,-5.310062170E-1
6.616690001E-1,-2.580716133E0,-7.844633460E-1,-6.849488020E-1
6.716450001E-1,-2.699512243E0,-5.684751272E-1,-9.845238328E-1
6.816209999E-1,-2.771624088E0,-2.830142975E-1,-1.104028463E0
6.915980000E-1,-2.805425644E0,-3.698525429E-1,-9.625526071E-1
7.015740001E-1,-2.573621273E0,-5.070730448E-1,-1.104140282E0
7.115500001E-1,-2.168375015E0,-8.013909459E-1,-1.227139592E0
7.215270000E-1,-1.790494084E0,-8.879742622E-1,-1.070001841E0
7.315030000E-1,-1.532046556E0,-1.401529670E0,-5.412125587E-1
7.414790001E-1,-1.517808795E0,-2.560514688E0,3.477628231E-1
7.514559999E-1,-1.319425941E0,-2.402596951E0,3.986012340E-1
7.614320000E-1,-1.097485662E0,-1.783374906E0,-2.912157178E-1
7.714080000E-1,-1.108396888E0,-9.549976587E-1,-9.980761409E-1
7.813850001E-1,-1.222518086E0,-4.351491332E-1,-1.394534588E0
7.913609999E-1,-1.449091554E0,-2.940005064E-1,-1.297420859E0
8.013370000E-1,-2.006334066E0,-4.424023628E-1,-8.269816041E-1
8.113140000E-1,-2.478634357E0,-6.207422614E-1,-4.121341109E-1
8.212900001E-1,-2.535303116E0,-6.188992262E-1,-1.544816494E-1
8.312659999E-1,-2.356075525E0,-2.945941389E-1,-1.981188655E-1
8.412430000E-1,-2.190409660E0,-1.254194677E-1,-2.722184956E-1
8.512190001E-1,-2.057374716E0,-1.097014993E-1,-2.022673935E-1
8.611950001E-1,-1.980987787E0,-1.618283987E-1,-1.156377271E-1
8.711720000E-1,-1.926408172E0,-3.974435627E-1,-7.383488864E-2
8.811480000E-1,-1.792990446E0,-6.691626906E-1,-6.626337022E-2
8.911240001E-1,-1.507200480E0,-6.509227157E-1,-2.419041693E-1
9.011009999E-1,-1.109635472E0,-5.424917340E-1,-5.653181672E-1
9.110770000E-1,-7.489503622E-1,-6.938018799E-1,-7.434109449E-1
9.210530000E-1,-4.992316663E-1,-9.844593406E-1,-7.788761258E-1
9.310300001E-1,-3.678648472E-1,-1.288988829E0,-8.592306376E-1
9.410059999E-1,-3.345023990E-1,-1.315244555E0,-1.006653547E0
9.509820000E-1,-3.612226844E-1,-1.319251299E0,-1.050489187E0
9.609590000E-1,-5.180076957E-1,-1.299304128E0,-9.803990126E-1
9.709350001E-1,-7.732245326E-1,-1.122629523E0,-7.935612202E-1
9.809109999E-1,-1.021558404E0,-7.911544442E-1,-5.738514066E-1
9.908870000E-1,-1.195562720E0,-4.674626291E-1,-4.284723997E-1
1.000864000E0,-1.245358229E0,-2.582803369E-1,-3.869385123E-1
1.010840000E0,-1.176595926E0,-2.310511023E-1,-4.806652665E-1
1.020817000E0,-1.093985081E0,-3.527403772E-1,-7.128913403E-1
1.030793000E0,-1.060528874E0,-3.054146767E-1,-1.039379954E0
1.040769000E0,-1.153822660E0,-1.717054248E-1,-1.370097995E0
1.050745000E0,-1.338387489E0,3.670157492E-2,-1.648744226E0
1.060722000E0,-1.540564537E0,2.321570367E-1,-1.843765140E0
1.070698000E0,-1.664487004E0,3.168130517E-1,-1.901675344E0
1.080674000E0,-1.765979648E0,3.807826638E-1,-1.828168988E0
1.090651000E0,-1.788764834E0,3.969051540E-1,-1.745379567E0
1.100627000E0,-1.699987888E0,2.668054700E-1,-1.757650614E0
1.110603000E0,-1.525957704E0,6.243235618E-2,-1.814200163E0
1.120580000E0,-1.286233068E0,-2.322045863E-1,-1.896665335E0
1.130556000E0,-1.000018358E0,-6.787490249E-1,-1.991902828E0
1.140532000E0,-7.187607884E-1,-1.137857437E0,-2.033637285E0
1.150509000E0,-5.128544569E-1,-1.473723888E0,-1.987955093E0
1.160485000E0,-4.255999327E-1,-1.622032762E0,-1.899589181E0
1.170461000E0,-4.596063793E-1,-1.584414721E0,-1.773918629E0
1.180438000E0,-5.730499625E-1,-1.337684035E0,-1.580636263E0
1.190414000E0,-6.952104568E-1,-9.718634486E-1,-1.325725675E0
1.200390000E0,-7.856092453E-1,-6.050032377E-1,-1.045193434E0
1.210367000E0,-8.290405869E-1,-3.225255013E-1,-7.645002007E-1
1.220343000E0,-8.717992902E-1,-1.811215729E-1,-5.209344625E-1
1.230319000E0,-9.498722553E-1,-2.417452335E-1,-2.840145826E-1
1.240296000E0,-1.000590801E0,-3.698276281E-1,-2.665462717E-2
1.250272000E0,-9.515060186E-1,-2.970836461E-1,9.785294533E-2
1.260248000E0,-8.503473401E-1,-8.816818893E-2,3.000069596E-2
1.270225000E0,-7.202175260E-1,2.005628124E-2,-4.176696762E-2
1.280201000E0,-5.401355624E-1,6.842450239E-4,-4.384562746E-2
1.290177000E0,-2.827950418E-1,1.861424372E-2,-1.580084115E-1
1.300154000E0,-7.182558998E-3,-1.426939573E-2,-4.364732504E-1
1.310130000E0,2.042830735E-1,-1.517891735E-1,-7.561244965E-1
1.320106000E0,3.354182541E-1,-3.556505740E-1,-1.006645203E0
1.330083000E0,3.863842189E-1,-5.504248738E-1,-1.140787363E0
1.340059000E0,3.856275082E-1,-6.099609137E-1,-1.192744851E0
1.350035000E0,3.460811675E-1,-4.106180072E-1,-1.197533488E0
1.360012000E0,3.243536055E-1,-9.575713426E-2,-1.184494853E0
1.369988000E0,2.868397832E-1,2.744273245E-1,-1.127449632E0
1.379964000E0,2.411296368E-1,6.694611311E-1,-1.027358174E0
1.389941000E0,1.881279349E-1,9.784485102E-1,-9.037355185E-1
1.399917000E0,1.099975407E-1,1.099195719E0,-7.869488597E-1
1.409893000E0,1.105311327E-2,1.090774775E0,-7.263534069E-1
1.419870000E0,-9.634424001E-2,1.064736605E0,-7.209718823E-1
1.429846000E0,-2.319803685E-1,9.293103814E-1,-7.650341392E-1
1.439822000E0,-3.723930120E-1,7.793719172E-1,-8.578196764E-1
1.449799000E0,-4.584634602E-1,7.883145809E-1,-9.255835414E-1
1.459775000E0,-4.691337645E-1,9.395936728E-1,-9.282316566E-1
1.469751000E0,-4.136233628E-1,1.120030284E0,-8.598110080E-1
1.479728000E0,-3.502573073E-1,1.175485969E0,-7.678667307E-1
1.489704000E0,-3.039742410E-1,1.283798337E0,-7.459766269E-1
1.499680000E0,-2.777107954E-1,1.460696578E0,-7.581425309E-1
1.509657000E0,-2.759541571E-1,1.600183368E0,-7.185727358E-1
1.519633000E0,-3.827061653E-1,1.799935341E0,-6.538179517E-1
1.529609000E0,-6.217221618E-1,2.005213499E0,-6.713788509E-1
1.539586000E0,-9.751434326E-1,2.142218828E0,-7.489463091E-1
1.549562000E0,-1.296619415E0,2.267223358E0,-6.432459950E-1
1.559538000E0,-1.465004086E0,2.512235880E0,-8.264228702E-2
1.569514000E0,-1.656223059E0,2.553304911E0,1.060693040E-1
1.579491000E0,-1.742356896E0,2.600307465E0,1.008912250E-1
1.589467000E0,-1.689631104E0,2.854890585E0,2.106938958E-1
1.599443000E0,-1.652839899E0,2.940265894E0,3.581196666E-1
1.609420000E0,-1.652901173E0,2.711069584E0,4.113538563E-1
1.619395542E0,-1.588534236E0,2.288774967E0,3.873794973E-1
1.629371542E0,-1.441989779E0,1.705922723E0,3.237997293E-1
1.639348542E0,-1.354572415E0,1.078831434E0,1.749245077E-1
1.649324542E0,-1.327963948E0,6.683200598E-1,-8.573397249E-2
1.659300542E0,-1.376023650E0,5.528292656E-1,-4.771903753E-1
1.669277542E0,-1.544909358E0,6.347931027E-1,-8.887166381E-1
1.679253542E0,-1.746836066E0,7.417114377E-1,-1.159667850E0
1.689229542E0,-1.895055056E0,9.390391707E-1,-1.301113486E0
1.699206542E0,-1.943234801E0,1.143515110E0,-1.365241170E0
1.709182542E0,-1.916597128E0,1.112695098E0,-1.338305950E0
1.719158542E0,-1.846055150E0,9.439399242E-1,-1.191930175E0
1.729135542E0,-1.722065806E0,9.258427024E-1,-1.013404369E0
1.739111542E0,-1.521598458E0,9.909760952E-1,-9.559292197E-1
1.749087542E0,-3.564455733E-2,-1.438620836E-1,1.477587521E-1
1.759064542E0,8.593420498E-3,4.832555056E-1,-4.145587981E-1
1.769040542E0,-3.187208176E-1,5.378263593E-1,-9.175063372E-1
1.779016542E0,-3.220072389E-1,7.402984500E-1,-6.374700069E-1
1.788993542E0,-3.770166934E-1,8.644171953E-1,-8.960826397E-1
1.798969542E0,-4.260425568E-1,1.127978325E0,-8.683742881E-1
1.808945542E0,-4.209045172E-1,1.215343118E0,-6.986220479E-1
1.818922542E0,-3.511480093E-1,1.206647158E0,-5.343927145E-1
1.828898542E0,-2.947510481E-1,1.069702625E0,-2.433624566E-1
1.838874542E0,-2.434809655E-1,9.254687428E-1,1.646974981E-1
1.848851542E0,-2.204786986E-1,8.148556948E-1,6.102712750E-1
1.858827542E0,-2.823162675E-1,7.645825744E-1,1.017460227E0
1.868803542E0,-4.268052876E-1,1.074640632E0,1.406185269E0
1.878780542E0,-6.984359622E-1,1.535348296E0,1.701015353E0
1.888756542E0,-1.106946230E0,2.096353292E0,1.785580397E0
1.898732542E0,-1.620225787E0,2.724485397E0,1.691857576E0
1.908708542E0,-2.169680834E0,3.381897211E0,1.524240017E0
1.918685542E0,-2.649508476E0,3.920845270E0,1.469305754E0
1.928661542E0,-2.979124784E0,4.284475327E0,1.390389919E0
1.938637542E0,-3.117180109E0,4.878088474E0,1.346671343E0
1.948614542E0,-3.171796322E0,4.988975525E0,1.618986011E0
1.958590542E0,-3.131676197E0,4.880893230E0,1.785061479E0
1.968566542E0,-3.167788506E0,4.465576649E0,2.017363071E0
1.978543542E0,-3.224435806E0,4.269387245E0,2.140285015E0
1.988519542E0,-3.183559418E0,4.140761375E0,1.884294868E0
1.998495542E0,-2.697067976E0,4.644788742E0,5.536555052E-1
2.008472542E0,-2.498789787E0,5.206151485E0,7.045140266E-1
2.018448542E0,-2.551641941E0,5.915741444E0,7.551543117E-1
2.028424542E0,-2.735959768E0,5.374156475E0,6.797785759E-1
2.038401542E0,-2.808257818E0,4.755392075E0,7.850118279E-1
2.048377542E0,-2.542704344E0,4.268770695E0,7.401272058E-1
2.058353542E0,-1.944266558E0,3.809799910E0,5.529953837E-1
2.068330542E0,-1.328611851E0,3.091026783E0,3.990396559E-1
2.078306542E0,-9.008173347E-1,2.267782450E0,2.910038233E-1
2.088282542E0,-6.298396587E-1,1.512174129E0,2.191299200E-1
2.098259542E0,-4.432266653E-1,9.838724732E-1,1.460816264E-1
2.108235542E0,-2.414024621E-1,4.959821701E-1,1.040582806E-1
2.118211542E0,-8.371931314E-2,-7.080136985E-2,1.559043974E-1
2.128188542E0,-2.270256169E-2,-7.181606889E-1,2.101487219E-1
2.138164542E0,-1.284802705E-1,-1.103299618E0,2.170550525E-1
2.148140542E0,-3.292341232E-1,-1.389759898E0,1.650009155E-1
2.158117542E0,-5.190224648E-1,-1.578235984E0,5.234951898E-2
2.168093542E0,-7.169264555E-1,-1.598359704E0,-3.980037943E-2
2.178069542E0,-8.560864925E-1,-1.480436802E0,-8.432172984E-2
2.188046542E0,-9.277931452E-1,-1.287193775E0,-7.822494954E-2
2.198022542E0,-1.031424642E0,-1.109187722E0,-2.586400881E-2
2.207998542E0,-1.139300823E0,-1.125599146E0,7.301223278E-2
2.217975542E0,-1.276434422E0,-1.035436988E0,1.236956492E-1
2.227951542E0,1.123946190E0,3.879816532E0,-1.256654412E-1
2.237927542E0,1.094035745E0,5.624103069E0,4.072859883E-2
2.247904542E0,6.563395858E-1,5.735325813E0,-3.076602817E-1
2.257880542E0,-4.565116391E-2,4.977348328E0,-2.718701065E-1
2.267856542E0,-6.953314543E-1,4.266202927E0,-8.131536096E-2
2.277832542E0,-1.068158746E0,2.892605305E0,-2.194360457E-2
2.287809542E0,-1.259112477E0,2.030715227E0,5.909026042E-2
2.297785542E0,-1.500452280E0,1.071472883E0,-3.003249876E-2
2.307761542E0,-1.686034679E0,4.211795926E-1,-1.327165365E-1
2.317738542E0,-1.527960181E0,-1.053966582E-1,-4.017322958E-1
2.327714542E0,-1.142413259E0,-6.969699860E-1,-6.772216558E-1
2.337690542E0,-4.822343290E-1,-1.087967634E0,-7.522798181E-1
2.347667542E0,-5.267871916E-2,-1.176792026E0,-5.810481906E-1
2.357643542E0,2.848724835E-2,-9.569668770E-1,-1.884530038E-1
2.367619542E0,-4.865760356E-2,-4.079996049E-1,4.252812266E-1
2.377596542E0,-2.570225298E-1,1.118457094E-1,1.014025927E0
2.387572542E0,-5.367506146E-1,2.927912772E-1,1.157915473E0
2.397548542E0,-6.373846531E-1,1.367039979E-1,8.788267374E-1
2.407525542E0,-5.356622934E-1,-4.132749736E-1,5.364747047E-1
2.417501542E0,-3.248393536E-1,-1.038077235E0,3.325932920E-1
2.427477542E0,-7.533097267E-2,-1.506651878E0,3.114328682E-1
2.437454542E0,7.184440643E-2,-1.674891591E0,3.243161142E-1
2.447430542E0,2.824845910E-2,-1.529469967E0,3.000898659E-1
2.457406542E0,-2.117501013E-2,-1.181077003E0,1.977485567E-1
2.467383542E0,2.200258821E-1,-3.114749789E-1,1.439838558E-1
2.477359542E0,1.440188885E-1,4.343384802E-1,2.310172766E-1
2.487335542E0,7.544404827E-3,9.392439723E-1,2.160479128E-1
2.497312542E0,-2.279347181E-2,1.263358831E0,1.403605044E-1
2.507288542E0,-9.974125028E-2,1.267517447E0,5.262451619E-2
2.517264542E0,-2.307353318E-1,1.196094990E0,-2.055639327E-1
2.527240542E0,-6.638912559E-1,1.204604626E0,-4.999699891E-1
2.537217542E0,-6.809763908E-1,9.244335890E-1,-5.133739859E-2
2.547193542E0,-4.678302705E-1,7.469708920E-1,-2.711568214E-2
2.557169542E0,-2.708616257E-1,4.804274440E-1,-2.819330245E-2
2.567146542E0,-1.222649440E-1,2.417347133E-1,-3.077843413E-2
2.577122542E0,-9.822394699E-2,1.012579426E-1,-1.804029569E-3
2.587098542E0,-1.556105316E-1,-8.376682177E-3,-1.282264143E-1
2.597075542E0,-2.946541905E-1,-1.264116317E-1,-1.173191667E-1
2.607051542E0,-3.022969067E-1,-7.851841301E-2,-3.363491595E-2
2.617028667E0,-2.520543635E-1,-1.238337755E-1,6.316406187E-3
2.627005667E0,-1.924589276E-1,-1.289820578E-2,2.982652560E-2
2.636981667E0,-1.468432546E-1,2.561448514E-1,8.353558928E-2
2.646957667E0,-6.236325949E-2,4.011489153E-1,1.222688705E-1
2.656934667E0,-4.674312845E-2,4.182321727E-1,1.100568995E-1
2.666910667E0,-1.527385414E-1,4.195131660E-1,7.540065050E-2
2.676886667E0,-1.498991251E-1,2.777438760E-1,1.101702005E-1
2.686863667E0,-1.631022841E-1,4.976772517E-2,5.533331633E-2
2.696839667E0,-2.504864037E-1,-9.918088466E-2,2.829997987E-2
2.706815667E0,-2.832515240E-1,-1.907451451E-1,2.361041866E-2
2.716792667E0,-2.371727973E-1,-2.038849741E-1,7.762318850E-2
2.726768667E0,-2.217877060E-1,-2.467879653E-1,1.263329387E-1
2.736744667E0,-1.482694894E-1,-3.002465963E-1,1.922785789E-1
2.746721667E0,-8.296772093E-2,-3.920337856E-1,2.338409424E-1
2.756697667E0,-6.794854999E-2,-4.406269789E-1,2.646544278E-1
2.766673667E0,-7.175074518E-2,-4.136161208E-1,3.356995881E-1
2.776650667E0,-1.331070960E-1,-3.139713109E-1,4.074189067E-1
2.786626667E0,-1.803558320E-1,-2.441056520E-1,3.953441083E-1
2.796602667E0,-2.613461316E-1,-2.479735464E-1,5.049549937E-1
2.806579667E0,-2.025896162E-1,-3.605189919E-1,4.710364640E-1
2.816555667E0,-1.510188431E-1,-4.501041174E-1,4.995853007E-1
2.826531667E0,-1.553874910E-1,-5.498635173E-1,5.538794398E-1
2.836508667E0,-1.718237065E-3,-7.078281045E-1,3.979746401E-1
2.846484667E0,1.131841168E-1,-8.269419670E-1,3.490614295E-1
2.856460667E0,1.759159267E-1,-9.796798229E-1,2.729874849E-1
2.866437667E0,2.705138028E-1,-1.179085493E0,1.263266802E-1
2.876413667E0,3.622149825E-1,-1.312092304E0,-3.234238923E-2
2.886389667E0,4.022987485E-1,-1.251855254E0,-1.798487604E-1
2.896366667E0,4.754715562E-1,-1.291053534E0,-2.355469465E-1
2.906342667E0,4.452824891E-1,-1.136097431E0,-3.898760974E-1
2.916318667E0,4.311291277E-1,-1.060668230E0,-3.355140686E-1
2.926295667E0,3.793325126E-1,-1.189305067E0,-4.137997925E-1
2.936271667E0,4.320179522E-1,-1.325826526E0,-3.162807226E-1
2.946247667E0,4.179833531E-1,-1.256964326E0,-5.877804160E-1
2.956224667E0,-1.281715184E-1,-5.427521840E-2,-4.765067399E-1
2.966200667E0,-3.161729127E-2,-5.432794616E-2,-3.160171807E-1
2.976176667E0,1.343430281E-1,-2.691312134E-2,-2.629629672E-1
2.986153667E0,2.427477986E-1,1.396894455E-1,-1.683363467E-1
2.996129667E0,2.576065361E-1,8.414505720E-1,-8.453711867E-2
3.006105667E0,3.523359597E-1,9.147831202E-1,-2.606608160E-2
3.016082667E0,5.575942993E-1,4.748150408E-1,6.657224149E-2
3.026058667E0,5.588572025E-1,4.813011587E-1,-9.251567721E-2
3.036034667E0,3.643540144E-1,8.279761672E-1,-2.861208022E-1
3.046011667E0,1.975168288E-1,8.705359101E-1,-1.998101622E-1
3.055987667E0,8.270699531E-2,1.084005952E0,-7.699096203E-2
3.065963667E0,1.096648425E-1,9.866581559E-1,4.774307013E-1
3.075940667E0,2.597333193E-1,7.605437040E-1,8.157780766E-1
3.085916667E0,4.515437782E-1,6.863653660E-1,8.661267161E-1
3.095892667E0,7.049404979E-1,7.629089952E-1,7.685927153E-1
3.105869667E0,9.264720678E-1,7.689149380E-1,5.916461945E-1
3.115845667E0,1.132557750E0,7.599686980E-1,3.759055436E-1
3.125821667E0,1.291327715E0,7.503493428E-1,1.933351904E-1
3.135798667E0,1.363894701E0,7.703367472E-1,8.790743351E-2
3.145774667E0,1.265352964E0,6.108546853E-1,1.488701254E-1
3.155750667E0,9.352766275E-1,3.659562767E-1,3.728328645E-1
3.165727667E0,5.119961500E-1,2.272718847E-1,5.651780367E-1
3.175703667E0,3.026646078E-1,5.607807040E-1,6.245299578E-1
3.185679667E0,4.270209372E-1,6.100094914E-1,4.297322333E-1
3.195656667E0,4.758712351E-1,4.239724576E-1,1.216418967E-1
3.205632667E0,4.171892703E-1,3.441623151E-1,-8.863517642E-2
3.215608667E0,2.168885618E-1,2.638691962E-1,-1.254579574E-1
3.225585667E0,-1.551432442E-2,2.398565263E-1,-3.633793071E-2
3.235561667E0,-1.703598946E-1,2.584272325E-1,1.395187080E-1
3.245537667E0,-2.203551382E-1,3.090629578E-1,2.573707700E-1
3.255514667E0,-1.750859320E-1,4.443744421E-1,2.378833592E-1
3.265490667E0,-2.549846657E-3,3.545766473E-1,-8.236601204E-2
3.275467667E0,1.387595087E-1,3.932384253E-1,-3.724527657E-1
3.285443667E0,2.535247207E-1,4.117612243E-1,-4.371220469E-1
3.295419667E0,2.742832601E-1,3.329350650E-1,-2.635950446E-1
3.305396667E0,1.821181774E-1,1.753661931E-1,-2.130399458E-3
3.315372667E0,2.031865064E-3,9.876237065E-2,2.453340441E-1
3.325348667E0,-1.457445472E-1,1.082003489E-1,4.502440393E-1
3.335325667E0,-2.039948702E-1,9.877536446E-2,5.708009601E-1
3.345301667E0,-6.253021304E-3,-2.190180421E-1,7.496239543E-1
3.355277667E0,-3.430356458E-2,1.186407581E-1,1.108022571E0
3.365254667E0,1.202101111E-1,5.752068013E-2,8.953737020E-1
3.375230667E0,9.525570273E-2,1.380713284E-1,2.362856865E-1
3.385206667E0,2.374556661E-2,3.179153800E-1,-7.761020213E-2
3.395183667E0,-6.765225530E-2,3.242733479E-1,3.126487508E-2
3.405159667E0,-1.619617045E-1,3.825928569E-1,3.308334649E-1
3.415135667E0,-2.852095962E-1,5.754509568E-1,6.510754228E-1
3.425112667E0,-3.691394031E-1,8.282608390E-1,1.034860611E0
3.435088667E0,-3.739661574E-1,8.475226760E-1,1.310969234E0
3.445064667E0,-1.669160426E-1,8.992176056E-1,1.591208816E0
3.455041667E0,1.396604627E-1,8.141606450E-1,1.782914281E0
3.465017667E0,2.410190403E-1,7.317783833E-1,1.868932247E0
3.474993667E0,8.479645848E-2,7.045047879E-1,1.867682576E0
3.484970667E0,-8.594013005E-2,6.719090343E-1,1.658194065E0
3.494946667E0,-1.621193737E-1,6.127831936E-1,1.331666470E0
3.504922667E0,-1.911302507E-1,5.495355129E-1,1.063930631E0
3.514899667E0,-1.879530549E-1,4.637142718E-1,9.085539579E-1
3.524875667E0,-1.399650276E-1,4.268204272E-1,7.929948568E-1
3.534851667E0,-6.759717315E-2,4.192424715E-1,6.873056889E-1
3.544828667E0,2.156039327E-2,4.302082956E-1,5.820572972E-1
3.554804667E0,1.126455665E-1,4.483664334E-1,4.613769054E-1
3.564780667E0,2.118203491E-1,3.757596016E-1,3.512046039E-1
3.574757667E0,3.310104311E-1,2.342489213E-1,2.329950631E-1
3.584733667E0,3.748609722E-1,1.062736362E-1,1.415788680E-1
3.594709667E0,2.649689913E-1,5.835746881E-3,1.497341543E-1
3.604686667E0,5.978709459E-2,-7.215039432E-2,2.212152630E-1
3.614661125E0,-1.402000487E-1,-6.907536834E-2,2.409812659E-1
3.624637125E0,-3.035013676E-1,1.462166291E-2,2.482000291E-1
3.634614125E0,-3.534936905E-1,4.195474833E-2,2.627523541E-1
3.644590125E0,-4.252738953E-1,5.393204838E-2,2.304785550E-1
3.654566125E0,-5.068811178E-1,1.031971164E-2,2.373470962E-1
3.664543125E0,-5.337393284E-1,-1.271329522E-1,3.094087839E-1
3.674519125E0,-5.059126616E-1,-1.551927030E-1,3.544175625E-1
3.684495125E0,-5.181877017E-1,1.536652818E-2,4.891085327E-1
3.694472125E0,-5.436910391E-1,3.180598319E-1,7.780737281E-1
3.704448125E0,-5.887359977E-1,5.143896341E-1,1.033086896E0
3.714424125E0,-6.463421583E-1,6.615043879E-1,1.070672035E0
3.724401125E0,-5.456690788E-1,7.454589605E-1,1.078901410E0
3.734377125E0,-4.291689694E-1,5.962464809E-1,9.345642328E-1
3.744353125E0,-4.053235650E-1,4.543913901E-1,4.945042431E-1
3.754330125E0,-3.492105603E-1,3.680713177E-1,1.879023761E-1
3.764306125E0,-3.665927351E-1,2.969292104E-1,1.244919747E-1
3.774282125E0,-5.572838187E-1,1.379406750E-1,1.089747623E-1
3.784259125E0,-7.315517664E-1,-7.537107915E-2,9.829442203E-2
3.794235125E0,-6.364970803E-1,-1.133547351E-1,-6.689500809E-2
3.804211125E0,-5.586848259E-1,-4.112874717E-2,-1.344354302E-1
3.814188125E0,-3.426930308E-1,9.094986320E-2,3.920976818E-1
3.824164125E0,5.597232282E-2,5.219607800E-2,1.610140689E-2
3.834140125E0,5.543735623E-2,-1.201522723E-2,-3.742162883E-2
3.844117125E0,8.550098538E-2,1.511651725E-1,3.267278373E-1
3.854093125E0,3.937811553E-1,3.005654812E-1,5.302003622E-1
3.864069125E0,6.323572397E-1,4.333533347E-1,6.611570716E-1
3.874046125E0,8.028435111E-1,5.968133211E-1,7.520087957E-1
3.884022125E0,9.132078290E-1,6.370760798E-1,8.079919219E-1
3.893998125E0,8.592433929E-1,5.671615601E-1,7.804245949E-1
3.903975125E0,6.997469664E-1,3.906201124E-1,6.985251904E-1
3.913951125E0,6.149478555E-1,2.253978252E-1,6.082733274E-1
3.923927125E0,5.015507340E-1,1.085865200E-1,5.988084674E-1
3.933904125E0,3.295182586E-1,4.417039454E-2,5.768855810E-1
3.943880125E0,1.599833071E-1,-3.292598575E-2,5.824097991E-1
3.953856125E0,1.621480882E-1,-3.969369829E-2,4.691020846E-1
3.963833125E0,1.587616056E-1,-1.575039625E-1,3.901172280E-1
3.973809125E0,1.048592851E-1,-1.934249997E-1,2.917998731E-1
3.983785125E0,5.134572089E-2,-2.068268359E-1,3.123389781E-1
3.993762125E0,4.528010637E-2,-3.225125074E-1,3.486780524E-1
4.003738125E0,3.839024156E-2,-4.044275880E-1,3.683532178E-1
4.013714125E0,-8.822541684E-3,-4.249650836E-1,2.810936868E-1
4.023691125E0,5.549206864E-3,-4.283156097E-1,3.033300340E-1
4.033667125E0,1.042723730E-1,-4.528354704E-1,3.865665197E-1
4.043643125E0,2.070671916E-1,-4.582824111E-1,3.726759851E-1
4.053620125E0,2.626221776E-1,-3.824624419E-1,3.600524068E-1
4.063596125E0,2.810121179E-1,-4.424261749E-1,2.571475804E-1
4.073572125E0,1.848684102E-1,-4.672915041E-1,2.333202064E-1
4.083549125E0,8.846491575E-2,-6.247553825E-1,4.917344749E-1
4.093525125E0,7.809132338E-2,-7.294523120E-1,3.893852830E-1
4.103501125E0,2.327447981E-1,-4.725110531E-1,2.993147671E-1
4.113478125E0,5.159217119E-1,-1.396186799E-1,2.157348543E-1
4.123454125E0,7.603256106E-1,-8.190798759E-2,2.284668833E-1
4.133430125E0,7.381830812E-1,-2.059883326E-1,3.478352427E-1
4.143407125E0,5.552470684E-1,-5.523841381E-1,4.520721734E-1
4.153383125E0,3.289849162E-1,-9.599843621E-1,4.360985160E-1
4.163359125E0,7.493717223E-2,-1.011271596E0,3.014182150E-1
4.173336125E0,1.302735507E-1,-8.256631494E-1,2.414858490E-1
4.183312125E0,2.733742595E-1,-5.952818394E-1,1.555618942E-1
4.193288125E0,6.090249419E-1,-2.850182950E-1,9.232632071E-2
4.203265125E0,7.290831804E-1,-2.472141832E-1,1.385236531E-1
4.213241125E0,6.282351613E-1,-4.895466566E-1,2.437275946E-1
4.223217125E0,5.735051036E-1,-6.236832142E-1,4.538664520E-1
4.233193125E0,2.756866217E-1,-7.032127380E-1,3.442746103E-1
4.243170125E0,5.057078600E-1,-1.508365154E0,7.453602552E-1
4.253146125E0,2.429438680E-1,-1.244427443E0,8.039205074E-1
4.263123125E0,2.227051705E-1,-8.119606972E-1,3.257789910E-1
4.273099125E0,2.840112448E-1,-6.179061532E-1,1.031640992E-1
4.283075125E0,1.488004178E-1,-6.275380254E-1,8.449308574E-3
4.293051125E0,6.083218008E-2,-6.917768717E-1,-6.772666425E-2
4.303028125E0,5.773518980E-2,-6.789108515E-1,-1.475344002E-1
4.313004125E0,5.341549218E-2,-5.292509794E-1,-1.559331119E-1
4.322980125E0,2.587920427E-2,-3.025115728E-1,-1.977897435E-1
4.332957125E0,3.857406229E-2,-1.228126436E-1,-2.378417552E-1
4.342933125E0,3.939830884E-2,-1.579298452E-2,-2.673860490E-1
4.352909125E0,1.531188190E-2,1.305304468E-2,-3.559753001E-1
4.362886125E0,-2.652664483E-2,-6.669527851E-3,-4.891639948E-1
4.372862125E0,-1.373726726E-1,5.751460325E-3,-5.814857483E-1
4.382838125E0,-1.883272082E-1,-9.809450805E-2,-4.308605790E-1
4.392815125E0,-8.599140495E-2,1.652754098E-2,-5.878650546E-1
4.402791125E0,-1.751769483E-1,2.125529796E-1,-7.456871867E-2
4.412767125E0,-2.220400572E-1,1.147767305E-1,1.665296257E-1
4.422744125E0,-1.225344986E-1,-4.623878375E-2,3.338275254E-1
4.432720125E0,-2.867619507E-2,-2.646526098E-1,5.211005211E-1
4.442696125E0,9.466929361E-3,-5.434978008E-1,4.455874264E-1
4.452673125E0,1.220513731E-1,-1.387011111E-1,6.271804571E-1
4.462649125E0,-2.230048180E-2,-1.653441787E-1,6.793096662E-1
4.472625125E0,-4.967304319E-2,-1.778855026E-1,3.968376517E-1
4.482602125E0,3.461893275E-2,-1.534745842E-2,2.194792591E-2
4.492578125E0,2.078973502E-2,-5.726046115E-2,-2.884964272E-2
4.502554125E0,-1.411498617E-2,-3.989782184E-3,-4.431807995E-2
4.512531125E0,1.892834529E-2,1.595556550E-2,-1.103394013E-2
4.522507125E0,7.646353543E-2,8.338920772E-2,8.477993309E-2
4.532483125E0,4.227116704E-2,9.879771620E-2,2.746083140E-1
4.542460125E0,-4.955755547E-2,4.349797219E-2,7.140673995E-1
4.552436125E0,-1.024823487E-1,-2.216364816E-2,1.104464054E0
4.562412125E0,-1.059298143E-1,-1.311276704E-1,1.201786876E0
4.572389125E0,-5.314248428E-2,-2.739029825E-1,9.206832647E-1
4.582365125E0,-2.158810645E-1,-1.906610727E-1,-1.451888978E-1
4.592341125E0,-1.067863777E-1,4.822034389E-2,-4.759327769E-1
4.602318125E0,7.641380280E-2,-6.564338226E-3,-1.780286580E-1
4.612294125E0,3.052968979E-1,-2.030128092E-1,4.740904272E-2
4.622270625E0,3.123670518E-1,-6.037216187E-1,4.029041156E-2
4.632247625E0,1.665810198E-1,-1.001833320E0,-2.471640147E-2
4.642223625E0,1.034428030E-1,-8.906665444E-1,7.121422328E-3
4.652199625E0,1.660989374E-1,-6.020055413E-1,1.231657062E-2
4.662176625E0,2.157487720E-1,-6.097058058E-1,1.086449698E-1
4.672152625E0,2.069596052E-1,-6.089665890E-1,1.857806742E-1
4.682128625E0,2.128105611E-1,-4.869833589E-1,2.283968478E-1
4.692105625E0,2.582476735E-1,-4.177231789E-1,3.050423861E-1
4.702081625E0,2.506832480E-1,-3.435157835E-1,3.057473004E-1
4.712057625E0,2.221669555E-1,-2.332955301E-1,2.824772894E-1
4.722033625E0,1.988842636E-1,-1.945340186E-1,2.656040490E-1
4.732010625E0,1.859023124E-1,-1.628420800E-1,2.300665081E-1
4.741986625E0,2.325294763E-1,-1.661563814E-1,1.243605763E-1
4.751962625E0,2.712714374E-1,9.067002684E-4,6.580085494E-3
4.761939625E0,7.662712038E-2,1.305291355E-1,5.034008250E-2
4.771915625E0,1.306392699E-1,-8.203257620E-2,-4.318223149E-2
4.781891625E0,3.005641401E-1,-6.607856750E-1,9.166879207E-2
4.791868625E0,2.746993601E-1,-9.644408226E-1,3.051204085E-1
4.801844625E0,2.253602892E-1,-1.422212958E0,7.258484364E-1
4.811820625E0,4.966547489E-1,-1.598837137E0,6.344312429E-1
4.821797625E0,5.436934233E-1,-1.189849615E0,2.848641574E-1
4.831773625E0,4.980278611E-1,-9.808963537E-1,1.639404148E-1
4.841749625E0,4.163356721E-1,-9.430869222E-1,2.771093249E-1
4.851726625E0,3.641277850E-1,-7.533572316E-1,2.532478869E-1
4.861702625E0,2.550207376E-1,-5.683605075E-1,2.250945568E-1
4.871678625E0,1.302419901E-1,-2.960664630E-1,2.241851836E-1
4.881655625E0,8.426889777E-2,-4.327360913E-2,2.017781436E-1
4.891631625E0,1.966578141E-2,1.143383756E-1,8.116998523E-2
4.901607625E0,-5.475998297E-2,2.773358226E-1,-2.352952957E-2
4.911584625E0,-7.391168922E-2,4.032692611E-1,-9.767940640E-2
4.921560625E0,-8.366312087E-2,4.666812718E-1,-1.775124520E-1
4.931536625E0,-9.612154216E-2,5.135143995E-1,-2.550016046E-1
4.941513625E0,-1.213352829E-1,5.313509703E-1,-2.895782292E-1
4.951489625E0,-1.305538118E-1,4.987768829E-1,-2.849281132E-1
4.961465625E0,-9.560514987E-2,3.542431295E-1,-2.577569485E-1
4.971442625E0,-6.409564614E-2,3.028779924E-1,-2.582167089E-1
4.981418625E0,-4.859977588E-2,3.072003126E-1,-2.872986794E-1
4.991394625E0,-7.180123776E-2,3.752723932E-1,-2.809981406E-1
5.001371625E0,-1.134837046E-1,4.256759286E-1,-2.409466207E-1
5.011347625E0,-4.179451466E-1,1.229380369E0,-7.182221413E-1
5.021323625E0,-2.252225876E-1,1.023158193E0,-8.042081594E-1
5.031299625E0,-1.051719710E-1,1.044134982E-2,-6.307615042E-1
5.041276625E0,-1.315955967E-1,-2.658602893E-1,-3.524997830E-1
5.051252625E0,-1.498746127E-1,-1.697134376E-1,-3.216267824E-1
5.061228625E0,-1.520054191E-1,-1.325668693E-1,-3.300791085E-1
5.071205625E0,-9.974035621E-2,-1.512777656E-1,-3.078177273E-1
5.081181625E0,-3.499704599E-2,-1.589324921E-1,-2.730291188E-1
5.091157625E0,2.198692178E-3,-8.566022664E-2,-2.022272050E-1
5.101134625E0,-5.468030274E-2,4.317285866E-2,-4.081114382E-2
5.111110625E0,-3.778728098E-2,2.324208245E-2,1.619620621E-1
5.121086625E0,1.893547922E-1,-4.501447082E-2,2.186469138E-1
5.131063625E0,8.714612573E-2,-1.187333614E-1,9.173239022E-2
5.141039625E0,1.626929455E-2,-7.100418210E-2,2.680549631E-3
5.151015625E0,6.111671682E-3,-4.816923290E-2,-6.060906872E-2
5.160992625E0,5.942256376E-2,-2.999289334E-2,-6.706456840E-2
5.170968625E0,1.130555868E-1,1.767135561E-1,-1.711138040E-1
5.180944625E0,9.191808105E-2,4.545994997E-1,-2.559775412E-1
5.190921625E0,1.137160510E-1,6.359079480E-1,-3.251859546E-1
5.200897625E0,1.388227344E-1,6.135808229E-1,-3.916150331E-1
5.210873625E0,9.801401198E-2,6.110499501E-1,-5.586715937E-1
5.220850625E0,6.452609599E-2,5.386990309E-1,-9.427798390E-1
5.230826625E0,2.608520687E-1,4.536145031E-1,-1.285502076E0
5.240802625E0,2.956728935E-1,2.062907368E-1,-1.152726173E0
5.250778625E0,3.171093464E-1,-4.504294395E-1,-5.823997259E-1
5.260755625E0,4.828405082E-1,-8.051438928E-1,-1.202459931E-1
5.270731625E0,5.530344844E-1,-7.086704373E-1,5.338238180E-2
5.280707625E0,5.146045089E-1,-6.519296765E-1,8.299487084E-2
5.290684625E0,4.289773703E-1,-8.147224784E-1,2.085658014E-1
5.300660625E0,3.586600721E-1,-7.576419115E-1,1.640457362E-1
5.310636625E0,2.833017707E-1,-5.683179498E-1,1.475565284E-1
5.320613625E0,2.304697335E-1,-4.290777743E-1,1.110760272E-1
5.330589625E0,2.202399969E-1,-3.328670263E-1,9.609122574E-2
5.340565625E0,1.824388206E-1,-3.114546537E-1,1.457469314E-1
5.350542625E0,1.668051630E-1,-2.009008080E-1,1.502579749E-1
5.360518625E0,1.429272592E-1,-5.379284173E-2,9.871435910E-2
5.370494625E0,9.986208379E-2,8.235521615E-3,6.001865119E-2
5.380471625E0,1.159808636E-1,-6.921933964E-4,5.383585766E-2
5.390447625E0,1.426455081E-1,-3.659901395E-2,6.235420704E-2
5.400423625E0,1.502986252E-1,-1.006315202E-1,6.574973464E-2
5.410400625E0,1.431744993E-1,-1.702797562E-1,5.702877045E-2
5.420376625E0,1.571220160E-1,-2.556790709E-1,3.363343328E-2
5.430352625E0,1.603365541E-1,-3.553699851E-1,5.508127157E-3
5.440329625E0,1.777123362E-1,-4.614767134E-1,-3.341423720E-2
5.450305625E0,1.942911744E-1,-5.949522853E-1,-8.826016635E-2
5.460281625E0,1.958773583E-1,-7.548149228E-1,-1.445748508E-1
5.470258625E0,1.899039298E-1,-8.744282722E-1,-1.842203289E-1
5.480234625E0,1.955538243E-1,-9.340060949E-1,-2.329228818E-1
5.490210625E0,2.317506075E-1,-9.743490219E-1,-2.755010426E-1
5.500186625E0,2.367040813E-1,-9.972463250E-1,-2.765833437E-1
5.510163625E0,-2.306837142E-1,3.285897076E-1,-7.382868230E-2
5.520139625E0,-4.195479155E-1,6.588576436E-1,1.711099744E-1
5.530115625E0,2.504972927E-2,1.327842474E-1,2.105855644E-1
5.540092625E0,3.155220449E-1,-2.481902689E-1,4.492857028E-3
5.550068625E0,2.634695470E-1,-1.950004250E-1,-5.454634875E-2
5.560044625E0,2.257970124E-1,-8.691576868E-2,6.601425819E-3
5.570021625E0,1.510270983E-1,4.742167145E-2,4.257020354E-2
5.579997625E0,1.360857040E-1,2.065343969E-2,9.706087410E-2
5.589973625E0,2.789142430E-1,-1.696079224E-1,1.447458267E-1
5.599950625E0,3.445973694E-1,-2.459676713E-1,1.563870311E-1
5.609926625E0,3.744664490E-1,-2.885681987E-1,1.602547020E-1
5.619902542E0,3.835449219E-1,-2.920188606E-1,1.297071874E-1
5.629879542E0,3.608549535E-1,-3.485883176E-1,7.519141585E-2
5.639855542E0,3.434455991E-1,-3.219481707E-1,4.465508461E-2
5.649831542E0,3.449327648E-1,-3.349000216E-1,3.867457807E-2
5.659808542E0,3.419399261E-1,-3.270913661E-1,4.566830397E-2
5.669784542E0,3.424100578E-1,-3.161909878E-1,1.359300613E-1
5.679760542E0,3.078731298E-1,-1.366339922E-1,1.380070448E-1
5.689736542E0,2.952221632E-1,-8.425854146E-2,1.391000748E-1
5.699713542E0,3.141122162E-1,-7.754684240E-2,1.609840691E-1
5.709689542E0,3.929312229E-1,-1.348316967E-1,1.763479114E-1
5.719665542E0,4.242031276E-1,-2.306900471E-1,8.678793907E-2
5.729642542E0,3.079930246E-1,-2.017765865E-2,5.056265369E-2
5.739618542E0,2.879098356E-1,-9.126871824E-3,5.595502257E-2
5.749594542E0,2.860463262E-1,-4.143436998E-2,4.279038310E-2
5.759571542E0,2.660739422E-1,-4.452496767E-2,5.433172360E-2
5.769547542E0,2.491055727E-1,-7.117561251E-2,3.930842504E-2
5.779523542E0,2.187607139E-1,-7.277963310E-2,3.350166604E-2
5.789500542E0,1.571791023E-1,2.469300665E-2,4.219424725E-2
5.799476542E0,1.453954130E-1,4.165014997E-2,6.377650797E-2
5.809452542E0,1.797010899E-1,1.004386507E-2,5.828230456E-2
5.819429542E0,1.892093718E-1,1.432889141E-2,5.363402516E-2
5.829405542E0,1.672828346E-1,7.118598372E-2,5.254255235E-2
5.839381542E0,1.540581137E-1,1.088630483E-1,5.464085564E-2
5.849357542E0,1.514951885E-1,1.430957913E-1,5.106056482E-2
5.859334542E0,1.378568709E-1,1.760233790E-1,4.538483545E-2
5.869310542E0,1.168961897E-1,1.983522028E-1,3.818525746E-2
5.879286542E0,1.129994541E-1,1.755691171E-1,2.898802981E-2
5.889263542E0,1.336090714E-1,1.269411296E-1,1.348244259E-3
5.899239542E0,1.281424016E-1,1.042890772E-1,-1.657296531E-2
5.909215542E0,1.131495461E-1,8.732222021E-2,-3.263383359E-2
5.919192542E0,8.889134228E-2,8.624816686E-2,-3.802460432E-2
5.929168542E0,6.656163931E-2,1.042390913E-1,-3.750336170E-2
5.939144542E0,7.020564377E-2,9.247110784E-2,-3.330542147E-2
5.949121542E0,7.101168483E-2,1.175683960E-1,-2.708197013E-2
5.959097542E0,7.872313261E-2,1.877695918E-1,-6.750864908E-3
5.969073542E0,1.192558557E-1,1.826573908E-1,8.639424108E-3
5.979050542E0,1.541280895E-1,1.631100625E-1,2.817424387E-2
5.989026542E0,1.735307723E-1,1.353477240E-1,2.164875716E-2
5.999002542E0,1.599459946E-1,1.705366075E-1,3.083293512E-2
6.008978542E0,1.342247874E-1,2.231674492E-1,7.047350705E-2
6.018955542E0,8.018340170E-2,3.433535099E-1,1.189845800E-1
6.028931542E0,1.187754795E-1,2.142992020E-1,7.577836514E-2
6.038907542E0,1.090725139E-1,1.092492118E-1,4.136313498E-2
6.048884542E0,8.833895624E-2,1.260582730E-2,7.730183192E-3
6.058860542E0,5.758423731E-2,-2.952085435E-2,-1.851713285E-2
6.068836542E0,2.420694754E-2,-2.680236287E-2,-4.327994585E-2
6.078813542E0,5.240180995E-3,-1.484796591E-2,-5.791188404E-2
6.088789542E0,2.925783163E-3,1.591404434E-3,-6.178841740E-2
6.098765542E0,1.400772855E-2,8.580870926E-3,-5.878650397E-2
6.108742542E0,2.917757630E-2,1.342914999E-2,-5.036761984E-2
6.118718542E0,4.357356206E-2,2.677398361E-2,-4.335125536E-2
6.128694542E0,6.227582693E-2,1.506292261E-2,-4.006323591E-2
6.138671542E0,7.956427336E-2,-1.828305051E-2,-4.701222107E-2
6.148647542E0,8.775898069E-2,-4.284672439E-2,-6.417050958E-2
6.158623542E0,8.283559978E-2,-4.520149156E-2,-6.848270446E-2
6.168599542E0,7.820051908E-2,-2.764659747E-2,-7.072539628E-2
6.178576542E0,7.702899724E-2,-2.727133455E-3,-7.125988603E-2
6.188552542E0,7.888882607E-2,2.487288974E-2,-7.240319252E-2
6.198528542E0,8.349183947E-2,3.492445871E-2,-6.616181135E-2
6.208505542E0,9.539266676E-2,2.119164541E-2,-6.176007912E-2
6.218481542E0,1.124827042E-1,-1.114924811E-2,-5.745721236E-2
6.228457542E0,1.255013049E-1,-2.819253691E-2,-5.734772980E-2
6.238434542E0,1.263945252E-1,-2.997179329E-2,-7.050587237E-2
6.248410542E0,1.232322901E-1,-3.954573348E-2,-7.960273325E-2
6.258386542E0,1.201118603E-1,-2.735485137E-2,-8.434182405E-2
6.268363542E0,1.156895161E-1,-2.260463312E-2,-8.320006728E-2
6.278339542E0,1.124236882E-1,-2.783055417E-2,-6.818995625E-2
6.288315542E0,1.097728759E-1,-7.135725021E-2,8.620528877E-2
6.298292542E0,1.058961079E-1,-2.384173423E-1,3.021783233E-1
6.308268542E0,1.064005122E-1,-2.065824568E-1,-3.101401590E-2
6.318244542E0,1.077691093E-1,1.176932827E-2,-2.184901386E-2
6.328220542E0,9.222558886E-2,5.459114537E-2,-7.098872215E-3
6.338197542E0,7.773985714E-2,4.097147286E-2,2.297026338E-3
6.348173542E0,6.398690492E-2,3.347143997E-3,2.710967883E-2
6.358149542E0,4.923139885E-2,-5.157069862E-2,7.266624272E-2
6.368126542E0,4.475419596E-2,-1.080545485E-1,1.149133667E-1
6.378102542E0,4.780404642E-2,-1.772826165E-1,1.551390737E-1
6.388078542E0,4.206059128E-2,-2.116443515E-1,1.732052863E-1
6.398055542E0,3.142791986E-2,-2.169192731E-1,1.787393391E-1
6.408031542E0,2.009417303E-2,-1.842483878E-1,1.637196839E-1
6.418007542E0,1.028708369E-2,-9.837128222E-2,1.796166301E-1
6.427984542E0,1.032434287E-3,-4.863434657E-2,1.806476116E-1
6.437960542E0,-2.905315720E-3,-3.835614026E-2,1.931072176E-1
6.447936542E0,-1.500333892E-3,-7.150425017E-2,1.947516352E-1
6.457912542E0,1.189217065E-2,-1.242739856E-1,1.986097544E-1
6.467889542E0,2.498368919E-2,-1.748405695E-1,2.013971061E-1
6.477865542E0,3.653088957E-2,-2.045899481E-1,1.936385185E-1
6.487841542E0,4.013871774E-2,-1.867066622E-1,1.743111014E-1
6.497818542E0,3.948863968E-2,-1.026360020E-1,1.330488771E-1
6.507794542E0,2.704423107E-2,-6.108211726E-2,1.450085640E-1
6.517770542E0,2.137169801E-2,-3.411228210E-2,1.539067179E-1
6.527747542E0,1.128657442E-2,1.156705432E-2,1.654485911E-1
6.537723542E0,5.004177336E-3,2.681098878E-2,1.576599032E-1
6.547699542E0,3.647350473E-3,3.422862291E-2,1.340799034E-1
6.557676542E0,2.358412603E-4,4.529858381E-2,1.077052802E-1
6.567652542E0,4.493214656E-3,3.712016717E-2,5.502282828E-2
6.577628542E0,6.548909005E-3,4.272132739E-2,-7.416049019E-3
6.587605542E0,6.566185039E-5,6.149174273E-2,-3.040357493E-2
6.597581542E0,-7.051902823E-3,6.710462272E-2,-3.296686336E-2
6.607557542E0,-1.645146869E-2,6.628362089E-2,-3.299043700E-2
6.617533167E0,-2.214956842E-2,4.734055698E-2,-3.490445018E-2
6.627510167E0,-3.164720908E-2,1.465658844E-1,-1.848469116E-2
6.637486167E0,-3.999861702E-2,2.036555409E-1,-3.774707019E-2
6.647462167E0,-2.990410663E-2,1.865308732E-1,-3.535516560E-2
6.657439167E0,-2.339347638E-2,7.436491549E-2,-4.986326769E-2
6.667415167E0,-2.352680638E-2,-2.980580740E-2,-1.450743675E-1
6.677391167E0,-6.862211227E-2,1.178885847E-1,-7.838349789E-2
6.687368167E0,-4.751080647E-2,5.968065560E-2,-2.079537325E-2
6.697344167E0,-4.226038232E-2,-7.498208433E-2,-1.352014951E-2
6.707320167E0,-3.763920814E-2,-1.163192019E-1,1.864460111E-2
6.717297167E0,-3.391185030E-2,-1.058593690E-1,3.520893306E-2
6.727273167E0,-1.872278005E-2,-5.065277219E-2,4.751780629E-2
6.737249167E0,-8.367612027E-3,4.711480066E-2,4.805257171E-2
6.747225167E0,-9.348245338E-3,1.312660277E-1,4.175565019E-2
6.757202167E0,-1.258451864E-2,1.996213943E-1,4.818718508E-2
6.767178167E0,-2.342976443E-2,2.138026059E-1,5.046750605E-2
6.777154167E0,-3.543769196E-2,1.928789467E-1,5.362281948E-2
6.787131167E0,-4.138932005E-2,1.681657284E-1,4.455366358E-2
6.797107167E0,-3.117582947E-2,1.360163093E-1,3.027805500E-2
6.807083167E0,-1.069611404E-2,1.322515309E-1,1.158370171E-2
6.817060167E0,1.318551600E-2,1.257398278E-1,-6.020325236E-3
6.827036167E0,-1.993803866E-2,2.459404171E-1,-2.241102513E-3
6.837012167E0,6.165323034E-2,3.040547110E-2,-3.692131862E-2
6.846989167E0,8.038718998E-2,2.670272812E-2,-5.297744647E-2
6.856965167E0,8.507595211E-2,6.168957334E-3,-6.670364738E-2
6.866941167E0,8.421126753E-2,-1.402571704E-2,-7.573077828E-2
6.876917167E0,7.543589175E-2,-2.875326388E-2,-6.314495206E-2
6.886894167E0,6.562917680E-2,3.087016754E-3,-4.624635726E-2
6.896870167E0,6.413248181E-2,2.531802095E-2,-4.726181924E-2
6.906846167E0,4.924119264E-2,7.847759873E-3,-4.312121868E-2
6.916823167E0,2.457153425E-2,-2.130346745E-2,-1.551435888E-2
6.926799167E0,1.077583432E-2,-9.345219471E-3,8.633827791E-3
6.936775167E0,2.133713104E-2,2.509309445E-3,-1.242139004E-2
6.946752167E0,2.106750570E-2,-8.389929309E-3,-1.893443987E-2
6.956728167E0,1.162127312E-2,-1.924097911E-2,-2.411934733E-2
6.966704167E0,-1.385271549E-2,-3.324168175E-2,-2.020066231E-2
6.976681167E0,-2.190584876E-2,6.146469153E-3,-1.572841592E-2
6.986657167E0,-7.960198447E-3,4.356000945E-2,-1.838308200E-2
6.996633167E0,1.056128740E-2,5.457404628E-2,-1.210734248E-2
7.006609167E0,2.069189586E-2,4.631066322E-2,-1.895328518E-3
7.016586167E0,1.268350333E-2,1.781164482E-2,7.769016549E-3
7.026562167E0,-1.996160718E-3,1.269751694E-3,5.406901706E-3
7.036538167E0,-1.151243411E-2,7.794639096E-4,2.203118987E-3
7.046515167E0,-1.037840638E-2,1.327414997E-2,-1.376544591E-3
7.056491167E0,6.675869226E-4,2.179573290E-2,-7.459083572E-4
7.066467167E0,1.006418373E-2,2.200105228E-2,-1.406712923E-3
7.076444167E0,1.225543208E-2,2.018477768E-2,-1.774761826E-3
7.086420167E0,9.978261776E-3,2.135238983E-2,3.547593951E-5
7.096396167E0,6.449572742E-3,2.276013605E-2,-1.653265208E-4
7.106372167E0,3.957404988E-5,2.955676243E-2,-1.549595967E-3
7.116349167E0,-3.302959492E-3,3.697366640E-2,-3.022057936E-3
7.126325167E0,-5.289152730E-3,4.716652632E-2,-6.696925033E-3
7.136301167E0,-7.425007876E-3,4.988294840E-2,-7.495873142E-3
7.146278167E0,-4.735589493E-3,4.874138534E-2,-9.054137394E-3
7.156254167E0,-1.843929058E-3,4.122701287E-2,-6.223729812E-3
7.166230167E0,7.062673103E-4,3.169867769E-2,-7.045499515E-3
7.176207167E0,6.472011097E-3,3.039612621E-2,-3.241972532E-3
7.186183167E0,8.919405751E-3,3.272505850E-2,-3.444810398E-3
7.196159167E0,1.507876534E-2,3.055431694E-2,-3.852007911E-3
7.206136167E0,2.035224438E-2,2.323535830E-2,-3.106622491E-3
7.216112167E0,2.239701897E-2,1.262532268E-2,-3.044304904E-3
7.226088167E0,2.269171923E-2,8.021723479E-3,-2.342595719E-3
7.236064167E0,1.757019386E-2,5.884270184E-3,9.959428571E-4
7.246041167E0,1.026402507E-2,1.009479538E-2,1.980889356E-3
7.256017167E0,2.855376806E-3,1.296195574E-2,1.939610345E-3
7.265993167E0,-2.511421684E-3,9.912563488E-3,1.348907594E-3
7.275970167E0,1.027919352E-3,5.986900069E-4,6.260070950E-5
7.285946167E0,7.253108546E-3,-1.278315764E-2,2.342788503E-4
7.295922167E0,1.323669869E-2,-2.081738040E-2,4.230970517E-4
7.305899167E0,1.309097745E-2,-1.956976764E-2,2.621617634E-3
7.315875167E0,6.380610168E-3,-1.001487765E-2,3.139069770E-3
7.325851167E0,-2.203938086E-3,-7.918048650E-4,9.251644369E-4
7.335827167E0,-1.316577569E-2,3.263390623E-3,-9.877844714E-4
7.345804167E0,-1.590749621E-2,1.545845531E-3,1.967512071E-3
7.355780167E0,-1.640657336E-2,6.680679508E-4,3.359013703E-3
7.365756167E0,-1.169533934E-2,-2.079772996E-3,6.008134689E-3
7.375733167E0,-5.957825575E-3,-2.687506378E-3,7.889391854E-3
7.385709167E0,3.932958352E-4,-2.036650432E-3,8.020630106E-3
7.395685167E0,4.139298107E-3,-6.749646738E-3,5.310065113E-3
7.405662167E0,5.545385648E-3,-7.351044565E-3,2.966088476E-3
7.415638167E0,6.164069637E-4,-7.141807582E-4,2.747975523E-3
7.425614167E0,-2.294215839E-3,5.889727734E-3,7.877317257E-4
7.435590167E0,-6.186159328E-3,1.020724420E-2,-3.606234677E-4
7.445567167E0,-1.507132407E-2,1.260616630E-2,-1.354379579E-3
7.455543167E0,-2.101177163E-2,1.906060241E-2,-3.922731616E-3
7.465519167E0,-1.792350970E-2,1.694157906E-2,2.045808826E-3
7.475496167E0,-1.231063064E-2,5.443115719E-3,-1.747347414E-4
7.485472167E0,-1.377872424E-3,-3.660935909E-5,2.823014744E-3
7.495448167E0,4.636078142E-3,3.877704963E-3,6.839327980E-3
7.505425167E0,9.265184402E-3,8.493761532E-3,9.736580774E-3
7.515401167E0,1.102207229E-2,6.665768102E-3,9.806089103E-3
7.525377167E0,7.805436850E-3,-3.765136469E-3,6.368654780E-3
7.535354167E0,8.465901017E-3,-1.401164941E-2,8.609171957E-3
7.545330167E0,9.530331008E-3,-1.196431182E-2,8.858208545E-3
7.555306167E0,7.323369384E-3,-8.434834890E-4,9.339175187E-3
7.565282167E0,7.897446631E-5,1.116765663E-2,1.074471278E-3
7.575259167E0,-1.047542668E-3,1.992413029E-2,-2.718668897E-3
7.585235167E0,6.945567671E-3,1.545160823E-2,-4.035409540E-3
7.595211167E0,2.124274708E-2,2.118758857E-3,-4.413025454E-5
7.605188167E0,2.848356962E-2,2.876618877E-3,1.114159590E-3
7.615164167E0,2.044321969E-2,1.859938726E-2,1.340528252E-3
7.625140625E0,6.700927392E-3,3.389926255E-2,-2.394841518E-3
7.635116625E0,5.884403945E-4,3.584576771E-2,-3.835877869E-3
7.645093625E0,1.176472870E-4,2.367425337E-2,-2.935306169E-3
7.655069625E0,-5.663808901E-3,1.621127687E-2,-2.876983024E-3
7.665045625E0,-1.502379775E-2,2.632714808E-2,1.714145765E-5
7.675022625E0,-2.035890706E-2,3.438960016E-2,7.846644148E-4
7.684998625E0,-2.420127206E-2,3.108922020E-2,3.473843914E-3
7.694974625E0,-1.970452443E-2,1.559761353E-2,4.594768398E-3
7.704951625E0,-9.155592881E-3,-1.335744280E-3,6.359636784E-3
7.714927625E0,-5.626904778E-3,-6.077502854E-3,7.786292583E-3
7.724903625E0,-8.537692484E-4,-7.854355499E-5,9.459906258E-3
7.734880625E0,1.177956350E-3,2.923371736E-3,1.145701110E-2
7.744856625E0,4.255184904E-3,1.573482994E-3,1.333358325E-2
7.754832625E0,7.789199706E-3,-1.951477025E-3,1.170772314E-2
7.764808625E0,7.616047747E-3,-4.169966094E-3,8.871538565E-3
7.774785625E0,3.473766381E-3,-8.764185011E-3,6.533815991E-3
7.784761625E0,2.296120394E-3,-1.073419675E-2,2.675679978E-3
7.794737625E0,2.101176884E-3,-8.075563237E-3,-7.190513425E-4
7.804714625E0,2.045772504E-3,-9.127030149E-3,-2.544074319E-3
7.814690625E0,2.766690217E-3,-6.188231520E-3,-1.837538090E-3
7.824666625E0,6.048723124E-3,-9.552855045E-5,-1.777533907E-3
7.834643625E0,8.170729503E-3,1.355361659E-3,-9.247898124E-4
7.844619625E0,1.165659539E-2,2.280210145E-3,-2.604406327E-4
7.854595625E0,1.114153955E-2,8.322123438E-3,-1.247940585E-3
7.864572625E0,9.942578152E-3,1.201261021E-2,-8.433801122E-4
7.874548625E0,9.419267066E-3,8.515346795E-3,-2.221299335E-3
7.884524625E0,4.133532755E-3,4.794775043E-3,-3.534189891E-3
7.894500625E0,-4.567014519E-3,5.030731205E-3,-2.263595350E-3
7.904477625E0,-1.083693374E-2,1.316700131E-2,-1.116784755E-3
7.914453625E0,-1.003878471E-2,1.694789156E-2,-1.003334299E-3
7.924429625E0,-3.385679796E-3,6.455374882E-3,-1.455790829E-3
7.934406625E0,4.720449913E-3,-6.420742720E-3,3.496623598E-3
7.944382625E0,8.322314359E-3,-3.286790103E-3,3.869070439E-3
7.954358625E0,-1.255212235E-3,4.042495508E-3,4.408360459E-3
7.964334625E0,-5.511526484E-3,6.610576995E-3,6.178127136E-3
7.974311625E0,-4.782353062E-3,9.843388572E-3,9.900427423E-3
7.984287625E0,-5.909078754E-3,5.801369902E-3,5.091167055E-3
7.994263625E0,-6.047030911E-3,1.178654842E-3,2.300174208E-3
8.004240625E0,-3.302602796E-3,1.439598855E-3,4.504418001E-3
8.014216625E0,-7.323860191E-4,1.394591294E-3,7.857603952E-3
8.024192625E0,5.379673559E-3,-5.178952124E-3,8.405476809E-3
8.034169625E0,1.083569136E-2,-8.018414490E-3,5.780665670E-3
8.044145625E0,1.192978211E-2,-2.133379458E-3,3.776488360E-3
8.054121625E0,8.412278257E-3,4.731184803E-3,2.388182562E-3
8.064097625E0,9.318602271E-3,1.200801134E-2,8.069677278E-4
8.074074625E0,3.215968842E-3,1.858947985E-2,-2.720389050E-3
8.084050625E0,-1.944276504E-3,2.251344547E-2,-6.706137676E-3
8.094026625E0,-4.390922375E-3,9.947319515E-3,-6.466452498E-3
8.104003625E0,2.786508994E-3,-7.137590088E-3,-3.550448455E-3
8.113979625E0,7.193508092E-3,1.054559369E-3,2.588670468E-3
8.123955625E0,2.394111361E-3,8.890392259E-3,3.186261747E-3
8.133932625E0,1.764007378E-3,6.302332971E-3,6.225993857E-3
8.143908625E0,1.051121764E-2,1.146765985E-2,1.103927009E-2
8.153884625E0,8.614780381E-3,7.211660966E-3,8.853613399E-3
8.163860625E0,2.461330500E-3,-8.195518516E-3,7.576264907E-3
8.173837625E0,-5.039729178E-3,-4.545656499E-3,8.041785099E-3
8.183813625E0,-1.153692883E-2,4.637441598E-3,9.544628672E-3
8.193789625E0,-1.707151160E-2,3.520777449E-3,1.084505022E-2
8.203766625E0,-1.983629726E-2,-5.444356706E-3,8.290593512E-3
8.213742625E0,-1.896464452E-2,-3.420063294E-4,5.560054909E-3
8.223718625E0,-1.647676341E-2,2.949053422E-3,1.268718392E-3
8.233695625E0,-1.186150592E-2,-3.544265870E-3,-5.274219438E-5
8.243671625E0,-9.760441259E-3,-4.780426621E-3,5.749576725E-3
8.253647625E0,-7.946829312E-3,8.742306381E-3,7.272904739E-3
8.263623625E0,3.499829327E-4,1.771103404E-2,5.073932465E-3
8.273600625E0,1.018317230E-2,1.240175590E-2,-4.889219068E-3
8.283576625E0,3.148860764E-3,-1.190192159E-2,-5.611264147E-3
8.293552625E0,-1.492388267E-2,-1.125530619E-2,-4.415353760E-4
8.303529625E0,-1.525139343E-2,1.663282514E-3,6.087879185E-3
8.313505625E0,-6.136991084E-3,8.849556558E-3,5.412767641E-3
8.323481625E0,4.307212657E-4,2.424106468E-3,2.880483400E-3
8.333458625E0,3.898689523E-3,-1.613511937E-3,2.824557014E-3
8.343434625E0,8.483486250E-3,-3.403432434E-3,-1.389170531E-3
8.353410625E0,1.489877515E-2,-3.915292211E-3,9.793881327E-5
8.363386625E0,2.340608649E-2,-1.929323189E-4,7.363324985E-4
8.373363625E0,2.419491485E-2,8.049542084E-4,-2.316981554E-3
8.383339625E0,2.230257913E-2,-1.964583062E-4,-8.654709905E-3
8.393315625E0,1.410829742E-2,2.576158848E-3,-7.735121530E-3
8.403292625E0,3.458485939E-3,2.241053618E-3,-6.298701279E-3
8.413268625E0,-8.830936626E-3,9.661982767E-4,2.954451833E-3
8.423244625E0,-2.005393431E-2,1.130813174E-2,4.325003829E-3
8.433221625E0,-2.754833549E-2,1.927337982E-2,8.492850699E-3
8.443197625E0,-2.673632465E-2,1.601105928E-2,6.633922458E-3
8.453173625E0,-2.241934091E-2,1.238276996E-2,8.906664327E-3
8.463149625E0,-1.868723333E-2,1.151317358E-2,9.596236050E-3
8.473126625E0,-7.883055136E-3,2.559624612E-3,4.855277017E-3
8.483102625E0,-2.846184652E-3,-4.358761944E-4,4.593716469E-3
8.493078625E0,3.468170296E-3,-5.675112829E-3,3.206476104E-3
8.503055625E0,9.586682543E-3,-9.552150965E-3,3.816264216E-3
8.513031625E0,1.235397253E-2,-1.265207026E-2,4.964885768E-3
8.523007625E0,9.785775095E-3,-1.056740806E-2,5.241820589E-3
8.532984625E0,6.375330966E-3,-1.137887314E-2,4.618108273E-3
8.542960625E0,2.850691322E-3,-1.603601128E-2,2.683212748E-3
8.552936625E0,7.139445748E-3,-1.665013656E-2,1.046434045E-3
8.562912625E0,3.403398441E-3,-1.460588351E-2,8.502332494E-4
8.572889625E0,-5.178399733E-4,-2.023779554E-3,3.240686608E-3
8.582865625E0,2.239024732E-3,5.721804686E-3,1.613017637E-3
8.592841625E0,5.405789707E-3,4.826982506E-3,-4.135948606E-3
8.602818625E0,7.447040640E-3,-4.637947306E-3,-4.156051204E-3
8.612794625E0,3.870008513E-4,-5.227571353E-3,-5.821325816E-3
8.622770042E0,-6.210390478E-3,5.001758225E-3,-2.678652760E-3
8.632747042E0,-1.019341405E-2,1.006149780E-2,-4.130341578E-3
8.642723042E0,-1.061929949E-2,1.196611486E-2,-3.748097923E-3
8.652699042E0,-7.379830349E-3,9.326657280E-3,-4.935334902E-3
8.662675042E0,-4.413094837E-3,3.591586370E-3,-4.704598803E-3
8.672652042E0,-2.072708681E-3,1.661327202E-3,-6.282788236E-3
8.682628042E0,2.312837169E-3,8.041588590E-4,-8.373105898E-3
8.692604042E0,5.601308309E-3,2.510203049E-4,-8.060982451E-3
8.702581042E0,9.667959064E-3,-2.669207286E-3,-7.489216048E-3
8.712557042E0,8.617607877E-3,1.671212725E-3,-7.579230238E-3
8.722533042E0,8.375954814E-3,2.225162461E-4,-6.705775857E-3
8.732509042E0,1.726052538E-2,-1.267384086E-2,-2.138720825E-3
8.742486042E0,2.213804796E-2,-8.376158774E-3,2.906228416E-3
8.752462042E0,1.388145052E-2,-4.660249688E-3,2.615943784E-3
8.762438042E0,4.761927761E-3,-9.477695450E-3,-6.718598306E-4
8.772415042E0,4.033287056E-3,-8.155169897E-3,4.962026142E-4
8.782391042E0,1.909526647E-3,-6.730320863E-3,1.315426780E-3
8.792367042E0,-1.290793996E-3,-1.423697360E-2,3.817491233E-5
8.802344042E0,-4.640939180E-3,-1.222409680E-2,-4.893629812E-4
8.812320042E0,-4.696865566E-3,6.517100148E-3,1.226511551E-3
8.822296042E0,-6.829740945E-3,1.350843534E-2,1.012301072E-4
8.832272042E0,-1.874663518E-3,5.961835850E-3,-3.877265844E-3
8.842249042E0,5.974414293E-3,2.591478638E-3,-6.601024885E-3
8.852225042E0,8.046353236E-3,7.756946143E-3,-6.169327069E-3
8.862201042E0,6.312638521E-3,7.903880440E-3,-7.574157324E-3
8.872178042E0,5.245776381E-3,9.871955961E-3,-7.265762892E-3
8.882154042E0,4.895247519E-3,1.371077634E-2,-7.676300127E-3
8.892130042E0,5.537601653E-3,6.686689798E-3,-9.178055450E-3
8.902106042E0,7.862864994E-3,2.704324666E-3,-5.676389206E-3
8.912083042E0,1.073641516E-2,5.178401247E-3,-1.932250801E-3
8.922059042E0,1.050285995E-2,-1.085159136E-3,8.827634156E-5
8.932035042E0,8.621869609E-3,-5.128370132E-3,2.529862570E-3
8.942012042E0,2.975709038E-3,-8.155240212E-4,3.998833708E-3
8.951988042E0,8.126897155E-4,3.679358866E-3,3.923732787E-3
8.961964042E0,-3.657012712E-3,1.710035838E-3,4.115740769E-3
8.971941042E0,-5.150246900E-3,2.181148622E-3,2.201460535E-3
8.981917042E0,-7.485575974E-3,-3.291041357E-3,1.868045423E-3
8.991893042E0,-8.357495070E-3,-5.948076956E-3,-9.069684893E-4
9.001869042E0,-1.267729420E-2,-5.528909620E-3,2.130654873E-3
9.011846042E0,-1.245092507E-2,-3.190654330E-3,1.749290153E-3
9.021822042E0,-1.224815473E-2,-3.370481078E-3,2.583453199E-3
9.031798042E0,-6.139395759E-3,3.792499192E-4,2.496367786E-3
9.041775042E0,-1.579145202E-3,-3.465638962E-3,3.756978549E-4
9.051751042E0,1.449135249E-3,-1.814745367E-3,-2.264427021E-4
9.061727042E0,4.593298770E-3,-9.633088484E-4,-1.244076528E-3
9.071704042E0,4.883317277E-3,-4.703574814E-4,-2.720532939E-3
9.081680042E0,2.154467511E-4,-1.722926740E-3,-1.363645308E-3
9.091656042E0,-3.466906026E-3,-3.108569421E-3,-1.323698089E-3
9.101632042E0,-5.611243192E-3,-2.022311557E-3,5.523161963E-5
9.111609042E0,-5.818970036E-3,-4.653514363E-3,-1.392196398E-3
9.121585042E0,-2.215058077E-3,-1.847765176E-3,-3.257481381E-3
9.131561042E0,-1.457122504E-3,5.790713709E-3,-5.697735585E-3
9.141538042E0,-3.588835709E-3,1.302261092E-2,-9.273834527E-3
9.151514042E0,-2.818383276E-3,1.295017451E-2,-1.149437763E-2
9.161490042E0,2.755508292E-3,4.612145480E-3,-1.244891621E-2
9.171466042E0,9.273062460E-3,-1.721916720E-3,-8.278138936E-3
9.181443042E0,1.525517460E-2,-1.129446551E-3,-9.211838245E-3
9.191419042E0,1.237043831E-2,2.450123429E-5,-1.273440197E-2
9.201395042E0,4.818296060E-3,-1.254611649E-3,-1.262024604E-2
9.211372042E0,-2.069970127E-3,-3.059169743E-3,-1.347405650E-2
9.221348042E0,-8.007387631E-3,-5.534303375E-3,-1.334135514E-2
9.231324042E0,-6.532794796E-3,-3.657840192E-3,-9.307465516E-3
9.241301042E0,-5.573149770E-3,2.660107333E-3,-9.760688059E-3
9.251277042E0,-2.733155154E-3,5.353095941E-3,-1.102196053E-2
9.261253042E0,-1.130213728E-3,3.646905068E-3,-1.694556512E-2
9.271229042E0,-1.095060026E-3,-3.340696683E-3,-1.695382036E-2
9.281206042E0,-3.072930500E-3,-1.766450237E-3,-1.341434754E-2
9.291182042E0,-3.721410176E-3,2.834693063E-3,-8.211862296E-3
9.301158042E0,-1.020533731E-3,1.110113598E-2,-8.554418571E-3
9.311135042E0,2.087814501E-4,1.737714186E-2,-7.051064633E-3
9.321111042E0,-2.487715799E-3,2.044422925E-2,-5.479718093E-3
9.331087042E0,-2.846976276E-3,2.001359500E-2,-3.455982078E-3
9.341063042E0,-4.459156655E-3,1.275363192E-2,-2.566130366E-3
9.351040042E0,-6.655198988E-3,1.027369685E-2,7.199682295E-5
9.361016042E0,-4.400563892E-3,7.009121589E-3,-1.056397799E-3
9.370992042E0,-5.455175415E-3,5.753174424E-3,-3.434866667E-3
9.380969042E0,-5.715848529E-4,9.813178331E-3,-3.063644748E-3
9.390945042E0,-7.129986770E-4,3.276715521E-3,-4.870865494E-3
9.400921042E0,2.922863001E-3,-6.069396622E-3,-3.245783038E-3
9.410898042E0,1.032724977E-2,-1.150757074E-2,-4.135109484E-4
9.420874042E0,1.051346958E-2,-7.779160980E-3,5.125179421E-3
9.430850042E0,1.051320322E-2,2.402370330E-3,7.584342267E-3
9.440826042E0,7.965980098E-3,-1.276759431E-4,4.990274552E-3
9.450803042E0,1.777059748E-3,-2.821463160E-3,9.997938760E-4
9.460779042E0,-2.732096706E-3,-3.837861586E-3,3.515996970E-3
9.470755042E0,-2.347802743E-3,-5.614189897E-3,2.481092466E-3
9.480732042E0,-2.329696203E-3,-3.949108534E-3,2.513329266E-3
9.490708042E0,-1.566700521E-3,4.592221230E-4,2.140486846E-3
9.500684042E0,-4.084075801E-3,5.745387636E-3,-1.208137255E-3
9.510660042E0,-4.398861434E-3,6.701729260E-3,3.369478509E-5
9.520637042E0,-2.834679093E-3,9.410561994E-3,-2.609444782E-3
9.530613042E0,-2.039459068E-3,1.432462689E-2,-4.016659223E-3
9.540589042E0,2.328340895E-3,2.062539384E-2,-6.082910113E-3
9.550566042E0,9.162545204E-3,1.926425286E-2,-6.252553314E-3
9.560542042E0,1.344122738E-2,1.794419996E-2,-3.380150069E-3
9.570518042E0,1.810655184E-2,1.456598006E-2,-5.641230382E-4
9.580494042E0,1.758639328E-2,1.567317545E-2,1.224789768E-3
9.590471042E0,1.528861839E-2,1.405104436E-2,1.987519208E-3
9.600447042E0,1.037757937E-2,1.351396553E-2,2.213444794E-3
9.610423042E0,4.772957414E-3,9.880879894E-3,-4.036435857E-4
9.620400167E0,-8.669737726E-4,5.745582283E-3,-1.215873286E-3
9.630376167E0,-6.941111293E-3,1.765601337E-5,-2.347450703E-3
9.640352167E0,-1.104067732E-2,-3.275531344E-4,-4.639039747E-3
9.650329167E0,-1.038687117E-2,-5.352405366E-3,-1.984933391E-3
9.660305167E0,-5.873295013E-3,-9.798549116E-3,-1.011377200E-3
9.670281167E0,-2.349400427E-3,-1.315572858E-2,-1.509096473E-4
9.680257167E0,9.305054555E-4,-9.459676221E-3,2.105920808E-3
9.690234167E0,-5.379883805E-5,-6.809830666E-3,4.373868927E-3
9.700210167E0,-1.601207303E-3,-6.805629469E-3,3.069418948E-3
9.710186167E0,-6.836449262E-3,-7.743860595E-3,2.233719220E-3
9.720163167E0,-9.266363457E-3,-9.496295825E-3,1.008746447E-3
9.730139167E0,-1.283579879E-2,-3.327350132E-3,1.551764784E-3
9.740115167E0,-8.567722514E-3,2.251928672E-4,1.611788291E-3
9.750091167E0,-1.031776192E-3,1.206035260E-3,2.537503140E-3
9.760068167E0,3.738110187E-3,-5.600747187E-3,3.859688062E-3
9.770044167E0,9.435144253E-3,-5.534700584E-3,2.812532941E-3
9.780020167E0,1.327905059E-2,2.179848962E-4,2.919516526E-3
9.789997167E0,1.543780882E-2,9.217604995E-3,3.626053222E-3
9.799973167E0,1.292111445E-2,1.375257876E-2,-1.296239905E-3
9.809949167E0,1.060230006E-2,1.748206839E-2,-3.063779790E-3
9.819925167E0,8.105481975E-3,1.816656440E-2,-4.556542728E-3
9.829902167E0,7.299343124E-3,1.766242832E-2,-3.685955424E-3
9.839878167E0,2.340422943E-3,1.564430073E-2,-6.282025948E-3
9.849854167E0,1.484483131E-3,1.531540044E-2,-5.817304365E-3
9.859831167E0,4.218164366E-3,1.877251640E-2,-4.682954866E-3
9.869807167E0,6.098356098E-3,1.798395440E-2,-2.702362370E-3
9.879783167E0,7.528425194E-3,1.410125569E-2,-3.727330361E-3
9.889760167E0,9.016600437E-3,1.325596869E-2,3.899168223E-4
9.899736167E0,6.846767850E-3,9.852506220E-3,-1.791669056E-4
9.909712167E0,4.553786479E-3,1.045438088E-2,1.863211393E-3
9.919688167E0,1.010015607E-3,5.839470308E-3,1.056133769E-4
9.929665167E0,5.855076597E-4,3.234365955E-3,3.030030522E-3
9.939641167E0,-1.462807995E-4,-3.127048258E-3,3.117565298E-3
9.949617167E0,1.663070754E-3,-1.116180513E-2,6.134660449E-3
9.959594167E0,2.522475552E-3,-1.135522407E-2,6.807628088E-3
9.969570167E0,-2.002501395E-3,-6.862204988E-3,5.490162410E-3
9.979546167E0,-4.439078271E-3,-3.298101947E-3,1.790595474E-3
9.989522167E0,-4.757858347E-3,-6.585508119E-3,-4.688305780E-4
9.999499167E0,-5.497101229E-3,-9.928569198E-3,-1.749374438E-3
1.000947517E1,1.064559328E-4,-7.338644471E-3,-7.320470177E-4
1.001945117E1,2.148643835E-3,-5.053617992E-3,-3.360512666E-3
1.002942817E1,4.368129885E-5,-7.267803885E-4,-8.231168613E-3
1.003940417E1,-3.551918780E-3,5.486655515E-3,-1.091974322E-2
1.004938017E1,-4.637955688E-3,-3.058362752E-3,-1.103425864E-2
1.005935617E1,-4.772911780E-3,-7.705061231E-3,-8.584303781E-3
1.006933317E1,-3.400052432E-3,4.708731081E-3,-5.948306993E-3
1.007930917E1,-2.521865536E-3,1.595781185E-2,-1.603616402E-3
1.008928517E1,-1.886700629E-4,1.987691969E-2,-3.455393016E-4
1.009926217E1,-1.436953549E-3,1.627760381E-2,-2.262613270E-3
1.010923817E1,1.012888271E-3,9.673230350E-3,-5.403812043E-3
1.011921417E1,7.995821070E-4,5.459821783E-3,-6.928259041E-3
1.012919117E1,4.456101917E-3,2.853119746E-3,-7.136784960E-3
1.013916717E1,5.419051275E-3,8.962674066E-3,-6.057842635E-3
1.014914317E1,6.782057229E-3,1.038613357E-2,-4.818674177E-3
1.015911917E1,8.126463741E-3,1.176819578E-2,-3.575311974E-3
1.016909617E1,6.497940980E-3,1.278126240E-2,1.362721669E-3
1.017907217E1,4.242772702E-3,1.558271237E-2,3.560908372E-3
1.018904817E1,8.994404343E-4,1.516992226E-2,7.968706079E-3
1.019902517E1,-1.600789023E-3,1.192199998E-2,8.733674884E-3
1.020900117E1,-4.334790166E-3,5.826290697E-3,8.524084464E-3
1.021897717E1,-6.484232843E-3,3.715082537E-3,7.679887116E-3
1.022895317E1,-7.466140203E-3,-4.216060042E-4,7.178147323E-3
1.023893017E1,-8.038929664E-3,-1.187227480E-2,6.088261027E-3
1.024890617E1,-1.446593646E-2,-2.904167399E-2,1.731561497E-2
1.025888217E1,-2.391450293E-2,4.974065349E-3,3.688250855E-2
1.026885917E1,-2.772841603E-2,2.739415318E-2,3.544839844E-2
1.027883517E1,-2.386333048E-2,2.114187926E-2,1.983530447E-2
1.028881117E1,-1.935672760E-2,-6.545674521E-3,3.199602477E-3
1.029878717E1,-1.217480935E-2,-1.956875995E-2,-4.293047357E-3
1.030876417E1,-4.582137335E-3,-2.310384065E-2,-8.463824168E-3
1.031874017E1,3.002269659E-3,-1.321690530E-2,-5.191291682E-3
1.032871617E1,5.579676945E-3,3.351419233E-3,1.982731745E-3
1.033869317E1,4.039472435E-3,1.731429249E-2,3.731275676E-3
1.034866917E1,2.505930606E-4,2.042805776E-2,1.465724548E-3
1.035864517E1,2.396244556E-3,1.190315560E-2,-3.018383402E-3
1.036862117E1,4.229564685E-3,2.400462981E-3,-9.865371510E-3
1.037859817E1,5.861654412E-3,-5.850872025E-3,-8.644250222E-3
1.038857417E1,1.047192025E-3,-1.296097878E-2,-1.480879728E-3
1.039855017E1,-1.192597486E-2,9.795141406E-3,1.273743622E-2
1.040852717E1,2.623140346E-3,2.137243561E-2,6.988736335E-3
1.041850317E1,1.624791534E-3,3.251591697E-3,6.722510792E-3
1.042847917E1,-9.970904794E-4,-5.879055709E-3,3.372786567E-3
1.043845617E1,-6.792992819E-3,-4.942138679E-3,6.785511039E-3
1.044843217E1,-4.814263899E-3,-1.395074185E-3,6.493362598E-3
1.045840817E1,-1.199069899E-3,1.554832328E-3,8.340347558E-3
1.046838417E1,2.895806450E-3,5.393512547E-3,6.221003830E-3
1.047836117E1,1.879852149E-3,-2.492949832E-3,2.062953543E-3
1.048833717E1,-6.979952101E-3,3.473116085E-4,1.072994433E-2
1.049831317E1,4.279532586E-4,1.210049912E-2,2.954458352E-3
1.050829017E1,-2.007773845E-3,9.849970229E-4,1.586126164E-3
1.051826617E1,-6.213406101E-3,-3.104590811E-3,6.012185477E-3
1.052824217E1,-1.038764510E-2,1.192842051E-2,8.769888431E-3
1.053821817E1,4.715544637E-3,6.653187796E-3,3.927433863E-5
1.054819517E1,6.097490550E-4,-4.569106270E-3,-7.804464549E-4
1.055817117E1,-4.726530984E-3,-1.459003659E-3,1.953492640E-3
1.056814717E1,-6.001918577E-3,3.031352069E-3,5.312271416E-3
1.057812417E1,-9.266109206E-3,1.342761144E-2,1.087659784E-2
1.058810017E1,-7.109699072E-4,1.579489559E-2,1.443415415E-3
1.059807617E1,-1.614263281E-3,2.108913846E-3,-4.159172531E-3
1.060805217E1,-2.231051447E-3,-1.976499334E-4,-6.835382897E-3
1.061802917E1,-3.601807985E-4,6.607259158E-3,-5.568517838E-3
1.062800513E1,-1.198011218E-3,9.136196226E-3,-3.643318545E-3
1.063798112E1,-3.303985111E-3,1.081631891E-2,-3.061526921E-3
1.064795812E1,-3.934355453E-3,1.479987428E-2,-4.039972555E-3
1.065793413E1,-5.058640148E-3,1.398069598E-2,-3.549610730E-3
1.066791013E1,-1.820502570E-3,1.084269304E-2,-3.630836960E-3
1.067788612E1,-4.535019689E-4,9.400059469E-3,-3.473977093E-3
1.068786313E1,1.575294184E-3,6.381632760E-3,-3.570915665E-3
1.069783913E1,4.482188262E-3,7.723530289E-3,-4.126559943E-3
1.070781513E1,1.055579353E-2,2.732234076E-3,-2.799506299E-3
1.071779212E1,1.575679146E-2,-3.061414231E-3,-3.366192337E-3
1.072776813E1,1.455517299E-2,-8.659378625E-3,-4.203756806E-3
1.073774413E1,1.485255081E-2,-9.165726602E-3,-2.164396457E-3
1.074772013E1,9.763516486E-3,-6.104955450E-3,-2.020319458E-3
1.075769712E1,4.490021616E-3,-5.708596203E-3,-2.096130978E-3
1.076767313E1,3.750195727E-3,-3.994851839E-3,-6.520422176E-5
1.077764913E1,2.202049596E-3,8.004577830E-5,-1.577865332E-4
1.078762612E1,4.062813241E-5,4.838049412E-3,-4.203738645E-4
1.079760212E1,6.273330655E-6,1.006956305E-2,2.813688479E-4
1.080757813E1,7.761931629E-4,1.657859422E-2,-1.109149307E-4
1.081755413E1,1.154834870E-3,1.550235786E-2,-6.045289338E-4
1.082753112E1,4.981797189E-3,1.602220722E-2,3.036856651E-5
1.083750712E1,4.087621346E-3,1.431404240E-2,1.247454667E-3
1.084748313E1,-5.987430341E-4,1.420325413E-2,1.693267841E-3
1.085746013E1,-2.783609089E-3,1.302395761E-2,8.715456352E-5
1.086743612E1,-6.858512294E-3,8.781543002E-3,3.145881929E-4
1.087741213E1,-5.741630215E-3,5.689001177E-3,2.101386199E-3
1.088738913E1,-5.909675732E-3,3.288161475E-3,1.665160526E-3
1.089736513E1,-5.629465450E-3,1.748125069E-4,3.638491500E-3
1.090734112E1,-4.430510569E-3,-9.474437684E-4,1.335656038E-3
1.091731713E1,-3.251631511E-3,-2.124306280E-3,3.355325200E-3
1.092729413E1,3.300537937E-4,-4.398113117E-3,1.366476296E-3
1.093727012E1,1.446079696E-3,-5.186080001E-3,9.176726453E-4
1.094724612E1,4.555586725E-3,-3.087242600E-3,-9.725801647E-5
1.095722313E1,3.878574818E-3,-2.274204278E-3,-1.712956931E-3
1.096719913E1,3.366448916E-3,-2.398155630E-4,-8.154716343E-4
1.097717512E1,3.605214879E-4,2.477501053E-3,-9.094136767E-4
1.098715112E1,-1.032311702E-3,3.747296054E-3,-9.240610525E-4
1.099712813E1,2.152177622E-4,7.189901546E-3,2.419319935E-4
1.100710413E1,2.381965751E-3,9.419766255E-3,4.861438647E-4
1.101708012E1,7.839737809E-4,6.121819373E-3,3.236023476E-3
1.102705713E1,1.977602486E-3,7.712259423E-3,2.461043652E-3
1.103703313E1,3.166266717E-3,5.026882514E-3,6.105136126E-4
1.104700913E1,2.781173447E-3,5.977630615E-3,-3.743357956E-5
1.105698512E1,4.336244427E-3,6.770458538E-3,-2.054608427E-3
1.106696213E1,4.060074687E-3,6.109462585E-3,-5.877395160E-4
1.107693813E1,3.772299737E-3,1.025472768E-3,4.120343365E-4
1.108691413E1,2.086519264E-3,4.089511931E-4,5.308788270E-3
1.109689112E1,3.049835330E-3,1.018553041E-3,5.246907473E-3
1.110686713E1,3.127333242E-3,-2.366324887E-3,6.106043234E-3
1.111684313E1,9.522758774E-4,-4.457370378E-3,5.709607154E-3
1.112681912E1,-1.231085334E-4,-4.547917750E-3,4.649136215E-3
1.113679612E1,-2.001973800E-3,-5.737405270E-3,3.656068351E-3
1.114677213E1,-7.289827336E-4,-1.685139257E-3,5.399373360E-3
1.115674813E1,-4.325617920E-4,-4.081211053E-3,4.647246096E-3
1.116672512E1,3.876699135E-3,-2.445763908E-3,5.896268878E-3
1.117670112E1,5.549373571E-3,-2.544960007E-3,5.193849094E-3
1.118667713E1,5.677471869E-3,-1.464249333E-3,6.138205528E-3
1.119665313E1,3.970169928E-3,-2.527111210E-3,3.450180870E-3
1.120663012E1,3.252448048E-3,-1.656790264E-3,2.852834063E-3
1.121660613E1,1.181681757E-3,-6.891330704E-4,4.594323225E-3
1.122658213E1,-4.005022929E-4,-5.365340039E-4,4.768227693E-3
1.123655913E1,-8.473166963E-4,-4.607459996E-3,2.897740109E-3
1.124653512E1,-6.771406624E-4,-7.724157069E-3,4.911089782E-3
1.125651113E1,1.301955082E-3,-7.380867377E-3,5.713842344E-3
1.126648713E1,-7.143715629E-5,-2.309942618E-3,3.186768619E-3
1.127646412E1,5.766621325E-5,-1.691609621E-3,5.021821707E-3
1.128644012E1,1.657427056E-3,-5.010707304E-3,3.891043598E-3
1.129641613E1,2.447907114E-3,-5.231018644E-3,3.329273546E-3
1.130639313E1,-1.316471025E-3,-3.375061788E-3,1.802483341E-3
1.131636912E1,-2.519573085E-3,-2.103416948E-3,9.713328909E-4
1.132634512E1,-3.583239624E-3,1.345110126E-3,9.883770254E-4
1.133632113E1,-4.221066833E-3,1.844985876E-3,8.333812002E-4
1.134629813E1,-2.468440449E-3,6.324485876E-4,-1.651081722E-3
1.135627412E1,-3.476662561E-3,-1.703405054E-3,-2.221893054E-3
1.136625012E1,-2.801551251E-3,-8.189692162E-4,-1.204565633E-3
1.137622713E1,-2.889910946E-3,9.785243310E-4,1.798824873E-3
1.138620313E1,-1.266714185E-3,1.630465966E-3,2.371404553E-3
1.139617912E1,-7.878936594E-5,-1.329430146E-3,4.933089949E-4
1.140615613E1,3.054952249E-3,-2.724393737E-3,5.028964952E-4
1.141613213E1,6.233964581E-3,-2.626848873E-3,7.905303501E-4
1.142610813E1,6.688832305E-3,-1.361048548E-3,7.226197049E-4
1.143608412E1,4.135330673E-3,1.405379735E-4,-1.066601370E-3
1.144606113E1,2.897258964E-4,9.490735829E-4,-4.671239294E-4
1.145603713E1,2.015818027E-4,3.134212457E-4,2.620150335E-4
1.146601312E1,6.436666008E-4,7.118303329E-4,1.501622610E-4
1.147598912E1,-2.715639072E-3,1.564694569E-3,-1.191091724E-4
1.148596613E1,-1.827474800E-3,4.810288548E-3,-1.250153407E-3
1.149594213E1,-1.339640468E-3,5.710312631E-3,-1.362151001E-3
1.150591812E1,-1.203286694E-3,4.915358964E-3,-1.099563204E-3
1.151589512E1,-8.380624349E-4,8.981837891E-4,-8.671544492E-6
1.152587113E1,-1.862580422E-3,-1.026322134E-4,-5.415701307E-4
1.153584713E1,-1.621028990E-3,4.026792943E-3,-8.233450353E-4
1.154582312E1,-2.763525117E-3,6.308589131E-3,-7.325313054E-4
1.155580013E1,-8.253932465E-4,4.744679201E-3,-1.272887457E-3
1.156577613E1,1.908690319E-4,3.369688988E-3,-1.871832181E-3
1.157575213E1,1.834850409E-3,1.127472147E-3,2.589025535E-4
1.158572912E1,3.072687425E-3,-2.661603503E-4,2.053873148E-3
1.159570513E1,1.118837623E-3,4.413338378E-3,3.512254916E-3
1.160568113E1,2.718864707E-3,3.896951675E-3,1.750573749E-3
1.161565812E1,2.159744035E-3,6.355891470E-3,1.787617337E-3
1.162563425E1,1.935772132E-3,8.171634749E-3,2.177504124E-3
1.163561025E1,1.283957157E-3,6.973097101E-3,-2.161846496E-4
1.164558625E1,-3.681285307E-6,6.131538190E-3,3.406824544E-4
1.165556325E1,2.251587808E-3,4.590836354E-3,5.988045596E-4
1.166553925E1,-1.898682443E-3,5.731201731E-3,-2.970896661E-3
1.167551525E1,-4.883083981E-3,4.115480464E-3,-6.913557649E-3
1.168549225E1,-5.475371145E-3,5.072620232E-3,-6.689585745E-3
1.169546825E1,-2.878165105E-5,4.755307920E-3,-3.364677541E-3
1.170544425E1,3.736395389E-3,-4.530362785E-4,-1.650667284E-3
1.171542025E1,4.788619466E-3,-4.181413446E-3,-2.334606368E-3
1.172539725E1,6.306354888E-3,1.653572544E-3,3.922756761E-3
1.173537325E1,8.330643759E-4,2.972208895E-3,6.199991331E-3
1.174534925E1,-4.522019997E-3,-2.794067375E-3,8.137477562E-4
1.175532625E1,-4.671245348E-3,-1.157062501E-2,5.813846365E-4
1.176530225E1,-6.200447096E-4,-1.249873638E-2,2.642404987E-3
1.177527825E1,1.331785927E-3,-1.181323826E-2,5.068278406E-3
1.178525425E1,1.733390614E-3,-7.343389094E-3,3.332962748E-3
1.179523125E1,-5.450917874E-3,-3.429953940E-4,1.615032554E-3
1.180520725E1,-8.534326218E-3,7.548217196E-3,-3.051890992E-3
1.181518325E1,-1.055602450E-2,6.699203514E-4,-4.311935976E-3
1.182516025E1,-3.451509867E-3,-5.582116544E-3,-6.847797893E-3
1.183513625E1,1.892794156E-3,4.925420973E-3,-1.547276508E-3
1.184511225E1,1.094378531E-3,1.234871708E-2,-6.578254048E-3
1.185508825E1,-5.757410545E-4,1.841006614E-2,-8.528124541E-3
1.186506525E1,-5.690831458E-4,2.435237728E-2,-7.286292035E-3
1.187504125E1,8.117247373E-3,1.646967791E-2,-3.120915499E-3
1.188501725E1,1.195086818E-2,3.420986235E-3,-2.070032060E-3
1.189499425E1,9.793384001E-3,4.063214641E-3,-1.622232608E-3
1.190497025E1,5.498183309E-4,1.295897178E-2,-2.092014067E-3
1.191494625E1,-1.869016793E-3,1.076797489E-2,-2.260836773E-3
1.192492225E1,-7.488912670E-4,-4.649721086E-4,-2.751923632E-3
1.193489925E1,-2.621726831E-3,-6.509291008E-3,-9.535662830E-4
1.194487525E1,-1.084550284E-3,-2.872478217E-3,1.378297806E-3
1.195485125E1,2.173488960E-3,-1.335330307E-3,5.811341107E-4
1.196482825E1,6.253452040E-3,-2.203520853E-3,2.209124388E-3
1.197480425E1,4.827232100E-3,-3.678004257E-3,1.795171062E-3
1.198478025E1,-9.601062629E-6,-9.831516072E-4,1.358412672E-3
1.199475625E1,-8.255764842E-3,9.220559150E-6,-7.940377109E-4
1.200473325E1,-9.939681739E-3,2.923517488E-3,-2.535478678E-3
1.201470925E1,-4.382662941E-3,3.291742411E-3,-1.033085864E-3
1.202468525E1,-1.292064553E-3,-2.931798808E-3,-7.300181314E-4
1.203466225E1,3.109328100E-4,-5.198193714E-3,6.648902781E-4
1.204463825E1,8.775992319E-5,-1.496133627E-3,4.323008470E-3
1.205461425E1,-2.297097817E-3,3.824788611E-3,4.418069962E-3
1.206459025E1,-3.683539573E-3,1.219292171E-4,1.688063610E-3
1.207456725E1,-1.937412540E-3,-8.088726550E-3,4.102312960E-4
1.208454325E1,-2.552923979E-5,-5.172298290E-3,3.209745977E-3
1.209451925E1,3.557382617E-3,2.313910052E-3,4.171618726E-3
1.210449625E1,-3.342943091E-4,4.863886628E-3,1.719380030E-3
1.211447225E1,-3.304628422E-3,2.790823579E-3,-4.963058978E-3
1.212444825E1,-4.802922718E-3,2.427835017E-3,-5.936710164E-3
1.213442425E1,-5.175869912E-3,2.755999099E-3,-5.051536951E-3
1.214440125E1,-7.605738007E-3,7.062863559E-3,-6.666210946E-3
1.215437725E1,-8.311523125E-3,1.436091401E-2,-2.026635688E-3
1.216435325E1,-9.923535399E-3,1.871518232E-2,-2.278570551E-3
1.217433025E1,-1.273190137E-2,1.430820208E-2,1.538153039E-3
1.218430625E1,-5.232972093E-3,1.473896671E-3,6.907349452E-4
1.219428225E1,-1.319034025E-3,-8.033111691E-3,2.763170982E-3
1.220425825E1,4.726341460E-3,-5.651446991E-3,4.183168523E-3
1.221423525E1,5.779847968E-3,-1.070575090E-3,6.498566363E-3
1.222421125E1,1.129046082E-2,1.058888622E-3,6.426660810E-3
1.223418725E1,1.044911798E-2,-5.227773916E-3,5.357497372E-3
1.224416425E1,7.555593736E-3,-1.126888767E-2,4.236040637E-3
1.225414025E1,3.666461911E-3,-8.385930210E-3,3.522038925E-3
1.226411625E1,1.759905135E-3,-2.593289129E-3,1.565680839E-3
1.227409225E1,1.362805488E-4,-1.301717712E-3,2.408099128E-3
1.228406925E1,-2.589198295E-3,3.973471932E-3,3.549796529E-3
1.229404525E1,-7.109378930E-3,5.212833639E-3,2.123926766E-3
1.230402125E1,-9.427127428E-3,9.857386351E-3,9.625223465E-4
1.231399825E1,-7.155347150E-3,9.637346491E-3,1.081360271E-3
1.232397425E1,-3.942242824E-3,8.355034515E-3,2.315469086E-3
1.233395025E1,-2.522888128E-3,1.223120932E-2,5.088049918E-3
1.234392625E1,-7.066122489E-4,1.477159839E-2,3.474174300E-3
1.235390325E1,-1.360892085E-3,1.175002754E-2,2.172612585E-4
1.236387925E1,-4.463625082E-4,2.500335686E-3,-9.228377603E-4
1.237385525E1,-1.539966674E-3,-3.520062892E-3,-9.806645103E-4
1.238383225E1,-5.303623038E-4,-4.903841298E-3,-1.007565297E-4
1.239380825E1,6.689216243E-4,-6.838648114E-3,4.485063255E-4
1.240378425E1,-1.070388826E-3,-6.260209717E-3,1.340399031E-3
1.241376125E1,4.703884013E-3,-8.538953960E-3,1.047955826E-3
1.242373725E1,4.639701918E-3,-9.712874889E-3,1.125453971E-3
1.243371325E1,5.950760096E-3,-7.935652509E-3,3.041665303E-3
1.244368925E1,3.221819177E-3,-6.441351958E-3,5.028116982E-3
1.245366625E1,1.416672487E-3,3.655622713E-4,4.321168177E-3
1.246364225E1,-1.980988542E-3,2.622058615E-3,3.007963300E-3
1.247361825E1,-1.853476744E-3,1.762458589E-3,2.295943443E-3
1.248359525E1,-1.014847425E-3,2.661542036E-3,-1.009013504E-4
1.249357125E1,-3.611735534E-3,3.009319771E-3,-2.136842348E-3
1.250354725E1,-4.752367269E-3,2.753922716E-3,-5.551814102E-3
1.251352325E1,-2.123298123E-3,3.866397310E-3,-4.316360224E-3
1.252350025E1,4.188393708E-3,4.568140488E-3,-2.894497942E-3
1.253347625E1,8.737492375E-3,3.129249439E-3,-2.173869405E-3
1.254345225E1,7.395524997E-3,4.223808646E-3,-1.402351540E-3
1.255342925E1,7.322825957E-3,3.333901055E-3,1.322302734E-3
1.256340525E1,5.700961221E-3,1.988205593E-3,2.013925696E-3
1.257338125E1,2.981093945E-3,1.762810629E-3,5.155615509E-4
1.258335725E1,-2.272257814E-3,-2.865213901E-6,9.827315807E-6
1.259333425E1,-7.041303441E-3,2.205697820E-5,-1.466507092E-5
1.260331025E1,-8.955317549E-3,-1.768119866E-3,2.987887710E-4
1.261328625E1,-4.156890791E-3,-3.501125611E-4,2.021976048E-3
1.262326313E1,-3.433309961E-3,-2.201502211E-4,4.092850257E-3
1.263323913E1,2.316727536E-3,1.831729896E-4,4.339699168E-3
1.264321512E1,1.886893297E-3,-3.041853197E-4,7.184221409E-3
1.265319113E1,2.515866421E-3,4.410599358E-4,8.593725972E-3
1.266316813E1,8.892774349E-5,4.465362523E-3,7.360149641E-3
1.267314412E1,1.738400315E-4,6.485413294E-3,5.273355171E-3
1.268312012E1,-6.538704620E-4,2.718105447E-3,2.195806475E-3
1.269309713E1,-1.254625618E-3,-6.274250336E-4,1.642558491E-3
1.270307313E1,9.240128566E-5,-4.503656179E-3,2.180783311E-3
1.271304912E1,6.495793932E-4,-5.168497097E-3,2.492036670E-3
1.272302512E1,1.662113238E-3,-3.874999937E-3,1.996688778E-3
1.273300213E1,-5.036204820E-4,2.460920718E-3,5.552371964E-3
1.274297813E1,2.493234584E-3,2.249465790E-3,5.005358718E-3
1.275295412E1,1.670119818E-4,-1.594728325E-3,1.600423129E-3
1.276293113E1,-8.907956071E-4,-3.350530751E-4,2.835064661E-3
1.277290713E1,-1.458317391E-3,-6.585526280E-4,3.532762639E-4
1.278288313E1,-3.178985789E-3,1.616053283E-3,9.788530879E-4
1.279285912E1,-4.968041554E-3,3.332317807E-3,-1.442614011E-3
1.280283613E1,-2.931788331E-3,3.733390477E-3,-1.391747966E-3
1.281281213E1,-1.768309390E-3,3.113548737E-3,-2.541846130E-3
1.282278812E1,-1.622634474E-3,2.443497535E-3,-3.619094845E-3
1.283276512E1,-6.236826885E-4,1.481563784E-3,-3.390063066E-3
1.284274113E1,-1.053783228E-3,-1.176537480E-3,-3.182336222E-3
1.285271713E1,-1.555950148E-3,-2.992076799E-3,-3.081075847E-3
1.286269312E1,6.139934994E-4,-5.930874962E-3,-2.153230831E-3
1.287267012E1,2.868950367E-3,-6.692754570E-3,-9.221835062E-4
1.288264613E1,2.223932650E-3,-7.137502544E-3,7.064267993E-5
1.289262213E1,2.417654730E-3,-8.293788880E-3,2.458468312E-3
1.290259912E1,2.547084354E-3,-7.439980283E-3,2.886634320E-5
1.291257512E1,-6.025253097E-4,-7.717689965E-3,7.298453711E-4
1.292255113E1,-2.027848095E-4,-5.983971991E-3,1.599285752E-4
1.293252713E1,-2.068867907E-3,-2.928648144E-3,7.828683592E-4
1.294250412E1,-1.182567910E-3,-2.873176709E-5,2.795308828E-4
1.295248013E1,-2.538756933E-3,4.038317129E-3,6.813537329E-4
1.296245613E1,-2.676708857E-3,3.087302204E-3,-7.604816929E-4
1.297243313E1,-3.287056461E-3,5.436022766E-3,-7.027760148E-4
1.298240912E1,-3.537659999E-3,6.939111277E-3,-2.369889989E-4
1.299238513E1,-2.938820049E-3,9.066771716E-3,-8.951169439E-4
1.300236113E1,-8.692776319E-4,6.406007800E-3,5.166246556E-4
1.301233812E1,1.692501246E-4,2.435031347E-3,8.995269891E-4
1.302231412E1,1.979134278E-3,1.337542664E-3,2.973861992E-4
1.303229013E1,4.534542561E-3,-2.690018388E-3,1.464443514E-3
1.304226713E1,1.616250607E-3,-1.347518992E-3,-5.944464356E-4
1.305224312E1,1.076858025E-4,-5.097870249E-3,1.075738110E-4
1.306221912E1,-1.199127408E-3,-5.552471615E-3,-4.943003878E-4
1.307219613E1,-9.962589247E-4,-4.682588857E-3,7.311790250E-4
1.308217213E1,-3.188573057E-3,-6.699400954E-3,2.184998710E-3
1.309214812E1,-2.153451554E-3,-3.189700656E-3,2.841020236E-3
1.310212412E1,-3.145212773E-3,-1.666106051E-3,1.621026080E-3
1.311210113E1,4.144196864E-4,-1.291394234E-3,1.608412480E-3
1.312207713E1,-3.006192856E-5,-8.535706438E-4,1.516000833E-3
1.313205312E1,4.422240891E-4,4.509766586E-4,1.700869761E-4
1.314203013E1,5.266462686E-4,-9.703524411E-4,-8.440446109E-4
1.315200613E1,9.631338762E-4,7.746983320E-4,6.042062305E-4
1.316198212E1,3.329619067E-3,7.002567872E-5,-6.506750360E-4
1.317195812E1,5.172910169E-3,1.004631631E-3,-3.529344685E-4
1.318193513E1,3.756108694E-3,7.630828768E-4,-1.669601537E-3
1.319191113E1,1.483205473E-3,1.418690663E-3,-2.677812707E-3
1.320188712E1,-1.698206877E-3,-1.791483955E-3,-1.388842706E-3
1.321186412E1,-1.654381631E-3,-1.684792805E-3,-9.020180441E-4
1.322184013E1,-1.936410437E-3,-9.135412984E-4,-1.694574486E-3
1.323181613E1,-2.222912852E-3,-3.545611398E-3,7.978081703E-5
1.324179212E1,-3.135045758E-3,-1.942654839E-3,9.487699717E-4
1.325176912E1,-1.775551355E-3,-3.488966729E-3,2.857276704E-3
1.326174513E1,-3.404873423E-3,1.610986888E-3,1.077752560E-3
1.327172113E1,-1.846125117E-3,1.361981034E-3,-3.624754027E-5
1.328169812E1,3.837396507E-4,1.941849478E-4,9.328767192E-4
1.329167413E1,2.116128337E-3,-1.060503302E-3,2.676170552E-3
1.330165013E1,3.078328446E-3,-2.070374088E-3,2.980303485E-3
1.331162613E1,4.500125535E-3,-4.078680649E-3,3.622034099E-3
1.332160312E1,1.334692701E-3,-4.625161178E-3,2.421481302E-3
1.333157913E1,-2.539799607E-4,-3.771397751E-3,5.244849715E-3
1.334155513E1,-6.768899621E-4,-1.833210699E-4,3.727912903E-3
1.335153212E1,-6.592567661E-4,1.765978523E-4,5.379750859E-3
1.336150812E1,1.438515261E-3,-3.124922980E-3,5.340602249E-3
1.337148413E1,2.868681680E-3,-1.754914178E-3,6.224687211E-3
1.338146013E1,1.589032589E-3,-3.238561098E-3,8.265467361E-3
1.339143712E1,4.312224686E-3,-1.027015503E-3,8.116899058E-3
1.340141312E1,4.120743368E-3,-1.582284458E-3,1.010628045E-2
1.341138913E1,3.089555539E-3,1.538209617E-4,8.872248232E-3
1.342136613E1,3.172912635E-3,1.505907625E-3,9.893570095E-3
1.343134212E1,1.833887072E-3,1.344263088E-3,8.905727416E-3
1.344131812E1,4.711475340E-4,-8.698890451E-4,7.315021474E-3
1.345129513E1,-2.110738074E-3,-2.562781330E-3,5.619834643E-3
1.346127113E1,-3.672682215E-3,-9.802542627E-5,7.290435955E-3
1.347124712E1,-1.897900016E-3,-2.486608690E-3,6.495917682E-3
1.348122313E1,-2.705370542E-3,-2.628821414E-3,6.501510274E-3
1.349120013E1,-2.863619011E-3,-2.376668854E-3,4.438755568E-3
1.350117612E1,-2.163740341E-3,-4.975114949E-3,4.390286282E-3
1.351115212E1,-1.099857967E-3,-6.312369369E-3,6.161411293E-4
1.352112913E1,-2.276442479E-3,-7.292679045E-3,1.282197889E-3
1.353110513E1,-1.558246673E-3,-9.121634066E-3,-3.405241296E-5
1.354108112E1,-9.539753664E-4,-8.989009075E-3,-7.608290762E-4
1.355105712E1,-1.393232727E-3,-9.250696748E-3,-1.178768929E-3
1.356103413E1,-1.277651638E-3,-1.079879235E-2,-1.943895128E-3
1.357101013E1,6.662451196E-4,-1.328526251E-2,-2.683042549E-3
1.358098612E1,1.716329600E-3,-1.412122883E-2,-1.913122367E-3
1.359096312E1,2.511100611E-4,-1.438673958E-2,-2.356902696E-3
1.360093913E1,1.746474998E-3,-1.516038738E-2,-3.567841835E-3
1.361091513E1,6.320493412E-4,-1.438341476E-2,-4.088974092E-3
1.362089112E1,-1.268382417E-3,-1.335676573E-2,-3.988839220E-3
1.363086804E1,-1.391050289E-3,-9.758288041E-3,-5.238323472E-3
1.364084404E1,-8.943707217E-4,-7.166500203E-3,-4.533651285E-3
1.365082004E1,2.611317323E-4,-9.170032106E-3,-4.642523360E-3
1.366079704E1,2.385535277E-3,-6.763067096E-3,-3.704025876E-3
1.367077304E1,3.157789586E-3,-7.640481927E-3,-3.795749042E-3
1.368074904E1,3.395077074E-3,-6.679879501E-3,-2.703319769E-3
1.369072504E1,1.640004339E-3,-2.470567357E-3,-3.414829727E-3
1.370070204E1,1.405113377E-3,5.001886748E-4,-3.841202240E-3
1.371067804E1,8.537316462E-4,2.936051693E-3,-5.186679773E-3
1.372065404E1,2.259348053E-3,-5.034205969E-4,-3.515013494E-3
1.373063104E1,2.369761933E-3,1.579783857E-4,-4.349696916E-3
1.374060704E1,3.638225840E-3,-1.283857273E-3,-9.088930674E-4
1.375058304E1,2.836773172E-3,2.531893551E-4,-1.055682078E-3
1.376055904E1,2.657542471E-3,-2.903721761E-3,-1.511349343E-3
1.377053604E1,6.954346900E-4,-3.061591182E-3,-2.683901228E-3
1.378051204E1,1.519682817E-3,-2.898339648E-3,-3.755025100E-3
1.379048804E1,-1.104327384E-3,-3.094688524E-3,-1.439950895E-3
1.380046504E1,-1.514454139E-3,-2.154859016E-3,-6.868923083E-5
1.381044104E1,-4.191519693E-3,-2.263107104E-3,1.074726693E-3
1.382041704E1,-4.081264604E-3,-1.915032044E-3,2.215092303E-3
1.383039304E1,-4.195941612E-3,2.398427576E-3,1.400225097E-3
1.384037004E1,-1.333842520E-3,4.256515298E-3,-1.178262755E-5
1.385034604E1,-1.271842513E-3,8.465102874E-3,-1.064939424E-4
1.386032204E1,-3.564025275E-3,1.095835399E-2,-3.395231906E-3
1.387029904E1,-4.809365608E-3,8.165610954E-3,-6.718518212E-3
1.388027504E1,-5.323089194E-3,9.384806268E-3,-8.507896215E-3
1.389025104E1,-6.129557732E-3,1.292078104E-2,-1.183509361E-2
1.390022704E1,-8.529331535E-3,1.489817817E-2,-1.682532579E-2
1.391020404E1,-8.049909025E-3,1.568241231E-2,-2.127770521E-2
1.392018004E1,-6.985976361E-3,1.519265585E-2,-2.219729498E-2
1.393015604E1,-4.685806111E-3,1.263556257E-2,-2.120286040E-2
1.394013304E1,-9.909362998E-4,1.072208211E-2,-1.816259511E-2
1.395010904E1,4.379699938E-3,6.372013129E-3,-1.869889535E-2
1.396008504E1,5.411675200E-3,4.127235152E-3,-1.658700965E-2
1.397006204E1,1.113353390E-2,1.726443879E-3,-1.677222922E-2
1.398003804E1,1.145311259E-2,-5.734106526E-5,-1.260651276E-2
1.399001404E1,1.005819999E-2,-4.519993905E-3,-1.142576430E-2
1.399999004E1,8.449118584E-3,-6.917904131E-3,-8.841966279E-3
1.400996704E1,5.341261625E-3,-6.882477552E-3,-7.711285725E-3
1.401994304E1,4.475467838E-3,-3.627562197E-3,-6.964002736E-3
1.402991904E1,2.747827675E-3,1.104453579E-3,-4.363351502E-3
1.403989604E1,2.161932178E-3,3.116471693E-3,-2.267710399E-3
1.404987204E1,1.996068982E-3,7.871285081E-3,8.775945753E-5
1.405984804E1,-2.684170380E-3,1.130622998E-2,2.551449696E-3
1.406982404E1,-4.568308126E-3,1.436209772E-2,6.115215831E-3
1.407980104E1,-3.904116107E-3,1.818453148E-2,6.288853474E-3
1.408977704E1,-5.948458333E-3,1.789142378E-2,5.622170866E-3
1.409975304E1,-3.098876216E-3,1.353449188E-2,7.779597305E-3
1.410973004E1,-2.333912998E-3,1.100689732E-2,6.119188853E-3
1.411970604E1,-4.785566125E-5,6.252889056E-3,5.188946612E-3
1.412968204E1,-1.722298039E-4,6.530615501E-3,4.404411186E-3
1.413965804E1,-2.581325360E-3,5.138047971E-3,5.117872264E-3
1.414963504E1,-2.812906168E-3,1.423568465E-3,2.641137457E-3
1.415961104E1,-4.133301787E-3,-5.785957910E-4,3.441417590E-3
1.416958704E1,-4.200786818E-3,-4.623801447E-3,1.270892797E-3
1.417956404E1,-3.410676727E-4,-6.255786866E-3,1.432013931E-3
1.418954004E1,9.844928281E-4,-9.809304029E-3,1.335167326E-4
1.419951604E1,3.687335178E-3,-7.882241160E-3,-1.226825640E-3
1.420949204E1,3.346816171E-3,-9.937885217E-3,-1.318897121E-4
1.421946904E1,2.846940886E-3,-1.054774970E-2,-2.473873552E-3
1.422944504E1,4.847229575E-4,-1.136252191E-2,-3.251301125E-3
1.423942104E1,-7.371354150E-4,-1.205973700E-2,-3.595914692E-3
1.424939804E1,-4.376351426E-4,-1.140134223E-2,-3.791183233E-3
1.425937404E1,1.682241098E-3,-7.137354929E-3,-2.895562444E-3
1.426935004E1,2.371356590E-3,-8.278233930E-3,-1.744837966E-3
1.427932604E1,3.386287251E-3,-6.345843896E-3,-3.391203936E-3
1.428930304E1,2.085011918E-3,-7.290323265E-3,-2.368697897E-3
1.429927904E1,-2.924127737E-3,-3.055364359E-3,-4.820670001E-3
1.430925504E1,-5.360383075E-3,-2.034267643E-3,-2.279779874E-3
1.431923204E1,-6.772657391E-3,3.945352510E-4,-3.203097731E-3
1.432920804E1,-5.351490341E-3,4.608612508E-4,-6.344080903E-4
1.433918404E1,-6.036722101E-3,2.989798784E-3,-8.703642525E-4
1.434916104E1,-5.201018415E-3,4.615509417E-3,-2.252300270E-3
1.435913704E1,-3.163434099E-3,5.228569265E-3,-7.950183935E-4
1.436911304E1,-1.795530785E-3,5.762012675E-3,-2.528132871E-3
1.437908904E1,-3.479181323E-3,7.444597781E-3,-1.086297445E-3
1.438906604E1,-2.899733372E-3,6.691675168E-3,-2.615888137E-3
1.439904204E1,-2.229948528E-3,4.886318464E-3,-1.685113180E-3
1.440901804E1,-2.428878564E-3,5.066772923E-3,-2.226055600E-3
1.441899504E1,-8.315144805E-4,3.209750634E-3,-1.487028319E-3
1.442897104E1,2.313354984E-3,2.170802094E-3,5.701291375E-4
1.443894704E1,2.434262075E-3,1.201411244E-3,1.956304535E-3
1.444892304E1,3.575752955E-3,1.736416481E-3,2.663496416E-3
1.445890004E1,6.675938610E-3,3.186241258E-3,3.680557478E-3
1.446887604E1,8.465364575E-3,1.855347306E-3,2.227196237E-3
1.447885204E1,8.771361783E-3,-1.253360650E-3,2.216011053E-3
1.448882904E1,6.581281777E-3,-7.489882410E-5,1.034969464E-3
1.449880504E1,3.676571650E-3,9.171287529E-4,-1.996718347E-4
1.450878104E1,3.862994490E-3,3.805784043E-3,-3.190292045E-5
1.451875704E1,-3.205651301E-4,3.444127273E-3,-4.380350001E-4
1.452873404E1,-4.513739841E-4,2.870860044E-3,-6.965533830E-4
1.453871004E1,-2.679108176E-3,-1.776604913E-4,1.431046054E-3
1.454868604E1,-6.604081951E-3,-9.595321026E-4,3.096365370E-3
1.455866304E1,-6.166258827E-3,-3.525221255E-3,2.508072881E-3
1.456863904E1,-4.878086038E-3,-3.204652108E-3,2.342679771E-3
1.457861504E1,-6.300780224E-4,-3.115170170E-3,1.768502407E-3
1.458859104E1,6.269876030E-4,-3.420170397E-3,4.052586854E-3
1.459856804E1,1.121802954E-3,-1.690447330E-3,2.397166099E-3
1.460854404E1,1.607933082E-3,-4.074153490E-3,1.804160420E-3
1.461852004E1,3.520082450E-3,-8.472010959E-4,1.847570064E-3
1.462849717E1,3.824323649E-3,-4.923913628E-3,-1.395588741E-3
1.463847317E1,3.373983083E-3,-8.080558851E-3,-2.452863380E-3
1.464844917E1,3.948479425E-3,-8.295735344E-3,2.509453334E-4
1.465842517E1,4.464067519E-3,-3.240256570E-3,2.420089906E-3
1.466840217E1,1.730172196E-3,-1.990495948E-3,4.578108899E-3
1.467837817E1,1.722715329E-3,-1.203798223E-3,6.357100792E-3
1.468835417E1,3.153367667E-3,-7.195197977E-4,7.190116215E-3
1.469833117E1,3.640726442E-3,-1.712346217E-3,6.958421320E-3
1.470830717E1,7.299695630E-3,-1.375449821E-3,5.557501223E-3
1.471828317E1,8.581740782E-3,-9.842314757E-4,5.494118202E-3
1.472825917E1,1.305532362E-2,-5.120611284E-3,3.714294173E-3
1.473823617E1,1.600211114E-2,-9.601912461E-3,2.021174878E-4
1.474821217E1,1.322443411E-2,-1.226081233E-2,-9.757988155E-4
1.475818817E1,1.245584618E-2,-1.303925458E-2,-2.769703977E-3
1.476816517E1,1.488736644E-2,-1.199270040E-2,-4.176227842E-3
1.477814117E1,1.355099212E-2,-1.327527873E-2,-4.487817641E-3
1.478811717E1,1.613627933E-2,-8.525053039E-3,-4.232724197E-3
1.479809417E1,1.709954441E-2,-7.028623484E-3,-1.887143590E-4
1.480807017E1,1.775239035E-2,-5.537847523E-3,2.737093950E-3
1.481804617E1,1.845573261E-2,-7.358917035E-3,3.972001839E-3
1.482802217E1,1.691460982E-2,-1.065274701E-2,3.353014588E-3
1.483799917E1,1.508448552E-2,-1.214757934E-2,5.020685960E-3
1.484797517E1,1.326693315E-2,-1.624960080E-2,4.607236013E-3
1.485795117E1,1.297798008E-2,-1.753750443E-2,2.064449945E-3
1.486792817E1,1.558308769E-2,-1.926391572E-2,2.897731960E-3
1.487790417E1,1.844332367E-2,-2.183865942E-2,3.120638430E-3
1.488788017E1,1.762456074E-2,-2.193127573E-2,3.971191589E-3
1.489785617E1,1.768741198E-2,-2.136855014E-2,4.648167174E-3
1.490783317E1,1.862761006E-2,-2.227998711E-2,2.872461919E-3
1.491780917E1,1.798072830E-2,-2.236227877E-2,5.256523844E-3
1.492778517E1,1.811793633E-2,-2.343362197E-2,3.281128593E-3
1.493776217E1,1.936136745E-2,-2.591755241E-2,5.150401033E-3
1.494773817E1,1.971540786E-2,-2.520822175E-2,3.254279960E-3
1.495771417E1,1.821365021E-2,-2.819335833E-2,3.818070982E-3
1.496769017E1,1.758274809E-2,-3.453434631E-2,4.285189323E-3
1.497766717E1,1.916120388E-2,-3.391835839E-2,4.272140097E-3
1.498764317E1,1.788539067E-2,-3.334112093E-2,4.895369057E-3
1.499761917E1,1.368159056E-2,-3.283112496E-2,5.205893423E-3
1.500759617E1,1.306735817E-2,-3.081577271E-2,2.861729823E-3
1.501757217E1,1.334698964E-2,-2.868018486E-2,3.233773634E-3
1.502754817E1,1.227336191E-2,-2.820166945E-2,2.520540496E-3
1.503752417E1,1.229120512E-2,-2.617846429E-2,1.853418536E-3
1.504750117E1,1.426849607E-2,-2.431685477E-2,5.098687019E-3
1.505747717E1,1.549914293E-2,-2.383295819E-2,6.056892686E-3
1.506745317E1,1.621563733E-2,-2.552142367E-2,4.195173271E-3
1.507743017E1,1.288402174E-2,-2.936276793E-2,3.225516295E-3
1.508740617E1,1.420985814E-2,-2.977942117E-2,1.567411702E-3
1.509738217E1,1.345405262E-2,-3.265030682E-2,-4.430087283E-4
1.510735917E1,1.303401124E-2,-3.224559501E-2,-3.518265672E-3
1.511733517E1,1.401591953E-2,-3.238354623E-2,-2.279896289E-3
1.512731117E1,1.695114933E-2,-3.049290925E-2,-3.944165073E-3
1.513728717E1,1.885797270E-2,-2.923243493E-2,-6.135680713E-3
1.514726417E1,2.061454020E-2,-3.135536239E-2,-8.347317576E-3
1.515724017E1,2.267289720E-2,-3.160063922E-2,-6.632774137E-3
1.516721617E1,2.299306355E-2,-2.768947557E-2,-9.459314868E-3
1.517719317E1,2.039701492E-2,-2.428409085E-2,-8.724281564E-3
1.518716917E1,1.706385799E-2,-2.142692730E-2,-6.450594403E-3
1.519714517E1,1.136415917E-2,-1.941863820E-2,-6.442072801E-3
1.520712117E1,3.989703953E-3,-1.528159529E-2,-6.566628814E-3
1.521709817E1,1.306302845E-3,-1.115422696E-2,-4.754347727E-3
1.522707417E1,-2.803028328E-4,-1.012676395E-2,-1.620272174E-3
1.523705017E1,-4.207400139E-3,-5.812709220E-3,-3.398198634E-3
1.524702717E1,-2.234369749E-3,-2.512802370E-3,-1.643509604E-3
1.525700317E1,-1.827971428E-3,-7.833456621E-4,-2.069615293E-3
1.526697917E1,-2.048318274E-3,-3.051320091E-4,-2.456385642E-3
1.527695617E1,4.350793315E-4,1.253350172E-3,-4.501427524E-3
1.528693217E1,-2.318734769E-3,2.107486594E-3,-6.101247389E-3
1.529690817E1,-9.440111462E-4,4.487820435E-3,-4.144089762E-3
1.530688417E1,1.593551831E-3,4.228251521E-3,-4.620182794E-3
1.531686117E1,4.674829543E-3,3.207195550E-3,-6.271609571E-3
1.532683717E1,6.983630359E-3,1.717020292E-3,-6.434545852E-3
1.533681317E1,9.506443515E-3,-2.645503730E-3,-7.067046128E-3
1.534679017E1,1.143696997E-2,-5.274119321E-3,-9.434873238E-3
1.535676617E1,9.912043810E-3,-2.426134888E-3,-1.135714166E-2
1.536674217E1,1.337873098E-2,2.246007789E-3,-1.037344988E-2
1.537671817E1,1.480538584E-2,9.474502876E-4,-1.239185967E-2
1.538669517E1,1.265541837E-2,2.999796066E-3,-1.182089746E-2
1.539667117E1,1.158855576E-2,1.212016214E-3,-1.326033473E-2
1.540664717E1,6.583040580E-3,3.911382519E-3,-1.259861048E-2
1.541662417E1,7.630728185E-3,6.817956455E-3,-1.605778933E-2
1.542660017E1,4.910413176E-3,6.918904372E-3,-1.480709948E-2
1.543657617E1,6.309904158E-3,1.434922684E-3,-1.687850617E-2
1.544655317E1,5.044049118E-3,-2.620127983E-3,-1.608769596E-2
1.545652917E1,5.566561595E-3,-4.698724952E-3,-1.654975489E-2
1.546650517E1,6.665924098E-3,-7.096819114E-3,-1.496976428E-2
1.547648117E1,8.138919249E-3,-6.812393665E-3,-1.335455850E-2
1.548645817E1,9.386077523E-3,-1.052191108E-2,-1.257904619E-2
1.549643417E1,1.211528480E-2,-1.294245757E-2,-1.339317299E-2
1.550641017E1,8.982442319E-3,-1.707825996E-2,-1.394969132E-2
1.551638717E1,1.136117801E-2,-1.779837906E-2,-1.205804851E-2
1.552636317E1,1.170344651E-2,-1.936963573E-2,-1.124774758E-2
1.553633917E1,8.671171032E-3,-1.882928237E-2,-1.322274748E-2
1.554631517E1,7.800583728E-3,-1.919919439E-2,-1.296628546E-2
1.555629217E1,8.475428447E-3,-2.121707052E-2,-1.148104016E-2
1.556626817E1,1.057809871E-2,-2.075119503E-2,-1.189907640E-2
1.557624417E1,1.077197678E-2,-2.013174258E-2,-9.434054606E-3
1.558622117E1,1.209050976E-2,-2.314925566E-2,-8.102227002E-3
1.559619717E1,1.163830515E-2,-2.179583907E-2,-1.127059013E-2
1.560617317E1,9.699094109E-3,-1.890187897E-2,-1.097249519E-2
1.561615017E1,6.138447672E-3,-1.491566002E-2,-8.890168741E-3
1.562612612E1,2.456522081E-3,-1.030414645E-2,-8.904351853E-3
1.563610213E1,-1.056187321E-3,-8.814107627E-3,-7.157584652E-3
1.564607813E1,-2.679010853E-3,-5.810731556E-3,-5.293855444E-3
1.565605512E1,-1.979132183E-3,-9.736323263E-4,-4.806230776E-3
1.566603113E1,-3.589682456E-4,2.369508147E-4,-3.180982545E-3
1.567600713E1,-4.561736132E-4,1.177579165E-3,-4.497116432E-3
1.568598413E1,-9.999375325E-4,2.629812807E-4,-4.489236046E-3
1.569596012E1,-4.720639437E-3,7.261051796E-4,-5.856768694E-3
1.570593613E1,-4.685857799E-3,-1.467212569E-3,-7.315708324E-3
1.571591313E1,-7.414799184E-3,-1.384654548E-3,-7.953003049E-3
1.572588912E1,-7.131976075E-3,-4.205705598E-3,-8.514355868E-3
1.573586512E1,-7.580452599E-3,-7.451832294E-3,-1.044621319E-2
1.574584113E1,-5.169703625E-3,-9.223321453E-3,-1.258938760E-2
1.575581813E1,-6.665601395E-3,-8.534893394E-3,-1.194996201E-2
1.576579412E1,-4.854437429E-3,-7.921042852E-3,-1.068699267E-2
1.577577012E1,-3.239763202E-3,-5.387577228E-3,-1.022919547E-2
1.578574713E1,-1.663752366E-3,-6.038874853E-3,-1.138812862E-2
1.579572313E1,5.057266913E-3,-5.073479377E-3,-9.577445686E-3
1.580569912E1,6.273365580E-3,-5.509467330E-3,-8.704890497E-3
1.581567512E1,7.901356556E-3,-4.445001949E-3,-9.616756812E-3
1.582565213E1,5.928858649E-3,-1.441017026E-3,-1.190035883E-2
1.583562813E1,3.528018948E-3,-3.810164984E-3,-1.317894179E-2
1.584560412E1,3.770899028E-3,-2.872199751E-3,-1.462876704E-2
1.585558113E1,1.673659659E-3,-9.984895587E-5,-1.227506530E-2
1.586555713E1,2.887529321E-3,-1.262128586E-3,-1.255257614E-2
1.587553313E1,4.291654332E-4,7.706624456E-4,-1.193232462E-2
1.588551012E1,-3.884464502E-3,3.123511560E-3,-1.031715889E-2
1.589548613E1,-3.343043849E-3,3.556008916E-3,-7.367441431E-3
1.590546213E1,-2.782713855E-3,1.158821862E-3,-8.736582473E-3
1.591543812E1,-2.299882704E-3,-3.536863718E-3,-6.113368087E-3
1.592541512E1,-2.017744118E-3,-4.907081369E-3,-7.182332687E-3
1.593539113E1,-2.030260861E-3,-4.289760720E-3,-5.504274741E-3
1.594536713E1,-8.852623869E-4,-2.458899282E-3,-6.511955522E-3
1.595534412E1,-4.618197563E-4,-5.698102061E-3,-4.672510549E-3
1.596532012E1,-1.321811229E-3,-5.866650958E-3,-4.555725027E-3
1.597529613E1,-1.616356894E-3,-4.822425544E-3,-3.969297279E-3
1.598527213E1,1.572406152E-3,-4.822097719E-3,-4.568833858E-3
1.599524912E1,3.567912616E-3,-3.562955186E-3,-2.488106024E-3
1.600522513E1,2.769709332E-3,-3.980127629E-3,-4.087216686E-3
1.601520113E1,2.498865826E-3,-4.308229312E-3,-3.262968268E-3
1.602517813E1,9.280280210E-4,-2.611279022E-3,-3.768504132E-3
1.603515412E1,1.478769584E-3,-2.016595099E-3,-2.848648001E-3
1.604513013E1,4.602755071E-4,8.373507299E-4,-2.688151319E-3
1.605510713E1,-2.065466484E-3,1.368384808E-3,-2.766586840E-4
1.606508312E1,-3.453032114E-3,1.146647148E-3,-3.361636773E-4
1.607505912E1,-5.482094828E-3,6.750011817E-4,4.462730139E-4
1.608503513E1,-2.458389848E-3,-1.408090349E-3,-9.254538454E-4
1.609501213E1,-1.360102324E-3,1.488363370E-3,-1.276458148E-3
1.610498812E1,-7.423612988E-4,2.989304252E-3,-2.118815668E-3
1.611496412E1,-3.924219054E-4,6.435168441E-3,-2.123609651E-3
1.612494113E1,4.319030792E-3,7.071975153E-3,-9.641954675E-4
1.613491713E1,1.047572680E-2,7.317871787E-4,-1.477120444E-3
1.614489312E1,1.572966576E-2,-6.942330860E-3,-2.849521115E-4
1.615487012E1,1.403403282E-2,-9.215870872E-3,1.331053907E-3
1.616484613E1,1.133129280E-2,-1.051836926E-2,9.910739027E-4
1.617482213E1,3.097597044E-3,-8.117529564E-3,1.119971042E-3
1.618479812E1,1.456879196E-3,-5.538366269E-3,1.102249837E-3
1.619477513E1,-3.929630388E-3,-2.591578523E-3,1.781089697E-3
1.620475113E1,-5.853711627E-3,6.855992135E-3,4.783172626E-3
1.621472713E1,-3.544218373E-3,1.730117574E-2,6.143514998E-3
1.622470412E1,6.568122772E-4,7.151664235E-3,3.947146703E-3
1.623468013E1,2.786009572E-3,-1.807752624E-2,1.531925751E-3
1.624465613E1,4.428113811E-3,-1.487606391E-2,3.964200616E-3
1.625463312E1,-1.805014675E-3,-1.181024127E-3,3.555938136E-3
1.626460912E1,-2.562150592E-3,-3.908443730E-3,2.917834790E-3
1.627458513E1,4.005204886E-3,1.427199692E-3,2.964851446E-4
1.628456113E1,1.843891572E-3,3.535412252E-3,-4.288907163E-3
1.629453812E1,7.911438588E-4,1.573462039E-3,-3.000735771E-3
1.630451412E1,1.481435262E-3,1.661612652E-3,-3.856675699E-3
1.631449013E1,-5.755903549E-4,-5.555820186E-3,-6.295332685E-3
1.632446713E1,-1.398084452E-3,-1.066553034E-2,-6.143018603E-3
1.633444312E1,1.912757289E-3,-1.511780173E-2,-5.956064910E-3
1.634441913E1,4.796109162E-3,-1.340486482E-2,-5.821476690E-3
1.635439613E1,4.303424153E-3,-3.518678248E-3,-3.435816616E-3
1.636437213E1,4.706361331E-3,-3.594388021E-3,-2.953527961E-3
1.637434812E1,8.830799721E-3,-3.964301199E-3,-1.237919554E-3
1.638432413E1,4.294155631E-3,-7.255120203E-3,-2.744534053E-3
1.639430113E1,-3.418092616E-3,-1.338598318E-2,-5.593583453E-3
1.640427712E1,-6.061545573E-3,-1.906126970E-3,-2.007928677E-3
1.641425312E1,-1.151250396E-2,6.007988472E-3,-1.892080996E-3
1.642423013E1,-1.046534721E-2,-4.966517445E-3,-1.182368025E-3
1.643420613E1,-6.733992137E-3,-4.425629508E-3,-1.820727717E-3
1.644418212E1,-8.169916458E-3,2.497341484E-3,-3.781826235E-4
1.645415912E1,-7.762453519E-3,7.138698362E-3,-1.374737360E-3
1.646413513E1,-4.519522656E-3,7.094111294E-3,-7.352945395E-4
1.647411113E1,1.890439540E-3,7.262267172E-4,1.351558371E-3
1.648408712E1,3.154056380E-3,-3.525784472E-3,8.997195400E-4
1.649406412E1,2.253375249E-3,-1.044228021E-2,-2.299933694E-4
1.650404013E1,3.243219107E-3,-6.264776923E-3,2.035932615E-3
1.651401613E1,1.345450291E-3,1.520974562E-3,2.958717756E-3
1.652399312E1,2.108607208E-3,-4.209175706E-3,2.874484751E-3
1.653396913E1,4.144327715E-3,-5.311457906E-3,-3.372873180E-4
1.654394513E1,5.854716524E-3,-4.184278194E-3,-2.542602364E-3
1.655392212E1,4.598769825E-3,-1.074238680E-3,-4.078979604E-3
1.656389812E1,4.804259166E-3,6.188689731E-4,-3.834018018E-3
1.657387413E1,3.707835684E-3,1.304632984E-3,-4.350404721E-3
1.658385013E1,4.339803942E-3,2.646866255E-3,-2.260355745E-3
1.659382712E1,-5.995612009E-4,4.247426521E-3,-4.546147306E-3
1.660380312E1,-4.149396438E-3,2.502813004E-3,-4.310489167E-3
1.661377913E1,-2.926739166E-3,9.453929961E-3,-2.770649269E-3
1.662375613E1,3.552873968E-4,1.183452271E-2,1.338939182E-4
1.663373225E1,4.099425394E-3,7.467469666E-3,-6.634565070E-4
1.664370825E1,6.332858466E-3,9.819668718E-3,9.062858298E-4
1.665368525E1,6.740322337E-3,1.025376376E-2,1.401900081E-3
1.666366125E1,8.769226260E-3,8.139833808E-3,1.291126711E-3
1.667363725E1,8.970561437E-3,5.026865285E-3,-1.938519999E-4
1.668361325E1,5.744726863E-3,5.909444299E-3,-2.015020698E-3
1.669359025E1,4.571870901E-3,1.639598515E-3,-1.674136147E-3
1.670356625E1,2.358731581E-3,1.464088447E-3,4.293275997E-4
1.671354225E1,4.047703114E-4,5.772560835E-4,1.343590906E-3
1.672351925E1,3.068835009E-3,6.080511957E-4,1.298669027E-3
1.673349525E1,1.458687708E-3,-4.921667278E-5,-7.881838828E-4
1.674347125E1,-5.209969240E-4,2.579679247E-3,-1.798840240E-3
1.675344825E1,4.678900586E-5,3.233219031E-3,6.318264641E-4
1.676342425E1,-2.035432262E-3,7.829358801E-4,6.225840189E-4
1.677340025E1,-5.514852237E-3,2.047279850E-5,1.495301956E-3
1.678337725E1,-1.110051107E-2,1.281524543E-3,4.125578329E-3
1.679335325E1,-1.174686011E-2,-2.355288249E-3,1.913822955E-3
1.680332925E1,-1.204151381E-2,-8.905262221E-4,2.183038043E-3
1.681330525E1,-9.357579984E-3,-5.440004170E-3,2.074114745E-3
1.682328225E1,-7.624128833E-3,-6.986844353E-3,-1.265764236E-3
1.683325825E1,-7.274721749E-3,-1.060661301E-2,1.694605453E-3
1.684323425E1,-4.161059856E-3,-1.285905391E-2,5.320762284E-4
1.685321125E1,-5.502227694E-3,-1.055728365E-2,-1.066353172E-3
1.686318725E1,-4.353607539E-3,-6.375202443E-3,-3.845412284E-4
1.687316325E1,-3.517641220E-3,-5.937112495E-3,-2.575790044E-3
1.688314025E1,-5.393730476E-3,-3.832672490E-3,-3.905766178E-3
1.689311625E1,-6.808667909E-3,-2.079513622E-3,-3.796309698E-3
1.690309225E1,-6.154701114E-3,-1.869595610E-3,-5.853128154E-3
1.691306825E1,-5.557087716E-3,1.027923543E-3,-4.227268044E-3
1.692304525E1,-8.763712831E-4,4.878009204E-3,-4.928085022E-3
1.693302125E1,7.508201525E-4,6.088949274E-3,-2.392488997E-3
1.694299725E1,3.615210066E-3,7.818999700E-3,8.067074232E-4
1.695297425E1,6.543089636E-3,6.487951614E-3,1.560648438E-3
1.696295025E1,6.899579428E-3,3.250826616E-3,3.465566784E-3
1.697292625E1,6.943521556E-3,3.766680602E-3,2.868219744E-3
1.698290325E1,4.100810736E-3,-1.788004301E-4,3.223584965E-3
1.699287925E1,1.790518174E-3,1.636410132E-3,1.378014218E-3
1.700285525E1,2.975731157E-3,6.027761847E-4,2.546933945E-3
1.701283225E1,4.758717492E-3,-3.706091084E-4,2.802863717E-3
1.702280825E1,4.171546549E-3,2.549374476E-4,2.107908716E-3
1.703278425E1,6.297015585E-3,-2.712622983E-3,2.064232947E-3
1.704276025E1,6.408173591E-3,-9.813546203E-4,3.184209578E-3
1.705273725E1,3.408655757E-3,-1.003807411E-4,3.797003068E-3
1.706271325E1,1.636693720E-3,1.783055719E-3,4.421025515E-3
1.707268925E1,2.941909013E-3,5.050050095E-4,5.818651989E-3
1.708266625E1,5.751863588E-3,-4.691372160E-4,4.500529263E-3
1.709264225E1,6.369184237E-3,-2.023624256E-3,3.936471883E-3
1.710261825E1,3.501332831E-3,-1.449342817E-4,3.434273880E-3
1.711259525E1,-1.047612634E-3,-1.401407644E-4,3.806317458E-3
1.712257125E1,-5.862235092E-3,2.727068495E-3,3.094763495E-3
1.713254725E1,-7.820458151E-3,6.454695482E-3,3.387178760E-3
1.714252325E1,-5.841461942E-3,9.733080864E-3,2.750124782E-3
1.715250025E1,-2.472030465E-3,1.042044349E-2,4.562672228E-3
1.716247625E1,-2.054607030E-3,7.384113502E-3,5.146495532E-3
1.717245225E1,6.873835810E-4,4.983007442E-3,6.083928514E-3
1.718242925E1,1.588916639E-3,8.631050587E-4,6.063855253E-3
1.719240525E1,2.003570786E-3,-6.580585614E-5,3.002817743E-3
1.720238125E1,3.235176206E-3,-3.514461918E-3,-4.577441141E-4
1.721235825E1,1.181346364E-3,-6.056981627E-3,-2.027943730E-3
1.722233425E1,-2.129229251E-3,-5.737857893E-3,-1.756292768E-3
1.723231025E1,-3.897301853E-3,-2.508508507E-3,-1.413277816E-3
1.724228725E1,-4.857530352E-3,-1.599474344E-3,-6.952169351E-4
1.725226325E1,-2.953103511E-3,-5.816142075E-4,-1.865676139E-3
1.726223925E1,-6.717344513E-4,2.174918074E-3,-5.844021216E-4
1.727221525E1,4.146988969E-3,-2.801464871E-3,7.927184924E-4
1.728219225E1,8.825737052E-3,-3.505852539E-3,5.717421882E-4
1.729216825E1,8.880864829E-3,-3.303452395E-3,2.458058996E-3
1.730214425E1,6.947090849E-3,-5.922073033E-4,-4.546297714E-5
1.731212125E1,5.712183192E-3,-5.496418104E-3,-8.711591363E-6
1.732209725E1,5.799161736E-3,-7.623203099E-3,-4.373048432E-4
1.733207325E1,3.255576361E-3,-5.801068619E-3,-2.942979336E-6
1.734205025E1,5.638733041E-3,-6.345769856E-3,-2.692919225E-5
1.735202625E1,4.713284317E-3,-4.384884145E-3,8.702899795E-4
1.736200225E1,1.402761787E-3,-4.928471521E-3,1.215037890E-3
1.737197825E1,-7.011356065E-4,-3.846961772E-3,1.844875282E-3
1.738195525E1,-1.112593571E-3,-1.860320568E-3,3.208937589E-3
1.739193125E1,-8.223090554E-4,-1.102127135E-5,2.540750429E-3
1.740190725E1,-2.092476701E-3,2.713347785E-4,3.281849436E-3
1.741188425E1,-2.277033869E-3,1.762172207E-3,2.454671543E-3
1.742186025E1,-2.232292900E-3,3.778306767E-3,2.254975494E-3
1.743183625E1,-1.910582883E-3,3.501337953E-3,2.947930014E-3
1.744181325E1,-1.974818995E-3,1.811584923E-3,2.928032307E-3
1.745178925E1,1.120573143E-3,1.241402235E-3,1.334396657E-3
1.746176525E1,-1.531104499E-4,4.640435800E-4,1.232464798E-3
1.747174225E1,2.023224719E-3,-1.195371849E-3,9.634855669E-4
1.748171825E1,4.228483886E-3,-5.391885526E-3,2.379403217E-3
1.749169425E1,4.283078015E-3,-7.033724338E-3,2.658768790E-3
1.750167025E1,5.293054041E-3,-7.722435519E-3,2.817852190E-3
1.751164725E1,4.906629678E-3,-9.873470291E-3,3.291095840E-3
1.752162325E1,3.868901636E-3,-6.459702738E-3,5.830736831E-3
1.753159925E1,2.581529785E-3,-5.745708942E-3,3.407793120E-3
1.754157625E1,2.184452722E-3,-5.427882541E-3,1.850359607E-3
1.755155225E1,2.615352161E-3,-5.349585786E-3,4.874378908E-3
1.756152825E1,2.487147925E-3,-6.122640800E-3,4.771256354E-3
1.757150525E1,3.807543311E-3,-7.811617572E-3,4.070045892E-3
1.758148125E1,7.353115827E-3,-9.679809213E-3,4.800351802E-3
1.759145725E1,6.343511399E-3,-1.227825508E-2,3.085276112E-3
1.760143425E1,4.894062411E-3,-1.061155833E-2,2.903394867E-3
1.761141025E1,2.298278967E-3,-1.094765030E-2,5.917028058E-3
1.762138625E1,5.544385640E-4,-9.093861096E-3,3.544712439E-3
1.763136204E1,-2.591287252E-3,-5.159040913E-3,4.782815930E-3
1.764133904E1,-2.494134707E-3,1.201080158E-5,5.782133434E-3
1.765131504E1,-3.826780478E-3,2.261316404E-3,4.461205564E-3
1.766129104E1,-1.449377509E-3,5.789704155E-3,6.162459031E-3
1.767126804E1,-5.841164384E-4,3.148114309E-3,5.305720028E-3
1.768124404E1,-1.935084816E-3,2.483243123E-3,3.314889967E-3
1.769122004E1,-6.056347629E-4,3.099232446E-3,4.062705673E-3
1.770119704E1,6.107910885E-4,4.317122977E-3,8.133486845E-4
1.771117304E1,-1.401227084E-3,4.062258173E-3,-6.389664486E-5
1.772114904E1,-1.150570577E-3,3.951135091E-3,-6.011635996E-4
1.773112604E1,-4.474960151E-4,3.387876786E-3,-8.837250061E-4
1.774110204E1,-2.041887492E-4,1.116069034E-4,-7.351646200E-4
1.775107804E1,9.359105607E-4,-3.726807423E-3,5.769748241E-4
1.776105404E1,7.394761778E-4,-4.102649167E-3,1.554622315E-3
1.777103104E1,2.191165229E-3,-4.462974612E-3,-1.239299774E-3
1.778100704E1,-7.582339458E-4,-1.410487341E-3,4.719989374E-5
1.779098304E1,2.576842671E-3,-1.186515437E-3,6.024958566E-5
1.780096004E1,4.492401611E-3,6.273854524E-6,1.581037417E-3
1.781093604E1,4.613575526E-3,-2.780990209E-3,1.368052326E-4
1.782091204E1,2.995706396E-3,-3.025656100E-3,-1.188377384E-3
1.783088904E1,1.980775734E-3,-1.157448627E-3,-4.975125659E-3
1.784086504E1,-9.688366554E-4,2.828710712E-4,-6.402026862E-3
1.785084104E1,1.572884270E-3,-2.236622386E-4,-4.792679101E-3
1.786081804E1,3.976494540E-3,2.152286470E-5,-5.467443261E-3
1.787079404E1,5.826858804E-3,2.189602237E-3,-3.928401973E-3
1.788077004E1,8.214062080E-3,1.240286045E-3,-2.829763107E-3
1.789074704E1,6.718697492E-3,-1.080658985E-3,-1.093116123E-3
1.790072304E1,4.079877399E-3,-8.096091915E-4,3.314674832E-4
1.791069904E1,7.985967677E-4,-4.149288870E-4,-3.698693588E-3
1.792067504E1,5.663161282E-4,-6.573621649E-4,-3.331885673E-3
1.793065204E1,-1.806560438E-3,2.083563246E-3,-1.423730515E-3
1.794062804E1,-8.837218047E-4,-1.148285577E-3,-1.915433910E-3
1.795060404E1,-2.047789516E-3,-4.442882258E-3,-1.054433640E-3
1.796058104E1,2.245813143E-3,-6.155738141E-3,3.300495446E-4
1.797055704E1,3.835986368E-3,-6.921663415E-3,7.787924260E-4
1.798053304E1,6.347506307E-3,-3.450252581E-3,2.261213958E-4
1.799051004E1,6.753904745E-3,-4.489684477E-3,-7.901405916E-4
1.800048604E1,6.291260477E-3,-6.004155148E-3,-2.426011954E-3
1.801046204E1,6.090458017E-3,-5.718397908E-3,-3.790882416E-3
1.802043804E1,1.748494455E-3,-2.671930008E-3,-2.318305429E-3
1.803041504E1,-3.449188080E-5,-9.952038527E-4,-3.125509247E-3
1.804039104E1,-4.093363881E-3,2.082051244E-3,-2.299468964E-3
1.805036704E1,-2.652593656E-3,3.997928929E-3,-4.176198505E-3
1.806034404E1,-1.978067681E-3,2.452333923E-3,-3.324703779E-3
1.807032004E1,-5.990827340E-4,2.281891648E-3,-3.460525069E-3
1.808029604E1,1.107151038E-3,1.326994505E-3,-4.219917580E-3
1.809027304E1,2.506908495E-3,-1.338563161E-3,-4.186361097E-3
1.810024904E1,4.494563327E-4,-1.953514293E-3,-1.811054070E-3
1.811022504E1,-1.639527269E-3,-3.813466057E-3,-4.753313959E-3
1.812020204E1,-2.592192730E-3,-3.661174793E-3,-5.071438383E-3
1.813017804E1,-5.906496663E-3,-6.008218974E-3,-3.783001099E-3
1.814015404E1,-5.421268754E-3,-8.166178130E-3,-3.830405418E-3
1.815013104E1,-5.515011959E-3,-1.001947187E-2,-4.698595498E-3
1.816010704E1,-3.824597457E-3,-8.907096460E-3,-5.873281974E-3
1.817008304E1,8.282111376E-4,-9.222680703E-3,-5.082056392E-3
1.818005904E1,2.905210480E-3,-8.309217170E-3,-3.933435772E-3
1.819003604E1,5.616575014E-3,-7.011192385E-3,-3.784831148E-3
1.820001204E1,7.991048507E-3,-8.399687707E-3,-5.683656316E-3
1.820998804E1,3.625595476E-3,-5.996983498E-3,-3.380555194E-3
1.821996504E1,-9.053459507E-4,-4.107441753E-3,-4.821093287E-3
1.822994104E1,-1.766345929E-3,-1.920187846E-3,-4.917766433E-3
1.823991704E1,-2.017163439E-3,-4.824668169E-3,-6.226042286E-3
1.824989404E1,2.745633945E-3,-6.883824244E-3,-3.295233473E-3
1.825987004E1,-1.113446313E-3,3.925808705E-3,-2.952434588E-3
1.826984604E1,-8.587873541E-3,1.055521611E-2,-6.163674407E-3
1.827982304E1,-1.304323506E-2,8.768143132E-3,-7.334851194E-3
1.828979904E1,-4.717927426E-3,3.626737744E-4,-8.543660864E-3
1.829977504E1,1.033372525E-2,-1.538794953E-2,-2.908159979E-3
1.830975204E1,2.115548030E-2,-2.064609528E-2,-3.238392062E-3
1.831972804E1,1.964647882E-2,-8.349413052E-3,-2.192993648E-3
1.832970404E1,1.429672260E-2,8.603738621E-3,9.298291989E-4
1.833968004E1,9.475601837E-3,9.796034545E-3,-3.422840964E-3
1.834965704E1,6.070217583E-3,-2.632405143E-3,-6.138200406E-3
1.835963304E1,-7.257628022E-5,-3.859014483E-3,-7.734623738E-3
1.836960904E1,-1.083867159E-2,5.644475576E-3,-7.320768200E-3
1.837958604E1,-1.964670420E-2,1.284202933E-2,-6.054893136E-3
1.838956204E1,-1.782590151E-2,7.508517709E-3,-5.254879594E-3
1.839953804E1,-1.454158407E-2,3.175605088E-3,-7.547286339E-3
1.840951504E1,-4.562719259E-3,1.925783698E-3,-3.196480684E-3
1.841949104E1,3.954658750E-3,7.690786850E-3,-2.425035462E-3
1.842946704E1,8.970988914E-3,7.085450459E-3,-4.329728428E-3
1.843944404E1,1.079706289E-2,2.656667028E-3,-5.198662169E-3
1.844942004E1,1.098721195E-2,-4.958109464E-3,-8.026139811E-3
1.845939604E1,1.146652829E-2,-9.039634839E-3,-5.735688377E-3
1.846937204E1,8.380989544E-3,-1.407061238E-2,-3.222995903E-3
1.847934904E1,6.043479778E-3,-1.772748679E-2,-5.062349606E-3
1.848932504E1,3.047689563E-3,-1.465233415E-2,-6.238934118E-3
1.849930104E1,-2.653445583E-3,-9.275117889E-3,-4.882620182E-3
1.850927804E1,-4.512331914E-3,-9.366731159E-3,-3.866890911E-3
1.851925404E1,-3.297715914E-3,-4.564558621E-3,-5.149347708E-3
1.852923004E1,-8.149995469E-3,2.512354404E-4,-6.524603814E-3
1.853920704E1,-1.103249565E-2,6.243051961E-3,-6.816715002E-3
1.854918304E1,-1.257739495E-2,6.480871700E-3,-5.454774946E-3
1.855915904E1,-1.105406694E-2,7.510262541E-3,-3.317314666E-3
1.856913604E1,-7.095544599E-3,1.017821766E-2,-1.815558411E-3
1.857911204E1,-8.495270740E-4,2.697559074E-3,-1.906344667E-3
1.858908804E1,6.536483765E-3,-4.697239958E-3,-1.319916919E-3
1.859906504E1,1.076425239E-2,-6.748328917E-3,-1.715121791E-3
1.860904104E1,1.223405078E-2,-8.608813398E-3,-3.225400578E-3
1.861901704E1,8.210388012E-3,-4.684893880E-3,-2.436240669E-3
1.862899467E1,7.714240346E-3,-5.093689077E-3,-8.519259281E-4
1.863897067E1,3.227453679E-3,-9.325511754E-3,-2.447368111E-3
1.864894667E1,2.609585645E-4,-1.357831340E-2,-3.159231041E-3
1.865892267E1,4.371543764E-4,-1.156048477E-2,1.545465784E-3
1.866889967E1,-2.539460547E-3,-6.068514194E-3,5.538609345E-3
1.867887567E1,1.069015590E-3,-2.964274492E-3,7.574005984E-3
1.868885167E1,-1.024761703E-3,-2.243623137E-3,7.070668973E-3
1.869882867E1,-1.170223462E-3,1.774090342E-3,4.666475113E-3
1.870880467E1,-4.179329146E-3,8.949711919E-3,4.162338562E-3
1.871878067E1,-3.355928697E-3,1.480098628E-2,4.377380479E-3
1.872875767E1,-1.674142433E-3,1.400709711E-2,2.269754885E-3
1.873873367E1,-5.283496575E-4,1.328830700E-2,1.667366596E-3
1.874870967E1,1.446916838E-3,1.119080186E-2,1.515832730E-3
1.875868667E1,3.679924179E-3,7.371475454E-3,2.503691241E-3
1.876866267E1,8.214754052E-3,2.164728940E-3,9.832924698E-4
1.877863867E1,1.328781247E-2,-1.110566314E-3,-5.109705962E-4
1.878861567E1,1.134237368E-2,-1.174482051E-3,1.764967106E-3
1.879859167E1,1.094774622E-2,1.915780362E-3,2.945438726E-3
1.880856767E1,6.447270513E-3,1.030279323E-3,1.966993324E-3
1.881854367E1,3.031977685E-3,2.261636313E-3,1.716484316E-3
1.882852067E1,5.451178295E-4,1.229661051E-3,3.595078131E-3
1.883849667E1,-1.648847945E-3,1.875201240E-3,4.309439100E-3
1.884847267E1,-1.823551254E-3,1.499695703E-3,1.824443229E-3
1.885844967E1,-2.217697678E-3,5.600238219E-4,3.015156370E-3
1.886842567E1,-1.601175871E-3,-2.888503484E-3,9.594622534E-4
1.887840167E1,6.372093922E-4,-6.060719024E-3,7.005645894E-4
1.888837867E1,4.686312750E-4,-2.545612864E-3,1.687309705E-4
1.889835467E1,-1.508711255E-3,3.435370047E-3,-7.464000955E-4
1.890833067E1,-2.976645716E-3,6.086280104E-3,-5.274880677E-4
1.891830767E1,-1.939075883E-4,1.943280455E-3,-2.735774964E-3
1.892828367E1,-1.467696275E-4,-3.023514990E-3,-2.621791791E-3
1.893825967E1,-5.339955678E-4,-3.657584311E-3,-1.494229771E-3
1.894823667E1,-1.264767023E-3,-5.954560824E-3,-1.153345220E-3
1.895821267E1,-2.354585100E-3,-8.473763242E-3,-9.641456418E-4
1.896818867E1,-2.011303557E-3,-7.594654337E-3,-1.254163682E-3
1.897816467E1,-3.714395687E-3,-7.726027165E-3,-5.817227066E-4
1.898814167E1,-1.182528445E-3,-4.602139350E-3,7.613091730E-4
1.899811767E1,2.035795245E-3,-7.401509210E-4,6.294324994E-4
1.900809367E1,4.392160568E-3,2.838072367E-3,9.162551723E-4
1.901807067E1,5.015819799E-3,4.041703418E-3,-1.148112584E-3
1.902804667E1,4.335116129E-3,1.371085178E-3,-6.732712500E-4
1.903802267E1,3.488016780E-3,2.570080105E-3,4.595150240E-4
1.904799967E1,3.023827681E-3,4.935766105E-3,1.114918850E-3
1.905797567E1,2.534339204E-3,5.741184112E-3,3.763174172E-3
1.906795167E1,2.613435034E-3,5.256488454E-3,3.201513551E-3
1.907792867E1,2.160036820E-4,3.708761185E-3,2.536340384E-3
1.908790467E1,-1.649023034E-5,4.699990153E-3,1.012479654E-3
1.909788067E1,5.781403161E-4,6.077789236E-3,1.290363492E-3
1.910785767E1,-1.974499552E-3,8.349997923E-3,1.814739779E-3
1.911783367E1,-1.563145779E-3,7.275254000E-3,4.474446177E-4
1.912780967E1,-1.321330899E-3,6.057390478E-3,-1.209307928E-3
1.913778667E1,7.324976032E-4,5.755230319E-3,-1.742753200E-3
1.914776267E1,3.278213087E-3,3.784491215E-3,-1.465252135E-3
1.915773867E1,3.925947472E-3,2.840676345E-3,-4.158006050E-4
1.916771467E1,3.276402596E-3,4.964014515E-3,-1.055492088E-3
1.917769167E1,5.358674563E-3,5.659089889E-3,-2.482313197E-3
1.918766767E1,3.698193468E-3,4.632973578E-3,-2.188832965E-3
1.919764367E1,4.192901775E-3,1.440891065E-3,-1.503400505E-3
1.920762067E1,3.925712663E-4,-2.542105503E-4,-2.545229159E-3
1.921759667E1,-6.061139866E-4,1.765000634E-4,-1.871441957E-3
1.922757267E1,-5.036815070E-3,1.623129472E-3,1.527550630E-3
1.923754967E1,-5.763959140E-3,-8.123288862E-4,4.790453240E-4
1.924752567E1,-4.094423261E-3,-3.111702157E-3,-2.607805654E-4
1.925750167E1,-2.780638402E-3,-4.616134334E-3,9.646588005E-4
1.926747867E1,-1.226683962E-3,-4.231840372E-3,2.295706654E-3
1.927745467E1,-2.321771812E-3,-2.279613866E-3,2.784430748E-3
1.928743067E1,-2.098066499E-3,-3.087350633E-3,1.205176348E-3
1.929740767E1,-1.245165826E-3,-1.379112247E-3,2.615509788E-3
1.930738367E1,-5.117313121E-4,-7.245072629E-4,2.146793297E-3
1.931735967E1,-9.394353256E-4,-1.450809650E-4,6.458288990E-4
1.932733667E1,-3.449321957E-5,7.867589593E-4,1.683396287E-3
1.933731267E1,2.106850268E-3,1.467037946E-3,-1.646005549E-4
1.934728867E1,2.108980902E-3,1.944809221E-3,1.844488084E-3
1.935726567E1,3.863949096E-3,3.692818806E-3,-6.976714358E-4
1.936724167E1,4.720421974E-3,1.800642814E-3,-1.164789777E-3
1.937721767E1,2.342271851E-3,1.798709389E-3,-5.347938277E-4
1.938719367E1,2.803265117E-3,4.954289179E-3,-1.059702598E-3
1.939717067E1,1.745244022E-3,6.858490407E-3,1.942887669E-3
1.940714667E1,2.347917296E-3,6.079249084E-3,6.738915108E-4
1.941712267E1,1.524469932E-3,5.838015117E-3,3.301063552E-4
1.942709967E1,8.717292221E-4,3.447561525E-3,-2.113876399E-3
1.943707567E1,1.309550833E-3,1.902347896E-3,-1.905379817E-3
1.944705167E1,3.513050498E-3,3.070942592E-3,-2.906994894E-3
1.945702867E1,4.507421516E-3,2.296220977E-3,-1.406735741E-3
1.946700467E1,2.335613593E-3,3.775340505E-3,-3.084479831E-4
1.947698067E1,9.184930823E-4,1.476188190E-4,-1.320159063E-4
1.948695767E1,-1.122819958E-3,6.940993480E-4,-7.386840880E-4
1.949693367E1,-5.291999318E-3,-6.045363843E-4,1.625929726E-3
1.950690967E1,-4.814228043E-3,-2.325471258E-3,1.193166012E-3
1.951688667E1,-8.395859040E-3,-1.679565525E-3,3.742516274E-3
1.952686267E1,-5.229360424E-3,-5.592281930E-3,4.067954607E-3
1.953683867E1,-5.877999589E-3,-5.784887355E-3,4.385726992E-3
1.954681567E1,-4.083028995E-3,-8.317021653E-3,4.121008795E-3
1.955679167E1,-1.359628164E-3,-6.902231835E-3,3.919559065E-3
1.956676767E1,2.803464304E-4,-4.587412346E-3,2.475060523E-3
1.957674467E1,-8.841999806E-4,-2.507207450E-3,1.868025167E-3
1.958672067E1,-5.226218142E-3,-1.034479588E-3,4.046182148E-4
1.959669667E1,-1.159005426E-2,4.759971052E-4,-7.957764901E-4
1.960667267E1,-1.416293439E-2,3.455020487E-4,-2.570507117E-3
1.961664967E1,-1.640632562E-2,4.863297567E-3,8.269911632E-5
1.962662567E1,-1.844657399E-2,1.536600664E-2,-3.293390386E-3
1.963660163E1,-1.925436594E-2,1.370650157E-2,-3.086634446E-3
1.964657863E1,-1.318156067E-2,1.141618192E-2,-4.105293658E-3
1.965655462E1,-1.244367333E-3,8.187871426E-3,-2.328397706E-3
1.966653062E1,9.300152771E-3,-2.329484094E-3,-1.711342949E-3
1.967650763E1,2.053011954E-2,-3.864147235E-3,-3.575216979E-4
1.968648363E1,2.702051029E-2,1.160971355E-3,8.986913599E-4
1.969645962E1,1.913254522E-2,7.962882519E-3,-1.707585528E-3
1.970643662E1,9.209873155E-3,8.065946400E-3,-3.949168604E-3
1.971641263E1,7.360682939E-4,3.029051237E-3,-6.102543790E-3
1.972638863E1,-1.041538641E-2,1.600956544E-2,-5.572574679E-3
1.973636562E1,-2.696549334E-2,2.464339323E-2,-9.724391624E-3
1.974634162E1,-3.118846752E-2,1.119842567E-2,-9.029306471E-3
1.975631763E1,-1.922437735E-2,9.671309963E-3,-4.159925971E-3
1.976629463E1,-8.408481255E-3,5.805199035E-3,-2.633668017E-3
1.977627062E1,4.279617686E-3,4.807412624E-4,7.956842892E-4
1.978624663E1,1.729688235E-2,6.541563198E-3,8.834702894E-3
1.979622363E1,2.121279202E-2,1.561080012E-2,7.450910751E-3
1.980619963E1,6.974734366E-3,1.130127255E-2,-1.771813259E-4
1.981617562E1,-1.214910531E-3,8.607504889E-3,-2.601659391E-3
1.982615163E1,-1.021825895E-2,1.180862449E-2,-4.489041865E-3
1.983612863E1,-1.711323299E-2,8.270844817E-3,-4.984270316E-3
1.984610462E1,-1.498057414E-2,-2.447579056E-3,-7.160872687E-3
1.985608062E1,-6.719877943E-3,-1.483547501E-3,-5.693431012E-3
1.986605763E1,-1.865734113E-3,3.157543018E-3,-3.964240663E-3
1.987603363E1,5.955584929E-4,-1.505198423E-3,-1.428385265E-3
1.988600962E1,6.162364036E-3,4.431703128E-4,2.976216841E-3
1.989598662E1,4.010689911E-3,5.470024887E-3,3.912534099E-3
1.990596263E1,-3.705552779E-3,5.705981050E-3,1.318348804E-3
1.991593863E1,-1.276045945E-2,2.530102618E-3,6.964942440E-5
1.992591562E1,-1.922714710E-2,5.738679320E-3,1.365543576E-3
1.993589163E1,-2.213941887E-2,7.188642398E-3,3.154071979E-3
1.994586763E1,-1.567619480E-2,3.614680842E-3,2.497336362E-3
1.995584463E1,-4.497148097E-3,-3.247001907E-3,2.256807871E-3
1.996582062E1,1.910417574E-3,-8.469726890E-3,2.646428300E-3
1.997579663E1,6.151500158E-3,-1.245655864E-2,-1.060698181E-3
1.998577363E1,3.704055212E-3,-1.522571407E-2,-9.901244193E-4
1.999574962E1,1.235729316E-3,-1.054256596E-2,2.101476537E-3
2.000572562E1,-8.913374040E-4,-6.242093164E-3,4.726871848E-4
2.001570263E1,-8.155477233E-3,-8.021239191E-3,-1.262910664E-4
2.002567863E1,-7.970654406E-3,-2.948184032E-3,1.426331932E-3
2.003565462E1,-1.185525302E-2,-7.577277720E-4,3.318958916E-3
2.004563162E1,-1.050716080E-2,-1.773457509E-3,3.249716945E-3
2.005560763E1,-6.942464970E-3,-6.797421258E-3,2.172906417E-3
2.006558363E1,-6.774685811E-3,-3.495634301E-3,1.894872403E-3
2.007555962E1,-6.746508181E-3,-6.831875071E-4,2.830554731E-3
2.008553663E1,-5.983778741E-3,4.522226751E-3,7.711322978E-4
2.009551263E1,-5.444275681E-3,7.016612217E-3,2.192835556E-3
2.010548863E1,-1.820778358E-3,5.830707029E-3,4.512182437E-3
2.011546562E1,3.068733960E-3,4.233227111E-3,3.191899974E-3
2.012544163E1,-1.926557394E-3,5.045491271E-3,2.430502325E-3
2.013541763E1,-9.922808036E-3,4.554648418E-3,3.092235420E-3
2.014539462E1,-1.132735889E-2,5.562122446E-3,-1.624138094E-4
2.015537062E1,-5.478365347E-3,2.517655026E-3,1.163783949E-3
2.016534663E1,-1.287881052E-3,-1.580949873E-3,3.251169808E-3
2.017532363E1,5.262271967E-3,-2.474836074E-4,4.088796210E-3
2.018529962E1,3.768771421E-3,4.171499517E-3,2.808082150E-3
2.019527562E1,9.932859102E-4,1.351732016E-2,1.096645370E-3
2.020525263E1,-5.198563449E-3,1.468511671E-2,-1.089675352E-4
2.021522863E1,-6.584855728E-3,1.211268827E-2,-3.891536035E-3
2.022520462E1,-1.163554098E-2,1.111027505E-2,-5.801289342E-3
2.023518163E1,-1.245483104E-2,7.668519858E-3,-7.808281109E-3
2.024515763E1,-1.136320084E-2,8.339103311E-3,-3.598090261E-3
2.025513363E1,-9.304688312E-3,1.757111400E-2,-3.390164580E-3
2.026511062E1,-1.024744753E-2,1.746432111E-2,-3.717201296E-3
2.027508663E1,-2.291892888E-3,2.452407498E-3,-1.886866987E-3
2.028506263E1,1.189183630E-2,-2.176775597E-4,2.252750564E-3
2.029503962E1,1.601936854E-2,-2.001082990E-3,3.460192122E-3
2.030501562E1,1.160065271E-2,-7.904511876E-3,1.270008506E-3
2.031499163E1,1.316317637E-2,3.724136390E-3,4.286181647E-3
2.032496763E1,8.257367648E-3,7.398233749E-3,4.773007240E-3
2.033494462E1,6.396101671E-4,-4.530981183E-3,2.596253296E-3
2.034492062E1,-7.945020916E-4,-1.062828861E-2,2.373346826E-3
2.035489663E1,-7.537093014E-3,-3.892887849E-3,-4.008682445E-4
2.036487363E1,-1.439872757E-2,3.834007308E-3,1.932859886E-3
2.037484962E1,-1.637734659E-2,2.343725413E-3,-1.157677267E-3
2.038482562E1,-1.314799860E-2,-5.998662673E-4,2.176600276E-3
2.039480263E1,-1.198297087E-2,3.009920940E-3,3.092675935E-3
2.040477863E1,-7.758931257E-3,-1.246076776E-3,5.922284909E-3
2.041475462E1,-6.535159424E-3,3.992598504E-4,6.485425867E-3
2.042473163E1,-3.722594585E-3,6.058743224E-3,6.863328163E-3
2.043470763E1,-3.604404861E-3,-1.501613297E-4,3.448192962E-3
2.044468363E1,-2.914113458E-3,-8.486654609E-3,1.597213559E-4
2.045466062E1,-6.022232585E-3,-4.422046710E-3,3.328520339E-3
2.046463663E1,-4.847778473E-3,-1.956225839E-3,1.859786920E-3
2.047461263E1,-2.311375574E-4,-5.925551057E-3,-1.215477940E-3
2.048458962E1,7.755373372E-4,-5.880543962E-3,-3.918853123E-3
2.049456562E1,2.808597870E-3,-8.268048987E-5,-3.337740898E-3
2.050454163E1,-2.489774488E-4,2.215361223E-3,-4.547881894E-3
2.051451863E1,-5.337851588E-3,-2.742240671E-3,-3.899986390E-3
2.052449462E1,-2.201446798E-3,5.291863345E-4,-1.700215042E-3
2.053447062E1,-5.374767818E-3,5.032744724E-3,-5.321167409E-4
2.054444763E1,-7.391846739E-3,6.786169950E-3,-5.077570677E-6
2.055442363E1,-2.555862302E-3,6.304633804E-3,2.911735559E-3
2.056439962E1,8.457933436E-4,8.587761782E-3,4.148241132E-3
2.057437563E1,-1.646716846E-3,4.893174395E-3,2.245229902E-3
2.058435263E1,-4.294698127E-3,4.073187709E-3,5.567856133E-4
2.059432863E1,-5.670057144E-3,5.481843837E-3,3.639362752E-3
2.060430562E1,-5.656741094E-3,3.767834045E-3,2.940549282E-3
2.061428163E1,-9.850263596E-3,-2.573174424E-3,2.423300408E-3
2.062425763E1,-6.787627935E-3,-5.701057147E-3,1.425680239E-3
2.063423325E1,-4.821998999E-3,-4.913330544E-3,6.035198458E-3
2.064421025E1,-9.939712472E-4,-7.133607753E-3,6.182471290E-3
2.065418625E1,4.412940703E-3,-7.834065706E-3,6.250334904E-3
2.066416225E1,4.968209658E-3,-1.449669246E-3,7.021053694E-3
2.067413925E1,1.218637684E-3,8.860817179E-3,2.992168069E-3
2.068411525E1,-4.944183398E-3,3.572045360E-3,-1.600719523E-3
2.069409125E1,-7.793775294E-4,-7.664546371E-3,-7.655471563E-7
2.070406825E1,5.830587819E-3,-3.534516320E-3,5.507748574E-4
2.071404425E1,2.036117483E-3,-6.054320373E-3,4.181554541E-4
2.072402025E1,1.195091289E-3,-3.874256508E-3,-3.706729040E-4
2.073399725E1,2.827767981E-3,4.644189496E-3,3.046372440E-3
2.074397325E1,3.097279929E-3,4.368285183E-3,1.016244991E-3
2.075394925E1,1.768312417E-3,-6.878013723E-3,-3.536575940E-3
2.076392625E1,-6.567621604E-4,-1.952231163E-3,-2.822316717E-3
2.077390225E1,-6.157363765E-3,1.334867254E-2,-6.005037576E-4
2.078387825E1,-1.310927980E-2,1.440887712E-2,-2.765795216E-5
2.079385525E1,-9.596989490E-3,3.558810800E-3,-4.283583257E-3
2.080383125E1,-3.674119711E-3,-3.654360771E-3,-1.331469510E-3
2.081380725E1,2.156710951E-3,-1.398536609E-3,6.622239016E-4
2.082378425E1,8.298226632E-3,-2.407934517E-5,3.190895543E-3
2.083376025E1,1.539197844E-2,9.550615214E-4,5.754654296E-3
2.084373625E1,1.567027718E-2,2.352688462E-3,4.037714563E-3
2.085371325E1,1.110439282E-2,-6.891895086E-3,4.464867525E-4
2.086368925E1,3.707885626E-4,-7.706289645E-3,-6.456756964E-4
2.087366525E1,-4.872865509E-3,2.855642699E-3,1.610356383E-3
2.088364225E1,-1.099520642E-2,8.660534397E-3,2.448186744E-3
2.089361825E1,-6.512145046E-3,4.008479416E-3,3.833910450E-4
2.090359425E1,-6.097757258E-3,-2.685575746E-4,-7.335385308E-4
2.091357125E1,-5.539723672E-3,-1.296652248E-3,2.537924331E-3
2.092354725E1,-5.520016421E-3,-1.952056307E-3,3.844204824E-3
2.093352325E1,-4.039884545E-3,-1.880614087E-3,2.779846545E-3
2.094349925E1,-2.335727680E-3,-5.195716862E-3,3.523134626E-3
2.095347625E1,-3.700226545E-3,-2.674986608E-3,2.700529294E-3
2.096345225E1,-5.177482031E-3,-4.404709674E-3,-4.435987212E-4
2.097342825E1,-7.931351662E-3,-7.670489140E-4,1.735443482E-3
2.098340525E1,-5.618928466E-3,-1.776120625E-3,9.972974658E-5
2.099338125E1,-2.130982233E-3,-4.127906170E-3,-2.310089767E-4
2.100335725E1,4.208587925E-4,-5.813154392E-3,-1.102395356E-3
2.101333425E1,-1.960645895E-3,-6.092913914E-3,-9.527774528E-4
2.102331025E1,-3.690102603E-3,-4.081428517E-3,1.785218483E-3
2.103328625E1,-4.867002368E-3,-1.747468486E-3,5.672052503E-4
2.104326325E1,-1.500766724E-3,-2.189286985E-3,3.962302580E-4
2.105323925E1,-9.825743036E-4,2.947361208E-4,1.470908988E-3
2.106321525E1,1.900563948E-3,6.257668138E-4,1.459191088E-3
2.107319225E1,3.340480849E-3,-6.930411328E-4,8.662070613E-4
2.108316825E1,4.850492813E-3,2.063596621E-3,-4.912121221E-5
2.109314425E1,4.161374643E-3,6.729396060E-3,-8.440180682E-4
2.110312125E1,7.485333481E-4,3.929082304E-3,-3.533011768E-3
2.111309725E1,2.559596440E-3,2.391292714E-3,-3.330009058E-3
2.112307325E1,3.315135371E-3,3.158915788E-4,-3.476749174E-3
2.113305025E1,5.622603931E-3,-1.148453215E-3,-1.149627846E-3
2.114302625E1,6.406371482E-3,1.892077737E-3,2.688786248E-3
2.115300225E1,3.339259885E-3,1.462358050E-3,3.033820074E-3
2.116297925E1,-3.992156126E-3,-4.236926325E-4,8.391090669E-4
2.117295525E1,-5.823177285E-3,-2.438520081E-3,1.947742887E-3
2.118293125E1,-8.963577449E-3,3.748802003E-3,4.779482260E-3
2.119290825E1,-1.127596013E-2,9.651938453E-3,4.557773005E-3
2.120288425E1,-1.246266440E-2,4.456111696E-3,2.579044318E-3
2.121286025E1,-7.677332498E-3,-1.150075346E-3,2.107890788E-3
2.122283725E1,4.953760654E-4,-8.338212967E-3,3.464238718E-3
2.123281325E1,4.032749217E-3,-1.553039253E-2,6.808855571E-3
2.124278925E1,1.081076078E-2,-1.545555703E-2,7.578243036E-3
2.125276625E1,9.437415749E-3,-5.159556400E-3,7.570397574E-3
2.126274225E1,2.551812679E-3,-7.717320696E-4,1.440599794E-3
2.127271825E1,-6.692328025E-3,-3.910589032E-3,-2.397256903E-4
2.128269525E1,-1.124580018E-2,-8.687262889E-4,-2.454143949E-3
2.129267125E1,-1.942277886E-2,3.955528606E-3,-2.766549122E-3
2.130264725E1,-2.154265530E-2,6.727879401E-3,-1.208599657E-3
2.131262425E1,-1.513162628E-2,-2.267665463E-3,-1.835445873E-4
2.132260025E1,-6.467564497E-3,-5.334028974E-3,2.047385322E-3
2.133257625E1,-7.960223593E-5,-1.061423216E-2,4.520177376E-3
2.134255225E1,1.014158013E-3,-9.602496400E-3,5.470925942E-3
2.135252925E1,1.714575570E-3,-6.970250979E-3,4.373183940E-3
2.136250525E1,-8.396622725E-4,-5.222418346E-3,3.962524701E-3
2.137248125E1,-1.741245156E-3,-9.677663445E-3,-1.177527010E-4
2.138245825E1,-5.043564830E-3,-8.237958886E-3,1.460639760E-5
2.139243425E1,-8.967369795E-3,-7.120664231E-4,5.781664513E-4
2.140241025E1,-4.159565084E-3,-9.235215839E-4,3.129155375E-4
2.141238725E1,-3.307398001E-4,-5.746586714E-3,1.756567508E-5
2.142236325E1,4.137778189E-3,-6.602260284E-3,-7.564481348E-5
2.143233925E1,3.026926192E-3,-5.720174871E-3,-3.419121262E-3
2.144231625E1,4.315363243E-3,-2.902017673E-3,-3.660137299E-3
2.145229225E1,1.392484410E-3,3.671208397E-3,-9.521483444E-4
2.146226825E1,2.696900629E-3,7.237181067E-3,-5.721151829E-4
2.147224525E1,3.810368245E-3,8.236665279E-3,-1.273672096E-4
2.148222125E1,2.313671634E-3,5.344472826E-3,4.212441854E-4
2.149219725E1,3.351304214E-3,7.393395063E-3,8.829559665E-4
2.150217425E1,1.237819553E-3,6.326266099E-3,2.738912590E-4
2.151215025E1,2.832261962E-4,1.604478341E-3,-3.135827370E-3
2.152212625E1,1.083239680E-3,-1.244038576E-3,-4.326259717E-3
2.153210325E1,1.495505450E-3,-1.251702430E-3,-4.304138478E-3
2.154207925E1,3.168503055E-3,1.706918702E-4,-3.139271867E-3
2.155205525E1,3.234386444E-3,-4.340661690E-4,-2.063039690E-3
2.156203225E1,4.871964455E-3,-1.933426131E-3,-6.744675338E-4
2.157200825E1,3.175634192E-3,-3.185599111E-3,9.517050348E-4
2.158198425E1,2.860848559E-3,-3.180805594E-3,-8.587120101E-4
2.159196125E1,-5.495971418E-4,-3.602997167E-3,-1.398805529E-3
2.160193725E1,1.030456275E-3,8.239755407E-4,1.020676456E-3
2.161191325E1,9.292645846E-4,5.246747751E-3,-9.686877020E-4
2.162189025E1,-3.299302422E-3,3.095179331E-3,-5.441796966E-4
2.163186629E1,-2.458545147E-3,-8.450497407E-4,-1.397992950E-3
2.164184229E1,-1.977844629E-3,-3.787842812E-3,-2.672049217E-3
2.165181929E1,1.464490779E-4,-7.404439151E-3,5.987854674E-4
2.166179529E1,4.055969417E-3,-1.005028933E-2,8.182297461E-4
2.167177129E1,7.213199511E-3,-7.916102186E-3,1.450089971E-3
2.168174829E1,3.622193588E-3,-2.566344570E-3,1.213068608E-3
2.169172429E1,1.365490374E-3,-1.883866498E-3,-5.777357146E-4
2.170170029E1,-8.574501844E-4,-4.051147029E-3,-6.981105544E-4
2.171167729E1,-5.142956041E-3,-7.478705607E-3,-3.779761959E-3
2.172165329E1,-8.661524393E-3,-6.974835414E-3,-1.803429797E-3
2.173162929E1,-7.224487606E-3,-5.144341849E-3,-1.653235406E-3
2.174160629E1,-5.300353747E-3,-4.610644653E-3,-9.698681533E-4
2.175158229E1,-1.249412075E-3,-7.764645852E-3,-1.248158049E-3
2.176155829E1,8.954979130E-4,-7.488145493E-4,-1.150419936E-3
2.177153529E1,-2.865691669E-3,3.540492151E-3,-1.063345000E-3
2.178151129E1,-2.449705964E-3,5.509367678E-3,-3.145404626E-3
2.179148729E1,-6.990897236E-5,5.957903340E-5,-2.991483547E-3
2.180146429E1,3.928561229E-3,-7.395408116E-3,-2.098525874E-3
2.181144029E1,7.840851322E-3,-5.792057142E-3,9.279411752E-4
2.182141629E1,7.877602242E-3,4.069828428E-4,8.701505139E-4
2.183139329E1,8.528751321E-3,6.138615310E-3,4.017157480E-4
2.184136929E1,3.909231164E-3,6.310123019E-3,-1.332801301E-3
2.185134529E1,-1.161155989E-3,1.256939024E-3,-6.174687296E-3
2.186132229E1,-9.514426813E-3,1.304609701E-3,-7.203732617E-3
2.187129829E1,-1.089757401E-2,3.615049180E-3,-6.173049565E-3
2.188127429E1,-9.026437066E-3,7.420173381E-3,-3.818548750E-3
2.189125029E1,-3.676627995E-3,2.654829063E-3,-8.998368867E-4
2.190122729E1,4.755206406E-3,2.113790251E-4,-7.973052561E-4
2.191120329E1,1.067025401E-2,-1.892934320E-3,1.149960328E-3
2.192117929E1,1.226122584E-2,-2.856465988E-3,3.161712084E-3
2.193115629E1,1.319061406E-2,-2.575514140E-3,3.822812345E-3
2.194113229E1,8.411837742E-3,-1.981362933E-3,1.998483203E-4
2.195110829E1,-4.686311586E-4,-2.622975968E-3,-7.591005415E-4
2.196108529E1,-5.684964824E-3,1.436213963E-3,-3.082277253E-4
2.197106129E1,-1.374421455E-2,3.911338281E-3,-1.300512347E-3
2.198103729E1,-1.350053493E-2,2.556588035E-3,-3.950091545E-3
2.199101429E1,-9.236716665E-3,-9.826086462E-4,-5.330098327E-3
2.200099029E1,-2.902388573E-3,-5.441538990E-3,-4.882687237E-3
2.201096629E1,3.142987145E-3,-8.870892227E-3,-4.319695290E-3
2.202094329E1,6.473536603E-3,-5.070560612E-3,-3.861365374E-3
2.203091929E1,6.269812584E-3,-1.820989652E-3,-2.958543599E-3
2.204089529E1,4.268371849E-4,2.758315764E-3,-7.009211928E-3
2.205087229E1,-3.952157684E-3,2.583931200E-3,-1.018782146E-2
2.206084829E1,-6.618248299E-3,4.250803962E-3,-1.523824036E-2
2.207082429E1,-1.093171071E-2,1.665581483E-3,-1.496722456E-2
2.208080129E1,-7.627793588E-3,-3.984048497E-3,-1.785835251E-2
2.209077729E1,-2.964274026E-3,-5.554418545E-3,-1.406105142E-2
2.210075329E1,-2.201278461E-3,-1.193492208E-3,-1.218086015E-2
2.211073029E1,-2.528852550E-3,4.832809791E-3,-1.056113094E-2
2.212070629E1,1.004863298E-4,7.739916444E-3,-5.920839496E-3
2.213068229E1,3.705504350E-3,1.122115552E-2,-3.247073852E-3
2.214065929E1,9.337823838E-3,7.890872657E-3,-1.951179933E-3
2.215063529E1,1.116443425E-2,8.884834126E-3,1.067353878E-3
2.216061129E1,7.279414218E-3,1.285933703E-2,1.545391278E-3
2.217058829E1,3.855437739E-3,1.505229808E-2,3.606686369E-5
2.218056429E1,-1.040671486E-5,1.156062633E-2,-1.452373806E-3
2.219054029E1,-1.352210063E-3,8.622849360E-3,-1.693438739E-3
2.220051729E1,-3.513631411E-3,5.672332831E-3,-3.532617819E-3
2.221049329E1,-8.319566026E-3,6.331632379E-3,-3.978958353E-3
2.222046929E1,-7.267883047E-3,6.340687629E-3,-3.172553144E-3
2.223044629E1,-4.446703009E-3,1.839740667E-3,-2.381553873E-3
2.224042229E1,-1.877551200E-3,-1.503059175E-3,1.378829591E-3
2.225039829E1,7.949288120E-4,-9.199085180E-4,4.831613507E-3
2.226037529E1,3.213611664E-3,-1.250939444E-3,7.005019113E-3
2.227035129E1,3.107355908E-3,-2.779164352E-3,8.752061054E-3
2.228032729E1,3.858367214E-3,-5.152573809E-3,1.014808938E-2
2.229030429E1,1.010223059E-5,-6.318688858E-3,9.234629571E-3
2.230028029E1,-4.242699593E-3,-6.364229135E-3,8.512379602E-3
2.231025629E1,-7.453295402E-3,-5.229163449E-3,6.592032034E-3
2.232023329E1,-5.711588077E-3,-7.029992994E-3,4.846329801E-3
2.233020929E1,-3.785118461E-3,-7.613137830E-3,2.297516214E-3
2.234018529E1,5.177509156E-4,-6.596609019E-3,2.676217817E-3
2.235016229E1,1.434308011E-3,-2.372080693E-3,9.246084373E-4
2.236013829E1,5.217328202E-3,-2.356900601E-3,1.857780153E-3
2.237011429E1,4.072855227E-3,9.335936047E-4,1.771164360E-3
2.238009129E1,-5.674366839E-4,-2.541067079E-5,7.077641785E-4
2.239006729E1,-3.021215787E-3,2.729989588E-3,2.339916071E-3
2.240004329E1,-5.237231962E-3,6.366003305E-3,7.279044949E-4
2.241002029E1,-2.857218031E-3,6.243834738E-3,5.346667022E-4
2.241999629E1,-2.961613704E-3,2.502359916E-3,-9.609647095E-4
2.242997229E1,-2.561109141E-4,-8.458488155E-4,-6.975815631E-4
2.243994929E1,7.889134577E-4,-4.152163398E-3,1.630287385E-3
2.244992529E1,1.044953940E-3,-3.301257500E-3,-1.015076414E-4
2.245990129E1,1.705684233E-3,-1.976601314E-3,1.381340669E-3
2.246987829E1,-1.393549144E-3,-4.260369577E-3,2.503799973E-3
2.247985429E1,-4.571817990E-4,-1.951408805E-3,4.712359514E-3
2.248983029E1,-1.582712284E-4,-2.180394717E-3,5.997115280E-3
2.249980729E1,-9.971669642E-4,2.713163849E-3,5.798176862E-3
2.250978329E1,7.964670658E-6,2.152313944E-3,4.808444064E-3
2.251975929E1,9.406037279E-4,3.829839174E-3,5.658525042E-3
2.252973629E1,-2.835916821E-4,4.218037240E-3,4.407275934E-3
2.253971229E1,1.876231981E-3,6.657759659E-3,4.150547087E-3
2.254968829E1,9.050298249E-4,9.782643989E-3,4.021543544E-3
2.255966529E1,2.382285427E-3,8.649202064E-3,3.585583996E-3
2.256964129E1,8.152765804E-4,7.826120593E-3,2.872115001E-3
2.257961729E1,-5.256250151E-4,7.368856110E-3,4.311553668E-3
2.258959429E1,-2.213531639E-3,6.074457895E-3,4.798121285E-3
2.259957029E1,-1.082487288E-3,4.064303357E-3,5.041800439E-3
2.260954629E1,-4.601757042E-3,3.443322144E-3,4.663665313E-3
2.261952329E1,-5.784733221E-3,-3.093383275E-4,5.337445065E-3
2.262949929E1,-7.777995896E-3,-1.170685049E-3,6.634474266E-3
2.263947704E1,-1.009254903E-2,-2.524636220E-3,7.918650284E-3
2.264945404E1,-1.164403558E-2,-4.552732687E-3,6.830921862E-3
2.265943004E1,-1.244325005E-2,-5.353544839E-3,7.116412744E-3
2.266940604E1,-1.330937818E-2,-7.479364984E-3,5.888792221E-3
2.267938304E1,-1.122146007E-2,-8.068988100E-3,7.784696762E-3
2.268935904E1,-6.434058771E-3,-7.980260067E-3,5.833446980E-3
2.269933504E1,-2.338650171E-3,-8.374407887E-3,1.538034528E-3
2.270931204E1,-1.137137413E-3,-3.896430368E-3,1.841050573E-3
2.271928804E1,-9.312750772E-4,3.723506816E-4,-1.449285075E-3
2.272926404E1,3.777515609E-3,-9.920487180E-3,-9.015761316E-4
2.273924104E1,1.062663272E-2,-1.225901023E-2,5.463846028E-4
2.274921704E1,6.984014064E-3,-9.280067869E-3,-2.508070320E-4
2.275919304E1,1.573536079E-3,-7.939166389E-3,1.412336947E-3
2.276917004E1,1.729228301E-3,-7.420691662E-3,3.023500554E-3
2.277914604E1,3.806760302E-3,-2.797177993E-3,3.998750355E-3
2.278912204E1,9.847693145E-4,-6.807492580E-3,1.776290359E-3
2.279909904E1,-1.279450138E-3,-8.618708700E-3,1.862843055E-3
2.280907504E1,-4.409091547E-3,-7.313638926E-4,1.659962349E-3
2.281905104E1,-7.529783528E-3,6.033864338E-3,3.060252406E-3
2.282902704E1,-6.433682516E-3,4.839423578E-3,1.730906544E-3
2.283900404E1,-1.620018622E-3,2.117672935E-3,3.586597275E-3
2.284898004E1,-1.812608447E-3,4.826162476E-3,2.774446970E-3
2.285895704E1,-1.056803274E-3,9.811334312E-3,3.201085376E-3
2.286893304E1,1.270845532E-3,9.924279526E-3,2.404955449E-3
2.287890904E1,3.057826543E-3,1.018420421E-2,1.678977860E-3
2.288888604E1,1.944358926E-3,8.798828349E-3,1.856077928E-3
2.289886204E1,3.485929337E-4,6.750057917E-3,2.019884996E-4
2.290883804E1,-3.006035695E-3,9.523447603E-3,-1.359214541E-3
2.291881404E1,-5.221054307E-4,1.064170897E-2,-1.869210042E-3
2.292879104E1,4.750370979E-3,4.131498281E-3,-1.412633806E-3
2.293876704E1,6.762655452E-3,6.112316623E-5,-1.806248911E-3
2.294874304E1,6.005041301E-3,8.337190375E-4,2.122874139E-3
2.295872004E1,7.272173651E-3,-2.410543617E-3,3.749266732E-3
2.296869604E1,6.469438784E-3,-7.701275405E-3,6.695357151E-3
2.297867204E1,6.760788616E-3,-7.581433281E-3,6.841298193E-3
2.298864904E1,3.698738758E-3,-7.315986324E-3,7.332011126E-3
2.299862504E1,4.627382848E-3,-6.690676324E-3,6.652106531E-3
2.300860204E1,2.331851982E-3,-3.420203924E-3,4.734424409E-3
2.301857804E1,4.126719432E-5,-3.609554609E-3,3.940802533E-3
2.302855404E1,-1.778628561E-3,-1.041257987E-3,4.175747745E-3
2.303853004E1,-2.721920144E-3,2.909541596E-3,9.168374818E-4
2.304850704E1,-2.213203814E-3,8.400909603E-3,1.317803049E-3
2.305848304E1,-1.795353834E-3,1.046698913E-2,2.906215377E-4
2.306845904E1,1.144509763E-3,1.077218726E-2,-1.543763559E-3
2.307843604E1,5.164018832E-3,1.180309802E-2,-2.500371076E-3
2.308841204E1,7.080692332E-3,1.257080212E-2,-3.587741870E-3
2.309838804E1,5.662026349E-3,1.279317774E-2,-1.452685799E-3
2.310836504E1,7.159738801E-3,1.063723676E-2,-1.963903662E-3
2.311834104E1,7.921403274E-3,9.309915826E-3,-9.833276272E-4
2.312831704E1,5.107442848E-3,6.665133405E-3,3.531426191E-4
2.313829404E1,5.004112143E-3,7.586054970E-3,-3.108168021E-3
2.314827004E1,1.840173732E-3,6.391317118E-3,-1.048794016E-3
2.315824604E1,1.537590288E-5,6.827543024E-3,-1.764917746E-3
2.316822304E1,-3.700826201E-4,6.724253763E-3,-1.122344751E-3
2.317819904E1,-4.869953846E-4,5.412912462E-3,1.342410687E-3
2.318817504E1,-6.497735158E-4,3.654595930E-3,5.313144065E-4
2.319815204E1,1.149458112E-3,-1.198748592E-3,-8.149133064E-4
2.320812804E1,-1.133617247E-3,-3.562107682E-3,8.630373050E-4
2.321810404E1,2.872309648E-3,-1.264065970E-3,1.764744520E-4
2.322808104E1,4.716712516E-3,-1.969047356E-3,5.860184319E-4
2.323805704E1,6.681060418E-3,-4.557906184E-3,1.285098260E-3
2.324803304E1,6.240886636E-3,-4.470258951E-3,2.877274528E-5
2.325801004E1,3.151353449E-3,-6.919035688E-3,-2.200559247E-3
2.326798604E1,2.908005845E-3,-8.850093931E-3,-3.996959887E-3
2.327796204E1,8.861339884E-4,-1.017048955E-2,-3.517856821E-3
2.328793904E1,1.784621971E-3,-1.014350727E-2,-6.953499280E-3
2.329791504E1,3.110609949E-3,-8.309921250E-3,-6.913818419E-3
2.330789104E1,4.665744491E-3,-1.017162576E-2,-7.993938401E-3
2.331786804E1,4.170396831E-3,-9.403036907E-3,-6.762759294E-3
2.332784404E1,2.775001805E-3,-6.113192532E-3,-5.181056447E-3
2.333782004E1,-1.592315850E-3,-5.679629743E-3,-4.344824702E-3
2.334779704E1,-3.659191541E-3,-5.147445947E-3,-3.988491371E-3
2.335777304E1,-7.515714969E-3,-4.470470361E-3,-5.068935454E-3
2.336774904E1,-5.974011030E-3,-1.618491020E-3,-6.354710087E-3
2.337772604E1,-4.450683016E-3,1.879837364E-3,-5.011411384E-3
2.338770204E1,-2.203077311E-4,1.930423081E-3,-7.569539361E-3
2.339767804E1,4.173908383E-3,1.398323104E-3,-6.054732949E-3
2.340765504E1,6.622309797E-3,-4.301471636E-4,-7.224713918E-3
2.341763104E1,8.411421441E-3,-3.554567927E-3,-9.334471077E-3
2.342760704E1,7.642131299E-3,-3.040433163E-3,-9.265985340E-3
2.343758404E1,4.208251368E-3,-8.819410577E-4,-7.331730332E-3
2.344756004E1,3.194558434E-3,5.086143035E-3,-8.059080690E-3
2.345753704E1,4.273671657E-3,5.921842996E-3,-6.599135231E-3
2.346751304E1,4.038673942E-4,4.329424817E-3,-4.352092743E-3
2.347748904E1,-6.025412004E-4,7.906164974E-4,-4.074591212E-3
2.348746504E1,-1.377383480E-3,2.533100545E-3,-3.475564998E-3
2.349744204E1,3.465509508E-6,1.035072375E-3,-2.987940330E-3
2.350741804E1,2.927221940E-4,-6.176158786E-5,-1.657002605E-3
2.351739404E1,-8.524370496E-4,-1.549669774E-3,-6.750947796E-4
2.352737104E1,1.899085240E-3,-3.708175384E-3,-8.161379956E-4
2.353734704E1,1.477506943E-3,-4.300995264E-3,-2.601254731E-3
2.354732404E1,2.109159250E-3,-4.319749773E-3,-1.015025191E-4
2.355730004E1,3.427956486E-3,-3.092565108E-3,-4.655241966E-3
2.356727604E1,4.578810651E-3,-2.853104379E-3,-3.375009634E-3
2.357725304E1,4.988671280E-3,-3.958582412E-3,-1.028498635E-3
2.358722904E1,3.638603725E-3,-1.031262334E-3,-1.747344155E-3
2.359720504E1,3.274549730E-3,-2.102918457E-3,-2.217658795E-3
2.360718104E1,1.434209058E-3,1.412312500E-3,-1.556173898E-3
2.361715804E1,-4.920553765E-4,1.659720205E-3,-2.325294539E-3
2.362713404E1,-2.179809147E-3,4.125596490E-3,-2.252112143E-3
2.363710913E1,-5.075996742E-3,4.261417780E-3,-3.055321518E-3
2.364708513E1,-3.366097575E-3,2.696086187E-3,-2.801053692E-3
2.365706112E1,-4.568248987E-3,3.317401744E-3,-2.773623448E-3
2.366703812E1,-4.214513581E-3,4.514306318E-3,-3.169462085E-3
2.367701413E1,-2.442978788E-3,1.701475587E-3,-4.870689474E-3
2.368699013E1,1.875817077E-3,3.917561844E-3,-4.081221763E-3
2.369696712E1,3.464659210E-3,1.273575239E-3,-4.929971416E-3
2.370694312E1,6.963832304E-3,-1.346762292E-4,-5.736753345E-3
2.371691913E1,7.111371029E-3,3.500005696E-3,-5.851269700E-3
2.372689613E1,5.484719295E-3,8.854833432E-4,-6.865929812E-3
2.373687212E1,3.896410111E-3,3.138517495E-3,-6.039816886E-3
2.374684813E1,1.860097982E-3,3.950416576E-3,-5.751294550E-3
2.375682513E1,-5.628461367E-4,1.351703890E-3,-6.347575691E-3
2.376680112E1,-5.153788370E-4,1.217930578E-3,-2.945223358E-3
2.377677712E1,-4.951388109E-4,4.157866351E-4,-1.263703685E-3
2.378675413E1,1.684217947E-3,-3.321637865E-3,-1.917997841E-3
2.379673013E1,2.503406256E-3,-6.745663937E-3,1.459517516E-4
2.380670612E1,5.199367879E-4,-1.017535198E-2,-2.038212959E-3
2.381668312E1,-1.849211287E-3,-1.196073554E-2,-8.136918768E-4
2.382665913E1,-7.038154639E-3,-1.155339926E-2,4.580831155E-4
2.383663513E1,-1.068934798E-2,-1.024312340E-2,3.152403049E-3
2.384661212E1,-1.376631856E-2,-9.211654775E-3,3.997313790E-3
2.385658812E1,-1.015374064E-2,-8.149852045E-3,5.014375318E-3
2.386656413E1,-7.916208357E-3,-8.288882673E-3,2.463171724E-3
2.387654113E1,-3.689239267E-3,-7.749591954E-3,3.420311725E-3
2.388651712E1,-1.328550745E-3,-3.857466392E-3,2.648970112E-4
2.389649313E1,5.420536036E-4,-2.701920923E-3,5.280175246E-4
2.390647013E1,6.152942660E-4,2.306238748E-3,-1.417154446E-3
2.391644613E1,1.532487106E-3,1.552830450E-3,-1.589993481E-3
2.392642212E1,3.466264810E-3,2.292405348E-3,-2.004221082E-3
2.393639913E1,6.067640614E-3,2.848739736E-3,-2.790386323E-3
2.394637513E1,5.928191822E-3,1.311603468E-3,-3.439079504E-3
2.395635112E1,4.303663969E-3,-1.624878496E-5,-3.299530130E-3
2.396632812E1,1.796284341E-3,-1.230986090E-3,-1.682466827E-3
2.397630413E1,6.758924574E-4,-2.446186263E-3,1.569781452E-4
2.398628013E1,-3.387506877E-4,-4.582599271E-3,6.070611998E-4
2.399625712E1,-1.442897250E-3,-5.711779930E-3,2.822278533E-3
2.400623312E1,-2.616350539E-3,-5.192116834E-3,1.805322710E-3
2.401620913E1,-3.432875499E-3,-5.757506005E-3,4.560096655E-3
2.402618613E1,-4.118361045E-3,-8.350102231E-3,4.507367499E-3
2.403616212E1,-3.628073260E-3,-1.082444564E-2,6.875982974E-3
2.404613813E1,-7.081493968E-4,-8.992952295E-3,5.091818515E-3
2.405611513E1,1.443152083E-3,-8.477896452E-3,3.158363746E-3
2.406609113E1,1.288593980E-3,-6.112616509E-3,4.208933096E-3
2.407606712E1,3.185563721E-3,-3.526154207E-3,2.624884946E-3
2.408604413E1,3.116468899E-3,-1.088493736E-3,2.148918575E-3
2.409602013E1,3.155084560E-3,1.059337519E-4,2.573692705E-3
2.410599612E1,1.532483264E-3,6.765653379E-4,1.749076881E-3
2.411597312E1,-8.563722949E-4,4.621809348E-4,6.523872726E-4
2.412594913E1,3.669192665E-4,3.521661740E-3,1.125415554E-3
2.413592513E1,-3.824942396E-4,5.043125246E-3,2.102263039E-3
2.414590212E1,-1.153262216E-3,3.342851531E-3,8.845082484E-4
2.415587812E1,-4.773519468E-4,4.621434957E-3,1.582522644E-3
2.416585413E1,-1.948909601E-3,4.052977078E-3,1.616131049E-3
2.417583113E1,-2.336399630E-3,1.149598509E-3,4.085147753E-3
2.418580712E1,-2.314505400E-3,-2.678681165E-3,3.761734348E-3
2.419578313E1,-4.714546259E-3,-2.544457791E-3,3.897289280E-3
2.420576013E1,-4.129614681E-3,-4.377204459E-3,3.743676469E-3
2.421573613E1,-1.463257591E-3,-9.105913341E-3,5.463013425E-3
2.422571212E1,2.223836258E-3,-8.100498468E-3,4.190128762E-3
2.423568913E1,1.835813746E-3,-8.347906172E-3,4.054840188E-3
2.424566513E1,-9.478237480E-4,-5.572934169E-3,2.469143132E-3
2.425564112E1,3.227213863E-3,-5.617941730E-3,2.437717747E-3
2.426561812E1,5.559945945E-3,-8.411590010E-3,1.614427427E-3
2.427559413E1,7.150385994E-3,-9.668335319E-3,1.702844398E-3
2.428557013E1,6.246871315E-3,-5.343942903E-3,1.630727435E-3
2.429554712E1,4.192775115E-3,-1.979837660E-3,1.704230672E-3
2.430552312E1,2.279403154E-3,1.379951835E-3,1.543162158E-3
2.431549913E1,-1.433842583E-3,-4.430674016E-5,1.343498006E-4
2.432547613E1,-2.015327569E-3,5.105794407E-4,-3.123190254E-6
2.433545212E1,-1.870185137E-3,4.284012131E-3,-2.766302787E-4
2.434542813E1,2.833356848E-5,5.720410962E-3,1.810863148E-3
2.435540513E1,2.769259037E-3,7.267973851E-3,2.100348938E-3
2.436538113E1,5.587944761E-3,4.050523974E-3,1.019903459E-3
2.437535712E1,4.396180157E-3,5.326977000E-3,1.107521355E-3
2.438533413E1,5.029259250E-3,5.103831645E-3,-1.119257882E-3
2.439531013E1,7.784565911E-3,4.760017153E-3,-2.209739760E-4
2.440528612E1,6.902916823E-3,5.028482527E-3,7.625897415E-4
2.441526312E1,6.783074699E-3,4.150438122E-3,-1.583655365E-3
2.442523913E1,6.418256089E-3,-1.331640407E-3,-1.259927638E-3
2.443521513E1,8.054768667E-3,-1.422454137E-3,2.397657838E-3
2.444519212E1,5.795937497E-3,-4.175447859E-3,5.932650529E-4
2.445516812E1,1.758851926E-3,-5.313150119E-3,5.823462270E-4
2.446514413E1,-4.061684012E-3,-2.882209606E-3,2.890257165E-4
2.447512113E1,-7.512874436E-3,1.150615048E-3,2.387596527E-3
2.448509712E1,-9.038986638E-3,3.141391091E-3,2.961629070E-4
2.449507312E1,-1.016976498E-2,-1.390510006E-3,9.536973666E-4
2.450505013E1,-8.019097149E-3,-1.647811849E-3,1.401322195E-3
2.451502613E1,-4.843544681E-3,-2.549824538E-3,1.836216310E-3
2.452500212E1,-5.045992788E-3,-1.360832946E-3,6.367958616E-3
2.453497913E1,-9.886667831E-4,-3.178972984E-3,4.261398222E-3
2.454495513E1,9.358789539E-4,-1.680347137E-3,3.489291994E-3
2.455493112E1,1.127360272E-3,-7.044752594E-3,7.571550086E-4
2.456490812E1,-9.389244951E-5,-7.852129638E-3,-7.758657448E-4
2.457488413E1,-1.845453400E-3,-5.718938075E-3,-9.148828685E-4
2.458486113E1,-1.219567144E-3,-5.201197229E-3,-3.173747100E-4
2.459483712E1,2.092872746E-3,-7.080590352E-3,-2.024993766E-3
2.460481312E1,2.770280465E-3,-4.597763531E-3,-1.918520778E-3
2.461479013E1,1.181704691E-3,-1.021937234E-3,-6.359424442E-4
2.462476613E1,4.491215106E-3,-9.747992735E-4,7.030949928E-4
2.463474288E1,3.856317140E-3,-5.372418091E-4,7.720710710E-4
2.464471987E1,1.868202817E-3,-2.889563330E-4,2.014613710E-4
2.465469588E1,-3.994788858E-4,1.667668112E-3,-2.712495625E-4
2.466467188E1,-4.539156333E-3,2.077429555E-3,-2.057860605E-3
2.467464887E1,-4.990561865E-3,1.065162010E-3,-1.795006916E-3
2.468462487E1,-6.125978660E-3,2.404171973E-3,-1.439037733E-4
2.469460088E1,-2.925125882E-3,4.638297949E-3,-4.291282967E-4
2.470457788E1,-1.638002228E-3,2.920716070E-3,1.343478914E-3
2.471455387E1,-1.702184323E-3,1.212013885E-4,1.675308915E-3
2.472452987E1,-2.434448805E-3,-1.426769421E-3,1.141664106E-3
2.473450688E1,-2.449096180E-3,8.484069258E-5,1.757386839E-3
2.474448288E1,-4.847542848E-3,9.301118553E-5,6.130258553E-4
2.475445887E1,-6.127458066E-3,1.791841816E-3,-1.192863565E-3
2.476443587E1,-5.858741701E-3,6.092932075E-3,-1.724962611E-3
2.477441188E1,-2.937519923E-3,8.052752353E-3,-4.684831947E-4
2.478438788E1,-1.513103954E-3,8.053606376E-3,-3.125306219E-3
2.479436487E1,1.212375006E-3,7.033882197E-3,-2.448596526E-3
2.480434088E1,5.284528248E-3,5.844470579E-3,-1.666215714E-3
2.481431688E1,9.705907665E-3,4.663357977E-3,3.516613506E-4
2.482429388E1,1.147896610E-2,6.173877046E-4,9.531115647E-4
2.483426987E1,9.590518661E-3,2.139187418E-4,1.858852804E-3
2.484424588E1,4.940010142E-3,-2.185276244E-3,3.922750242E-3
2.485422288E1,1.512521761E-3,-4.212740809E-3,2.243627096E-3
2.486419887E1,-1.821441576E-3,-4.571892321E-3,2.486401005E-3
2.487417487E1,-4.025473725E-3,-3.095169552E-3,1.514613628E-3
2.488415188E1,-3.328463295E-3,-3.647406120E-3,2.439156175E-3
2.489412788E1,1.289724372E-3,-5.443442147E-3,1.987217693E-3
2.490410387E1,2.650219947E-3,-5.212311167E-3,2.414868679E-3
2.491408087E1,4.592995625E-3,-6.888771430E-3,2.805554308E-3
2.492405688E1,6.031320896E-3,-6.734151393E-3,1.268750522E-3
2.493403288E1,3.794531804E-3,-4.286440089E-3,-5.697133020E-5
2.494400987E1,1.050181221E-3,-5.981079303E-4,-4.042363726E-4
2.495398588E1,-2.962403698E-3,4.384133499E-3,-2.335028257E-3
2.496396188E1,-5.775755737E-3,6.129292771E-3,-2.585584298E-4
2.497393888E1,-5.343258381E-3,7.177513093E-3,-2.549409401E-3
2.498391487E1,-6.399411242E-3,1.178426296E-2,-1.446701121E-3
2.499389088E1,-3.660882358E-3,8.212432265E-3,-3.231817856E-3
2.500386788E1,-9.278419311E-4,1.038942579E-2,-3.075970802E-3
2.501384387E1,2.590460237E-3,8.175539784E-3,-1.762499567E-3
2.502382087E1,3.756496822E-3,5.456844345E-3,-1.402918715E-3
2.503379688E1,5.553598050E-3,-8.066650480E-5,-1.284940634E-3
2.504377288E1,7.631719578E-3,-3.435701597E-3,-3.137923777E-4
2.505374987E1,3.239633981E-3,-2.619176637E-3,1.469726674E-3
2.506372587E1,1.379302936E-3,-6.449631881E-3,8.675323334E-4
2.507370188E1,-3.753940109E-3,1.730533782E-3,-6.067939103E-4
2.508367888E1,-1.050574332E-2,4.347034264E-3,3.711725585E-4
2.509365487E1,-1.049003098E-2,-7.142108865E-3,4.686443135E-4
2.510363088E1,-3.933324013E-3,-9.052574635E-3,5.865273997E-3
2.511360788E1,-1.936485758E-3,-6.555860862E-3,6.703104824E-3
2.512358388E1,-2.912760247E-3,-6.931160577E-3,3.711201018E-3
2.513355987E1,-1.407008967E-3,-4.351356532E-3,6.578093860E-3
2.514353688E1,2.853201237E-3,-2.335721394E-3,3.788806731E-3
2.515351288E1,2.639349084E-3,-7.187734358E-3,2.941654995E-3
2.516348887E1,-1.332803862E-3,-9.442742914E-3,4.458478652E-4
2.517346587E1,-6.211981643E-3,1.435737591E-3,8.461209945E-4
2.518344188E1,-8.684132248E-3,7.203447167E-3,1.318724127E-3
2.519341788E1,-6.839626934E-3,1.428382937E-3,-1.715148799E-3
2.520339487E1,8.529081242E-5,-3.599968739E-3,-1.681115013E-3
2.521337087E1,4.028899595E-3,4.428929184E-3,-2.193059772E-4
2.522334688E1,5.603246391E-3,7.092056796E-3,7.918337360E-5
2.523332388E1,1.033595018E-2,5.040091462E-3,1.048573991E-3
2.524329987E1,1.187728811E-2,1.388593577E-3,2.143078251E-3
2.525327588E1,1.064131502E-2,4.787053447E-3,-2.953121439E-4
2.526325288E1,4.437790252E-3,4.350848496E-3,-4.561198875E-5
2.527322888E1,-1.260688878E-4,5.852072500E-3,5.709095858E-4
2.528320487E1,-2.866147086E-3,6.172826514E-3,3.085625591E-3
2.529318188E1,-3.210493829E-3,2.411910798E-3,2.743675839E-3
2.530315788E1,-4.477303009E-3,-3.487773938E-3,4.902860150E-3
2.531313387E1,-5.411273800E-3,2.709401771E-3,6.641105283E-3
2.532311087E1,-6.530899554E-3,4.548735451E-3,7.519784383E-3
2.533308688E1,2.473790664E-5,5.709606688E-3,8.255349472E-3
2.534306288E1,4.595182836E-3,7.967953570E-3,3.366696183E-3
2.535303987E1,8.106827736E-3,9.124831297E-3,8.279047906E-4
2.536301587E1,8.196214214E-3,9.660176933E-3,-1.005204394E-3
2.537299288E1,1.234781556E-2,6.971182767E-3,1.678462839E-3
2.538296888E1,1.084600203E-2,7.541082799E-3,-6.809909828E-4
2.539294487E1,1.003799960E-2,3.331690561E-3,-3.451663069E-4
2.540292188E1,8.861314505E-3,1.854130998E-3,-1.616348047E-3
2.541289788E1,5.102795549E-3,5.719176959E-3,-8.181985468E-4
2.542287388E1,9.741444956E-4,8.712943643E-3,2.353521530E-3
2.543285087E1,1.301979646E-3,9.339053184E-3,5.132770166E-4
2.544282688E1,3.097373294E-3,3.363240045E-3,-1.036202535E-3
2.545280288E1,4.255848471E-3,-1.161470544E-3,-3.194960766E-3
2.546277987E1,8.544065990E-3,-2.872371813E-3,-2.747549210E-3
2.547275587E1,7.016210351E-3,-4.798902664E-3,-2.399207558E-3
2.548273188E1,8.119449019E-3,-3.226517700E-3,-2.666109707E-3
2.549270888E1,4.492223263E-3,6.102984771E-4,-2.657587640E-3
2.550268487E1,4.401361570E-3,5.123182200E-3,-2.120854333E-3
2.551266087E1,1.167218899E-3,8.717384189E-3,-1.851608511E-3
2.552263788E1,1.116513158E-4,1.443220861E-2,2.756994218E-5
2.553261388E1,1.192362048E-3,1.402873918E-2,-2.367943060E-3
2.554258987E1,9.678154020E-4,1.160657406E-2,-1.337196678E-3
2.555256688E1,3.723325790E-4,1.200311817E-2,5.203578621E-4
2.556254288E1,-3.495809622E-3,1.182099432E-2,-1.526224893E-3
2.557251888E1,-6.720897742E-3,1.476219110E-2,7.678219117E-4
2.558249587E1,-1.120620314E-2,1.745633595E-2,2.029673196E-4
2.559247188E1,-1.348453760E-2,1.560277492E-2,-2.890827134E-3
2.560244788E1,-1.762991026E-2,1.159963664E-2,-6.865541916E-3
2.561242487E1,-2.094634436E-2,9.645408951E-3,-7.825877517E-3
2.562240087E1,-2.411815897E-2,9.303899482E-3,-1.045388728E-2
2.563237788E1,-2.345849574E-2,9.353701025E-3,-6.894837599E-3
2.564235312E1,-2.717286162E-2,1.093107462E-2,-4.245152231E-3
2.565232912E1,-2.739923075E-2,1.380462572E-2,4.505338147E-4
2.566230613E1,-3.173166141E-2,1.462381333E-2,4.089210648E-3
2.567228213E1,-3.169703856E-2,1.853892766E-2,5.648757797E-3
2.568225812E1,-2.840327844E-2,2.307489142E-2,8.079259656E-3
2.569223512E1,-2.795080841E-2,2.529357187E-2,8.492847905E-3
2.570221113E1,-2.221512981E-2,2.928167954E-2,5.380312447E-3
2.571218713E1,-1.989551634E-2,2.429570816E-2,1.031104010E-3
2.572216412E1,-1.703292504E-2,2.187549323E-2,-1.281480771E-3
2.573214013E1,-1.426456682E-2,1.658326015E-2,-3.729191609E-3
2.574211613E1,-1.039623097E-2,1.469502877E-2,-2.761343960E-3
2.575209313E1,-9.993027896E-3,9.246201254E-3,-1.428964548E-3
2.576206912E1,-1.080300100E-2,6.333909463E-3,-8.298065513E-4
2.577204513E1,-1.003893930E-2,8.772034198E-3,-2.044965513E-4
2.578202213E1,-9.420852177E-3,3.272228874E-3,1.867542276E-3
2.579199812E1,-1.352078840E-2,6.017948035E-3,5.442569964E-3
2.580197412E1,-1.461786870E-2,4.752203822E-3,6.472900510E-3
2.581195113E1,-1.509856991E-2,2.442177851E-3,7.548551075E-3
2.582192713E1,-1.455555577E-2,2.759007271E-3,9.720358998E-3
2.583190312E1,-1.601150632E-2,5.045597441E-3,9.822092019E-3
2.584188012E1,-1.271247678E-2,4.027786199E-3,1.271476224E-2
2.585185613E1,-5.958168302E-3,3.090620041E-3,1.142659131E-2
2.586183213E1,2.809542930E-3,5.270346534E-3,1.429098099E-2
2.587180912E1,9.334553964E-3,2.895605750E-3,1.235646009E-2
2.588178513E1,1.552499738E-2,2.388711553E-3,9.457716718E-3
2.589176113E1,1.931867190E-2,-1.852905145E-3,9.340271354E-3
2.590173813E1,2.095563896E-2,-8.309077471E-3,7.743916009E-3
2.591171412E1,2.332691662E-2,-1.548629627E-2,3.367277328E-3
2.592169113E1,2.146499045E-2,-1.852038316E-2,3.821560647E-3
2.593166713E1,2.171266451E-2,-1.334026828E-2,3.235399025E-3
2.594164312E1,2.224810421E-2,-8.114553988E-3,4.576783162E-3
2.595162012E1,1.774070412E-2,-5.603726022E-3,5.689185578E-3
2.596159613E1,1.263910905E-2,-4.489328712E-4,3.182989545E-3
2.597157213E1,8.343163878E-3,7.956003770E-3,3.383792005E-3
2.598154912E1,3.182761371E-3,1.508191042E-2,-6.058909930E-4
2.599152512E1,-1.816524658E-3,2.428579517E-2,-3.240822349E-3
2.600150113E1,-3.417721484E-3,3.215131536E-2,-3.094934858E-3
2.601147813E1,6.073800032E-4,4.161272943E-2,-6.263297983E-3
2.602145412E1,5.254044663E-3,4.898827150E-2,-3.836621530E-3
2.603143013E1,8.712958544E-3,5.239631981E-2,-2.563364338E-3
2.604140713E1,1.034798194E-2,5.649060756E-2,-1.826148946E-3
2.605138313E1,8.570055477E-3,5.881261826E-2,-2.242400777E-3
2.606135912E1,2.843417227E-3,5.596753955E-2,-3.840990830E-3
2.607133613E1,-4.097046796E-3,5.037223920E-2,-5.200268235E-3
2.608131213E1,-1.223923359E-2,3.997300193E-2,-5.941213109E-3
2.609128812E1,-1.647445932E-2,3.388528153E-2,-3.848501481E-3
2.610126512E1,-2.136672661E-2,2.979651466E-2,5.731256213E-3
2.611124113E1,-2.349965274E-2,1.762480289E-2,9.712948464E-3
2.612121713E1,-2.208430693E-2,1.168201491E-2,1.432975847E-2
2.613119412E1,-2.100093290E-2,2.563884482E-3,1.807629317E-2
2.614117012E1,-1.710438915E-2,-5.793632939E-3,1.857206039E-2
2.615114613E1,-1.246782672E-2,-1.463532820E-2,1.661303826E-2
2.616112313E1,-1.022012997E-2,-2.604501881E-2,1.776885428E-2
2.617109912E1,-1.231736876E-2,-3.301557899E-2,1.777391508E-2
2.618107613E1,-1.395637169E-2,-3.451168910E-2,1.401373930E-2
2.619105213E1,-1.633004658E-2,-3.268769011E-2,1.472054236E-2
2.620102813E1,-1.671462506E-2,-2.624097280E-2,1.466435567E-2
2.621100512E1,-1.600489207E-2,-1.887200773E-2,1.193115395E-2
2.622098113E1,-1.365187950E-2,-8.342455141E-3,9.171372280E-3
2.623095713E1,-1.103825308E-2,-2.304802649E-3,7.401701994E-3
2.624093412E1,-6.938101724E-3,7.963618264E-3,7.156530395E-3
2.625091012E1,-4.450709559E-3,1.542020403E-2,5.874751136E-3
2.626088613E1,-5.565143190E-3,2.322756313E-2,7.182418369E-3
2.627086313E1,-4.231431987E-3,2.817438357E-2,5.995181389E-3
2.628083912E1,-8.794053458E-3,3.400063515E-2,6.368499715E-3
2.629081512E1,-9.611643851E-3,3.780283034E-2,5.559964105E-3
2.630079213E1,-7.943873294E-3,3.841991723E-2,6.964571308E-3
2.631076813E1,-6.644250825E-3,3.241768479E-2,6.640730891E-3
2.632074412E1,-3.931179177E-3,2.703857981E-2,6.874076091E-3
2.633072113E1,-4.655559082E-3,1.819635369E-2,8.795546368E-3
2.634069713E1,-7.326709572E-3,1.381518692E-2,9.289829060E-3
2.635067313E1,-1.262719929E-2,9.931765497E-3,1.006693952E-2
2.636065012E1,-1.570970379E-2,5.202382337E-3,8.971635252E-3
2.637062613E1,-1.668069139E-2,5.421826150E-3,8.077079430E-3
2.638060213E1,-1.703494973E-2,2.924031112E-3,5.046243779E-3
2.639057912E1,-1.376325637E-2,1.661160029E-3,5.764764734E-3
2.640055512E1,-8.446661755E-3,2.131154295E-3,3.851594636E-3
2.641053213E1,-4.116361961E-3,4.961828701E-3,9.968608618E-3
2.642050813E1,-1.907291124E-3,8.110927418E-3,1.022081915E-2
2.643048412E1,-4.821854644E-3,9.473668411E-3,8.640499786E-3
2.644046112E1,-6.411661860E-3,1.072539110E-2,1.070583612E-2
2.645043713E1,-1.204344817E-2,9.398870170E-3,1.012153737E-2
2.646041313E1,-1.422823966E-2,1.184198074E-2,1.088735275E-2
2.647039012E1,-1.231049746E-2,1.211095974E-2,1.170760673E-2
2.648036613E1,-7.967361249E-3,1.436046138E-2,1.034369506E-2
2.649034213E1,-5.162786227E-3,1.748807728E-2,8.813709021E-3
2.650031913E1,-1.400483889E-4,1.387736388E-2,7.856295444E-3
2.651029512E1,4.650179297E-3,6.678839214E-3,5.661850795E-3
2.652027113E1,8.794642985E-3,6.560296752E-4,3.375421278E-3
2.653024813E1,8.666810580E-3,-5.538216792E-3,2.117876662E-3
2.654022412E1,9.319395758E-3,-4.533458501E-3,-1.755869016E-4
2.655020012E1,6.714823656E-3,-4.786991514E-3,-3.420115449E-3
2.656017713E1,8.170757443E-3,-3.868735628E-3,-5.948511884E-3
2.657015313E1,7.498575374E-3,-2.284421120E-3,-7.251863368E-3
2.658012912E1,8.801916614E-3,1.457944047E-3,-7.881965488E-3
2.659010612E1,8.820027113E-3,5.863877479E-3,-9.662820026E-3
2.660008213E1,9.785026312E-3,1.014530007E-2,-8.743723854E-3
2.661005813E1,9.394074790E-3,1.334055979E-2,-4.671484698E-3
2.662003512E1,7.995411754E-3,1.659424976E-2,-5.048415624E-3
2.663001113E1,4.585500341E-3,1.849654503E-2,-4.545611329E-3
2.663998825E1,1.746106427E-3,1.633824967E-2,-3.611487802E-3
2.664996425E1,-5.615936127E-3,2.209546976E-2,-2.097480930E-3
2.665994025E1,-1.735624857E-2,2.741505392E-2,1.533215865E-3
2.666991725E1,-1.356630493E-2,1.996086724E-2,-6.985128857E-4
2.667989325E1,-1.600414515E-2,1.200049184E-2,-3.578723408E-3
2.668986925E1,-1.878368668E-2,1.243451610E-3,-5.202985369E-3
2.669984625E1,-1.551874354E-2,-1.051595062E-2,-9.995107539E-4
2.670982225E1,-5.019763950E-3,-1.240972430E-2,2.456739778E-3
2.671979825E1,8.505417965E-3,-1.827724278E-3,3.599928692E-3
2.672977525E1,1.987791434E-2,1.217384636E-2,3.761316184E-3
2.673975125E1,2.610299550E-2,1.880536415E-2,1.364580123E-3
2.674972725E1,2.804683708E-2,1.697657071E-2,-4.136711825E-3
2.675970425E1,1.579385251E-2,4.900361877E-3,-8.154786192E-3
2.676968025E1,2.614401281E-3,-1.199419983E-2,-1.039796695E-2
2.677965625E1,-1.751257293E-2,-2.095612139E-2,-9.404119104E-3
2.678963325E1,-3.057564422E-2,-1.868391037E-2,-3.908953164E-3
2.679960925E1,-3.762281314E-2,-1.034500822E-2,2.543234266E-3
2.680958525E1,-3.393673152E-2,5.056318361E-3,9.555071592E-3
2.681956225E1,-3.077648580E-2,1.549809240E-2,1.614502072E-2
2.682953825E1,-2.541660704E-2,1.801637746E-2,1.285495050E-2
2.683951525E1,-2.689481340E-2,3.733079880E-3,6.389644928E-3
2.684949125E1,-3.566486761E-2,-1.393220015E-2,-2.007302362E-3
2.685946725E1,-3.535433859E-2,-2.960321680E-2,-3.790026065E-3
2.686944425E1,-2.147767134E-2,-3.285866231E-2,-2.044323832E-3
2.687942025E1,-6.253241561E-3,-1.729472354E-2,1.640004339E-3
2.688939625E1,1.442860067E-2,1.167620718E-2,4.428067710E-3
2.689937325E1,3.123404272E-2,3.463606536E-2,-8.968655020E-4
2.690934925E1,4.291732609E-2,4.855693877E-2,-6.239965558E-3
2.691932525E1,4.250056297E-2,4.769869149E-2,-1.610299014E-2
2.692930225E1,3.324687853E-2,3.627958894E-2,-2.550288290E-2
2.693927825E1,1.689433493E-2,4.056312516E-2,-2.669609152E-2
2.694925425E1,2.522412105E-4,4.668839648E-2,-2.624575235E-2
2.695923125E1,-9.036302567E-3,5.777337402E-2,-1.560518704E-2
2.696920725E1,-1.305048540E-2,6.129114702E-2,-6.744316779E-3
2.697918325E1,-1.939864084E-2,5.267031863E-2,-5.500824191E-4
2.698916025E1,-2.728319541E-2,4.417430237E-2,-1.629195642E-3
2.699913625E1,-3.108295240E-2,3.744317964E-2,-1.685487106E-3
2.700911225E1,-3.129281104E-2,4.016306624E-2,-5.762805231E-4
2.701908925E1,-2.355131879E-2,4.790707678E-2,3.705389798E-3
2.702906525E1,-1.073086075E-2,5.489308015E-2,3.939747810E-3
2.703904125E1,1.008851454E-3,5.754539743E-2,4.904972389E-3
2.704901825E1,1.870875247E-2,5.390725285E-2,-8.871369064E-4
2.705899425E1,2.705148235E-2,4.627138749E-2,-3.375278320E-3
2.706897125E1,3.367209807E-2,3.898790851E-2,-9.246749803E-3
2.707894725E1,3.186875582E-2,3.903207555E-2,-1.300371625E-2
2.708892325E1,2.520446107E-2,4.137485847E-2,-1.131580584E-2
2.709890025E1,1.394546218E-2,4.484000057E-2,-1.012174599E-2
2.710887625E1,-4.523825832E-3,5.083610862E-2,-9.831992909E-3
2.711885225E1,-2.238110639E-2,5.509388447E-2,-9.540651925E-3
2.712882925E1,-4.272685945E-2,5.806996673E-2,-8.973665535E-3
2.713880525E1,-5.462102219E-2,5.618029460E-2,-1.117513515E-2
2.714878125E1,-5.503940582E-2,5.700374395E-2,-9.642751887E-3
2.715875825E1,-4.598934948E-2,6.167798489E-2,-7.516162936E-3
2.716873425E1,-2.554932050E-2,6.567831337E-2,-3.269486595E-3
2.717871025E1,-2.012261888E-3,7.098734379E-2,-1.170216594E-3
2.718868725E1,1.714145951E-2,7.188536227E-2,-4.768413957E-3
2.719866325E1,2.923467569E-2,7.426722348E-2,-1.049192995E-2
2.720863925E1,3.369680047E-2,7.354630530E-2,-1.645394787E-2
2.721861625E1,3.592547402E-2,7.473546267E-2,-1.967881061E-2
2.722859225E1,3.858730569E-2,6.927145272E-2,-2.315849811E-2
2.723856925E1,3.575173393E-2,6.030393392E-2,-2.611173317E-2
2.724854525E1,2.962832712E-2,5.698110163E-2,-2.455964312E-2
2.725852125E1,2.016185969E-2,5.341308936E-2,-2.385177650E-2
2.726849825E1,1.277451683E-2,4.680152610E-2,-1.779548079E-2
2.727847425E1,9.791103657E-4,4.090315849E-2,-1.523431949E-2
2.728845025E1,-9.435446933E-3,3.866290674E-2,-1.522233523E-2
2.729842725E1,-1.479262020E-2,4.039610922E-2,-1.031742617E-2
2.730840325E1,-1.389034092E-2,4.071275890E-2,-1.063540764E-2
2.731837925E1,-2.484683180E-3,3.714531660E-2,-6.892298348E-3
2.732835625E1,9.031357244E-3,3.334951401E-2,-5.975105800E-3
2.733833225E1,2.078189515E-2,3.483427688E-2,-7.217510138E-3
2.734830825E1,2.671035938E-2,3.897682205E-2,-9.645780548E-3
2.735828525E1,3.302852437E-2,4.095939547E-2,-1.331441104E-2
2.736826125E1,3.204235807E-2,4.425345361E-2,-1.551471464E-2
2.737823725E1,2.988015115E-2,4.446163401E-2,-1.820752025E-2
2.738821425E1,2.325686999E-2,4.287678748E-2,-2.300493978E-2
2.739819025E1,1.436959952E-2,4.176765680E-2,-2.392815985E-2
2.740816625E1,5.830972921E-3,4.567078501E-2,-2.320910618E-2
2.741814325E1,-7.464754395E-3,4.790210724E-2,-2.426206507E-2
2.742811925E1,-1.601483300E-2,4.904167354E-2,-2.287109569E-2
2.743809625E1,-1.831791550E-2,4.987045377E-2,-2.300053835E-2
2.744807225E1,-1.482917555E-2,4.804885015E-2,-2.089131624E-2
2.745804825E1,-5.708237644E-3,4.863834754E-2,-1.879678108E-2
2.746802525E1,3.090047743E-3,4.582578316E-2,-1.721406542E-2
2.747800125E1,1.347664837E-2,4.651802406E-2,-1.626385190E-2
2.748797725E1,2.120221220E-2,4.769700766E-2,-1.891929097E-2
2.749795425E1,2.742128447E-2,4.317444563E-2,-2.092742361E-2
2.750793025E1,2.898642421E-2,3.455006704E-2,-2.419086173E-2
2.751790625E1,3.047166951E-2,2.918113396E-2,-2.670941316E-2
2.752788325E1,2.693605609E-2,2.754462138E-2,-2.963463031E-2
2.753785925E1,2.532855980E-2,2.129639685E-2,-3.210923076E-2
2.754783525E1,2.350189723E-2,1.510028727E-2,-3.280032054E-2
2.755781225E1,1.815220527E-2,1.179594733E-2,-3.195328265E-2
2.756778825E1,1.162958983E-2,1.613343693E-2,-2.989039943E-2
2.757776425E1,6.731919944E-3,1.711796969E-2,-2.588744834E-2
2.758774125E1,4.105777014E-3,1.962347329E-2,-2.267753892E-2
2.759771725E1,3.413292114E-3,1.753704250E-2,-2.124198340E-2
2.760769425E1,3.894258756E-3,1.698763296E-2,-1.975647174E-2
2.761767025E1,8.752172813E-3,1.668271981E-2,-1.889584027E-2
2.762764625E1,1.151413750E-2,1.864680089E-2,-1.832778752E-2
2.763762367E1,1.625057310E-2,1.858963072E-2,-2.051903866E-2
2.764759967E1,2.190366574E-2,1.652328484E-2,-2.390018851E-2
2.765757567E1,2.445567399E-2,1.398099586E-2,-2.675515600E-2
2.766755267E1,2.667541988E-2,1.143448055E-2,-2.882656269E-2
2.767752867E1,2.540101111E-2,1.366715506E-2,-3.122560121E-2
2.768750467E1,2.600501478E-2,1.184635051E-2,-3.043970279E-2
2.769748167E1,2.664373815E-2,1.697297022E-2,-3.010435030E-2
2.770745767E1,2.403170988E-2,1.481767371E-2,-2.888355777E-2
2.771743367E1,2.295861207E-2,1.286935620E-2,-2.905085310E-2
2.772741067E1,1.740885153E-2,7.674062625E-3,-3.169324249E-2
2.773738667E1,1.216206606E-2,6.091137417E-3,-3.078650311E-2
2.774736267E1,1.035457943E-2,9.778549895E-3,-2.881922573E-2
2.775733967E1,1.092938706E-2,1.233868022E-2,-2.648810111E-2
2.776731567E1,1.403196994E-2,1.461541560E-2,-2.624548599E-2
2.777729167E1,2.012665384E-2,1.631293073E-2,-2.649485692E-2
2.778726867E1,2.488146164E-2,1.304736175E-2,-2.705198899E-2
2.779724467E1,2.711347491E-2,1.096930169E-2,-2.870183066E-2
2.780722167E1,3.131594136E-2,8.288296871E-3,-3.124941140E-2
2.781719767E1,3.543024883E-2,6.778903306E-3,-3.373333439E-2
2.782717367E1,3.761537001E-2,3.156471532E-3,-3.337833285E-2
2.783715067E1,3.608459607E-2,2.512699924E-3,-3.438474983E-2
2.784712667E1,3.337376565E-2,7.035812363E-3,-3.433521464E-2
2.785710267E1,2.578939684E-2,9.476702660E-3,-3.391107172E-2
2.786707967E1,1.998716779E-2,1.204851829E-2,-3.445835412E-2
2.787705567E1,1.663979515E-2,1.445165090E-2,-3.394506127E-2
2.788703167E1,1.480194740E-2,1.271393895E-2,-3.204622865E-2
2.789700867E1,1.402094588E-2,1.132122800E-2,-3.127998114E-2
2.790698467E1,1.669422723E-2,6.524342578E-3,-3.136467189E-2
2.791696067E1,1.735925861E-2,6.599991117E-3,-3.051548451E-2
2.792693767E1,1.904264279E-2,1.064719632E-2,-3.053040057E-2
2.793691367E1,1.993475482E-2,1.779155433E-2,-3.069328330E-2
2.794688967E1,2.238566242E-2,1.807038859E-2,-3.552851826E-2
2.795686667E1,2.251026593E-2,1.683289558E-2,-3.758571669E-2
2.796684267E1,2.366874181E-2,1.213854179E-2,-3.833033890E-2
2.797681967E1,2.548520640E-2,7.021251135E-3,-3.961652145E-2
2.798679567E1,2.785728313E-2,9.409573860E-3,-3.876564279E-2
2.799677167E1,3.321332857E-2,1.327689271E-2,-3.724343330E-2
2.800674867E1,3.450709209E-2,1.531634200E-2,-3.878300637E-2
2.801672467E1,3.381054103E-2,1.332878042E-2,-3.954277188E-2
2.802670067E1,2.572198585E-2,1.389656495E-2,-4.103707150E-2
2.803667767E1,1.461771503E-2,1.031045523E-2,-4.235756770E-2
2.804665367E1,9.000842459E-3,5.934881046E-3,-4.091519862E-2
2.805662967E1,4.970576614E-3,5.325160455E-3,-3.862386942E-2
2.806660667E1,1.017039828E-2,7.583787199E-3,-3.664593771E-2
2.807658267E1,1.798152924E-2,8.741226047E-3,-3.326498345E-2
2.808655867E1,2.403995395E-2,1.255700365E-2,-3.115975671E-2
2.809653567E1,3.145629168E-2,7.223033346E-3,-3.407182917E-2
2.810651167E1,3.497246280E-2,-3.478347324E-3,-3.572139144E-2
2.811648767E1,3.565859795E-2,-5.839648657E-3,-3.962419927E-2
2.812646467E1,3.723918274E-2,1.608680002E-3,-3.706010804E-2
2.813644067E1,3.739817813E-2,1.073755417E-2,-3.748621792E-2
2.814641767E1,3.501145542E-2,2.037473582E-2,-3.760605678E-2
2.815639367E1,3.393623605E-2,2.770629525E-2,-3.940188140E-2
2.816636967E1,3.224006668E-2,1.864888333E-2,-4.572848603E-2
2.817634667E1,2.458885685E-2,1.112458389E-2,-4.686310142E-2
2.818632267E1,1.507524587E-2,1.184949558E-2,-4.512565583E-2
2.819629867E1,8.948319592E-3,1.624236070E-2,-4.178727046E-2
2.820627567E1,7.890511304E-3,2.263794094E-2,-3.826683760E-2
2.821625167E1,1.180252712E-2,2.701834217E-2,-3.760045767E-2
2.822622767E1,1.681299880E-2,2.610381320E-2,-3.881326318E-2
2.823620467E1,2.542609721E-2,1.921364851E-2,-4.264534265E-2
2.824618067E1,3.201928362E-2,1.623037644E-2,-4.373910278E-2
2.825615667E1,3.497391939E-2,1.246879436E-2,-4.615028948E-2
2.826613367E1,3.793162480E-2,1.636925898E-2,-4.935327172E-2
2.827610967E1,4.489444569E-2,1.837390289E-2,-4.892715439E-2
2.828608567E1,4.819543287E-2,1.730917022E-2,-5.027285218E-2
2.829606267E1,5.344020948E-2,2.408352494E-2,-4.800746217E-2
2.830603867E1,5.151740834E-2,2.355009317E-2,-5.135186017E-2
2.831601567E1,4.312200099E-2,2.077186480E-2,-5.108916014E-2
2.832599167E1,3.613439947E-2,1.956625096E-2,-5.047769845E-2
2.833596767E1,2.638103627E-2,1.628210768E-2,-5.053297430E-2
2.834594467E1,1.998572052E-2,2.257302776E-2,-4.990366846E-2
2.835592067E1,1.360805891E-2,2.266999148E-2,-4.793491587E-2
2.836589667E1,1.313481480E-2,1.864302531E-2,-4.507654533E-2
2.837587367E1,1.915669627E-2,1.432202570E-2,-4.404233396E-2
2.838584967E1,2.456531115E-2,8.832452819E-3,-4.502476752E-2
2.839582567E1,3.174284101E-2,7.382997777E-3,-4.362591356E-2
2.840580267E1,4.254648462E-2,6.456484552E-3,-4.383310676E-2
2.841577867E1,5.059396848E-2,7.158207707E-3,-4.227824509E-2
2.842575467E1,5.402811617E-2,1.165389083E-2,-4.295175523E-2
2.843573167E1,5.109502375E-2,9.073859081E-3,-4.589503631E-2
2.844570767E1,4.647630453E-2,3.652461339E-3,-4.708333686E-2
2.845568467E1,3.780944273E-2,1.547192223E-3,-4.983674735E-2
2.846566067E1,2.945191227E-2,-2.563004382E-4,-4.981757328E-2
2.847563667E1,2.677295916E-2,3.194592427E-3,-4.894925654E-2
2.848561367E1,2.628906257E-2,6.193045992E-3,-4.915325344E-2
2.849558967E1,2.439640649E-2,1.251904666E-2,-4.358096048E-2
2.850556567E1,2.325950377E-2,1.773697883E-2,-4.206668586E-2
2.851554267E1,1.997696422E-2,1.666552573E-2,-4.119036347E-2
2.852551867E1,1.714309305E-2,1.505111717E-2,-4.343967140E-2
2.853549467E1,1.862433739E-2,1.134203933E-2,-4.578324407E-2
2.854547167E1,2.809666842E-2,7.812020835E-3,-4.540400952E-2
2.855544767E1,4.471872374E-2,3.814771306E-3,-4.410427064E-2
2.856542367E1,5.956744403E-2,6.608959753E-3,-4.415380582E-2
2.857540067E1,6.346909702E-2,8.231222630E-3,-4.698311165E-2
2.858537667E1,6.927531958E-2,9.326048195E-3,-5.195549875E-2
2.859535367E1,6.663111597E-2,6.847013719E-3,-5.431303009E-2
2.860532967E1,5.745891854E-2,4.680266604E-3,-5.843374133E-2
2.861530567E1,4.761785269E-2,1.378476433E-2,-5.808135495E-2
2.862528267E1,3.881051391E-2,1.889909804E-2,-5.728959292E-2
2.863525863E1,3.586084023E-2,2.617122792E-2,-5.342544615E-2
2.864523463E1,3.744355589E-2,2.620558254E-2,-5.367898196E-2
2.865521162E1,3.620880470E-2,2.543118782E-2,-5.327662826E-2
2.866518762E1,3.716275096E-2,1.904759184E-2,-5.453949794E-2
2.867516363E1,3.698156029E-2,1.538171805E-2,-5.516966060E-2
2.868514063E1,3.763802722E-2,1.478330605E-2,-5.479788408E-2
2.869511662E1,3.891996294E-2,2.051101811E-2,-5.526212230E-2
2.870509363E1,4.056526348E-2,2.619526908E-2,-5.536332354E-2
2.871506963E1,4.406770319E-2,2.653938904E-2,-5.763522163E-2
2.872504563E1,5.023212358E-2,2.239923924E-2,-6.213995814E-2
2.873502262E1,5.158746243E-2,1.674403809E-2,-6.229133531E-2
2.874499863E1,4.775863513E-2,1.646653749E-2,-6.667196751E-2
2.875497463E1,4.175627604E-2,1.563993469E-2,-6.981932372E-2
2.876495162E1,3.671357781E-2,1.036367938E-2,-7.063611597E-2
2.877492762E1,3.397450596E-2,4.140233621E-3,-7.189945132E-2
2.878490363E1,2.893287875E-2,3.388689365E-3,-7.313808799E-2
2.879488063E1,2.751376107E-2,7.869565859E-3,-6.720822304E-2
2.880485662E1,2.947411500E-2,1.338071097E-2,-6.393306702E-2
2.881483262E1,3.056467138E-2,1.457211748E-2,-6.170798466E-2
2.882480963E1,3.305099905E-2,1.183625124E-2,-6.151543930E-2
2.883478563E1,3.565397486E-2,9.552592412E-3,-6.211358681E-2
2.884476262E1,4.045618698E-2,5.206845235E-3,-6.050530449E-2
2.885473862E1,4.334577173E-2,4.154650029E-3,-6.023803353E-2
2.886471463E1,4.819645360E-2,5.202870350E-3,-6.097466499E-2
2.887469163E1,5.263273790E-2,1.434221398E-2,-6.248147786E-2
2.888466762E1,5.180662870E-2,2.221345529E-2,-6.538166106E-2
2.889464363E1,4.359312356E-2,2.773372456E-2,-6.660021842E-2
2.890462063E1,3.742044792E-2,3.147972748E-2,-6.895338744E-2
2.891459662E1,2.448133007E-2,2.402478270E-2,-7.236272097E-2
2.892457262E1,8.866683580E-3,1.483581029E-2,-7.834045589E-2
2.893454963E1,-6.208791165E-4,3.546476830E-3,-7.904554904E-2
2.894452563E1,-4.549574573E-3,2.871632110E-3,-7.872942835E-2
2.895450262E1,4.720001481E-3,1.235521305E-2,-7.411131263E-2
2.896447862E1,2.606870048E-2,2.476741001E-2,-7.049474120E-2
2.897445463E1,5.184855312E-2,3.699447960E-2,-6.552221626E-2
2.898443163E1,7.125367224E-2,3.878545761E-2,-6.512460858E-2
2.899440762E1,8.169424534E-2,3.390980139E-2,-6.848639250E-2
2.900438362E1,8.113897592E-2,2.657359280E-2,-7.115807384E-2
2.901436063E1,7.380101830E-2,3.012237884E-2,-7.403244078E-2
2.902433663E1,6.219203770E-2,3.404415399E-2,-7.611770183E-2
2.903431262E1,4.886462912E-2,4.105149955E-2,-7.781063020E-2
2.904428963E1,4.276119545E-2,4.543000087E-2,-7.968123257E-2
2.905426563E1,3.966043517E-2,4.321627691E-2,-8.017514646E-2
2.906424163E1,3.801007196E-2,3.189118579E-2,-7.773462683E-2
2.907421862E1,3.389400616E-2,2.877879143E-2,-7.416328788E-2
2.908419463E1,3.132671863E-2,2.823683619E-2,-6.975015998E-2
2.909417163E1,3.249396384E-2,3.155486286E-2,-6.405097991E-2
2.910414762E1,3.366895020E-2,3.124407120E-2,-6.372873485E-2
2.911412362E1,3.989389911E-2,2.552922443E-2,-6.363831460E-2
2.912410063E1,4.217543080E-2,2.397899888E-2,-6.603702158E-2
2.913407663E1,4.772375897E-2,2.454479784E-2,-6.922621280E-2
2.914405262E1,5.346819758E-2,2.240814269E-2,-7.160441577E-2
2.915402963E1,6.046673283E-2,1.940002479E-2,-7.686337829E-2
2.916400563E1,6.675951183E-2,1.594776846E-2,-7.675552368E-2
2.917398163E1,6.538882107E-2,1.263213903E-2,-7.731673867E-2
2.918395862E1,6.142843515E-2,9.184942581E-3,-7.586824149E-2
2.919393463E1,5.655168369E-2,7.347012870E-3,-7.474660873E-2
2.920391163E1,4.547346756E-2,9.501243941E-3,-7.426138222E-2
2.921388762E1,3.605095297E-2,1.119972579E-2,-7.465554029E-2
2.922386362E1,3.115126863E-2,1.633243635E-2,-7.422304153E-2
2.923384063E1,2.622862905E-2,2.151928097E-2,-7.386820018E-2
2.924381663E1,2.901429683E-2,1.727553271E-2,-7.226285338E-2
2.925379262E1,3.429464996E-2,1.621864736E-2,-7.186412066E-2
2.926376962E1,4.069475830E-2,1.538747549E-2,-7.268304378E-2
2.927374563E1,4.803301021E-2,1.155631524E-2,-7.589115202E-2
2.928372163E1,5.221363902E-2,2.219990641E-2,-7.523601502E-2
2.929369862E1,5.839962512E-2,3.306470811E-2,-7.770130038E-2
2.930367462E1,6.251686811E-2,3.419788182E-2,-8.156634122E-2
2.931365163E1,6.611597538E-2,3.134239465E-2,-8.356659114E-2
2.932362763E1,6.407146901E-2,3.147661686E-2,-8.376073837E-2
2.933360362E1,6.047353894E-2,3.435841948E-2,-8.650939167E-2
2.934358063E1,6.048392504E-2,3.102813847E-2,-8.625905216E-2
2.935355663E1,6.239983812E-2,3.390196338E-2,-8.406629413E-2
2.936353262E1,6.278786063E-2,4.138171673E-2,-8.329584450E-2
2.937350962E1,5.506884679E-2,3.543120623E-2,-8.387219906E-2
2.938348563E1,5.111724883E-2,2.693785168E-2,-8.180078864E-2
2.939346163E1,4.277287424E-2,2.026924491E-2,-8.087929338E-2
2.940343862E1,3.817652538E-2,1.605452597E-2,-7.815807313E-2
2.941341462E1,3.652172536E-2,2.029368468E-2,-7.427299023E-2
2.942339163E1,4.316791147E-2,2.718141861E-2,-7.032698393E-2
2.943336763E1,5.161271244E-2,2.692324482E-2,-7.057845592E-2
2.944334362E1,5.805250257E-2,1.793720573E-2,-7.603047788E-2
2.945332063E1,6.239873916E-2,9.763158858E-3,-7.747089118E-2
2.946329663E1,5.819414556E-2,6.542597897E-3,-8.070609719E-2
2.947327263E1,5.760961771E-2,7.933840156E-3,-8.002974838E-2
2.948324962E1,5.901896209E-2,1.951885782E-2,-7.865102589E-2
2.949322563E1,6.488990784E-2,2.894654125E-2,-7.862946391E-2
2.950320163E1,6.942900270E-2,3.602202609E-2,-8.121326566E-2
2.951317862E1,7.109823823E-2,3.954262286E-2,-8.396801353E-2
2.952315462E1,6.636899710E-2,3.290069848E-2,-8.566898108E-2
2.953313163E1,5.600494891E-2,2.578203753E-2,-8.656438440E-2
2.954310763E1,4.429849237E-2,2.317080833E-2,-8.518061042E-2
2.955308362E1,3.682976589E-2,2.420859039E-2,-8.314830810E-2
2.956306062E1,3.435222805E-2,3.189553693E-2,-7.842172682E-2
2.957303663E1,4.137519747E-2,3.775882721E-2,-7.345722616E-2
2.958301263E1,4.865867645E-2,3.262052685E-2,-7.490784675E-2
2.959298962E1,5.727412552E-2,1.566058397E-2,-7.872438431E-2
2.960296563E1,6.037750840E-2,1.424923539E-3,-8.056995273E-2
2.961294163E1,5.709961057E-2,3.103480674E-3,-8.531398326E-2
2.962291863E1,5.579466373E-2,1.165808551E-2,-8.586233109E-2
2.963289462E1,6.086510420E-2,1.808342338E-2,-8.897539973E-2
2.964287125E1,6.868387759E-2,1.959050447E-2,-9.032695740E-2
2.965284725E1,7.227931172E-2,1.974813454E-2,-8.992141485E-2
2.966282325E1,6.885369122E-2,1.315707713E-2,-9.128841758E-2
2.967280025E1,6.743824482E-2,1.465947647E-2,-9.171215445E-2
2.968277625E1,5.754514039E-2,2.817555144E-2,-8.968229592E-2
2.969275225E1,5.276384950E-2,3.240726888E-2,-8.975236863E-2
2.970272925E1,5.290659517E-2,3.773998097E-2,-9.086983651E-2
2.971270525E1,5.719710141E-2,4.239310697E-2,-9.001608193E-2
2.972268125E1,5.844293162E-2,4.145088047E-2,-8.891353011E-2
2.973265825E1,6.172411144E-2,4.140637815E-2,-9.067234397E-2
2.974263425E1,6.172144786E-2,3.954349831E-2,-9.332165867E-2
2.975261125E1,6.175920367E-2,4.101504385E-2,-9.663157910E-2
2.976258725E1,6.243937463E-2,4.525399953E-2,-9.591172636E-2
2.977256325E1,6.201312318E-2,3.839756176E-2,-9.713941067E-2
2.978254025E1,6.310235709E-2,3.674054146E-2,-9.728721529E-2
2.979251625E1,6.007147208E-2,3.143075481E-2,-9.767454863E-2
2.980249225E1,5.736383796E-2,2.129716240E-2,-9.616799653E-2
2.981246925E1,5.811866745E-2,1.929759234E-2,-9.865931422E-2
2.982244525E1,6.280982494E-2,1.269108895E-2,-9.955386817E-2
2.983242225E1,7.294724882E-2,1.680259779E-2,-9.537105262E-2
2.984239825E1,7.859608531E-2,2.892584167E-2,-9.451058507E-2
2.985237425E1,7.834783196E-2,2.887141332E-2,-9.582848847E-2
2.986235125E1,7.855022699E-2,3.649497777E-2,-9.883892536E-2
2.987232725E1,7.360336930E-2,3.123326972E-2,-1.031829789E-1
2.988230325E1,6.875641644E-2,1.837179996E-2,-1.073502973E-1
2.989228025E1,6.065499410E-2,2.350687049E-2,-1.032941639E-1
2.990225625E1,5.541389436E-2,2.305786125E-2,-1.033077464E-1
2.991223225E1,5.410960317E-2,3.178650886E-2,-9.546203911E-2
2.992220925E1,5.376871675E-2,3.914775327E-2,-9.307691455E-2
2.993218525E1,5.176351219E-2,2.554117888E-2,-9.459096193E-2
2.994216225E1,5.632417649E-2,2.420986444E-2,-9.094749391E-2
2.995213825E1,5.304181576E-2,1.233224571E-2,-9.547805041E-2
2.996211425E1,5.248814449E-2,7.671979722E-3,-9.458402544E-2
2.997209125E1,5.243324488E-2,2.156675048E-2,-9.442574531E-2
2.998206725E1,5.360237509E-2,2.147620171E-2,-9.961651266E-2
2.999204325E1,6.703042239E-2,2.257213742E-2,-9.951660782E-2
3.000202025E1,7.486943901E-2,2.115933038E-2,-1.044394597E-1
3.001199625E1,8.308824897E-2,1.994723827E-2,-1.050083935E-1
3.002197325E1,8.551731706E-2,2.970639057E-2,-1.042448655E-1
3.003194925E1,8.110179007E-2,3.065261431E-2,-1.076600999E-1
3.004192525E1,7.980616391E-2,3.647881001E-2,-1.073138863E-1
3.005190225E1,7.545579225E-2,4.380513728E-2,-1.071664095E-1
3.006187825E1,7.228210568E-2,4.682036489E-2,-1.043786183E-1
3.007185425E1,7.032755017E-2,5.488830060E-2,-1.028546318E-1
3.008183125E1,6.464116275E-2,5.790779367E-2,-1.035808772E-1
3.009180725E1,5.595950410E-2,5.789838731E-2,-1.031176820E-1
3.010178325E1,4.763499647E-2,4.906041920E-2,-1.079768836E-1
3.011176025E1,4.425594211E-2,3.768727928E-2,-1.107068583E-1
3.012173625E1,4.755693302E-2,2.769323811E-2,-1.094554439E-1
3.013171325E1,5.601927638E-2,3.105670214E-2,-1.091619581E-1
3.014168925E1,6.977476925E-2,2.922631055E-2,-1.117382944E-1
3.015166525E1,8.861304075E-2,3.111647815E-2,-1.087438688E-1
3.016164225E1,1.025730669E-1,3.978693113E-2,-1.086703688E-1
3.017161825E1,1.090217605E-1,3.877381608E-2,-1.092836410E-1
3.018159425E1,1.102089956E-1,4.390199855E-2,-1.119816899E-1
3.019157125E1,1.011173129E-1,3.565642610E-2,-1.140985563E-1
3.020154725E1,9.056799859E-2,3.246808797E-2,-1.125813574E-1
3.021152425E1,6.969249249E-2,2.504619770E-2,-1.133133546E-1
3.022150025E1,5.454789102E-2,2.120432071E-2,-1.091329902E-1
3.023147625E1,4.798736051E-2,3.047812358E-2,-1.068318114E-1
3.024145325E1,4.263999686E-2,2.574701980E-2,-1.037241668E-1
3.025142925E1,4.653945193E-2,1.807118580E-2,-1.008629724E-1
3.026140525E1,5.119891837E-2,1.260344870E-2,-1.016808301E-1
3.027138225E1,5.654170364E-2,5.134779960E-3,-1.007938981E-1
3.028135825E1,6.333649158E-2,4.038622603E-3,-1.021592990E-1
3.029133425E1,7.150325924E-2,9.872682393E-3,-1.032265574E-1
3.030131125E1,7.848206908E-2,2.164465375E-2,-1.054550856E-1
3.031128725E1,8.382862806E-2,2.890239842E-2,-1.093674824E-1
3.032126425E1,8.872058988E-2,3.044356965E-2,-1.163833067E-1
3.033124025E1,8.885012567E-2,2.791564912E-2,-1.225548685E-1
3.034121625E1,8.910712600E-2,2.762829512E-2,-1.236523539E-1
3.035119325E1,8.494362980E-2,2.864271775E-2,-1.242347285E-1
3.036116925E1,8.222027868E-2,3.934303299E-2,-1.190298423E-1
3.037114525E1,7.844796777E-2,4.819398001E-2,-1.154053882E-1
3.038112225E1,7.053358108E-2,5.522685498E-2,-1.144285426E-1
3.039109825E1,6.099915504E-2,5.420196801E-2,-1.136151180E-1
3.040107525E1,5.250926688E-2,4.529715702E-2,-1.163938567E-1
3.041105125E1,4.380365834E-2,3.136376664E-2,-1.175616533E-1
3.042102725E1,4.341377318E-2,2.421584167E-2,-1.161994487E-1
3.043100425E1,5.310567468E-2,2.253020555E-2,-1.170700043E-1
3.044098025E1,7.171345502E-2,3.506463766E-2,-1.170090139E-1
3.045095625E1,9.681364149E-2,4.865797609E-2,-1.152365282E-1
3.046093325E1,1.157559082E-1,5.753056332E-2,-1.190816015E-1
3.047090925E1,1.279585510E-1,5.310060456E-2,-1.216388047E-1
3.048088625E1,1.299841553E-1,4.109560698E-2,-1.289252192E-1
3.049086225E1,1.172157079E-1,3.221309930E-2,-1.315028071E-1
3.050083825E1,9.753548354E-2,2.887242660E-2,-1.302002519E-1
3.051081525E1,7.901084423E-2,3.205446899E-2,-1.251595318E-1
3.052079125E1,6.013888866E-2,3.947510570E-2,-1.228186116E-1
3.053076725E1,4.849934205E-2,4.022090510E-2,-1.197702140E-1
3.054074425E1,4.333014786E-2,3.663576022E-2,-1.149922386E-1
3.055072025E1,4.772094637E-2,1.855965331E-2,-1.139811277E-1
3.056069725E1,5.483558029E-2,4.717340693E-3,-1.138138846E-1
3.057067325E1,6.233548000E-2,2.037696727E-2,-1.099555641E-1
3.058064925E1,6.925677508E-2,3.365921602E-2,-1.092737913E-1
3.059062625E1,8.234812319E-2,2.739166096E-2,-1.145861074E-1
3.060060225E1,9.564714879E-2,1.851028390E-2,-1.193776652E-1
3.061057825E1,9.354566038E-2,8.124586195E-3,-1.253553927E-1
3.062055525E1,9.154828638E-2,1.180906966E-2,-1.275567710E-1
3.063053125E1,8.979981393E-2,2.506989241E-2,-1.263882369E-1
3.064050717E1,8.638804406E-2,3.480933607E-2,-1.282897294E-1
3.065048417E1,8.682171255E-2,4.257986322E-2,-1.302164793E-1
3.066046017E1,8.255985379E-2,3.647030517E-2,-1.310196817E-1
3.067043717E1,7.592622936E-2,3.189845756E-2,-1.308160424E-1
3.068041317E1,6.356330216E-2,3.347637877E-2,-1.321705282E-1
3.069038917E1,5.681594089E-2,2.726058289E-2,-1.334174424E-1
3.070036617E1,5.591073260E-2,4.011060297E-2,-1.319782734E-1
3.071034217E1,6.349266320E-2,4.059382528E-2,-1.315730661E-1
3.072031817E1,8.217766136E-2,4.123724625E-2,-1.295546591E-1
3.073029517E1,1.000225246E-1,5.866927281E-2,-1.266098619E-1
3.074027117E1,1.060894728E-1,5.359968171E-2,-1.302677095E-1
3.075024817E1,1.105604619E-1,5.306209251E-2,-1.309193075E-1
3.076022417E1,1.054397374E-1,5.549675226E-2,-1.336887330E-1
3.077020017E1,9.639029205E-2,4.099353775E-2,-1.346093118E-1
3.078017717E1,8.952652663E-2,3.070201725E-2,-1.367113441E-1
3.079015317E1,8.161802590E-2,2.510289475E-2,-1.341081858E-1
3.080012917E1,7.793780416E-2,3.297493234E-2,-1.277014166E-1
3.081010617E1,7.676374167E-2,3.630286455E-2,-1.246595159E-1
3.082008217E1,8.164105564E-2,3.691831976E-2,-1.251918674E-1
3.083005917E1,8.929637074E-2,4.638401791E-2,-1.234236509E-1
3.084003517E1,8.985536546E-2,4.666018859E-2,-1.240574718E-1
3.085001117E1,9.053216130E-2,3.258717805E-2,-1.255000532E-1
3.085998817E1,8.484258503E-2,3.282632679E-2,-1.287408471E-1
3.086996417E1,7.473056763E-2,2.900372073E-2,-1.301475316E-1
3.087994017E1,6.854377687E-2,2.935392782E-2,-1.303475350E-1
3.088991717E1,7.109444588E-2,3.398814425E-2,-1.328704059E-1
3.089989317E1,7.884211093E-2,4.082661122E-2,-1.308522522E-1
3.090987017E1,8.733161539E-2,4.558841139E-2,-1.293728650E-1
3.091984617E1,9.396235645E-2,4.093613476E-2,-1.326085925E-1
3.092982217E1,9.797620028E-2,3.411965445E-2,-1.340148896E-1
3.093979917E1,9.860736877E-2,3.425893560E-2,-1.369696707E-1
3.094977517E1,9.198462218E-2,3.663207963E-2,-1.420634985E-1
3.095975117E1,9.299556166E-2,4.179088771E-2,-1.421295404E-1
3.096972817E1,9.636775404E-2,4.749816284E-2,-1.437939554E-1
3.097970417E1,9.075248241E-2,5.133338273E-2,-1.444557458E-1
3.098968117E1,8.901149035E-2,5.312932283E-2,-1.455868930E-1
3.099965717E1,8.562368900E-2,4.840594158E-2,-1.422083974E-1
3.100963317E1,8.124595881E-2,4.723172635E-2,-1.392440051E-1
3.101961017E1,7.603202015E-2,3.868324682E-2,-1.383534372E-1
3.102958617E1,7.111111283E-2,2.969464473E-2,-1.381507069E-1
3.103956217E1,7.400596887E-2,2.876493521E-2,-1.314318180E-1
3.104953917E1,7.896279544E-2,3.262295574E-2,-1.260556877E-1
3.105951517E1,8.993874490E-2,4.292140156E-2,-1.277292073E-1
3.106949217E1,9.789364040E-2,5.410587788E-2,-1.278206408E-1
3.107946817E1,1.043978855E-1,5.891394615E-2,-1.314361542E-1
3.108944417E1,1.059198156E-1,4.748008028E-2,-1.399416327E-1
3.109942117E1,1.034257635E-1,3.172774985E-2,-1.466256231E-1
3.110939717E1,9.476201236E-2,1.934814081E-2,-1.525869519E-1
3.111937317E1,8.557170630E-2,2.482040599E-2,-1.516724229E-1
3.112935017E1,8.270709962E-2,4.102206230E-2,-1.488993168E-1
3.113932617E1,8.583498001E-2,5.611925572E-2,-1.454350799E-1
3.114930317E1,9.645886719E-2,5.803922191E-2,-1.424605995E-1
3.115927917E1,1.019529700E-1,5.285218358E-2,-1.419838816E-1
3.116925517E1,1.025542319E-1,5.084992200E-2,-1.405272335E-1
3.117923217E1,9.759675711E-2,5.175246671E-2,-1.385652870E-1
3.118920817E1,9.179905057E-2,5.351511389E-2,-1.410340220E-1
3.119918417E1,8.863788098E-2,4.976271838E-2,-1.424894333E-1
3.120916117E1,8.844950050E-2,5.434573069E-2,-1.398151517E-1
3.121913717E1,9.053422511E-2,5.508982018E-2,-1.415337026E-1
3.122911417E1,9.193437546E-2,4.841889068E-2,-1.431656927E-1
3.123909017E1,9.251787513E-2,4.009358212E-2,-1.435638368E-1
3.124906617E1,8.971690387E-2,2.757173963E-2,-1.443127096E-1
3.125904317E1,8.666013181E-2,1.537339576E-2,-1.455668062E-1
3.126901917E1,8.625253290E-2,1.556010731E-2,-1.404444873E-1
3.127899617E1,9.046085924E-2,2.676482499E-2,-1.336925775E-1
3.128897217E1,9.810180217E-2,4.808328301E-2,-1.280337572E-1
3.129894817E1,9.881552309E-2,5.581417307E-2,-1.339262575E-1
3.130892517E1,9.436538070E-2,4.809011146E-2,-1.373319030E-1
3.131890117E1,8.557295054E-2,4.131955653E-2,-1.428577006E-1
3.132887717E1,7.201437652E-2,2.457514778E-2,-1.505661607E-1
3.133885417E1,6.937837601E-2,1.466552634E-2,-1.539912522E-1
3.134883017E1,7.584182918E-2,2.756711468E-2,-1.548593491E-1
3.135880717E1,8.849797398E-2,4.710885882E-2,-1.511764675E-1
3.136878317E1,1.113724485E-1,6.787691265E-2,-1.494657546E-1
3.137875917E1,1.255109012E-1,7.809812576E-2,-1.519709975E-1
3.138873617E1,1.332336813E-1,7.583013177E-2,-1.503409147E-1
3.139871217E1,1.282303929E-1,6.601824611E-2,-1.544296592E-1
3.140868817E1,1.144131273E-1,4.729552194E-2,-1.585013866E-1
3.141866517E1,9.978757799E-2,4.505234212E-2,-1.554459333E-1
3.142864117E1,8.801759034E-2,6.243101135E-2,-1.503619105E-1
3.143861817E1,8.492299914E-2,6.526248902E-2,-1.487427056E-1
3.144859417E1,8.691290766E-2,6.083684787E-2,-1.452489048E-1
3.145857017E1,8.701943606E-2,5.328678340E-2,-1.429636478E-1
3.146854717E1,7.996828109E-2,2.959799394E-2,-1.438653320E-1
3.147852317E1,8.092461526E-2,1.331009809E-2,-1.484254599E-1
3.148849917E1,8.610949665E-2,1.666088961E-2,-1.463989764E-1
3.149847617E1,9.585293382E-2,3.681781888E-2,-1.404324323E-1
3.150845217E1,1.087995395E-1,5.914838240E-2,-1.389731318E-1
3.151842917E1,1.126089245E-1,6.883243471E-2,-1.378402263E-1
3.152840517E1,1.169406250E-1,6.253311038E-2,-1.404758245E-1
3.153838117E1,1.044663787E-1,3.264525160E-2,-1.518432498E-1
3.154835817E1,8.719693869E-2,6.895973813E-3,-1.609663814E-1
3.155833417E1,7.784631848E-2,-1.633332577E-3,-1.643821448E-1
3.156831017E1,8.213459700E-2,2.481108159E-2,-1.587917507E-1
3.157828717E1,9.692525864E-2,6.350947171E-2,-1.515413076E-1
3.158826317E1,1.159219667E-1,9.158340096E-2,-1.484543830E-1
3.159824017E1,1.271136403E-1,9.451900423E-2,-1.485502571E-1
3.160821617E1,1.213363856E-1,6.838148832E-2,-1.573044956E-1
3.161819217E1,1.025150269E-1,2.801968157E-2,-1.673656553E-1
3.162816917E1,8.124867082E-2,1.606521010E-2,-1.677673608E-1
3.163814517E1,7.052945346E-2,3.187107295E-2,-1.623518169E-1
3.164812250E1,7.535182685E-2,5.791589618E-2,-1.551248878E-1
3.165809850E1,9.738203138E-2,7.350603491E-2,-1.467977166E-1
3.166807450E1,1.134241670E-1,7.092773914E-2,-1.436561495E-1
3.167805150E1,1.220062077E-1,4.654756188E-2,-1.462963969E-1
3.168802750E1,1.197109297E-1,2.436008863E-2,-1.519899219E-1
3.169800350E1,1.073109880E-1,2.403465100E-2,-1.537137777E-1
3.170798050E1,1.001659036E-1,4.140119255E-2,-1.535388976E-1
3.171795650E1,9.708915651E-2,5.940043181E-2,-1.502165943E-1
3.172793350E1,9.832870215E-2,6.258153170E-2,-1.506314725E-1
3.173790950E1,9.632307291E-2,5.259254947E-2,-1.510637105E-1
3.174788550E1,9.170322120E-2,2.892038785E-2,-1.578144282E-1
3.175786250E1,8.805043250E-2,7.321351673E-3,-1.651615500E-1
3.176783850E1,8.975824714E-2,1.521389931E-2,-1.678453237E-1
3.177781450E1,9.905853122E-2,5.094100162E-2,-1.617975533E-1
3.178779150E1,1.189066172E-1,9.128043801E-2,-1.555635184E-1
3.179776750E1,1.370203644E-1,1.066111922E-1,-1.535238028E-1
3.180774450E1,1.384847015E-1,9.567106515E-2,-1.564567238E-1
3.181772050E1,1.248354688E-1,6.177861616E-2,-1.662864536E-1
3.182769650E1,1.003357470E-1,3.165337071E-2,-1.728093922E-1
3.183767350E1,7.989785075E-2,2.660774812E-2,-1.713526547E-1
3.184764950E1,7.475025952E-2,4.540419206E-2,-1.648231596E-1
3.185762650E1,8.416213840E-2,6.832096726E-2,-1.562613547E-1
3.186760250E1,1.030454785E-1,7.131449878E-2,-1.530060470E-1
3.187757850E1,1.143583208E-1,5.495496467E-2,-1.534683704E-1
3.188755550E1,1.140319407E-1,3.377462924E-2,-1.543064415E-1
3.189753150E1,1.067942679E-1,1.912244782E-2,-1.570327133E-1
3.190750750E1,9.818854183E-2,2.284254879E-2,-1.590082645E-1
3.191748450E1,9.273359179E-2,3.876159340E-2,-1.580130458E-1
3.192746050E1,9.408320487E-2,5.701973662E-2,-1.528761983E-1
3.193743750E1,1.019275486E-1,5.623357370E-2,-1.566800028E-1
3.194741350E1,1.054928824E-1,3.342294320E-2,-1.607336551E-1
3.195738950E1,1.047274917E-1,1.043081097E-2,-1.710949391E-1
3.196736650E1,1.024591252E-1,2.301296592E-2,-1.723505855E-1
3.197734250E1,1.058434695E-1,5.222544447E-2,-1.683097780E-1
3.198731850E1,1.183017641E-1,8.091611415E-2,-1.654328406E-1
3.199729550E1,1.285874397E-1,9.709534794E-2,-1.636868715E-1
3.200727150E1,1.304295063E-1,8.310480416E-2,-1.646844149E-1
3.201724850E1,1.152108759E-1,5.140359327E-2,-1.701926291E-1
3.202722450E1,9.313837439E-2,2.758198045E-2,-1.773441136E-1
3.203720050E1,7.510344684E-2,3.161613643E-2,-1.742399335E-1
3.204717750E1,7.314872742E-2,5.290713906E-2,-1.688093096E-1
3.205715350E1,9.054582566E-2,7.128933817E-2,-1.633543521E-1
3.206713050E1,1.137932688E-1,7.581935823E-2,-1.613432020E-1
3.207710650E1,1.273639351E-1,6.799685955E-2,-1.595250666E-1
3.208708250E1,1.273141056E-1,5.003859848E-2,-1.635248363E-1
3.209705950E1,1.175229996E-1,4.376605526E-2,-1.659736037E-1
3.210703550E1,1.013907716E-1,3.521888703E-2,-1.747428477E-1
3.211701150E1,9.798804671E-2,3.261910751E-2,-1.768158525E-1
3.212698850E1,1.068018600E-1,4.751186818E-2,-1.718124896E-1
3.213696450E1,1.174585000E-1,5.186054111E-2,-1.714497656E-1
3.214694150E1,1.325749159E-1,5.266220868E-2,-1.709081382E-1
3.215691750E1,1.395737082E-1,5.873501673E-2,-1.714250594E-1
3.216689350E1,1.408420950E-1,6.756220013E-2,-1.757072955E-1
3.217687050E1,1.349820793E-1,6.961576641E-2,-1.794679463E-1
3.218684650E1,1.248167828E-1,7.635772973E-2,-1.782423556E-1
3.219682350E1,1.145303249E-1,7.653189451E-2,-1.739019305E-1
3.220679950E1,9.769330919E-2,6.458035856E-2,-1.762969345E-1
3.221677550E1,8.144909143E-2,4.218051583E-2,-1.804346889E-1
3.222675250E1,7.409277558E-2,3.000305779E-2,-1.781276166E-1
3.223672850E1,7.681825757E-2,4.114758968E-2,-1.721762419E-1
3.224670450E1,9.336242080E-2,5.338317528E-2,-1.679595411E-1
3.225668150E1,1.144551933E-1,6.502012163E-2,-1.632928848E-1
3.226665750E1,1.289194971E-1,7.451184094E-2,-1.629072875E-1
3.227663450E1,1.244637668E-1,5.195486918E-2,-1.707835943E-1
3.228661050E1,1.174990907E-1,2.487974241E-2,-1.778205335E-1
3.229658650E1,1.054994166E-1,7.665867917E-3,-1.871533096E-1
3.230656350E1,1.043302640E-1,9.708612226E-3,-1.877607107E-1
3.231653950E1,1.179997325E-1,3.687924519E-2,-1.842855513E-1
3.232651650E1,1.381327808E-1,6.892541796E-2,-1.811423898E-1
3.233649250E1,1.565117836E-1,8.665142208E-2,-1.776667088E-1
3.234646850E1,1.637900621E-1,8.574812859E-2,-1.804994643E-1
3.235644550E1,1.509940922E-1,6.987408549E-2,-1.853003502E-1
3.236642150E1,1.279783696E-1,6.483258307E-2,-1.868201643E-1
3.237639750E1,1.022421122E-1,6.270018965E-2,-1.892572194E-1
3.238637450E1,8.537281305E-2,4.703494534E-2,-1.901543587E-1
3.239635050E1,8.255092800E-2,4.875667766E-2,-1.843574494E-1
3.240632750E1,8.512140810E-2,5.338728428E-2,-1.751221269E-1
3.241630350E1,9.136572480E-2,6.293152273E-2,-1.714965105E-1
3.242627950E1,1.037796736E-1,6.921929121E-2,-1.697971821E-1
3.243625650E1,1.111598238E-1,6.610605866E-2,-1.725325137E-1
3.244623250E1,1.163017005E-1,5.391139537E-2,-1.752819270E-1
3.245620950E1,1.160971671E-1,3.036718816E-2,-1.783376336E-1
3.246618550E1,1.127723977E-1,6.353510544E-3,-1.831618100E-1
3.247616150E1,1.145990640E-1,1.620667428E-2,-1.831634045E-1
3.248613850E1,1.174146757E-1,3.887794539E-2,-1.805715859E-1
3.249611450E1,1.289243251E-1,6.112653017E-2,-1.806213856E-1
3.250609050E1,1.448076069E-1,7.891379297E-2,-1.813567877E-1
3.251606750E1,1.545595825E-1,7.692547143E-2,-1.859209090E-1
3.252604350E1,1.531859338E-1,6.881631166E-2,-1.899495423E-1
3.253602050E1,1.388197839E-1,6.905999035E-2,-1.897130609E-1
3.254599650E1,1.148748845E-1,7.238729298E-2,-1.902778745E-1
3.255597250E1,9.120497853E-2,7.296573371E-2,-1.884908825E-1
3.256594950E1,7.288542390E-2,6.355893612E-2,-1.910734773E-1
3.257592550E1,6.524507701E-2,5.705044046E-2,-1.854640543E-1
3.258590250E1,6.530047953E-2,6.487011164E-2,-1.761512607E-1
3.259587850E1,7.854784280E-2,7.340474427E-2,-1.695665866E-1
3.260585450E1,9.430709481E-2,8.019730449E-2,-1.654125750E-1
3.261583150E1,1.185674220E-1,7.477138191E-2,-1.719748825E-1
3.262580750E1,1.283089221E-1,4.328996688E-2,-1.772333682E-1
3.263578350E1,1.386845857E-1,1.768686995E-2,-1.817349046E-1
3.264576092E1,1.398522109E-1,8.894995786E-3,-1.869365275E-1
3.265573692E1,1.379728168E-1,1.672974974E-2,-1.909898520E-1
3.266571392E1,1.453431696E-1,5.752114579E-2,-1.863640696E-1
3.267568992E1,1.538165510E-1,8.938001096E-2,-1.833616197E-1
3.268566592E1,1.605340987E-1,9.670802951E-2,-1.849488318E-1
3.269564292E1,1.590003818E-1,8.645139635E-2,-1.900099069E-1
3.270561892E1,1.408844143E-1,6.594237685E-2,-1.960162073E-1
3.271559592E1,1.128048301E-1,5.146862939E-2,-1.939298809E-1
3.272557192E1,8.932904154E-2,5.269795284E-2,-1.936459243E-1
3.273554792E1,7.755786926E-2,5.151444301E-2,-1.887656748E-1
3.274552492E1,8.248323947E-2,6.089384109E-2,-1.776059717E-1
3.275550092E1,9.597668052E-2,7.042316347E-2,-1.719821692E-1
3.276547792E1,1.137256995E-1,7.499986142E-2,-1.688997895E-1
3.277545392E1,1.250196248E-1,8.403357118E-2,-1.653101146E-1
3.278542992E1,1.281320453E-1,6.716454774E-2,-1.694470346E-1
3.279540692E1,1.264678389E-1,4.118434340E-2,-1.742614955E-1
3.280538292E1,1.162591577E-1,8.727263659E-3,-1.824547350E-1
3.281535892E1,1.094766185E-1,-1.494215103E-3,-1.863192469E-1
3.282533592E1,1.086340323E-1,1.791477203E-2,-1.851525754E-1
3.283531192E1,1.195617840E-1,4.120678082E-2,-1.839933097E-1
3.284528892E1,1.416577846E-1,6.822933257E-2,-1.774760932E-1
3.285526492E1,1.577102542E-1,7.654478401E-2,-1.803384572E-1
3.286524092E1,1.592522711E-1,6.084101647E-2,-1.835386008E-1
3.287521792E1,1.487828493E-1,5.403184891E-2,-1.859106719E-1
3.288519392E1,1.266501993E-1,5.338775739E-2,-1.895588040E-1
3.289517092E1,1.051931083E-1,5.963393301E-2,-1.897127330E-1
3.290514692E1,9.777925909E-2,5.975405872E-2,-1.897841245E-1
3.291512292E1,1.033702940E-1,5.856894702E-2,-1.855592728E-1
3.292509992E1,1.090100706E-1,6.363774836E-2,-1.795642376E-1
3.293507592E1,1.149270833E-1,6.468543410E-2,-1.760850847E-1
3.294505192E1,1.145369411E-1,6.331507117E-2,-1.736522913E-1
3.295502892E1,1.124250591E-1,5.967079848E-2,-1.778848618E-1
3.296500492E1,1.042085588E-1,4.018103331E-2,-1.822311878E-1
3.297498192E1,1.039614156E-1,1.465596631E-2,-1.841587871E-1
3.298495792E1,1.054976955E-1,5.381120834E-3,-1.819382906E-1
3.299493392E1,1.102943122E-1,1.427181810E-2,-1.776279658E-1
3.300491092E1,1.218824834E-1,3.649713472E-2,-1.727407128E-1
3.301488692E1,1.414766908E-1,6.330770999E-2,-1.712056696E-1
3.302486392E1,1.547801346E-1,7.759135962E-2,-1.730470210E-1
3.303483992E1,1.597008556E-1,7.771599293E-2,-1.795762926E-1
3.304481592E1,1.534515917E-1,6.372672319E-2,-1.877601445E-1
3.305479292E1,1.335133165E-1,5.525281280E-2,-1.893740296E-1
3.306476892E1,1.107839197E-1,6.381865591E-2,-1.866123676E-1
3.307474492E1,9.509710222E-2,6.863524765E-2,-1.865774840E-1
3.308472192E1,9.210553020E-2,7.112909853E-2,-1.849744320E-1
3.309469792E1,9.586405009E-2,6.988593936E-2,-1.783562005E-1
3.310467492E1,1.025743335E-1,6.202565879E-2,-1.737368107E-1
3.311465092E1,1.031298637E-1,6.143417209E-2,-1.691572368E-1
3.312462692E1,9.841393679E-2,6.041434407E-2,-1.685817242E-1
3.313460392E1,9.831486642E-2,6.268735230E-2,-1.690405905E-1
3.314457992E1,9.866603464E-2,4.920539260E-2,-1.711740792E-1
3.315455692E1,1.051497683E-1,2.286726050E-2,-1.729650497E-1
3.316453292E1,1.113418341E-1,1.911862567E-2,-1.736251861E-1
3.317450892E1,1.154883727E-1,2.645350434E-2,-1.742467582E-1
3.318448592E1,1.273158044E-1,3.840003908E-2,-1.744958907E-1
3.319446192E1,1.436950564E-1,5.503307655E-2,-1.781082004E-1
3.320443892E1,1.605606228E-1,5.810911953E-2,-1.804675907E-1
3.321441492E1,1.673849821E-1,6.304129213E-2,-1.813384444E-1
3.322439092E1,1.594390869E-1,6.430850923E-2,-1.835095286E-1
3.323436792E1,1.429698318E-1,6.627897918E-2,-1.880742013E-1
3.324434392E1,1.208151579E-1,6.979849935E-2,-1.862337440E-1
3.325431992E1,9.854553640E-2,6.094640866E-2,-1.904615164E-1
3.326429692E1,8.600355685E-2,5.639367923E-2,-1.871007234E-1
3.327427292E1,8.421391249E-2,5.215020105E-2,-1.798244268E-1
3.328424992E1,9.002148360E-2,5.755794421E-2,-1.742661744E-1
3.329422592E1,9.910126776E-2,6.339079887E-2,-1.692077667E-1
3.330420192E1,1.064427793E-1,7.313527912E-2,-1.704301238E-1
3.331417892E1,1.131395623E-1,6.614421308E-2,-1.712809950E-1
3.332415492E1,1.178134680E-1,5.065240711E-2,-1.775360405E-1
3.333413192E1,1.212281734E-1,3.187099472E-2,-1.810242534E-1
3.334410792E1,1.228759438E-1,1.973452047E-2,-1.815874130E-1
3.335408392E1,1.296952367E-1,1.867298409E-2,-1.822406799E-1
3.336406092E1,1.368760765E-1,2.989845537E-2,-1.824306250E-1
3.337403692E1,1.468280554E-1,4.261318594E-2,-1.824599206E-1
3.338401392E1,1.546596587E-1,5.955124646E-2,-1.784695387E-1
3.339398992E1,1.551810950E-1,6.495746225E-2,-1.827287376E-1
3.340396592E1,1.437892318E-1,6.488382816E-2,-1.884242892E-1
3.341394292E1,1.242786497E-1,6.626254320E-2,-1.900663972E-1
3.342391892E1,9.960987419E-2,6.672478467E-2,-1.907262504E-1
3.343389592E1,8.094803989E-2,5.775605887E-2,-1.920554340E-1
3.344387192E1,7.396838069E-2,4.987593740E-2,-1.916643977E-1
3.345384792E1,7.413589209E-2,4.765858874E-2,-1.826032549E-1
3.346382492E1,8.413238823E-2,5.945658684E-2,-1.730636507E-1
3.347380092E1,1.008868665E-1,7.550825924E-2,-1.678377241E-1
3.348377692E1,1.176132709E-1,7.686331868E-2,-1.669304371E-1
3.349375392E1,1.284145266E-1,6.493262202E-2,-1.720154732E-1
3.350372992E1,1.304530799E-1,4.395984486E-2,-1.797592044E-1
3.351370692E1,1.273672730E-1,2.383566834E-2,-1.837984174E-1
3.352368292E1,1.268592924E-1,1.999601722E-2,-1.902997345E-1
3.353365892E1,1.315315366E-1,3.274270520E-2,-1.903716475E-1
3.354363592E1,1.451404989E-1,5.100940168E-2,-1.905579567E-1
3.355361192E1,1.649781168E-1,6.899106503E-2,-1.846310943E-1
3.356358892E1,1.714263111E-1,7.329803705E-2,-1.868820190E-1
3.357356492E1,1.608958989E-1,7.254755497E-2,-1.912235022E-1
3.358354092E1,1.439704597E-1,6.740296632E-2,-1.947804391E-1
3.359351792E1,1.177947745E-1,5.865021795E-2,-1.959493011E-1
3.360349392E1,9.404312819E-2,5.383218452E-2,-1.961267292E-1
3.361347092E1,7.679916173E-2,5.091229454E-2,-1.870485395E-1
3.362344692E1,6.989232451E-2,5.285200104E-2,-1.787262857E-1
3.363342292E1,7.667992264E-2,7.138787210E-2,-1.711485386E-1
3.364339967E1,8.804218471E-2,8.645501733E-2,-1.682582498E-1
3.365337567E1,1.033540294E-1,7.392910123E-2,-1.765737087E-1
3.366335167E1,1.159806773E-1,5.349266902E-2,-1.853335202E-1
3.367332867E1,1.256032139E-1,3.456424922E-2,-1.890542209E-1
3.368330467E1,1.273019314E-1,2.639185265E-2,-1.900462955E-1
3.369328167E1,1.372027546E-1,4.129250720E-2,-1.875919253E-1
3.370325767E1,1.451833695E-1,5.433740467E-2,-1.859549731E-1
3.371323367E1,1.590168923E-1,5.607538670E-2,-1.882149428E-1
3.372321067E1,1.635222435E-1,6.433790177E-2,-1.904497594E-1
3.373318667E1,1.581743509E-1,6.155383959E-2,-1.925472617E-1
3.374316367E1,1.402090788E-1,6.296887994E-2,-1.926822960E-1
3.375313967E1,1.180060357E-1,6.366103888E-2,-1.929930896E-1
3.376311567E1,9.711811692E-2,5.975575745E-2,-1.917774230E-1
3.377309267E1,8.220148087E-2,6.289801747E-2,-1.843149811E-1
3.378306867E1,7.524928451E-2,5.941919237E-2,-1.786506772E-1
3.379304567E1,7.720510662E-2,5.768334493E-2,-1.749145389E-1
3.380302167E1,8.375395834E-2,6.928317249E-2,-1.737001091E-1
3.381299767E1,9.531047940E-2,7.158121467E-2,-1.756934822E-1
3.382297467E1,1.100565866E-1,6.416217238E-2,-1.779280454E-1
3.383295067E1,1.290214807E-1,5.382111296E-2,-1.815022677E-1
3.384292767E1,1.374515295E-1,4.501101747E-2,-1.883240491E-1
3.385290367E1,1.438548267E-1,4.637721926E-2,-1.903091669E-1
3.386287967E1,1.529358476E-1,5.168472975E-2,-1.931857318E-1
3.387285667E1,1.602531523E-1,5.186209828E-2,-1.938014627E-1
3.388283267E1,1.603276283E-1,5.762019753E-2,-1.959539056E-1
3.389280867E1,1.559033096E-1,6.325358897E-2,-1.941363066E-1
3.390278567E1,1.411373615E-1,6.914606690E-2,-1.958456635E-1
3.391276167E1,1.239583790E-1,7.053037733E-2,-1.946381927E-1
3.392273867E1,1.035007909E-1,6.142869592E-2,-1.947157234E-1
3.393271467E1,8.878362924E-2,5.848909914E-2,-1.912501603E-1
3.394269067E1,7.891329378E-2,5.587398261E-2,-1.849874705E-1
3.395266767E1,7.733324170E-2,5.226460099E-2,-1.799847335E-1
3.396264367E1,8.439727873E-2,6.073009223E-2,-1.756973118E-1
3.397262067E1,9.805583209E-2,7.233268768E-2,-1.756456494E-1
3.398259667E1,1.174348295E-1,6.413602084E-2,-1.789638847E-1
3.399257267E1,1.363419294E-1,5.483652651E-2,-1.820885688E-1
3.400254967E1,1.483389884E-1,5.310023576E-2,-1.841363609E-1
3.401252567E1,1.550735980E-1,4.351658374E-2,-1.907114387E-1
3.402250267E1,1.590168178E-1,4.328919575E-2,-1.934904903E-1
3.403247867E1,1.614677310E-1,5.171224102E-2,-1.969874799E-1
3.404245467E1,1.565838307E-1,5.730474368E-2,-1.963181049E-1
3.405243167E1,1.498015523E-1,6.331416965E-2,-1.977833807E-1
3.406240767E1,1.349857599E-1,5.700657144E-2,-1.980500519E-1
3.407238467E1,1.188872159E-1,4.640293121E-2,-1.967229992E-1
3.408236067E1,9.843092412E-2,4.038562626E-2,-1.930288672E-1
3.409233667E1,8.137550950E-2,3.771553934E-2,-1.892269254E-1
3.410231367E1,7.351799309E-2,3.777300939E-2,-1.798276007E-1
3.411228967E1,7.907787710E-2,4.745173454E-2,-1.735744923E-1
3.412226667E1,9.045119584E-2,5.323376134E-2,-1.740525812E-1
3.413224267E1,1.066051349E-1,6.561320275E-2,-1.730293930E-1
3.414221867E1,1.186730489E-1,6.762892753E-2,-1.769718230E-1
3.415219567E1,1.314282566E-1,4.961370677E-2,-1.835511625E-1
3.416217167E1,1.435261667E-1,3.346467763E-2,-1.875495762E-1
3.417214867E1,1.454140842E-1,3.761787713E-2,-1.913714856E-1
3.418212467E1,1.447179466E-1,4.899473488E-2,-1.947478503E-1
3.419210067E1,1.462751031E-1,6.403307617E-2,-1.977399141E-1
3.420207767E1,1.470766664E-1,8.778961003E-2,-1.945147216E-1
3.421205367E1,1.415708512E-1,9.617910534E-2,-1.954598725E-1
3.422202967E1,1.334007233E-1,7.417247444E-2,-1.962187290E-1
3.423200667E1,1.195288524E-1,5.695965886E-2,-1.961707920E-1
3.424198267E1,9.822410345E-2,5.142331868E-2,-1.928754300E-1
3.425195967E1,7.781976461E-2,4.763283953E-2,-1.871983707E-1
3.426193567E1,7.414588332E-2,5.585675687E-2,-1.784636229E-1
3.427191167E1,7.973319292E-2,6.100410968E-2,-1.759099215E-1
3.428188867E1,9.556797147E-2,6.317463517E-2,-1.729884744E-1
3.429186467E1,1.098369211E-1,6.552194059E-2,-1.758521795E-1
3.430184167E1,1.224008948E-1,5.082428828E-2,-1.822293401E-1
3.431181767E1,1.342069656E-1,3.905870765E-2,-1.899498403E-1
3.432179367E1,1.386746466E-1,2.816905268E-2,-1.970692128E-1
3.433177067E1,1.424675137E-1,2.974404953E-2,-2.006021589E-1
3.434174667E1,1.500389129E-1,5.114301667E-2,-1.994809955E-1
3.435172367E1,1.543481797E-1,7.283100486E-2,-2.000093609E-1
3.436169967E1,1.509361118E-1,8.756233752E-2,-2.047465742E-1
3.437167567E1,1.483986527E-1,7.988657802E-2,-2.081977576E-1
3.438165267E1,1.327832490E-1,6.778659672E-2,-2.107206434E-1
3.439162867E1,1.168623343E-1,5.695765093E-2,-2.079078257E-1
3.440160567E1,1.009188369E-1,4.914066568E-2,-2.020194083E-1
3.441158167E1,9.094050527E-2,5.156387761E-2,-1.943183392E-1
3.442155767E1,8.466998488E-2,5.397488177E-2,-1.881086975E-1
3.443153467E1,8.941919357E-2,5.683937669E-2,-1.817309558E-1
3.444151067E1,9.534004331E-2,6.114113331E-2,-1.805106550E-1
3.445148767E1,1.053388864E-1,5.777330324E-2,-1.818558127E-1
3.446146367E1,1.240258887E-1,4.419076443E-2,-1.836657226E-1
3.447143967E1,1.350606978E-1,3.184834123E-2,-1.896431893E-1
3.448141667E1,1.395097822E-1,3.062801436E-2,-1.940675229E-1
3.449139267E1,1.384362727E-1,4.107160121E-2,-1.951248050E-1
3.450136967E1,1.393769532E-1,5.697427318E-2,-1.963810772E-1
3.451134567E1,1.411431581E-1,5.949681997E-2,-2.037793249E-1
3.452132167E1,1.394059956E-1,6.697753072E-2,-2.081483006E-1
3.453129867E1,1.281642616E-1,7.533772290E-2,-2.094212919E-1
3.454127467E1,1.167098284E-1,7.257609069E-2,-2.097527534E-1
3.455125167E1,1.069144458E-1,7.231856883E-2,-2.060826570E-1
3.456122767E1,1.033849046E-1,6.521055847E-2,-2.011309266E-1
3.457120367E1,9.665376693E-2,5.906345323E-2,-1.934024245E-1
3.458118067E1,9.856166691E-2,6.087753922E-2,-1.884037107E-1
3.459115667E1,9.977793694E-2,6.150285155E-2,-1.846289486E-1
3.460113367E1,1.062510386E-1,5.956608057E-2,-1.837909073E-1
3.461110967E1,1.173937023E-1,5.436998606E-2,-1.851307452E-1
3.462108567E1,1.283330321E-1,4.206836969E-2,-1.886905581E-1
3.463106267E1,1.365155876E-1,4.132667929E-2,-1.907281429E-1
3.464103867E1,1.435871422E-1,4.713341221E-2,-1.937808096E-1
3.465101563E1,1.437037885E-1,4.596774653E-2,-1.963645965E-1
3.466099162E1,1.421278119E-1,5.423060060E-2,-1.981043220E-1
3.467096762E1,1.336664110E-1,5.588868633E-2,-2.052421272E-1
3.468094463E1,1.283804625E-1,5.812188983E-2,-2.034315020E-1
3.469092063E1,1.217220277E-1,8.660279959E-2,-1.987728328E-1
3.470089762E1,1.125153974E-1,1.078748852E-1,-1.955859065E-1
3.471087363E1,1.053400412E-1,1.072802022E-1,-1.935805529E-1
3.472084963E1,1.138185635E-1,9.464907646E-2,-1.972388327E-1
3.473082663E1,1.061656997E-1,8.402173221E-2,-1.928110421E-1
3.474080262E1,1.075325981E-1,8.182603866E-2,-1.834567785E-1
3.475077863E1,1.112232134E-1,8.565992117E-2,-1.772183329E-1
3.476075563E1,1.144035757E-1,7.538747042E-2,-1.807896793E-1
3.477073162E1,1.194289625E-1,6.378833950E-2,-1.901541650E-1
3.478070862E1,1.253349781E-1,4.854954779E-2,-1.961101294E-1
3.479068463E1,1.359090507E-1,2.731190249E-2,-2.004862428E-1
3.480066063E1,1.496477127E-1,2.436012775E-2,-1.985542923E-1
3.481063762E1,1.520959586E-1,1.871076412E-2,-2.030569017E-1
3.482061362E1,1.531429142E-1,1.728983223E-2,-2.018141299E-1
3.483059063E1,1.509982795E-1,3.547362983E-2,-1.932584494E-1
3.484056663E1,1.481053382E-1,4.182466120E-2,-1.926399022E-1
3.485054262E1,1.371469647E-1,5.634900928E-2,-1.920910329E-1
3.486051963E1,1.222572327E-1,6.845014542E-2,-1.958708614E-1
3.487049563E1,1.044548005E-1,6.100767478E-2,-2.006011605E-1
3.488047262E1,9.478326887E-2,5.177593231E-2,-2.040997744E-1
3.489044862E1,9.068599343E-2,4.497395456E-2,-1.989500076E-1
3.490042463E1,9.815715253E-2,4.743507132E-2,-1.947313994E-1
3.491040163E1,1.155864745E-1,6.695657969E-2,-1.867528260E-1
3.492037762E1,1.320307106E-1,7.673291862E-2,-1.853816211E-1
3.493035462E1,1.491907835E-1,7.993776351E-2,-1.831152737E-1
3.494033063E1,1.551063359E-1,7.298804075E-2,-1.859192997E-1
3.495030663E1,1.482838392E-1,5.727539212E-2,-1.922685355E-1
3.496028362E1,1.434230208E-1,5.664481223E-2,-1.960864067E-1
3.497025962E1,1.383638084E-1,6.046245620E-2,-1.977801770E-1
3.498023663E1,1.425323486E-1,7.134364545E-2,-1.955887079E-1
3.499021263E1,1.471564025E-1,8.490952104E-2,-1.921305954E-1
3.500018862E1,1.417428851E-1,1.019160822E-1,-1.926904470E-1
3.501016563E1,1.291104555E-1,1.091241986E-1,-1.945751756E-1
3.502014163E1,1.126721427E-1,9.755305201E-2,-1.979460418E-1
3.503011862E1,9.499887377E-2,7.806563377E-2,-2.033732980E-1
3.504009462E1,8.292887360E-2,6.120501831E-2,-2.000717223E-1
3.505007063E1,8.267800510E-2,5.670667440E-2,-1.936596334E-1
3.506004763E1,9.614467621E-2,7.101034373E-2,-1.844238043E-1
3.507002362E1,1.159370244E-1,9.168047458E-2,-1.759530902E-1
3.508000062E1,1.342832148E-1,9.483592212E-2,-1.752397567E-1
3.508997663E1,1.548297703E-1,7.812591642E-2,-1.828699857E-1
3.509995263E1,1.634112298E-1,4.888655245E-2,-1.939734221E-1
3.510992962E1,1.592577696E-1,3.439442813E-2,-2.020606399E-1
3.511990563E1,1.485899389E-1,3.433280811E-2,-2.044670582E-1
3.512988263E1,1.445275396E-1,4.388769716E-2,-2.026936710E-1
3.513985863E1,1.463462561E-1,6.785899401E-2,-1.968340129E-1
3.514983462E1,1.361213177E-1,8.134604245E-2,-1.989533603E-1
3.515981163E1,1.279834509E-1,7.289154828E-2,-2.001732439E-1
3.516978763E1,1.201654673E-1,5.895362794E-2,-2.002062649E-1
3.517976462E1,1.052580997E-1,4.203193262E-2,-2.021086812E-1
3.518974062E1,9.053880721E-2,2.506013960E-2,-2.027142942E-1
3.519971663E1,8.840831369E-2,3.219952434E-2,-1.983968467E-1
3.520969363E1,1.017645970E-1,5.941543728E-2,-1.877806783E-1
3.521966962E1,1.193384752E-1,8.111361414E-2,-1.797463596E-1
3.522964662E1,1.437785774E-1,9.253990650E-2,-1.801804453E-1
3.523962263E1,1.555652320E-1,7.117211819E-2,-1.904962808E-1
3.524959863E1,1.603512019E-1,5.053395033E-2,-1.971278191E-1
3.525957562E1,1.550494134E-1,3.817933053E-2,-2.039546221E-1
3.526955163E1,1.443158090E-1,3.164473176E-2,-2.099235654E-1
3.527952863E1,1.457266361E-1,5.120772123E-2,-2.034060359E-1
3.528950463E1,1.437295228E-1,7.807289064E-2,-2.019255906E-1
3.529948062E1,1.390483528E-1,8.637603372E-2,-2.031005919E-1
3.530945763E1,1.320679486E-1,8.774329722E-2,-2.046457678E-1
3.531943363E1,1.163247749E-1,7.595705986E-2,-2.052944452E-1
3.532941062E1,1.006382257E-1,6.137919053E-2,-2.076995522E-1
3.533938662E1,9.288451821E-2,5.176951364E-2,-2.080200911E-1
3.534936263E1,9.771256149E-2,4.459122941E-2,-2.036471963E-1
3.535933963E1,1.105129123E-1,5.933964998E-2,-1.935471594E-1
3.536931562E1,1.274250448E-1,7.273588330E-2,-1.882256269E-1
3.537929263E1,1.448937207E-1,8.004826307E-2,-1.857959032E-1
3.538926863E1,1.578326821E-1,8.674424887E-2,-1.891679913E-1
3.539924463E1,1.596653461E-1,6.324893981E-2,-1.970477402E-1
3.540922162E1,1.571611762E-1,4.343235493E-2,-2.062617540E-1
3.541919763E1,1.470347345E-1,3.986629471E-2,-2.098779678E-1
3.542917463E1,1.408170462E-1,4.160134122E-2,-2.097733021E-1
3.543915062E1,1.406500936E-1,6.565755606E-2,-2.064308226E-1
3.544912662E1,1.350430697E-1,7.733897865E-2,-2.056182921E-1
3.545910363E1,1.325802207E-1,7.046981901E-2,-2.089337707E-1
3.546907963E1,1.229851246E-1,5.457393825E-2,-2.110943794E-1
3.547905662E1,1.044610739E-1,4.546684772E-2,-2.103518397E-1
3.548903262E1,9.099347144E-2,5.272475630E-2,-2.034257501E-1
3.549900863E1,8.875854313E-2,5.532400310E-2,-2.002025396E-1
3.550898563E1,1.033004671E-1,5.135642737E-2,-1.992142349E-1
3.551896162E1,1.224683821E-1,5.884669721E-2,-1.931956112E-1
3.552893863E1,1.388454884E-1,6.422042847E-2,-1.944289207E-1
3.553891463E1,1.524972320E-1,6.294020265E-2,-1.937029213E-1
3.554889163E1,1.585465968E-1,6.780686229E-2,-1.973876655E-1
3.555886762E1,1.568370461E-1,4.992169514E-2,-2.065698057E-1
3.556884363E1,1.535480320E-1,3.575474396E-2,-2.136186659E-1
3.557882063E1,1.462480426E-1,3.737574816E-2,-2.139108330E-1
3.558879662E1,1.403352916E-1,5.848076940E-2,-2.076164484E-1
3.559877262E1,1.351789534E-1,8.131441474E-2,-2.075942308E-1
3.560874963E1,1.274946779E-1,8.505056053E-2,-2.077593505E-1
3.561872563E1,1.200753078E-1,7.612042129E-2,-2.097193003E-1
3.562870262E1,1.081185117E-1,5.447052047E-2,-2.128370702E-1
3.563867862E1,9.428686649E-2,3.772413731E-2,-2.137524188E-1
3.564865575E1,8.728116006E-2,4.313168302E-2,-2.076761574E-1
3.565863175E1,9.700952470E-2,4.353899881E-2,-2.010922283E-1
3.566860775E1,1.213947535E-1,5.736666545E-2,-1.951592416E-1
3.567858475E1,1.455123425E-1,7.166757435E-2,-1.924705058E-1
3.568856075E1,1.595647782E-1,6.950135529E-2,-1.930361688E-1
3.569853775E1,1.678260714E-1,6.563326716E-2,-1.963728964E-1
3.570851375E1,1.631817818E-1,4.357989505E-2,-2.044691741E-1
3.571848975E1,1.510464400E-1,2.615913562E-2,-2.137236893E-1
3.572846675E1,1.422636062E-1,3.621150181E-2,-2.134520411E-1
3.573844275E1,1.404255182E-1,4.851045460E-2,-2.088978142E-1
3.574841975E1,1.412305981E-1,7.752612978E-2,-2.026798576E-1
3.575839575E1,1.363933682E-1,9.664341062E-2,-2.041616887E-1
3.576837175E1,1.240339130E-1,7.826999575E-2,-2.070640028E-1
3.577834875E1,1.099159196E-1,6.455329806E-2,-2.095843405E-1
3.578832475E1,9.263227135E-2,3.922530264E-2,-2.107143253E-1
3.579830175E1,8.832532167E-2,2.346580662E-2,-2.042147070E-1
3.580827775E1,9.957771003E-2,5.287322775E-2,-1.927551329E-1
3.581825375E1,1.168262661E-1,7.655302435E-2,-1.870462447E-1
3.582823075E1,1.432570815E-1,8.826214075E-2,-1.856121272E-1
3.583820675E1,1.614132077E-1,8.695079386E-2,-1.917185634E-1
3.584818375E1,1.634257585E-1,6.315384805E-2,-1.996659636E-1
3.585815975E1,1.583566070E-1,5.549005046E-2,-2.056986243E-1
3.586813575E1,1.429696530E-1,4.309969395E-2,-2.148287445E-1
3.587811275E1,1.385312825E-1,3.767476231E-2,-2.158658803E-1
3.588808875E1,1.398197263E-1,6.138115376E-2,-2.092204988E-1
3.589806575E1,1.332984567E-1,7.664341480E-2,-2.064183503E-1
3.590804175E1,1.292672306E-1,8.930807561E-2,-2.034622431E-1
3.591801775E1,1.208630204E-1,8.592625707E-2,-2.051012814E-1
3.592799475E1,1.075517535E-1,6.252079457E-2,-2.078073174E-1
3.593797075E1,9.850570560E-2,4.520474747E-2,-2.075317800E-1
3.594794775E1,9.668676555E-2,3.468899056E-2,-2.000616044E-1
3.595792375E1,1.089039966E-1,4.541067034E-2,-1.915682256E-1
3.596789975E1,1.302438974E-1,6.629784405E-2,-1.889000088E-1
3.597787675E1,1.494173706E-1,8.279777318E-2,-1.883288175E-1
3.598785275E1,1.630990952E-1,8.650223166E-2,-1.935315579E-1
3.599782975E1,1.653030068E-1,6.041878089E-2,-2.031834722E-1
3.600780575E1,1.573657244E-1,4.129461944E-2,-2.077396065E-1
3.601778175E1,1.444200277E-1,3.485518694E-2,-2.129437774E-1
3.602775875E1,1.363735497E-1,4.427771270E-2,-2.104824930E-1
3.603773475E1,1.352835447E-1,7.038170099E-2,-2.051913589E-1
3.604771175E1,1.331703216E-1,9.617415071E-2,-2.042752355E-1
3.605768775E1,1.295042485E-1,1.089845747E-1,-2.025248110E-1
3.606766375E1,1.246676967E-1,9.447514266E-2,-2.039346844E-1
3.607764075E1,1.144621745E-1,7.413034886E-2,-2.079413980E-1
3.608761675E1,1.060162261E-1,4.688860476E-2,-2.068527043E-1
3.609759375E1,1.055303887E-1,3.070546687E-2,-2.035187930E-1
3.610756975E1,1.129060164E-1,4.834890738E-2,-1.975245476E-1
3.611754575E1,1.273093224E-1,7.695082575E-2,-1.901438683E-1
3.612752275E1,1.518080086E-1,9.759964794E-2,-1.917028874E-1
3.613749875E1,1.677158028E-1,9.377927333E-2,-1.964295655E-1
3.614747575E1,1.722383797E-1,5.725694820E-2,-2.043082565E-1
3.615745175E1,1.582316607E-1,3.342460841E-2,-2.149567604E-1
3.616742875E1,1.401005983E-1,2.420288138E-2,-2.199978530E-1
3.617740475E1,1.277282536E-1,3.867890686E-2,-2.128979266E-1
3.618738075E1,1.274922937E-1,8.147164434E-2,-2.065319121E-1
3.619735775E1,1.239039972E-1,1.102939025E-1,-2.099488527E-1
3.620733375E1,1.216445714E-1,1.028562263E-1,-2.097658813E-1
3.621731075E1,1.164320260E-1,8.228626847E-2,-2.128755152E-1
3.622728675E1,1.027614921E-1,4.460359737E-2,-2.172092795E-1
3.623726275E1,9.864102304E-2,2.658627182E-2,-2.121100575E-1
3.624723975E1,1.042435095E-1,3.167317808E-2,-2.071254104E-1
3.625721575E1,1.221939623E-1,5.773947015E-2,-1.975949407E-1
3.626719275E1,1.498322636E-1,8.748006076E-2,-1.899772286E-1
3.627716875E1,1.728314906E-1,8.224307746E-2,-1.954365671E-1
3.628714475E1,1.830857247E-1,7.391750813E-2,-2.017621100E-1
3.629712175E1,1.728758067E-1,4.527052864E-2,-2.109059989E-1
3.630709775E1,1.505393386E-1,5.127903540E-3,-2.205607593E-1
3.631707475E1,1.366660297E-1,1.300584432E-2,-2.187629044E-1
3.632705075E1,1.248642281E-1,4.668683931E-2,-2.106035054E-1
3.633702675E1,1.284869462E-1,7.723297924E-2,-2.060253024E-1
3.634700375E1,1.312483847E-1,9.888288379E-2,-2.062649876E-1
3.635697975E1,1.214987263E-1,8.340378106E-2,-2.135099322E-1
3.636695675E1,1.109480858E-1,6.452543288E-2,-2.126508057E-1
3.637693275E1,9.733121842E-2,5.035658553E-2,-2.127896100E-1
3.638690875E1,9.827344865E-2,3.342287615E-2,-2.081413269E-1
3.639688575E1,1.181478724E-1,5.924861133E-2,-1.990610957E-1
3.640686175E1,1.374629885E-1,8.919186145E-2,-1.935403645E-1
3.641683875E1,1.607736200E-1,1.061686128E-1,-1.909536272E-1
3.642681475E1,1.774700433E-1,1.057526246E-1,-1.938862950E-1
3.643679075E1,1.719090044E-1,7.972013950E-2,-2.066645026E-1
3.644676775E1,1.571753323E-1,5.115880445E-2,-2.195565850E-1
3.645674375E1,1.375642121E-1,3.640186042E-2,-2.222027034E-1
3.646672075E1,1.275510043E-1,4.234763607E-2,-2.206186503E-1
3.647669675E1,1.284470558E-1,6.922877580E-2,-2.113536000E-1
3.648667375E1,1.304201931E-1,1.058267355E-1,-2.076254338E-1
3.649664975E1,1.294068694E-1,1.141207218E-1,-2.075445056E-1
3.650662575E1,1.272188276E-1,9.308148175E-2,-2.085975111E-1
3.651660275E1,1.199143082E-1,4.810978100E-2,-2.147925943E-1
3.652657875E1,1.128460094E-1,2.435571700E-2,-2.125664502E-1
3.653655575E1,1.163746193E-1,3.261800110E-2,-2.039176673E-1
3.654653175E1,1.235891208E-1,6.610725075E-2,-1.981061250E-1
3.655650775E1,1.459453553E-1,9.540205449E-2,-2.007654011E-1
3.656648475E1,1.665337235E-1,1.002780423E-1,-2.051356435E-1
3.657646075E1,1.763645262E-1,7.608572394E-2,-2.123595029E-1
3.658643775E1,1.707625687E-1,4.731931910E-2,-2.167582363E-1
3.659641375E1,1.505239755E-1,2.507495880E-2,-2.223649472E-1
3.660638975E1,1.337900162E-1,2.703664452E-2,-2.195502520E-1
3.661636675E1,1.275504380E-1,5.628877133E-2,-2.143718749E-1
3.662634275E1,1.249679625E-1,8.305460960E-2,-2.086668462E-1
3.663631975E1,1.270588785E-1,9.292256087E-2,-2.057316750E-1
3.664629567E1,1.221626699E-1,8.800210059E-2,-2.072264999E-1
3.665627167E1,1.048745289E-1,5.224741995E-2,-2.157026529E-1
3.666624867E1,1.005612761E-1,2.136992849E-2,-2.151353955E-1
3.667622467E1,1.061527804E-1,1.633435860E-2,-2.087532431E-1
3.668620167E1,1.220406666E-1,3.221318871E-2,-2.020428777E-1
3.669617767E1,1.500668079E-1,7.845830172E-2,-1.924253404E-1
3.670615467E1,1.752565801E-1,1.082191244E-1,-1.923302710E-1
3.671613067E1,1.855621040E-1,1.017879024E-1,-2.000577450E-1
3.672610667E1,1.824240983E-1,6.598063558E-2,-2.148428112E-1
3.673608367E1,1.529453397E-1,3.217072040E-2,-2.279293835E-1
3.674605967E1,1.266077310E-1,2.661669627E-2,-2.293581665E-1
3.675603667E1,1.155355647E-1,4.278989881E-2,-2.234788090E-1
3.676601267E1,1.208456457E-1,8.092717081E-2,-2.135228515E-1
3.677598867E1,1.317081898E-1,1.153841391E-1,-2.095465809E-1
3.678596567E1,1.349087805E-1,1.130618602E-1,-2.113250494E-1
3.679594167E1,1.294337660E-1,9.452880919E-2,-2.171427757E-1
3.680591867E1,1.134747639E-1,5.317523703E-2,-2.247543633E-1
3.681589467E1,1.066493466E-1,2.841130272E-2,-2.217545658E-1
3.682587067E1,1.165286079E-1,3.940270096E-2,-2.126657367E-1
3.683584767E1,1.416381896E-1,7.791086286E-2,-1.990662217E-1
3.684582367E1,1.702839434E-1,1.192883924E-1,-1.910503805E-1
3.685580067E1,1.855323613E-1,1.118899733E-1,-1.981084794E-1
3.686577667E1,1.828726679E-1,7.002828270E-2,-2.127303034E-1
3.687575267E1,1.576265693E-1,2.309902012E-2,-2.260849774E-1
3.688572967E1,1.250084341E-1,-4.118485842E-3,-2.322762907E-1
3.689570567E1,1.128119677E-1,1.814751327E-2,-2.234644443E-1
3.690568267E1,1.247423887E-1,6.665912271E-2,-2.094191909E-1
3.691565867E1,1.363966465E-1,1.022090241E-1,-2.042888701E-1
3.692563567E1,1.394411623E-1,1.048127934E-1,-2.057932913E-1
3.693561167E1,1.284238994E-1,7.666362822E-2,-2.121344656E-1
3.694558767E1,1.057534739E-1,4.120177031E-2,-2.205489874E-1
3.695556467E1,9.344492853E-2,1.696054265E-2,-2.189096361E-1
3.696554067E1,9.947299212E-2,2.446293272E-2,-2.130698562E-1
3.697551767E1,1.271843463E-1,6.401871890E-2,-2.022416443E-1
3.698549367E1,1.597510874E-1,1.031213775E-1,-1.954111755E-1
3.699546967E1,1.824845523E-1,1.215474978E-1,-1.958406270E-1
3.700544667E1,1.860260218E-1,1.028150842E-1,-2.084472328E-1
3.701542267E1,1.700863689E-1,5.756650120E-2,-2.242882848E-1
3.702539967E1,1.421865672E-1,2.316591702E-2,-2.363489419E-1
3.703537567E1,1.199462414E-1,1.361691020E-2,-2.375537753E-1
3.704535167E1,1.167935953E-1,5.268361792E-2,-2.228760272E-1
3.705532867E1,1.288425624E-1,1.038336754E-1,-2.109656334E-1
3.706530467E1,1.398267746E-1,1.205854937E-1,-2.080244422E-1
3.707528167E1,1.465865672E-1,1.046915278E-1,-2.130533159E-1
3.708525767E1,1.331322789E-1,7.268059254E-2,-2.196715474E-1
3.709523367E1,1.153782681E-1,3.349064291E-2,-2.246275842E-1
3.710521067E1,1.152520329E-1,3.253163770E-2,-2.177259922E-1
3.711518667E1,1.266604364E-1,5.949756503E-2,-2.056644559E-1
3.712516367E1,1.496206075E-1,9.145683050E-2,-1.984121352E-1
3.713513967E1,1.747920960E-1,1.127227098E-1,-1.965547651E-1
3.714511667E1,1.873664856E-1,9.557275474E-2,-2.037048191E-1
3.715509267E1,1.809620559E-1,6.096931547E-2,-2.161078453E-1
3.716506867E1,1.579270363E-1,2.614768222E-2,-2.279432118E-1
3.717504567E1,1.349228770E-1,1.184604876E-2,-2.331378609E-1
3.718502167E1,1.231066957E-1,4.977052659E-2,-2.216124982E-1
3.719499867E1,1.210237816E-1,9.318572283E-2,-2.111696154E-1
3.720497467E1,1.259900331E-1,1.049672812E-1,-2.096862346E-1
3.721495067E1,1.312397867E-1,8.730278909E-2,-2.129091769E-1
3.722492767E1,1.192728728E-1,4.633191600E-2,-2.234395742E-1
3.723490367E1,1.074670851E-1,2.933277190E-2,-2.219881415E-1
3.724488067E1,1.056790426E-1,4.168531299E-2,-2.152910978E-1
3.725485667E1,1.231742054E-1,6.969852746E-2,-2.096365392E-1
3.726483367E1,1.530761719E-1,9.553837776E-2,-2.045666873E-1
3.727480967E1,1.769967079E-1,1.000640988E-1,-2.057544887E-1
3.728478567E1,1.881407052E-1,9.015048295E-2,-2.086906284E-1
3.729476267E1,1.770053953E-1,6.728632748E-2,-2.160335481E-1
3.730473867E1,1.528175026E-1,4.042781889E-2,-2.270976454E-1
3.731471567E1,1.342781782E-1,2.884091809E-2,-2.327864170E-1
3.732469167E1,1.207210869E-1,5.074089020E-2,-2.264166623E-1
3.733466767E1,1.190822721E-1,8.494611830E-2,-2.216519415E-1
3.734464467E1,1.287855059E-1,9.392576665E-2,-2.153245509E-1
3.735462067E1,1.360445768E-1,9.076355398E-2,-2.146890461E-1
3.736459767E1,1.285720021E-1,5.905115977E-2,-2.189391851E-1
3.737457367E1,1.188832968E-1,2.142644674E-2,-2.197280079E-1
3.738455067E1,1.180420071E-1,3.506609425E-2,-2.129875422E-1
3.739452667E1,1.260032505E-1,5.963473022E-2,-2.072140574E-1
3.740450267E1,1.536572576E-1,9.690726548E-2,-1.992192566E-1
3.741447967E1,1.785771400E-1,1.110559702E-1,-2.045038044E-1
3.742445567E1,1.889741123E-1,8.189968020E-2,-2.137151510E-1
3.743443267E1,1.812425852E-1,5.685684457E-2,-2.225976139E-1
3.744440867E1,1.523616612E-1,3.394913301E-2,-2.307876348E-1
3.745438467E1,1.264492869E-1,4.310147464E-2,-2.278657407E-1
3.746436167E1,1.150243282E-1,7.565408945E-2,-2.232416868E-1
3.747433767E1,1.198153868E-1,9.207254648E-2,-2.220515907E-1
3.748431467E1,1.289228648E-1,1.019842997E-1,-2.199287713E-1
3.749429067E1,1.281006932E-1,8.803794533E-2,-2.199470699E-1
3.750426667E1,1.296908706E-1,5.427731946E-2,-2.256440967E-1
3.751424367E1,1.255938858E-1,4.296788946E-2,-2.239274681E-1
3.752421967E1,1.308608204E-1,5.929466709E-2,-2.207279354E-1
3.753419667E1,1.439913809E-1,7.391953468E-2,-2.134326845E-1
3.754417267E1,1.648263484E-1,1.064995825E-1,-2.086914629E-1
3.755414967E1,1.758817583E-1,1.122132316E-1,-2.102812976E-1
3.756412567E1,1.782519817E-1,7.963264734E-2,-2.184675783E-1
3.757410167E1,1.689144820E-1,4.970848188E-2,-2.263033092E-1
3.758407867E1,1.427358836E-1,2.216713876E-2,-2.330339104E-1
3.759405467E1,1.236732155E-1,3.767584264E-2,-2.302932143E-1
3.760403167E1,1.148283258E-1,6.793414801E-2,-2.213314176E-1
3.761400767E1,1.174736694E-1,7.585975528E-2,-2.177111655E-1
3.762398367E1,1.310304999E-1,8.298423886E-2,-2.172999680E-1
3.763396067E1,1.312692612E-1,6.165528670E-2,-2.211546600E-1
3.764393667E1,1.277672052E-1,3.797046468E-2,-2.210084498E-1
3.765391288E1,1.265152097E-1,4.147953913E-2,-2.170306891E-1
3.766388887E1,1.387314051E-1,5.837623402E-2,-2.109727859E-1
3.767386587E1,1.610099226E-1,8.434344828E-2,-2.074198425E-1
3.768384188E1,1.789156944E-1,1.026683971E-1,-2.094678134E-1
3.769381788E1,1.843259931E-1,9.155743569E-2,-2.146811336E-1
3.770379487E1,1.733604223E-1,6.549733877E-2,-2.238093913E-1
3.771377088E1,1.515440792E-1,4.052911326E-2,-2.314004451E-1
3.772374788E1,1.310380101E-1,3.454552218E-2,-2.336827815E-1
3.773372388E1,1.137827709E-1,6.247102097E-2,-2.284444571E-1
3.774369987E1,1.085973307E-1,9.191173315E-2,-2.242225409E-1
3.775367688E1,1.181785837E-1,9.883674979E-2,-2.196355164E-1
3.776365288E1,1.216588020E-1,8.708688617E-2,-2.198573500E-1
3.777362987E1,1.188553125E-1,5.459751561E-2,-2.254825234E-1
3.778360587E1,1.249409020E-1,3.511489183E-2,-2.254100889E-1
3.779358288E1,1.371980608E-1,4.257352650E-2,-2.215068787E-1
3.780355888E1,1.585456878E-1,6.268066168E-2,-2.158593833E-1
3.781353487E1,1.807835847E-1,9.583293647E-2,-2.098597288E-1
3.782351188E1,1.904886812E-1,1.111751422E-1,-2.116847932E-1
3.783348788E1,1.884327680E-1,9.691794217E-2,-2.198776007E-1
3.784346488E1,1.715888083E-1,5.600193515E-2,-2.317723334E-1
3.785344087E1,1.493113488E-1,3.333208337E-2,-2.380840778E-1
3.786341688E1,1.249951050E-1,4.199801013E-2,-2.345093191E-1
3.787339388E1,1.152753606E-1,7.002085447E-2,-2.265715003E-1
3.788336987E1,1.170223951E-1,9.949991852E-2,-2.185647041E-1
3.789334687E1,1.210862994E-1,1.027296409E-1,-2.197251469E-1
3.790332288E1,1.222873852E-1,8.033538610E-2,-2.214106619E-1
3.791329988E1,1.200652719E-1,4.714968801E-2,-2.257031798E-1
3.792327587E1,1.200658083E-1,4.016501829E-2,-2.241481692E-1
3.793325187E1,1.325235516E-1,6.109119207E-2,-2.167842984E-1
3.794322888E1,1.534701139E-1,8.760616183E-2,-2.113645077E-1
3.795320488E1,1.802055389E-1,1.037708223E-1,-2.094498575E-1
3.796318187E1,1.889215410E-1,9.998354316E-2,-2.145058662E-1
3.797315788E1,1.810592413E-1,7.924022526E-2,-2.253590673E-1
3.798313488E1,1.569845229E-1,4.205183685E-2,-2.386154979E-1
3.799311088E1,1.367860883E-1,3.458972648E-2,-2.427320182E-1
3.800308687E1,1.270485073E-1,4.854815453E-2,-2.387729585E-1
3.801306388E1,1.306970865E-1,7.134207338E-2,-2.332099825E-1
3.802303988E1,1.393917650E-1,9.793160111E-2,-2.223927677E-1
3.803301687E1,1.458730400E-1,8.994980901E-2,-2.193952501E-1
3.804299287E1,1.404641718E-1,6.098766625E-2,-2.251567245E-1
3.805296888E1,1.297515333E-1,3.791347519E-2,-2.305146158E-1
3.806294588E1,1.259594560E-1,4.675303772E-2,-2.272367924E-1
3.807292187E1,1.391733289E-1,7.639778405E-2,-2.215782404E-1
3.808289887E1,1.632363200E-1,1.021311134E-1,-2.178745717E-1
3.809287488E1,1.865947694E-1,1.153753698E-1,-2.153144777E-1
3.810285188E1,1.936641186E-1,1.002781689E-1,-2.223998159E-1
3.811282787E1,1.782731116E-1,6.028825045E-2,-2.331228703E-1
3.812280388E1,1.518944949E-1,3.244223446E-2,-2.403768003E-1
3.813278088E1,1.294313818E-1,4.830851406E-2,-2.394166738E-1
3.814275687E1,1.198293567E-1,8.179376274E-2,-2.324410677E-1
3.815273387E1,1.228420734E-1,9.982527047E-2,-2.266998589E-1
3.816270988E1,1.295031756E-1,1.069252566E-1,-2.221189588E-1
3.817268588E1,1.282671690E-1,8.710126579E-2,-2.230427563E-1
3.818266287E1,1.233445853E-1,4.854162037E-2,-2.269794494E-1
3.819263887E1,1.256101876E-1,3.941834345E-2,-2.270626426E-1
3.820261588E1,1.325660944E-1,6.159954891E-2,-2.230327427E-1
3.821259188E1,1.564497352E-1,9.509511292E-2,-2.178904563E-1
3.822256887E1,1.808906198E-1,1.182994992E-1,-2.180459797E-1
3.823254488E1,1.908214390E-1,1.174884960E-1,-2.206271440E-1
3.824252088E1,1.832263619E-1,7.905668765E-2,-2.332132310E-1
3.825249788E1,1.629239470E-1,4.937320203E-2,-2.410787195E-1
3.826247387E1,1.361115128E-1,3.836129606E-2,-2.454154193E-1
3.827245088E1,1.230628490E-1,6.429178268E-2,-2.391583920E-1
3.828242688E1,1.240522116E-1,9.839382023E-2,-2.326874435E-1
3.829240387E1,1.341887563E-1,1.078051180E-1,-2.284589410E-1
3.830237987E1,1.420972794E-1,9.550105035E-2,-2.289170027E-1
3.831235588E1,1.377400607E-1,5.863761902E-2,-2.361724675E-1
3.832233288E1,1.336603612E-1,3.702686727E-2,-2.319457531E-1
3.833230887E1,1.348838657E-1,4.988548905E-2,-2.272088677E-1
3.834228587E1,1.508415341E-1,7.144164294E-2,-2.237733901E-1
3.835226188E1,1.778143346E-1,9.682936221E-2,-2.180655003E-1
3.836223788E1,1.949011683E-1,1.030124202E-1,-2.175475210E-1
3.837221487E1,1.938064098E-1,8.402199298E-2,-2.264751047E-1
3.838219088E1,1.700352877E-1,4.998253286E-2,-2.352422327E-1
3.839216788E1,1.434311569E-1,3.906749189E-2,-2.401800901E-1
3.840214387E1,1.160730422E-1,5.034757406E-2,-2.397377491E-1
3.841212087E1,1.102085859E-1,7.272744924E-2,-2.360827476E-1
3.842209688E1,1.140640378E-1,9.250514954E-2,-2.334491462E-1
3.843207288E1,1.233554855E-1,1.010051295E-1,-2.282230854E-1
3.844204987E1,1.292117834E-1,8.249802142E-2,-2.283032537E-1
3.845202587E1,1.352901161E-1,5.784574524E-2,-2.286488265E-1
3.846200288E1,1.454372853E-1,5.801086128E-2,-2.261808664E-1
3.847197888E1,1.573507339E-1,7.753335685E-2,-2.231420428E-1
3.848195587E1,1.781111360E-1,1.061125398E-1,-2.176711112E-1
3.849193188E1,1.974408925E-1,1.137021631E-1,-2.199414372E-1
3.850190788E1,2.007903457E-1,1.083212420E-1,-2.225374877E-1
3.851188488E1,1.835429966E-1,8.395491540E-2,-2.311889380E-1
3.852186087E1,1.521997154E-1,5.599731952E-2,-2.370026261E-1
3.853183788E1,1.239297092E-1,5.507697165E-2,-2.398896962E-1
3.854181388E1,1.066556498E-1,6.472826749E-2,-2.391048670E-1
3.855179087E1,1.069692448E-1,8.081368357E-2,-2.368622273E-1
3.856176687E1,1.164410412E-1,9.232253581E-2,-2.355101407E-1
3.857174288E1,1.255374849E-1,7.896814495E-2,-2.334635407E-1
3.858171988E1,1.401212215E-1,6.756475568E-2,-2.320960164E-1
3.859169587E1,1.490945071E-1,6.184532121E-2,-2.258948982E-1
3.860167287E1,1.604457051E-1,6.868938357E-2,-2.214487493E-1
3.861164888E1,1.747936308E-1,8.868123591E-2,-2.172361910E-1
3.862162588E1,1.855362952E-1,9.597562999E-2,-2.178053111E-1
3.863160187E1,1.899505109E-1,9.695803374E-2,-2.225684226E-1
3.864157788E1,1.809271872E-1,9.243918210E-2,-2.279639840E-1
3.865155525E1,1.584187746E-1,6.959085912E-2,-2.376855165E-1
3.866153125E1,1.369196028E-1,7.028274983E-2,-2.419207394E-1
3.867150825E1,1.143483445E-1,7.353564352E-2,-2.439689040E-1
3.868148425E1,1.057303548E-1,6.384386867E-2,-2.441252321E-1
3.869146125E1,1.096189246E-1,6.931453943E-2,-2.386827022E-1
3.870143725E1,1.151758805E-1,6.848442554E-2,-2.330407947E-1
3.871141325E1,1.265965849E-1,7.148459554E-2,-2.282599211E-1
3.872139025E1,1.448072940E-1,8.813760430E-2,-2.293744534E-1
3.873136625E1,1.692846715E-1,7.763208449E-2,-2.212049663E-1
3.874134325E1,1.900048703E-1,8.829218894E-2,-2.141832709E-1
3.875131925E1,2.023459524E-1,8.377481252E-2,-2.170533389E-1
3.876129625E1,1.991725266E-1,7.015115023E-2,-2.227226794E-1
3.877127225E1,1.778578311E-1,7.470101118E-2,-2.319527715E-1
3.878124825E1,1.493604183E-1,6.892780960E-2,-2.380740494E-1
3.879122525E1,1.287638396E-1,6.536815315E-2,-2.418590337E-1
3.880120125E1,1.169029251E-1,7.969143242E-2,-2.427698374E-1
3.881117825E1,1.095293164E-1,7.264927030E-2,-2.425637394E-1
3.882115425E1,1.173595414E-1,7.112727314E-2,-2.362970561E-1
3.883113025E1,1.272045523E-1,6.417588890E-2,-2.333674878E-1
3.884110725E1,1.388742477E-1,5.634140223E-2,-2.298025787E-1
3.885108325E1,1.547157466E-1,7.072638720E-2,-2.206619978E-1
3.886106025E1,1.695000231E-1,9.241303802E-2,-2.166803181E-1
3.887103625E1,1.861221194E-1,1.115002185E-1,-2.127257288E-1
3.888101325E1,1.993364543E-1,1.057544500E-1,-2.212105691E-1
3.889098925E1,1.935984194E-1,7.064425200E-2,-2.290613204E-1
3.890096525E1,1.778223962E-1,6.000199169E-2,-2.344560921E-1
3.891094225E1,1.506174654E-1,6.286454946E-2,-2.412144989E-1
3.892091825E1,1.313287169E-1,6.849739701E-2,-2.459088415E-1
3.893089525E1,1.217784360E-1,8.477623761E-2,-2.464834899E-1
3.894087125E1,1.204886734E-1,8.073674887E-2,-2.455125004E-1
3.895084825E1,1.229030564E-1,6.313718110E-2,-2.381298542E-1
3.896082425E1,1.295796037E-1,5.013802275E-2,-2.344618887E-1
3.897080025E1,1.357114762E-1,5.696405470E-2,-2.240765244E-1
3.898077725E1,1.489593685E-1,7.200558484E-2,-2.201579511E-1
3.899075325E1,1.730232388E-1,8.898057044E-2,-2.198502719E-1
3.900073025E1,1.944952458E-1,9.416254610E-2,-2.197237611E-1
3.901070625E1,2.061522156E-1,8.815613389E-2,-2.250336409E-1
3.902068325E1,2.020988911E-1,6.947911531E-2,-2.321203053E-1
3.903065925E1,1.861631274E-1,5.296767130E-2,-2.382393479E-1
3.904063525E1,1.622532755E-1,5.735123158E-2,-2.407453805E-1
3.905061225E1,1.371900141E-1,6.960760057E-2,-2.459971756E-1
3.906058825E1,1.201061085E-1,7.884956896E-2,-2.458696216E-1
3.907056525E1,1.153858230E-1,7.768644392E-2,-2.429170310E-1
3.908054125E1,1.205968261E-1,5.859052017E-2,-2.395100445E-1
3.909051825E1,1.281916648E-1,4.081493989E-2,-2.392214239E-1
3.910049425E1,1.399180889E-1,4.980683699E-2,-2.298367023E-1
3.911047025E1,1.574859172E-1,7.684188336E-2,-2.208406031E-1
3.912044725E1,1.808282584E-1,1.094400361E-1,-2.152445018E-1
3.913042325E1,2.026809454E-1,1.163152233E-1,-2.203952819E-1
3.914040025E1,2.091148794E-1,9.363174438E-2,-2.295978367E-1
3.915037625E1,1.945242584E-1,7.124209404E-2,-2.373370677E-1
3.916035325E1,1.622299701E-1,5.675875396E-2,-2.444761992E-1
3.917032925E1,1.353127062E-1,7.201851159E-2,-2.468079776E-1
3.918030525E1,1.150620282E-1,9.097303450E-2,-2.512022257E-1
3.919028225E1,1.146905124E-1,9.819099307E-2,-2.506163120E-1
3.920025825E1,1.195236146E-1,8.379741013E-2,-2.486612946E-1
3.921023525E1,1.264030635E-1,5.513133854E-2,-2.432659119E-1
3.922021125E1,1.331994385E-1,4.267306998E-2,-2.363880277E-1
3.923018825E1,1.438985169E-1,5.721297860E-2,-2.295295298E-1
3.924016425E1,1.650584042E-1,9.299494326E-2,-2.235643119E-1
3.925014025E1,1.891259849E-1,1.092269495E-1,-2.203726470E-1
3.926011725E1,2.075236440E-1,1.024699807E-1,-2.189289480E-1
3.927009325E1,2.033382952E-1,7.622291893E-2,-2.285457850E-1
3.928007025E1,1.806404442E-1,4.851353168E-2,-2.372141182E-1
3.929004625E1,1.537241191E-1,4.976978526E-2,-2.423875332E-1
3.930002325E1,1.305263788E-1,6.016889587E-2,-2.482890934E-1
3.930999925E1,1.221680194E-1,6.938815117E-2,-2.494661510E-1
3.931997525E1,1.220825315E-1,7.789455354E-2,-2.477611899E-1
3.932995225E1,1.271973699E-1,6.112002581E-2,-2.463211268E-1
3.933992825E1,1.352827251E-1,4.048398882E-2,-2.429668754E-1
3.934990525E1,1.428807080E-1,4.029345885E-2,-2.339038551E-1
3.935988125E1,1.554566920E-1,5.954065919E-2,-2.270773649E-1
3.936985825E1,1.774387658E-1,9.406363219E-2,-2.203511745E-1
3.937983425E1,2.014788538E-1,1.043820530E-1,-2.224428207E-1
3.938981025E1,2.103645802E-1,9.437602013E-2,-2.286582738E-1
3.939978725E1,2.006312609E-1,7.769424468E-2,-2.388006598E-1
3.940976325E1,1.717585623E-1,6.400803477E-2,-2.462082058E-1
3.941974025E1,1.429692656E-1,6.746854633E-2,-2.507576942E-1
3.942971625E1,1.236151531E-1,8.138599247E-2,-2.549958825E-1
3.943969325E1,1.193692759E-1,7.371689379E-2,-2.538920045E-1
3.944966925E1,1.244122386E-1,6.807045639E-2,-2.502757013E-1
3.945964525E1,1.259928197E-1,5.496504158E-2,-2.465275526E-1
3.946962225E1,1.354828030E-1,4.663056508E-2,-2.368135452E-1
3.947959825E1,1.544367820E-1,6.977875531E-2,-2.280749232E-1
3.948957525E1,1.743888557E-1,8.495116979E-2,-2.228504568E-1
3.949955125E1,1.993067265E-1,1.001258641E-1,-2.200791687E-1
3.950952825E1,2.105426043E-1,1.007638052E-1,-2.254337519E-1
3.951950425E1,2.070906162E-1,7.964307070E-2,-2.295486033E-1
3.952948025E1,1.896530092E-1,7.412599027E-2,-2.337078452E-1
3.953945725E1,1.660419554E-1,7.552655041E-2,-2.422744334E-1
3.954943325E1,1.397766173E-1,7.670564204E-2,-2.506710291E-1
3.955941025E1,1.284001321E-1,8.014271408E-2,-2.528345883E-1
3.956938625E1,1.178928092E-1,7.281582803E-2,-2.555401921E-1
3.957936325E1,1.192795187E-1,5.452497303E-2,-2.492335588E-1
3.958933925E1,1.269960850E-1,4.132654890E-2,-2.459446788E-1
3.959931525E1,1.397558302E-1,4.208155721E-2,-2.383975536E-1
3.960929225E1,1.586019099E-1,7.091923803E-2,-2.272843570E-1
3.961926825E1,1.819306612E-1,9.513163567E-2,-2.243831009E-1
3.962924525E1,2.019592524E-1,1.054111347E-1,-2.251232415E-1
3.963922125E1,2.103836387E-1,8.725290745E-2,-2.286372930E-1
3.964919900E1,1.998193711E-1,6.635367125E-2,-2.344104052E-1
3.965917500E1,1.719291508E-1,5.618545786E-2,-2.426816523E-1
3.966915100E1,1.437209100E-1,6.243726611E-2,-2.496489733E-1
3.967912800E1,1.263182163E-1,7.894433290E-2,-2.502966225E-1
3.968910400E1,1.223286465E-1,8.696135879E-2,-2.499935180E-1
3.969908100E1,1.244453266E-1,6.568882614E-2,-2.521115243E-1
3.970905700E1,1.343964934E-1,3.978426382E-2,-2.486507446E-1
3.971903400E1,1.421830356E-1,3.582973406E-2,-2.413062900E-1
3.972901000E1,1.517860144E-1,5.404712632E-2,-2.305836380E-1
3.973898700E1,1.709631681E-1,8.627510816E-2,-2.199312598E-1
3.974896300E1,1.932677627E-1,1.099313200E-1,-2.214464843E-1
3.975893900E1,2.045481205E-1,1.038523838E-1,-2.299145460E-1
3.976891600E1,2.024549246E-1,8.286084980E-2,-2.357877195E-1
3.977889200E1,1.802577525E-1,6.221522763E-2,-2.403902113E-1
3.978886900E1,1.544441879E-1,5.870396271E-2,-2.454093099E-1
3.979884500E1,1.294751912E-1,7.762945443E-2,-2.499705255E-1
3.980882100E1,1.198350787E-1,9.697891772E-2,-2.549932301E-1
3.981879800E1,1.215528175E-1,9.436582774E-2,-2.542419732E-1
3.982877400E1,1.309250593E-1,6.775692850E-2,-2.551267445E-1
3.983875100E1,1.398647577E-1,4.314798862E-2,-2.498880327E-1
3.984872700E1,1.543740630E-1,4.823306203E-2,-2.428253591E-1
3.985870400E1,1.680211723E-1,7.180869579E-2,-2.358223200E-1
3.986868000E1,1.931743175E-1,1.013250053E-1,-2.305950373E-1
3.987865700E1,2.127938271E-1,1.058683619E-1,-2.306379080E-1
3.988863300E1,2.184751183E-1,8.961006999E-2,-2.345013022E-1
3.989860900E1,2.054144442E-1,7.128325850E-2,-2.394846082E-1
3.990858600E1,1.720430404E-1,6.814491749E-2,-2.440559268E-1
3.991856200E1,1.402443647E-1,7.596741617E-2,-2.494104952E-1
3.992853900E1,1.235110462E-1,8.681843430E-2,-2.522557974E-1
3.993851500E1,1.195703670E-1,8.181914687E-2,-2.527596653E-1
3.994849200E1,1.250268519E-1,5.096117407E-2,-2.511976063E-1
3.995846800E1,1.350241005E-1,4.068456963E-2,-2.482776940E-1
3.996844400E1,1.432666928E-1,5.077353492E-2,-2.441673279E-1
3.997842100E1,1.593082398E-1,6.821803749E-2,-2.402958870E-1
3.998839700E1,1.848212481E-1,1.011898369E-1,-2.355235964E-1
3.999837400E1,2.064463794E-1,1.004729122E-1,-2.363758087E-1
4.000835000E1,2.170713246E-1,9.161055833E-2,-2.376498729E-1
4.001832700E1,2.044990808E-1,8.404930681E-2,-2.412054688E-1
4.002830300E1,1.803740561E-1,6.573817879E-2,-2.442039698E-1
4.003827900E1,1.595313549E-1,8.298720419E-2,-2.480138838E-1
4.004825600E1,1.355965436E-1,8.455074579E-2,-2.592869401E-1
4.005823200E1,1.245132759E-1,7.209753990E-2,-2.636478841E-1
4.006820900E1,1.245962679E-1,7.173629850E-2,-2.610329986E-1
4.007818500E1,1.289201677E-1,5.590673536E-2,-2.602332532E-1
4.008816200E1,1.455832720E-1,4.318847135E-2,-2.586541772E-1
4.009813800E1,1.646208763E-1,6.369880587E-2,-2.503549755E-1
4.010811400E1,1.830032915E-1,8.276087791E-2,-2.422156930E-1
4.011809100E1,2.006307542E-1,9.687030315E-2,-2.394084483E-1
4.012806700E1,2.118656039E-1,9.518859535E-2,-2.423734367E-1
4.013804400E1,2.017221451E-1,9.142262489E-2,-2.427297682E-1
4.014802000E1,1.802144647E-1,9.396738559E-2,-2.464376986E-1
4.015799700E1,1.531362385E-1,9.020513296E-2,-2.549411654E-1
4.016797300E1,1.333911717E-1,8.876764029E-2,-2.603471279E-1
4.017794900E1,1.218263954E-1,8.499926329E-2,-2.628478408E-1
4.018792600E1,1.199041754E-1,6.678263843E-2,-2.653521001E-1
4.019790200E1,1.260531545E-1,5.502397940E-2,-2.634351552E-1
4.020787900E1,1.368231922E-1,6.344507635E-2,-2.582219243E-1
4.021785500E1,1.518040001E-1,7.190540433E-2,-2.526204884E-1
4.022783200E1,1.739967167E-1,8.725926280E-2,-2.462250441E-1
4.023780800E1,1.939075738E-1,1.037532836E-1,-2.408153564E-1
4.024778400E1,2.000826150E-1,1.024552882E-1,-2.393755913E-1
4.025776100E1,1.954319328E-1,9.497100860E-2,-2.415409982E-1
4.026773700E1,1.731044948E-1,9.019029886E-2,-2.481493056E-1
4.027771400E1,1.483461410E-1,9.292110801E-2,-2.543403506E-1
4.028769000E1,1.290033907E-1,9.294461459E-2,-2.637768090E-1
4.029766700E1,1.214943305E-1,7.555869967E-2,-2.740800381E-1
4.030764300E1,1.188658476E-1,6.869379431E-2,-2.740449905E-1
4.031762000E1,1.207700074E-1,5.397582799E-2,-2.698225677E-1
4.032759600E1,1.356045902E-1,4.804341123E-2,-2.634620965E-1
4.033757200E1,1.599804908E-1,6.104097143E-2,-2.530717552E-1
4.034754900E1,1.855964214E-1,7.918474078E-2,-2.436991185E-1
4.035752500E1,2.104426473E-1,8.773375303E-2,-2.372939587E-1
4.036750200E1,2.218993902E-1,8.784682304E-2,-2.376626879E-1
4.037747800E1,2.148952782E-1,7.617045939E-2,-2.388962656E-1
4.038745500E1,1.940497309E-1,7.632572949E-2,-2.419311255E-1
4.039743100E1,1.664945334E-1,7.639683783E-2,-2.497262061E-1
4.040740700E1,1.451890320E-1,7.934822142E-2,-2.555681765E-1
4.041738400E1,1.326167732E-1,8.287930489E-2,-2.630031705E-1
4.042736000E1,1.249606460E-1,5.911535397E-2,-2.685376406E-1
4.043733700E1,1.281377971E-1,3.897972405E-2,-2.620251477E-1
4.044731300E1,1.329122782E-1,4.603771120E-2,-2.565365434E-1
4.045729000E1,1.436823606E-1,5.969439819E-2,-2.453978807E-1
4.046726600E1,1.719863713E-1,8.769510686E-2,-2.354263216E-1
4.047724200E1,1.998169273E-1,1.011552513E-1,-2.332816869E-1
4.048721900E1,2.176230103E-1,8.720642328E-2,-2.344690263E-1
4.049719500E1,2.127371877E-1,8.065290749E-2,-2.384038419E-1
4.050717200E1,1.868592650E-1,7.368443906E-2,-2.442343384E-1
4.051714800E1,1.625797600E-1,8.283505589E-2,-2.496322840E-1
4.052712500E1,1.461715102E-1,9.577079862E-2,-2.586849928E-1
4.053710100E1,1.341856867E-1,7.908555865E-2,-2.679948509E-1
4.054707700E1,1.310990751E-1,6.181300059E-2,-2.688460052E-1
4.055705400E1,1.308785677E-1,5.045062304E-2,-2.688696980E-1
4.056703000E1,1.362441629E-1,5.516012385E-2,-2.634322941E-1
4.057700700E1,1.613268703E-1,8.465144038E-2,-2.545855343E-1
4.058698300E1,1.890311986E-1,1.036815643E-1,-2.466711104E-1
4.059696000E1,2.139474601E-1,1.012602150E-1,-2.438095510E-1
4.060693600E1,2.224451303E-1,8.759349585E-2,-2.446496040E-1
4.061691300E1,2.093114853E-1,7.914142311E-2,-2.456403077E-1
4.062688900E1,1.864133328E-1,8.827194571E-2,-2.485039532E-1
4.063686500E1,1.601407230E-1,1.048184261E-1,-2.552401721E-1
4.064684200E1,1.482991576E-1,1.096894667E-1,-2.652292550E-1
4.065681704E1,1.432292908E-1,9.170620143E-2,-2.698277235E-1
4.066679404E1,1.411427557E-1,5.118431523E-2,-2.705518901E-1
4.067677004E1,1.377544105E-1,3.929489851E-2,-2.645928264E-1
4.068674704E1,1.429028958E-1,5.140859634E-2,-2.579555511E-1
4.069672304E1,1.599644423E-1,7.342974842E-2,-2.509546578E-1
4.070669904E1,1.909842789E-1,9.653668106E-2,-2.454943955E-1
4.071667604E1,2.180941999E-1,9.324155003E-2,-2.438280433E-1
4.072665204E1,2.280977517E-1,8.684544265E-2,-2.433636934E-1
4.073662904E1,2.096769363E-1,9.058984369E-2,-2.415013313E-1
4.074660504E1,1.800156087E-1,8.270571381E-2,-2.483848780E-1
4.075658204E1,1.527054161E-1,9.066696465E-2,-2.573040724E-1
4.076655804E1,1.281212866E-1,8.650383353E-2,-2.684817314E-1
4.077653404E1,1.112427115E-1,6.567285210E-2,-2.723294497E-1
4.078651104E1,1.166363284E-1,6.880910695E-2,-2.648884058E-1
4.079648704E1,1.300685257E-1,6.707405299E-2,-2.601365447E-1
4.080646404E1,1.575020254E-1,7.125588506E-2,-2.546214759E-1
4.081644004E1,1.883382350E-1,9.097232670E-2,-2.477704734E-1
4.082641704E1,2.142532468E-1,9.040483087E-2,-2.439697236E-1
4.083639304E1,2.320801765E-1,9.202110022E-2,-2.432474643E-1
4.084637004E1,2.314638793E-1,9.530582279E-2,-2.425703704E-1
4.085634604E1,2.090895921E-1,8.577170968E-2,-2.486077696E-1
4.086632204E1,1.828884184E-1,9.054583311E-2,-2.548524737E-1
4.087629904E1,1.548533142E-1,8.793593198E-2,-2.646526396E-1
4.088627504E1,1.307188720E-1,7.495542616E-2,-2.685143054E-1
4.089625204E1,1.239744127E-1,7.078731060E-2,-2.687289715E-1
4.090622804E1,1.298026294E-1,5.614395440E-2,-2.671444416E-1
4.091620504E1,1.483867019E-1,5.759857222E-2,-2.601299584E-1
4.092618104E1,1.681035310E-1,6.787950546E-2,-2.558414340E-1
4.093615704E1,1.908794194E-1,7.440851629E-2,-2.479169220E-1
4.094613404E1,2.093963176E-1,9.541124105E-2,-2.392061353E-1
4.095611004E1,2.137247473E-1,9.221038967E-2,-2.421486676E-1
4.096608704E1,2.107203156E-1,9.007498622E-2,-2.432757169E-1
4.097606304E1,1.922656745E-1,8.766828477E-2,-2.474590242E-1
4.098604004E1,1.661236435E-1,8.230627328E-2,-2.545171082E-1
4.099601604E1,1.456585824E-1,8.415344357E-2,-2.611704767E-1
4.100599304E1,1.303460747E-1,6.764151156E-2,-2.696239054E-1
4.101596904E1,1.275715977E-1,5.718461052E-2,-2.707427144E-1
4.102594504E1,1.337982416E-1,5.318544433E-2,-2.712338865E-1
4.103592204E1,1.519570053E-1,5.730748549E-2,-2.637876868E-1
4.104589804E1,1.790567487E-1,8.273382485E-2,-2.536904812E-1
4.105587504E1,2.015820295E-1,9.011370689E-2,-2.492917180E-1
4.106585104E1,2.228656113E-1,9.667241573E-2,-2.457366437E-1
4.107582804E1,2.238312662E-1,9.557412565E-2,-2.491239160E-1
4.108580404E1,2.073889226E-1,8.538641036E-2,-2.525833845E-1
4.109578004E1,1.809935272E-1,9.940475225E-2,-2.554098070E-1
4.110575704E1,1.553931236E-1,1.024242118E-1,-2.623386085E-1
4.111573304E1,1.375619322E-1,9.075184166E-2,-2.700066566E-1
4.112571004E1,1.317451894E-1,7.383020222E-2,-2.740415931E-1
4.113568604E1,1.281437874E-1,4.904149845E-2,-2.747313380E-1
4.114566304E1,1.399068534E-1,5.126047879E-2,-2.682766914E-1
4.115563904E1,1.607098728E-1,6.972151250E-2,-2.592570782E-1
4.116561504E1,1.849198490E-1,8.018271625E-2,-2.550628483E-1
4.117559204E1,2.114571929E-1,9.302447736E-2,-2.485660613E-1
4.118556804E1,2.267454118E-1,8.614578843E-2,-2.477890998E-1
4.119554504E1,2.191250473E-1,7.014738023E-2,-2.513950467E-1
4.120552104E1,1.991225481E-1,8.316458017E-2,-2.533955276E-1
4.121549804E1,1.707777232E-1,8.938892186E-2,-2.609980404E-1
4.122547404E1,1.521332860E-1,9.760743380E-2,-2.667831481E-1
4.123545104E1,1.400095075E-1,8.358669281E-2,-2.745316029E-1
4.124542704E1,1.341159195E-1,4.140982032E-2,-2.786544263E-1
4.125540304E1,1.383687258E-1,3.704783320E-2,-2.729840279E-1
4.126538004E1,1.487268507E-1,4.868901148E-2,-2.671269774E-1
4.127535604E1,1.734532267E-1,7.074051350E-2,-2.601002455E-1
4.128533304E1,2.050808072E-1,9.349779040E-2,-2.555944622E-1
4.129530904E1,2.283999771E-1,8.274234831E-2,-2.530436814E-1
4.130528604E1,2.321836203E-1,7.788367569E-2,-2.538755834E-1
4.131526204E1,2.095946968E-1,7.276587933E-2,-2.566647232E-1
4.132523804E1,1.806521267E-1,7.053902745E-2,-2.620719969E-1
4.133521504E1,1.574496031E-1,8.975693583E-2,-2.658757865E-1
4.134519104E1,1.393651813E-1,7.825572044E-2,-2.773234546E-1
4.135516804E1,1.387121677E-1,5.585028604E-2,-2.771716714E-1
4.136514404E1,1.456557959E-1,4.343976825E-2,-2.742647231E-1
4.137512104E1,1.567049772E-1,5.193631724E-2,-2.692633271E-1
4.138509704E1,1.735625118E-1,6.591968238E-2,-2.649154365E-1
4.139507304E1,1.972776949E-1,8.441986144E-2,-2.580055892E-1
4.140505004E1,2.163184583E-1,8.999669552E-2,-2.542994320E-1
4.141502604E1,2.259543091E-1,8.058907837E-2,-2.549686730E-1
4.142500304E1,2.174150646E-1,8.030039817E-2,-2.541144490E-1
4.143497904E1,1.943680644E-1,8.196221292E-2,-2.564580441E-1
4.144495604E1,1.682950556E-1,8.387091756E-2,-2.642134428E-1
4.145493204E1,1.421590596E-1,7.900638878E-2,-2.734951079E-1
4.146490904E1,1.230295449E-1,4.924335703E-2,-2.836467326E-1
4.147488504E1,1.207525432E-1,3.997102752E-2,-2.855647504E-1
4.148486104E1,1.320588887E-1,4.833617061E-2,-2.792626917E-1
4.149483804E1,1.575575918E-1,6.165970117E-2,-2.736636698E-1
4.150481404E1,1.907543093E-1,7.865805924E-2,-2.703451216E-1
4.151479104E1,2.099362612E-1,7.241880894E-2,-2.674918175E-1
4.152476704E1,2.159311324E-1,6.493408978E-2,-2.635782361E-1
4.153474404E1,2.057045847E-1,7.549592108E-2,-2.619211972E-1
4.154472004E1,1.817722619E-1,8.200103790E-2,-2.678997815E-1
4.155469704E1,1.641210914E-1,8.793295920E-2,-2.721233070E-1
4.156467304E1,1.480709612E-1,8.614166826E-2,-2.788151503E-1
4.157464904E1,1.349522322E-1,5.871777609E-2,-2.871146202E-1
4.158462604E1,1.343954206E-1,3.573667631E-2,-2.897025645E-1
4.159460204E1,1.446160972E-1,3.862114623E-2,-2.851895690E-1
4.160457904E1,1.662303805E-1,5.214808136E-2,-2.787080705E-1
4.161455504E1,1.947792023E-1,7.279662788E-2,-2.740789652E-1
4.162453204E1,2.181072384E-1,6.862159073E-2,-2.746890187E-1
4.163450804E1,2.282328457E-1,6.687455624E-2,-2.682816982E-1
4.164448404E1,2.193241715E-1,6.985923648E-2,-2.657535672E-1
4.165446100E1,1.958121806E-1,6.905922294E-2,-2.678127289E-1
4.166443700E1,1.719248295E-1,7.729550451E-2,-2.704961300E-1
4.167441400E1,1.511143595E-1,8.415314555E-2,-2.790192962E-1
4.168439000E1,1.392045468E-1,7.385270298E-2,-2.867770493E-1
4.169436700E1,1.431401670E-1,6.660038978E-2,-2.908948362E-1
4.170434300E1,1.518746912E-1,6.549823284E-2,-2.917912900E-1
4.171432000E1,1.672115624E-1,6.936328113E-2,-2.880961597E-1
4.172429600E1,1.899300814E-1,8.152863383E-2,-2.823323011E-1
4.173427200E1,2.070827037E-1,8.957244456E-2,-2.770083845E-1
4.174424900E1,2.172700763E-1,7.642296702E-2,-2.723350525E-1
4.175422500E1,2.165755183E-1,7.624080777E-2,-2.715148032E-1
4.176420200E1,1.960828453E-1,8.408627659E-2,-2.701375782E-1
4.177417800E1,1.730555594E-1,8.566633612E-2,-2.740462720E-1
4.178415500E1,1.525448114E-1,9.311845154E-2,-2.781259418E-1
4.179413100E1,1.371895522E-1,8.459819853E-2,-2.884994745E-1
4.180410700E1,1.383511424E-1,6.372900307E-2,-2.885965705E-1
4.181408400E1,1.512312591E-1,5.278926343E-2,-2.876473963E-1
4.182406000E1,1.608643383E-1,4.754616693E-2,-2.821405530E-1
4.183403700E1,1.820551157E-1,6.633476913E-2,-2.750017047E-1
4.184401300E1,1.989203840E-1,8.600010723E-2,-2.709174752E-1
4.185399000E1,2.147584707E-1,7.796747983E-2,-2.693350315E-1
4.186396600E1,2.193987370E-1,7.489953935E-2,-2.687869072E-1
4.187394300E1,2.049798518E-1,6.698648632E-2,-2.695136964E-1
4.188391900E1,1.805032790E-1,7.576145977E-2,-2.693776190E-1
4.189389500E1,1.588853300E-1,8.797764033E-2,-2.705147862E-1
4.190387200E1,1.427955776E-1,7.511004806E-2,-2.815533280E-1
4.191384800E1,1.419910342E-1,5.719336867E-2,-2.860473990E-1
4.192382500E1,1.470067203E-1,6.311786920E-2,-2.874485254E-1
4.193380100E1,1.586085111E-1,6.856536865E-2,-2.840876281E-1
4.194377800E1,1.840405613E-1,8.896864951E-2,-2.775384784E-1
4.195375400E1,2.073599994E-1,1.020658091E-1,-2.709977627E-1
4.196373100E1,2.260650843E-1,8.510673791E-2,-2.714389861E-1
4.197370700E1,2.296949774E-1,7.417926192E-2,-2.751735151E-1
4.198368300E1,2.111799568E-1,7.527105510E-2,-2.755180597E-1
4.199366000E1,1.871294826E-1,9.133844078E-2,-2.723853588E-1
4.200363600E1,1.715939939E-1,1.106622517E-1,-2.760739326E-1
4.201361300E1,1.622388363E-1,9.457410127E-2,-2.845097780E-1
4.202358900E1,1.596693546E-1,7.075911760E-2,-2.883459628E-1
4.203356600E1,1.625050902E-1,5.589761958E-2,-2.898487747E-1
4.204354200E1,1.729280651E-1,5.437178537E-2,-2.812481523E-1
4.205351900E1,1.911379695E-1,7.679560035E-2,-2.736490965E-1
4.206349500E1,2.087706029E-1,8.808773756E-2,-2.686444521E-1
4.207347100E1,2.141147703E-1,8.893781900E-2,-2.691174448E-1
4.208344800E1,2.094011456E-1,8.889233321E-2,-2.658497989E-1
4.209342400E1,1.865672022E-1,7.863063365E-2,-2.666798830E-1
4.210340100E1,1.687273383E-1,8.084564656E-2,-2.666274011E-1
4.211337700E1,1.497001052E-1,9.351962805E-2,-2.714919448E-1
4.212335400E1,1.424546242E-1,7.341442257E-2,-2.749519646E-1
4.213333000E1,1.426165402E-1,7.026923448E-2,-2.778154016E-1
4.214330600E1,1.483979970E-1,6.385207921E-2,-2.800897360E-1
4.215328300E1,1.659674048E-1,7.784832269E-2,-2.750654221E-1
4.216325900E1,1.898796111E-1,8.996800333E-2,-2.739763856E-1
4.217323600E1,2.109047323E-1,8.315510303E-2,-2.735076547E-1
4.218321200E1,2.216812521E-1,8.323826641E-2,-2.701521516E-1
4.219318900E1,2.139418423E-1,7.990505546E-2,-2.756923139E-1
4.220316500E1,1.958225667E-1,7.925461233E-2,-2.745364010E-1
4.221314200E1,1.787213385E-1,9.017969668E-2,-2.773023546E-1
4.222311800E1,1.641687304E-1,9.128022194E-2,-2.828645408E-1
4.223309400E1,1.555337012E-1,7.538275421E-2,-2.890292108E-1
4.224307100E1,1.491334736E-1,5.950802937E-2,-2.921901941E-1
4.225304700E1,1.522938460E-1,4.067788646E-2,-2.893949449E-1
4.226302400E1,1.695916206E-1,5.892543495E-2,-2.824217379E-1
4.227300000E1,1.889445484E-1,6.919484586E-2,-2.812518179E-1
4.228297700E1,2.146165073E-1,6.994122267E-2,-2.773263752E-1
4.229295300E1,2.301949412E-1,8.784565330E-2,-2.735723853E-1
4.230293000E1,2.224306166E-1,9.745646268E-2,-2.738543749E-1
4.231290600E1,2.105390728E-1,9.241323173E-2,-2.756533623E-1
4.232288200E1,1.915110201E-1,9.400982410E-2,-2.821242511E-1
4.233285900E1,1.669268608E-1,8.122718334E-2,-2.851749063E-1
4.234283500E1,1.499014944E-1,6.928724051E-2,-2.884448767E-1
4.235281200E1,1.426374465E-1,5.464304984E-2,-2.899463773E-1
4.236278800E1,1.471848637E-1,5.950029194E-2,-2.873515487E-1
4.237276500E1,1.696760654E-1,8.991465718E-2,-2.811402678E-1
4.238274100E1,1.934656501E-1,9.302291274E-2,-2.776469290E-1
4.239271800E1,2.168205082E-1,8.799113333E-2,-2.750397027E-1
4.240269400E1,2.212239653E-1,8.191072941E-2,-2.742514908E-1
4.241267000E1,2.099777013E-1,7.674739510E-2,-2.722408175E-1
4.242264700E1,1.894621253E-1,7.253693044E-2,-2.771902084E-1
4.243262300E1,1.705097407E-1,7.315958291E-2,-2.807756364E-1
4.244260000E1,1.589079499E-1,8.074322343E-2,-2.849024832E-1
4.245257600E1,1.503855735E-1,7.153934240E-2,-2.877973318E-1
4.246255300E1,1.529894024E-1,5.610314012E-2,-2.882080972E-1
4.247252900E1,1.630183458E-1,6.052318960E-2,-2.883284688E-1
4.248250600E1,1.813513488E-1,7.058025151E-2,-2.863453925E-1
4.249248200E1,2.046870291E-1,7.605943829E-2,-2.819567621E-1
4.250245800E1,2.213172168E-1,8.777738363E-2,-2.782670557E-1
4.251243500E1,2.182838768E-1,8.452113718E-2,-2.782553434E-1
4.252241100E1,2.067574263E-1,9.000606090E-2,-2.771306634E-1
4.253238800E1,1.828662157E-1,9.253899753E-2,-2.843957841E-1
4.254236400E1,1.583440155E-1,8.627653122E-2,-2.893813550E-1
4.255234100E1,1.479294598E-1,7.460256666E-2,-2.924903333E-1
4.256231700E1,1.492448151E-1,7.100299001E-2,-2.895704806E-1
4.257229400E1,1.569959521E-1,7.076090574E-2,-2.897294760E-1
4.258227000E1,1.738145500E-1,8.051870763E-2,-2.851372957E-1
4.259224600E1,1.986908764E-1,9.521749616E-2,-2.788325250E-1
4.260222300E1,2.161527127E-1,1.035496742E-1,-2.793971598E-1
4.261219900E1,2.267422378E-1,9.181765467E-2,-2.814275324E-1
4.262217600E1,2.163847536E-1,9.384634346E-2,-2.822279632E-1
4.263215200E1,1.909462363E-1,1.041897908E-1,-2.836876512E-1
4.264212900E1,1.665943712E-1,9.870074689E-2,-2.865938544E-1
4.265210588E1,1.555156261E-1,8.431488276E-2,-2.899843454E-1
4.266208287E1,1.490040570E-1,7.095759362E-2,-2.925191224E-1
4.267205887E1,1.452713609E-1,6.795328110E-2,-2.914370596E-1
4.268203488E1,1.581188738E-1,6.788063049E-2,-2.909415066E-1
4.269201188E1,1.818761379E-1,7.848187536E-2,-2.888357341E-1
4.270198787E1,2.091400176E-1,9.096554667E-2,-2.816370130E-1
4.271196487E1,2.267270088E-1,8.931571990E-2,-2.824042737E-1
4.272194088E1,2.317544371E-1,8.000165224E-2,-2.829641998E-1
4.273191788E1,2.155509740E-1,8.997812122E-2,-2.833192050E-1
4.274189387E1,1.865012646E-1,8.395658433E-2,-2.869001627E-1
4.275187088E1,1.681302339E-1,7.987236232E-2,-2.912270129E-1
4.276184688E1,1.545090228E-1,6.763873994E-2,-2.939863801E-1
4.277182288E1,1.453549415E-1,5.762179568E-2,-2.965829670E-1
4.278179987E1,1.458119303E-1,5.982396007E-2,-2.965310216E-1
4.279177588E1,1.612327099E-1,7.429850847E-2,-2.936092913E-1
4.280175288E1,1.898408532E-1,9.528215975E-2,-2.871166766E-1
4.281172887E1,2.139810771E-1,9.647818655E-2,-2.866069376E-1
4.282170587E1,2.279139012E-1,8.607821167E-2,-2.888663113E-1
4.283168188E1,2.211268395E-1,8.683534712E-2,-2.866183221E-1
4.284165888E1,1.982083768E-1,8.938983083E-2,-2.893617153E-1
4.285163487E1,1.762026697E-1,8.945214748E-2,-2.872402370E-1
4.286161087E1,1.619167328E-1,8.975771070E-2,-2.903847098E-1
4.287158788E1,1.562702954E-1,7.991573215E-2,-2.909945846E-1
4.288156388E1,1.573535502E-1,7.269475609E-2,-2.942308486E-1
4.289154087E1,1.651419550E-1,7.278024405E-2,-2.926068604E-1
4.290151688E1,1.828650236E-1,8.618833870E-2,-2.911583483E-1
4.291149388E1,1.998762190E-1,8.767571300E-2,-2.901341021E-1
4.292146987E1,2.142102569E-1,9.038970619E-2,-2.886259258E-1
4.293144687E1,2.169407904E-1,9.644466639E-2,-2.873145640E-1
4.294142288E1,2.088792920E-1,1.039788201E-1,-2.878983915E-1
4.295139888E1,1.975981444E-1,9.681757540E-2,-2.913471758E-1
4.296137587E1,1.775129139E-1,9.337507188E-2,-2.932557166E-1
4.297135187E1,1.619198322E-1,9.662252665E-2,-2.948847711E-1
4.298132888E1,1.500245929E-1,7.973419130E-2,-2.966377437E-1
4.299130488E1,1.548031121E-1,7.873630524E-2,-2.974878252E-1
4.300128187E1,1.692438126E-1,8.567424864E-2,-2.938685417E-1
4.301125788E1,1.920868158E-1,8.708279580E-2,-2.905774117E-1
4.302123488E1,2.180241793E-1,8.739209175E-2,-2.872909009E-1
4.303121087E1,2.241081744E-1,8.888000250E-2,-2.849686146E-1
4.304118787E1,2.143926620E-1,1.014520004E-1,-2.869510055E-1
4.305116388E1,1.960011423E-1,9.884583205E-2,-2.908890247E-1
4.306113988E1,1.781331897E-1,8.574242145E-2,-2.949838936E-1
4.307111687E1,1.640242934E-1,7.415208220E-2,-2.973631620E-1
4.308109287E1,1.564128250E-1,6.466267258E-2,-2.979311645E-1
4.309106988E1,1.594293863E-1,6.071852893E-2,-2.962541878E-1
4.310104588E1,1.761437058E-1,7.846108824E-2,-2.943077981E-1
4.311102287E1,1.919343919E-1,9.530211985E-2,-2.958039641E-1
4.312099888E1,2.127000242E-1,9.901405871E-2,-2.944750786E-1
4.313097588E1,2.262046486E-1,1.071124673E-1,-2.919549048E-1
4.314095188E1,2.156761587E-1,1.000972167E-1,-2.953367531E-1
4.315092787E1,1.990101039E-1,9.080331773E-2,-2.942171395E-1
4.316090488E1,1.819553524E-1,9.066697210E-2,-2.967429161E-1
4.317088088E1,1.621233225E-1,8.489643037E-2,-2.999211252E-1
4.318085787E1,1.533957124E-1,7.642990351E-2,-2.992789149E-1
4.319083387E1,1.567363739E-1,7.646319270E-2,-2.986847758E-1
4.320081088E1,1.686237603E-1,7.610481232E-2,-2.981171906E-1
4.321078688E1,1.903626174E-1,8.955830336E-2,-2.961078286E-1
4.322076387E1,2.115496248E-1,9.300068021E-2,-2.948180139E-1
4.323073987E1,2.272345722E-1,8.723014593E-2,-2.937026918E-1
4.324071588E1,2.309724540E-1,1.016494632E-1,-2.897079587E-1
4.325069288E1,2.132986486E-1,9.520141780E-2,-2.893582582E-1
4.326066887E1,1.929942071E-1,9.182079136E-2,-2.923663557E-1
4.327064588E1,1.694342792E-1,9.312546998E-2,-2.969432771E-1
4.328062188E1,1.451192349E-1,7.142966241E-2,-3.028056920E-1
4.329059887E1,1.435847133E-1,6.494673342E-2,-3.002005816E-1
4.330057487E1,1.511535645E-1,6.298149377E-2,-2.998730242E-1
4.331055188E1,1.758498549E-1,7.398567349E-2,-2.945112884E-1
4.332052788E1,2.031023949E-1,8.641179651E-2,-2.945688665E-1
4.333050387E1,2.238580137E-1,9.066992998E-2,-2.940807045E-1
4.334048087E1,2.348881811E-1,1.013899371E-1,-2.938525081E-1
4.335045688E1,2.275836617E-1,1.008256152E-1,-2.960720062E-1
4.336043388E1,2.084026784E-1,9.808750451E-2,-2.975879312E-1
4.337040987E1,1.863935143E-1,9.070283175E-2,-3.021435142E-1
4.338038688E1,1.634147167E-1,7.127113640E-2,-3.049561381E-1
4.339036288E1,1.529460996E-1,7.087246329E-2,-3.036517501E-1
4.340033987E1,1.493019611E-1,8.034595102E-2,-3.050181866E-1
4.341031587E1,1.658138335E-1,9.320369363E-2,-3.042304218E-1
4.342029288E1,1.965259910E-1,1.048155278E-1,-2.982112765E-1
4.343026888E1,2.230516076E-1,1.051132679E-1,-2.951486409E-1
4.344024487E1,2.325431406E-1,9.893791378E-2,-2.933776975E-1
4.345022187E1,2.256852388E-1,1.043795496E-1,-2.899912298E-1
4.346019788E1,2.054572850E-1,9.930487722E-2,-2.901205420E-1
4.347017488E1,1.846417487E-1,8.469983935E-2,-2.974823117E-1
4.348015087E1,1.664848030E-1,7.379294187E-2,-2.972688973E-1
4.349012788E1,1.522555202E-1,6.424710900E-2,-2.987360358E-1
4.350010388E1,1.497410834E-1,7.163814455E-2,-2.996590436E-1
4.351008088E1,1.649128497E-1,7.604008168E-2,-3.000649214E-1
4.352005687E1,1.981368363E-1,7.762427628E-2,-2.990206778E-1
4.353003288E1,2.274481207E-1,9.314384311E-2,-2.980020046E-1
4.354000988E1,2.321441323E-1,1.011634693E-1,-2.992852330E-1
4.354998587E1,2.284399420E-1,1.025728136E-1,-2.972860038E-1
4.355996287E1,2.161564827E-1,1.172767729E-1,-2.983285785E-1
4.356993888E1,1.877283007E-1,1.004929990E-1,-3.038815260E-1
4.357991588E1,1.648648530E-1,6.169012561E-2,-3.114902675E-1
4.358989187E1,1.478581727E-1,6.077932939E-2,-3.117459416E-1
4.359986887E1,1.414093226E-1,7.510092854E-2,-3.057999015E-1
4.360984488E1,1.639319360E-1,8.687023818E-2,-3.021354079E-1
4.361982188E1,2.054193318E-1,9.929045290E-2,-2.968482375E-1
4.362979787E1,2.396800965E-1,1.053949520E-1,-2.954817712E-1
4.363977388E1,2.463152111E-1,9.039493650E-2,-2.978868186E-1
4.364975088E1,2.310779393E-1,8.513598889E-2,-3.000130951E-1
4.365972663E1,2.020193785E-1,9.332268685E-2,-2.984356880E-1
4.366970362E1,1.690102965E-1,9.082437307E-2,-3.037316501E-1
4.367967962E1,1.519304216E-1,7.653930038E-2,-3.115086854E-1
4.368965663E1,1.476911902E-1,7.245241851E-2,-3.121528924E-1
4.369963263E1,1.546714455E-1,8.579915762E-2,-3.067892194E-1
4.370960962E1,1.799951792E-1,1.001011357E-1,-3.029223084E-1
4.371958562E1,2.117302120E-1,1.025476381E-1,-3.020206094E-1
4.372956263E1,2.391328067E-1,1.107158139E-1,-3.005779684E-1
4.373953863E1,2.452935278E-1,1.231479347E-1,-3.025410473E-1
4.374951462E1,2.303289622E-1,1.189646348E-1,-3.051291108E-1
4.375949163E1,2.054996938E-1,1.174074933E-1,-3.058016300E-1
4.376946763E1,1.804494709E-1,1.072312891E-1,-3.055193424E-1
4.377944463E1,1.583368629E-1,7.848741859E-2,-3.114816844E-1
4.378942062E1,1.490994245E-1,4.908239469E-2,-3.134817183E-1
4.379939763E1,1.531071961E-1,6.279254705E-2,-3.097292781E-1
4.380937363E1,1.750692278E-1,8.541823179E-2,-2.996769249E-1
4.381935062E1,2.115677744E-1,9.426054358E-2,-2.996698618E-1
4.382932662E1,2.383442670E-1,9.151349217E-2,-2.988687754E-1
4.383930363E1,2.396167964E-1,9.761998057E-2,-3.023283780E-1
4.384927963E1,2.222601771E-1,9.612807631E-2,-3.052322865E-1
4.385925562E1,1.971970350E-1,8.493090421E-2,-3.058892787E-1
4.386923263E1,1.769159883E-1,7.138366997E-2,-3.065478802E-1
4.387920863E1,1.605190933E-1,6.897819042E-2,-3.096662760E-1
4.388918563E1,1.535434872E-1,6.510275602E-2,-3.103049099E-1
4.389916162E1,1.618310660E-1,7.696285844E-2,-3.086869717E-1
4.390913863E1,1.856615692E-1,9.957203269E-2,-3.046962023E-1
4.391911463E1,2.147372514E-1,1.016551331E-1,-3.066524863E-1
4.392909162E1,2.352803349E-1,9.401932359E-2,-3.059222400E-1
4.393906762E1,2.386850715E-1,1.015726030E-1,-3.065374792E-1
4.394904463E1,2.208568156E-1,1.089506298E-1,-3.089220524E-1
4.395902063E1,1.978089511E-1,1.059202254E-1,-3.111627102E-1
4.396899662E1,1.822124124E-1,9.133302420E-2,-3.118410110E-1
4.397897362E1,1.664491445E-1,8.539245278E-2,-3.110513687E-1
4.398894963E1,1.579667181E-1,7.634622604E-2,-3.141811192E-1
4.399892663E1,1.663970798E-1,7.857693732E-2,-3.118628263E-1
4.400890262E1,1.934566498E-1,9.673889726E-2,-3.065700531E-1
4.401887963E1,2.220203280E-1,1.029330939E-1,-3.031834662E-1
4.402885563E1,2.441983372E-1,9.418807179E-2,-3.034529686E-1
4.403883262E1,2.420806587E-1,9.809616208E-2,-3.054531515E-1
4.404880862E1,2.195883989E-1,1.026554927E-1,-3.072451949E-1
4.405878563E1,1.912967712E-1,9.170446545E-2,-3.119122088E-1
4.406876163E1,1.698649824E-1,7.212436944E-2,-3.158829808E-1
4.407873762E1,1.571269780E-1,6.961423159E-2,-3.125990927E-1
4.408871462E1,1.543551534E-1,7.846311480E-2,-3.132545054E-1
4.409869063E1,1.690299809E-1,9.189631045E-2,-3.113897741E-1
4.410866763E1,2.014883161E-1,1.153385192E-1,-3.074890375E-1
4.411864362E1,2.279859930E-1,1.213409975E-1,-3.086366653E-1
4.412862063E1,2.407398820E-1,1.070965528E-1,-3.128396571E-1
4.413859663E1,2.320629805E-1,1.022295803E-1,-3.157418668E-1
4.414857363E1,2.094647288E-1,1.053433493E-1,-3.132408857E-1
4.415854962E1,1.857676059E-1,9.793383628E-2,-3.131592870E-1
4.416852663E1,1.770462841E-1,8.260521293E-2,-3.137617111E-1
4.417850263E1,1.728793532E-1,7.493767887E-2,-3.103698790E-1
4.418847862E1,1.679892540E-1,8.118678629E-2,-3.104777336E-1
4.419845562E1,1.763345301E-1,8.027319610E-2,-3.094984591E-1
4.420843163E1,2.061195821E-1,8.789942414E-2,-3.055761456E-1
4.421840863E1,2.273627222E-1,1.053001434E-1,-3.037572801E-1
4.422838462E1,2.323300391E-1,9.915383160E-2,-3.096681535E-1
4.423836163E1,2.227667272E-1,9.511858970E-2,-3.118129671E-1
4.424833763E1,2.027802318E-1,1.047235504E-1,-3.128556013E-1
4.425831463E1,1.760205179E-1,9.588371962E-2,-3.152974546E-1
4.426829062E1,1.618149579E-1,7.749512047E-2,-3.226089180E-1
4.427826763E1,1.617418528E-1,8.154828846E-2,-3.180090785E-1
4.428824363E1,1.720288396E-1,1.010657996E-1,-3.181510270E-1
4.429821962E1,1.956500262E-1,1.005170494E-1,-3.176434338E-1
4.430819662E1,2.291584462E-1,1.054204628E-1,-3.176245093E-1
4.431817263E1,2.448001504E-1,1.197924986E-1,-3.146991134E-1
4.432814963E1,2.404853106E-1,1.192071363E-1,-3.157241642E-1
4.433812562E1,2.290921658E-1,1.068311930E-1,-3.191950917E-1
4.434810262E1,2.064302713E-1,1.011413485E-1,-3.167910576E-1
4.435807863E1,1.813405901E-1,8.231833577E-2,-3.210722506E-1
4.436805563E1,1.640513539E-1,5.484463647E-2,-3.218983710E-1
4.437803162E1,1.564710885E-1,5.080784485E-2,-3.195665479E-1
4.438800863E1,1.634448320E-1,7.246759534E-2,-3.116801381E-1
4.439798463E1,1.887633353E-1,8.591628075E-2,-3.107578158E-1
4.440796063E1,2.239463478E-1,8.108423650E-2,-3.114401102E-1
4.441793762E1,2.462637424E-1,9.487945586E-2,-3.098698258E-1
4.442791363E1,2.408836186E-1,1.059430242E-1,-3.137466013E-1
4.443789063E1,2.260391414E-1,9.679333121E-2,-3.190632761E-1
4.444786662E1,2.071551979E-1,8.735056221E-2,-3.198917806E-1
4.445784362E1,1.807240695E-1,7.121881098E-2,-3.236190379E-1
4.446781963E1,1.663515270E-1,5.569152161E-2,-3.249908388E-1
4.447779663E1,1.648138911E-1,6.878373772E-2,-3.226825893E-1
4.448777262E1,1.757996976E-1,1.054341644E-1,-3.171967268E-1
4.449774963E1,2.060591131E-1,1.209786832E-1,-3.153363466E-1
4.450772563E1,2.364862710E-1,1.211730987E-1,-3.191835582E-1
4.451770263E1,2.454230040E-1,1.209254935E-1,-3.223694265E-1
4.452767862E1,2.328582108E-1,1.195347905E-1,-3.243404329E-1
4.453765463E1,2.133084089E-1,1.097642705E-1,-3.263307214E-1
4.454763163E1,1.932739764E-1,8.935566992E-2,-3.282679021E-1
4.455760762E1,1.796438992E-1,7.758616656E-2,-3.290566802E-1
4.456758462E1,1.711571962E-1,7.165397704E-2,-3.250978887E-1
4.457756063E1,1.779515296E-1,8.041369915E-2,-3.203845322E-1
4.458753763E1,1.966615617E-1,9.890615195E-2,-3.171788752E-1
4.459751362E1,2.245640010E-1,9.742996842E-2,-3.148418665E-1
4.460749062E1,2.405168712E-1,9.625258297E-2,-3.189511299E-1
4.461746663E1,2.363181859E-1,1.072038263E-1,-3.209504783E-1
4.462744363E1,2.147079706E-1,9.774374217E-2,-3.255164623E-1
4.463741962E1,1.972330958E-1,8.645886183E-2,-3.262485862E-1
4.464739563E1,1.831345856E-1,7.166287303E-2,-3.241918087E-1
4.465737175E1,1.660377085E-1,6.422784925E-2,-3.277224898E-1
4.466734775E1,1.636749506E-1,7.502270490E-2,-3.255277872E-1
4.467732475E1,1.818865389E-1,9.809237719E-2,-3.211880922E-1
4.468730075E1,2.120782584E-1,1.163637936E-1,-3.196621239E-1
4.469727775E1,2.398870438E-1,1.168767661E-1,-3.216348290E-1
4.470725375E1,2.525575757E-1,1.110934466E-1,-3.262932301E-1
4.471723075E1,2.334229052E-1,1.137085706E-1,-3.268165588E-1
4.472720675E1,2.048357278E-1,1.056197584E-1,-3.275310695E-1
4.473718375E1,1.815483421E-1,8.333373070E-2,-3.336962461E-1
4.474715975E1,1.689561158E-1,6.407268345E-2,-3.305188119E-1
4.475713675E1,1.622649133E-1,5.232509226E-2,-3.307094872E-1
4.476711275E1,1.704482734E-1,5.463032424E-2,-3.240137398E-1
4.477708875E1,1.916702986E-1,7.729638368E-2,-3.184926808E-1
4.478706575E1,2.203336358E-1,1.012105048E-1,-3.149221838E-1
4.479704175E1,2.430529445E-1,1.072134376E-1,-3.185435832E-1
4.480701875E1,2.487094998E-1,1.036495939E-1,-3.215937018E-1
4.481699475E1,2.370076478E-1,1.056628600E-1,-3.234298229E-1
4.482697175E1,2.109227777E-1,8.472402394E-2,-3.294352591E-1
4.483694775E1,1.824859232E-1,7.053639740E-2,-3.317833245E-1
4.484692475E1,1.633585691E-1,7.531091571E-2,-3.322403133E-1
4.485690075E1,1.590550542E-1,8.558342606E-2,-3.322803080E-1
4.486687775E1,1.812570244E-1,1.010579914E-1,-3.308802843E-1
4.487685375E1,2.175537348E-1,1.164327040E-1,-3.263035417E-1
4.488683075E1,2.422971576E-1,1.401036680E-1,-3.231825829E-1
4.489680675E1,2.511269450E-1,1.381715983E-1,-3.246969879E-1
4.490678275E1,2.459633499E-1,1.305506974E-1,-3.286912143E-1
4.491675975E1,2.215400040E-1,1.140447557E-1,-3.320347667E-1
4.492673575E1,1.943547279E-1,7.961061597E-2,-3.334603608E-1
4.493671275E1,1.743389815E-1,6.754256040E-2,-3.317914307E-1
4.494668875E1,1.624122858E-1,7.877390832E-2,-3.278784454E-1
4.495666575E1,1.687629670E-1,9.591066092E-2,-3.245324194E-1
4.496664175E1,2.005970627E-1,1.051488966E-1,-3.194015622E-1
4.497661875E1,2.361243218E-1,1.130839437E-1,-3.178263605E-1
4.498659475E1,2.500092685E-1,1.085805371E-1,-3.225710392E-1
4.499657175E1,2.424491793E-1,9.291660041E-2,-3.283761740E-1
4.500654775E1,2.238033265E-1,9.141351283E-2,-3.295266628E-1
4.501652375E1,1.952742934E-1,8.225687593E-2,-3.337396681E-1
4.502650075E1,1.757248193E-1,5.624818057E-2,-3.356454372E-1
4.503647675E1,1.683142930E-1,5.237634853E-2,-3.301744759E-1
4.504645375E1,1.675739437E-1,7.696957141E-2,-3.252944946E-1
4.505642975E1,1.838714480E-1,8.465304971E-2,-3.251134753E-1
4.506640675E1,2.212182879E-1,9.429369122E-2,-3.256492913E-1
4.507638275E1,2.465098649E-1,1.214358881E-1,-3.256901801E-1
4.508635975E1,2.466584742E-1,1.183514148E-1,-3.327821791E-1
4.509633575E1,2.444353104E-1,1.124877185E-1,-3.360244036E-1
4.510631275E1,2.229651809E-1,1.024926081E-1,-3.346736431E-1
4.511628875E1,1.936551183E-1,7.424607873E-2,-3.396785855E-1
4.512626575E1,1.722656786E-1,5.834861100E-2,-3.411150873E-1
4.513624175E1,1.635217965E-1,7.251659781E-2,-3.337340355E-1
4.514621875E1,1.757539660E-1,1.103281602E-1,-3.276149035E-1
4.515619475E1,2.093208283E-1,1.207548007E-1,-3.224422038E-1
4.516617075E1,2.433312684E-1,1.277211010E-1,-3.231082559E-1
4.517614775E1,2.497446984E-1,1.314188987E-1,-3.276974559E-1
4.518612375E1,2.378025502E-1,1.084195822E-1,-3.297376931E-1
4.519610075E1,2.181369066E-1,8.328274637E-2,-3.358742893E-1
4.520607675E1,1.930621713E-1,7.203755528E-2,-3.353922367E-1
4.521605375E1,1.737733781E-1,6.603606790E-2,-3.371266425E-1
4.522602975E1,1.743752509E-1,6.654392928E-2,-3.340206146E-1
4.523600675E1,1.944178343E-1,9.899377078E-2,-3.248551488E-1
4.524598275E1,2.185255736E-1,1.105771959E-1,-3.224356771E-1
4.525595975E1,2.442468554E-1,1.114076450E-1,-3.236984313E-1
4.526593575E1,2.514624298E-1,1.275338829E-1,-3.271956742E-1
4.527591275E1,2.358484566E-1,1.213842779E-1,-3.352941275E-1
4.528588875E1,2.164436132E-1,9.734018892E-2,-3.421216607E-1
4.529586475E1,1.938777566E-1,7.807411253E-2,-3.412400186E-1
4.530584175E1,1.645872593E-1,6.969580799E-2,-3.433479071E-1
4.531581775E1,1.514105499E-1,6.689106673E-2,-3.391285837E-1
4.532579475E1,1.653431505E-1,8.588393033E-2,-3.304392099E-1
4.533577075E1,1.995358616E-1,1.084929556E-1,-3.239988685E-1
4.534574775E1,2.355665714E-1,1.099672765E-1,-3.248785138E-1
4.535572375E1,2.616067827E-1,1.039997637E-1,-3.294838369E-1
4.536570075E1,2.562154830E-1,1.134183034E-1,-3.268526495E-1
4.537567675E1,2.354904711E-1,9.790793061E-2,-3.308409452E-1
4.538565375E1,2.121784985E-1,6.816894561E-2,-3.368234634E-1
4.539562975E1,1.896762550E-1,5.640545860E-2,-3.369984329E-1
4.540560675E1,1.686564535E-1,5.182721838E-2,-3.401175439E-1
4.541558275E1,1.730246097E-1,6.872130185E-2,-3.349238932E-1
4.542555875E1,1.977960020E-1,1.008115932E-1,-3.280270994E-1
4.543553575E1,2.289959937E-1,1.195204258E-1,-3.260641098E-1
4.544551175E1,2.461387664E-1,1.307139695E-1,-3.300436735E-1
4.545548875E1,2.461953908E-1,1.242865846E-1,-3.376113772E-1
4.546546475E1,2.309599817E-1,1.086479723E-1,-3.401120603E-1
4.547544175E1,2.064984739E-1,8.855551481E-2,-3.432650566E-1
4.548541775E1,1.816274822E-1,6.061229482E-2,-3.446810544E-1
4.549539475E1,1.691019535E-1,6.024941429E-2,-3.428122699E-1
4.550537075E1,1.717406064E-1,7.933601737E-2,-3.381408155E-1
4.551534775E1,1.982761621E-1,1.037537158E-1,-3.304767013E-1
4.552532375E1,2.358200848E-1,1.351571828E-1,-3.278241754E-1
4.553530075E1,2.596951127E-1,1.396059096E-1,-3.312318325E-1
4.554527675E1,2.676132321E-1,1.134563386E-1,-3.420229852E-1
4.555525275E1,2.506403029E-1,9.528592974E-2,-3.444497585E-1
4.556522975E1,2.128079683E-1,6.529793888E-2,-3.501129746E-1
4.557520575E1,1.808378547E-1,5.004061013E-2,-3.500622213E-1
4.558518275E1,1.632780284E-1,6.943295151E-2,-3.409153521E-1
4.559515875E1,1.730797440E-1,8.140926808E-2,-3.334117830E-1
4.560513575E1,1.980719119E-1,8.308173716E-2,-3.278295398E-1
4.561511175E1,2.269714922E-1,1.032356098E-1,-3.239972889E-1
4.562508875E1,2.311081737E-1,1.172755286E-1,-3.278436661E-1
4.563506475E1,2.284714431E-1,1.143996865E-1,-3.357273042E-1
4.564504175E1,2.221158147E-1,1.113431752E-1,-3.444179893E-1
4.565501875E1,2.121933103E-1,7.903132588E-2,-3.517630696E-1
4.566499575E1,2.003787309E-1,4.536844045E-2,-3.512139320E-1
4.567497175E1,1.878987402E-1,4.093757644E-2,-3.468036950E-1
4.568494875E1,1.783507764E-1,5.964868516E-2,-3.419929743E-1
4.569492475E1,1.931309253E-1,1.023907214E-1,-3.343182802E-1
4.570490075E1,2.271996886E-1,1.419719458E-1,-3.328908384E-1
4.571487775E1,2.575833797E-1,1.531614214E-1,-3.353711963E-1
4.572485375E1,2.737674117E-1,1.391848922E-1,-3.380884230E-1
4.573483075E1,2.587429583E-1,1.062292606E-1,-3.451661766E-1
4.574480675E1,2.152405232E-1,7.113465667E-2,-3.473185599E-1
4.575478375E1,1.693542749E-1,5.458166823E-2,-3.495492637E-1
4.576475975E1,1.411079913E-1,5.173048750E-2,-3.482086360E-1
4.577473675E1,1.486290842E-1,8.829058707E-2,-3.429857492E-1
4.578471275E1,1.838613749E-1,1.135336235E-1,-3.382314742E-1
4.579468975E1,2.303528041E-1,1.391799152E-1,-3.333261311E-1
4.580466575E1,2.570690811E-1,1.601642966E-1,-3.301183283E-1
4.581464275E1,2.608706355E-1,1.466399133E-1,-3.348982334E-1
4.582461875E1,2.487647235E-1,9.902446717E-2,-3.459394276E-1
4.583459575E1,2.216192037E-1,6.573459506E-2,-3.509873450E-1
4.584457175E1,1.891352981E-1,5.214474350E-2,-3.549898267E-1
4.585454775E1,1.736324430E-1,7.176873088E-2,-3.521609008E-1
4.586452475E1,1.827356666E-1,1.147369668E-1,-3.481778800E-1
4.587450075E1,2.092675716E-1,1.304777414E-1,-3.423781097E-1
4.588447775E1,2.450314313E-1,1.447964907E-1,-3.381564915E-1
4.589445375E1,2.579633296E-1,1.418064088E-1,-3.404518068E-1
4.590443075E1,2.529845238E-1,1.213389412E-1,-3.452066183E-1
4.591440675E1,2.315077782E-1,1.017831415E-1,-3.496128619E-1
4.592438375E1,2.016132623E-1,8.495862037E-2,-3.524611294E-1
4.593435975E1,1.757014394E-1,6.324936450E-2,-3.527246416E-1
4.594433675E1,1.673478931E-1,6.951205432E-2,-3.464081585E-1
4.595431275E1,1.777367741E-1,1.022489965E-1,-3.404592276E-1
4.596428975E1,2.050866485E-1,1.169738770E-1,-3.389662802E-1
4.597426575E1,2.446714640E-1,1.314360499E-1,-3.404179513E-1
4.598424275E1,2.656683922E-1,1.386415064E-1,-3.440776765E-1
4.599421875E1,2.683514059E-1,1.110145599E-1,-3.507407010E-1
4.600419475E1,2.589829266E-1,7.277981937E-2,-3.537308872E-1
4.601417175E1,2.302862704E-1,5.883866176E-2,-3.567622900E-1
4.602414775E1,1.958177686E-1,5.389130488E-2,-3.587538004E-1
4.603412475E1,1.809809208E-1,6.651138514E-2,-3.587551713E-1
4.604410075E1,1.916737705E-1,8.812186867E-2,-3.520826101E-1
4.605407775E1,2.149111331E-1,1.094460115E-1,-3.443063498E-1
4.606405375E1,2.417741716E-1,1.263805181E-1,-3.416381180E-1
4.607403075E1,2.490376234E-1,1.221942380E-1,-3.479789793E-1
4.608400675E1,2.432526946E-1,1.107080281E-1,-3.485164046E-1
4.609398375E1,2.202371955E-1,7.803323120E-2,-3.530316651E-1
4.610395975E1,1.950793862E-1,3.872417659E-2,-3.593867719E-1
4.611393675E1,1.832732707E-1,4.041056708E-2,-3.543187082E-1
4.612391275E1,1.832988411E-1,5.616316572E-2,-3.489391208E-1
4.613388975E1,2.095357627E-1,8.699364960E-2,-3.424436450E-1
4.614386575E1,2.357660383E-1,1.194884777E-1,-3.402673006E-1
4.615384175E1,2.478925437E-1,1.199808195E-1,-3.477349579E-1
4.616381875E1,2.548772097E-1,1.143109500E-1,-3.526921570E-1
4.617379475E1,2.401001155E-1,9.037099034E-2,-3.578714430E-1
4.618377175E1,2.186036110E-1,6.004664302E-2,-3.572280109E-1
4.619374775E1,1.985327750E-1,4.778124765E-2,-3.586167395E-1
4.620372475E1,1.762969792E-1,5.952871963E-2,-3.561770022E-1
4.621370075E1,1.805427223E-1,8.317281306E-2,-3.510994315E-1
4.622367775E1,2.065412998E-1,1.147645637E-1,-3.454090655E-1
4.623365375E1,2.359380573E-1,1.403932273E-1,-3.442598879E-1
4.624363075E1,2.542725801E-1,1.334037632E-1,-3.473816514E-1
4.625360675E1,2.596154213E-1,1.242308989E-1,-3.505913019E-1
4.626358375E1,2.378480881E-1,1.026971117E-1,-3.589845300E-1
4.627355975E1,2.101456225E-1,6.612445414E-2,-3.651452363E-1
4.628353675E1,1.892928034E-1,5.652215704E-2,-3.633704782E-1
4.629351275E1,1.808600277E-1,7.071562856E-2,-3.593293726E-1
4.630348875E1,1.949372292E-1,8.725572377E-2,-3.549751043E-1
4.631346575E1,2.238982171E-1,1.200231165E-1,-3.501119912E-1
4.632344175E1,2.455310673E-1,1.546844244E-1,-3.481785357E-1
4.633341875E1,2.587200105E-1,1.549972743E-1,-3.493326008E-1
4.634339475E1,2.606446743E-1,1.308783591E-1,-3.573106229E-1
4.635337175E1,2.443351299E-1,8.962123096E-2,-3.637355566E-1
4.636334775E1,2.117076665E-1,5.371835455E-2,-3.650903106E-1
4.637332475E1,1.866835356E-1,4.705326259E-2,-3.620052636E-1
4.638330075E1,1.711096317E-1,7.638078928E-2,-3.566067815E-1
4.639327775E1,1.851200759E-1,1.080767363E-1,-3.520606458E-1
4.640325375E1,2.186103910E-1,1.334707737E-1,-3.489791155E-1
4.641323075E1,2.443894148E-1,1.525153220E-1,-3.472529054E-1
4.642320675E1,2.568221092E-1,1.253561378E-1,-3.527395427E-1
4.643318375E1,2.525109947E-1,9.248425066E-2,-3.586246371E-1
4.644315975E1,2.267395854E-1,6.182034314E-2,-3.633789122E-1
4.645313675E1,2.008750141E-1,4.537574202E-2,-3.659073710E-1
4.646311275E1,1.870819628E-1,5.976240337E-2,-3.633347750E-1
4.647308875E1,1.914955676E-1,1.000150964E-1,-3.580245674E-1
4.648306575E1,2.172928005E-1,1.237419993E-1,-3.533518016E-1
4.649304175E1,2.439606488E-1,1.455357075E-1,-3.534519374E-1
4.650301875E1,2.523288429E-1,1.492654681E-1,-3.581492305E-1
4.651299475E1,2.497380972E-1,1.143823341E-1,-3.640142977E-1
4.652297175E1,2.370545417E-1,8.996833861E-2,-3.660870492E-1
4.653294775E1,2.098166943E-1,6.729619950E-2,-3.691231012E-1
4.654292475E1,1.939059049E-1,5.038645864E-2,-3.665161431E-1
4.655290075E1,1.908136904E-1,7.041314989E-2,-3.626809120E-1
4.656287775E1,1.974188685E-1,1.013478935E-1,-3.580826819E-1
4.657285375E1,2.252223045E-1,1.227977201E-1,-3.541151881E-1
4.658283075E1,2.504568100E-1,1.447613388E-1,-3.522690833E-1
4.659280675E1,2.641386092E-1,1.324303150E-1,-3.560203016E-1
4.660278375E1,2.630414069E-1,1.028202176E-1,-3.618147969E-1
4.661275975E1,2.399798930E-1,6.774746627E-2,-3.663792014E-1
4.662273675E1,2.043715715E-1,4.980521277E-2,-3.682207763E-1
4.663271275E1,1.815969646E-1,5.971771479E-2,-3.669349253E-1
4.664268875E1,1.843735725E-1,6.863211095E-2,-3.644405901E-1
4.665266563E1,2.073806822E-1,1.154705137E-1,-3.591556847E-1
4.666264162E1,2.288273871E-1,1.566784084E-1,-3.564158082E-1
4.667261862E1,2.481455952E-1,1.552944034E-1,-3.565839529E-1
4.668259463E1,2.569254935E-1,1.559482068E-1,-3.615598083E-1
4.669257163E1,2.374587506E-1,1.009498388E-1,-3.707078099E-1
4.670254762E1,2.130628675E-1,6.471806765E-2,-3.783132434E-1
4.671252463E1,1.929507256E-1,3.799966723E-2,-3.752920032E-1
4.672250063E1,2.094961554E-1,1.201520488E-2,-3.502910435E-1
4.673247763E1,2.761468589E-1,5.474194512E-2,-2.959285676E-1
4.674245362E1,3.164069057E-1,8.780961484E-2,-2.820447087E-1
4.675243063E1,3.078104556E-1,6.256985664E-2,-3.019554317E-1
4.676240663E1,2.606216669E-1,7.116840035E-2,-3.346521258E-1
4.677238362E1,1.482954174E-1,6.218001992E-2,-3.638199866E-1
4.678235962E1,7.316739112E-2,4.340526834E-2,-3.933869302E-1
4.679233663E1,5.966531113E-2,9.232112207E-4,-4.141620398E-1
4.680231263E1,1.511456817E-1,1.816664636E-2,-3.690328896E-1
4.681228962E1,2.927828133E-1,1.014698967E-1,-3.051518500E-1
4.682226562E1,3.855303228E-1,9.831485152E-2,-2.850828171E-1
4.683224163E1,4.052904546E-1,9.481731802E-2,-2.879489064E-1
4.684221863E1,3.252294362E-1,1.767686605E-1,-3.087671101E-1
4.685219462E1,1.946455240E-1,1.763154268E-1,-3.510443568E-1
4.686217163E1,1.066538692E-1,8.432131261E-2,-3.950797319E-1
4.687214763E1,7.040835917E-2,5.982606858E-2,-4.106333256E-1
4.688212462E1,6.463994831E-2,1.180768535E-1,-3.865516782E-1
4.689210062E1,1.088632271E-1,1.748787612E-1,-3.357117176E-1
4.690207763E1,1.853694469E-1,1.719996184E-1,-3.017247319E-1
4.691205363E1,2.438321263E-1,1.437075883E-1,-2.951318622E-1
4.692203062E1,2.617578804E-1,1.412766427E-1,-3.032081723E-1
4.693200662E1,2.519240081E-1,1.113086194E-1,-3.203061521E-1
4.694198363E1,2.402348369E-1,6.185051799E-2,-3.268508613E-1
4.695195963E1,2.100040466E-1,7.070719451E-2,-3.180657923E-1
4.696193662E1,1.512949318E-1,7.494534552E-2,-3.068879843E-1
4.697191263E1,1.028948203E-1,4.776475951E-2,-3.072292209E-1
4.698188963E1,9.152605385E-2,2.471030690E-2,-3.087264299E-1
4.699186562E1,1.158835888E-1,4.024986550E-2,-2.978501022E-1
4.700184162E1,1.731101274E-1,8.429215848E-2,-2.875577807E-1
4.701181863E1,2.326955348E-1,1.166675091E-1,-2.860807478E-1
4.702179463E1,2.615695298E-1,1.388431191E-1,-2.881912887E-1
4.703177162E1,2.465177476E-1,1.483419538E-1,-2.979177237E-1
4.704174762E1,2.036863863E-1,1.031475887E-1,-3.201122284E-1
4.705172463E1,1.598194093E-1,5.283081159E-2,-3.322270811E-1
4.706170063E1,1.379545927E-1,6.223816425E-2,-3.250674605E-1
4.707167762E1,1.402457654E-1,1.003230214E-1,-3.092486560E-1
4.708165363E1,1.712548137E-1,1.548621655E-1,-2.910057306E-1
4.709163063E1,1.955075562E-1,1.931664199E-1,-2.859542668E-1
4.710160663E1,2.041354030E-1,1.956721842E-1,-2.871148586E-1
4.711158362E1,2.044216394E-1,1.679477096E-1,-2.980180085E-1
4.712155963E1,1.922294348E-1,1.014765278E-1,-3.078054190E-1
4.713153663E1,1.792621315E-1,6.841076910E-2,-3.085817993E-1
4.714151262E1,1.654509753E-1,6.198509037E-2,-2.952835560E-1
4.715148962E1,1.636025608E-1,7.308470458E-2,-2.735105157E-1
4.716146563E1,1.689003855E-1,9.386721253E-2,-2.601411939E-1
4.717144263E1,1.694116443E-1,8.404231071E-2,-2.669214308E-1
4.718141862E1,1.711070091E-1,6.720341742E-2,-2.721303105E-1
4.719139462E1,1.730293930E-1,6.096842140E-2,-2.759194076E-1
4.720137163E1,1.718192548E-1,4.132041708E-2,-2.736304402E-1
4.721134763E1,1.750622243E-1,3.510703519E-2,-2.642993331E-1
4.722132462E1,1.644583195E-1,4.177532345E-2,-2.602840960E-1
4.723130063E1,1.478994042E-1,4.121588543E-2,-2.574237883E-1
4.724127763E1,1.383466423E-1,5.431277677E-2,-2.541012168E-1
4.725125362E1,1.337927580E-1,7.280455530E-2,-2.524982393E-1
4.726123062E1,1.427540332E-1,8.923199773E-2,-2.517839670E-1
4.727120663E1,1.610346586E-1,1.116140410E-1,-2.467578351E-1
4.728118363E1,1.728558987E-1,1.149704233E-1,-2.525699139E-1
4.729115962E1,1.748693585E-1,1.087521687E-1,-2.565446198E-1
4.730113662E1,1.634313464E-1,1.138870046E-1,-2.573531568E-1
4.731111263E1,1.471885145E-1,1.145613790E-1,-2.578728795E-1
4.732108963E1,1.317507029E-1,1.171550304E-1,-2.608036697E-1
4.733106562E1,1.202788725E-1,1.200697422E-1,-2.598696947E-1
4.734104263E1,1.141818315E-1,1.290845275E-1,-2.554336786E-1
4.735101863E1,1.144942641E-1,1.144429073E-1,-2.496187538E-1
4.736099562E1,1.219447255E-1,8.280428499E-2,-2.495092899E-1
4.737097162E1,1.378226429E-1,5.582822114E-2,-2.453993112E-1
4.738094863E1,1.551459730E-1,5.785888433E-2,-2.352638394E-1
4.739092463E1,1.668034494E-1,8.896223456E-2,-2.253315896E-1
4.740090062E1,1.698716730E-1,1.163789481E-1,-2.256477177E-1
4.741087762E1,1.651811749E-1,1.119928434E-1,-2.285758853E-1
4.742085363E1,1.477236301E-1,1.162781417E-1,-2.330361456E-1
4.743083063E1,1.230315119E-1,1.062018648E-1,-2.373782396E-1
4.744080662E1,1.024095938E-1,7.826104015E-2,-2.392035723E-1
4.745078363E1,9.450265765E-2,4.975879565E-2,-2.389686704E-1
4.746075963E1,1.111088023E-1,-5.676231813E-3,-2.279192060E-1
4.747073662E1,1.382365525E-1,-4.159654304E-2,-2.100390196E-1
4.748071262E1,1.569982618E-1,-8.554704487E-3,-1.842103601E-1
4.749068963E1,1.701372862E-1,4.261358827E-2,-1.700421572E-1
4.750066563E1,1.845242083E-1,1.250690520E-1,-1.577945501E-1
4.751064262E1,1.856864244E-1,1.934353262E-1,-1.713971943E-1
4.752061862E1,1.619432718E-1,1.962023526E-1,-2.014911771E-1
4.753059563E1,1.272384673E-1,1.542046368E-1,-2.286818475E-1
4.754057163E1,9.520009160E-2,9.376820177E-2,-2.422109693E-1
4.755054862E1,8.653075993E-2,4.082484171E-2,-2.367633283E-1
4.756052463E1,1.063761041E-1,1.770860516E-2,-2.216219157E-1
4.757050163E1,1.281586289E-1,5.523041263E-2,-1.985940933E-1
4.758047763E1,1.400475204E-1,1.195233837E-1,-1.798558235E-1
4.759045362E1,1.310135275E-1,1.727403104E-1,-1.755122095E-1
4.760043063E1,1.142196506E-1,1.769981682E-1,-1.761556417E-1
4.761040663E1,9.660853446E-2,1.503108293E-1,-1.739376783E-1
4.762038362E1,6.308626384E-2,8.384764194E-2,-1.833932400E-1
4.763035962E1,2.948718332E-2,-2.302790619E-2,-1.916954517E-1
4.764033663E1,3.168535605E-2,-8.298897743E-2,-1.791056246E-1
4.765031263E1,4.356939346E-2,-4.765155539E-2,-1.534627229E-1
4.766028987E1,6.979566813E-2,3.152608871E-2,-1.316272020E-1
4.767026588E1,1.179153174E-1,7.761762291E-2,-1.278365701E-1
4.768024288E1,1.682602465E-1,9.732181579E-2,-1.365448385E-1
4.769021887E1,1.867072731E-1,6.038905680E-2,-1.572697759E-1
4.770019588E1,1.811236888E-1,1.625994779E-2,-1.707027555E-1
4.771017188E1,1.520092636E-1,2.381232381E-2,-1.725553572E-1
4.772014887E1,1.075491160E-1,5.287087336E-2,-1.696493179E-1
4.773012487E1,8.251881599E-2,9.689007699E-2,-1.644544452E-1
4.774010188E1,7.705001533E-2,1.242817491E-1,-1.639889330E-1
4.775007788E1,7.966710627E-2,1.135646850E-1,-1.687834263E-1
4.776005487E1,8.393402398E-2,1.138839945E-1,-1.634746790E-1
4.777003087E1,7.993688434E-2,1.286388189E-1,-1.499990672E-1
4.778000788E1,7.358764112E-2,1.378142089E-1,-1.362270713E-1
4.778998388E1,6.876945496E-2,1.275269538E-1,-1.368819326E-1
4.779996087E1,6.285457313E-2,8.913403004E-2,-1.503061354E-1
4.780993688E1,6.755813211E-2,5.396410078E-2,-1.542647183E-1
4.781991288E1,7.782515138E-2,6.420874596E-2,-1.421984732E-1
4.782988987E1,9.229416400E-2,8.678788692E-2,-1.252222508E-1
4.783986587E1,1.151403561E-1,1.164728180E-1,-1.153917313E-1
4.784984288E1,1.409951746E-1,1.253197193E-1,-1.200939119E-1
4.785981888E1,1.492642909E-1,8.519201726E-2,-1.361218691E-1
4.786979587E1,1.459497660E-1,5.545510352E-2,-1.518250406E-1
4.787977187E1,1.312957257E-1,4.249642789E-2,-1.572515070E-1
4.788974888E1,1.265122592E-1,5.668215081E-2,-1.449175477E-1
4.789972488E1,1.272592694E-1,1.170344427E-1,-1.282096803E-1
4.790970187E1,1.155369580E-1,1.141548380E-1,-1.246489882E-1
4.791967788E1,1.048422307E-1,9.076642990E-2,-1.157508269E-1
4.792965488E1,7.381144911E-2,7.052624226E-2,-1.096707731E-1
4.793963088E1,2.827219665E-2,8.988307789E-3,-1.112170070E-1
4.794960787E1,9.900261648E-4,-1.636827923E-2,-1.106101722E-1
4.795958388E1,-2.405194379E-2,-8.147900924E-3,-1.068385988E-1
4.796956088E1,-1.992643811E-2,3.296239302E-2,-7.949487120E-2
4.797953687E1,1.547309663E-2,1.100792810E-1,-4.833268747E-2
4.798951387E1,4.606168717E-2,1.319738626E-1,-4.472474754E-2
4.799948988E1,6.735286117E-2,1.016521826E-1,-5.924084038E-2
4.800946688E1,7.539475709E-2,6.771051884E-2,-8.561002463E-2
4.801944287E1,6.901674718E-2,1.798157953E-2,-1.037245765E-1
4.802941988E1,7.394785434E-2,2.791531198E-2,-1.022590399E-1
4.803939588E1,8.211097866E-2,1.050734818E-1,-9.271825850E-2
4.804937188E1,9.584053606E-2,1.756307334E-1,-8.591819555E-2
4.805934887E1,1.141742691E-1,2.140329927E-1,-8.196473122E-2
4.806932488E1,1.103314310E-1,1.934902817E-1,-9.309217334E-2
4.807930188E1,8.904957771E-2,1.337656975E-1,-1.029717028E-1
4.808927787E1,6.134530157E-2,9.247277677E-2,-1.107261330E-1
4.809925487E1,3.103666380E-2,3.785107657E-2,-1.124814227E-1
4.810923088E1,2.787538432E-2,5.104068667E-2,-9.504682571E-2
4.811920788E1,4.077333957E-2,1.168777570E-1,-6.564792246E-2
4.812918387E1,6.445043534E-2,1.468742490E-1,-4.168426618E-2
4.813916087E1,9.720332175E-2,1.603551805E-1,-2.213719301E-2
4.814913688E1,1.067084074E-1,1.115027219E-1,-3.485485911E-2
4.815911388E1,9.529037774E-2,4.257745296E-2,-4.582361877E-2
4.816908987E1,7.254149765E-2,8.304511197E-3,-5.445992947E-2
4.817906688E1,4.253752530E-2,-7.949776482E-4,-6.172396615E-2
4.818904288E1,3.619254380E-2,3.381161392E-2,-5.039168894E-2
4.819901987E1,5.771487951E-2,1.000345722E-1,-2.917428501E-2
4.820899587E1,8.464641869E-2,1.298401803E-1,-1.686925441E-2
4.821897288E1,1.077884883E-1,1.128582731E-1,-2.263952419E-2
4.822894888E1,9.858821332E-2,4.885025695E-2,-3.313240036E-2
4.823892587E1,7.170865685E-2,8.130524307E-3,-3.650769219E-2
4.824890187E1,3.436849266E-2,1.239903737E-3,-3.428265452E-2
4.825887888E1,8.541421965E-3,1.499965787E-2,-3.241550922E-2
4.826885488E1,1.180043910E-2,5.967029184E-2,-1.816435158E-2
4.827883187E1,2.877356298E-2,1.156717762E-1,1.360615483E-3
4.828880788E1,4.652384669E-2,1.270974427E-1,1.174737513E-2
4.829878388E1,5.631709099E-2,9.329898655E-2,9.524168447E-3
4.830876087E1,5.268326402E-2,3.319445625E-2,1.812075265E-3
4.831873687E1,3.872403875E-2,-2.491901629E-3,-6.795261055E-3
4.832871388E1,2.403233759E-2,-6.868131924E-3,-1.736300439E-2
4.833868988E1,2.305282652E-2,1.805026829E-2,-1.499865018E-2
4.834866687E1,3.968436643E-2,7.923394442E-2,7.423036732E-4
4.835864287E1,5.951000378E-2,1.262624413E-1,1.282373350E-2
4.836861988E1,7.678257674E-2,1.260935962E-1,1.373829879E-2
4.837859588E1,8.896068484E-2,7.155177742E-2,4.833221436E-3
4.838857287E1,7.482083887E-2,-2.660828177E-3,-9.490487166E-3
4.839854888E1,4.547201097E-2,-3.202430904E-2,-1.602322236E-2
4.840852588E1,1.659508422E-2,-7.076322101E-3,-1.045747474E-2
4.841850188E1,1.131829619E-2,4.886044934E-2,3.326247912E-3
4.842847887E1,2.775692381E-2,9.235812724E-2,1.768840849E-2
4.843845488E1,5.063534155E-2,7.556077093E-2,2.710800990E-2
4.844843188E1,7.521983981E-2,2.942565456E-2,3.170531243E-2
4.845840787E1,7.298038900E-2,-3.466012329E-2,3.430669010E-2
4.846838487E1,4.327191040E-2,-8.716293424E-2,2.876887098E-2
4.847836088E1,4.849953577E-3,-8.202037215E-2,1.805950142E-2
4.848833788E1,-2.528887428E-2,-3.927388415E-2,2.129837498E-2
4.849831387E1,-1.976068504E-2,2.910517156E-2,3.594602644E-2
4.850829088E1,6.967227906E-3,5.663697422E-2,4.568248615E-2
4.851826688E1,4.236809164E-2,1.525118202E-2,4.718264565E-2
4.852824388E1,6.999604404E-2,-5.135722086E-2,4.762702435E-2
4.853821987E1,6.419701129E-2,-1.104354560E-1,4.540754482E-2
4.854819688E1,3.011824191E-2,-1.191572174E-1,3.522394598E-2
4.855817288E1,-8.205444552E-3,-8.085563779E-2,2.870612405E-2
4.856814887E1,-2.322566882E-2,-1.322009694E-2,3.733901680E-2
4.857812587E1,-1.525966101E-3,4.269536585E-2,5.783976242E-2
4.858810188E1,3.642258421E-2,2.155520581E-2,6.881072372E-2
4.859807888E1,6.988493353E-2,-4.769417271E-2,7.363477349E-2
4.860805487E1,6.708478183E-2,-1.092780828E-1,7.079258561E-2
4.861803187E1,2.724496089E-2,-1.630891114E-1,5.384556204E-2
4.862800788E1,-1.552466024E-2,-1.614770293E-1,3.805365413E-2
4.863798488E1,-4.144147784E-2,-8.743209392E-2,3.907204419E-2
4.864796087E1,-3.127310798E-2,1.829704270E-3,5.737297609E-2
4.865793725E1,1.406294759E-2,1.045328565E-2,7.761672884E-2
4.866791325E1,7.216497511E-2,-5.179800093E-2,9.148386121E-2
4.867789025E1,8.898895979E-2,-1.182702407E-1,8.730375767E-2
4.868786625E1,5.719156563E-2,-1.747610122E-1,7.349617034E-2
4.869784325E1,1.114098448E-2,-1.622092575E-1,6.864468753E-2
4.870781925E1,-1.805785857E-2,-9.747219086E-2,7.202812284E-2
4.871779625E1,-1.323913410E-2,-2.868407220E-2,8.035902679E-2
4.872777225E1,1.793199405E-2,-1.222637016E-2,8.428926766E-2
4.873774925E1,5.299171060E-2,-6.993786991E-2,9.024542570E-2
4.874772525E1,7.045560330E-2,-1.096077040E-1,1.039903685E-1
4.875770225E1,3.939329088E-2,-1.436615288E-1,9.816417843E-2
4.876767825E1,-1.504510874E-3,-1.537971050E-1,8.621757478E-2
4.877765525E1,-2.586391196E-2,-1.021983624E-1,8.590651304E-2
4.878763125E1,-2.436662093E-2,-6.019418314E-2,8.986491710E-2
4.879760825E1,4.622953013E-3,-6.648829579E-2,9.409108758E-2
4.880758425E1,3.894273937E-2,-9.972825646E-2,1.042576507E-1
4.881756125E1,4.857752100E-2,-1.340188533E-1,1.197966635E-1
4.882753725E1,3.824940324E-2,-1.617515981E-1,1.259005964E-1
4.883751325E1,1.924162172E-2,-1.889848113E-1,1.206573546E-1
4.884749025E1,7.001847494E-3,-1.766953170E-1,1.185985059E-1
4.885746625E1,-2.079265192E-3,-1.437605470E-1,1.174493581E-1
4.886744325E1,-4.253344086E-4,-1.313073784E-1,1.188001558E-1
4.887741925E1,1.911747456E-2,-1.450192034E-1,1.285324097E-1
4.888739625E1,2.918964438E-2,-1.629097462E-1,1.405039281E-1
4.889737225E1,2.030027844E-2,-1.932245046E-1,1.334492117E-1
4.890734925E1,3.939368762E-3,-2.234712988E-1,1.266995221E-1
4.891732525E1,-3.268476808E-3,-2.004962116E-1,1.287932992E-1
4.892730225E1,-6.261899834E-4,-1.769600213E-1,1.325304508E-1
4.893727825E1,1.285180170E-2,-1.762537509E-1,1.361909658E-1
4.894725525E1,3.518379480E-2,-1.650986373E-1,1.450631917E-1
4.895723125E1,4.102357477E-2,-1.903299540E-1,1.521376073E-1
4.896720825E1,3.259972483E-2,-2.136997133E-1,1.528012753E-1
4.897718425E1,3.088704078E-3,-2.366015613E-1,1.415898949E-1
4.898716125E1,-1.860982552E-2,-2.076891214E-1,1.455002725E-1
4.899713725E1,-2.282667346E-2,-1.585849524E-1,1.490342915E-1
4.900711425E1,6.335019134E-5,-1.557012349E-1,1.547006518E-1
4.901709025E1,3.888957575E-2,-1.473042816E-1,1.667583734E-1
4.902706725E1,5.399842933E-2,-1.701158881E-1,1.680647731E-1
4.903704325E1,5.028332025E-2,-1.880655885E-1,1.724126488E-1
4.904702025E1,2.923986875E-2,-1.942107826E-1,1.652185619E-1
4.905699625E1,7.809145376E-3,-1.805935055E-1,1.582456082E-1
4.906697325E1,-2.596410341E-4,-1.466461420E-1,1.550291777E-1
4.907694925E1,4.242965020E-3,-1.451166868E-1,1.581658423E-1
4.908692625E1,2.653400414E-2,-1.251704991E-1,1.758018732E-1
4.909690225E1,3.313465044E-2,-1.451572627E-1,1.771526337E-1
4.910687925E1,3.370738402E-2,-2.093416303E-1,1.734699607E-1
4.911685525E1,3.515880555E-2,-2.151934057E-1,1.749943644E-1
4.912683225E1,1.522185653E-2,-2.060613334E-1,1.762670726E-1
4.913680825E1,8.604433388E-3,-1.745289862E-1,1.861615181E-1
4.914678525E1,1.523937844E-2,-1.715389639E-1,1.911278814E-1
4.915676125E1,2.474419959E-2,-1.815178245E-1,2.042964101E-1
4.916673825E1,2.402253821E-2,-1.964183003E-1,2.037474364E-1
4.917671425E1,1.117944345E-2,-2.352663577E-1,1.953608692E-1
4.918669025E1,8.046659641E-3,-2.196888328E-1,1.963805407E-1
4.919666725E1,-1.419013133E-3,-1.853327304E-1,1.973802894E-1
4.920664325E1,8.776815375E-4,-1.732452214E-1,1.996482760E-1
4.921662025E1,1.641722582E-2,-1.857649982E-1,2.042422295E-1
4.922659625E1,3.009499796E-2,-1.945550740E-1,2.133767903E-1
4.923657325E1,2.688269317E-2,-1.959292591E-1,2.152415365E-1
4.924654925E1,1.443312690E-2,-2.255523205E-1,2.097108513E-1
4.925652625E1,1.016780827E-2,-2.066385597E-1,2.144158632E-1
4.926650225E1,-3.341119736E-6,-1.903169602E-1,2.067686021E-1
4.927647925E1,-2.798328642E-3,-1.981929839E-1,2.036582977E-1
4.928645525E1,1.225534733E-2,-1.996173263E-1,2.134610713E-1
4.929643225E1,2.254819870E-2,-1.698844731E-1,2.332667261E-1
4.930640825E1,2.025400288E-2,-1.672986299E-1,2.348801047E-1
4.931638525E1,1.817327552E-2,-2.120626420E-1,2.245507687E-1
4.932636125E1,1.617352664E-2,-1.966973394E-1,2.294948995E-1
4.933633825E1,1.147171948E-3,-1.875120997E-1,2.265750021E-1
4.934631425E1,1.328300801E-3,-2.060789764E-1,2.273866683E-1
4.935629125E1,1.170157921E-2,-2.021532208E-1,2.342064828E-1
4.936626725E1,8.022476919E-3,-1.942133605E-1,2.453647703E-1
4.937624425E1,-4.142577294E-3,-2.132006288E-1,2.532149553E-1
4.938622025E1,-6.837002467E-3,-2.326560616E-1,2.538053393E-1
4.939619725E1,-1.437241677E-2,-2.094732374E-1,2.580413520E-1
4.940617325E1,-1.486360934E-2,-1.883799285E-1,2.540257871E-1
4.941615025E1,3.472520970E-3,-1.984341592E-1,2.562596500E-1
4.942612625E1,2.390586585E-2,-1.881633103E-1,2.671640217E-1
4.943610325E1,1.883440651E-2,-1.909638941E-1,2.675988972E-1
4.944607925E1,1.059013791E-2,-2.195882499E-1,2.615773380E-1
4.945605625E1,9.617552161E-3,-2.128925323E-1,2.654618025E-1
4.946603225E1,8.504297584E-3,-1.876023114E-1,2.698710561E-1
4.947600925E1,1.199383754E-2,-1.895608008E-1,2.689072490E-1
4.948598525E1,2.077358402E-2,-2.059814334E-1,2.707220018E-1
4.949596225E1,2.525834739E-2,-1.929921359E-1,2.824543118E-1
4.950593825E1,1.104025543E-2,-1.972776651E-1,2.854157388E-1
4.951591525E1,-1.844118116E-3,-2.287200093E-1,2.838833630E-1
4.952589125E1,-7.648793980E-3,-2.170176059E-1,2.843612134E-1
4.953586825E1,-1.352665666E-2,-1.998798996E-1,2.866856158E-1
4.954584425E1,-5.285605788E-3,-2.057491094E-1,2.917061448E-1
4.955582125E1,7.871208712E-3,-2.054257989E-1,3.000040650E-1
4.956579725E1,1.018677372E-2,-1.999867409E-1,3.050412536E-1
4.957577425E1,4.001848400E-3,-2.102470994E-1,3.081584871E-1
4.958575025E1,6.678372156E-3,-2.131156474E-1,3.111909330E-1
4.959572625E1,5.818170961E-3,-2.069847733E-1,3.100401759E-1
4.960570325E1,1.195834018E-3,-2.127380520E-1,3.050867319E-1
4.961567925E1,7.136547472E-3,-2.105441391E-1,3.079352379E-1
4.962565625E1,1.429324690E-2,-1.865877509E-1,3.155234456E-1
4.963563225E1,6.206824444E-3,-1.837770492E-1,3.167066872E-1
4.964560925E1,-7.744473987E-4,-1.890085936E-1,3.124747574E-1
4.965558562E1,4.022970796E-3,-1.837512553E-1,3.155834675E-1
4.966556263E1,1.078763045E-2,-1.654522419E-1,3.190230131E-1
4.967553863E1,1.413895190E-2,-1.805883199E-1,3.171023428E-1
4.968551562E1,1.714363694E-2,-1.699073464E-1,3.244300783E-1
4.969549162E1,1.192810386E-2,-1.653509438E-1,3.279654086E-1
4.970546863E1,2.685393905E-3,-1.740421504E-1,3.311187625E-1
4.971544463E1,-5.372973392E-4,-1.746424288E-1,3.317805827E-1
4.972542162E1,3.456645412E-3,-1.758874506E-1,3.329102695E-1
4.973539763E1,1.047806907E-2,-1.676401794E-1,3.413117528E-1
4.974537463E1,1.912310719E-2,-1.764521003E-1,3.447453082E-1
4.975535062E1,2.211330459E-2,-1.841382384E-1,3.479203284E-1
4.976532762E1,7.954134606E-3,-2.034088522E-1,3.457534611E-1
4.977530363E1,-3.522225656E-3,-1.983371228E-1,3.444402516E-1
4.978528063E1,-7.933775894E-3,-1.896524727E-1,3.419571817E-1
4.979525662E1,-4.159277771E-3,-1.809156984E-1,3.442514837E-1
4.980523362E1,1.955433749E-2,-1.914008260E-1,3.528662324E-1
4.981520963E1,3.523290157E-2,-1.880476475E-1,3.602903187E-1
4.982518663E1,3.150553256E-2,-2.019885927E-1,3.545016944E-1
4.983516262E1,1.499819569E-2,-2.064587027E-1,3.518038988E-1
4.984513963E1,6.887800060E-3,-1.809657067E-1,3.581936657E-1
4.985511563E1,9.007410146E-3,-1.739866287E-1,3.607082069E-1
4.986509262E1,1.723480970E-2,-1.900733113E-1,3.556043208E-1
4.987506862E1,3.238393739E-2,-2.084872127E-1,3.586674929E-1
4.988504563E1,4.175711051E-2,-1.794485450E-1,3.705973029E-1
4.989502163E1,2.900695801E-2,-1.705186963E-1,3.673213422E-1
4.990499862E1,8.807086386E-3,-1.686136127E-1,3.636447191E-1
4.991497462E1,1.101564616E-2,-1.677347720E-1,3.702235222E-1
4.992495163E1,2.168102376E-2,-1.830413640E-1,3.766716719E-1
4.993492763E1,3.025560267E-2,-1.999449730E-1,3.725365996E-1
4.994490462E1,2.884429321E-2,-2.115357220E-1,3.712728620E-1
4.995488063E1,1.555991359E-2,-1.689581722E-1,3.877447546E-1
4.996485763E1,1.328193117E-3,-1.421501637E-1,3.945614994E-1
4.997483363E1,-1.231864374E-2,-1.579587013E-1,3.857200444E-1
4.998481062E1,-3.716049716E-3,-1.910036653E-1,3.817795515E-1
4.999478663E1,1.004636846E-2,-1.900302768E-1,3.816192448E-1
5.000476363E1,1.756805740E-2,-1.783678830E-1,3.813143373E-1
5.001473962E1,1.951429620E-2,-1.715499312E-1,3.883051276E-1
5.002471662E1,2.373273298E-2,-1.426502168E-1,4.014909565E-1
5.003469263E1,2.234176360E-2,-1.351270527E-1,4.035730362E-1
5.004466963E1,1.623948477E-2,-1.702609807E-1,3.910839558E-1
5.005464562E1,1.355182286E-2,-2.156047672E-1,3.806342483E-1
5.006462263E1,1.160590444E-2,-2.016754448E-1,3.829447031E-1
5.007459863E1,4.177283961E-3,-1.747516990E-1,3.835705519E-1
5.008457563E1,-9.067396168E-4,-1.561793983E-1,3.951026797E-1
5.009455162E1,8.944826201E-3,-1.150697842E-1,4.152883589E-1
5.010452763E1,1.718943380E-2,-1.217568293E-1,4.122856557E-1
5.011450463E1,1.583148912E-2,-1.788808405E-1,3.998095393E-1
5.012448062E1,2.491527051E-2,-1.983779818E-1,4.025611281E-1
5.013445762E1,2.981814928E-2,-1.645143032E-1,4.156865180E-1
5.014443363E1,2.054677159E-2,-1.334870905E-1,4.227392972E-1
5.015441063E1,1.581113786E-2,-1.262837648E-1,4.261955619E-1
5.016438662E1,1.683726162E-2,-1.200396121E-1,4.310505092E-1
5.017436363E1,1.845593192E-2,-1.353557110E-1,4.288272858E-1
5.018433963E1,1.090123225E-2,-1.875838637E-1,4.146749377E-1
5.019431663E1,1.082080510E-2,-1.923067123E-1,4.133095145E-1
5.020429262E1,1.203237288E-2,-1.360382289E-1,4.279348850E-1
5.021426963E1,1.088348497E-2,-9.534221143E-2,4.359200895E-1
5.022424563E1,2.142407745E-2,-1.068245545E-1,4.400159121E-1
5.023422262E1,3.356995806E-2,-1.213576868E-1,4.460455775E-1
5.024419862E1,3.182953224E-2,-1.453256756E-1,4.376854897E-1
5.025417563E1,1.921706647E-2,-1.688653529E-1,4.328808784E-1
5.026415163E1,1.407088339E-2,-1.567052603E-1,4.394871593E-1
5.027412862E1,1.049505640E-2,-1.063265055E-1,4.525656700E-1
5.028410462E1,1.308070961E-2,-9.526690096E-2,4.571569860E-1
5.029408163E1,2.810812928E-2,-1.196510643E-1,4.554757476E-1
5.030405763E1,3.340853006E-2,-1.327174306E-1,4.491229355E-1
5.031403462E1,2.015504241E-2,-1.503720582E-1,4.388705790E-1
5.032401063E1,4.541988019E-3,-1.470579505E-1,4.404626489E-1
5.033398763E1,-4.690472269E-5,-1.037533507E-1,4.600539207E-1
5.034396362E1,3.541087499E-3,-7.854408026E-2,4.734330177E-1
5.035394062E1,1.202991325E-2,-9.914789349E-2,4.717839658E-1
5.036391663E1,1.485368423E-2,-1.271592230E-1,4.646679461E-1
5.037389363E1,5.462313537E-3,-1.533391476E-1,4.612950385E-1
5.038386962E1,-5.846745335E-3,-1.407813728E-1,4.660550952E-1
5.039384662E1,-9.348270483E-3,-1.252111942E-1,4.779594243E-1
5.040382263E1,-7.951338775E-3,-1.072929353E-1,4.871170223E-1
5.041379963E1,-7.537750062E-3,-1.048199236E-1,4.948188961E-1
5.042377562E1,-9.131059982E-3,-1.209056452E-1,4.943409860E-1
5.043375263E1,-1.494980045E-2,-1.406244934E-1,4.874889553E-1
5.044372863E1,-2.788057923E-2,-1.329811066E-1,4.918166995E-1
5.045370562E1,-3.554302827E-2,-9.691710770E-2,4.990293384E-1
5.046368162E1,-3.238674626E-2,-8.548589051E-2,5.032578111E-1
5.047365863E1,-1.877825707E-2,-1.019061431E-1,4.998154640E-1
5.048363463E1,-6.999614649E-3,-1.264411062E-1,4.935181141E-1
5.049361162E1,-3.715137951E-3,-1.332864910E-1,4.906933010E-1
5.050358762E1,-4.894302692E-3,-1.283035278E-1,4.979150891E-1
5.051356463E1,-9.619283490E-3,-1.069367081E-1,5.055179000E-1
5.052354063E1,-1.783166640E-2,-9.243462980E-2,5.089061856E-1
5.053351762E1,-2.864223532E-2,-9.364236891E-2,5.085868835E-1
5.054349363E1,-3.062899970E-2,-1.173891947E-1,5.079366565E-1
5.055347063E1,-2.699378319E-2,-1.256977171E-1,5.142470002E-1
5.056344663E1,-2.703336067E-2,-1.125140265E-1,5.167258978E-1
5.057342362E1,-3.384173289E-2,-8.853305876E-2,5.201749802E-1
5.058339963E1,-3.374036774E-2,-8.407400548E-2,5.261915326E-1
5.059337663E1,-3.258002549E-2,-9.207840264E-2,5.277233720E-1
5.060335262E1,-3.057636693E-2,-1.222934574E-1,5.244934559E-1
5.061332962E1,-3.270476684E-2,-1.350135058E-1,5.256106257E-1
5.062330563E1,-3.601982817E-2,-1.090791002E-1,5.295687914E-1
5.063328263E1,-3.793703765E-2,-8.887822926E-2,5.330753922E-1
5.064325862E1,-3.572375327E-2,-8.670176566E-2,5.354063511E-1
5.065323563E1,-3.730460629E-2,-1.012085378E-1,5.363134146E-1
5.066321279E1,-3.630096838E-2,-1.183117181E-1,5.312911868E-1
5.067318979E1,-3.602479771E-2,-1.233027503E-1,5.306876898E-1
5.068316579E1,-3.609942272E-2,-1.029324085E-1,5.355342627E-1
5.069314279E1,-3.507729992E-2,-8.138211071E-2,5.394493341E-1
5.070311879E1,-3.646059334E-2,-7.860557735E-2,5.414313674E-1
5.071309579E1,-3.460596874E-2,-9.078234434E-2,5.414582491E-1
5.072307179E1,-3.110701405E-2,-1.047137305E-1,5.427742004E-1
5.073304879E1,-2.972350270E-2,-1.051744521E-1,5.499644876E-1
5.074302479E1,-3.210299835E-2,-8.811932802E-2,5.516991615E-1
5.075300079E1,-4.184324294E-2,-7.885952294E-2,5.515492558E-1
5.076297779E1,-5.347276479E-2,-8.523152769E-2,5.568013191E-1
5.077295379E1,-6.001002714E-2,-8.192521334E-2,5.611937046E-1
5.078293079E1,-6.185206771E-2,-8.355439454E-2,5.633224845E-1
5.079290679E1,-5.230117217E-2,-7.264449447E-2,5.648934841E-1
5.080288379E1,-4.137181491E-2,-6.584441662E-2,5.610286593E-1
5.081285979E1,-4.163306952E-2,-7.522460073E-2,5.571202040E-1
5.082283679E1,-5.083229765E-2,-7.836421579E-2,5.553162098E-1
5.083281279E1,-6.014670059E-2,-7.456494868E-2,5.555971861E-1
5.084278979E1,-6.174388528E-2,-6.956409663E-2,5.579020381E-1
5.085276579E1,-5.818377435E-2,-5.374944955E-2,5.605215430E-1
5.086274279E1,-5.676559731E-2,-4.627160355E-2,5.570065975E-1
5.087271879E1,-6.041439623E-2,-4.408807680E-2,5.666642785E-1
5.088269579E1,-6.226464733E-2,-3.788429871E-2,5.727437735E-1
5.089267179E1,-6.608388573E-2,-4.569108784E-2,5.775928497E-1
5.090264879E1,-7.453154027E-2,-5.004891753E-2,5.796056390E-1
5.091262479E1,-8.662308753E-2,-3.603802621E-2,5.786985755E-1
5.092260179E1,-9.697066993E-2,-2.907029167E-2,5.744723678E-1
5.093257779E1,-1.002799198E-1,-3.700411692E-2,5.763525367E-1
5.094255479E1,-8.905264735E-2,-3.964920342E-2,5.863254666E-1
5.095253079E1,-7.716136426E-2,-3.710481897E-2,5.916733742E-1
5.096250779E1,-7.853448391E-2,-3.033803403E-2,5.977290869E-1
5.097248379E1,-8.358090371E-2,-2.703731321E-2,5.958278775E-1
5.098246079E1,-9.495677054E-2,-3.709337860E-2,5.928452611E-1
5.099243679E1,-1.057875827E-1,-4.534651712E-2,5.897732973E-1
5.100241379E1,-1.147056445E-1,-4.347162321E-2,5.866660476E-1
5.101238979E1,-1.182551086E-1,-4.828688502E-2,5.877140164E-1
5.102236679E1,-1.156904846E-1,-2.451604232E-2,5.954483747E-1
5.103234279E1,-1.085129976E-1,-2.665871521E-3,6.018431187E-1
5.104231979E1,-1.114872098E-1,2.768421080E-3,6.046906114E-1
5.105229579E1,-1.151985899E-1,4.934370052E-3,6.101921201E-1
5.106227279E1,-1.219955608E-1,-4.704857711E-3,6.115933657E-1
5.107224879E1,-1.368733048E-1,3.682235721E-3,6.132972240E-1
5.108222579E1,-1.445684135E-1,3.076188825E-2,6.058236361E-1
5.109220179E1,-1.409742087E-1,4.746550322E-2,6.010816097E-1
5.110217879E1,-1.341023147E-1,5.509098619E-2,6.061370969E-1
5.111215479E1,-1.357284337E-1,5.633228272E-2,6.100305915E-1
5.112213179E1,-1.509453058E-1,5.734620988E-2,6.069272161E-1
5.113210779E1,-1.740895063E-1,7.929652184E-2,6.056116223E-1
5.114208479E1,-1.826973557E-1,1.078897715E-1,6.032002568E-1
5.115206079E1,-1.770562530E-1,1.233829781E-1,6.051195860E-1
5.116203779E1,-1.568029225E-1,1.181421354E-1,6.099730134E-1
5.117201379E1,-1.286996603E-1,9.101996571E-2,6.152958274E-1
5.118199079E1,-1.211526692E-1,9.617298841E-2,6.230707169E-1
5.119196679E1,-1.360242963E-1,1.386205703E-1,6.255950928E-1
5.120194379E1,-1.678157598E-1,1.748125553E-1,6.177678108E-1
5.121191979E1,-1.862341762E-1,1.712540388E-1,6.104688644E-1
5.122189679E1,-1.873969138E-1,1.402191669E-1,6.113354564E-1
5.123187279E1,-1.884171665E-1,1.194441020E-1,6.158950329E-1
5.124184979E1,-1.972112358E-1,1.364222169E-1,6.252415180E-1
5.125182579E1,-2.061408162E-1,1.764093190E-1,6.314935684E-1
5.126180279E1,-2.204511017E-1,2.102050632E-1,6.353733540E-1
5.127177879E1,-2.244825959E-1,1.999004930E-1,6.295586228E-1
5.128175579E1,-2.191703320E-1,1.629842073E-1,6.264383793E-1
5.129173179E1,-2.045061737E-1,1.591748148E-1,6.309015751E-1
5.130170879E1,-1.995136291E-1,1.957909763E-1,6.399564743E-1
5.131168479E1,-1.959849298E-1,2.382497489E-1,6.453283429E-1
5.132166179E1,-2.114996761E-1,2.446047962E-1,6.391966343E-1
5.133163779E1,-2.357767820E-1,2.226172090E-1,6.329152584E-1
5.134161479E1,-2.571826279E-1,2.187163234E-1,6.282670498E-1
5.135159079E1,-2.603784204E-1,2.362564355E-1,6.329006553E-1
5.136156779E1,-2.449889332E-1,2.714768052E-1,6.398565173E-1
5.137154379E1,-2.354934365E-1,2.848983407E-1,6.417987943E-1
5.138152079E1,-2.466953397E-1,2.658248246E-1,6.414762735E-1
5.139149679E1,-2.633547485E-1,2.484010905E-1,6.421119571E-1
5.140147379E1,-2.818223536E-1,2.488989681E-1,6.416521072E-1
5.141144979E1,-2.798404396E-1,2.824191153E-1,6.425639391E-1
5.142142679E1,-2.765274346E-1,3.138824403E-1,6.416861415E-1
5.143140279E1,-2.794395983E-1,2.981449962E-1,6.425631046E-1
5.144137979E1,-2.891447246E-1,2.789019048E-1,6.424813867E-1
5.145135579E1,-3.163659573E-1,2.706210613E-1,6.398807764E-1
5.146133279E1,-3.338679671E-1,2.880111635E-1,6.459544301E-1
5.147130879E1,-3.200661242E-1,3.205238283E-1,6.480841637E-1
5.148128579E1,-3.024505675E-1,3.229469657E-1,6.433315873E-1
5.149126179E1,-3.035595119E-1,3.139468133E-1,6.434010863E-1
5.150123879E1,-3.282257617E-1,3.117411435E-1,6.438997388E-1
5.151121479E1,-3.618617654E-1,3.324434757E-1,6.469309330E-1
5.152119179E1,-3.689980507E-1,3.707891405E-1,6.516092420E-1
5.153116779E1,-3.577334285E-1,3.910976052E-1,6.507871151E-1
5.154114479E1,-3.552838564E-1,3.713833094E-1,6.430842280E-1
5.155112079E1,-3.600977659E-1,3.529627621E-1,6.438027024E-1
5.156109779E1,-3.762519658E-1,3.440217078E-1,6.456556916E-1
5.157107379E1,-3.840318322E-1,3.685227633E-1,6.543743610E-1
5.158105079E1,-3.774976730E-1,4.077549577E-1,6.598450541E-1
5.159102679E1,-3.764145374E-1,4.111014903E-1,6.485249996E-1
5.160100379E1,-3.796390891E-1,3.909098804E-1,6.449167132E-1
5.161097979E1,-3.950563967E-1,3.701556027E-1,6.436021328E-1
5.162095679E1,-4.116231799E-1,3.874838352E-1,6.519667506E-1
5.163093279E1,-4.171540439E-1,4.369736016E-1,6.588057280E-1
5.164090979E1,-4.249425828E-1,4.722533822E-1,6.575745344E-1
5.165088579E1,-4.340732396E-1,4.695337415E-1,6.512252688E-1
5.166086200E1,-4.363120198E-1,4.326838255E-1,6.429860592E-1
5.167083800E1,-4.437081516E-1,4.085920751E-1,6.498357058E-1
5.168081500E1,-4.461134970E-1,4.408112466E-1,6.592624187E-1
5.169079100E1,-4.503974617E-1,4.878376126E-1,6.575771570E-1
5.170076800E1,-4.631637037E-1,5.095466375E-1,6.541520357E-1
5.171074400E1,-4.756976068E-1,4.952361286E-1,6.488052011E-1
5.172072100E1,-4.761300981E-1,4.569984674E-1,6.482824087E-1
5.173069700E1,-4.797035456E-1,4.471524954E-1,6.543807983E-1
5.174067400E1,-4.741520882E-1,4.793870151E-1,6.588882804E-1
5.175065000E1,-4.786930382E-1,5.208598971E-1,6.571590900E-1
5.176062700E1,-4.870665371E-1,5.371604562E-1,6.590464115E-1
5.177060300E1,-4.944943488E-1,5.225791335E-1,6.527302265E-1
5.178058000E1,-5.141258836E-1,5.003892779E-1,6.436201334E-1
5.179055600E1,-5.340002179E-1,5.062354207E-1,6.440632939E-1
5.180053300E1,-5.433637500E-1,5.351495743E-1,6.411861777E-1
5.181050900E1,-5.361500382E-1,5.552173257E-1,6.361213923E-1
5.182048600E1,-5.353456140E-1,5.463989973E-1,6.236236691E-1
5.183046200E1,-5.492489338E-1,5.340229869E-1,6.194131970E-1
5.184043900E1,-5.614709854E-1,5.356072783E-1,6.237606406E-1
5.185041500E1,-5.694908500E-1,5.620583296E-1,6.295969486E-1
5.186039200E1,-5.674386621E-1,5.785214305E-1,6.296458244E-1
5.187036800E1,-5.704640150E-1,5.759618878E-1,6.206571460E-1
5.188034500E1,-5.768736601E-1,5.552813411E-1,6.139876842E-1
5.189032100E1,-5.833890438E-1,5.428432822E-1,6.173906326E-1
5.190029800E1,-5.835171938E-1,5.395281315E-1,6.100669503E-1
5.191027400E1,-5.888552070E-1,5.225462317E-1,6.040969491E-1
5.192025100E1,-5.926231146E-1,5.078525543E-1,5.980783105E-1
5.193022700E1,-5.973885655E-1,4.882434309E-1,5.955951810E-1
5.194020400E1,-6.096833348E-1,4.907414913E-1,5.992554426E-1
5.195018000E1,-6.197444797E-1,4.941356778E-1,5.948130488E-1
5.196015700E1,-6.214268208E-1,4.722567201E-1,5.910609365E-1
5.197013300E1,-6.211493015E-1,4.632376730E-1,5.864259601E-1
5.198011000E1,-6.266726255E-1,4.546531439E-1,5.807446837E-1
5.199008600E1,-6.445307136E-1,4.535939991E-1,5.818712115E-1
5.200006300E1,-6.551138163E-1,4.489862323E-1,5.868720412E-1
5.201003900E1,-6.625053883E-1,4.336139560E-1,5.850589275E-1
5.202001600E1,-6.692807078E-1,4.190327227E-1,5.841728449E-1
5.202999200E1,-6.687893867E-1,4.030729532E-1,5.832194686E-1
5.203996900E1,-6.705175042E-1,3.904925883E-1,5.849975944E-1
5.204994500E1,-6.721489429E-1,3.783347309E-1,5.829501152E-1
5.205992200E1,-6.763396263E-1,3.608779907E-1,5.746170878E-1
5.206989800E1,-6.826417446E-1,3.420513272E-1,5.707863569E-1
5.207987500E1,-6.839745045E-1,3.307564259E-1,5.666735768E-1
5.208985100E1,-6.863513589E-1,3.175471425E-1,5.702600479E-1
5.209982800E1,-6.825929880E-1,3.028908074E-1,5.690572858E-1
5.210980400E1,-6.827343702E-1,2.841421664E-1,5.676702857E-1
5.211978100E1,-6.833983064E-1,2.662623525E-1,5.683352351E-1
5.212975700E1,-6.920479536E-1,2.562997341E-1,5.634192824E-1
5.213973400E1,-7.010449171E-1,2.412818074E-1,5.578104258E-1
5.214971000E1,-7.118551731E-1,2.240455598E-1,5.479100943E-1
5.215968700E1,-7.135342360E-1,1.837496758E-1,5.423141718E-1
5.216966300E1,-7.037194371E-1,1.491203159E-1,5.447746515E-1
5.217964000E1,-6.877203584E-1,1.248463690E-1,5.513081551E-1
5.218961600E1,-6.769638658E-1,1.011309177E-1,5.530008674E-1
5.219959300E1,-6.821559668E-1,8.840412647E-2,5.509740710E-1
5.220956900E1,-6.937164664E-1,6.011443585E-2,5.487833619E-1
5.221954600E1,-6.997465491E-1,3.783576936E-2,5.502713919E-1
5.222952200E1,-7.031913400E-1,2.052842081E-2,5.453650951E-1
5.223949900E1,-7.126985788E-1,-2.531683259E-2,5.311291218E-1
5.224947500E1,-7.122229338E-1,-5.778955668E-2,5.323835015E-1
5.225945200E1,-7.079905868E-1,-7.278686017E-2,5.443843603E-1
5.226942800E1,-7.013496757E-1,-7.729372382E-2,5.591617227E-1
5.227940500E1,-6.964256167E-1,-7.883328944E-2,5.603518486E-1
5.228938100E1,-6.954404712E-1,-1.118394434E-1,5.498837829E-1
5.229935800E1,-6.998438835E-1,-1.573392749E-1,5.526455641E-1
5.230933400E1,-7.033358216E-1,-1.655934751E-1,5.585889220E-1
5.231931100E1,-7.165920734E-1,-1.951259226E-1,5.532031655E-1
5.232928700E1,-7.155451775E-1,-2.068121433E-1,5.523219109E-1
5.233926400E1,-7.013694644E-1,-2.213490903E-1,5.640761852E-1
5.234924000E1,-6.814604998E-1,-2.222313881E-1,5.832613111E-1
5.235921700E1,-6.679250598E-1,-1.792324483E-1,5.874773264E-1
5.236919300E1,-6.678915024E-1,-1.747796386E-1,5.707579851E-1
5.237917000E1,-6.668749452E-1,-1.711160243E-1,5.633186102E-1
5.238914600E1,-6.556829810E-1,-1.566992700E-1,5.624858141E-1
5.239912300E1,-6.453899741E-1,-1.622509956E-1,5.470698476E-1
5.240909900E1,-6.377648115E-1,-1.535517722E-1,5.290860534E-1
5.241907600E1,-6.337993145E-1,-1.550230682E-1,5.152671933E-1
5.242905200E1,-6.189391613E-1,-1.546646059E-1,5.135747790E-1
5.243902900E1,-6.025963426E-1,-1.368563622E-1,5.170176625E-1
5.244900500E1,-6.011872292E-1,-1.525548995E-1,5.040938854E-1
5.245898200E1,-5.998286605E-1,-1.712364107E-1,4.879688323E-1
5.246895800E1,-6.015445590E-1,-1.914657801E-1,4.841789007E-1
5.247893500E1,-5.922841430E-1,-1.931103170E-1,4.887587130E-1
5.248891100E1,-5.753964782E-1,-1.806768179E-1,4.870076776E-1
5.249888800E1,-5.638469458E-1,-1.766796410E-1,4.838321507E-1
5.250886400E1,-5.521951318E-1,-1.695764661E-1,4.893132150E-1
5.251884100E1,-5.450257063E-1,-1.582995355E-1,5.045767426E-1
5.252881700E1,-5.375890732E-1,-1.507047266E-1,5.150813460E-1
5.253879400E1,-5.370852947E-1,-1.826324761E-1,5.172109008E-1
5.254877000E1,-5.307448506E-1,-2.276534885E-1,5.345934033E-1
5.255874700E1,-5.188581944E-1,-2.423961163E-1,5.624504685E-1
5.256872300E1,-5.213879347E-1,-2.316329479E-1,5.869888663E-1
5.257870000E1,-5.365541577E-1,-2.103544921E-1,6.051788926E-1
5.258867600E1,-5.628981590E-1,-1.927848160E-1,6.116474271E-1
5.259865300E1,-5.957705379E-1,-2.040135711E-1,6.243582964E-1
5.260862900E1,-6.167368293E-1,-2.083723694E-1,6.281394958E-1
5.261860600E1,-6.388512850E-1,-2.220048010E-1,6.149884462E-1
5.262858200E1,-6.489076018E-1,-2.434578985E-1,6.063659191E-1
5.263855900E1,-6.411018372E-1,-2.563727200E-1,6.048129201E-1
5.264853500E1,-6.211183071E-1,-2.791967988E-1,6.015758514E-1
5.265851200E1,-5.943697095E-1,-2.971546352E-1,5.960538387E-1
5.266848700E1,-5.855512023E-1,-3.270645738E-1,5.888864994E-1
5.267846400E1,-5.844646096E-1,-3.533260226E-1,5.892860889E-1
5.268844000E1,-5.813606977E-1,-3.409899771E-1,5.940161347E-1
5.269841700E1,-5.784307718E-1,-3.280718625E-1,5.921952128E-1
5.270839300E1,-5.810252428E-1,-3.144055903E-1,5.954917073E-1
5.271837000E1,-5.830824971E-1,-3.058440685E-1,6.032680869E-1
5.272834600E1,-5.884482265E-1,-3.002663553E-1,6.114405394E-1
5.273832300E1,-5.966636539E-1,-2.926882207E-1,6.138138175E-1
5.274829900E1,-6.161358953E-1,-2.907377183E-1,6.178538203E-1
5.275827600E1,-6.233894229E-1,-2.968792617E-1,6.303696036E-1
5.276825200E1,-6.207387447E-1,-3.095420599E-1,6.422366500E-1
5.277822900E1,-6.198689342E-1,-2.896083295E-1,6.480820775E-1
5.278820500E1,-6.211475730E-1,-2.906973064E-1,6.473081708E-1
5.279818200E1,-6.207336187E-1,-3.054770529E-1,6.513170600E-1
5.280815800E1,-6.123515964E-1,-2.987302244E-1,6.595941782E-1
5.281813500E1,-6.011638641E-1,-2.871745527E-1,6.536732912E-1
5.282811100E1,-5.999198556E-1,-2.910659611E-1,6.476766467E-1
5.283808800E1,-6.055104733E-1,-3.042905927E-1,6.495735049E-1
5.284806500E1,-6.083025336E-1,-2.849073112E-1,6.608850360E-1
5.285804100E1,-6.049251556E-1,-2.457856238E-1,6.671931148E-1
5.286801800E1,-6.065278053E-1,-2.337356061E-1,6.616007686E-1
5.287799400E1,-6.124915481E-1,-2.332782298E-1,6.651008725E-1
5.288797100E1,-6.046746373E-1,-2.164044529E-1,6.710360050E-1
5.289794700E1,-5.863077641E-1,-1.894607991E-1,6.722428799E-1
5.290792400E1,-5.720262527E-1,-1.831262112E-1,6.712596416E-1
5.291790000E1,-5.728629827E-1,-1.776632369E-1,6.757261157E-1
5.292787700E1,-5.970141292E-1,-9.352704138E-2,7.039660215E-1
5.293785300E1,-5.736194253E-1,-1.147926599E-1,7.135390639E-1
5.294783000E1,-5.723040700E-1,-1.503272206E-1,7.035053372E-1
5.295780600E1,-5.821729898E-1,-1.821348518E-1,6.945746541E-1
5.296778300E1,-5.822433233E-1,-1.798740923E-1,7.002189755E-1
5.297775900E1,-5.891744494E-1,-1.594167352E-1,7.066223025E-1
5.298773600E1,-6.042503119E-1,-1.531753540E-1,7.079251409E-1
5.299771200E1,-6.167580485E-1,-1.554323882E-1,7.138465047E-1
5.300768900E1,-6.163604259E-1,-1.599576324E-1,7.262786627E-1
5.301766500E1,-6.045227647E-1,-1.603373736E-1,7.387723923E-1
5.302764200E1,-6.073344946E-1,-1.618180871E-1,7.412118316E-1
5.303761800E1,-6.280891895E-1,-1.348139197E-1,7.581738830E-1
5.304759500E1,-7.698276639E-1,1.926489025E-1,9.350951314E-1
5.305757100E1,-7.938838005E-1,1.847097725E-1,9.690188169E-1
5.306754800E1,-7.677371502E-1,2.187215388E-1,9.784410596E-1
5.307752400E1,-7.545000315E-1,1.930849701E-1,9.731214046E-1
5.308750100E1,-7.562758327E-1,1.406212300E-1,9.544702172E-1
5.309747700E1,-7.516424656E-1,1.266008914E-1,9.318775535E-1
5.310745400E1,-7.557466626E-1,1.045019925E-1,9.087045789E-1
5.311743000E1,-7.491143942E-1,5.818310007E-2,9.005190134E-1
5.312740700E1,-7.215344310E-1,-5.661659874E-3,8.944137096E-1
5.313738300E1,-7.022412419E-1,-5.549344048E-2,8.773533702E-1
5.314736000E1,-6.951433420E-1,-1.082043275E-1,8.514136672E-1
5.315733600E1,-6.945830584E-1,-1.418275684E-1,8.417910933E-1
5.316731300E1,-6.752919555E-1,-1.759469211E-1,8.499835134E-1
5.317728900E1,-6.482474208E-1,-2.051848173E-1,8.510145545E-1
5.318726600E1,-6.393039823E-1,-2.383097410E-1,8.332443237E-1
5.319724200E1,-6.298809052E-1,-2.587895095E-1,8.178178668E-1
5.320721900E1,-6.025669575E-1,-2.743223906E-1,8.185446262E-1
5.321719500E1,-5.911899805E-1,-2.842746973E-1,8.213586211E-1
5.322717200E1,-6.025385261E-1,-2.951784730E-1,8.327587843E-1
5.323714800E1,-6.056004167E-1,-2.964495122E-1,8.540108800E-1
5.324712500E1,-5.940760970E-1,-3.165318966E-1,8.698433638E-1
5.325710100E1,-5.814119577E-1,-3.360932469E-1,8.684976697E-1
5.326707800E1,-5.781850219E-1,-3.392943740E-1,8.631069064E-1
5.327705500E1,-5.839553475E-1,-3.586908579E-1,8.665630817E-1
5.328703100E1,-5.885181427E-1,-3.764946163E-1,8.664666414E-1
5.329700800E1,-5.912426710E-1,-3.797174990E-1,8.676472902E-1
5.330698400E1,-6.035752296E-1,-3.821332455E-1,8.693234324E-1
5.331696100E1,-5.994923115E-1,-3.853828013E-1,8.825099468E-1
5.332693700E1,-5.879339576E-1,-3.848672211E-1,8.892815709E-1
5.333691400E1,-5.846253633E-1,-3.943381310E-1,8.916044235E-1
5.334689000E1,-6.023686528E-1,-3.799866140E-1,9.047652483E-1
5.335686700E1,-6.105105877E-1,-3.421706855E-1,9.295694828E-1
5.336684300E1,-6.068599224E-1,-3.440207839E-1,9.460635185E-1
5.337682000E1,-6.051622033E-1,-3.512426317E-1,9.473869801E-1
5.338679600E1,-6.123407483E-1,-3.488844037E-1,9.523207545E-1
5.339677300E1,-6.008732915E-1,-3.369587362E-1,9.574135542E-1
5.340674900E1,-5.997310877E-1,-3.279130459E-1,9.611763358E-1
5.341672600E1,-6.150579453E-1,-3.240008652E-1,9.643774033E-1
5.342670200E1,-6.141617894E-1,-2.959889472E-1,9.926666021E-1
5.343667900E1,-5.846654177E-1,-2.880257070E-1,1.013641834E0
5.344665500E1,-5.727083683E-1,-2.965422273E-1,1.009719491E0
5.345663200E1,-5.896989107E-1,-3.117394149E-1,9.964095950E-1
5.346660800E1,-6.167411804E-1,-3.123010695E-1,9.953342676E-1
5.347658500E1,-6.093314886E-1,-3.215120435E-1,1.014524341E0
5.348656100E1,-5.970439315E-1,-3.307992816E-1,1.034752131E0
5.349653800E1,-5.844302773E-1,-3.495445848E-1,1.042514920E0
5.350651400E1,-5.616717339E-1,-4.068238437E-1,1.062333584E0
5.351649100E1,-5.522410870E-1,-4.215602279E-1,1.074743390E0
5.352646700E1,-5.333246589E-1,-4.252676070E-1,1.073341250E0
5.353644400E1,-5.286887288E-1,-4.552443922E-1,1.049280643E0
5.354642000E1,-5.086305737E-1,-4.976416528E-1,1.025738597E0
5.355639700E1,-4.817382991E-1,-5.358499289E-1,1.009765267E0
5.356637300E1,-4.697876275E-1,-5.647149086E-1,9.939300418E-1
5.357635000E1,-4.560276866E-1,-5.909953117E-1,9.801158905E-1
5.358632600E1,-4.482110441E-1,-6.484910846E-1,9.663284421E-1
5.359630300E1,-4.453576505E-1,-6.921064258E-1,9.529767632E-1
5.360628000E1,-4.377452731E-1,-7.354530692E-1,9.370343089E-1
5.361625600E1,-4.319326878E-1,-7.584267855E-1,9.296184778E-1
5.362623300E1,-4.063610137E-1,-7.866073251E-1,9.285889268E-1
5.363620900E1,-3.711358607E-1,-8.256881237E-1,9.228560925E-1
5.364618600E1,-3.533288836E-1,-8.654392958E-1,9.086531401E-1
5.365616200E1,-3.328336775E-1,-8.898705840E-1,9.029983282E-1
5.366613925E1,-3.030685782E-1,-8.975812197E-1,9.000390768E-1
5.367611525E1,-2.830264270E-1,-9.117734432E-1,8.847857714E-1
5.368609225E1,-2.650775313E-1,-9.409600496E-1,8.684983850E-1
5.369606825E1,-2.466522902E-1,-9.764640927E-1,8.677034378E-1
5.370604525E1,-2.360222787E-1,-9.906392694E-1,8.732973933E-1
5.371602125E1,-2.291236222E-1,-9.811697602E-1,8.568931222E-1
5.372599825E1,-2.234758437E-1,-9.520782232E-1,8.311829567E-1
5.373597425E1,-2.129744738E-1,-9.570212960E-1,8.340269327E-1
5.374595125E1,-1.800085306E-1,-9.975535274E-1,8.748254776E-1
5.375592725E1,-1.718152165E-1,-1.009642482E0,8.825047612E-1
5.376590425E1,-1.725989878E-1,-9.876423478E-1,8.573019505E-1
5.377588025E1,-1.470806897E-1,-9.710478783E-1,8.444058299E-1
5.378585725E1,-1.155110449E-1,-9.751725793E-1,8.658139110E-1
5.379583325E1,-8.622525632E-2,-1.013360381E0,8.831637502E-1
5.380581025E1,-7.161595672E-2,-1.025501132E0,8.872284889E-1
5.381578625E1,-6.026912108E-2,-1.031939030E0,8.902995586E-1
5.382576325E1,-3.360848129E-2,-1.050590515E0,8.939446807E-1
5.383573925E1,-2.017067559E-2,-1.051787376E0,8.824639916E-1
5.384571625E1,-1.753174886E-2,-1.057519555E0,8.729496002E-1
5.385569225E1,-5.961127114E-3,-1.072584987E0,8.819670677E-1
5.386566925E1,3.548488487E-3,-1.072504044E0,8.924309015E-1
5.387564525E1,5.520840641E-3,-1.068351746E0,8.837452531E-1
5.388562225E1,8.251646534E-3,-1.060969234E0,8.772979975E-1
5.389559925E1,2.600227110E-2,-1.059248805E0,8.760612607E-1
5.390557525E1,5.761932209E-2,-1.060221910E0,8.910899758E-1
5.391555225E1,7.911396772E-2,-1.051758766E0,8.983686566E-1
5.392552825E1,8.301976323E-2,-1.041069150E0,8.934447169E-1
5.393550525E1,7.349310070E-2,-1.029206276E0,8.819334507E-1
5.394548125E1,8.196754754E-2,-1.009481072E0,8.775799870E-1
5.395545825E1,1.086463556E-1,-1.002704263E0,8.816955686E-1
5.396543425E1,1.381941140E-1,-9.975619912E-1,8.901835680E-1
5.397541125E1,1.456448287E-1,-9.830889702E-1,8.962957859E-1
5.398538725E1,1.449694484E-1,-9.555590749E-1,9.084925652E-1
5.399536425E1,1.421373487E-1,-9.304625392E-1,9.041880369E-1
5.400534025E1,1.441823840E-1,-9.177629352E-1,8.958078623E-1
5.401531725E1,1.629398018E-1,-8.995816708E-1,8.973954320E-1
5.402529325E1,1.875822991E-1,-8.841470480E-1,9.052261710E-1
5.403527025E1,1.927282661E-1,-8.493927121E-1,9.148285985E-1
5.404524625E1,1.867971420E-1,-8.288104534E-1,9.080396295E-1
5.405522325E1,1.677814573E-1,-7.927176952E-1,8.980654478E-1
5.406519925E1,1.533740163E-1,-7.521185875E-1,9.057212472E-1
5.407517625E1,1.482613534E-1,-7.064865828E-1,9.283004403E-1
5.408515225E1,1.420061141E-1,-6.644291878E-1,9.445981383E-1
5.409512925E1,1.359701455E-1,-6.427190900E-1,9.511129260E-1
5.410510525E1,1.286608279E-1,-6.236940026E-1,9.478774667E-1
5.411508225E1,1.253732741E-1,-5.829013586E-1,9.618145823E-1
5.412505825E1,1.294407248E-1,-5.229107141E-1,9.819757938E-1
5.413503525E1,1.357757002E-1,-4.868505597E-1,1.002405167E0
5.414501125E1,1.513962001E-1,-4.689703584E-1,1.006552219E0
5.415498825E1,1.576219797E-1,-4.653974175E-1,9.906894565E-1
5.416496425E1,1.431442350E-1,-4.418814480E-1,9.712630510E-1
5.417494125E1,1.363619715E-1,-4.128838778E-1,9.715551734E-1
5.418491725E1,1.543430984E-1,-3.770380020E-1,9.875549078E-1
5.419489425E1,1.732326150E-1,-3.765639961E-1,9.947231412E-1
5.420487125E1,1.746166497E-1,-3.823499978E-1,9.809700847E-1
5.421484725E1,1.549547613E-1,-3.629087806E-1,9.693526030E-1
5.422482425E1,1.497216523E-1,-3.259899020E-1,9.741857052E-1
5.423480025E1,1.616961956E-1,-2.959445715E-1,9.938338995E-1
5.424477725E1,1.712510884E-1,-3.036112785E-1,9.954110384E-1
5.425475325E1,1.710221469E-1,-3.184217215E-1,9.810638428E-1
5.426473025E1,1.613932252E-1,-3.127273619E-1,9.727984667E-1
5.427470625E1,1.609483361E-1,-2.938626111E-1,9.738488197E-1
5.428468325E1,1.605933458E-1,-2.736449540E-1,9.856253266E-1
5.429465925E1,1.696214825E-1,-2.691005766E-1,9.972079396E-1
5.430463625E1,1.764098853E-1,-2.747589946E-1,1.001107335E0
5.431461225E1,1.678526998E-1,-2.469019592E-1,9.983712435E-1
5.432458925E1,1.531648338E-1,-2.219595909E-1,9.933804870E-1
5.433456525E1,1.488947421E-1,-1.942331642E-1,1.001460195E0
5.434454225E1,1.627319902E-1,-1.605116874E-1,1.010836482E0
5.435451825E1,1.675467491E-1,-1.458776891E-1,1.003212810E0
5.436449525E1,1.509608477E-1,-1.227121800E-1,9.889273047E-1
5.437447125E1,1.466322988E-1,-1.044625267E-1,9.818057418E-1
5.438444825E1,1.566862613E-1,-7.896701992E-2,9.882780313E-1
5.439442425E1,1.613010317E-1,-4.827858880E-2,9.929901361E-1
5.440440125E1,1.574389189E-1,-3.882250562E-2,9.889855385E-1
5.441437725E1,1.461973935E-1,-4.522119462E-2,9.791561961E-1
5.442435425E1,1.481186002E-1,-5.817773938E-2,9.733137488E-1
5.443433025E1,1.471131295E-1,-7.356238365E-2,9.688598514E-1
5.444430725E1,1.355387717E-1,-5.674052238E-2,9.848100543E-1
5.445428325E1,1.251380742E-1,-3.560925275E-2,1.002471805E0
5.446426025E1,1.175448596E-1,-1.713676751E-2,1.015904307E0
5.447423725E1,1.043135598E-1,-4.483385943E-3,1.016134501E0
5.448421325E1,8.560485393E-2,1.484663598E-2,1.016652226E0
5.449419025E1,8.227487653E-2,3.658913821E-2,1.032246828E0
5.450416625E1,8.789361268E-2,5.395401269E-2,1.046439052E0
5.451414325E1,8.390164375E-2,6.023117900E-2,1.040249109E0
5.452411925E1,7.225511223E-2,6.696178019E-2,1.031298757E0
5.453409625E1,8.101053536E-2,9.182408452E-2,1.031643033E0
5.454407225E1,9.338518232E-2,1.060240567E-1,1.024673104E0
5.455404925E1,9.250801802E-2,1.002520323E-1,1.002555847E0
5.456402525E1,9.293732047E-2,1.055834144E-1,9.936150908E-1
5.457400225E1,9.409886599E-2,1.393678188E-1,1.000594974E0
5.458397825E1,1.021693051E-1,1.834934652E-1,1.003724933E0
5.459395525E1,9.561780095E-2,1.996892840E-1,9.954382777E-1
5.460393125E1,9.472084790E-2,2.151657194E-1,9.995083809E-1
5.461390825E1,9.597510844E-2,2.404193133E-1,1.005440474E0
5.462388425E1,8.931933343E-2,2.535119355E-1,1.002626300E0
5.463386125E1,9.115336835E-2,2.700743377E-1,1.006445527E0
5.464383725E1,9.029449522E-2,2.723188400E-1,1.006431937E0
5.465381425E1,8.459407091E-2,2.730298936E-1,1.001537681E0
5.466379012E1,6.431329995E-2,2.796292007E-1,9.911167026E-1
5.467376713E1,4.656384140E-2,2.979885042E-1,9.874210954E-1
5.468374313E1,4.818836972E-2,3.197774291E-1,1.005550385E0
5.469372013E1,5.065504089E-2,3.375415206E-1,1.007966995E0
5.470369612E1,4.134010151E-2,3.168421090E-1,9.964494109E-1
5.471367313E1,3.357400745E-2,3.175813854E-1,9.938834906E-1
5.472364913E1,2.918059193E-2,3.168695271E-1,9.962670207E-1
5.473362612E1,2.765081450E-2,3.227197826E-1,9.975707531E-1
5.474360212E1,2.417725325E-2,3.229011297E-1,9.939739108E-1
5.475357913E1,2.087761648E-2,3.159029782E-1,9.884691834E-1
5.476355613E1,2.097721770E-2,3.211957216E-1,9.899176359E-1
5.477353212E1,1.597522758E-2,3.262229264E-1,9.920639396E-1
5.478350913E1,4.149994813E-3,3.237642944E-1,9.827750921E-1
5.479348513E1,-2.581201494E-3,3.309898078E-1,9.827334285E-1
5.480346213E1,-9.593836963E-3,3.330569565E-1,9.859220386E-1
5.481343812E1,-1.332399715E-2,3.393230140E-1,9.845718145E-1
5.482341513E1,-2.602914162E-2,3.430255949E-1,9.784244299E-1
5.483339113E1,-3.860767186E-2,3.388756812E-1,9.815329313E-1
5.484336812E1,-5.210404098E-2,3.467003107E-1,9.863162041E-1
5.485334412E1,-6.924228370E-2,3.444167376E-1,9.829188585E-1
5.486332113E1,-8.241561055E-2,3.391210437E-1,9.805547595E-1
5.487329713E1,-9.543576092E-2,3.375117183E-1,9.908863306E-1
5.488327412E1,-9.865498543E-2,3.452013135E-1,9.991202950E-1
5.489325012E1,-1.069426164E-1,3.408427238E-1,9.994193912E-1
5.490322713E1,-1.183670461E-1,3.442563713E-1,1.003009439E0
5.491320313E1,-1.206954345E-1,3.471496701E-1,1.009818792E0
5.492318012E1,-1.247748658E-1,3.421826065E-1,1.016212225E0
5.493315613E1,-1.416008174E-1,3.336494267E-1,1.015676856E0
5.494313313E1,-1.564644426E-1,3.352912664E-1,1.012897015E0
5.495310912E1,-1.648203433E-1,3.338478804E-1,1.016175866E0
5.496308612E1,-1.720404327E-1,3.319839239E-1,1.020493984E0
5.497306213E1,-1.786822826E-1,3.233863711E-1,1.016332746E0
5.498303913E1,-1.882480979E-1,3.197759092E-1,1.003844500E0
5.499301512E1,-1.953413188E-1,3.169710636E-1,1.006680250E0
5.500299212E1,-1.957666129E-1,3.222638369E-1,1.013204217E0
5.501296913E1,-2.090999186E-1,3.376250565E-1,1.012873888E0
5.502294513E1,-2.201858610E-1,3.535036147E-1,1.006991982E0
5.503292212E1,-2.250463367E-1,3.511019945E-1,1.002365589E0
5.504289813E1,-2.269568890E-1,3.499126136E-1,1.001760006E0
5.505287513E1,-2.288059443E-1,3.536660075E-1,9.978476763E-1
5.506285112E1,-2.473508716E-1,3.598815501E-1,9.933988452E-1
5.507282812E1,-2.575930655E-1,3.779373467E-1,1.007801414E0
5.508280413E1,-2.617492080E-1,4.024429321E-1,1.006340384E0
5.509278113E1,-2.796785831E-1,4.106892347E-1,9.943343401E-1
5.510275712E1,-2.866938710E-1,4.027197361E-1,9.944328666E-1
5.511273412E1,-2.662188113E-1,4.060750306E-1,1.013776898E0
5.512271013E1,-2.653133571E-1,4.240281880E-1,1.019372940E0
5.513268713E1,-2.875227034E-1,4.405869246E-1,1.017181993E0
5.514266312E1,-3.064159453E-1,4.574793577E-1,1.016883969E0
5.515264013E1,-3.122808933E-1,4.599801600E-1,1.015703082E0
5.516261613E1,-3.365001976E-1,4.621652961E-1,1.002216935E0
5.517259312E1,-3.622247875E-1,4.629462361E-1,9.944932461E-1
5.518256912E1,-3.770274520E-1,4.585400224E-1,9.917209148E-1
5.519254613E1,-3.679930568E-1,4.549945593E-1,9.922918677E-1
5.520252213E1,-3.799863458E-1,4.691258073E-1,9.916700125E-1
5.521249912E1,-3.935348988E-1,4.625535011E-1,9.807772040E-1
5.522247512E1,-3.958760798E-1,4.568021595E-1,9.774671197E-1
5.523245213E1,-3.935908079E-1,4.718350768E-1,9.881271720E-1
5.524242813E1,-3.807660639E-1,4.915128946E-1,9.887388945E-1
5.525240512E1,-3.843546808E-1,4.903040826E-1,9.787057042E-1
5.526238213E1,-3.892061710E-1,4.908545613E-1,9.780476093E-1
5.527235813E1,-3.906709552E-1,4.919301867E-1,9.743410945E-1
5.528233512E1,-4.070770741E-1,4.819166958E-1,9.639492035E-1
5.529231112E1,-4.289599061E-1,4.882934690E-1,9.594484568E-1
5.530228813E1,-4.365371466E-1,4.928392172E-1,9.573515058E-1
5.531226413E1,-4.435986876E-1,5.095434785E-1,9.536482692E-1
5.532224112E1,-4.645100832E-1,5.256872773E-1,9.470633268E-1
5.533221712E1,-4.824612439E-1,5.204302669E-1,9.412994385E-1
5.534219413E1,-4.918427765E-1,5.300485492E-1,9.454603195E-1
5.535217013E1,-4.888591468E-1,5.354322195E-1,9.420201778E-1
5.536214712E1,-4.984699786E-1,5.373811126E-1,9.373577833E-1
5.537212313E1,-5.066297650E-1,5.369724631E-1,9.405010939E-1
5.538210013E1,-5.145641565E-1,5.424447656E-1,9.421216249E-1
5.539207613E1,-5.292800665E-1,5.469751954E-1,9.444558620E-1
5.540205312E1,-5.384131074E-1,5.449064374E-1,9.522421360E-1
5.541202913E1,-5.429997444E-1,5.429534316E-1,9.498254061E-1
5.542200613E1,-5.520231128E-1,5.306128860E-1,9.456272125E-1
5.543198212E1,-5.648587942E-1,5.285530686E-1,9.401076436E-1
5.544195912E1,-5.774208903E-1,5.372810364E-1,9.386173487E-1
5.545193513E1,-5.861645341E-1,5.331858397E-1,9.235218167E-1
5.546191213E1,-6.019208431E-1,5.305626392E-1,9.099364877E-1
5.547188812E1,-6.190110445E-1,5.511729121E-1,9.008240104E-1
5.548186513E1,-6.299377084E-1,5.777206421E-1,9.032661319E-1
5.549184213E1,-6.259381771E-1,6.063931584E-1,9.021316767E-1
5.550181813E1,-6.364877820E-1,6.182509065E-1,8.919288516E-1
5.551179512E1,-6.482455134E-1,6.160221696E-1,8.824240565E-1
5.552177113E1,-6.457043290E-1,6.155252457E-1,8.840339184E-1
5.553174813E1,-6.408302784E-1,6.148415208E-1,8.838061094E-1
5.554172412E1,-6.499907374E-1,6.263554692E-1,8.761590719E-1
5.555170112E1,-6.637748480E-1,6.175476909E-1,8.669045568E-1
5.556167713E1,-6.714308858E-1,6.149740219E-1,8.691607714E-1
5.557165413E1,-6.712664366E-1,6.250407696E-1,8.770256042E-1
5.558163012E1,-6.855654716E-1,6.333553791E-1,8.660216928E-1
5.559160713E1,-7.046940923E-1,6.198107004E-1,8.617191315E-1
5.560158313E1,-7.086787224E-1,6.239431500E-1,8.705735803E-1
5.561156012E1,-7.127385736E-1,6.377194524E-1,8.633476496E-1
5.562153612E1,-7.320680618E-1,6.250529289E-1,8.357400298E-1
5.563151313E1,-7.489230037E-1,6.108398438E-1,8.237441778E-1
5.564148913E1,-7.493602633E-1,6.103628874E-1,8.271905780E-1
5.565146612E1,-7.438134551E-1,6.308276653E-1,8.294077516E-1
5.566144225E1,-7.545446754E-1,6.274659634E-1,8.106175065E-1
5.567141925E1,-7.687442303E-1,6.092244983E-1,7.993883491E-1
5.568139525E1,-7.688131928E-1,6.183120012E-1,8.035212755E-1
5.569137225E1,-7.713429928E-1,6.531949639E-1,8.057456017E-1
5.570134925E1,-7.870413065E-1,6.538074613E-1,7.861703038E-1
5.571132525E1,-7.922300696E-1,6.359010935E-1,7.813326120E-1
5.572130225E1,-7.799075842E-1,6.347000003E-1,7.888368964E-1
5.573127825E1,-7.849757671E-1,6.669422984E-1,7.840369940E-1
5.574125525E1,-7.977781296E-1,6.828970313E-1,7.640838027E-1
5.575123125E1,-8.087207079E-1,6.698291898E-1,7.595413327E-1
5.576120825E1,-8.015483022E-1,6.886369586E-1,7.724959850E-1
5.577118425E1,-8.014026880E-1,7.143016458E-1,7.601611614E-1
5.578116125E1,-8.299632072E-1,6.763124466E-1,7.222169638E-1
5.579113725E1,-8.321039081E-1,6.460359097E-1,7.220236659E-1
5.580111425E1,-8.256283998E-1,6.456066370E-1,7.348787785E-1
5.581109025E1,-8.334538937E-1,6.551542282E-1,7.263357043E-1
5.582106725E1,-8.530204296E-1,6.198505759E-1,7.027278543E-1
5.583104325E1,-8.642499447E-1,5.856620073E-1,7.022027969E-1
5.584102025E1,-8.570274711E-1,5.884039998E-1,7.122983336E-1
5.585099625E1,-8.609777689E-1,5.727772713E-1,7.016936541E-1
5.586097325E1,-8.604888320E-1,5.289959311E-1,6.880710721E-1
5.587094925E1,-8.542500734E-1,4.908119440E-1,6.952609420E-1
5.588092625E1,-8.490614295E-1,4.970035255E-1,7.074102759E-1
5.589090325E1,-8.579894900E-1,4.813196361E-1,6.961792111E-1
5.590087925E1,-8.678911328E-1,4.463808239E-1,6.844301820E-1
5.591085625E1,-8.658355474E-1,4.237500429E-1,6.897221208E-1
5.592083225E1,-8.606756926E-1,4.286191165E-1,6.943951845E-1
5.593080925E1,-8.627347350E-1,4.384206235E-1,6.825694442E-1
5.594078525E1,-8.764467835E-1,4.122340381E-1,6.565974951E-1
5.595076225E1,-8.898084760E-1,3.855619431E-1,6.416372657E-1
5.596073825E1,-8.878135085E-1,3.970100880E-1,6.426924467E-1
5.597071525E1,-8.866347075E-1,4.020206928E-1,6.322750449E-1
5.598069125E1,-8.791844845E-1,3.804783821E-1,6.190876365E-1
5.599066825E1,-8.554429412E-1,3.485735655E-1,6.311673522E-1
5.600064425E1,-8.347821236E-1,3.414256275E-1,6.473891735E-1
5.601062125E1,-8.342885375E-1,3.041718602E-1,6.356469393E-1
5.602059725E1,-8.545456529E-1,2.332420200E-1,6.233170629E-1
5.603057425E1,-8.680723310E-1,2.029218227E-1,6.264777780E-1
5.604055025E1,-8.818988800E-1,1.871125102E-1,6.214411855E-1
5.605052725E1,-8.968200088E-1,1.408074945E-1,5.986297727E-1
5.606050325E1,-9.028571248E-1,7.014691085E-2,5.839155316E-1
5.607048025E1,-9.022184610E-1,2.885743789E-2,5.874845386E-1
5.608045625E1,-9.017859697E-1,1.644577459E-2,5.903890133E-1
5.609043325E1,-8.973134160E-1,-3.146466613E-2,5.842328072E-1
5.610041025E1,-8.818316460E-1,-1.144386455E-1,5.880334377E-1
5.611038625E1,-8.593466878E-1,-1.624347568E-1,6.054264903E-1
5.612036325E1,-8.427557349E-1,-1.917132735E-1,6.089642644E-1
5.613033925E1,-8.477928638E-1,-2.209381759E-1,6.136717796E-1
5.614031625E1,-8.479079604E-1,-2.409414649E-1,6.239731312E-1
5.615029225E1,-8.421992064E-1,-2.361995280E-1,6.314502954E-1
5.616026925E1,-8.470208645E-1,-2.407157123E-1,6.256120801E-1
5.617024525E1,-8.505302072E-1,-2.492339164E-1,6.226566434E-1
5.618022225E1,-8.547185659E-1,-2.297470421E-1,6.192232966E-1
5.619019825E1,-8.560447097E-1,-1.982196569E-1,6.155592203E-1
5.620017525E1,-8.413001299E-1,-1.827650666E-1,6.078259349E-1
5.621015125E1,-8.156691194E-1,-1.985087097E-1,5.991144776E-1
5.622012825E1,-7.944689989E-1,-2.201607376E-1,5.971780419E-1
5.623010425E1,-7.824390531E-1,-2.243079841E-1,5.969167352E-1
5.624008125E1,-7.875728011E-1,-2.251138538E-1,5.941824317E-1
5.625005725E1,-7.922595143E-1,-2.349103838E-1,5.988847017E-1
5.626003425E1,-7.783141136E-1,-2.597164214E-1,6.030834913E-1
5.627001125E1,-7.619351745E-1,-2.861441672E-1,6.055207849E-1
5.627998725E1,-7.605593801E-1,-3.096449673E-1,6.019231081E-1
5.628996425E1,-7.672289610E-1,-3.339084089E-1,6.021592617E-1
5.629994025E1,-7.660624981E-1,-3.412025571E-1,6.091750860E-1
5.630991725E1,-7.597469687E-1,-3.644064963E-1,6.133437157E-1
5.631989325E1,-7.416667342E-1,-3.877842426E-1,6.237540245E-1
5.632987025E1,-7.176182866E-1,-4.023497105E-1,6.364386082E-1
5.633984625E1,-7.084492445E-1,-3.747590780E-1,6.480217576E-1
5.634982325E1,-7.146694660E-1,-3.273358941E-1,6.511029005E-1
5.635979925E1,-7.322665453E-1,-2.923267782E-1,6.555610299E-1
5.636977625E1,-7.348132133E-1,-2.651727796E-1,6.661259532E-1
5.637975225E1,-7.235307097E-1,-2.491413355E-1,6.698163152E-1
5.638972925E1,-7.196891904E-1,-2.480591983E-1,6.689913869E-1
5.639970525E1,-7.356764078E-1,-2.256731987E-1,6.730401516E-1
5.640968225E1,-7.587836981E-1,-1.614160091E-1,6.795485616E-1
5.641965825E1,-7.674946189E-1,-1.195817515E-1,6.818794012E-1
5.642963525E1,-7.656267285E-1,-1.106873229E-1,6.775110364E-1
5.643961125E1,-7.560308576E-1,-1.236806214E-1,6.736958027E-1
5.644958825E1,-7.452819943E-1,-1.290895790E-1,6.741154790E-1
5.645956525E1,-7.317768335E-1,-1.145607084E-1,6.777080894E-1
5.646954125E1,-7.235863209E-1,-9.756530076E-2,6.903296113E-1
5.647951825E1,-7.176080346E-1,-8.303003758E-2,7.190451026E-1
5.648949425E1,-1.125633597E0,8.656495810E-1,1.191284895E0
5.649947125E1,-1.068173289E0,5.241152048E-1,1.161839604E0
5.650944725E1,-1.045928836E0,4.387111664E-1,1.162093639E0
5.651942425E1,-1.029758215E0,4.169574082E-1,1.139612079E0
5.652940025E1,-1.059254408E0,4.089995325E-1,1.119814873E0
5.653937725E1,-1.085500121E0,2.789949179E-1,1.078989983E0
5.654935325E1,-1.123835206E0,1.701240242E-1,1.029046655E0
5.655933025E1,-1.138259649E0,7.563425601E-2,9.977949262E-1
5.656930625E1,-1.141869426E0,2.270971052E-2,9.721561670E-1
5.657928325E1,-1.154156685E0,2.153499052E-2,9.519377351E-1
5.658925925E1,-1.147192240E0,1.530132629E-2,9.324718118E-1
5.659923625E1,-1.119207740E0,-1.855117828E-2,9.152451158E-1
5.660921325E1,-1.081189275E0,-6.892096251E-2,9.047513008E-1
5.661918925E1,-1.035997510E0,-1.287803054E-1,8.804808855E-1
5.662916625E1,-9.817260504E-1,-2.032558620E-1,8.482789993E-1
5.663914225E1,-9.283882380E-1,-2.902405858E-1,8.164113164E-1
5.664911925E1,-8.766471744E-1,-3.725625873E-1,7.876904607E-1
5.665909525E1,-8.124220967E-1,-5.104762316E-1,7.679494619E-1
5.666907229E1,-7.678130865E-1,-6.357078552E-1,7.190253139E-1
5.667904829E1,-7.362530231E-1,-7.618913054E-1,6.628834605E-1
5.668902529E1,-6.994425058E-1,-8.744612336E-1,6.161299944E-1
5.669900129E1,-6.413677335E-1,-9.766179323E-1,6.068635583E-1
5.670897829E1,-6.105940342E-1,-1.058351398E0,5.751610994E-1
5.671895429E1,-5.713115931E-1,-1.139358163E0,5.655633211E-1
5.672893129E1,-5.441582799E-1,-1.180646420E0,5.475919247E-1
5.673890729E1,-5.243797898E-1,-1.202579737E0,5.216279626E-1
5.674888429E1,-5.130861998E-1,-1.180269122E0,5.085196495E-1
5.675886029E1,-5.280225873E-1,-1.157336593E0,5.121575594E-1
5.676883729E1,-5.400518775E-1,-1.144165039E0,5.313540697E-1
5.677881429E1,-5.609302521E-1,-1.112906456E0,5.544854999E-1
5.678879029E1,-5.741063952E-1,-1.096881628E0,6.037486196E-1
5.679876729E1,-5.586118102E-1,-1.070970416E0,6.379837990E-1
5.680874329E1,-5.514600277E-1,-1.025750995E0,6.661604047E-1
5.681872029E1,-5.616625547E-1,-9.781147242E-1,6.921347976E-1
5.682869629E1,-5.737999678E-1,-9.205582142E-1,7.226228118E-1
5.683867329E1,-5.850566030E-1,-8.586061597E-1,7.463454604E-1
5.684864929E1,-5.730263591E-1,-8.269143105E-1,7.695309520E-1
5.685862629E1,-5.554489493E-1,-7.862489223E-1,7.980366349E-1
5.686860229E1,-5.584514737E-1,-7.580377460E-1,8.136199713E-1
5.687857929E1,-5.396533012E-1,-7.746683955E-1,8.291552663E-1
5.688855529E1,-5.225595832E-1,-7.725206614E-1,8.578640223E-1
5.689853229E1,-5.142052770E-1,-7.889060378E-1,8.742586970E-1
5.690850829E1,-4.920254052E-1,-8.132197261E-1,8.965408802E-1
5.691848529E1,-4.841626883E-1,-8.188999891E-1,9.057506323E-1
5.692846229E1,-4.880666137E-1,-8.109856248E-1,8.775460720E-1
5.693843829E1,-4.685629308E-1,-8.182376623E-1,8.903800845E-1
5.694841529E1,-4.521236718E-1,-8.145712614E-1,9.109051824E-1
5.695839129E1,-4.538408816E-1,-8.219271898E-1,9.158391953E-1
5.696836829E1,-4.589239359E-1,-8.161994219E-1,9.171780944E-1
5.697834429E1,-4.579644203E-1,-7.996441722E-1,9.140411019E-1
5.698832129E1,-4.410324097E-1,-7.932739854E-1,9.134035707E-1
5.699829729E1,-4.315502346E-1,-7.886627316E-1,9.182150960E-1
5.700827429E1,-4.271099269E-1,-7.749741673E-1,9.254449010E-1
5.701825029E1,-4.147208929E-1,-7.706513405E-1,9.301738739E-1
5.702822729E1,-3.954404593E-1,-7.896453738E-1,9.352155924E-1
5.703820329E1,-3.728496730E-1,-8.147608638E-1,9.277015328E-1
5.704818029E1,-3.543126285E-1,-8.179758787E-1,9.116837382E-1
5.705815729E1,-3.333045244E-1,-8.365277052E-1,8.864321709E-1
5.706813329E1,-3.013606071E-1,-8.657256961E-1,8.723608851E-1
5.707811029E1,-2.781048119E-1,-8.868038058E-1,8.762608171E-1
5.708808629E1,-2.726872563E-1,-9.085776210E-1,8.742429018E-1
5.709806329E1,-2.517825067E-1,-9.406831264E-1,8.692140579E-1
5.710803929E1,-2.230402529E-1,-9.696713686E-1,8.665456176E-1
5.711801629E1,-2.086895406E-1,-9.886959195E-1,8.646758199E-1
5.712799229E1,-2.047903389E-1,-9.938747883E-1,8.625336885E-1
5.713796929E1,-1.966943294E-1,-9.900382161E-1,8.820655942E-1
5.714794529E1,-1.842731535E-1,-9.698435664E-1,9.038927555E-1
5.715792229E1,-1.885318160E-1,-9.382920265E-1,9.112417698E-1
5.716789829E1,-1.984840333E-1,-9.061213732E-1,9.071484208E-1
5.717787529E1,-2.031392306E-1,-8.645121455E-1,9.182429314E-1
5.718785129E1,-1.962313503E-1,-8.139666319E-1,9.448302388E-1
5.719782829E1,-2.108342648E-1,-7.765247226E-1,9.539667368E-1
5.720780529E1,-2.223667651E-1,-7.438302636E-1,9.692947268E-1
5.721778129E1,-2.048796564E-1,-7.138611674E-1,1.011427522E0
5.722775829E1,-1.929125488E-1,-7.070323825E-1,1.021113038E0
5.723773429E1,-1.967725307E-1,-7.072342038E-1,9.937219024E-1
5.724771129E1,-1.793997288E-1,-7.118040323E-1,9.831833839E-1
5.725768729E1,-1.583847255E-1,-7.294341922E-1,9.926103950E-1
5.726766429E1,-1.350549459E-1,-7.697546482E-1,9.874916673E-1
5.727764029E1,-1.169364080E-1,-8.186745048E-1,9.698860645E-1
5.728761729E1,-9.260044247E-2,-8.617716432E-1,9.663882256E-1
5.729759329E1,-5.463121831E-2,-9.133101702E-1,9.649850130E-1
5.730757029E1,-1.839680225E-2,-9.418787956E-1,9.610228539E-1
5.731754629E1,-8.662950248E-3,-9.544094801E-1,9.444414973E-1
5.732752329E1,3.902893513E-3,-9.667093158E-1,9.391644001E-1
5.733749929E1,2.673683688E-2,-9.627420306E-1,9.449511766E-1
5.734747629E1,4.859827831E-2,-9.644720554E-1,9.478112459E-1
5.735745329E1,5.021641403E-2,-9.532705545E-1,9.364086986E-1
5.736742929E1,3.774392605E-2,-9.076409936E-1,9.413099289E-1
5.737740629E1,2.767504752E-2,-8.327894211E-1,9.667409658E-1
5.738738229E1,2.390617877E-2,-7.828755379E-1,9.859609604E-1
5.739735929E1,1.068544760E-2,-7.678332329E-1,9.831201434E-1
5.740733529E1,8.518446237E-3,-7.472826838E-1,9.825237989E-1
5.741731229E1,1.767146587E-2,-7.037250996E-1,1.002609372E0
5.742728829E1,2.504962496E-2,-6.696795821E-1,1.025779963E0
5.743726529E1,2.567360364E-2,-6.575057507E-1,1.034419298E0
5.744724129E1,2.837600559E-2,-6.435856819E-1,1.033215880E0
5.745721829E1,3.775725886E-2,-6.129670739E-1,1.041662335E0
5.746719429E1,4.318141937E-2,-5.939756632E-1,1.044123888E0
5.747717129E1,4.266875982E-2,-5.765090585E-1,1.040961981E0
5.748714829E1,4.246445745E-2,-5.411386490E-1,1.044907808E0
5.749712429E1,4.574760050E-2,-5.214035511E-1,1.042214036E0
5.750710129E1,4.618238285E-2,-5.193721652E-1,1.039266348E0
5.751707729E1,4.257939383E-2,-5.160107613E-1,1.035433531E0
5.752705429E1,4.428613186E-2,-4.944191873E-1,1.041099072E0
5.753703029E1,5.261916295E-2,-4.789400995E-1,1.054951549E0
5.754700729E1,6.431776285E-2,-4.812311232E-1,1.057407737E0
5.755698329E1,6.832502037E-2,-5.009358525E-1,1.047469139E0
5.756696029E1,7.337727398E-2,-5.048166513E-1,1.031147122E0
5.757693629E1,8.295480162E-2,-5.052669644E-1,1.023248434E0
5.758691329E1,9.408500046E-2,-4.883242548E-1,1.022481918E0
5.759688929E1,1.052068919E-1,-4.869873524E-1,1.020363569E0
5.760686629E1,1.159622818E-1,-4.937295914E-1,1.011723042E0
5.761684229E1,1.226998121E-1,-4.756232798E-1,1.004502535E0
5.762681929E1,1.212757975E-1,-4.583280087E-1,1.006192088E0
5.763679629E1,1.224475875E-1,-4.476711154E-1,1.007181644E0
5.764677229E1,1.290652007E-1,-4.226499498E-1,1.007296681E0
5.765674929E1,1.269181669E-1,-4.096097648E-1,1.006563425E0
5.766672542E1,1.265361309E-1,-3.939609528E-1,1.002936244E0
5.767670242E1,1.277017891E-1,-3.652834892E-1,1.004771948E0
5.768667842E1,1.291732490E-1,-3.387473226E-1,1.010650277E0
5.769665542E1,1.309418529E-1,-3.072945774E-1,1.020896792E0
5.770663142E1,1.371868700E-1,-2.994146049E-1,1.020437837E0
5.771660842E1,1.387717128E-1,-2.705041170E-1,1.023378134E0
5.772658442E1,1.389713734E-1,-2.330363095E-1,1.025747299E0
5.773656142E1,1.392432749E-1,-2.276210338E-1,1.027688503E0
5.774653742E1,1.478609443E-1,-2.114179283E-1,1.036521196E0
5.775651442E1,1.482921243E-1,-2.014417350E-1,1.034095764E0
5.776649142E1,1.439872235E-1,-1.983503252E-1,1.026980162E0
5.777646742E1,1.384180337E-1,-1.707173586E-1,1.033840775E0
5.778644442E1,1.392359585E-1,-1.431734413E-1,1.041395903E0
5.779642042E1,1.356044710E-1,-1.294776052E-1,1.044329405E0
5.780639742E1,1.288468987E-1,-1.321209669E-1,1.036099195E0
5.781637342E1,1.317694485E-1,-1.351708174E-1,1.030001879E0
5.782635042E1,1.338959336E-1,-1.144134402E-1,1.033293843E0
5.783632642E1,1.336352080E-1,-1.082032174E-1,1.043659925E0
5.784630342E1,1.317130476E-1,-1.024505198E-1,1.050784230E0
5.785627942E1,1.310105026E-1,-1.080239862E-1,1.055171013E0
5.786625642E1,1.260858625E-1,-1.069412306E-1,1.053405881E0
5.787623242E1,1.191680282E-1,-1.045806035E-1,1.049526453E0
5.788620942E1,1.073427275E-1,-9.891703725E-2,1.045536995E0
5.789618642E1,1.011727154E-1,-8.126773685E-2,1.046364188E0
5.790616242E1,9.853837639E-2,-6.840103120E-2,1.045190096E0
5.791613942E1,9.437932074E-2,-7.265303284E-2,1.034524441E0
5.792611542E1,1.019383520E-1,-9.511146694E-2,1.023037910E0
5.793609242E1,1.089275479E-1,-1.214243025E-1,1.020265579E0
5.794606842E1,1.060477346E-1,-1.093472242E-1,1.032852054E0
5.795604542E1,9.221287817E-2,-8.693698794E-2,1.048228979E0
5.796602142E1,7.857849449E-2,-6.695999205E-2,1.063411236E0
5.797599842E1,7.751722634E-2,-2.698461525E-2,1.078016758E0
5.798597442E1,6.946822256E-2,-2.102410421E-2,1.075431466E0
5.799595142E1,6.479810178E-2,-1.354728080E-2,1.070984483E0
5.800592742E1,6.693890691E-2,-1.431249641E-2,1.067661405E0
5.801590442E1,6.595193595E-2,-1.006555278E-2,1.061642647E0
5.802588142E1,5.957802013E-2,1.499053277E-2,1.057808280E0
5.803585742E1,5.476355553E-2,4.022558033E-2,1.057995796E0
5.804583442E1,6.435477734E-2,5.505281687E-2,1.064569831E0
5.805581042E1,8.040352166E-2,6.414884329E-2,1.061171293E0
5.806578742E1,8.184266090E-2,4.890641943E-2,1.051363468E0
5.807576342E1,8.454389870E-2,6.226430461E-2,1.043008924E0
5.808574042E1,8.371123672E-2,7.933250815E-2,1.042368889E0
5.809571642E1,8.344438672E-2,8.922961354E-2,1.045529008E0
5.810569342E1,8.407775313E-2,9.565049410E-2,1.044846892E0
5.811566942E1,7.353270054E-2,9.365978092E-2,1.044904232E0
5.812564642E1,6.624998897E-2,1.085848436E-1,1.047420621E0
5.813562242E1,5.519680306E-2,1.150717661E-1,1.048586845E0
5.814559942E1,4.854595289E-2,1.281117648E-1,1.053399444E0
5.815557642E1,4.283427075E-2,1.292065829E-1,1.052155256E0
5.816555242E1,3.729497641E-2,1.225273758E-1,1.045506716E0
5.817552942E1,2.822344936E-2,1.208048463E-1,1.041195631E0
5.818550542E1,1.858381554E-2,1.365247071E-1,1.049757242E0
5.819548242E1,2.122966573E-2,1.611051410E-1,1.060847402E0
5.820545842E1,2.436550520E-2,1.610291600E-1,1.059014678E0
5.821543542E1,2.127464116E-2,1.433982253E-1,1.052521110E0
5.822541142E1,1.633834466E-2,1.435744315E-1,1.047966123E0
5.823538842E1,1.446614135E-2,1.538734138E-1,1.051246643E0
5.824536442E1,1.528711244E-2,1.780938059E-1,1.048728704E0
5.825534142E1,1.407990232E-2,1.799636036E-1,1.043012738E0
5.826531742E1,1.414263621E-2,1.751317531E-1,1.037385941E0
5.827529442E1,5.097209942E-3,1.955355555E-1,1.033447981E0
5.828527142E1,-4.185063764E-3,2.079621255E-1,1.031368256E0
5.829524742E1,-4.939271137E-3,2.245192528E-1,1.039939284E0
5.830522442E1,1.805981155E-4,2.402828783E-1,1.045311570E0
5.831520042E1,-4.698579665E-3,2.349642813E-1,1.039792418E0
5.832517742E1,-1.535246335E-2,2.472702116E-1,1.036204457E0
5.833515342E1,-2.671430819E-2,2.545992136E-1,1.041708469E0
5.834513042E1,-2.461750992E-2,2.433181554E-1,1.035113454E0
5.835510642E1,-2.338180318E-2,2.343046814E-1,1.021469593E0
5.836508342E1,-4.043877497E-2,2.288547158E-1,1.012053370E0
5.837505942E1,-4.990125075E-2,2.518274188E-1,1.020547748E0
5.838503642E1,-5.668867007E-2,2.537218630E-1,1.026886582E0
5.839501242E1,-6.639695913E-2,2.498563081E-1,1.032051206E0
5.840498942E1,-7.961001247E-2,2.574265301E-1,1.031221747E0
5.841496642E1,-9.368322045E-2,2.526759803E-1,1.031304002E0
5.842494242E1,-9.701742232E-2,2.506830394E-1,1.040669918E0
5.843491942E1,-9.702274203E-2,2.405143082E-1,1.039384365E0
5.844489542E1,-1.132754982E-1,2.415382117E-1,1.042946935E0
5.845487242E1,-1.095713079E-1,2.410796136E-1,1.049872756E0
5.846484842E1,-1.244063601E-1,2.395496219E-1,1.054719806E0
5.847482542E1,-1.435374469E-1,2.533764839E-1,1.051230550E0
5.848480142E1,-1.602609754E-1,2.459818572E-1,1.045892835E0
5.849477842E1,-1.577653289E-1,2.349145710E-1,1.056111455E0
5.850475442E1,-1.495251805E-1,2.439604402E-1,1.063202500E0
5.851473142E1,-1.655960232E-1,2.537209094E-1,1.060815215E0
5.852470742E1,-1.875150651E-1,2.793999910E-1,1.054091096E0
5.853468442E1,-2.003701329E-1,2.777128816E-1,1.047041655E0
5.854466142E1,-2.011536807E-1,2.907339931E-1,1.052352667E0
5.855463742E1,-2.036360055E-1,3.133570254E-1,1.040634513E0
5.856461442E1,-2.194658220E-1,3.205537200E-1,1.018596053E0
5.857459042E1,-2.043694258E-1,3.090749681E-1,1.024690151E0
5.858456742E1,-1.817505360E-1,3.073552847E-1,1.030649543E0
5.859454342E1,-1.874776632E-1,3.257891536E-1,1.029376268E0
5.860452042E1,-1.935529411E-1,3.317695856E-1,1.019104838E0
5.861449642E1,-2.182412446E-1,3.240488172E-1,1.021318674E0
5.862447342E1,-2.256153524E-1,3.601866066E-1,1.035038233E0
5.863444942E1,-2.423543781E-1,3.779858649E-1,1.012819409E0
5.864442642E1,-2.758222818E-1,3.557064831E-1,1.000515223E0
5.865440242E1,-2.565649748E-1,3.849738240E-1,1.033363700E0
5.866437892E1,-2.455656826E-1,4.159506261E-1,1.037929416E0
5.867435592E1,-2.659394145E-1,4.169045687E-1,1.032298684E0
5.868433192E1,-2.962644100E-1,4.433120489E-1,1.032894611E0
5.869430892E1,-2.989643216E-1,4.366016984E-1,1.045164347E0
5.870428492E1,-2.925641537E-1,4.322694242E-1,1.038762689E0
5.871426192E1,-3.088954687E-1,3.887389898E-1,1.010935307E0
5.872423792E1,-3.383892775E-1,3.911863863E-1,1.009382248E0
5.873421492E1,-3.522400856E-1,4.264519811E-1,1.024415493E0
5.874419092E1,-3.539911509E-1,4.287502468E-1,1.019778132E0
5.875416792E1,-3.703299165E-1,4.087624252E-1,1.004452825E0
5.876414392E1,-3.798306584E-1,4.026778936E-1,1.002789140E0
5.877412092E1,-3.675039411E-1,4.379352033E-1,1.020642757E0
5.878409792E1,-3.627191782E-1,4.695686102E-1,1.017172933E0
5.879407392E1,-3.718495667E-1,4.600557983E-1,1.003965020E0
5.880405092E1,-3.771143556E-1,4.780095220E-1,1.004669428E0
5.881402692E1,-3.800952137E-1,4.726800025E-1,1.002240896E0
5.882400392E1,-3.756395578E-1,4.616240263E-1,9.975988269E-1
5.883397992E1,-3.911156952E-1,4.555549622E-1,9.847647548E-1
5.884395692E1,-4.141605496E-1,4.654409587E-1,9.954119921E-1
5.885393292E1,-4.201542437E-1,5.274638534E-1,1.007726669E0
5.886390992E1,-4.461606741E-1,5.298054814E-1,9.762870073E-1
5.887388592E1,-4.655450284E-1,5.060247779E-1,9.555747509E-1
5.888386292E1,-4.673831761E-1,5.311535001E-1,9.623805881E-1
5.889383892E1,-4.660880566E-1,5.564013720E-1,9.578905106E-1
5.890381592E1,-4.670885801E-1,5.893750787E-1,9.574890733E-1
5.891379292E1,-4.793870747E-1,5.819432735E-1,9.499776363E-1
5.892376892E1,-4.839472473E-1,5.859068632E-1,9.620876908E-1
5.893374592E1,-4.759271443E-1,5.979959965E-1,9.638611078E-1
5.894372192E1,-4.953322113E-1,5.794630051E-1,9.495102763E-1
5.895369892E1,-5.133695602E-1,5.654830337E-1,9.485715032E-1
5.896367492E1,-5.178951025E-1,5.757313967E-1,9.533556104E-1
5.897365192E1,-5.321334004E-1,5.962646008E-1,9.561498165E-1
5.898362792E1,-5.459393263E-1,5.964967012E-1,9.410738945E-1
5.899360492E1,-5.570905209E-1,5.701673627E-1,9.296827316E-1
5.900358092E1,-5.638534427E-1,5.957546234E-1,9.399408698E-1
5.901355792E1,-5.760635138E-1,6.121397018E-1,9.304195046E-1
5.902353492E1,-5.900604129E-1,6.015126109E-1,9.187761545E-1
5.903351092E1,-5.896217823E-1,5.868511200E-1,9.158813357E-1
5.904348792E1,-5.961720347E-1,5.912159085E-1,9.177526236E-1
5.905346392E1,-6.033673286E-1,6.065008044E-1,9.166522026E-1
5.906344092E1,-6.201173663E-1,5.999561548E-1,9.011305571E-1
5.907341692E1,-6.250860095E-1,6.109691262E-1,9.050129056E-1
5.908339392E1,-6.195063591E-1,6.429570317E-1,9.045439363E-1
5.909336992E1,-6.291922927E-1,6.551580429E-1,8.920918107E-1
5.910334692E1,-6.331815124E-1,6.619641781E-1,8.865169883E-1
5.911332292E1,-6.343761683E-1,6.562229395E-1,8.848884702E-1
5.912329992E1,-6.381733418E-1,6.835168004E-1,8.918232322E-1
5.913327692E1,-6.505176425E-1,6.960136294E-1,8.776307106E-1
5.914325292E1,-6.726438999E-1,6.781920195E-1,8.573526144E-1
5.915322992E1,-6.795782447E-1,6.813374758E-1,8.578791022E-1
5.916320592E1,-6.902084351E-1,6.995660663E-1,8.495333791E-1
5.917318292E1,-7.083528042E-1,7.134461999E-1,8.346449733E-1
5.918315892E1,-7.189137936E-1,7.016851306E-1,8.249199986E-1
5.919313592E1,-7.158903480E-1,6.926242113E-1,8.324753642E-1
5.920311192E1,-7.093697190E-1,7.254586816E-1,8.369303346E-1
5.921308892E1,-7.216556668E-1,7.090592384E-1,8.169795275E-1
5.922306492E1,-7.334891558E-1,6.962886453E-1,8.168684244E-1
5.923304192E1,-7.270445824E-1,7.055918574E-1,8.230887651E-1
5.924301892E1,-7.318481207E-1,7.127600908E-1,8.143002987E-1
5.925299492E1,-7.432914376E-1,7.023484707E-1,7.999226451E-1
5.926297192E1,-7.529251575E-1,6.786825657E-1,7.833572030E-1
5.927294792E1,-7.576615810E-1,6.976405382E-1,7.864912152E-1
5.928292492E1,-7.659104466E-1,7.180495858E-1,7.781765461E-1
5.929290092E1,-7.780629396E-1,7.012346387E-1,7.695050240E-1
5.930287792E1,-7.794193625E-1,6.934657097E-1,7.709472179E-1
5.931285392E1,-7.819387317E-1,6.947954297E-1,7.756173015E-1
5.932283092E1,-7.980247736E-1,7.149847746E-1,7.673221827E-1
5.933280692E1,-8.237937689E-1,6.980364323E-1,7.480688691E-1
5.934278392E1,-8.379350901E-1,6.901648045E-1,7.425386906E-1
5.935276092E1,-8.401833177E-1,7.034204006E-1,7.478711605E-1
5.936273692E1,-8.490834236E-1,6.817265749E-1,7.356212735E-1
5.937271392E1,-8.524968028E-1,6.539921761E-1,7.225214839E-1
5.938268992E1,-8.567273021E-1,6.205694079E-1,7.187297344E-1
5.939266692E1,-8.632983565E-1,6.130683422E-1,7.256030440E-1
5.940264292E1,-8.662120700E-1,6.193462014E-1,7.195647359E-1
5.941261992E1,-8.714011908E-1,5.739089251E-1,7.035980225E-1
5.942259592E1,-8.587439656E-1,5.394237638E-1,7.095722556E-1
5.943257292E1,-8.488673568E-1,5.406320095E-1,7.161688805E-1
5.944254892E1,-8.559475541E-1,5.171830058E-1,7.033053041E-1
5.945252592E1,-8.547248840E-1,5.099160671E-1,6.984167695E-1
5.946250292E1,-8.629447818E-1,4.950804412E-1,6.899254322E-1
5.947247892E1,-8.637093902E-1,4.878060222E-1,6.879621744E-1
5.948245592E1,-8.650645018E-1,4.783311784E-1,6.678472757E-1
5.949243192E1,-8.824387193E-1,4.453479350E-1,6.345369816E-1
5.950240892E1,-8.951622844E-1,4.172429144E-1,6.106224060E-1
5.951238492E1,-8.886197209E-1,4.016229212E-1,5.990049243E-1
5.952236192E1,-8.728015423E-1,3.889184594E-1,5.844906569E-1
5.953233792E1,-8.418188691E-1,3.472013474E-1,5.713039637E-1
5.954231492E1,-8.167918324E-1,3.046612144E-1,5.716572404E-1
5.955229092E1,-8.005148768E-1,2.667061090E-1,5.832251906E-1
5.956226792E1,-8.084847927E-1,2.240128070E-1,5.915375352E-1
5.957224492E1,-8.318992853E-1,1.866140366E-1,5.957594514E-1
5.958222092E1,-8.659813404E-1,1.494470686E-1,6.084173322E-1
5.959219792E1,-8.913689852E-1,1.374460608E-1,6.231193542E-1
5.960217392E1,-9.146839380E-1,1.332352608E-1,6.218168139E-1
5.961215092E1,-9.294810295E-1,8.897379786E-2,6.200615168E-1
5.962212692E1,-9.273388386E-1,6.541049480E-2,6.185931563E-1
5.963210392E1,-9.320446253E-1,3.302298859E-2,6.204085946E-1
5.964207992E1,-9.229438901E-1,-8.696498349E-3,6.216349006E-1
5.965205692E1,-9.010173082E-1,-3.809167072E-2,6.196165085E-1
5.966203392E1,-8.874646425E-1,-8.362106979E-2,6.192882061E-1
5.967201004E1,-8.738899827E-1,-9.957925975E-2,6.308740377E-1
5.968198704E1,-8.722855449E-1,-1.109350547E-1,6.373534799E-1
5.969196304E1,-8.764392734E-1,-1.148685440E-1,6.437948942E-1
5.970194004E1,-8.748179078E-1,-1.243116036E-1,6.408212185E-1
5.971191604E1,-8.728802204E-1,-1.461266130E-1,6.313297153E-1
5.972189304E1,-8.670362234E-1,-1.619749069E-1,6.269521117E-1
5.973186904E1,-8.678508401E-1,-1.625259221E-1,6.103696227E-1
5.974184604E1,-8.732417822E-1,-1.753416657E-1,5.940137506E-1
5.975182204E1,-8.656001091E-1,-1.843868196E-1,5.843696594E-1
5.976179904E1,-8.485670686E-1,-1.904413253E-1,5.791195631E-1
5.977177604E1,-8.339061141E-1,-2.002468109E-1,5.746097565E-1
5.978175204E1,-8.177714944E-1,-2.239247411E-1,5.742362142E-1
5.979172904E1,-8.183329105E-1,-2.371023297E-1,5.776567459E-1
5.980170504E1,-8.172383308E-1,-2.625471950E-1,5.793846250E-1
5.981168204E1,-8.075636029E-1,-2.918185592E-1,5.730156898E-1
5.982165804E1,-7.987616658E-1,-3.362874091E-1,5.695694089E-1
5.983163504E1,-7.814590931E-1,-3.891767263E-1,5.787770152E-1
5.984161104E1,-7.642225027E-1,-4.094145000E-1,5.902829766E-1
5.985158804E1,-7.614914179E-1,-4.333826900E-1,5.911061764E-1
5.986156404E1,-7.535179853E-1,-4.717345536E-1,5.965822339E-1
5.987154104E1,-7.487751245E-1,-4.575561583E-1,6.089385152E-1
5.988151804E1,-7.489677668E-1,-4.761534035E-1,6.107557416E-1
5.989149404E1,-7.382099032E-1,-4.803153872E-1,6.184411049E-1
5.990147104E1,-7.491707206E-1,-4.339462519E-1,6.336273551E-1
5.991144704E1,-7.620345950E-1,-3.673312664E-1,6.479988098E-1
5.992142404E1,-7.626138330E-1,-3.165398538E-1,6.428074837E-1
5.993140004E1,-7.563633919E-1,-3.203311563E-1,6.283236146E-1
5.994137704E1,-7.449386716E-1,-3.340941072E-1,6.279957891E-1
5.995135304E1,-7.345731258E-1,-3.143832386E-1,6.361101270E-1
5.996133004E1,-7.366421819E-1,-2.580960393E-1,6.429208517E-1
5.997130704E1,-7.408484221E-1,-2.186157405E-1,6.545380950E-1
5.998128304E1,-7.334234118E-1,-2.063200921E-1,6.629167199E-1
5.999126004E1,-7.180684209E-1,-2.057965100E-1,6.726846695E-1
6.000123604E1,-7.026193738E-1,-2.215825766E-1,6.704108119E-1
6.001121304E1,-7.052042484E-1,-2.533802092E-1,6.627054811E-1
6.002118904E1,-7.119621634E-1,-2.608187795E-1,6.686887741E-1
6.003116604E1,-7.112857103E-1,-2.392000109E-1,6.845164299E-1
6.004114204E1,-6.979631782E-1,-2.496596575E-1,6.953364611E-1
6.005111904E1,-6.952006817E-1,-2.311605364E-1,7.213786840E-1
6.006109504E1,-1.014773726E0,4.609328508E-1,1.045467854E0
6.007107204E1,-1.028649569E0,1.980727464E-1,1.029108763E0
6.008104904E1,-9.769910574E-1,1.508707106E-1,1.018057466E0
6.009102504E1,-9.273787737E-1,9.013012052E-2,9.988667965E-1
6.010100204E1,-9.231744409E-1,-3.877457697E-3,9.757122993E-1
6.011097804E1,-9.375336766E-1,-4.672638699E-2,9.347358346E-1
6.012095504E1,-9.542863965E-1,-1.290405542E-1,8.752416968E-1
6.013093104E1,-9.559785724E-1,-2.358894944E-1,8.412863612E-1
6.014090804E1,-9.211818576E-1,-3.321273923E-1,8.186637759E-1
6.015088404E1,-8.929832578E-1,-3.841937780E-1,7.994085550E-1
6.016086104E1,-8.627441525E-1,-4.407769442E-1,7.703502774E-1
6.017083804E1,-8.189079762E-1,-4.945395291E-1,7.691122293E-1
6.018081404E1,-7.769089341E-1,-5.391430259E-1,7.872515917E-1
6.019079104E1,-7.483523488E-1,-5.808875561E-1,7.873812914E-1
6.020076704E1,-7.338479161E-1,-6.243473291E-1,7.611619830E-1
6.021074404E1,-7.122871876E-1,-6.568335891E-1,7.321654558E-1
6.022072004E1,-6.696088314E-1,-6.775538921E-1,7.253578305E-1
6.023069704E1,-6.432091594E-1,-7.577393055E-1,7.008980513E-1
6.024067304E1,-6.318362355E-1,-8.270355463E-1,6.844217777E-1
6.025065004E1,-6.168852448E-1,-8.641866446E-1,6.936645508E-1
6.026062704E1,-6.024172902E-1,-8.999840617E-1,6.971778870E-1
6.027060304E1,-5.997538567E-1,-9.457116127E-1,6.977467537E-1
6.028058004E1,-6.033100486E-1,-9.847689867E-1,6.945713758E-1
6.029055604E1,-5.946113467E-1,-1.006084681E0,7.025358081E-1
6.030053304E1,-5.939506888E-1,-1.014013529E0,7.017495036E-1
6.031050904E1,-5.905820727E-1,-1.028163433E0,7.060305476E-1
6.032048604E1,-5.827898979E-1,-1.025635600E0,7.306860685E-1
6.033046204E1,-5.905314684E-1,-9.985606074E-1,7.459403872E-1
6.034043904E1,-5.851671696E-1,-9.759379625E-1,7.442597151E-1
6.035041504E1,-5.824739337E-1,-9.540691376E-1,7.411587238E-1
6.036039204E1,-5.728362203E-1,-9.400846362E-1,7.504099607E-1
6.037036904E1,-5.442791581E-1,-9.428878427E-1,7.925429940E-1
6.038034504E1,-5.435254574E-1,-9.134500623E-1,8.014922738E-1
6.039032204E1,-5.445145369E-1,-9.126335382E-1,8.038920760E-1
6.040029804E1,-5.352576375E-1,-8.843372464E-1,8.204858303E-1
6.041027504E1,-5.295672417E-1,-8.597368598E-1,8.296170235E-1
6.042025104E1,-5.074594021E-1,-8.540843725E-1,8.439056873E-1
6.043022804E1,-5.086562037E-1,-8.317271471E-1,8.553295732E-1
6.044020404E1,-5.029168725E-1,-8.277031779E-1,8.690481186E-1
6.045018104E1,-4.828651249E-1,-8.367547393E-1,8.940232396E-1
6.046015804E1,-4.762679040E-1,-8.252235651E-1,9.045932889E-1
6.047013404E1,-4.576108754E-1,-8.311567903E-1,9.152706861E-1
6.048011104E1,-4.377981722E-1,-8.238210082E-1,9.365065098E-1
6.049008704E1,-4.051310420E-1,-8.133279085E-1,9.565675855E-1
6.050006404E1,-3.941401541E-1,-8.033558130E-1,9.602056742E-1
6.051004004E1,-4.105838537E-1,-7.796536684E-1,9.538449645E-1
6.052001704E1,-4.140141606E-1,-7.614946365E-1,9.588837624E-1
6.052999304E1,-4.111467302E-1,-7.356425524E-1,9.584670067E-1
6.053997004E1,-4.035817981E-1,-7.351990342E-1,9.534767866E-1
6.054994704E1,-3.917871714E-1,-7.306370139E-1,9.569032192E-1
6.055992304E1,-3.834577799E-1,-7.313461304E-1,9.603813291E-1
6.056990004E1,-3.631050885E-1,-7.375491261E-1,9.682518244E-1
6.057987604E1,-3.614029288E-1,-7.431185842E-1,9.588434100E-1
6.058985304E1,-3.533692658E-1,-7.628464699E-1,9.557075500E-1
6.059982904E1,-3.280561864E-1,-7.654587030E-1,9.528217316E-1
6.060980604E1,-3.046384752E-1,-7.945316434E-1,9.563900828E-1
6.061978204E1,-2.825123668E-1,-8.308008909E-1,9.531886578E-1
6.062975904E1,-2.887087464E-1,-8.353223801E-1,9.403961897E-1
6.063973604E1,-2.737889886E-1,-8.755310774E-1,9.350886345E-1
6.064971204E1,-2.433967441E-1,-9.081814289E-1,9.346566796E-1
6.065968904E1,-2.339925915E-1,-9.284470081E-1,9.226261377E-1
6.066966550E1,-2.124081999E-1,-9.756182432E-1,9.307692647E-1
6.067964250E1,-1.949922293E-1,-9.855830669E-1,9.315134287E-1
6.068961850E1,-1.722405702E-1,-1.017472267E0,9.252499342E-1
6.069959550E1,-1.426451504E-1,-1.007364988E0,9.294620752E-1
6.070957150E1,-1.413143724E-1,-9.940073490E-1,9.320058823E-1
6.071954850E1,-1.344660521E-1,-9.883565903E-1,9.372315407E-1
6.072952550E1,-1.254992038E-1,-9.520696998E-1,9.415701032E-1
6.073950150E1,-1.266908944E-1,-9.255638719E-1,9.472537041E-1
6.074947850E1,-1.267649233E-1,-8.924980760E-1,9.542495608E-1
6.075945450E1,-1.339243054E-1,-8.454636931E-1,9.614371657E-1
6.076943150E1,-1.370479316E-1,-8.019338250E-1,9.857577085E-1
6.077940750E1,-1.321511418E-1,-7.496228814E-1,1.005926609E0
6.078938450E1,-1.354992688E-1,-7.329282761E-1,1.015573621E0
6.079936050E1,-1.277080774E-1,-7.051783204E-1,1.028525949E0
6.080933750E1,-1.156072095E-1,-6.832338572E-1,1.033384800E0
6.081931450E1,-1.020027772E-1,-6.800750494E-1,1.036855102E0
6.082929050E1,-8.828669786E-2,-6.797038317E-1,1.037418604E0
6.083926750E1,-8.135198057E-2,-6.716481447E-1,1.039801598E0
6.084924350E1,-6.845695525E-2,-6.803878546E-1,1.043969750E0
6.085922050E1,-5.668782070E-2,-6.957767010E-1,1.040704489E0
6.086919650E1,-5.177908391E-2,-7.022622824E-1,1.033223629E0
6.087917350E1,-4.540817812E-2,-6.949452162E-1,1.033657074E0
6.088914950E1,-2.899617888E-2,-6.988301873E-1,1.035489321E0
6.089912650E1,-1.358000096E-2,-7.036324143E-1,1.038028479E0
6.090910350E1,-8.192958310E-3,-7.087075710E-1,1.035005331E0
6.091907950E1,-6.068168208E-3,-6.921471357E-1,1.033353329E0
6.092905650E1,-5.317156669E-3,-6.693773866E-1,1.038730502E0
6.093903250E1,-8.964032168E-5,-6.384961605E-1,1.039794683E0
6.094900950E1,2.052606549E-3,-6.062178612E-1,1.040793180E0
6.095898550E1,4.381632898E-3,-5.826730728E-1,1.042410374E0
6.096896250E1,1.351254620E-2,-5.487095118E-1,1.048504472E0
6.097893850E1,2.495428361E-2,-5.167415142E-1,1.054348469E0
6.098891550E1,2.803396247E-2,-5.004717112E-1,1.060435891E0
6.099889250E1,3.521612659E-2,-4.784681797E-1,1.066310048E0
6.100886850E1,4.338670522E-2,-4.608284831E-1,1.072632909E0
6.101884550E1,5.075490102E-2,-4.476415217E-1,1.072848082E0
6.102882150E1,5.524765328E-2,-4.400759935E-1,1.063138127E0
6.103879850E1,5.445074663E-2,-4.151861072E-1,1.062292457E0
6.104877450E1,5.615490302E-2,-3.874447644E-1,1.070325971E0
6.105875150E1,5.977902189E-2,-3.802409172E-1,1.068267345E0
6.106872750E1,5.164759234E-2,-3.851855993E-1,1.061313868E0
6.107870450E1,4.794624448E-2,-3.937191665E-1,1.059534311E0
6.108868150E1,5.088770390E-2,-4.075100720E-1,1.062116981E0
6.109865750E1,5.508159101E-2,-4.198132455E-1,1.062026858E0
6.110863450E1,5.516361445E-2,-4.479719102E-1,1.051965714E0
6.111861050E1,5.672437698E-2,-4.626164734E-1,1.043452382E0
6.112858750E1,6.473463774E-2,-4.699625373E-1,1.037272453E0
6.113856350E1,7.157640904E-2,-4.798890948E-1,1.039605379E0
6.114854050E1,8.556466550E-2,-4.709571302E-1,1.041199923E0
6.115851650E1,9.293165058E-2,-4.762353301E-1,1.040621161E0
6.116849350E1,1.023786813E-1,-4.796191454E-1,1.036381602E0
6.117847050E1,1.081129983E-1,-4.847377241E-1,1.029008150E0
6.118844650E1,1.049353108E-1,-4.877750576E-1,1.022030950E0
6.119842350E1,1.048777327E-1,-4.667125940E-1,1.021978021E0
6.120839950E1,1.063704342E-1,-4.378039837E-1,1.030490279E0
6.121837650E1,1.089436635E-1,-3.931296766E-1,1.039407730E0
6.122835250E1,1.126457229E-1,-3.743586540E-1,1.040204287E0
6.123832950E1,1.097613722E-1,-3.726520240E-1,1.035046339E0
6.124830550E1,1.134834066E-1,-3.260344565E-1,1.039174438E0
6.125828250E1,1.091972589E-1,-3.041900694E-1,1.042021751E0
6.126825950E1,1.087573096E-1,-2.603371441E-1,1.054791331E0
6.127823550E1,1.099404022E-1,-2.353544682E-1,1.059020996E0
6.128821250E1,1.143987998E-1,-2.242834419E-1,1.066020131E0
6.129818850E1,1.176363677E-1,-1.947945505E-1,1.073850155E0
6.130816550E1,1.139042154E-1,-1.998686790E-1,1.071336865E0
6.131814150E1,1.116719916E-1,-1.887054741E-1,1.073730946E0
6.132811850E1,1.166129559E-1,-1.758296192E-1,1.071519732E0
6.133809550E1,1.140725315E-1,-1.686410010E-1,1.068937898E0
6.134807150E1,1.099132001E-1,-1.367669553E-1,1.065648317E0
6.135804850E1,1.043365970E-1,-1.225667745E-1,1.058975220E0
6.136802450E1,1.114799976E-1,-1.113170534E-1,1.067892551E0
6.137800150E1,1.215617284E-1,-8.816101402E-2,1.069216013E0
6.138797750E1,1.188514307E-1,-1.071482822E-1,1.060313225E0
6.139795450E1,1.159912497E-1,-9.838473052E-2,1.060462594E0
6.140793050E1,1.135259643E-1,-8.558637649E-2,1.056816459E0
6.141790750E1,1.121665388E-1,-7.474399358E-2,1.056194305E0
6.142788450E1,1.073768437E-1,-5.566057563E-2,1.054288626E0
6.143786050E1,1.023243815E-1,-5.455988646E-2,1.044653654E0
6.144783750E1,1.027749851E-1,-4.626227170E-2,1.040168643E0
6.145781350E1,1.062455028E-1,-6.127861515E-2,1.034409761E0
6.146779050E1,1.050614640E-1,-7.430866361E-2,1.037946701E0
6.147776650E1,1.005158499E-1,-6.667154282E-2,1.047831059E0
6.148774350E1,9.430349618E-2,-5.551876128E-2,1.056370974E0
6.149771950E1,8.392143250E-2,-3.691447899E-2,1.064456582E0
6.150769650E1,7.804809511E-2,-3.666387498E-2,1.071479559E0
6.151767350E1,8.087596297E-2,-3.845423460E-2,1.076895952E0
6.152764950E1,7.734940201E-2,-1.254433952E-2,1.085217237E0
6.153762650E1,6.840449572E-2,-5.788127426E-3,1.084306479E0
6.154760250E1,6.433571875E-2,-4.395027645E-3,1.082699776E0
6.155757950E1,6.471084058E-2,-1.031253720E-3,1.077514052E0
6.156755550E1,6.302373111E-2,5.334233865E-3,1.066783190E0
6.157753250E1,5.888437852E-2,1.972891204E-2,1.059936166E0
6.158750850E1,6.065244973E-2,2.296172269E-2,1.056592822E0
6.159748550E1,7.037597150E-2,4.815246910E-2,1.063937664E0
6.160746250E1,7.153924555E-2,7.612418383E-2,1.060496330E0
6.161743850E1,7.029575855E-2,7.607790828E-2,1.054798961E0
6.162741550E1,7.927833498E-2,8.806905895E-2,1.057544589E0
6.163739150E1,8.148283511E-2,9.175787866E-2,1.053001881E0
6.164736850E1,7.792085409E-2,9.732947499E-2,1.051964402E0
6.165734450E1,7.070753723E-2,1.049118936E-1,1.048921943E0
6.166732150E1,6.531862915E-2,1.116155982E-1,1.050934076E0
6.167729867E1,5.496414378E-2,1.315346062E-1,1.055272818E0
6.168727467E1,3.822005168E-2,1.283577234E-1,1.047767520E0
6.169725167E1,3.077881970E-2,1.201741323E-1,1.052752256E0
6.170722767E1,3.056203946E-2,1.450869441E-1,1.065502763E0
6.171720467E1,1.878436282E-2,1.473726034E-1,1.064948201E0
6.172718067E1,1.774706133E-2,1.436484456E-1,1.062300444E0
6.173715767E1,1.403982006E-2,1.252403408E-1,1.061550498E0
6.174713367E1,2.318005636E-2,1.240917221E-1,1.068321347E0
6.175711067E1,1.786941849E-2,1.339175850E-1,1.070175767E0
6.176708767E1,-2.394308569E-3,1.335367560E-1,1.063485146E0
6.177706367E1,-9.972008877E-3,1.296598762E-1,1.058832169E0
6.178704067E1,-5.161274225E-3,1.323400885E-1,1.061185122E0
6.179701667E1,-4.252987914E-3,1.335376799E-1,1.053756118E0
6.180699367E1,-1.711445861E-2,1.371505260E-1,1.044376493E0
6.181696967E1,-2.097050846E-2,1.367010325E-1,1.043740630E0
6.182694667E1,-2.192977816E-2,1.591839641E-1,1.049173236E0
6.183692267E1,-2.406338416E-2,1.681498885E-1,1.047189474E0
6.184689967E1,-2.267774194E-2,1.718868464E-1,1.048293591E0
6.185687667E1,-1.491442043E-2,1.854628921E-1,1.053506613E0
6.186685267E1,-1.677490398E-2,1.826207638E-1,1.052318811E0
6.187682967E1,-2.196910419E-2,1.771935970E-1,1.043554544E0
6.188680567E1,-3.051332384E-2,1.670315117E-1,1.037347317E0
6.189678267E1,-3.669055551E-2,1.876483113E-1,1.045943260E0
6.190675867E1,-5.059518293E-2,2.088233829E-1,1.050271988E0
6.191673567E1,-6.109620631E-2,1.993997842E-1,1.046372890E0
6.192671167E1,-6.777648628E-2,1.994343996E-1,1.044219971E0
6.193668867E1,-6.768025458E-2,1.960457861E-1,1.044868827E0
6.194666567E1,-7.431951165E-2,1.974053234E-1,1.047845483E0
6.195664167E1,-8.314339072E-2,2.000337690E-1,1.052776575E0
6.196661867E1,-9.008385986E-2,1.898746192E-1,1.056583643E0
6.197659467E1,-8.592702448E-2,2.038632035E-1,1.064219356E0
6.198657167E1,-1.009666994E-1,2.111272514E-1,1.058828354E0
6.199654767E1,-1.207033172E-1,2.172180414E-1,1.062004328E0
6.200652467E1,-1.195570976E-1,2.312259972E-1,1.073820949E0
6.201650167E1,-1.129025593E-1,2.300941199E-1,1.072611690E0
6.202647767E1,-1.225437373E-1,2.334278524E-1,1.069074273E0
6.203645467E1,-1.361835599E-1,2.175975144E-1,1.057306647E0
6.204643067E1,-1.409927011E-1,2.071123868E-1,1.058674455E0
6.205640767E1,-1.395305097E-1,2.267996222E-1,1.059517145E0
6.206638367E1,-1.494766176E-1,2.292396128E-1,1.049913764E0
6.207636067E1,-1.578858942E-1,2.466601431E-1,1.047425151E0
6.208633767E1,-1.614012718E-1,2.622444332E-1,1.046132207E0
6.209631367E1,-1.628985703E-1,2.627881169E-1,1.047747016E0
6.210629067E1,-1.739927530E-1,3.013791740E-1,1.041410089E0
6.211626667E1,-1.903443336E-1,3.033851981E-1,1.026513100E0
6.212624367E1,-1.952445358E-1,3.089616001E-1,1.031159043E0
6.213621967E1,-1.866795272E-1,3.246250749E-1,1.039988637E0
6.214619667E1,-1.957728863E-1,3.244037628E-1,1.028598905E0
6.215617267E1,-2.139473408E-1,3.361769021E-1,1.027392626E0
6.216614967E1,-2.209296077E-1,3.369334936E-1,1.038261056E0
6.217612667E1,-2.237669379E-1,3.428907394E-1,1.044176221E0
6.218610267E1,-2.183194458E-1,3.374640048E-1,1.032940626E0
6.219607967E1,-2.266606390E-1,3.272547722E-1,1.034669876E0
6.220605567E1,-2.287885100E-1,3.513870239E-1,1.044677258E0
6.221603267E1,-2.330113202E-1,3.630839586E-1,1.034977913E0
6.222600867E1,-2.507663369E-1,3.817412555E-1,1.021180868E0
6.223598567E1,-2.728386223E-1,4.161319435E-1,1.020395517E0
6.224596267E1,-2.872700095E-1,4.262351990E-1,1.019868493E0
6.225593867E1,-2.917502820E-1,4.190024436E-1,1.014785051E0
6.226591567E1,-2.967911065E-1,4.186812639E-1,1.012079835E0
6.227589167E1,-3.192197978E-1,4.408097267E-1,1.011396050E0
6.228586867E1,-3.343569636E-1,4.588481188E-1,1.011040330E0
6.229584467E1,-3.454773724E-1,4.231835306E-1,9.926493168E-1
6.230582167E1,-3.372204900E-1,4.011477232E-1,1.006183505E0
6.231579767E1,-3.226606846E-1,4.205333292E-1,1.020648599E0
6.232577467E1,-3.290261626E-1,4.366236031E-1,1.022732258E0
6.233575167E1,-3.480898440E-1,4.465841949E-1,1.015948057E0
6.234572767E1,-3.592170477E-1,4.472840726E-1,1.007028103E0
6.235570467E1,-3.643687963E-1,4.375738204E-1,1.004505157E0
6.236568067E1,-3.608544767E-1,4.362779260E-1,1.000845432E0
6.237565767E1,-3.628105223E-1,4.076004028E-1,9.912726283E-1
6.238563367E1,-3.784166574E-1,4.218672216E-1,9.952481985E-1
6.239561067E1,-4.003755450E-1,4.352677763E-1,9.931758642E-1
6.240558767E1,-4.166655540E-1,4.592982829E-1,9.950438142E-1
6.241556367E1,-4.331652820E-1,4.843191504E-1,9.880439043E-1
6.242554067E1,-4.459143877E-1,4.813699424E-1,9.790701270E-1
6.243551667E1,-4.428129196E-1,4.811314344E-1,9.767826200E-1
6.244549367E1,-4.544719756E-1,5.097518563E-1,9.678497910E-1
6.245546967E1,-4.777060449E-1,5.486366153E-1,9.754917622E-1
6.246544667E1,-4.815487266E-1,5.914067030E-1,9.831176996E-1
6.247542267E1,-4.840394855E-1,5.917585492E-1,9.736571908E-1
6.248539967E1,-4.953515232E-1,5.799404979E-1,9.682807922E-1
6.249537667E1,-4.987830222E-1,5.754289627E-1,9.670158029E-1
6.250535267E1,-5.022986531E-1,5.695964098E-1,9.657835960E-1
6.251532967E1,-5.037526488E-1,5.887447596E-1,9.579402804E-1
6.252530567E1,-5.239508748E-1,5.957206488E-1,9.442540407E-1
6.253528267E1,-5.316205621E-1,6.036044955E-1,9.444636106E-1
6.254525867E1,-5.316866040E-1,6.177775860E-1,9.436070919E-1
6.255523567E1,-5.444664955E-1,6.364578605E-1,9.349079728E-1
6.256521267E1,-5.569479465E-1,6.397074461E-1,9.256780148E-1
6.257518867E1,-5.615797043E-1,6.355358362E-1,9.215099216E-1
6.258516567E1,-5.648047924E-1,6.409265995E-1,9.185154438E-1
6.259514167E1,-5.813783407E-1,6.433440447E-1,9.011482000E-1
6.260511867E1,-5.965937376E-1,6.270862818E-1,8.983460069E-1
6.261509467E1,-5.917229652E-1,6.345315576E-1,9.148405194E-1
6.262507167E1,-5.931165814E-1,6.378578544E-1,9.101464748E-1
6.263504867E1,-6.098961234E-1,6.409981847E-1,8.952983022E-1
6.264502467E1,-6.212084293E-1,6.334236264E-1,8.878316283E-1
6.265500167E1,-6.232283115E-1,6.394638419E-1,8.967843652E-1
6.266497767E1,-6.270586848E-1,6.619805694E-1,8.961030841E-1
6.267495475E1,-6.464803219E-1,6.593232751E-1,8.765177131E-1
6.268493075E1,-6.639267206E-1,6.460373402E-1,8.730316162E-1
6.269490775E1,-6.702728271E-1,6.618304253E-1,8.809281588E-1
6.270488375E1,-6.800650358E-1,6.824464798E-1,8.739807606E-1
6.271486075E1,-7.010681629E-1,6.798151135E-1,8.563196063E-1
6.272483775E1,-7.068757415E-1,6.702229381E-1,8.507940769E-1
6.273481375E1,-7.019073963E-1,6.828240752E-1,8.547332883E-1
6.274479075E1,-7.087434530E-1,7.111939192E-1,8.473297358E-1
6.275476675E1,-7.302614450E-1,7.077195644E-1,8.221016526E-1
6.276474375E1,-7.351158261E-1,7.015202641E-1,8.186646104E-1
6.277471975E1,-7.256578207E-1,7.208553553E-1,8.277412653E-1
6.278469675E1,-7.284466624E-1,7.455133200E-1,8.197784424E-1
6.279467375E1,-7.444616556E-1,7.291637063E-1,8.013712764E-1
6.280464975E1,-7.480084300E-1,7.201949954E-1,8.103821278E-1
6.281462675E1,-7.483390570E-1,7.421763539E-1,8.185728788E-1
6.282460275E1,-7.588420510E-1,7.568492889E-1,8.066392541E-1
6.283457975E1,-7.749330997E-1,7.212644815E-1,7.808387876E-1
6.284455575E1,-7.744739652E-1,6.974070668E-1,7.799441814E-1
6.285453275E1,-7.760790586E-1,7.283040285E-1,7.908266187E-1
6.286450975E1,-7.907168865E-1,7.533310652E-1,7.773525715E-1
6.287448575E1,-8.084461689E-1,7.313818336E-1,7.611035705E-1
6.288446275E1,-8.083521128E-1,7.154254913E-1,7.609901428E-1
6.289443875E1,-8.114808202E-1,7.189584970E-1,7.573104501E-1
6.290441575E1,-8.270083666E-1,7.118641138E-1,7.400438786E-1
6.291439175E1,-8.416400552E-1,6.763736606E-1,7.272937894E-1
6.292436875E1,-8.395878673E-1,6.472471952E-1,7.356166840E-1
6.293434475E1,-8.386963606E-1,6.541805863E-1,7.442963123E-1
6.294432175E1,-8.488267660E-1,6.395715475E-1,7.264422178E-1
6.295429875E1,-8.625400662E-1,5.985077024E-1,7.186535001E-1
6.296427475E1,-8.602210283E-1,5.724343061E-1,7.281386256E-1
6.297425175E1,-8.537722826E-1,5.684024692E-1,7.300409675E-1
6.298422775E1,-8.663839102E-1,5.536256433E-1,7.114662528E-1
6.299420475E1,-8.797529936E-1,5.279271603E-1,7.037928104E-1
6.300418075E1,-8.828569055E-1,5.119830966E-1,7.059826851E-1
6.301415775E1,-8.787013292E-1,5.166494846E-1,7.044993043E-1
6.302413475E1,-8.757079244E-1,5.072280169E-1,6.872558594E-1
6.303411075E1,-8.754450083E-1,4.707829058E-1,6.704505086E-1
6.304408775E1,-8.795622587E-1,4.415743947E-1,6.578084826E-1
6.305406375E1,-8.893207908E-1,4.514186978E-1,6.459485292E-1
6.306404075E1,-9.049966931E-1,4.602577388E-1,6.273130774E-1
6.307401675E1,-9.016103148E-1,4.345265925E-1,6.222915053E-1
6.308399375E1,-8.784237504E-1,4.040126204E-1,6.301907301E-1
6.309397075E1,-8.627595305E-1,3.734899759E-1,6.277892590E-1
6.310394675E1,-8.643622398E-1,3.209029436E-1,6.229407191E-1
6.311392375E1,-8.766739964E-1,2.598605454E-1,6.258572936E-1
6.312389975E1,-8.936806321E-1,2.244364768E-1,6.383158565E-1
6.313387675E1,-9.108383656E-1,2.215143591E-1,6.365647912E-1
6.314385275E1,-9.333194494E-1,1.898349822E-1,6.242333055E-1
6.315382975E1,-9.391783476E-1,1.488694251E-1,6.206407547E-1
6.316380575E1,-9.342176318E-1,1.218788102E-1,6.196841598E-1
6.317378275E1,-9.401033521E-1,9.050540626E-2,6.104483604E-1
6.318375975E1,-9.393776059E-1,3.624509647E-2,6.060983539E-1
6.319373575E1,-9.158580303E-1,-1.959794946E-2,6.090971828E-1
6.320371275E1,-8.984177709E-1,-6.033126637E-2,6.165097952E-1
6.321368875E1,-8.780521750E-1,-9.649243206E-2,6.171407104E-1
6.322366575E1,-8.652208447E-1,-1.341761649E-1,6.197645068E-1
6.323364175E1,-8.607137799E-1,-1.374481022E-1,6.293056011E-1
6.324361875E1,-8.666369319E-1,-1.362731159E-1,6.252698302E-1
6.325359575E1,-8.713474870E-1,-1.409790665E-1,6.173818707E-1
6.326357175E1,-8.689879179E-1,-1.549553275E-1,6.203891039E-1
6.327354875E1,-8.648279309E-1,-1.547219157E-1,6.275071502E-1
6.328352475E1,-8.635192513E-1,-1.404159516E-1,6.306688786E-1
6.329350175E1,-8.662821054E-1,-1.324153990E-1,6.197490096E-1
6.330347775E1,-8.625323772E-1,-1.529843211E-1,6.133262515E-1
6.331345475E1,-8.501777649E-1,-1.679042876E-1,6.043303013E-1
6.332343175E1,-8.375296593E-1,-1.897432655E-1,5.971466899E-1
6.333340775E1,-8.367057443E-1,-2.001700848E-1,5.916619897E-1
6.334338475E1,-8.372972608E-1,-2.191549689E-1,5.912864804E-1
6.335336075E1,-8.313672543E-1,-2.285716236E-1,5.936632752E-1
6.336333775E1,-8.220286369E-1,-2.440954447E-1,5.819365978E-1
6.337331375E1,-8.134279251E-1,-2.917668521E-1,5.783567429E-1
6.338329075E1,-7.970055342E-1,-3.284622729E-1,5.821735859E-1
6.339326775E1,-7.877337933E-1,-3.506282568E-1,5.823425651E-1
6.340324375E1,-7.789381146E-1,-3.842080534E-1,5.787371397E-1
6.341322075E1,-7.694445848E-1,-4.211048186E-1,5.851662159E-1
6.342319675E1,-7.586233616E-1,-4.342552423E-1,6.019694209E-1
6.343317375E1,-7.474557757E-1,-4.346021116E-1,6.185506582E-1
6.344314975E1,-7.451984882E-1,-4.247380495E-1,6.317125559E-1
6.345312675E1,-7.580961585E-1,-4.072732925E-1,6.423110962E-1
6.346310375E1,-7.708790898E-1,-3.720279634E-1,6.513248682E-1
6.347307975E1,-7.683186531E-1,-3.659464419E-1,6.418659687E-1
6.348305675E1,-7.544153929E-1,-3.845108151E-1,6.318269372E-1
6.349303275E1,-7.354536653E-1,-4.040905535E-1,6.297948956E-1
6.350300975E1,-7.317212224E-1,-4.074027240E-1,6.310707927E-1
6.351298575E1,-7.316888571E-1,-3.829351068E-1,6.345778108E-1
6.352296275E1,-7.309187055E-1,-3.806415796E-1,6.398673654E-1
6.353293975E1,-7.214203477E-1,-3.930005729E-1,6.489205956E-1
6.354291575E1,-7.108835578E-1,-4.129990339E-1,6.511592269E-1
6.355289275E1,-7.050545812E-1,-4.323025644E-1,6.507493854E-1
6.356286875E1,-7.037671804E-1,-4.397490323E-1,6.515845656E-1
6.357284575E1,-7.000230551E-1,-4.456631243E-1,6.594203711E-1
6.358282175E1,-6.900156736E-1,-4.321664870E-1,6.734006405E-1
6.359279875E1,-6.772212982E-1,-4.282791018E-1,6.860938072E-1
6.360277575E1,-6.711636782E-1,-4.436064065E-1,6.963294148E-1
6.361275175E1,-6.741073728E-1,-4.573765099E-1,7.061126828E-1
6.362272875E1,-6.755087376E-1,-4.638668895E-1,7.196272016E-1
6.363270475E1,-6.723698974E-1,-4.580114186E-1,7.363437414E-1
6.364268175E1,-6.707320809E-1,-4.685069323E-1,7.556300759E-1
6.365265775E1,-6.828610897E-1,-4.518004954E-1,7.739957571E-1
6.366263475E1,-7.277454734E-1,-3.802035451E-1,8.173200488E-1
6.367261100E1,-8.433625102E-1,-2.139348835E-1,9.045568705E-1
6.368258700E1,-8.342316151E-1,-3.115855753E-1,9.000273943E-1
6.369256400E1,-8.091128469E-1,-3.383250833E-1,8.960778117E-1
6.370254000E1,-7.990540862E-1,-3.704470694E-1,8.858227730E-1
6.371251700E1,-7.962597013E-1,-4.135517478E-1,8.730625510E-1
6.372249300E1,-7.993808985E-1,-4.401559234E-1,8.701463938E-1
6.373247000E1,-7.913814187E-1,-4.575010538E-1,8.706598878E-1
6.374244700E1,-7.671698332E-1,-4.713715911E-1,8.776162863E-1
6.375242300E1,-7.506631017E-1,-5.040479898E-1,8.792896867E-1
6.376240000E1,-7.442962527E-1,-5.318569541E-1,8.709145784E-1
6.377237600E1,-7.419547439E-1,-5.549553633E-1,8.648474813E-1
6.378235300E1,-7.261092067E-1,-5.833590627E-1,8.560076356E-1
6.379232900E1,-6.932235956E-1,-6.040109992E-1,8.489393592E-1
6.380230600E1,-6.727893949E-1,-6.285772920E-1,8.454892635E-1
6.381228300E1,-6.619423032E-1,-6.600425839E-1,8.400844932E-1
6.382225900E1,-6.462749243E-1,-7.030963302E-1,8.274483681E-1
6.383223600E1,-6.237389445E-1,-7.432359457E-1,8.171809912E-1
6.384221200E1,-6.029750705E-1,-7.808216810E-1,8.080884218E-1
6.385218900E1,-5.873040557E-1,-8.282802701E-1,8.022634983E-1
6.386216500E1,-5.796714425E-1,-8.750880361E-1,7.908185124E-1
6.387214200E1,-5.750981569E-1,-8.969508410E-1,7.782868147E-1
6.388211900E1,-5.642726421E-1,-9.252714515E-1,7.609688044E-1
6.389209500E1,-5.465064049E-1,-9.609211087E-1,7.512739897E-1
6.390207200E1,-5.285044909E-1,-9.984202981E-1,7.610222101E-1
6.391204800E1,-5.272820592E-1,-1.012463212E0,7.715588808E-1
6.392202500E1,-5.246337652E-1,-9.978594780E-1,7.792959213E-1
6.393200100E1,-5.071664453E-1,-9.891920686E-1,7.894911766E-1
6.394197800E1,-4.854741991E-1,-9.586056471E-1,8.056605458E-1
6.395195500E1,-4.858411551E-1,-9.262511730E-1,8.276861310E-1
6.396193100E1,-4.823662639E-1,-8.919618726E-1,8.588890433E-1
6.397190800E1,-4.811581373E-1,-8.466010690E-1,8.849961162E-1
6.398188400E1,-4.716397226E-1,-8.233575225E-1,9.067669511E-1
6.399186100E1,-4.704740047E-1,-8.007853031E-1,9.286459684E-1
6.400183800E1,-4.729760289E-1,-7.800248861E-1,9.371199012E-1
6.401181400E1,-4.618866444E-1,-7.537328005E-1,9.593951106E-1
6.402179100E1,-4.586125314E-1,-7.283462286E-1,9.669761062E-1
6.403176700E1,-4.363025427E-1,-7.220183015E-1,9.803988338E-1
6.404174400E1,-4.234216213E-1,-7.159817219E-1,9.885265827E-1
6.405172000E1,-4.141121209E-1,-7.297857404E-1,9.842143059E-1
6.406169700E1,-4.157688618E-1,-7.248818278E-1,9.708330035E-1
6.407167400E1,-4.150337577E-1,-7.166917920E-1,9.630481601E-1
6.408165000E1,-3.983154893E-1,-7.275611758E-1,9.590789676E-1
6.409162700E1,-3.780002594E-1,-7.329539061E-1,9.634808898E-1
6.410160300E1,-3.597885072E-1,-7.581298351E-1,9.700743556E-1
6.411158000E1,-3.425072432E-1,-7.901263833E-1,9.689968228E-1
6.412155600E1,-3.235159814E-1,-7.964066267E-1,9.679185152E-1
6.413153300E1,-3.077311516E-1,-7.868368030E-1,9.653829336E-1
6.414151000E1,-2.880807519E-1,-7.954604030E-1,9.623733163E-1
6.415148600E1,-2.728693485E-1,-8.081029058E-1,9.687785506E-1
6.416146300E1,-2.517352998E-1,-8.303075433E-1,9.704510570E-1
6.417143900E1,-2.473369539E-1,-8.405207992E-1,9.660884738E-1
6.418141600E1,-2.518875003E-1,-8.414238691E-1,9.583043456E-1
6.419139200E1,-2.432047278E-1,-8.469570279E-1,9.650532007E-1
6.420136900E1,-2.276598513E-1,-8.502060771E-1,9.880727530E-1
6.421134600E1,-2.269397080E-1,-8.453219533E-1,9.939537644E-1
6.422132200E1,-2.382925004E-1,-8.275474906E-1,9.937175512E-1
6.423129900E1,-2.327175289E-1,-8.075386286E-1,9.954895377E-1
6.424127500E1,-2.050693929E-1,-7.943773270E-1,1.000943661E0
6.425125200E1,-2.001893669E-1,-7.820702195E-1,9.998583794E-1
6.426122900E1,-2.072446048E-1,-7.713382244E-1,9.940582514E-1
6.427120500E1,-1.948703676E-1,-7.679358125E-1,9.947349429E-1
6.428118200E1,-1.769744605E-1,-7.592238188E-1,9.967887998E-1
6.429115800E1,-1.643897593E-1,-7.665767074E-1,9.956045747E-1
6.430113500E1,-1.552034467E-1,-7.672968507E-1,1.005064368E0
6.431111100E1,-1.319114417E-1,-7.702021003E-1,1.006277204E0
6.432108800E1,-1.124626398E-1,-7.565776110E-1,1.005911827E0
6.433106500E1,-1.152914762E-1,-7.383616567E-1,1.005132079E0
6.434104100E1,-1.055003628E-1,-7.345831990E-1,1.011445403E0
6.435101800E1,-8.355680108E-2,-7.345736027E-1,1.019756556E0
6.436099400E1,-6.813842803E-2,-7.559792995E-1,1.016682386E0
6.437097100E1,-7.248471677E-2,-7.553963065E-1,1.009547830E0
6.438094700E1,-7.815218717E-2,-7.414813042E-1,1.013477087E0
6.439092400E1,-6.295717508E-2,-7.153167129E-1,1.029510498E0
6.440090100E1,-4.746370763E-2,-6.937975883E-1,1.045284867E0
6.441087700E1,-4.452054948E-2,-7.040426135E-1,1.039047003E0
6.442085400E1,-3.594543412E-2,-7.113716006E-1,1.038982272E0
6.443083000E1,-1.829427108E-2,-6.868292689E-1,1.043427706E0
6.444080700E1,-1.811157726E-2,-6.572929621E-1,1.051877022E0
6.445078300E1,-1.881127618E-2,-6.403784156E-1,1.057240844E0
6.446076000E1,-1.625970006E-2,-6.123350263E-1,1.063689470E0
6.447073700E1,-1.574398018E-2,-5.886291862E-1,1.063778877E0
6.448071300E1,-1.894483343E-2,-5.659561157E-1,1.065598369E0
6.449069000E1,-2.359074354E-2,-5.433734059E-1,1.067438722E0
6.450066600E1,-8.442947641E-3,-5.215498805E-1,1.078486204E0
6.451064300E1,7.113602944E-3,-5.108533502E-1,1.080859780E0
6.452062000E1,1.402770169E-2,-5.185602903E-1,1.075381041E0
6.453059600E1,1.504111011E-2,-5.083562732E-1,1.064692855E0
6.454057300E1,1.821373217E-2,-4.780297875E-1,1.068576813E0
6.455054900E1,3.534450382E-2,-4.630363286E-1,1.076096296E0
6.456052600E1,4.723578319E-2,-4.734098911E-1,1.076002836E0
6.457050200E1,4.612930119E-2,-4.804224074E-1,1.067043543E0
6.458047900E1,3.945408762E-2,-4.777653813E-1,1.064521313E0
6.459045600E1,3.679706529E-2,-4.576426148E-1,1.065329552E0
6.460043200E1,3.912520036E-2,-4.466157854E-1,1.066080332E0
6.461040900E1,4.009985551E-2,-4.483504593E-1,1.066112399E0
6.462038500E1,4.321468994E-2,-4.601325393E-1,1.065047860E0
6.463036200E1,5.084536225E-2,-4.594036639E-1,1.064248085E0
6.464033900E1,5.776185915E-2,-4.438577294E-1,1.070677996E0
6.465031500E1,6.567671895E-2,-4.350597262E-1,1.076065421E0
6.466029200E1,7.464517653E-2,-4.455935955E-1,1.073603272E0
6.467026842E1,8.519158512E-2,-4.525418282E-1,1.065293193E0
6.468024542E1,9.327427298E-2,-4.575639963E-1,1.052097678E0
6.469022142E1,8.805248141E-2,-4.368664920E-1,1.052043080E0
6.470019842E1,9.041949362E-2,-4.045226872E-1,1.060293794E0
6.471017542E1,1.023624688E-1,-3.955985010E-1,1.064514160E0
6.472015142E1,1.123975292E-1,-3.928115070E-1,1.066357851E0
6.473012842E1,1.110375822E-1,-3.892189562E-1,1.057767749E0
6.474010442E1,9.620297700E-2,-3.590429425E-1,1.059337497E0
6.475008142E1,9.336411208E-2,-3.245719671E-1,1.064059377E0
6.476005742E1,9.950323403E-2,-3.000701070E-1,1.072162509E0
6.477003442E1,1.026449353E-1,-2.779959440E-1,1.074975967E0
6.478001142E1,9.629303217E-2,-2.691552937E-1,1.068111181E0
6.478998742E1,9.191734344E-2,-2.424329966E-1,1.070511460E0
6.479996442E1,9.382656962E-2,-2.107626945E-1,1.076641202E0
6.480994042E1,9.931971878E-2,-2.048943490E-1,1.082217693E0
6.481991742E1,1.070082709E-1,-2.109551579E-1,1.083864808E0
6.482989442E1,1.062382758E-1,-2.280474603E-1,1.079030037E0
6.483987042E1,9.953936189E-2,-2.101235837E-1,1.083711028E0
6.484984742E1,9.493754059E-2,-1.806449890E-1,1.085952640E0
6.485982342E1,9.280328453E-2,-1.709300429E-1,1.090167642E0
6.486980042E1,9.685520828E-2,-1.638283134E-1,1.094263196E0
6.487977642E1,9.675560892E-2,-1.691043079E-1,1.088890553E0
6.488975342E1,8.863342553E-2,-1.529472172E-1,1.084936142E0
6.489973042E1,8.418381214E-2,-1.359083205E-1,1.082509518E0
6.490970642E1,9.376453608E-2,-1.251243800E-1,1.088083744E0
6.491968342E1,1.050115973E-1,-1.083504632E-1,1.093050480E0
6.492965942E1,1.000762358E-1,-1.098126546E-1,1.083356261E0
6.493963642E1,9.390382469E-2,-1.196362525E-1,1.070312619E0
6.494961342E1,9.297575802E-2,-9.957379848E-2,1.064901352E0
6.495958942E1,9.869196266E-2,-9.571807086E-2,1.061557770E0
6.496956642E1,1.012356281E-1,-8.595532924E-2,1.066008806E0
6.497954242E1,9.694261104E-2,-7.689446211E-2,1.060783386E0
6.498951942E1,8.844074607E-2,-8.614026755E-2,1.054064274E0
6.499949542E1,8.406943083E-2,-8.644626290E-2,1.057625890E0
6.500947242E1,7.769696414E-2,-9.869351983E-2,1.058532357E0
6.501944942E1,7.209420204E-2,-8.456704766E-2,1.068943143E0
6.502942542E1,7.321967930E-2,-7.788293064E-2,1.080926299E0
6.503940242E1,7.123216242E-2,-6.362436712E-2,1.086589456E0
6.504937842E1,5.710735917E-2,-4.107658938E-2,1.086123824E0
6.505935542E1,5.035225302E-2,-2.687341720E-2,1.084626913E0
6.506933242E1,5.547222495E-2,-1.090701763E-2,1.091971159E0
6.507930842E1,6.304012984E-2,-6.978056394E-3,1.096709490E0
6.508928542E1,6.235214695E-2,-1.068332791E-2,1.089556694E0
6.509926142E1,5.615976825E-2,-2.887456212E-3,1.078027368E0
6.510923842E1,5.140919983E-2,4.444117192E-3,1.068773985E0
6.511921442E1,5.866365135E-2,1.338994130E-2,1.067651749E0
6.512919142E1,6.773249805E-2,1.797415875E-2,1.061918020E0
6.513916842E1,6.868325174E-2,8.984126151E-3,1.043496609E0
6.514914442E1,7.235818356E-2,3.160596639E-2,1.033408284E0
6.515912142E1,7.720327377E-2,5.089710653E-2,1.037036300E0
6.516909742E1,8.104684204E-2,5.997483432E-2,1.043279886E0
6.517907442E1,8.049157262E-2,6.527106464E-2,1.043482542E0
6.518905042E1,6.859846413E-2,5.525285006E-2,1.037144423E0
6.519902742E1,6.037196144E-2,8.309486508E-2,1.049018383E0
6.520900442E1,5.179413781E-2,9.694290906E-2,1.051840663E0
6.521898042E1,3.878059983E-2,9.756556153E-2,1.054651618E0
6.522895742E1,3.532387689E-2,1.017342135E-1,1.062597990E0
6.523893342E1,3.276510909E-2,9.259930998E-2,1.060168982E0
6.524891042E1,2.414504997E-2,9.908320755E-2,1.058103323E0
6.525888742E1,8.804177865E-3,9.777293354E-2,1.055487514E0
6.526886342E1,7.739895023E-3,9.664693475E-2,1.063046336E0
6.527884042E1,1.810731366E-2,1.024001613E-1,1.073377013E0
6.528881642E1,1.071774308E-2,9.953036904E-2,1.066980243E0
6.529879342E1,-2.581285313E-3,8.516847342E-2,1.062417984E0
6.530876942E1,-3.975594416E-3,9.192659706E-2,1.063278437E0
6.531874642E1,-1.866903389E-3,1.062546670E-1,1.071281314E0
6.532872342E1,-2.994228387E-3,1.195870936E-1,1.071416020E0
6.533869942E1,-1.247374993E-2,1.115733758E-1,1.059714437E0
6.534867642E1,-1.144071855E-2,1.080674306E-1,1.054742336E0
6.535865242E1,-1.764641702E-2,1.316499859E-1,1.056350112E0
6.536862942E1,-2.801678702E-2,1.529347599E-1,1.055310607E0
6.537860642E1,-2.827964164E-2,1.717819422E-1,1.054235816E0
6.538858242E1,-1.385743637E-2,1.650554091E-1,1.054375291E0
6.539855942E1,-4.959016573E-3,1.691939533E-1,1.051578760E0
6.540853542E1,-1.557922922E-2,1.803965420E-1,1.045922399E0
6.541851242E1,-2.867079712E-2,1.755703688E-1,1.042784929E0
6.542848842E1,-2.086161077E-2,1.902652681E-1,1.052124023E0
6.543846542E1,-2.547820099E-2,1.927678287E-1,1.051126361E0
6.544844242E1,-4.292174429E-2,1.973424703E-1,1.045773149E0
6.545841842E1,-5.827699974E-2,2.011896819E-1,1.046180367E0
6.546839542E1,-6.535200030E-2,1.971358657E-1,1.052603483E0
6.547837142E1,-6.522922963E-2,2.072742581E-1,1.053948641E0
6.548834842E1,-7.960217446E-2,2.021177113E-1,1.047912121E0
6.549832542E1,-8.544994146E-2,2.039995044E-1,1.057064533E0
6.550830142E1,-7.927683741E-2,2.046643496E-1,1.063773751E0
6.551827842E1,-8.685167134E-2,1.987659782E-1,1.058974385E0
6.552825442E1,-1.071175039E-1,2.130720764E-1,1.056770205E0
6.553823142E1,-1.167411059E-1,2.193081379E-1,1.057567000E0
6.554820742E1,-1.094608828E-1,2.258473486E-1,1.070204854E0
6.555818442E1,-1.069380715E-1,2.321920693E-1,1.071946383E0
6.556816142E1,-1.264187843E-1,2.237955481E-1,1.062774301E0
6.557813742E1,-1.419245154E-1,2.333722711E-1,1.064409733E0
6.558811442E1,-1.394786090E-1,2.373618037E-1,1.070116043E0
6.559809042E1,-1.451242417E-1,2.433800250E-1,1.074085712E0
6.560806742E1,-1.625538021E-1,2.733697295E-1,1.070808887E0
6.561804442E1,-1.763500422E-1,2.573569417E-1,1.064961314E0
6.562802042E1,-1.726062298E-1,2.612406611E-1,1.068973660E0
6.563799742E1,-1.803650856E-1,2.780707777E-1,1.067880869E0
6.564797342E1,-1.956284046E-1,2.669834197E-1,1.057600021E0
6.565795042E1,-1.958664954E-1,2.750355005E-1,1.058730841E0
6.566792642E1,-1.945018470E-1,2.715612948E-1,1.057217956E0
6.567790325E1,-2.062740922E-1,2.903075516E-1,1.054823399E0
6.568788025E1,-2.246043533E-1,3.077500761E-1,1.044726014E0
6.569785625E1,-2.329280525E-1,2.968534827E-1,1.047934651E0
6.570783325E1,-2.300268263E-1,3.470200300E-1,1.061828732E0
6.571780925E1,-2.519710362E-1,3.632431924E-1,1.044357061E0
6.572778625E1,-2.649655044E-1,3.539394736E-1,1.045593977E0
6.573776325E1,-2.400883734E-1,3.596796393E-1,1.063823104E0
6.574773925E1,-2.296265066E-1,3.761166632E-1,1.068396449E0
6.575771625E1,-2.543089390E-1,4.039512277E-1,1.059303045E0
6.576769225E1,-2.802828252E-1,4.053549170E-1,1.057908535E0
6.577766925E1,-2.926563919E-1,4.280349314E-1,1.063976288E0
6.578764625E1,-3.075546622E-1,4.431831539E-1,1.048625708E0
6.579762225E1,-3.312836885E-1,4.463219643E-1,1.033585072E0
6.580759925E1,-3.409427702E-1,4.674556255E-1,1.045386910E0
6.581757525E1,-3.411294520E-1,4.817738533E-1,1.044302821E0
6.582755225E1,-3.488784730E-1,4.694171548E-1,1.033018470E0
6.583752825E1,-3.679267466E-1,4.543479085E-1,1.022174835E0
6.584750525E1,-3.676411510E-1,4.370653927E-1,1.030976415E0
6.585748225E1,-3.515322208E-1,4.618040323E-1,1.040356398E0
6.586745825E1,-3.458785415E-1,4.560263157E-1,1.026402116E0
6.587743525E1,-3.469984233E-1,4.439464808E-1,1.019450545E0
6.588741125E1,-3.447948396E-1,4.618483186E-1,1.028823853E0
6.589738825E1,-3.720879853E-1,4.767817259E-1,1.021510839E0
6.590736525E1,-3.951428533E-1,4.713502824E-1,1.023391604E0
6.591734125E1,-4.085055292E-1,4.662343562E-1,1.028926373E0
6.592731825E1,-4.187752903E-1,4.730923772E-1,1.030845165E0
6.593729425E1,-4.318141341E-1,5.072450042E-1,1.028272867E0
6.594727125E1,-4.593668282E-1,5.024669766E-1,1.008458853E0
6.595724725E1,-4.648891389E-1,5.003377795E-1,1.010061264E0
6.596722425E1,-4.616467655E-1,5.263938308E-1,1.011764169E0
6.597720125E1,-4.772893786E-1,5.398837924E-1,1.001461744E0
6.598717725E1,-4.885548055E-1,5.625995398E-1,9.942733645E-1
6.599715425E1,-4.944904745E-1,5.777207017E-1,9.898852706E-1
6.600713025E1,-4.925692081E-1,5.977677703E-1,9.916309118E-1
6.601710725E1,-4.936587214E-1,6.166932583E-1,9.817106128E-1
6.602708425E1,-5.058121681E-1,6.106209159E-1,9.680922627E-1
6.603706025E1,-5.184475183E-1,6.166141033E-1,9.754726887E-1
6.604703725E1,-5.137314200E-1,6.328429580E-1,9.790845513E-1
6.605701325E1,-5.250085592E-1,6.424314380E-1,9.677147269E-1
6.606699025E1,-5.431532264E-1,6.325187683E-1,9.520990849E-1
6.607696625E1,-5.521752238E-1,6.246213913E-1,9.516423345E-1
6.608694325E1,-5.577871799E-1,6.530705094E-1,9.542137384E-1
6.609692025E1,-5.738503337E-1,6.551365852E-1,9.350312352E-1
6.610689625E1,-5.857853293E-1,6.553135514E-1,9.228408933E-1
6.611687325E1,-5.817492604E-1,6.440111399E-1,9.295464754E-1
6.612684925E1,-5.774223208E-1,6.561062932E-1,9.349473715E-1
6.613682625E1,-5.861130357E-1,6.500508189E-1,9.223154783E-1
6.614680325E1,-5.978833437E-1,6.352285743E-1,9.121903181E-1
6.615677925E1,-5.899998546E-1,6.491941810E-1,9.211094975E-1
6.616675625E1,-5.888097882E-1,6.596017480E-1,9.142419100E-1
6.617673225E1,-6.058023572E-1,6.455602646E-1,8.978136778E-1
6.618670925E1,-6.258855462E-1,6.419563890E-1,8.919758797E-1
6.619668625E1,-6.367696524E-1,6.570495963E-1,8.945940733E-1
6.620666225E1,-6.481665373E-1,6.782646775E-1,8.934402466E-1
6.621663925E1,-6.610283256E-1,6.750113368E-1,8.790234923E-1
6.622661525E1,-6.759281754E-1,6.563950181E-1,8.770042658E-1
6.623659225E1,-6.752362847E-1,6.735889316E-1,8.788101673E-1
6.624656825E1,-6.857709885E-1,6.902269721E-1,8.670135140E-1
6.625654525E1,-7.033683658E-1,6.937173605E-1,8.583553433E-1
6.626652225E1,-7.062397599E-1,7.035403848E-1,8.550215364E-1
6.627649825E1,-7.109769583E-1,7.169246674E-1,8.538784981E-1
6.628647525E1,-7.225019932E-1,7.431744933E-1,8.485648036E-1
6.629645125E1,-7.320814133E-1,7.432522774E-1,8.322327137E-1
6.630642825E1,-7.288783193E-1,7.268161178E-1,8.307824135E-1
6.631640525E1,-7.232816815E-1,7.398416400E-1,8.392241001E-1
6.632638125E1,-7.324326634E-1,7.401883006E-1,8.253705502E-1
6.633635825E1,-7.531291842E-1,7.236061096E-1,8.085492253E-1
6.634633425E1,-7.663131952E-1,6.841269135E-1,7.920689583E-1
6.635631125E1,-7.735407352E-1,6.933302879E-1,7.929661274E-1
6.636628725E1,-7.827498317E-1,7.022842765E-1,7.868398428E-1
6.637626425E1,-7.889262438E-1,6.973345280E-1,7.853255272E-1
6.638624125E1,-7.799023390E-1,6.938608289E-1,7.837980986E-1
6.639621725E1,-7.795689106E-1,6.866638660E-1,7.750749588E-1
6.640619425E1,-7.756674886E-1,6.727758050E-1,7.609542608E-1
6.641617025E1,-7.730256319E-1,6.452611089E-1,7.433675528E-1
6.642614725E1,-7.684305310E-1,6.399917006E-1,7.268904448E-1
6.643612425E1,-7.731728554E-1,6.832550168E-1,7.114406228E-1
6.644610025E1,-7.937105298E-1,7.197628617E-1,6.879609823E-1
6.645607725E1,-8.070889115E-1,7.716034651E-1,6.948327422E-1
6.646605325E1,-8.086751103E-1,8.231783509E-1,7.088639736E-1
6.647603025E1,-8.223794699E-1,8.189727068E-1,7.159812450E-1
6.648600725E1,-8.333203793E-1,7.753294110E-1,7.204374075E-1
6.649598325E1,-8.398126364E-1,7.014847398E-1,6.971192956E-1
6.650596025E1,-8.642246723E-1,6.112692952E-1,6.642384529E-1
6.651593625E1,-8.696159720E-1,5.278508067E-1,6.437600255E-1
6.652591325E1,-8.632795215E-1,4.344044030E-1,6.225115061E-1
6.653589025E1,-8.489314914E-1,3.652162552E-1,6.197029352E-1
6.654586625E1,-8.223694563E-1,2.903896272E-1,6.219726801E-1
6.655584325E1,-7.945711017E-1,2.249496281E-1,6.303032637E-1
6.656581925E1,-7.686422467E-1,1.699555367E-1,6.415427923E-1
6.657579625E1,-7.574570179E-1,9.078535438E-2,6.383643150E-1
6.658577225E1,-7.590025067E-1,4.175807536E-2,6.460426450E-1
6.659574925E1,-7.820100784E-1,1.711824164E-2,6.599730849E-1
6.660572625E1,-8.141565919E-1,4.916108213E-3,6.831762195E-1
6.661570225E1,-8.581584096E-1,3.984534182E-3,7.084008455E-1
6.662567925E1,-9.060846567E-1,2.580516040E-3,7.338955998E-1
6.663565525E1,-9.518343210E-1,4.684945568E-3,7.558120489E-1
6.664563225E1,-9.935452938E-1,5.755284335E-3,7.671424150E-1
6.665560925E1,-1.030351996E0,-4.673388321E-3,7.667666674E-1
6.666558525E1,-1.058066726E0,3.374494240E-2,7.518710494E-1
6.667556300E1,-1.062762976E0,5.668940395E-2,7.277755737E-1
6.668553900E1,-1.023281693E0,9.219790250E-2,7.197445035E-1
6.669551600E1,-9.546876550E-1,1.161522344E-1,7.082518935E-1
6.670549200E1,-8.906330466E-1,1.100397110E-1,7.010729909E-1
6.671546900E1,-8.414479494E-1,1.086002737E-1,6.923615336E-1
6.672544600E1,-8.204509616E-1,9.415869415E-2,6.889506578E-1
6.673542200E1,-8.103492856E-1,1.453529149E-1,6.955009699E-1
6.674539900E1,-8.143261075E-1,1.908794492E-1,6.816926003E-1
6.675537500E1,-8.256733418E-1,1.947418302E-1,6.650121212E-1
6.676535200E1,-8.255476952E-1,1.790819019E-1,6.526246071E-1
6.677532900E1,-8.276140690E-1,1.509623826E-1,6.305217147E-1
6.678530500E1,-8.327814937E-1,1.061212793E-1,6.070392728E-1
6.679528200E1,-8.220146298E-1,5.558779091E-2,5.882014036E-1
6.680525800E1,-7.994804978E-1,-5.199015141E-3,5.686409473E-1
6.681523500E1,-7.784814835E-1,-5.015770346E-2,5.413877368E-1
6.682521200E1,-7.596609592E-1,-1.213475540E-1,5.121231079E-1
6.683518800E1,-7.363995910E-1,-1.524295807E-1,5.177043080E-1
6.684516500E1,-7.053977847E-1,-1.615852863E-1,5.329329371E-1
6.685514100E1,-6.799649000E-1,-1.815001369E-1,5.504557490E-1
6.686511800E1,-6.620046496E-1,-2.113265097E-1,5.645350814E-1
6.687509500E1,-6.565068364E-1,-2.531306744E-1,5.761033297E-1
6.688507100E1,-6.637821794E-1,-2.756249309E-1,5.944578052E-1
6.689504800E1,-6.869074702E-1,-3.196219504E-1,5.976703763E-1
6.690502400E1,-7.064018846E-1,-3.959500790E-1,6.002999544E-1
6.691500100E1,-7.311810255E-1,-4.519747198E-1,6.126333475E-1
6.692497700E1,-7.547742128E-1,-4.903694987E-1,6.237155795E-1
6.693495400E1,-7.790383101E-1,-5.131328106E-1,6.437875628E-1
6.694493100E1,-7.900218368E-1,-5.366892219E-1,6.709498763E-1
6.695490700E1,-7.876729369E-1,-5.277801752E-1,7.113220692E-1
6.696488400E1,-7.784172297E-1,-5.026967525E-1,7.452272773E-1
6.697486000E1,-7.854117751E-1,-4.926353395E-1,7.670151591E-1
6.698483700E1,-7.846280336E-1,-4.509662986E-1,7.890424728E-1
6.699481400E1,-7.852533460E-1,-3.958897293E-1,7.915141582E-1
6.700479000E1,-7.773193121E-1,-3.706031144E-1,7.854430676E-1
6.701476700E1,-7.649087310E-1,-3.483385742E-1,7.793577313E-1
6.702474300E1,-7.530571818E-1,-3.466242552E-1,7.680780292E-1
6.703472000E1,-7.498259544E-1,-3.168187141E-1,7.567116618E-1
6.704469700E1,-7.517253160E-1,-2.901713848E-1,7.353155613E-1
6.705467300E1,-7.524433136E-1,-2.887303531E-1,7.168518305E-1
6.706465000E1,-7.264148593E-1,-2.922862768E-1,7.076758146E-1
6.707462600E1,-6.918233037E-1,-3.079161048E-1,6.946620345E-1
6.708460300E1,-6.685366035E-1,-3.261277080E-1,6.827679276E-1
6.709458000E1,-6.454887986E-1,-3.344407380E-1,6.758786440E-1
6.710455600E1,-6.173396707E-1,-3.498336673E-1,6.701248884E-1
6.711453300E1,-5.808599591E-1,-3.624898195E-1,6.733886003E-1
6.712450900E1,-5.469878912E-1,-3.856835067E-1,6.782804728E-1
6.713448600E1,-5.261178017E-1,-4.124991596E-1,6.958296895E-1
6.714446200E1,-5.144643188E-1,-4.208362401E-1,7.095615864E-1
6.715443900E1,-5.225289464E-1,-4.347757697E-1,7.185305357E-1
6.716441600E1,-5.351294279E-1,-4.557132721E-1,7.341420054E-1
6.717439200E1,-5.433508754E-1,-4.629943669E-1,7.522837520E-1
6.718436900E1,-5.554274321E-1,-4.593018293E-1,7.692630291E-1
6.719434500E1,-5.862202048E-1,-4.694671333E-1,7.769598365E-1
6.720432200E1,-6.222329736E-1,-4.966129959E-1,7.839303017E-1
6.721429900E1,-6.388660073E-1,-5.117114782E-1,7.855937481E-1
6.722427500E1,-6.474931836E-1,-5.329318047E-1,7.862372994E-1
6.723425200E1,-6.448348165E-1,-5.570152998E-1,7.876120210E-1
6.724422800E1,-6.316081285E-1,-5.631405711E-1,7.975263596E-1
6.725420500E1,-6.039722562E-1,-5.520375967E-1,8.178616762E-1
6.726418200E1,-5.704115629E-1,-5.401401520E-1,8.386269808E-1
6.727415800E1,-5.552568436E-1,-5.559026003E-1,8.444401622E-1
6.728413500E1,-5.332410932E-1,-5.608528852E-1,8.566418290E-1
6.729411100E1,-5.112194419E-1,-5.327118039E-1,8.667788506E-1
6.730408800E1,-5.055757761E-1,-5.395503044E-1,8.596225977E-1
6.731406500E1,-5.005497932E-1,-5.590172410E-1,8.459736109E-1
6.732404100E1,-5.084643364E-1,-5.567563772E-1,8.426258564E-1
6.733401800E1,-5.564465523E-1,-4.476144314E-1,8.973495364E-1
6.734399400E1,-5.589563251E-1,-4.779367745E-1,8.947101831E-1
6.735397100E1,-5.775878429E-1,-5.052581429E-1,8.836796284E-1
6.736394800E1,-5.729542375E-1,-5.423330665E-1,8.950008154E-1
6.737392400E1,-5.792904496E-1,-5.465919971E-1,8.972139359E-1
6.738390100E1,-5.899753571E-1,-5.681878924E-1,8.978480697E-1
6.739387700E1,-5.787793994E-1,-5.808022618E-1,9.075651169E-1
6.740385400E1,-5.490109921E-1,-6.013436317E-1,9.216042161E-1
6.741383100E1,-5.051998496E-1,-6.273182631E-1,9.392559528E-1
6.742380700E1,-4.908164740E-1,-6.342251301E-1,9.308775663E-1
6.743378400E1,-5.062910914E-1,-6.581038833E-1,9.057996869E-1
6.744376000E1,-4.826497734E-1,-6.922820807E-1,9.164674282E-1
6.745373700E1,-4.610099792E-1,-7.196031809E-1,9.118809104E-1
6.746371400E1,-4.502081275E-1,-7.738668323E-1,9.038663507E-1
6.747369000E1,-4.589297175E-1,-8.085502386E-1,8.975048661E-1
6.748366700E1,-4.504144788E-1,-8.298642635E-1,8.990989327E-1
6.749364300E1,-4.277232587E-1,-8.419347405E-1,9.127273560E-1
6.750362000E1,-4.188509881E-1,-8.319916129E-1,9.123851657E-1
6.751359600E1,-4.248065948E-1,-8.345098495E-1,9.138067961E-1
6.752357300E1,-4.116805494E-1,-8.099735379E-1,9.238806963E-1
6.753355000E1,-4.038518965E-1,-7.905910611E-1,9.232473969E-1
6.754352600E1,-3.903003335E-1,-7.799281478E-1,9.270243645E-1
6.755350300E1,-3.819020391E-1,-7.684973478E-1,9.324502945E-1
6.756347900E1,-3.708928525E-1,-7.577807903E-1,9.469491243E-1
6.757345600E1,-3.404832780E-1,-7.513497472E-1,9.523063302E-1
6.758343300E1,-3.361304700E-1,-7.384631038E-1,9.444415569E-1
6.759340900E1,-3.213951886E-1,-7.292847633E-1,9.474484921E-1
6.760338600E1,-3.133333027E-1,-7.054055929E-1,9.452927709E-1
6.761336200E1,-3.096096814E-1,-7.067224979E-1,9.459550977E-1
6.762333900E1,-2.841201723E-1,-7.150372863E-1,9.525874257E-1
6.763331600E1,-2.826682031E-1,-7.119357586E-1,9.543826580E-1
6.764329200E1,-2.801122367E-1,-7.129147053E-1,9.635971785E-1
6.765326900E1,-2.684531808E-1,-6.926928163E-1,9.751478434E-1
6.766324500E1,-2.705296576E-1,-6.841376424E-1,9.856396317E-1
6.767322150E1,-2.606288195E-1,-6.570530534E-1,1.006274581E0
6.768319850E1,-2.628083825E-1,-6.645386815E-1,1.010763645E0
6.769317450E1,-2.578381300E-1,-6.721856594E-1,1.025862217E0
6.770315150E1,-2.450595200E-1,-6.278707981E-1,1.045528054E0
6.771312750E1,-2.566879392E-1,-6.173673272E-1,1.047873497E0
6.772310450E1,-2.625562847E-1,-6.027731895E-1,1.048187733E0
6.773308150E1,-2.714187503E-1,-5.760025382E-1,1.039333224E0
6.774305750E1,-2.763404548E-1,-5.564799309E-1,1.041966677E0
6.775303450E1,-2.623572648E-1,-5.528481603E-1,1.043365359E0
6.776301050E1,-2.606095970E-1,-5.565830469E-1,1.041492343E0
6.777298750E1,-2.554542422E-1,-5.269260406E-1,1.064985394E0
6.778296450E1,-2.519048452E-1,-5.236927867E-1,1.067703605E0
6.779294050E1,-2.466104925E-1,-5.510176420E-1,1.063298464E0
6.780291750E1,-2.320117950E-1,-5.474431515E-1,1.061155915E0
6.781289350E1,-2.304847389E-1,-5.490176082E-1,1.050816655E0
6.782287050E1,-1.996303201E-1,-5.943412185E-1,1.052237034E0
6.783284750E1,-2.015864104E-1,-6.090517044E-1,1.034148335E0
6.784282350E1,-2.113597840E-1,-6.327429414E-1,1.016405821E0
6.785280050E1,-1.925184578E-1,-6.481245756E-1,1.020532608E0
6.786277650E1,-1.853759736E-1,-6.622710824E-1,1.023383498E0
6.787275350E1,-1.621036828E-1,-6.743572950E-1,1.033093333E0
6.788273050E1,-1.546551585E-1,-6.698261499E-1,1.035782695E0
6.789270650E1,-1.474313438E-1,-6.775959730E-1,1.040565252E0
6.790268350E1,-1.330638677E-1,-6.554864645E-1,1.050096273E0
6.791265950E1,-1.238823459E-1,-6.495726705E-1,1.049520731E0
6.792263650E1,-1.203181073E-1,-6.565974355E-1,1.050011635E0
6.793261350E1,-1.113126278E-1,-6.539036632E-1,1.046881557E0
6.794258950E1,-1.143900231E-1,-6.496800184E-1,1.043837547E0
6.795256650E1,-1.189951673E-1,-6.484016776E-1,1.041843653E0
6.796254250E1,-1.196140498E-1,-6.472878456E-1,1.040525079E0
6.797251950E1,-1.114511937E-1,-6.267285347E-1,1.051281333E0
6.798249650E1,-1.009567603E-1,-6.151614189E-1,1.056689858E0
6.799247250E1,-9.887257218E-2,-6.291507483E-1,1.051504970E0
6.800244950E1,-9.730530530E-2,-6.251060367E-1,1.051770210E0
6.801242550E1,-8.289520442E-2,-6.017093658E-1,1.058313608E0
6.802240250E1,-7.780896127E-2,-5.860829949E-1,1.069461584E0
6.803237950E1,-7.266932726E-2,-5.813231468E-1,1.072442293E0
6.804235550E1,-7.052038610E-2,-5.896542668E-1,1.065847158E0
6.805233250E1,-7.628293335E-2,-5.828781128E-1,1.065465450E0
6.806230850E1,-7.399671525E-2,-5.763627887E-1,1.066792130E0
6.807228550E1,-7.534081489E-2,-5.669266582E-1,1.071296096E0
6.808226250E1,-7.451380789E-2,-5.553971529E-1,1.077293396E0
6.809223850E1,-6.916298717E-2,-5.585442185E-1,1.073877335E0
6.810221550E1,-6.831531227E-2,-5.466032624E-1,1.075842738E0
6.811219150E1,-7.229514420E-2,-5.254811645E-1,1.077399135E0
6.812216850E1,-7.568741590E-2,-5.052186251E-1,1.080256820E0
6.813214550E1,-7.385702431E-2,-4.805329740E-1,1.089864731E0
6.814212150E1,-6.245468557E-2,-4.857752919E-1,1.091367006E0
6.815209850E1,-5.745087191E-2,-4.827717543E-1,1.088035703E0
6.816207450E1,-6.170083955E-2,-4.697911441E-1,1.078084946E0
6.817205150E1,-5.928375572E-2,-4.535104334E-1,1.082720160E0
6.818202850E1,-4.328630865E-2,-4.331543446E-1,1.092629313E0
6.819200450E1,-3.086213022E-2,-4.259172082E-1,1.091589093E0
6.820198150E1,-3.463305905E-2,-4.281937778E-1,1.085597277E0
6.821195750E1,-3.333370388E-2,-4.235212505E-1,1.082961559E0
6.822193450E1,-2.374148369E-2,-4.250767529E-1,1.082020283E0
6.823191150E1,-2.067299001E-2,-4.226655066E-1,1.084786057E0
6.824188750E1,-2.048738301E-2,-4.346884787E-1,1.075885534E0
6.825186450E1,-2.447387017E-2,-4.408952594E-1,1.070528030E0
6.826184050E1,-2.760055661E-2,-4.261275828E-1,1.073703051E0
6.827181750E1,-2.996304631E-2,-4.161841273E-1,1.073808432E0
6.828179450E1,-3.710035607E-2,-4.079810381E-1,1.077941060E0
6.829177050E1,-3.220280260E-2,-4.161641300E-1,1.081413746E0
6.830174750E1,-2.909691259E-2,-4.290912151E-1,1.084248781E0
6.831172350E1,-3.114381805E-2,-4.214889705E-1,1.088135958E0
6.832170050E1,-3.268662095E-2,-4.290246069E-1,1.080173373E0
6.833167750E1,-3.004742973E-2,-4.349517226E-1,1.080194831E0
6.834165350E1,-1.667364873E-2,-4.084245563E-1,1.083780766E0
6.835163050E1,-1.713943668E-2,-4.206817448E-1,1.079644322E0
6.836160650E1,-1.725499891E-2,-4.072169363E-1,1.084909320E0
6.837158350E1,-1.528106444E-2,-4.065740705E-1,1.078873873E0
6.838156050E1,-1.511756331E-2,-3.952810466E-1,1.081957579E0
6.839153650E1,-1.506536547E-2,-3.654182255E-1,1.084676623E0
6.840151350E1,-1.705899090E-2,-3.849356174E-1,1.075428009E0
6.841148950E1,-1.211376674E-2,-3.827387691E-1,1.080321193E0
6.842146650E1,-1.647794992E-2,-3.633330166E-1,1.072212338E0
6.843144250E1,-3.186196834E-2,-3.508566320E-1,1.067372561E0
6.844141950E1,-3.013193049E-2,-3.123919368E-1,1.074346304E0
6.845139650E1,-2.161886916E-2,-3.121762276E-1,1.074610233E0
6.846137250E1,-1.553461049E-2,-3.142113984E-1,1.076347947E0
6.847134950E1,-2.363914438E-2,-2.944800556E-1,1.070443392E0
6.848132650E1,-3.306471184E-2,-2.934292257E-1,1.068227291E0
6.849130250E1,-2.765876055E-2,-2.534775436E-1,1.079255939E0
6.850127950E1,-2.597670816E-2,-2.419252843E-1,1.078910232E0
6.851125550E1,-2.878767438E-2,-2.385776788E-1,1.077880383E0
6.852123250E1,-2.592525817E-2,-2.077016979E-1,1.081286788E0
6.853120950E1,-3.051548265E-2,-1.931770891E-1,1.084989667E0
6.854118550E1,-3.390710801E-2,-1.713839620E-1,1.090521455E0
6.855116250E1,-3.382747620E-2,-1.689974964E-1,1.087385893E0
6.856113850E1,-2.195630409E-2,-1.824559569E-1,1.085908651E0
6.857111550E1,-2.142180689E-2,-1.642702967E-1,1.086943626E0
6.858109250E1,-3.993153200E-2,-1.613468826E-1,1.080353022E0
6.859106850E1,-4.457794875E-2,-1.440296769E-1,1.087383509E0
6.860104550E1,-4.202315956E-2,-1.142945662E-1,1.089068413E0
6.861102150E1,-4.857160524E-2,-1.401378810E-1,1.081681013E0
6.862099850E1,-4.761406034E-2,-1.283968836E-1,1.088778853E0
6.863097550E1,-5.571858957E-2,-1.101552844E-1,1.085510969E0
6.864095150E1,-5.838719383E-2,-1.092908159E-1,1.091409683E0
6.865092850E1,-5.067174882E-2,-8.334071189E-2,1.095436215E0
6.866090450E1,-4.872747883E-2,-1.173345894E-1,1.083413839E0
6.867088150E1,-4.604647681E-2,-1.172541603E-1,1.085477591E0
6.868085817E1,-4.948784411E-2,-1.168277264E-1,1.074707985E0
6.869083417E1,-6.767509878E-2,-1.580204219E-1,1.068871379E0
6.870081117E1,-6.702744961E-2,-1.431540102E-1,1.079804540E0
6.871078717E1,-6.417440623E-2,-1.339882016E-1,1.081710100E0
6.872076417E1,-7.051593065E-2,-1.336921602E-1,1.088810921E0
6.873074117E1,-7.499696314E-2,-1.111879125E-1,1.090863943E0
6.874071717E1,-8.125160635E-2,-1.479510814E-1,1.080930471E0
6.875069417E1,-7.078644633E-2,-1.391152442E-1,1.091874719E0
6.876067017E1,-6.968424469E-2,-1.208411902E-1,1.091790915E0
6.877064717E1,-8.558571339E-2,-1.154464260E-1,1.090336323E0
6.878062417E1,-8.882796764E-2,-1.085577086E-1,1.097497106E0
6.879060017E1,-8.421057463E-2,-1.199850664E-1,1.099943519E0
6.880057717E1,-8.420125395E-2,-1.156299934E-1,1.099490762E0
6.881055317E1,-9.712398052E-2,-8.805376291E-2,1.089908361E0
6.882053017E1,-1.024634764E-1,-9.835521132E-2,1.088066816E0
6.883050717E1,-8.777001500E-2,-6.680020690E-2,1.102375150E0
6.884048317E1,-9.518160671E-2,-4.974642023E-2,1.093232274E0
6.885046017E1,-1.099078283E-1,-5.704081804E-2,1.079732418E0
6.886043617E1,-1.043851227E-1,-3.782061487E-2,1.076427460E0
6.887041317E1,-9.342807531E-2,-2.276683412E-2,1.075783849E0
6.888039017E1,-9.324073046E-2,-2.671078779E-3,1.076695442E0
6.889036617E1,-9.877797216E-2,5.448899232E-3,1.071676970E0
6.890034317E1,-9.812942147E-2,-8.383835666E-3,1.071714044E0
6.891031917E1,-9.111358970E-2,3.209993988E-2,1.086477041E0
6.892029617E1,-1.034169644E-1,5.225274712E-2,1.081539035E0
6.893027317E1,-1.091656610E-1,2.927845158E-2,1.081805587E0
6.894024917E1,-9.595236927E-2,5.182462186E-2,1.088568091E0
6.895022617E1,-1.031402424E-1,5.243768170E-2,1.084781289E0
6.896020217E1,-1.202203259E-1,6.694699079E-2,1.082439899E0
6.897017917E1,-1.297158301E-1,7.867821306E-2,1.079105616E0
6.898015617E1,-1.366227865E-1,6.970170885E-2,1.085232377E0
6.899013217E1,-1.307073534E-1,9.984389693E-2,1.092759013E0
6.900010917E1,-1.420547962E-1,1.133820117E-1,1.079770923E0
6.901008517E1,-1.508767903E-1,1.023637131E-1,1.080758214E0
6.902006217E1,-1.396370977E-1,1.403515935E-1,1.084841132E0
6.903003917E1,-1.426472664E-1,1.309671402E-1,1.074286819E0
6.904001517E1,-1.452018172E-1,1.435002089E-1,1.073392391E0
6.904999217E1,-1.413921714E-1,1.616733521E-1,1.079668164E0
6.905996817E1,-1.377131492E-1,1.603874117E-1,1.082768321E0
6.906994517E1,-1.407896280E-1,1.731551439E-1,1.075605392E0
6.907992217E1,-1.531953514E-1,1.533381790E-1,1.061248422E0
6.908989817E1,-1.532637924E-1,1.681866348E-1,1.070318103E0
6.909987517E1,-1.484150589E-1,1.834789813E-1,1.071821332E0
6.910985117E1,-1.526705176E-1,1.659316719E-1,1.062816978E0
6.911982817E1,-1.648843288E-1,1.821139008E-1,1.065833807E0
6.912980517E1,-1.727739424E-1,2.013616413E-1,1.068769693E0
6.913978117E1,-1.683395654E-1,2.024127841E-1,1.075032473E0
6.914975817E1,-1.699656844E-1,2.084533721E-1,1.076648235E0
6.915973517E1,-1.844809800E-1,1.955580264E-1,1.067797899E0
6.916971117E1,-1.860442609E-1,2.048969269E-1,1.072657704E0
6.917968817E1,-1.860090047E-1,2.242169231E-1,1.078332543E0
6.918966417E1,-2.002076507E-1,2.167765796E-1,1.075559378E0
6.919964117E1,-2.048029006E-1,2.329841554E-1,1.079251647E0
6.920961817E1,-1.976323426E-1,2.360153645E-1,1.075738430E0
6.921959417E1,-2.010427415E-1,2.348285913E-1,1.074979663E0
6.922957117E1,-2.068178058E-1,2.545114756E-1,1.072086930E0
6.923954717E1,-2.177199572E-1,2.706281543E-1,1.065177560E0
6.924952417E1,-2.285648733E-1,2.889642715E-1,1.070822954E0
6.925950117E1,-2.290860116E-1,3.363578618E-1,1.073057413E0
6.926947717E1,-2.472682148E-1,3.407140076E-1,1.051870465E0
6.927945417E1,-2.641470730E-1,3.534345031E-1,1.045275450E0
6.928943017E1,-2.686792314E-1,3.919637799E-1,1.046404600E0
6.929940717E1,-2.715258896E-1,3.954960108E-1,1.056860089E0
6.930938417E1,-2.563916743E-1,4.063651860E-1,1.073276877E0
6.931936017E1,-2.429994941E-1,3.984329402E-1,1.071741939E0
6.932933717E1,-2.484336793E-1,3.815873861E-1,1.070495367E0
6.933931317E1,-2.458513379E-1,3.942861557E-1,1.074484825E0
6.934929017E1,-2.581878901E-1,3.814268112E-1,1.059399366E0
6.935926717E1,-2.661163807E-1,3.911916912E-1,1.063357353E0
6.936924317E1,-2.711798549E-1,4.097496569E-1,1.054895878E0
6.937922017E1,-2.954843938E-1,4.156243205E-1,1.048582077E0
6.938919617E1,-3.107962310E-1,4.504360855E-1,1.056561947E0
6.939917317E1,-3.299213350E-1,4.692913592E-1,1.050366402E0
6.940915017E1,-3.321224451E-1,4.945961833E-1,1.068638682E0
6.941912617E1,-3.318932354E-1,5.081794262E-1,1.073447227E0
6.942910317E1,-3.319302499E-1,4.874261916E-1,1.071163535E0
6.943908017E1,-3.421160281E-1,5.022059679E-1,1.065090418E0
6.944905617E1,-3.696746826E-1,5.060169697E-1,1.051013947E0
6.945903317E1,-3.758778572E-1,5.271901488E-1,1.059646845E0
6.946900917E1,-3.504981995E-1,5.538265705E-1,1.072388530E0
6.947898617E1,-3.444069326E-1,5.464877486E-1,1.058400035E0
6.948896317E1,-3.510901332E-1,5.443787575E-1,1.049391389E0
6.949893917E1,-3.596114516E-1,5.608282685E-1,1.041912198E0
6.950891617E1,-3.636810482E-1,5.953587890E-1,1.039786458E0
6.951889217E1,-3.696781695E-1,6.482306719E-1,1.041435361E0
6.952886917E1,-3.764913380E-1,6.503923535E-1,1.025067329E0
6.953884617E1,-3.671643734E-1,6.388396025E-1,1.020417452E0
6.954882217E1,-3.599773049E-1,6.624775529E-1,1.016838670E0
6.955879917E1,-4.042469859E-1,6.841102242E-1,1.001777411E0
6.956877517E1,-4.316559732E-1,6.979616284E-1,1.005882144E0
6.957875217E1,-4.174901247E-1,6.989496946E-1,1.011298656E0
6.958872917E1,-4.062078893E-1,6.916379929E-1,1.011040092E0
6.959870517E1,-4.087866247E-1,6.872608662E-1,1.002066374E0
6.960868217E1,-4.301643670E-1,6.760447025E-1,9.875491858E-1
6.961865817E1,-4.405001700E-1,6.853772402E-1,1.001721859E0
6.962863517E1,-4.352084696E-1,7.191495895E-1,1.007472515E0
6.963861217E1,-4.422237277E-1,6.883561015E-1,1.000400543E0
6.964858817E1,-4.518446624E-1,6.695823669E-1,1.004261971E0
6.965856517E1,-4.573599994E-1,6.519595981E-1,9.989711046E-1
6.966854117E1,-4.635494649E-1,6.688624024E-1,1.007308960E0
6.967851854E1,-4.737007320E-1,6.461070180E-1,9.966888428E-1
6.968849554E1,-4.815038145E-1,6.154332757E-1,9.902783632E-1
6.969847154E1,-4.871203005E-1,6.233006120E-1,1.002405643E0
6.970844854E1,-4.924271703E-1,6.385405064E-1,9.968880415E-1
6.971842454E1,-5.187945962E-1,6.206674576E-1,9.837613106E-1
6.972840154E1,-5.272168517E-1,6.313672662E-1,9.984723330E-1
6.973837854E1,-5.201567411E-1,6.437317133E-1,1.001779318E0
6.974835454E1,-5.246953368E-1,6.548320055E-1,9.967802763E-1
6.975833154E1,-5.448125005E-1,6.520165801E-1,9.872527122E-1
6.976830854E1,-5.554462075E-1,6.369249821E-1,9.766791463E-1
6.977828454E1,-5.565503836E-1,6.860371828E-1,9.884049296E-1
6.978826154E1,-5.487225652E-1,6.879282594E-1,9.775863290E-1
6.979823754E1,-5.473917723E-1,6.503199935E-1,9.600203037E-1
6.980821454E1,-5.579072833E-1,6.537956595E-1,9.609808922E-1
6.981819154E1,-5.642779469E-1,6.743955016E-1,9.553744197E-1
6.982816754E1,-5.826529264E-1,7.120435238E-1,9.499549270E-1
6.983814454E1,-5.865039825E-1,7.104970813E-1,9.508121610E-1
6.984812054E1,-5.849287510E-1,7.002719045E-1,9.483468533E-1
6.985809754E1,-5.767878890E-1,7.054046392E-1,9.476331472E-1
6.986807454E1,-5.831992030E-1,7.005752325E-1,9.298214316E-1
6.987805054E1,-5.967441201E-1,6.698598266E-1,9.149460196E-1
6.988802754E1,-5.966644883E-1,6.693831682E-1,9.231131673E-1
6.989800354E1,-5.875619650E-1,6.899821758E-1,9.287997484E-1
6.990798054E1,-5.880093575E-1,6.711445451E-1,9.139465094E-1
6.991795754E1,-5.918914080E-1,6.398811340E-1,9.061870575E-1
6.992793354E1,-5.874583125E-1,6.167324185E-1,9.138902426E-1
6.993791054E1,-5.932357311E-1,6.426494718E-1,9.143642783E-1
6.994788654E1,-6.092429161E-1,6.316698194E-1,9.060599804E-1
6.995786354E1,-6.180748940E-1,6.059509516E-1,9.050301313E-1
6.996784054E1,-6.148828268E-1,5.786644816E-1,9.083036780E-1
6.997781654E1,-6.141326427E-1,5.465765595E-1,8.955503702E-1
6.998779354E1,-6.283685565E-1,5.340669155E-1,8.926272988E-1
6.999777054E1,-6.402518153E-1,5.244657397E-1,9.020670652E-1
7.000774654E1,-6.337733865E-1,5.174054503E-1,9.129312038E-1
7.001772354E1,-6.309778690E-1,4.920257628E-1,9.092841744E-1
7.002769954E1,-6.407428980E-1,4.442161620E-1,8.981678486E-1
7.003767654E1,-6.474882364E-1,4.291656911E-1,9.064153433E-1
7.004765354E1,-6.524070501E-1,4.557333887E-1,9.198523164E-1
7.005762954E1,-6.575015187E-1,4.629628956E-1,9.211331606E-1
7.006760654E1,-6.587681174E-1,4.462297261E-1,9.141498208E-1
7.007758254E1,-6.625613570E-1,4.170297682E-1,8.999888301E-1
7.008755954E1,-6.646023989E-1,4.151708782E-1,9.016450644E-1
7.009753654E1,-6.657702923E-1,4.270971119E-1,8.972710371E-1
7.010751254E1,-6.693087816E-1,4.079875946E-1,8.920565844E-1
7.011748954E1,-6.573571563E-1,3.855056167E-1,8.928130269E-1
7.012746654E1,-6.486688852E-1,3.724020720E-1,8.847711086E-1
7.013744254E1,-6.590695977E-1,3.526164889E-1,8.699792027E-1
7.014741954E1,-6.689938903E-1,3.453891873E-1,8.644286394E-1
7.015739554E1,-6.706522703E-1,3.409684300E-1,8.661177158E-1
7.016737254E1,-6.581338048E-1,3.392214179E-1,8.704437017E-1
7.017734954E1,-6.522075534E-1,3.240095377E-1,8.690457940E-1
7.018732554E1,-6.576369405E-1,2.831451893E-1,8.613982797E-1
7.019730254E1,-6.589183807E-1,2.491368800E-1,8.642156720E-1
7.020727854E1,-6.598944664E-1,2.323400676E-1,8.615165353E-1
7.021725554E1,-6.660526395E-1,2.036956251E-1,8.498091102E-1
7.022723254E1,-6.639860272E-1,1.690638810E-1,8.517902493E-1
7.023720854E1,-6.561481953E-1,1.465773284E-1,8.524929881E-1
7.024718554E1,-6.593146920E-1,1.329901516E-1,8.471562862E-1
7.025716154E1,-6.720935702E-1,1.208494976E-1,8.385880589E-1
7.026713854E1,-6.766579747E-1,9.724696726E-2,8.419646621E-1
7.027711554E1,-6.572837830E-1,8.909194171E-2,8.544701338E-1
7.028709154E1,-6.411053538E-1,6.380203366E-2,8.519238830E-1
7.029706854E1,-6.369094849E-1,8.244002238E-3,8.490015268E-1
7.030704554E1,-6.292832494E-1,-2.570890449E-2,8.614992499E-1
7.031702154E1,-6.340252757E-1,-2.486535907E-2,8.748315573E-1
7.032699854E1,-6.372842193E-1,-4.213755578E-2,8.826633692E-1
7.033697454E1,-6.472426057E-1,-7.623787969E-2,8.771026134E-1
7.034695154E1,-6.587578654E-1,-1.081420183E-1,8.736522198E-1
7.035692854E1,-6.641390920E-1,-9.253894538E-2,8.749207258E-1
7.036690454E1,-6.675596237E-1,-9.609666467E-2,8.681355119E-1
7.037688154E1,-6.610363126E-1,-1.163688824E-1,8.731027246E-1
7.038685754E1,-6.346880794E-1,-1.160256043E-1,8.870861530E-1
7.039683454E1,-6.174003482E-1,-1.207452342E-1,8.858093023E-1
7.040681154E1,-6.101096869E-1,-1.318756491E-1,8.773747683E-1
7.041678754E1,-6.147214174E-1,-1.386284977E-1,8.702143431E-1
7.042676454E1,-6.227594018E-1,-1.200662702E-1,8.774949312E-1
7.043674054E1,-6.158767939E-1,-1.057699621E-1,8.787425160E-1
7.044671754E1,-6.137582660E-1,-1.169392616E-1,8.671090007E-1
7.045669454E1,-6.154133677E-1,-1.540276110E-1,8.553577065E-1
7.046667054E1,-6.120558977E-1,-1.669375449E-1,8.549246788E-1
7.047664754E1,-5.988522768E-1,-1.738756895E-1,8.524146080E-1
7.048662454E1,-5.855806470E-1,-1.950962842E-1,8.536274433E-1
7.049660054E1,-5.633093715E-1,-2.356874645E-1,8.579505086E-1
7.050657754E1,-5.536738038E-1,-2.599411309E-1,8.651673794E-1
7.051655354E1,-5.526445508E-1,-2.891623080E-1,8.686333299E-1
7.052653054E1,-5.530088544E-1,-3.229983151E-1,8.665975928E-1
7.053650754E1,-5.567516088E-1,-3.589703739E-1,8.673568368E-1
7.054648354E1,-5.399838090E-1,-3.907770216E-1,8.694090247E-1
7.055646054E1,-5.376108885E-1,-4.035340846E-1,8.754110336E-1
7.056643654E1,-5.513245463E-1,-4.207463861E-1,8.809325695E-1
7.057641354E1,-5.618162751E-1,-4.320448637E-1,8.879066706E-1
7.058639054E1,-5.676152706E-1,-4.421835244E-1,9.010003805E-1
7.059636654E1,-5.612936616E-1,-4.305076003E-1,9.175220132E-1
7.060634354E1,-5.651946664E-1,-4.054006636E-1,9.210991263E-1
7.061632054E1,-5.765649676E-1,-3.840492368E-1,9.161853194E-1
7.062629654E1,-5.703119040E-1,-3.865430057E-1,9.102773070E-1
7.063627354E1,-5.508199930E-1,-4.068365097E-1,9.083575010E-1
7.064624954E1,-5.284233689E-1,-4.268775880E-1,9.102012515E-1
7.065622654E1,-5.171741843E-1,-4.265024364E-1,9.092069268E-1
7.066620354E1,-5.179800391E-1,-4.358514845E-1,9.008696079E-1
7.067617929E1,-5.141251683E-1,-4.425076842E-1,8.958553076E-1
7.068615629E1,-5.019060969E-1,-4.630246758E-1,8.903779387E-1
7.069613229E1,-4.881036282E-1,-4.924413860E-1,8.899341226E-1
7.070610929E1,-4.707174301E-1,-4.976659715E-1,9.023404121E-1
7.071608629E1,-4.683212638E-1,-4.998514652E-1,9.020006061E-1
7.072606229E1,-4.677899778E-1,-5.043191910E-1,9.033479095E-1
7.073603929E1,-4.579389393E-1,-5.227083564E-1,9.012443423E-1
7.074601629E1,-4.479156137E-1,-5.427864194E-1,9.115830064E-1
7.075599229E1,-4.393506944E-1,-5.445548296E-1,9.303002954E-1
7.076596929E1,-4.344124198E-1,-5.618709326E-1,9.320220351E-1
7.077594529E1,-4.405587912E-1,-5.822374225E-1,9.337998629E-1
7.078592229E1,-4.493823647E-1,-5.927885771E-1,9.332445860E-1
7.079589929E1,-4.631985128E-1,-5.963299274E-1,9.323249459E-1
7.080587529E1,-4.668070972E-1,-5.971211791E-1,9.439752102E-1
7.081585229E1,-4.661048949E-1,-6.070371270E-1,9.461023808E-1
7.082582829E1,-4.600445926E-1,-6.208403111E-1,9.497868419E-1
7.083580529E1,-4.458934069E-1,-6.387879848E-1,9.599157572E-1
7.084578229E1,-4.417772293E-1,-6.459476352E-1,9.626238942E-1
7.085575829E1,-4.514224529E-1,-6.357970238E-1,9.623672366E-1
7.086573529E1,-4.522834718E-1,-6.291189194E-1,9.721192122E-1
7.087571229E1,-4.486116171E-1,-6.210877895E-1,9.740862846E-1
7.088568829E1,-4.475485086E-1,-6.444922090E-1,9.706052542E-1
7.089566529E1,-4.368960261E-1,-6.705684662E-1,9.675078392E-1
7.090564129E1,-4.347753525E-1,-6.614996195E-1,9.725494385E-1
7.091561829E1,-4.308548570E-1,-6.338679194E-1,9.894420505E-1
7.092559529E1,-4.271078110E-1,-6.296002269E-1,9.922956228E-1
7.093557129E1,-4.254322648E-1,-6.404071450E-1,9.850276113E-1
7.094554829E1,-4.151846766E-1,-6.600402594E-1,9.798032641E-1
7.095552429E1,-3.984851837E-1,-6.569620371E-1,9.847894311E-1
7.096550129E1,-4.001137018E-1,-6.473919153E-1,9.866174459E-1
7.097547829E1,-3.985714912E-1,-6.391689181E-1,9.980177283E-1
7.098545429E1,-3.948787749E-1,-6.339778900E-1,9.938280582E-1
7.099543129E1,-3.817992508E-1,-6.499990225E-1,9.902859330E-1
7.100540829E1,-3.732252121E-1,-6.498639584E-1,9.927136898E-1
7.101538429E1,-3.835080862E-1,-6.406908035E-1,9.914811850E-1
7.102536129E1,-3.781319559E-1,-6.296613216E-1,9.973763824E-1
7.103533729E1,-3.665887117E-1,-6.348355412E-1,9.954547286E-1
7.104531429E1,-3.703860939E-1,-6.358363628E-1,9.941007495E-1
7.105529129E1,-3.626358509E-1,-6.404049397E-1,9.990246296E-1
7.106526729E1,-3.519240618E-1,-6.294907928E-1,1.001424909E0
7.107524429E1,-3.420983553E-1,-6.488090158E-1,1.004852176E0
7.108522029E1,-3.375187814E-1,-6.562653184E-1,1.005313396E0
7.109519729E1,-3.429695368E-1,-6.358688474E-1,1.005420685E0
7.110517429E1,-3.467573524E-1,-6.115235686E-1,1.010293365E0
7.111515029E1,-3.472966552E-1,-6.201040745E-1,1.007821441E0
7.112512729E1,-3.393937349E-1,-6.381376386E-1,1.008200645E0
7.113510429E1,-3.186942339E-1,-6.333248615E-1,1.019927979E0
7.114508029E1,-3.169104457E-1,-6.133170724E-1,1.026086569E0
7.115505729E1,-3.315418065E-1,-6.140738726E-1,1.024405241E0
7.116503329E1,-3.336768448E-1,-6.141250134E-1,1.028441548E0
7.117501029E1,-3.358814418E-1,-5.970636010E-1,1.035022259E0
7.118498729E1,-3.249409199E-1,-5.956497192E-1,1.039430857E0
7.119496329E1,-3.151517510E-1,-6.216386557E-1,1.034388304E0
7.120494029E1,-3.102835119E-1,-6.308870316E-1,1.037380576E0
7.121491729E1,-3.093427122E-1,-6.028202772E-1,1.044003367E0
7.122489329E1,-3.273619115E-1,-5.794920325E-1,1.045615911E0
7.123487029E1,-3.271359503E-1,-5.947273970E-1,1.043976665E0
7.124484629E1,-3.136856556E-1,-5.886875987E-1,1.044743419E0
7.125482329E1,-2.961220741E-1,-5.708039403E-1,1.048700571E0
7.126480029E1,-2.955926359E-1,-5.812792182E-1,1.043765545E0
7.127477629E1,-3.072290421E-1,-6.052327752E-1,1.037344098E0
7.128475329E1,-2.905808389E-1,-5.969468951E-1,1.037606597E0
7.129472929E1,-2.864814699E-1,-5.518057346E-1,1.043962598E0
7.130470629E1,-3.039033413E-1,-5.275190473E-1,1.041832805E0
7.131468329E1,-2.975894213E-1,-5.414170623E-1,1.040354729E0
7.132465929E1,-2.693452835E-1,-5.614643097E-1,1.040215611E0
7.133463629E1,-2.677527368E-1,-5.707262158E-1,1.033717275E0
7.134461329E1,-2.859594226E-1,-5.833506584E-1,1.028973699E0
7.135458929E1,-2.796129584E-1,-5.742116570E-1,1.040809155E0
7.136456629E1,-2.549406290E-1,-5.369032025E-1,1.061128020E0
7.137454229E1,-2.520513833E-1,-5.422101617E-1,1.055358410E0
7.138451929E1,-2.621849775E-1,-5.729488730E-1,1.044128656E0
7.139449629E1,-2.692514062E-1,-5.721447468E-1,1.043948650E0
7.140447229E1,-2.639988661E-1,-5.601909161E-1,1.056663156E0
7.141444929E1,-2.542840838E-1,-5.609510541E-1,1.055478930E0
7.142442529E1,-2.664765716E-1,-5.714497566E-1,1.044160485E0
7.143440229E1,-2.676070631E-1,-5.751276016E-1,1.050836086E0
7.144437929E1,-2.498605400E-1,-5.531450510E-1,1.065565705E0
7.145435529E1,-2.477926761E-1,-5.491735339E-1,1.064098835E0
7.146433229E1,-2.568450272E-1,-5.508313179E-1,1.059038520E0
7.147430929E1,-2.569179535E-1,-5.291665196E-1,1.066079021E0
7.148428529E1,-2.428988218E-1,-5.166952014E-1,1.076101065E0
7.149426229E1,-2.384169698E-1,-5.332181454E-1,1.072848082E0
7.150423829E1,-2.505442202E-1,-5.376674533E-1,1.063573599E0
7.151421529E1,-2.635626495E-1,-4.999764562E-1,1.066195607E0
7.152419229E1,-2.591798604E-1,-4.705184102E-1,1.074455857E0
7.153416829E1,-2.613255382E-1,-4.654874504E-1,1.071360946E0
7.154414529E1,-2.608432174E-1,-4.883805215E-1,1.065262794E0
7.155412229E1,-2.475311309E-1,-4.805642366E-1,1.068060756E0
7.156409829E1,-2.474467158E-1,-4.632387757E-1,1.069178700E0
7.157407529E1,-2.545269728E-1,-4.519273937E-1,1.070147276E0
7.158405129E1,-2.509394288E-1,-4.515662789E-1,1.069864154E0
7.159402829E1,-2.354095578E-1,-4.438167810E-1,1.073034883E0
7.160400529E1,-2.251417488E-1,-4.560697079E-1,1.073261738E0
7.161398129E1,-2.307213098E-1,-4.493812025E-1,1.069783926E0
7.162395829E1,-2.474787235E-1,-4.440886974E-1,1.067761540E0
7.163393429E1,-2.483765930E-1,-4.123032689E-1,1.078401923E0
7.164391129E1,-2.368182093E-1,-4.029065669E-1,1.075042844E0
7.165388829E1,-2.306543589E-1,-4.410989285E-1,1.070579171E0
7.166386429E1,-2.220036089E-1,-4.587674141E-1,1.071362972E0
7.167384129E1,-2.274532616E-1,-4.445393980E-1,1.067097425E0
7.168381800E1,-2.369242758E-1,-4.164379835E-1,1.074653149E0
7.169379400E1,-2.356583476E-1,-4.055833220E-1,1.075604081E0
7.170377100E1,-2.282534391E-1,-4.130145907E-1,1.074422479E0
7.171374700E1,-2.172203511E-1,-4.172961712E-1,1.079615355E0
7.172372400E1,-2.168118209E-1,-4.111839533E-1,1.079367399E0
7.173370100E1,-2.272271663E-1,-4.082035124E-1,1.078382850E0
7.174367700E1,-2.235120535E-1,-4.011408091E-1,1.080378890E0
7.175365400E1,-2.202004492E-1,-4.003376365E-1,1.076646447E0
7.176363100E1,-2.188049555E-1,-4.030271471E-1,1.080104351E0
7.177360700E1,-2.151324004E-1,-4.027557671E-1,1.083227634E0
7.178358400E1,-2.221333086E-1,-3.932855725E-1,1.081977010E0
7.179356000E1,-2.320383638E-1,-3.808825612E-1,1.080958247E0
7.180353700E1,-2.338823378E-1,-3.784492314E-1,1.082149506E0
7.181351400E1,-2.251836956E-1,-3.953229785E-1,1.084087014E0
7.182349000E1,-2.166112512E-1,-4.089871049E-1,1.085488319E0
7.183346700E1,-2.213560790E-1,-4.070125520E-1,1.080578089E0
7.184344400E1,-2.323051244E-1,-3.785505295E-1,1.079796076E0
7.185342000E1,-2.312270105E-1,-3.622848988E-1,1.088336706E0
7.186339700E1,-2.192638367E-1,-3.569263816E-1,1.089231014E0
7.187337300E1,-2.189387828E-1,-3.724068105E-1,1.084959626E0
7.188335000E1,-2.192876637E-1,-3.847761154E-1,1.081892729E0
7.189332700E1,-2.261938453E-1,-3.707083762E-1,1.078537583E0
7.190330300E1,-2.339082360E-1,-3.382521570E-1,1.081293225E0
7.191328000E1,-2.341870219E-1,-3.110923469E-1,1.085904837E0
7.192325600E1,-2.242017686E-1,-3.179646134E-1,1.087670207E0
7.193323300E1,-2.163067758E-1,-3.262046874E-1,1.093007684E0
7.194321000E1,-2.190397233E-1,-3.104675412E-1,1.090397239E0
7.195318600E1,-2.425963879E-1,-2.931911647E-1,1.083017230E0
7.196316300E1,-2.421601564E-1,-2.776803970E-1,1.087171197E0
7.197314000E1,-2.299618870E-1,-2.629377544E-1,1.095573664E0
7.198311600E1,-2.274284214E-1,-2.637039423E-1,1.103108287E0
7.199309300E1,-2.308123559E-1,-2.522985041E-1,1.104054689E0
7.200306900E1,-2.412293106E-1,-2.572173476E-1,1.101138234E0
7.201304600E1,-2.425149530E-1,-2.485298514E-1,1.106559634E0
7.202302300E1,-2.324588597E-1,-2.488201410E-1,1.105101109E0
7.203299900E1,-2.310417145E-1,-2.588501275E-1,1.100888848E0
7.204297600E1,-2.265372425E-1,-2.563091815E-1,1.107090831E0
7.205295300E1,-2.274412513E-1,-2.361431271E-1,1.106332660E0
7.206292900E1,-2.405133843E-1,-2.096422762E-1,1.107204080E0
7.207290600E1,-2.471377999E-1,-1.983103752E-1,1.104829431E0
7.208288200E1,-2.437699735E-1,-2.061669677E-1,1.103810191E0
7.209285900E1,-2.355125397E-1,-2.134632170E-1,1.107753754E0
7.210283600E1,-2.369322777E-1,-2.046617419E-1,1.109139085E0
7.211281200E1,-2.503623068E-1,-1.969620883E-1,1.106173277E0
7.212278900E1,-2.557363212E-1,-1.709970683E-1,1.108565807E0
7.213276600E1,-2.525242269E-1,-1.588735133E-1,1.104637504E0
7.214274200E1,-2.434742600E-1,-1.728865355E-1,1.105901718E0
7.215271900E1,-2.360610068E-1,-1.685246676E-1,1.110642314E0
7.216269500E1,-2.400901020E-1,-1.611913890E-1,1.103484511E0
7.217267200E1,-2.463364750E-1,-1.323843896E-1,1.104149103E0
7.218264900E1,-2.490379959E-1,-1.194414198E-1,1.103705406E0
7.219262500E1,-2.449742854E-1,-1.161901802E-1,1.101965308E0
7.220260200E1,-2.386002690E-1,-1.162415892E-1,1.100246787E0
7.221257900E1,-2.399565428E-1,-1.062452421E-1,1.097114444E0
7.222255500E1,-2.393091321E-1,-8.940660954E-2,1.097748041E0
7.223253200E1,-2.446451932E-1,-6.231845170E-2,1.095198274E0
7.224250800E1,-2.474958301E-1,-4.990359396E-2,1.091021061E0
7.225248500E1,-2.425152212E-1,-4.128153622E-2,1.098368883E0
7.226246200E1,-2.366978079E-1,-2.567434497E-2,1.102386236E0
7.227243800E1,-2.430830151E-1,-3.283025697E-2,1.092211366E0
7.228241500E1,-2.456180751E-1,-4.589306563E-2,1.091488123E0
7.229239100E1,-2.421743572E-1,-5.729776621E-2,1.094664574E0
7.230236800E1,-2.324133515E-1,-5.791535228E-2,1.101296663E0
7.231234500E1,-2.402323335E-1,-6.857609004E-2,1.100143194E0
7.232232100E1,-2.526271939E-1,-6.073893607E-2,1.107339859E0
7.233229800E1,-2.555306852E-1,-5.108785257E-2,1.110920548E0
7.234227500E1,-2.625555694E-1,-3.463297710E-2,1.109812975E0
7.235225100E1,-2.667118609E-1,-4.366315529E-2,1.106094599E0
7.236222800E1,-2.625911534E-1,-5.957447737E-2,1.106961012E0
7.237220400E1,-2.528386712E-1,-5.799759924E-2,1.114856720E0
7.238218100E1,-2.529635727E-1,-4.177442193E-2,1.116907835E0
7.239215800E1,-2.678430676E-1,-3.348857909E-2,1.109128356E0
7.240213400E1,-2.714958787E-1,-2.767010406E-2,1.110969663E0
7.241211100E1,-2.572095394E-1,-2.049558982E-2,1.117362976E0
7.242208800E1,-2.464527786E-1,-2.101543732E-2,1.116142750E0
7.243206400E1,-2.535862625E-1,-2.241836302E-2,1.107972503E0
7.244204100E1,-2.599131465E-1,-6.744521670E-4,1.105469942E0
7.245201800E1,-2.658033073E-1,1.981254295E-2,1.110577464E0
7.246199400E1,-2.699719667E-1,3.661229834E-2,1.110964656E0
7.247197100E1,-2.660635114E-1,1.811600477E-2,1.101997614E0
7.248194700E1,-2.551890314E-1,2.188624069E-2,1.108619809E0
7.249192400E1,-2.507682443E-1,4.982382059E-2,1.113113523E0
7.250190100E1,-2.558152080E-1,6.317850947E-2,1.110110879E0
7.251187700E1,-2.601918876E-1,5.748368427E-2,1.102361083E0
7.252185400E1,-2.529805601E-1,3.624417633E-2,1.098513007E0
7.253183100E1,-2.464414239E-1,5.014886707E-2,1.105700016E0
7.254180700E1,-2.478739470E-1,6.737180054E-2,1.107886195E0
7.255178400E1,-2.623465061E-1,7.214138657E-2,1.107353330E0
7.256176000E1,-2.586526871E-1,8.301454037E-2,1.117140174E0
7.257173700E1,-2.487284839E-1,9.395777434E-2,1.116627693E0
7.258171400E1,-2.572450042E-1,7.463786751E-2,1.103272676E0
7.259169000E1,-2.657377422E-1,8.562657982E-2,1.107517481E0
7.260166700E1,-2.569626272E-1,1.120230332E-1,1.122760892E0
7.261164400E1,-2.565279007E-1,1.185066476E-1,1.127234459E0
7.262162000E1,-2.634598315E-1,1.144682243E-1,1.116332054E0
7.263159700E1,-2.713134587E-1,1.061227620E-1,1.107112527E0
7.264157300E1,-2.563464940E-1,1.214295477E-1,1.123890996E0
7.265155000E1,-2.520965040E-1,1.471403092E-1,1.130547285E0
7.266152700E1,-2.620849311E-1,1.525547802E-1,1.129235148E0
7.267150300E1,-2.714028656E-1,1.643071473E-1,1.124473095E0
7.268148079E1,-2.623470724E-1,1.590580493E-1,1.121104956E0
7.269145679E1,-2.611026764E-1,1.678356975E-1,1.114997506E0
7.270143379E1,-2.753609717E-1,1.866815537E-1,1.111080527E0
7.271141079E1,-2.795664072E-1,2.157265991E-1,1.111045718E0
7.272138679E1,-2.621850073E-1,2.354281247E-1,1.119287372E0
7.273136379E1,-2.511623800E-1,2.331049442E-1,1.111350179E0
7.274134079E1,-2.597665191E-1,2.323731035E-1,1.097229600E0
7.275131679E1,-2.595586181E-1,2.409855872E-1,1.100289226E0
7.276129379E1,-2.406030446E-1,2.523764670E-1,1.109621167E0
7.277127079E1,-2.342899591E-1,2.575154305E-1,1.103754640E0
7.278124679E1,-2.436206192E-1,2.533819377E-1,1.095393419E0
7.279122379E1,-2.359761000E-1,2.492315173E-1,1.096676230E0
7.280119979E1,-2.255021483E-1,2.371618152E-1,1.099233031E0
7.281117679E1,-2.363934070E-1,2.405979335E-1,1.103586197E0
7.282115379E1,-2.547961175E-1,2.835315466E-1,1.106336713E0
7.283112979E1,-2.605975568E-1,3.027074933E-1,1.109146953E0
7.284110679E1,-2.461466789E-1,2.861706018E-1,1.111926556E0
7.285108379E1,-2.413769066E-1,2.603093684E-1,1.098997116E0
7.286105979E1,-2.649748921E-1,2.437604815E-1,1.099152207E0
7.287103679E1,-2.672097385E-1,3.109066784E-1,1.125204325E0
7.288101279E1,-2.706547976E-1,3.322625756E-1,1.125777721E0
7.289098979E1,-2.817292809E-1,3.087123036E-1,1.115263820E0
7.290096679E1,-2.794765234E-1,3.081415892E-1,1.115597486E0
7.291094279E1,-2.776163518E-1,2.923445702E-1,1.114639401E0
7.292091979E1,-2.735132277E-1,3.030416965E-1,1.131144404E0
7.293089679E1,-2.832115591E-1,3.388634324E-1,1.128541231E0
7.294087279E1,-2.998177111E-1,3.427367210E-1,1.117898464E0
7.295084979E1,-2.827706635E-1,3.506827056E-1,1.121821523E0
7.296082579E1,-2.698031962E-1,3.349844515E-1,1.108702779E0
7.297080279E1,-2.782094777E-1,3.100283742E-1,1.105500579E0
7.298077979E1,-2.760144770E-1,3.681571782E-1,1.126723289E0
7.299075579E1,-2.850741446E-1,4.135594666E-1,1.124173522E0
7.300073279E1,-2.922700047E-1,4.183472991E-1,1.113638401E0
7.301070979E1,-2.903972268E-1,4.036717415E-1,1.100243926E0
7.302068579E1,-2.812578082E-1,3.753434420E-1,1.092571139E0
7.303066279E1,-2.759953141E-1,4.041828215E-1,1.106151938E0
7.304063879E1,-2.935644388E-1,4.555261731E-1,1.108484387E0
7.305061579E1,-3.117282093E-1,4.667322636E-1,1.106226206E0
7.306059279E1,-2.959862649E-1,4.710974395E-1,1.109161019E0
7.307056879E1,-2.874552011E-1,4.487814009E-1,1.094517469E0
7.308054579E1,-2.934949696E-1,4.038525522E-1,1.091419220E0
7.309052279E1,-2.874862850E-1,4.128894806E-1,1.110488653E0
7.310049879E1,-2.932395339E-1,4.519769549E-1,1.123005033E0
7.311047579E1,-3.028824031E-1,4.542381763E-1,1.122336745E0
7.312045179E1,-3.007670641E-1,4.353196025E-1,1.108479857E0
7.313042879E1,-2.915555239E-1,3.901063800E-1,1.102148294E0
7.314040579E1,-2.792114913E-1,3.688301146E-1,1.111284256E0
7.315038179E1,-2.856106758E-1,3.950741291E-1,1.119200230E0
7.316035879E1,-3.124087453E-1,4.268949032E-1,1.112542868E0
7.317033579E1,-3.179280758E-1,4.267937243E-1,1.117801428E0
7.318031179E1,-2.997339070E-1,4.235436022E-1,1.118839979E0
7.319028879E1,-3.041838706E-1,4.057479501E-1,1.105921507E0
7.320026479E1,-3.161129653E-1,4.022815824E-1,1.109966040E0
7.321024179E1,-3.174426556E-1,4.431884289E-1,1.121507883E0
7.322021879E1,-3.254393339E-1,4.635685384E-1,1.123117924E0
7.323019479E1,-3.233978152E-1,4.504254758E-1,1.116480470E0
7.324017179E1,-3.186392784E-1,4.222279191E-1,1.108889103E0
7.325014879E1,-3.144528866E-1,3.970812857E-1,1.111070037E0
7.326012479E1,-3.162388206E-1,4.307897091E-1,1.118050933E0
7.327010179E1,-3.437696397E-1,4.600391388E-1,1.109882951E0
7.328007779E1,-3.518467546E-1,4.578905106E-1,1.109414816E0
7.329005479E1,-3.281384110E-1,4.563010335E-1,1.115256548E0
7.330003179E1,-3.206560016E-1,4.239665270E-1,1.104026556E0
7.331000779E1,-3.218600452E-1,4.123149514E-1,1.104508877E0
7.331998479E1,-3.303387463E-1,4.421625733E-1,1.110787272E0
7.332996179E1,-3.386811316E-1,4.765528738E-1,1.110484600E0
7.333993779E1,-3.333742321E-1,4.672376812E-1,1.111435652E0
7.334991479E1,-3.237131238E-1,4.330395460E-1,1.103183031E0
7.335989179E1,-3.290338516E-1,3.969947398E-1,1.102550030E0
7.336986779E1,-3.338869810E-1,4.252038300E-1,1.110932708E0
7.337984479E1,-3.461090028E-1,4.408603013E-1,1.104819655E0
7.338982079E1,-3.471921980E-1,4.309389293E-1,1.103216290E0
7.339979779E1,-3.246608078E-1,4.038862586E-1,1.102960467E0
7.340977479E1,-3.146576881E-1,3.686011136E-1,1.098871827E0
7.341975079E1,-3.190788031E-1,3.534080386E-1,1.103010654E0
7.342972779E1,-3.314516544E-1,3.613685668E-1,1.102893114E0
7.343970479E1,-3.450521529E-1,3.770623207E-1,1.097642422E0
7.344968079E1,-3.491491079E-1,3.818367720E-1,1.096348524E0
7.345965779E1,-3.385829926E-1,3.564808071E-1,1.096661448E0
7.346963379E1,-3.349826932E-1,3.214489222E-1,1.098991275E0
7.347961079E1,-3.432456851E-1,3.240311444E-1,1.103732944E0
7.348958779E1,-3.569214046E-1,3.488947153E-1,1.098243952E0
7.349956379E1,-3.658342063E-1,3.472816348E-1,1.094477773E0
7.350954079E1,-3.442853689E-1,3.153208494E-1,1.096411347E0
7.351951779E1,-3.287636638E-1,2.808968425E-1,1.096650243E0
7.352949379E1,-3.330505192E-1,2.787827253E-1,1.103372097E0
7.353947079E1,-3.442472517E-1,3.065919876E-1,1.106102109E0
7.354944679E1,-3.627094924E-1,3.214132488E-1,1.097926378E0
7.355942379E1,-3.550164104E-1,2.989681065E-1,1.092703462E0
7.356940079E1,-3.346761167E-1,2.633284628E-1,1.096008182E0
7.357937679E1,-3.276973069E-1,2.301113904E-1,1.103657007E0
7.358935379E1,-3.383845389E-1,2.285230756E-1,1.105819464E0
7.359933079E1,-3.589175045E-1,2.436657995E-1,1.095783830E0
7.360930679E1,-3.655734658E-1,2.439814806E-1,1.092174888E0
7.361928379E1,-3.470810056E-1,2.250557244E-1,1.097286463E0
7.362925979E1,-3.228256404E-1,1.801168323E-1,1.100992084E0
7.363923679E1,-3.179235756E-1,1.507791728E-1,1.109009027E0
7.364921379E1,-3.317056000E-1,1.576403826E-1,1.110187531E0
7.365918979E1,-3.508206904E-1,1.706208885E-1,1.097869635E0
7.366916679E1,-3.545680642E-1,1.731096208E-1,1.093127728E0
7.367914367E1,-3.428621590E-1,1.485044211E-1,1.096115232E0
7.368911967E1,-3.239499331E-1,1.185737327E-1,1.105059147E0
7.369909667E1,-3.224782944E-1,1.110148802E-1,1.110039830E0
7.370907267E1,-3.433954716E-1,1.150184497E-1,1.096429467E0
7.371904967E1,-3.570598960E-1,1.016421914E-1,1.082072973E0
7.372902667E1,-3.400499523E-1,8.185368031E-2,1.083012938E0
7.373900267E1,-3.110023141E-1,5.173705518E-2,1.095027447E0
7.374897967E1,-2.967472076E-1,2.829482779E-2,1.101287007E0
7.375895667E1,-3.109213412E-1,2.343109623E-2,1.098259211E0
7.376893267E1,-3.273994029E-1,2.053632215E-2,1.091576338E0
7.377890967E1,-3.276481628E-1,1.517031807E-2,1.089427710E0
7.378888667E1,-3.210197389E-1,-9.297054261E-3,1.087422252E0
7.379886267E1,-3.178857267E-1,-3.562613204E-2,1.095866799E0
7.380883967E1,-3.106471896E-1,-3.161456808E-2,1.108066320E0
7.381881567E1,-3.206004798E-1,-1.734588295E-2,1.097997665E0
7.382879267E1,-3.304129243E-1,-4.038148001E-2,1.083668590E0
7.383876967E1,-3.178811669E-1,-7.298869640E-2,1.084989309E0
7.384874567E1,-2.940744460E-1,-1.004903838E-1,1.098197460E0
7.385872267E1,-2.852244973E-1,-9.949942678E-2,1.112907887E0
7.386869967E1,-2.977076471E-1,-9.236874431E-2,1.108246922E0
7.387867567E1,-3.151857257E-1,-9.673099965E-2,1.093854666E0
7.388865267E1,-3.100324869E-1,-1.005927324E-1,1.092708349E0
7.389862867E1,-2.949203849E-1,-1.121114343E-1,1.094071388E0
7.390860567E1,-2.847433090E-1,-1.388577223E-1,1.100797296E0
7.391858267E1,-2.806436121E-1,-1.272580624E-1,1.110261679E0
7.392855867E1,-2.880206704E-1,-9.725870937E-2,1.106593013E0
7.393853567E1,-2.952269316E-1,-1.009466574E-1,1.088862181E0
7.394851267E1,-2.879824042E-1,-1.199109852E-1,1.077986836E0
7.395848867E1,-2.721349895E-1,-1.379222125E-1,1.089936733E0
7.396846567E1,-2.579986751E-1,-1.350180805E-1,1.109250188E0
7.397844167E1,-2.684627771E-1,-1.144789904E-1,1.106824875E0
7.398841867E1,-2.964184284E-1,-1.247908100E-1,1.083556890E0
7.399839567E1,-3.012834787E-1,-1.435194910E-1,1.080745697E0
7.400837167E1,-2.843636274E-1,-1.502229273E-1,1.089759946E0
7.401834867E1,-2.709175944E-1,-1.860344559E-1,1.095247865E0
7.402832567E1,-2.613313496E-1,-2.096270174E-1,1.104027271E0
7.403830167E1,-2.614365518E-1,-1.997954249E-1,1.104016066E0
7.404827867E1,-2.762170136E-1,-1.910967976E-1,1.094260216E0
7.405825567E1,-2.747810483E-1,-2.040131241E-1,1.090771437E0
7.406823167E1,-2.562575638E-1,-2.387975901E-1,1.093175769E0
7.407820867E1,-2.395411581E-1,-2.470509857E-1,1.110445380E0
7.408818467E1,-2.463597506E-1,-2.235720456E-1,1.115953684E0
7.409816167E1,-2.710706890E-1,-2.272000760E-1,1.100271463E0
7.410813867E1,-2.858993709E-1,-2.498499602E-1,1.089484453E0
7.411811467E1,-2.815245986E-1,-2.534140646E-1,1.094908834E0
7.412809167E1,-2.776775360E-1,-2.381104678E-1,1.108145237E0
7.413806867E1,-2.841612697E-1,-2.361756861E-1,1.114517093E0
7.414804467E1,-2.821845710E-1,-2.460411042E-1,1.110616088E0
7.415802167E1,-2.873990238E-1,-2.261622101E-1,1.103827477E0
7.416799767E1,-3.031881154E-1,-2.260592580E-1,1.093387365E0
7.417797467E1,-2.905535400E-1,-2.540242970E-1,1.092352509E0
7.418795167E1,-2.543307245E-1,-2.972153127E-1,1.106278419E0
7.419792767E1,-2.361019254E-1,-2.844081819E-1,1.120868325E0
7.420790467E1,-2.675524950E-1,-2.544233203E-1,1.103350520E0
7.421788167E1,-3.020252287E-1,-2.837484479E-1,1.088710070E0
7.422785767E1,-2.851913571E-1,-2.947561145E-1,1.102476120E0
7.423783467E1,-2.753853202E-1,-2.879621387E-1,1.110654950E0
7.424781067E1,-2.698614299E-1,-2.935291827E-1,1.115813851E0
7.425778767E1,-2.634520233E-1,-3.023013771E-1,1.116113424E0
7.426776467E1,-2.676105201E-1,-3.111175299E-1,1.103736877E0
7.427774067E1,-2.737182081E-1,-3.264051378E-1,1.092776060E0
7.428771767E1,-2.750159800E-1,-3.330473006E-1,1.088508725E0
7.429769467E1,-2.691908479E-1,-3.410197496E-1,1.100470901E0
7.430767067E1,-2.569712400E-1,-3.150776029E-1,1.124419808E0
7.431764767E1,-2.693360150E-1,-2.787201107E-1,1.116084099E0
7.432762467E1,-3.008623421E-1,-3.179804087E-1,1.084492564E0
7.433760067E1,-2.902185023E-1,-3.549829125E-1,1.086295247E0
7.434757767E1,-2.729538679E-1,-3.476788104E-1,1.101501584E0
7.435755367E1,-2.752404511E-1,-3.347768486E-1,1.113031030E0
7.436753067E1,-2.733820379E-1,-3.169847727E-1,1.109654069E0
7.437750767E1,-2.769783735E-1,-3.368125558E-1,1.095235109E0
7.438748367E1,-2.761682272E-1,-3.490976393E-1,1.096307755E0
7.439746067E1,-2.783339024E-1,-3.618863821E-1,1.087323308E0
7.440743767E1,-2.920947671E-1,-3.805183172E-1,1.089206338E0
7.441741367E1,-2.855993211E-1,-3.478240073E-1,1.116446733E0
7.442739067E1,-2.811422050E-1,-3.094309866E-1,1.119846106E0
7.443736667E1,-2.975877523E-1,-3.375113606E-1,1.095124006E0
7.444734367E1,-2.938580215E-1,-3.817359209E-1,1.088284016E0
7.445732067E1,-2.855124772E-1,-3.875802457E-1,1.094975710E0
7.446729667E1,-2.808455527E-1,-3.770839274E-1,1.107840896E0
7.447727367E1,-2.820471823E-1,-3.446338475E-1,1.107575059E0
7.448725067E1,-2.938508093E-1,-3.535763323E-1,1.094854474E0
7.449722667E1,-2.906036079E-1,-3.638587892E-1,1.096484303E0
7.450720367E1,-2.699682117E-1,-3.767102957E-1,1.098717093E0
7.451718067E1,-2.756902575E-1,-3.958579004E-1,1.086876988E0
7.452715667E1,-2.777699828E-1,-4.098679125E-1,1.093000412E0
7.453713367E1,-2.708492279E-1,-3.724989593E-1,1.104068518E0
7.454710967E1,-2.792916596E-1,-3.719658852E-1,1.093683124E0
7.455708667E1,-2.791611552E-1,-4.122648239E-1,1.083482981E0
7.456706367E1,-2.789243758E-1,-4.241633415E-1,1.086374283E0
7.457703967E1,-2.891242802E-1,-4.069145620E-1,1.098551869E0
7.458701667E1,-2.948341966E-1,-3.731105328E-1,1.105945230E0
7.459699367E1,-3.073787391E-1,-3.780967891E-1,1.091558814E0
7.460696967E1,-3.086545765E-1,-4.079790413E-1,1.085393429E0
7.461694667E1,-2.960455716E-1,-4.156300426E-1,1.089122653E0
7.462692267E1,-2.953937054E-1,-4.458285868E-1,1.084212422E0
7.463689967E1,-3.036484420E-1,-4.506590366E-1,1.092171550E0
7.464687667E1,-3.028792739E-1,-4.053516090E-1,1.098672628E0
7.465685267E1,-3.083826900E-1,-3.947985768E-1,1.089116931E0
7.466682967E1,-3.008191288E-1,-4.330744147E-1,1.083630085E0
7.467680667E1,-2.892144024E-1,-4.824318588E-1,1.080610394E0
7.468678275E1,-2.941796184E-1,-4.770314097E-1,1.081651092E0
7.469675975E1,-3.104209006E-1,-4.316279590E-1,1.093437433E0
7.470673675E1,-3.132873476E-1,-3.989106417E-1,1.093291521E0
7.471671275E1,-3.111853302E-1,-4.217081070E-1,1.083878279E0
7.472668975E1,-3.007903993E-1,-4.447057545E-1,1.077301264E0
7.473666575E1,-3.025366366E-1,-4.702782333E-1,1.070721388E0
7.474664275E1,-3.166232109E-1,-4.614343941E-1,1.081145644E0
7.475661975E1,-3.186898232E-1,-4.264636040E-1,1.089457631E0
7.476659575E1,-3.222334087E-1,-4.081756771E-1,1.082478642E0
7.477657275E1,-3.182852566E-1,-4.298367798E-1,1.077230573E0
7.478654975E1,-3.054406643E-1,-4.599327743E-1,1.075989246E0
7.479652575E1,-3.065123260E-1,-4.751098752E-1,1.080152035E0
7.480650275E1,-3.210854828E-1,-4.499967694E-1,1.087625861E0
7.481647975E1,-3.308930993E-1,-4.157474637E-1,1.085255384E0
7.482645575E1,-3.318671882E-1,-4.225577414E-1,1.080348492E0
7.483643275E1,-3.204395473E-1,-4.427894950E-1,1.082284331E0
7.484640875E1,-3.160591424E-1,-4.616965652E-1,1.072460413E0
7.485638575E1,-3.324767351E-1,-4.754845500E-1,1.074722767E0
7.486636275E1,-3.344556391E-1,-4.334766269E-1,1.093825698E0
7.487633875E1,-3.343629539E-1,-3.970906436E-1,1.089752436E0
7.488631575E1,-3.432868421E-1,-4.094385803E-1,1.078503251E0
7.489629275E1,-3.356662095E-1,-4.314938188E-1,1.074978590E0
7.490626875E1,-3.264854848E-1,-4.518510401E-1,1.071311355E0
7.491624575E1,-3.332488537E-1,-4.453201592E-1,1.077471852E0
7.492622275E1,-3.436790109E-1,-4.204727709E-1,1.074067831E0
7.493619875E1,-3.559013009E-1,-4.181829989E-1,1.069810987E0
7.494617575E1,-3.493227065E-1,-4.293309450E-1,1.077441931E0
7.495615175E1,-3.396804631E-1,-4.357025623E-1,1.073809385E0
7.496612875E1,-3.536883593E-1,-4.553297758E-1,1.066862345E0
7.497610575E1,-3.574833870E-1,-4.350234270E-1,1.077883005E0
7.498608175E1,-3.536311090E-1,-4.081086516E-1,1.079185367E0
7.499605875E1,-3.563699126E-1,-4.200675786E-1,1.074718714E0
7.500603575E1,-3.497546315E-1,-4.294033647E-1,1.075056911E0
7.501601175E1,-3.514923155E-1,-4.423023760E-1,1.067879915E0
7.502598875E1,-3.568060994E-1,-4.576970041E-1,1.071857333E0
7.503596475E1,-3.574356735E-1,-4.491037726E-1,1.075058937E0
7.504594175E1,-3.682087958E-1,-4.300536215E-1,1.069989324E0
7.505591875E1,-3.752190173E-1,-4.158035815E-1,1.078164458E0
7.506589475E1,-3.610601723E-1,-4.219243824E-1,1.080890179E0
7.507587175E1,-3.594250083E-1,-4.500779808E-1,1.073798418E0
7.508584875E1,-3.709037006E-1,-4.499379992E-1,1.074099779E0
7.509582475E1,-3.794732094E-1,-4.210003614E-1,1.074607611E0
7.510580175E1,-3.848079145E-1,-4.046114683E-1,1.073384762E0
7.511577875E1,-3.778421581E-1,-4.030103683E-1,1.080628514E0
7.512575475E1,-3.667050302E-1,-4.201512635E-1,1.075466871E0
7.513573175E1,-3.808384240E-1,-4.318768978E-1,1.067672372E0
7.514570775E1,-3.903408647E-1,-4.148921669E-1,1.072384000E0
7.515568475E1,-3.950930238E-1,-3.803850412E-1,1.074356437E0
7.516566175E1,-4.007954597E-1,-3.743754327E-1,1.077809691E0
7.517563775E1,-3.889648914E-1,-3.717998862E-1,1.087916374E0
7.518561475E1,-3.813773394E-1,-3.838466108E-1,1.083145738E0
7.519559175E1,-3.895785511E-1,-4.064667225E-1,1.077928543E0
7.520556775E1,-3.978220224E-1,-4.036700428E-1,1.076927781E0
7.521554475E1,-4.116523266E-1,-3.759465218E-1,1.071636558E0
7.522552175E1,-4.121726155E-1,-3.544766009E-1,1.083012342E0
7.523549775E1,-3.891828656E-1,-3.423858583E-1,1.093030095E0
7.524547475E1,-3.797232807E-1,-3.814987540E-1,1.085408568E0
7.525545075E1,-3.955182433E-1,-3.838063776E-1,1.082047701E0
7.526542775E1,-4.139840901E-1,-3.570465446E-1,1.073958397E0
7.527540475E1,-4.274551570E-1,-3.361439407E-1,1.075185299E0
7.528538075E1,-4.139684439E-1,-3.318510056E-1,1.087189674E0
7.529535775E1,-3.987037241E-1,-3.296376467E-1,1.083666801E0
7.530533475E1,-4.070024788E-1,-3.442308605E-1,1.078814268E0
7.531531075E1,-4.103362262E-1,-3.383324742E-1,1.081208706E0
7.532528775E1,-4.129208326E-1,-3.328506351E-1,1.076441407E0
7.533526475E1,-4.170471430E-1,-3.146681786E-1,1.077172160E0
7.534524075E1,-4.082421064E-1,-2.996467948E-1,1.086677194E0
7.535521775E1,-3.902719021E-1,-3.117175698E-1,1.087967277E0
7.536519375E1,-3.997993767E-1,-3.208409250E-1,1.081355572E0
7.537517075E1,-4.168958068E-1,-3.079482913E-1,1.073517561E0
7.538514775E1,-4.266252816E-1,-2.869767845E-1,1.074011564E0
7.539512375E1,-4.171667993E-1,-2.871211171E-1,1.080863357E0
7.540510075E1,-4.092891514E-1,-2.927414775E-1,1.079762220E0
7.541507775E1,-4.185721278E-1,-3.037371337E-1,1.074742675E0
7.542505375E1,-4.223517179E-1,-2.876127362E-1,1.081812501E0
7.543503075E1,-4.183431268E-1,-2.764442265E-1,1.080883622E0
7.544500775E1,-4.190833569E-1,-2.866494060E-1,1.081700444E0
7.545498375E1,-4.133714139E-1,-2.872496843E-1,1.083516955E0
7.546496075E1,-4.145374000E-1,-2.843354940E-1,1.087540388E0
7.547493675E1,-4.109336138E-1,-2.861400545E-1,1.096836090E0
7.548491375E1,-4.188444912E-1,-2.784998417E-1,1.090368032E0
7.549489075E1,-4.380482733E-1,-2.688221931E-1,1.084177494E0
7.550486675E1,-4.416227639E-1,-2.732240856E-1,1.083997369E0
7.551484375E1,-4.270845652E-1,-2.792348266E-1,1.090414882E0
7.552482075E1,-4.230550826E-1,-2.743383646E-1,1.090295315E0
7.553479675E1,-4.417158365E-1,-2.498343289E-1,1.094558477E0
7.554477375E1,-4.439288974E-1,-2.205045521E-1,1.098005652E0
7.555475075E1,-4.389210939E-1,-2.335998565E-1,1.089677691E0
7.556472675E1,-4.309000671E-1,-2.374857217E-1,1.096572638E0
7.557470375E1,-4.232738316E-1,-2.126943469E-1,1.103133917E0
7.558467975E1,-4.267198145E-1,-2.009731978E-1,1.108771443E0
7.559465675E1,-4.263017178E-1,-1.904427856E-1,1.108441234E0
7.560463375E1,-4.372907579E-1,-1.866486222E-1,1.087236285E0
7.561460975E1,-4.503024518E-1,-1.808410734E-1,1.085866809E0
7.562458675E1,-4.355318546E-1,-1.610033214E-1,1.099138141E0
7.563456375E1,-4.173190296E-1,-1.596325934E-1,1.102332354E0
7.564453975E1,-4.236590862E-1,-1.558644176E-1,1.097563267E0
7.565451675E1,-4.332587123E-1,-1.468485594E-1,1.090263009E0
7.566449375E1,-4.338943064E-1,-1.608599573E-1,1.083072305E0
7.567446975E1,-4.193286598E-1,-1.616256237E-1,1.095408678E0
7.568444675E1,-4.090352058E-1,-1.250149906E-1,1.104993939E0
7.569442375E1,-4.210316837E-1,-1.174082085E-1,1.107519984E0
7.570439975E1,-4.160836935E-1,-1.320158243E-1,1.111934543E0
7.571437675E1,-4.195583165E-1,-1.497056186E-1,1.093003511E0
7.572435275E1,-4.497923255E-1,-1.383910030E-1,1.088486314E0
7.573432975E1,-4.480386376E-1,-1.057710126E-1,1.106384397E0
7.574430675E1,-4.317141771E-1,-9.178232402E-2,1.114390731E0
7.575428275E1,-4.322601259E-1,-1.026237905E-1,1.110873699E0
7.576425975E1,-4.389196038E-1,-1.019537374E-1,1.105717778E0
7.577423675E1,-4.424128830E-1,-9.491127729E-2,1.098384857E0
7.578421275E1,-4.367572665E-1,-9.163005650E-2,1.103151679E0
7.579418975E1,-4.225693047E-1,-7.091359794E-2,1.113195300E0
7.580416675E1,-4.199976325E-1,-5.002520606E-2,1.117349863E0
7.581414275E1,-4.200980365E-1,-3.712485358E-2,1.120756030E0
7.582411975E1,-4.151099324E-1,-3.959367797E-2,1.108133674E0
7.583409575E1,-4.292134941E-1,-3.744797036E-2,1.096241355E0
7.584407275E1,-4.299116433E-1,-4.274599254E-2,1.098160505E0
7.585404975E1,-4.120090902E-1,-2.974843420E-2,1.110534072E0
7.586402575E1,-4.049952924E-1,-2.777359821E-2,1.114018679E0
7.587400275E1,-4.144732356E-1,-3.602699935E-2,1.112907767E0
7.588397975E1,-4.179706275E-1,-2.480751276E-2,1.111050963E0
7.589395575E1,-4.274567962E-1,-2.330389246E-2,1.106406212E0
7.590393275E1,-4.285626113E-1,-2.015480213E-2,1.110793352E0
7.591390975E1,-4.149069786E-1,2.813098021E-3,1.122736573E0
7.592388575E1,-4.143122137E-1,1.301615871E-2,1.125258446E0
7.593386275E1,-4.086455405E-1,1.892464794E-2,1.129278660E0
7.594383875E1,-4.116899371E-1,9.857049212E-3,1.113189816E0
7.595381575E1,-4.182240069E-1,-1.247382350E-2,1.111242771E0
7.596379275E1,-4.008096755E-1,5.570523441E-3,1.128521204E0
7.597376875E1,-3.941549659E-1,2.893390134E-2,1.133246183E0
7.598374575E1,-4.013639987E-1,3.310500458E-2,1.139710665E0
7.599372275E1,-3.952440321E-1,3.459211439E-2,1.136170864E0
7.600369875E1,-4.042587876E-1,1.395771466E-2,1.119340897E0
7.601367575E1,-4.064817131E-1,1.109455153E-2,1.119737744E0
7.602365275E1,-3.988667130E-1,4.774285480E-2,1.127381563E0
7.603362875E1,-3.941859305E-1,6.359372288E-2,1.135748148E0
7.604360575E1,-3.779012859E-1,7.577392459E-2,1.142195821E0
7.605358175E1,-3.807604611E-1,7.227559388E-2,1.123178482E0
7.606355875E1,-3.996351063E-1,6.883034110E-2,1.113575578E0
7.607353575E1,-3.869435489E-1,7.370792329E-2,1.127185941E0
7.608351175E1,-3.722679019E-1,1.077626050E-1,1.136611342E0
7.609348875E1,-3.766037822E-1,1.249596924E-1,1.140822053E0
7.610346575E1,-3.760964572E-1,1.295651942E-1,1.144677281E0
7.611344175E1,-3.703352511E-1,1.132242978E-1,1.132011890E0
7.612341875E1,-3.706085384E-1,8.289756626E-2,1.125280499E0
7.613339575E1,-3.707837760E-1,9.041646868E-2,1.133708358E0
7.614337175E1,-3.677372038E-1,1.265542060E-1,1.144474387E0
7.615334875E1,-3.575958908E-1,1.243421882E-1,1.150604129E0
7.616332575E1,-3.497568667E-1,1.015079767E-1,1.139798403E0
7.617330175E1,-3.630478978E-1,9.550200403E-2,1.126626611E0
7.618327875E1,-3.639720082E-1,9.049805999E-2,1.129731297E0
7.619325475E1,-3.456462622E-1,1.074192524E-1,1.145688176E0
7.620323175E1,-3.407655954E-1,1.184179634E-1,1.143421531E0
7.621320875E1,-3.530294299E-1,1.267864108E-1,1.146571279E0
7.622318475E1,-3.451155722E-1,1.458592862E-1,1.146270037E0
7.623316175E1,-3.443736136E-1,1.279532462E-1,1.133724928E0
7.624313875E1,-3.421736658E-1,1.093027145E-1,1.134238482E0
7.625311475E1,-3.345170617E-1,1.377870888E-1,1.147407770E0
7.626309175E1,-3.351585269E-1,1.558714211E-1,1.158567548E0
7.627306875E1,-3.239828348E-1,1.679925323E-1,1.164904237E0
7.628304475E1,-3.220913410E-1,1.458920985E-1,1.149244905E0
7.629302175E1,-3.242170811E-1,1.149754673E-1,1.141815543E0
7.630299775E1,-3.110726178E-1,1.321549118E-1,1.155307531E0
7.631297475E1,-3.037934005E-1,1.531286538E-1,1.164162636E0
7.632295175E1,-3.001351357E-1,1.513430476E-1,1.167690277E0
7.633292775E1,-2.942932248E-1,1.472066343E-1,1.163089395E0
7.634290475E1,-3.075582683E-1,1.323629469E-1,1.150431752E0
7.635288175E1,-3.056423664E-1,1.134079024E-1,1.149421096E0
7.636285775E1,-2.862823308E-1,1.298856437E-1,1.160422683E0
7.637283475E1,-2.834260762E-1,1.446299553E-1,1.164504528E0
7.638281175E1,-2.816672027E-1,1.563074589E-1,1.167075276E0
7.639278775E1,-2.763137221E-1,1.606223136E-1,1.162534356E0
7.640276475E1,-2.806794941E-1,1.387638599E-1,1.152641416E0
7.641274175E1,-2.733123899E-1,1.175975874E-1,1.154348493E0
7.642271775E1,-2.692085207E-1,1.580866426E-1,1.165093660E0
7.643269475E1,-2.759995759E-1,1.801818311E-1,1.169648767E0
7.644267075E1,-2.602505088E-1,1.716644764E-1,1.172400475E0
7.645264775E1,-2.560890615E-1,1.688745469E-1,1.163195491E0
7.646262475E1,-2.594341934E-1,1.514475793E-1,1.154802680E0
7.647260075E1,-2.445793301E-1,1.611183137E-1,1.167266726E0
7.648257775E1,-2.336499244E-1,1.685451865E-1,1.175331712E0
7.649255475E1,-2.418492585E-1,2.007513195E-1,1.180930018E0
7.650253075E1,-2.425830960E-1,2.195682824E-1,1.173834801E0
7.651250775E1,-2.290145606E-1,1.921994984E-1,1.163427234E0
7.652248475E1,-2.002959400E-1,1.520176530E-1,1.162775755E0
7.653246075E1,-2.021106184E-1,1.575255990E-1,1.165967345E0
7.654243775E1,-2.203986794E-1,1.938193589E-1,1.171490908E0
7.655241475E1,-2.174050063E-1,2.170620859E-1,1.182493210E0
7.656239075E1,-1.990401298E-1,2.101206481E-1,1.182838917E0
7.657236775E1,-1.970009506E-1,1.854973286E-1,1.166681767E0
7.658234375E1,-2.058268785E-1,1.716663688E-1,1.165300846E0
7.659232075E1,-1.946213692E-1,1.852841824E-1,1.181617022E0
7.660229775E1,-1.917913556E-1,1.844960004E-1,1.194002509E0
7.661227375E1,-1.953101903E-1,1.958242953E-1,1.191936970E0
7.662225075E1,-2.047056258E-1,2.257418931E-1,1.185991645E0
7.663222775E1,-1.931339353E-1,1.844405234E-1,1.183715463E0
7.664220375E1,-1.580950320E-1,1.424913704E-1,1.183369040E0
7.665218075E1,-1.594021171E-1,1.613023430E-1,1.181379914E0
7.666215775E1,-1.735296100E-1,1.964294016E-1,1.185984135E0
7.667213375E1,-1.664794236E-1,2.219014764E-1,1.204202533E0
7.668210979E1,-1.615344137E-1,2.095926702E-1,1.193583727E0
7.669208679E1,-1.673193276E-1,1.687719971E-1,1.178045988E0
7.670206279E1,-1.540800482E-1,1.704964340E-1,1.185279369E0
7.671203979E1,-1.379498243E-1,1.862868518E-1,1.199183702E0
7.672201579E1,-1.410355717E-1,2.166140378E-1,1.207411647E0
7.673199279E1,-1.529276520E-1,2.277851999E-1,1.200754881E0
7.674196979E1,-1.407998949E-1,2.074708790E-1,1.195178986E0
7.675194579E1,-1.139277890E-1,1.704896837E-1,1.202454448E0
7.676192279E1,-1.057001650E-1,1.717211753E-1,1.200938940E0
7.677189979E1,-1.288566142E-1,2.025850862E-1,1.200510144E0
7.678187579E1,-1.321998090E-1,2.360339165E-1,1.209669113E0
7.679185279E1,-1.198632568E-1,2.356341779E-1,1.209884763E0
7.680182979E1,-1.177509427E-1,1.921133846E-1,1.194349170E0
7.681180579E1,-1.105620041E-1,1.786106378E-1,1.194232225E0
7.682178279E1,-1.010823324E-1,1.911814064E-1,1.204684973E0
7.683175979E1,-9.815471619E-2,2.035163641E-1,1.214834332E0
7.684173579E1,-1.063695252E-1,2.253547758E-1,1.209381938E0
7.685171279E1,-1.153196096E-1,2.250051051E-1,1.207118034E0
7.686168879E1,-8.700148761E-2,1.948837787E-1,1.216760874E0
7.687166579E1,-7.169683278E-2,1.850929260E-1,1.212473750E0
7.688164279E1,-9.054598212E-2,1.866808087E-1,1.206445575E0
7.689161879E1,-1.007581428E-1,2.152695805E-1,1.218000054E0
7.690159579E1,-9.246868640E-2,2.380408347E-1,1.222172737E0
7.691157279E1,-8.832960576E-2,2.251005322E-1,1.212048650E0
7.692154879E1,-7.693008333E-2,1.876024902E-1,1.201294303E0
7.693152579E1,-5.787569657E-2,1.813919991E-1,1.211585045E0
7.694150279E1,-5.167400837E-2,1.941935420E-1,1.217721581E0
7.695147879E1,-5.950716510E-2,2.027066052E-1,1.211961508E0
7.696145579E1,-6.305696815E-2,2.081253231E-1,1.206817150E0
7.697143279E1,-4.834246635E-2,1.880038083E-1,1.215532541E0
7.698140879E1,-3.124241345E-2,1.706839949E-1,1.223559499E0
7.699138579E1,-3.600414842E-2,1.684964746E-1,1.215990067E0
7.700136179E1,-5.203652382E-2,1.914768368E-1,1.213841796E0
7.701133879E1,-5.759533867E-2,2.220320851E-1,1.224628091E0
7.702131579E1,-5.700959638E-2,2.205895036E-1,1.218899369E0
7.703129179E1,-5.325187743E-2,1.876699030E-1,1.210686684E0
7.704126879E1,-4.347771034E-2,1.752208620E-1,1.217770457E0
7.705124579E1,-3.666561097E-2,1.747667938E-1,1.223490953E0
7.706122179E1,-5.008748919E-2,1.897967011E-1,1.217236280E0
7.707119879E1,-6.730429083E-2,2.152706385E-1,1.209535956E0
7.708117579E1,-6.193262711E-2,2.142562866E-1,1.216604948E0
7.709115179E1,-3.287753835E-2,1.982682645E-1,1.234478951E0
7.710112879E1,-2.279317565E-2,1.763854623E-1,1.233572602E0
7.711110579E1,-4.180015996E-2,1.793192029E-1,1.228927255E0
7.712108179E1,-4.751655832E-2,1.918905973E-1,1.227494359E0
7.713105879E1,-3.291604295E-2,1.934690475E-1,1.225608826E0
7.714103479E1,-1.483164541E-2,1.772733927E-1,1.218598962E0
7.715101179E1,-8.104500361E-3,1.655365825E-1,1.220341444E0
7.716098879E1,-1.006879285E-2,1.824650019E-1,1.230163097E0
7.717096479E1,-2.508076653E-2,1.721977144E-1,1.225601435E0
7.718094179E1,-4.063719884E-2,1.704389006E-1,1.217643261E0
7.719091879E1,-4.012853652E-2,1.856940091E-1,1.215288520E0
7.720089479E1,-2.571780235E-2,1.641154289E-1,1.226822734E0
7.721087179E1,-6.312414538E-3,1.492059827E-1,1.235315919E0
7.722084879E1,-1.348479465E-2,1.402403116E-1,1.226256132E0
7.723082479E1,-3.185075149E-2,1.461029947E-1,1.223320246E0
7.724080179E1,-3.029769659E-2,1.761451513E-1,1.230554461E0
7.725077879E1,-3.441760689E-2,1.685538143E-1,1.230774164E0
7.726075479E1,-1.139030885E-2,1.439332962E-1,1.232370377E0
7.727073179E1,-2.695354167E-3,1.302816570E-1,1.230349302E0
7.728070779E1,2.448847517E-4,1.101644784E-1,1.229388356E0
7.729068479E1,-6.426599808E-3,1.045555919E-1,1.222831607E0
7.730066179E1,-1.979954541E-2,1.111963317E-1,1.218742013E0
7.731063779E1,-2.727530524E-2,9.925232083E-2,1.220699191E0
7.732061479E1,-5.271073431E-3,1.141860709E-1,1.235803604E0
7.733059179E1,-1.190846972E-2,1.170556247E-1,1.230077028E0
7.734056779E1,-3.409398347E-2,9.398129582E-2,1.216962099E0
7.735054479E1,-3.686952963E-2,1.177516058E-1,1.227138042E0
7.736052179E1,-2.743010595E-2,1.121656895E-1,1.227909088E0
7.737049779E1,-7.823648863E-3,7.812969387E-2,1.225068808E0
7.738047479E1,8.995915414E-4,7.126490772E-2,1.228553176E0
7.739045179E1,-1.286415756E-2,8.045600355E-2,1.227852225E0
7.740042779E1,-2.078044415E-2,7.762156427E-2,1.225809932E0
7.741040479E1,-3.337160498E-2,8.118434250E-2,1.218734503E0
7.742038179E1,-3.812084347E-2,6.940105557E-2,1.217215180E0
7.743035779E1,-2.933081239E-2,6.157216430E-2,1.227826834E0
7.744033479E1,-1.510149706E-2,5.836401880E-2,1.236935258E0
7.745031079E1,-2.626014128E-2,4.336296767E-2,1.221646786E0
7.746028779E1,-3.989018500E-2,1.816493273E-2,1.217030764E0
7.747026479E1,-4.409904405E-2,3.235079348E-2,1.221519589E0
7.748024079E1,-4.809984192E-2,1.405850612E-2,1.225574374E0
7.749021779E1,-1.908577047E-2,-1.581070945E-2,1.224889398E0
7.750019479E1,-1.109608542E-2,-3.902778402E-2,1.214324236E0
7.751017079E1,-2.705054916E-2,-1.548490580E-2,1.218201280E0
7.752014779E1,-4.224904627E-2,-1.515567675E-2,1.215765715E0
7.753012479E1,-4.103597626E-2,-2.480910346E-2,1.215959907E0
7.754010079E1,-3.382345289E-2,-3.497294709E-2,1.221082687E0
7.755007779E1,-3.849623725E-2,-2.090825886E-2,1.226265430E0
7.756005479E1,-4.742395133E-2,-3.175717965E-2,1.213609576E0
7.757003079E1,-5.740095302E-2,-7.005742937E-2,1.199627995E0
7.758000779E1,-5.206419528E-2,-6.516974419E-2,1.205860972E0
7.758998479E1,-5.083940551E-2,-6.001173332E-2,1.213156223E0
7.759996079E1,-4.484005645E-2,-7.643793523E-2,1.221175671E0
7.760993779E1,-3.192878515E-2,-9.623960406E-2,1.221226573E0
7.761991379E1,-3.348215669E-2,-1.097302139E-1,1.211415887E0
7.762989079E1,-5.162121356E-2,-1.160288528E-1,1.208482385E0
7.763986779E1,-6.216131896E-2,-1.259984672E-1,1.202778697E0
7.764984379E1,-5.304318666E-2,-1.526322067E-1,1.202715516E0
7.765982079E1,-4.440976679E-2,-1.448477954E-1,1.218457341E0
7.766979779E1,-5.591994897E-2,-1.281622797E-1,1.211094975E0
7.767977379E1,-6.982522458E-2,-1.451377422E-1,1.201811433E0
7.768975167E1,-7.499388605E-2,-1.724444628E-1,1.195903420E0
7.769972867E1,-6.525728852E-2,-1.974512041E-1,1.199381948E0
7.770970467E1,-5.862521753E-2,-2.094817758E-1,1.207239032E0
7.771968167E1,-4.139112309E-2,-2.066258341E-1,1.217744946E0
7.772965767E1,-4.790867493E-2,-2.015077770E-1,1.208150864E0
7.773963467E1,-6.849332899E-2,-2.118616104E-1,1.195878386E0
7.774961167E1,-8.418973535E-2,-2.302637845E-1,1.187846541E0
7.775958767E1,-8.579693735E-2,-2.416181862E-1,1.193591714E0
7.776956467E1,-7.669504732E-2,-2.545686066E-1,1.203471422E0
7.777954167E1,-7.054507732E-2,-2.507596612E-1,1.210378528E0
7.778951767E1,-7.614251226E-2,-2.583946586E-1,1.197576642E0
7.779949467E1,-8.083084971E-2,-2.693676353E-1,1.189289808E0
7.780947167E1,-8.128305525E-2,-2.627480626E-1,1.189205885E0
7.781944767E1,-8.530922234E-2,-2.861399353E-1,1.190661073E0
7.782942467E1,-7.401475310E-2,-2.800810039E-1,1.202587485E0
7.783940167E1,-7.757872343E-2,-2.645034194E-1,1.201373577E0
7.784937767E1,-8.476260304E-2,-2.805268764E-1,1.187093377E0
7.785935467E1,-9.696412086E-2,-2.709646225E-1,1.180509567E0
7.786933167E1,-1.071845368E-1,-2.961855531E-1,1.171976209E0
7.787930767E1,-9.323472530E-2,-2.998330593E-1,1.188880205E0
7.788928467E1,-8.249127120E-2,-2.923248112E-1,1.197506785E0
7.789926167E1,-1.028025001E-1,-2.785347402E-1,1.188462138E0
7.790923767E1,-1.263547093E-1,-2.712794840E-1,1.180560589E0
7.791921467E1,-1.400962025E-1,-2.672480643E-1,1.169506550E0
7.792919067E1,-1.409907639E-1,-2.919334471E-1,1.171186209E0
7.793916767E1,-1.291714162E-1,-3.118248582E-1,1.180443287E0
7.794914467E1,-1.152422726E-1,-3.265531957E-1,1.191930890E0
7.795912067E1,-1.124671102E-1,-3.193760514E-1,1.183868170E0
7.796909767E1,-1.260178089E-1,-3.331184983E-1,1.156979203E0
7.797907467E1,-1.254063696E-1,-3.590850234E-1,1.140477538E0
7.798905067E1,-1.219314709E-1,-3.510265648E-1,1.164025426E0
7.799902767E1,-1.245105863E-1,-3.250406682E-1,1.195805430E0
7.800900467E1,-1.318270862E-1,-3.203132749E-1,1.196993709E0
7.801898067E1,-1.651145667E-1,-3.293738365E-1,1.171196699E0
7.802895767E1,-1.882779449E-1,-3.265865743E-1,1.156020403E0
7.803893467E1,-1.990930438E-1,-3.126086891E-1,1.159224153E0
7.804891067E1,-1.944269240E-1,-3.314154148E-1,1.172747493E0
7.805888767E1,-1.740831882E-1,-3.353632092E-1,1.185506463E0
7.806886467E1,-1.860833913E-1,-3.371089399E-1,1.178148150E0
7.807884067E1,-2.028444707E-1,-3.405294418E-1,1.161480904E0
7.808881767E1,-2.119921595E-1,-3.388465941E-1,1.151355863E0
7.809879367E1,-2.033922225E-1,-3.607314825E-1,1.151961327E0
7.810877067E1,-1.962078065E-1,-3.577910960E-1,1.166994929E0
7.811874767E1,-1.966314614E-1,-3.446996212E-1,1.179119110E0
7.812872367E1,-2.097906768E-1,-3.487239182E-1,1.169103742E0
7.813870067E1,-2.173601538E-1,-3.638674617E-1,1.158566952E0
7.814867767E1,-2.088795751E-1,-3.632123172E-1,1.150214911E0
7.815865367E1,-2.158281505E-1,-3.865969479E-1,1.143194556E0
7.816863067E1,-2.143239975E-1,-3.811052442E-1,1.155103445E0
7.817860767E1,-2.155553401E-1,-3.567439020E-1,1.165546417E0
7.818858367E1,-2.405706793E-1,-3.428123891E-1,1.160052896E0
7.819856067E1,-2.567132115E-1,-3.362970650E-1,1.145455003E0
7.820853767E1,-2.762610912E-1,-3.618985713E-1,1.127193093E0
7.821851367E1,-2.572250068E-1,-4.116399288E-1,1.138207316E0
7.822849067E1,-2.437339723E-1,-3.762121499E-1,1.156188369E0
7.823846667E1,-2.775048018E-1,-3.565985262E-1,1.157006145E0
7.824844367E1,-2.834894359E-1,-3.662783206E-1,1.145038962E0
7.825842067E1,-2.765078843E-1,-3.780888617E-1,1.134193420E0
7.826839667E1,-2.724921107E-1,-3.827667236E-1,1.136230469E0
7.827837367E1,-2.815548480E-1,-3.706215024E-1,1.145803571E0
7.828835067E1,-2.941225469E-1,-3.646219075E-1,1.154008508E0
7.829832667E1,-2.897626758E-1,-3.809809089E-1,1.149407864E0
7.830830367E1,-2.976453602E-1,-3.640559912E-1,1.138934135E0
7.831828067E1,-3.131756783E-1,-3.681812584E-1,1.124794364E0
7.832825667E1,-3.269194365E-1,-3.887549937E-1,1.124844432E0
7.833823367E1,-3.186923265E-1,-3.882380128E-1,1.143612027E0
7.834821067E1,-3.219445646E-1,-3.818560243E-1,1.144864559E0
7.835818667E1,-3.243248761E-1,-3.767687082E-1,1.135128975E0
7.836816367E1,-3.325327337E-1,-3.889119327E-1,1.127727270E0
7.837814067E1,-3.295157850E-1,-3.918095231E-1,1.134885430E0
7.838811667E1,-3.447541296E-1,-3.879114389E-1,1.140853286E0
7.839809367E1,-3.576806188E-1,-3.942608535E-1,1.136287808E0
7.840806967E1,-3.690986633E-1,-3.892810047E-1,1.141169906E0
7.841804667E1,-3.729149997E-1,-3.693002462E-1,1.140159607E0
7.842802367E1,-3.856086731E-1,-3.569346666E-1,1.130219102E0
7.843799967E1,-4.023854733E-1,-3.685922027E-1,1.121864319E0
7.844797667E1,-3.959653974E-1,-3.852263093E-1,1.129524946E0
7.845795367E1,-3.872634172E-1,-3.697574437E-1,1.138918400E0
7.846792967E1,-3.993286192E-1,-3.594376743E-1,1.127528310E0
7.847790667E1,-4.132286012E-1,-3.537415266E-1,1.115532041E0
7.848788367E1,-4.092453122E-1,-3.450843692E-1,1.115593791E0
7.849785967E1,-3.970526457E-1,-3.455808163E-1,1.118932247E0
7.850783667E1,-3.980228305E-1,-3.616988063E-1,1.110892177E0
7.851781367E1,-4.068433642E-1,-3.642941713E-1,1.104615688E0
7.852778967E1,-4.112173617E-1,-3.519767821E-1,1.103838086E0
7.853776667E1,-4.126817584E-1,-3.412418067E-1,1.097440481E0
7.854774367E1,-4.209476709E-1,-3.441470265E-1,1.086438179E0
7.855771967E1,-4.277903140E-1,-3.677095771E-1,1.086842179E0
7.856769667E1,-4.256110489E-1,-3.574207127E-1,1.099704742E0
7.857767367E1,-4.269959927E-1,-3.354796767E-1,1.100897312E0
7.858764967E1,-4.465340078E-1,-3.148287237E-1,1.095723391E0
7.859762667E1,-4.638273120E-1,-3.199301660E-1,1.094049215E0
7.860760267E1,-4.571973681E-1,-3.343083262E-1,1.100672483E0
7.861757967E1,-4.511664510E-1,-3.456748426E-1,1.103168964E0
7.862755667E1,-4.630902112E-1,-3.387524784E-1,1.101643324E0
7.863753267E1,-4.884363413E-1,-3.278857172E-1,1.097154737E0
7.864750967E1,-4.964820147E-1,-3.152447641E-1,1.099783897E0
7.865748667E1,-4.873315096E-1,-3.134445250E-1,1.099200368E0
7.866746267E1,-4.837506413E-1,-3.315995634E-1,1.097787023E0
7.867743967E1,-4.884442389E-1,-3.429646492E-1,1.098577619E0
7.868741637E1,-4.983221889E-1,-3.250586092E-1,1.097696900E0
7.869739237E1,-5.147612691E-1,-2.963630259E-1,1.091481566E0
7.870736938E1,-5.242908597E-1,-2.925168872E-1,1.086567163E0
7.871734638E1,-5.179044604E-1,-2.999102771E-1,1.089472771E0
7.872732237E1,-5.061305761E-1,-3.048847914E-1,1.095323205E0
7.873729938E1,-5.100942850E-1,-3.032875955E-1,1.091569185E0
7.874727638E1,-5.358739495E-1,-2.927015424E-1,1.084006906E0
7.875725238E1,-5.554441214E-1,-2.697867453E-1,1.080834150E0
7.876722937E1,-5.556145906E-1,-2.542072237E-1,1.083124161E0
7.877720638E1,-5.383630395E-1,-2.597040534E-1,1.085904717E0
7.878718238E1,-5.311354399E-1,-2.846581340E-1,1.084418774E0
7.879715937E1,-5.398867130E-1,-2.811042368E-1,1.085558534E0
7.880713637E1,-5.579357743E-1,-2.618336082E-1,1.077872157E0
7.881711238E1,-5.787554979E-1,-2.448869050E-1,1.074374080E0
7.882708938E1,-5.704189539E-1,-2.412671298E-1,1.078567505E0
7.883706537E1,-5.520632863E-1,-2.583568692E-1,1.082562447E0
7.884704238E1,-5.414100885E-1,-2.715666890E-1,1.083063126E0
7.885701938E1,-5.565291643E-1,-2.601186931E-1,1.077389956E0
7.886699537E1,-5.902943015E-1,-2.506588697E-1,1.069076300E0
7.887697237E1,-6.015562415E-1,-2.270118296E-1,1.072214603E0
7.888694938E1,-5.882462859E-1,-2.192689627E-1,1.077607512E0
7.889692538E1,-5.729062557E-1,-2.343326360E-1,1.084101081E0
7.890690237E1,-5.722439289E-1,-2.466873080E-1,1.083589196E0
7.891687937E1,-5.920571685E-1,-2.311394364E-1,1.077926874E0
7.892685538E1,-6.157380342E-1,-2.121750712E-1,1.069898248E0
7.893683238E1,-6.195724010E-1,-1.982990354E-1,1.067482352E0
7.894680937E1,-6.020668745E-1,-2.107983083E-1,1.078172803E0
7.895678538E1,-5.853639841E-1,-2.124904245E-1,1.088842511E0
7.896676238E1,-5.924639702E-1,-2.010835707E-1,1.083404064E0
7.897673937E1,-6.239361763E-1,-1.937452555E-1,1.071461201E0
7.898671537E1,-6.376431584E-1,-1.824105829E-1,1.067323208E0
7.899669238E1,-6.327579021E-1,-1.692249030E-1,1.073422790E0
7.900666838E1,-6.147972941E-1,-1.686376780E-1,1.081595421E0
7.901664537E1,-6.003489494E-1,-1.751675159E-1,1.085407615E0
7.902662238E1,-6.076694131E-1,-1.745691001E-1,1.076176405E0
7.903659838E1,-6.313218474E-1,-1.613992602E-1,1.069295168E0
7.904657538E1,-6.367560625E-1,-1.426934898E-1,1.066275716E0
7.905655237E1,-6.239010692E-1,-1.447234154E-1,1.073535442E0
7.906652838E1,-5.996050835E-1,-1.485192180E-1,1.084000111E0
7.907650538E1,-6.008860469E-1,-1.488261521E-1,1.084706426E0
7.908648237E1,-6.226222515E-1,-1.367689520E-1,1.077814460E0
7.909645837E1,-6.458227038E-1,-1.293649077E-1,1.067463040E0
7.910643538E1,-6.424620748E-1,-1.244090274E-1,1.067006111E0
7.911641238E1,-6.225548387E-1,-1.159273237E-1,1.078794718E0
7.912638837E1,-6.164617538E-1,-1.063356847E-1,1.082922339E0
7.913636538E1,-6.229511499E-1,-1.040306240E-1,1.082269430E0
7.914634238E1,-6.342323422E-1,-9.654767066E-2,1.074243546E0
7.915631837E1,-6.431237459E-1,-8.759432286E-2,1.066326976E0
7.916629537E1,-6.403825283E-1,-7.708229125E-2,1.069545388E0
7.917627238E1,-6.254227161E-1,-7.176312804E-2,1.081807017E0
7.918624838E1,-6.172891259E-1,-6.894230843E-2,1.087482452E0
7.919622537E1,-6.243436933E-1,-5.358485505E-2,1.080270290E0
7.920620238E1,-6.487909555E-1,-5.048812926E-2,1.068758011E0
7.921617838E1,-6.528987288E-1,-4.701434076E-2,1.059707403E0
7.922615538E1,-6.337764263E-1,-3.538618237E-2,1.065234542E0
7.923613137E1,-6.207916737E-1,-3.134419769E-2,1.071051002E0
7.924610838E1,-6.205368638E-1,-2.682214975E-2,1.076918125E0
7.925608538E1,-6.250180006E-1,-5.613337271E-3,1.074559093E0
7.926606137E1,-6.378626823E-1,-9.286102839E-3,1.060264826E0
7.927603837E1,-6.347374320E-1,-2.044780925E-2,1.062594414E0
7.928601538E1,-6.188436747E-1,-1.472068205E-2,1.073416114E0
7.929599138E1,-6.124204397E-1,-2.405433916E-4,1.084930301E0
7.930596837E1,-6.168125272E-1,8.945232257E-3,1.090654492E0
7.931594538E1,-6.223904490E-1,-3.885843093E-3,1.078776956E0
7.932592138E1,-6.311149597E-1,-2.037373930E-2,1.061981201E0
7.933589837E1,-6.350656748E-1,-2.036594972E-2,1.058605075E0
7.934587537E1,-6.257435083E-1,-1.095433906E-2,1.069040418E0
7.935585138E1,-6.085786223E-1,-4.016007297E-3,1.080161810E0
7.936582838E1,-6.111273170E-1,9.995682165E-3,1.082320809E0
7.937580537E1,-6.207473874E-1,6.305611227E-3,1.075784802E0
7.938578137E1,-6.194035411E-1,-1.295516826E-2,1.076701403E0
7.939575838E1,-5.994597077E-1,-2.909432910E-2,1.082292318E0
7.940573538E1,-5.916302800E-1,-1.044181548E-2,1.094296575E0
7.941571137E1,-6.086403131E-1,6.007632241E-3,1.100015640E0
7.942568838E1,-6.104459763E-1,2.207048796E-2,1.107511878E0
7.943566538E1,-6.059170365E-1,1.918881573E-2,1.098606944E0
7.944564137E1,-6.132777333E-1,-1.303409692E-3,1.086573243E0
7.945561837E1,-6.115499139E-1,-4.114943091E-3,1.096006870E0
7.946559438E1,-5.943722725E-1,1.009861380E-2,1.113589048E0
7.947557138E1,-5.910995603E-1,3.431883827E-2,1.113374710E0
7.948554837E1,-5.999902487E-1,4.058445618E-2,1.100764036E0
7.949552438E1,-6.022005677E-1,1.838280819E-2,1.093706012E0
7.950550138E1,-5.794577003E-1,1.447767485E-3,1.102655053E0
7.951547838E1,-5.635192394E-1,9.090374224E-3,1.108950734E0
7.952545437E1,-5.689440966E-1,1.932729781E-2,1.115128756E0
7.953543138E1,-5.690271854E-1,3.605928272E-2,1.128214478E0
7.954540838E1,-5.561561584E-1,3.436711058E-2,1.121126413E0
7.955538437E1,-5.568169951E-1,2.121584956E-3,1.103468418E0
7.956536137E1,-5.524947047E-1,-2.723017894E-2,1.094536901E0
7.957533838E1,-5.397748947E-1,-3.213172778E-2,1.115877151E0
7.958531438E1,-5.208419561E-1,-1.292154938E-2,1.137458682E0
7.959529137E1,-5.246204734E-1,1.621223241E-2,1.136008024E0
7.960526838E1,-5.436769724E-1,-9.009735659E-4,1.121769071E0
7.961524438E1,-5.309367776E-1,-3.604927287E-2,1.122473001E0
7.962522137E1,-5.046207309E-1,-4.822205007E-2,1.131296754E0
7.963519837E1,-5.086439848E-1,-1.050209440E-2,1.145886898E0
7.964517438E1,-5.192620158E-1,2.095622942E-2,1.160212517E0
7.965515138E1,-5.063362718E-1,1.896261238E-2,1.167560101E0
7.966512837E1,-4.916689396E-1,-1.205362566E-2,1.157148480E0
7.967510437E1,-4.976371229E-1,-5.465158448E-2,1.137678504E0
7.968508138E1,-4.955220520E-1,-4.772683606E-2,1.153748035E0
7.969505738E1,-4.751835763E-1,-1.267891144E-3,1.186346531E0
7.970503437E1,-4.663109779E-1,2.988709882E-2,1.186230421E0
7.971501138E1,-4.737270772E-1,1.409135945E-2,1.166259170E0
7.972498738E1,-4.678177834E-1,-3.410200030E-2,1.153849006E0
7.973496437E1,-4.343307912E-1,-6.046456099E-2,1.166986346E0
7.974494137E1,-4.165046513E-1,-3.252906352E-2,1.179418564E0
7.975491738E1,-4.230420589E-1,-5.153043196E-3,1.186261058E0
7.976489438E1,-4.168885648E-1,1.780260727E-2,1.194954157E0
7.977487137E1,-3.985411823E-1,-1.412293315E-2,1.182676315E0
7.978484738E1,-3.886318207E-1,-5.966458470E-2,1.166522384E0
7.979482438E1,-3.841193318E-1,-7.918475568E-2,1.165032029E0
7.980480137E1,-3.684535623E-1,-5.054352060E-2,1.194626689E0
7.981477737E1,-3.499101400E-1,-5.048014689E-3,1.219288826E0
7.982475438E1,-3.534279168E-1,1.481623668E-2,1.206937313E0
7.983473138E1,-3.717030287E-1,5.409554578E-3,1.187804461E0
7.984470737E1,-3.601933718E-1,1.104287803E-3,1.189700365E0
7.985468437E1,-3.362149000E-1,5.379160400E-3,1.202605724E0
7.986466138E1,-3.243132234E-1,1.840095222E-2,1.212668180E0
7.987463738E1,-3.315059543E-1,4.754575714E-2,1.222748041E0
7.988461437E1,-3.207787275E-1,7.161034644E-2,1.225866079E0
7.989459138E1,-2.962242961E-1,4.631261528E-2,1.216729164E0
7.990456738E1,-2.836789489E-1,-3.223510459E-3,1.200550556E0
7.991454437E1,-2.818501592E-1,-2.480577305E-2,1.205668569E0
7.992452137E1,-2.758295536E-1,1.741837896E-2,1.229846835E0
7.993449738E1,-2.662905455E-1,6.130361184E-2,1.246241570E0
7.994447438E1,-2.545598447E-1,3.672316670E-2,1.237185001E0
7.995445137E1,-2.453106791E-1,-1.005436061E-3,1.225645423E0
7.996442738E1,-2.398067266E-1,-2.903467417E-2,1.220761418E0
7.997440438E1,-2.373397499E-1,-2.516838908E-2,1.230840325E0
7.998438038E1,-2.336350232E-1,1.125992648E-2,1.250916839E0
7.999435737E1,-2.297751456E-1,5.389349908E-2,1.259896994E0
8.000433438E1,-2.203342319E-1,4.352421686E-2,1.254426599E0
8.001431038E1,-2.184902430E-1,6.169654429E-3,1.235855222E0
8.002428737E1,-2.077726126E-1,-2.538986877E-2,1.232761979E0
8.003426437E1,-1.899541467E-1,9.585722350E-3,1.251016498E0
8.004424038E1,-1.789422482E-1,6.568574160E-2,1.272122622E0
8.005421738E1,-1.793640703E-1,9.127286822E-2,1.272794366E0
8.006419437E1,-1.683678776E-1,5.993997306E-2,1.259009838E0
8.007417038E1,-1.555900872E-1,3.170044720E-2,1.244393229E0
8.008414738E1,-1.440151930E-1,3.449144214E-2,1.246188164E0
8.009412437E1,-1.345681548E-1,6.417131424E-2,1.265343785E0
8.010410037E1,-1.305710077E-1,1.049041003E-1,1.281566381E0
8.011407738E1,-1.276720762E-1,1.101266146E-1,1.275824308E0
8.012405438E1,-1.172447279E-1,6.260516495E-2,1.261728644E0
8.013403037E1,-1.027587876E-1,2.185197733E-2,1.248751521E0
8.014400737E1,-8.957453817E-2,1.697652787E-2,1.255674601E0
8.015398438E1,-7.869672030E-2,6.666891277E-2,1.279039264E0
8.016396038E1,-7.984134555E-2,1.154273972E-1,1.289302111E0
8.017393737E1,-7.936052233E-2,1.053399444E-1,1.283447981E0
8.018391438E1,-7.045224309E-2,6.970950961E-2,1.272078156E0
8.019389038E1,-5.075927079E-2,2.355200797E-2,1.259004116E0
8.020386737E1,-4.421268776E-2,3.080379218E-2,1.265202641E0
8.021384437E1,-4.478323460E-2,8.094599098E-2,1.286889195E0
8.022382038E1,-5.090770498E-2,1.315665543E-1,1.293014765E0
8.023379738E1,-4.301580787E-2,1.066839173E-1,1.281727791E0
8.024377437E1,-2.561977319E-2,7.787623256E-2,1.270196795E0
8.025375038E1,-7.240861654E-3,5.120037496E-2,1.264087200E0
8.026372738E1,-1.930518541E-3,7.979100943E-2,1.283441186E0
8.027370338E1,-3.923342563E-3,1.423016489E-1,1.297303081E0
8.028368037E1,-5.052789114E-3,1.794274449E-1,1.291198373E0
8.029365738E1,1.046697143E-2,1.417566091E-1,1.278126597E0
8.030363338E1,2.633568086E-2,1.116889939E-1,1.270509124E0
8.031361037E1,3.022279404E-2,1.373844743E-1,1.277142048E0
8.032358737E1,3.775874153E-2,1.912256032E-1,1.289942026E0
8.033356338E1,3.751963004E-2,2.495275289E-1,1.296266437E0
8.034354038E1,4.409657046E-2,2.542355061E-1,1.286170125E0
8.035351737E1,6.043627486E-2,1.891118139E-1,1.266570807E0
8.036349338E1,7.381520420E-2,1.632759571E-1,1.265041351E0
8.037347038E1,7.163224369E-2,2.044781446E-1,1.278598428E0
8.038344737E1,7.343734056E-2,2.803907394E-1,1.303912044E0
8.039342337E1,7.557876408E-2,3.266768754E-1,1.305923343E0
8.040340038E1,8.634885401E-2,2.879773974E-1,1.289375782E0
8.041337738E1,9.618987888E-2,2.354161292E-1,1.278157234E0
8.042335337E1,8.810026199E-2,2.267270237E-1,1.276485682E0
8.043333038E1,8.019452542E-2,2.439219356E-1,1.287209392E0
8.044330738E1,7.864882797E-2,3.049754202E-1,1.308713317E0
8.045328338E1,7.164717466E-2,3.287985027E-1,1.300782084E0
8.046326037E1,8.794251829E-2,2.703181505E-1,1.290538192E0
8.047323738E1,1.188451126E-1,1.969973594E-1,1.290509582E0
8.048321338E1,1.328301728E-1,1.518346816E-1,1.292188644E0
8.049319037E1,1.250576079E-1,1.648220420E-1,1.307328939E0
8.050316737E1,1.169464067E-1,2.280406952E-1,1.326852918E0
8.051314338E1,1.098782793E-1,2.340684384E-1,1.326674700E0
8.052312038E1,1.152394935E-1,2.071540058E-1,1.316222906E0
8.053309637E1,1.206710562E-1,1.774400771E-1,1.300810695E0
8.054307338E1,1.156683117E-1,1.750927567E-1,1.305454135E0
8.055305038E1,1.255068034E-1,2.249755114E-1,1.322198868E0
8.056302637E1,1.216859743E-1,2.610064745E-1,1.320991158E0
8.057300337E1,1.177361682E-1,2.479264587E-1,1.310541511E0
8.058298038E1,1.383394450E-1,2.255505770E-1,1.304699302E0
8.059295638E1,1.530568898E-1,1.924615949E-1,1.299595952E0
8.060293337E1,1.541450620E-1,2.082131356E-1,1.302824974E0
8.061291037E1,1.445309818E-1,2.651946247E-1,1.304165840E0
8.062288638E1,1.441754550E-1,2.766949534E-1,1.300998569E0
8.063286338E1,1.631308198E-1,2.445500940E-1,1.295308828E0
8.064284037E1,1.763638109E-1,2.069097757E-1,1.283315539E0
8.065281638E1,1.824772954E-1,2.019191086E-1,1.286556482E0
8.066279338E1,1.862491220E-1,2.252960801E-1,1.297070384E0
8.067277037E1,1.741049737E-1,2.571628690E-1,1.299715400E0
8.068274637E1,1.613542885E-1,2.719500661E-1,1.291606426E0
8.069272317E1,1.646375805E-1,2.603126466E-1,1.289295435E0
8.070270017E1,1.810016483E-1,2.198467255E-1,1.291718125E0
8.071267617E1,1.840080917E-1,1.875444502E-1,1.296003938E0
8.072265317E1,1.688517779E-1,1.949706674E-1,1.302721500E0
8.073263017E1,1.504953951E-1,2.311236113E-1,1.312756419E0
8.074260617E1,1.492016315E-1,2.307329178E-1,1.312474370E0
8.075258317E1,1.618865430E-1,1.928863525E-1,1.301081538E0
8.076256017E1,1.789227873E-1,1.622091383E-1,1.297144294E0
8.077253617E1,1.847784519E-1,1.362109035E-1,1.298790574E0
8.078251317E1,1.929154843E-1,1.508455127E-1,1.313367486E0
8.079249017E1,1.906014383E-1,1.677226275E-1,1.308406591E0
8.080246617E1,1.929157376E-1,1.506818533E-1,1.296836138E0
8.081244317E1,2.102265805E-1,1.308515817E-1,1.293082356E0
8.082241917E1,2.177105993E-1,1.168571934E-1,1.292272806E0
8.083239617E1,2.114043683E-1,1.081411391E-1,1.291720986E0
8.084237317E1,2.060279846E-1,1.324885488E-1,1.297587633E0
8.085234917E1,2.026279122E-1,1.394099742E-1,1.292170525E0
8.086232617E1,2.044793516E-1,1.277410686E-1,1.282884955E0
8.087230317E1,2.053349912E-1,1.177241057E-1,1.274760962E0
8.088227917E1,2.052367181E-1,1.004252806E-1,1.271975875E0
8.089225617E1,2.044821233E-1,1.181446910E-1,1.292591810E0
8.090223317E1,1.939152330E-1,1.382656842E-1,1.297946572E0
8.091220917E1,1.814249456E-1,1.115735844E-1,1.288284063E0
8.092218617E1,1.939700395E-1,8.720113337E-2,1.284640789E0
8.093216317E1,1.985162646E-1,6.129905581E-2,1.282999158E0
8.094213917E1,1.923577040E-1,5.116599426E-2,1.290079355E0
8.095211617E1,1.883271933E-1,6.374619901E-2,1.297780633E0
8.096209317E1,1.842110008E-1,5.745368078E-2,1.296798944E0
8.097206917E1,1.877988428E-1,4.371749982E-2,1.291130185E0
8.098204617E1,1.904920936E-1,1.278408710E-2,1.277518988E0
8.099202317E1,1.972240061E-1,-2.935205773E-2,1.272175670E0
8.100199917E1,2.082636058E-1,-4.835424200E-2,1.277030349E0
8.101197617E1,2.075926363E-1,-4.069146141E-2,1.278935313E0
8.102195317E1,1.856553704E-1,-3.756810725E-2,1.273974419E0
8.103192917E1,1.727122962E-1,-5.061139911E-2,1.268683434E0
8.104190617E1,1.768718958E-1,-5.028782412E-2,1.274551749E0
8.105188317E1,1.788952202E-1,-6.936544180E-2,1.279011607E0
8.106185917E1,1.698218286E-1,-7.475035638E-2,1.284537435E0
8.107183617E1,1.604463756E-1,-6.952579319E-2,1.290748119E0
8.108181317E1,1.590945572E-1,-7.087095827E-2,1.293559909E0
8.109178917E1,1.612692177E-1,-8.919567615E-2,1.287051797E0
8.110176617E1,1.699780226E-1,-1.170350313E-1,1.280728459E0
8.111174217E1,1.736849248E-1,-1.283895224E-1,1.283801556E0
8.112171917E1,1.787012517E-1,-1.432803273E-1,1.285643697E0
8.113169617E1,1.643773317E-1,-1.466792375E-1,1.278133273E0
8.114167217E1,1.461519897E-1,-1.501051188E-1,1.268778920E0
8.115164917E1,1.517703235E-1,-1.432989538E-1,1.274416208E0
8.116162617E1,1.545173675E-1,-1.495515257E-1,1.278654099E0
8.117160217E1,1.589773893E-1,-1.812548339E-1,1.274437308E0
8.118157917E1,1.693714410E-1,-2.080984265E-1,1.266827345E0
8.119155617E1,1.739318967E-1,-2.238585949E-1,1.265739322E0
8.120153217E1,1.693595201E-1,-2.178928405E-1,1.272060513E0
8.121150917E1,1.583717763E-1,-2.138925642E-1,1.270525932E0
8.122148617E1,1.510592699E-1,-2.186308503E-1,1.269906521E0
8.123146217E1,1.568126976E-1,-2.363104075E-1,1.270761728E0
8.124143917E1,1.536179632E-1,-2.639423013E-1,1.266547799E0
8.125141617E1,1.344746500E-1,-2.810934484E-1,1.259608388E0
8.126139217E1,1.305230558E-1,-2.762294412E-1,1.266818643E0
8.127136917E1,1.368663609E-1,-2.791149020E-1,1.275391459E0
8.128134617E1,1.449567676E-1,-3.121932149E-1,1.274382710E0
8.129132217E1,1.468486786E-1,-3.401513696E-1,1.262670755E0
8.130129917E1,1.225324050E-1,-3.359670043E-1,1.257941484E0
8.131127617E1,1.053432375E-1,-3.265000284E-1,1.265323520E0
8.132125217E1,9.418672323E-2,-3.222600222E-1,1.267860174E0
8.133122917E1,8.193933219E-2,-3.247518241E-1,1.271341324E0
8.134120617E1,7.391469181E-2,-3.337469101E-1,1.267551661E0
8.135118217E1,8.195132017E-2,-3.530545831E-1,1.269281387E0
8.136115917E1,7.937550545E-2,-3.527429700E-1,1.267980456E0
8.137113617E1,6.707076728E-2,-3.532072306E-1,1.267773747E0
8.138111217E1,7.280961424E-2,-3.543697000E-1,1.269176126E0
8.139108917E1,9.290681034E-2,-3.646236062E-1,1.268341780E0
8.140106617E1,1.102037728E-1,-3.786382079E-1,1.261819959E0
8.141104217E1,9.116138518E-2,-3.926195204E-1,1.241417766E0
8.142101917E1,7.099699229E-2,-3.883422315E-1,1.242778897E0
8.143099617E1,6.638732553E-2,-3.733396828E-1,1.256227851E0
8.144097217E1,7.251632959E-2,-3.754931390E-1,1.260893106E0
8.145094917E1,7.845435292E-2,-3.995549381E-1,1.245479822E0
8.146092517E1,6.862010062E-2,-4.050000608E-1,1.236623764E0
8.147090217E1,5.752279609E-2,-3.840956390E-1,1.242489457E0
8.148087917E1,4.651168734E-2,-3.875143528E-1,1.245560884E0
8.149085517E1,4.601681232E-2,-4.022203386E-1,1.247983217E0
8.150083217E1,4.712282494E-2,-4.072004557E-1,1.245982051E0
8.151080917E1,4.463863000E-2,-4.122845829E-1,1.242605090E0
8.152078517E1,3.436335549E-2,-4.128915071E-1,1.238504171E0
8.153076217E1,1.164904423E-2,-4.154998958E-1,1.234466076E0
8.154073917E1,-5.426078569E-3,-4.193524420E-1,1.234920740E0
8.155071517E1,-3.862127196E-3,-4.110189378E-1,1.250304699E0
8.156069217E1,-4.339098930E-3,-4.144368172E-1,1.249064803E0
8.157066917E1,-7.309405133E-3,-4.367561638E-1,1.241133571E0
8.158064517E1,-9.774160571E-3,-4.363913238E-1,1.237875462E0
8.159062217E1,-1.783473417E-2,-4.335278571E-1,1.235947609E0
8.160059917E1,-3.000617772E-2,-4.278356433E-1,1.237862110E0
8.161057517E1,-4.120962322E-2,-4.357046187E-1,1.238372564E0
8.162055217E1,-4.284134135E-2,-4.440754652E-1,1.244775534E0
8.163052917E1,-4.172429815E-2,-4.386043549E-1,1.248451471E0
8.164050517E1,-5.644838512E-2,-4.404009283E-1,1.236754656E0
8.165048217E1,-7.823635638E-2,-4.498108625E-1,1.225841761E0
8.166045917E1,-8.016102016E-2,-4.515006244E-1,1.224756002E0
8.167043517E1,-7.869783789E-2,-4.590126276E-1,1.225482702E0
8.168041217E1,-6.317374110E-2,-4.777311683E-1,1.231124640E0
8.169039075E1,-6.384918094E-2,-4.819981158E-1,1.223775983E0
8.170036675E1,-9.136522561E-2,-4.816050529E-1,1.222038507E0
8.171034375E1,-1.204282269E-1,-4.655806124E-1,1.223584890E0
8.172032075E1,-1.389449090E-1,-4.629054666E-1,1.227562070E0
8.173029675E1,-1.367635280E-1,-4.742007256E-1,1.240604877E0
8.174027375E1,-1.336348355E-1,-4.850366116E-1,1.243300080E0
8.175025075E1,-1.414539665E-1,-4.891819954E-1,1.236470699E0
8.176022675E1,-1.576337367E-1,-4.849632978E-1,1.228854418E0
8.177020375E1,-1.728369892E-1,-4.731981158E-1,1.237294316E0
8.178018075E1,-1.661250293E-1,-4.775055349E-1,1.238475919E0
8.179015675E1,-1.676185727E-1,-4.834896624E-1,1.241095304E0
8.180013375E1,-1.735534221E-1,-4.596482515E-1,1.254837394E0
8.181011075E1,-1.953668445E-1,-4.361290634E-1,1.253936172E0
8.182008675E1,-2.015610784E-1,-4.549163282E-1,1.244948626E0
8.183006375E1,-2.058360577E-1,-4.750140607E-1,1.226343870E0
8.184004075E1,-2.289858460E-1,-4.794386327E-1,1.222229004E0
8.185001675E1,-2.306033373E-1,-4.807216823E-1,1.220186472E0
8.185999375E1,-2.224109173E-1,-4.653128982E-1,1.212481499E0
8.186997075E1,-2.353193760E-1,-4.598884881E-1,1.205496907E0
8.187994675E1,-2.398768365E-1,-4.530055523E-1,1.205706596E0
8.188992375E1,-2.497262359E-1,-4.439578354E-1,1.217989683E0
8.189990075E1,-2.523382604E-1,-4.302476346E-1,1.219920993E0
8.190987675E1,-2.567276061E-1,-4.326172471E-1,1.216970921E0
8.191985375E1,-2.607188821E-1,-4.312233329E-1,1.211437345E0
8.192983075E1,-2.541874647E-1,-4.396571815E-1,1.200506210E0
8.193980675E1,-2.696537673E-1,-4.324703813E-1,1.194849968E0
8.194978375E1,-2.977994084E-1,-4.338172674E-1,1.197454453E0
8.195976075E1,-3.132177889E-1,-4.254133999E-1,1.206950545E0
8.196973675E1,-3.149623573E-1,-4.089985788E-1,1.216416597E0
8.197971375E1,-3.080501258E-1,-3.971374035E-1,1.206308842E0
8.198968975E1,-3.268636763E-1,-4.250768721E-1,1.190690637E0
8.199966675E1,-3.377216458E-1,-4.156386256E-1,1.199818134E0
8.200964375E1,-3.482889533E-1,-3.962552845E-1,1.206856847E0
8.201962075E1,-3.510325551E-1,-3.801213205E-1,1.203779578E0
8.202959675E1,-3.551413417E-1,-3.736778200E-1,1.198448777E0
8.203957375E1,-3.594740331E-1,-3.669786453E-1,1.189546585E0
8.204954975E1,-3.687778711E-1,-3.619927168E-1,1.185847402E0
8.205952675E1,-3.807256222E-1,-3.568688035E-1,1.182553291E0
8.206950375E1,-3.834671974E-1,-3.604931533E-1,1.186424971E0
8.207947975E1,-3.745043278E-1,-3.425594270E-1,1.197001457E0
8.208945675E1,-3.670949042E-1,-3.262183964E-1,1.193804979E0
8.209943375E1,-3.774149418E-1,-3.320856094E-1,1.168702126E0
8.210940975E1,-3.896698952E-1,-3.454796970E-1,1.159012914E0
8.211938675E1,-4.053473771E-1,-3.322390020E-1,1.167124152E0
8.212936375E1,-4.154335558E-1,-3.120758832E-1,1.174120069E0
8.213933975E1,-4.268803596E-1,-2.893942893E-1,1.172762632E0
8.214931675E1,-4.401651621E-1,-2.782568932E-1,1.163653970E0
8.215929375E1,-4.494662285E-1,-2.872439921E-1,1.152043939E0
8.216926975E1,-4.580554664E-1,-2.864412069E-1,1.155112267E0
8.217924675E1,-4.702894986E-1,-2.786762118E-1,1.162810326E0
8.218922375E1,-4.792026281E-1,-2.728475034E-1,1.170565844E0
8.219919975E1,-4.842559695E-1,-2.496162057E-1,1.175048470E0
8.220917675E1,-4.892035127E-1,-2.431236506E-1,1.167461276E0
8.221915375E1,-5.047571659E-1,-2.561779320E-1,1.157061577E0
8.222912975E1,-5.143005848E-1,-2.551321089E-1,1.160352349E0
8.223910675E1,-5.200935006E-1,-2.417281568E-1,1.161953807E0
8.224908375E1,-5.261906385E-1,-2.176373899E-1,1.164736032E0
8.225905975E1,-5.342935920E-1,-2.039266378E-1,1.161486983E0
8.226903675E1,-5.423176289E-1,-2.010072768E-1,1.159122109E0
8.227901375E1,-5.447432399E-1,-1.972825825E-1,1.153547287E0
8.228898975E1,-5.553423762E-1,-1.929449439E-1,1.151804686E0
8.229896675E1,-5.677149296E-1,-1.783492267E-1,1.158696413E0
8.230894375E1,-5.733886957E-1,-1.594973654E-1,1.162350655E0
8.231891975E1,-5.791629553E-1,-1.376892626E-1,1.161125898E0
8.232889675E1,-5.789593458E-1,-1.363928914E-1,1.151479363E0
8.233887375E1,-5.830774307E-1,-1.556070596E-1,1.146312356E0
8.234884975E1,-5.935705900E-1,-1.597001106E-1,1.150532246E0
8.235882675E1,-6.086483002E-1,-1.482951194E-1,1.152758121E0
8.236880375E1,-6.209880114E-1,-1.204656735E-1,1.148483992E0
8.237877975E1,-6.323783398E-1,-9.650388360E-2,1.147033691E0
8.238875675E1,-6.355237365E-1,-8.816247433E-2,1.139375687E0
8.239873375E1,-6.437382698E-1,-9.211247414E-2,1.133658886E0
8.240870975E1,-6.563620567E-1,-9.394942969E-2,1.135457635E0
8.241868675E1,-6.668159962E-1,-8.504834771E-2,1.139382601E0
8.242866375E1,-6.745641232E-1,-5.052775517E-2,1.142598152E0
8.243863975E1,-6.811772585E-1,-2.393875457E-2,1.140103102E0
8.244861675E1,-6.846030354E-1,-2.696165442E-2,1.132301688E0
8.245859375E1,-6.778223515E-1,-5.327528343E-2,1.127368689E0
8.246856975E1,-6.783566475E-1,-5.947085097E-2,1.125296593E0
8.247854675E1,-6.889096498E-1,-4.035281762E-2,1.125091195E0
8.248852375E1,-7.014086246E-1,-7.082025986E-4,1.125887632E0
8.249849975E1,-7.103919983E-1,2.371138707E-2,1.125910997E0
8.250847675E1,-7.084388733E-1,2.828815579E-2,1.110177398E0
8.251845375E1,-7.131476402E-1,9.084637277E-4,1.094609380E0
8.252842975E1,-7.223432064E-1,-4.167078994E-3,1.105457067E0
8.253840675E1,-7.235022187E-1,2.660707943E-2,1.116979480E0
8.254838375E1,-7.275164127E-1,6.837210059E-2,1.120090365E0
8.255835975E1,-7.348374128E-1,9.603063017E-2,1.112964511E0
8.256833675E1,-7.369844317E-1,9.635540843E-2,1.099137068E0
8.257831375E1,-7.433813214E-1,7.510763407E-2,1.078135371E0
8.258828975E1,-7.527222633E-1,6.942371279E-2,1.075344205E0
8.259826675E1,-7.601426244E-1,9.223502129E-2,1.085199952E0
8.260824375E1,-7.579163909E-1,1.301616430E-1,1.094505310E0
8.261821975E1,-7.428240180E-1,1.521204710E-1,1.098911762E0
8.262819675E1,-7.356596589E-1,1.298409998E-1,1.080995917E0
8.263817375E1,-7.567281723E-1,1.017467827E-1,1.067941666E0
8.264814975E1,-7.844585180E-1,1.048638001E-1,1.076296568E0
8.265812675E1,-7.972094417E-1,1.348075867E-1,1.091667295E0
8.266810375E1,-7.936432958E-1,1.824341416E-1,1.100238800E0
8.267807975E1,-7.828007936E-1,2.081653476E-1,1.092524171E0
8.268805542E1,-7.940923572E-1,1.543074101E-1,1.048419476E0
8.269803242E1,-8.168538809E-1,1.186594069E-1,1.036772966E0
8.270800842E1,-8.301149011E-1,1.518751383E-1,1.051983714E0
8.271798542E1,-8.390668631E-1,2.118932009E-1,1.063179612E0
8.272796242E1,-8.332637548E-1,2.389633358E-1,1.074956775E0
8.273793842E1,-8.003795743E-1,2.279631495E-1,1.089736819E0
8.274791542E1,-7.889468074E-1,2.225431055E-1,1.088578939E0
8.275789242E1,-8.164175749E-1,2.295315117E-1,1.085258245E0
8.276786842E1,-8.553768396E-1,2.436012030E-1,1.089808464E0
8.277784542E1,-8.600648046E-1,2.751505971E-1,1.098931432E0
8.278782242E1,-8.507662416E-1,3.002678752E-1,1.098525405E0
8.279779842E1,-8.467382193E-1,2.902741134E-1,1.085996509E0
8.280777542E1,-8.535245061E-1,2.869618535E-1,1.077648520E0
8.281775242E1,-8.688076138E-1,2.991953492E-1,1.065705299E0
8.282772842E1,-8.834980130E-1,3.166065216E-1,1.052218676E0
8.283770542E1,-8.726597428E-1,3.009601831E-1,1.052798986E0
8.284768242E1,-8.422758579E-1,2.780053914E-1,1.058421731E0
8.285765842E1,-8.249304295E-1,2.721632123E-1,1.056279778E0
8.286763542E1,-8.476361632E-1,2.706906796E-1,1.044230580E0
8.287761242E1,-8.692913651E-1,2.686280608E-1,1.049959540E0
8.288758842E1,-8.610243201E-1,2.740821540E-1,1.057729721E0
8.289756542E1,-8.408876061E-1,2.511781752E-1,1.054525852E0
8.290754242E1,-8.382397294E-1,2.356449515E-1,1.054167867E0
8.291751842E1,-8.498055935E-1,2.482752651E-1,1.058496594E0
8.292749542E1,-8.688008189E-1,2.708431482E-1,1.063060403E0
8.293747242E1,-8.660146594E-1,2.626845539E-1,1.065635920E0
8.294744842E1,-8.535178304E-1,2.210031301E-1,1.064957261E0
8.295742542E1,-8.535804152E-1,1.750936955E-1,1.062391639E0
8.296740242E1,-8.628723621E-1,1.808940023E-1,1.065924287E0
8.297737842E1,-8.788739443E-1,1.883077174E-1,1.062044621E0
8.298735542E1,-8.832858801E-1,1.761291325E-1,1.060187340E0
8.299733242E1,-8.670597672E-1,1.565903127E-1,1.062833786E0
8.300730842E1,-8.470878601E-1,1.323876679E-1,1.059807181E0
8.301728542E1,-8.349398375E-1,1.334569305E-1,1.063209653E0
8.302726242E1,-8.344444633E-1,1.503467113E-1,1.066789389E0
8.303723842E1,-8.337181807E-1,1.640113890E-1,1.073810816E0
8.304721542E1,-8.117560744E-1,1.634676158E-1,1.077088714E0
8.305719242E1,-7.874883413E-1,1.397431046E-1,1.076062799E0
8.306716842E1,-7.731481194E-1,1.154102609E-1,1.072885990E0
8.307714542E1,-7.640001774E-1,1.405020356E-1,1.081888080E0
8.308712242E1,-7.723606825E-1,1.607620567E-1,1.076207280E0
8.309709842E1,-7.716229558E-1,1.530593932E-1,1.068135262E0
8.310707542E1,-7.598261237E-1,1.369696707E-1,1.060024381E0
8.311705242E1,-7.467675805E-1,1.231105775E-1,1.057194471E0
8.312702842E1,-7.313918471E-1,1.169742420E-1,1.059782028E0
8.313700542E1,-7.293680906E-1,1.173345670E-1,1.064468741E0
8.314698242E1,-7.367582321E-1,1.236038432E-1,1.079271317E0
8.315695842E1,-7.372282743E-1,1.256203949E-1,1.095892072E0
8.316693542E1,-7.315213084E-1,8.848348260E-2,1.102796435E0
8.317691242E1,-7.185620666E-1,3.723760694E-2,1.104361057E0
8.318688842E1,-7.117309570E-1,3.320135921E-2,1.117356777E0
8.319686542E1,-7.199838758E-1,4.668734223E-2,1.133199692E0
8.320684242E1,-7.250464559E-1,2.552068606E-2,1.145872712E0
8.321681842E1,-7.124124169E-1,-9.930515662E-3,1.148795247E0
8.322679542E1,-6.995963454E-1,-6.452028453E-2,1.143724918E0
8.323677242E1,-6.879101396E-1,-1.033294648E-1,1.141907573E0
8.324674842E1,-6.799033880E-1,-1.082088053E-1,1.156060696E0
8.325672542E1,-6.681801081E-1,-1.136448532E-1,1.182530046E0
8.326670242E1,-6.588082910E-1,-1.013219506E-1,1.202027082E0
8.327667842E1,-6.596227288E-1,-7.700728625E-2,1.202437520E0
8.328665542E1,-6.561150551E-1,-8.631073684E-2,1.193994641E0
8.329663242E1,-6.394423246E-1,-6.682731956E-2,1.195399523E0
8.330660842E1,-6.130334735E-1,-1.269412600E-2,1.206353068E0
8.331658542E1,-6.060112715E-1,-1.823776215E-2,1.203922391E0
8.332656242E1,-5.887333751E-1,-4.850786179E-2,1.200745583E0
8.333653842E1,-5.579776168E-1,-6.884455681E-2,1.193274379E0
8.334651542E1,-5.316160321E-1,-1.081907749E-1,1.187633991E0
8.335649242E1,-5.044595003E-1,-1.225113943E-1,1.190558434E0
8.336646842E1,-4.812815487E-1,-1.187635735E-1,1.201570988E0
8.337644542E1,-4.820887446E-1,-1.209992915E-1,1.211225748E0
8.338642242E1,-4.736644328E-1,-1.346506774E-1,1.210405231E0
8.339639842E1,-4.512448907E-1,-1.999977231E-1,1.195341587E0
8.340637542E1,-4.226266146E-1,-2.459874451E-1,1.204910874E0
8.341635242E1,-4.004962742E-1,-2.316753417E-1,1.234207273E0
8.342632842E1,-4.092505574E-1,-2.190793902E-1,1.262667060E0
8.343630542E1,-4.146115184E-1,-2.301027477E-1,1.283689737E0
8.344628242E1,-4.076006413E-1,-2.500360608E-1,1.288358927E0
8.345625842E1,-3.913630843E-1,-3.078543544E-1,1.271731019E0
8.346623542E1,-3.575217724E-1,-3.534310460E-1,1.261567712E0
8.347621242E1,-3.265540004E-1,-3.461320996E-1,1.272253394E0
8.348618842E1,-3.143351376E-1,-3.446570933E-1,1.280370593E0
8.349616542E1,-3.026798368E-1,-3.643407822E-1,1.277264476E0
8.350614242E1,-2.860490680E-1,-3.979978859E-1,1.257051110E0
8.351611842E1,-2.663717568E-1,-4.312860668E-1,1.246152639E0
8.352609542E1,-2.317910939E-1,-4.178083539E-1,1.251894832E0
8.353607242E1,-2.120323032E-1,-3.835731447E-1,1.276124239E0
8.354604842E1,-1.890115291E-1,-3.733061850E-1,1.296969056E0
8.355602542E1,-1.625538319E-1,-3.831763864E-1,1.301542044E0
8.356600242E1,-1.424727887E-1,-4.140815735E-1,1.284383774E0
8.357597842E1,-1.295652390E-1,-4.166485965E-1,1.272051215E0
8.358595542E1,-1.036687344E-1,-3.807843626E-1,1.291144848E0
8.359593242E1,-8.567162603E-2,-3.425192833E-1,1.317784190E0
8.360590842E1,-8.992802352E-2,-3.456906080E-1,1.326701999E0
8.361588542E1,-9.104602039E-2,-3.663397133E-1,1.320278764E0
8.362586242E1,-8.898299932E-2,-3.909226060E-1,1.298215270E0
8.363583842E1,-6.598313898E-2,-3.839536309E-1,1.297028303E0
8.364581542E1,-4.835708067E-2,-3.279166520E-1,1.323180199E0
8.365579242E1,-4.152607173E-2,-2.955877483E-1,1.338548422E0
8.366576842E1,-3.044798784E-2,-2.855947018E-1,1.347602963E0
8.367574542E1,-1.183728687E-2,-2.951882184E-1,1.341859341E0
8.368572242E1,4.619257990E-3,-3.352949619E-1,1.326040506E0
8.369569938E1,2.803430334E-2,-3.200385273E-1,1.322788239E0
8.370567537E1,3.792121261E-2,-2.486394942E-1,1.339287996E0
8.371565238E1,4.283394665E-2,-2.226028293E-1,1.348541975E0
8.372562938E1,6.003317982E-2,-2.436616272E-1,1.341504335E0
8.373560537E1,8.353690058E-2,-2.949953973E-1,1.324845433E0
8.374558237E1,1.076153368E-1,-3.179370761E-1,1.311712503E0
8.375555938E1,1.222310364E-1,-2.458003014E-1,1.328893423E0
8.376553538E1,1.217328981E-1,-1.762664169E-1,1.353731990E0
8.377551237E1,1.307910979E-1,-1.583553255E-1,1.364062905E0
8.378548938E1,1.463773251E-1,-1.758975387E-1,1.349592686E0
8.379546538E1,1.547215432E-1,-2.149280161E-1,1.324000716E0
8.380544238E1,1.686181724E-1,-2.046121359E-1,1.314930916E0
8.381541937E1,1.907567680E-1,-1.318569481E-1,1.334480882E0
8.382539538E1,1.980181485E-1,-7.241078466E-2,1.353624225E0
8.383537238E1,1.962996125E-1,-3.906694427E-2,1.357113957E0
8.384534937E1,2.146529257E-1,-8.405820280E-2,1.343775511E0
8.385532537E1,2.424882799E-1,-1.352060735E-1,1.321937084E0
8.386530238E1,2.504358292E-1,-9.712948650E-2,1.315329313E0
8.387527938E1,2.549091280E-1,-1.620214432E-2,1.333186030E0
8.388525537E1,2.674781382E-1,3.173221275E-2,1.358911514E0
8.389523238E1,2.883338630E-1,2.357361838E-2,1.361095786E0
8.390520938E1,2.916746140E-1,-1.844970882E-2,1.332621455E0
8.391518537E1,2.837772667E-1,-2.420000732E-2,1.305689454E0
8.392516237E1,2.954517305E-1,3.371320292E-2,1.318356276E0
8.393513938E1,3.148201108E-1,9.892523289E-2,1.349268436E0
8.394511538E1,3.159824610E-1,1.339498907E-1,1.366737127E0
8.395509237E1,2.952577472E-1,1.310995072E-1,1.355720639E0
8.396506938E1,2.991480231E-1,9.664176404E-2,1.332998633E0
8.397504538E1,3.211236298E-1,8.878304064E-2,1.321208835E0
8.398502238E1,3.303723931E-1,1.473302692E-1,1.335270882E0
8.399499937E1,3.425084054E-1,1.777124107E-1,1.351974487E0
8.400497538E1,3.652585447E-1,1.980989575E-1,1.364633918E0
8.401495238E1,3.744398057E-1,1.941260546E-1,1.357834935E0
8.402492937E1,3.709040880E-1,1.722062230E-1,1.335182190E0
8.403490537E1,3.656286299E-1,1.909066737E-1,1.325853348E0
8.404488238E1,3.725065291E-1,2.507100999E-1,1.338590026E0
8.405485938E1,3.783439100E-1,2.823953331E-1,1.357388973E0
8.406483537E1,3.776397109E-1,2.819983363E-1,1.357551098E0
8.407481238E1,3.722952604E-1,2.294709235E-1,1.336096406E0
8.408478938E1,3.612302542E-1,2.188006639E-1,1.320343256E0
8.409476538E1,3.588360548E-1,2.641801238E-1,1.329901814E0
8.410474237E1,3.731271923E-1,2.635483146E-1,1.344789386E0
8.411471938E1,3.986738324E-1,2.560355365E-1,1.357383132E0
8.412469538E1,3.977208734E-1,2.778322995E-1,1.368108869E0
8.413467237E1,3.826559186E-1,2.824797630E-1,1.365522981E0
8.414464937E1,3.645845652E-1,2.985039055E-1,1.363700509E0
8.415462538E1,3.554616272E-1,3.543061614E-1,1.369146585E0
8.416460238E1,3.588646948E-1,3.672873974E-1,1.372424006E0
8.417457937E1,3.772863150E-1,3.877870739E-1,1.376867056E0
8.418455538E1,3.830943406E-1,3.809150457E-1,1.365944147E0
8.419453238E1,3.890827000E-1,3.383201659E-1,1.351029873E0
8.420450937E1,3.865657449E-1,3.605480790E-1,1.346488118E0
8.421448537E1,3.815622032E-1,4.083693922E-1,1.338071823E0
8.422446238E1,4.037852287E-1,4.021756947E-1,1.339746714E0
8.423443938E1,4.335327446E-1,4.038135409E-1,1.349367023E0
8.424441537E1,4.371898472E-1,3.880553842E-1,1.341982245E0
8.425439238E1,4.218705595E-1,3.713914454E-1,1.324206114E0
8.426436938E1,3.925607502E-1,4.427677095E-1,1.327225089E0
8.427434538E1,3.850823045E-1,4.749642611E-1,1.326076508E0
8.428432237E1,4.082759917E-1,4.131813049E-1,1.335163236E0
8.429429938E1,4.151956737E-1,4.585551620E-1,1.353386164E0
8.430427538E1,3.877113760E-1,4.152234197E-1,1.345595121E0
8.431425237E1,3.719238937E-1,4.102108181E-1,1.356250644E0
8.432422937E1,3.565424681E-1,4.696698487E-1,1.368405342E0
8.433420538E1,3.673802018E-1,4.366240203E-1,1.372631311E0
8.434418238E1,3.944939971E-1,3.731282055E-1,1.377545595E0
8.435415937E1,3.899538219E-1,3.752337098E-1,1.378468394E0
8.436413538E1,3.543350995E-1,3.940796852E-1,1.369087219E0
8.437411238E1,3.465059400E-1,4.146904051E-1,1.366775870E0
8.438408937E1,3.546310663E-1,4.510861635E-1,1.376074672E0
8.439406637E1,3.581653535E-1,4.481819868E-1,1.375773549E0
8.440404238E1,3.568374217E-1,4.454474151E-1,1.367428541E0
8.441401938E1,3.537385762E-1,4.236443937E-1,1.352572441E0
8.442399637E1,3.604629040E-1,4.416142404E-1,1.359483838E0
8.443397238E1,3.563991785E-1,4.506207705E-1,1.355251789E0
8.444394938E1,3.525654972E-1,4.266695082E-1,1.349076629E0
8.445392638E1,3.576382995E-1,3.930889070E-1,1.345278740E0
8.446390237E1,3.614874482E-1,3.802751899E-1,1.339293122E0
8.447387938E1,3.518736959E-1,3.657524288E-1,1.332112432E0
8.448385638E1,3.418542743E-1,3.544408381E-1,1.329934120E0
8.449383237E1,3.341132700E-1,3.509118855E-1,1.333260179E0
8.450380937E1,3.302850425E-1,3.070337176E-1,1.324605465E0
8.451378638E1,3.269928396E-1,2.649797499E-1,1.313511610E0
8.452376238E1,3.214418888E-1,2.001981139E-1,1.304895163E0
8.453373937E1,3.184048235E-1,1.614920050E-1,1.316763282E0
8.454371638E1,3.090015650E-1,1.110996008E-1,1.321135640E0
8.455369238E1,2.983707786E-1,5.191030726E-2,1.324195147E0
8.456366937E1,2.867963612E-1,-8.151344955E-3,1.327180386E0
8.457364637E1,2.764835358E-1,-4.968653619E-2,1.326768041E0
8.458362238E1,2.607410550E-1,-8.458977193E-2,1.320923448E0
8.459359938E1,2.642177939E-1,-1.110067293E-1,1.322678447E0
8.460357637E1,2.713668048E-1,-1.313403100E-1,1.319327474E0
8.461355237E1,2.768795490E-1,-1.586483717E-1,1.316041708E0
8.462352938E1,2.787911594E-1,-1.654793918E-1,1.324752688E0
8.463350638E1,2.829228044E-1,-1.928894520E-1,1.327232599E0
8.464348237E1,3.044818044E-1,-2.212812752E-1,1.332742214E0
8.465345938E1,3.079995513E-1,-2.395891845E-1,1.335677624E0
8.466343638E1,2.973828018E-1,-2.792491019E-1,1.326637387E0
8.467341237E1,2.828009427E-1,-3.244959414E-1,1.317576528E0
8.468338937E1,2.698096633E-1,-3.148640692E-1,1.320043921E0
8.469336675E1,2.446465045E-1,-3.193067610E-1,1.319904327E0
8.470334275E1,2.394120693E-1,-3.146458864E-1,1.326038837E0
8.471331975E1,2.474098057E-1,-3.309228420E-1,1.323281407E0
8.472329675E1,2.514700294E-1,-3.729991615E-1,1.309140086E0
8.473327275E1,2.415183634E-1,-3.880263269E-1,1.303601980E0
8.474324975E1,2.440181226E-1,-3.790799081E-1,1.304022789E0
8.475322675E1,2.573038340E-1,-3.772449791E-1,1.313406467E0
8.476320275E1,2.766104937E-1,-3.884341121E-1,1.319658637E0
8.477317975E1,2.684348524E-1,-4.322929084E-1,1.302184582E0
8.478315675E1,2.456521690E-1,-4.945361018E-1,1.279886723E0
8.479313275E1,2.273205668E-1,-4.948972166E-1,1.274344921E0
8.480310975E1,2.121153921E-1,-4.903455675E-1,1.271477222E0
8.481308675E1,2.152147740E-1,-4.900206625E-1,1.282279611E0
8.482306275E1,2.355203032E-1,-4.994444251E-1,1.285767555E0
8.483303975E1,2.397587299E-1,-5.494841933E-1,1.278050542E0
8.484301675E1,2.205377668E-1,-5.763651729E-1,1.284048200E0
8.485299275E1,1.962910146E-1,-5.679027438E-1,1.292370796E0
8.486296975E1,1.850428283E-1,-5.847340822E-1,1.295794010E0
8.487294675E1,2.105332613E-1,-5.959960818E-1,1.303920627E0
8.488292275E1,2.224757522E-1,-6.416658759E-1,1.289298892E0
8.489289975E1,2.175723314E-1,-6.685507298E-1,1.284713149E0
8.490287675E1,1.997275054E-1,-6.593316197E-1,1.286327720E0
8.491285275E1,1.894029677E-1,-6.446730494E-1,1.293276072E0
8.492282975E1,1.874997914E-1,-6.329129934E-1,1.294937372E0
8.493280675E1,2.022182792E-1,-6.424186230E-1,1.284248710E0
8.494278375E1,2.076105326E-1,-6.876226068E-1,1.269233108E0
8.495275975E1,1.946353316E-1,-6.921209097E-1,1.269099116E0
8.496273675E1,1.777068228E-1,-6.608092785E-1,1.277038217E0
8.497271375E1,1.606660634E-1,-6.544318199E-1,1.279636621E0
8.498268975E1,1.734269112E-1,-6.562384367E-1,1.285834312E0
8.499266675E1,1.976440996E-1,-6.965001225E-1,1.275947571E0
8.500264375E1,1.923389584E-1,-7.310992479E-1,1.256497622E0
8.501261975E1,1.689635962E-1,-7.182425857E-1,1.254307985E0
8.502259675E1,1.494790465E-1,-6.904319525E-1,1.259003878E0
8.503257375E1,1.489456147E-1,-6.862126589E-1,1.274621487E0
8.504254975E1,1.617546231E-1,-6.947485805E-1,1.283487558E0
8.505252675E1,1.639964730E-1,-7.240571976E-1,1.272865534E0
8.506250375E1,1.448780894E-1,-7.461961508E-1,1.261125088E0
8.507247975E1,1.298512071E-1,-7.391436100E-1,1.260075331E0
8.508245675E1,1.153837293E-1,-7.309341431E-1,1.265203357E0
8.509243375E1,1.180090681E-1,-6.919398904E-1,1.292266607E0
8.510240975E1,1.299811155E-1,-6.819776893E-1,1.297059417E0
8.511238675E1,1.301182657E-1,-7.102926970E-1,1.274674416E0
8.512236375E1,1.169129089E-1,-7.161295414E-1,1.257382631E0
8.513233975E1,9.941834211E-2,-7.143902779E-1,1.249225140E0
8.514231675E1,9.481713176E-2,-7.107163072E-1,1.259303689E0
8.515229375E1,1.124366075E-1,-6.945176125E-1,1.284428716E0
8.516226975E1,1.134711727E-1,-7.059450746E-1,1.284281611E0
8.517224675E1,8.080350608E-2,-7.131249309E-1,1.267350316E0
8.518222375E1,4.640398920E-2,-7.081615925E-1,1.251233101E0
8.519219975E1,3.250415251E-2,-6.959534287E-1,1.251323462E0
8.520217675E1,3.689949960E-2,-6.874020696E-1,1.268974423E0
8.521215375E1,5.377488583E-2,-6.615528464E-1,1.284016490E0
8.522212975E1,4.543726146E-2,-6.593949199E-1,1.279273033E0
8.523210675E1,1.971911639E-2,-6.649423242E-1,1.267121792E0
8.524208375E1,-9.404814802E-3,-6.625357866E-1,1.262781143E0
8.525205975E1,-2.094722167E-2,-6.640855074E-1,1.266025424E0
8.526203675E1,-2.203359734E-3,-6.562262774E-1,1.281808019E0
8.527201375E1,6.181602832E-3,-6.291571259E-1,1.293638349E0
8.528198975E1,1.757560414E-3,-6.490306854E-1,1.289934158E0
8.529196675E1,-2.437230945E-2,-6.346764565E-1,1.269141555E0
8.530194375E1,-5.290315300E-2,-6.165030003E-1,1.251881361E0
8.531192075E1,-4.254851490E-2,-5.973545909E-1,1.262931347E0
8.532189675E1,-2.776198275E-2,-5.526945591E-1,1.289954662E0
8.533187375E1,-2.441598848E-2,-5.323330760E-1,1.300938845E0
8.534185075E1,-4.299699515E-2,-5.437712669E-1,1.277100205E0
8.535182675E1,-7.704603672E-2,-5.355498195E-1,1.250363350E0
8.536180375E1,-9.585701674E-2,-5.251194835E-1,1.247108102E0
8.537178075E1,-7.724364847E-2,-5.052152872E-1,1.261235595E0
8.538175675E1,-4.331957176E-2,-5.004225373E-1,1.270208597E0
8.539173375E1,-4.546474665E-2,-5.302052498E-1,1.248137593E0
8.540171075E1,-8.529625088E-2,-5.498142838E-1,1.235450387E0
8.541168675E1,-1.343697906E-1,-4.850994945E-1,1.239012122E0
8.542166375E1,-1.725412756E-1,-4.628136754E-1,1.241459608E0
8.543164075E1,-1.464798450E-1,-5.047091842E-1,1.261845827E0
8.544161675E1,-1.226163208E-1,-5.524408817E-1,1.278571367E0
8.545159375E1,-1.413362175E-1,-5.617190599E-1,1.283573031E0
8.546157075E1,-1.980030984E-1,-5.180941224E-1,1.282089114E0
8.547154675E1,-2.470747679E-1,-4.914353788E-1,1.280351877E0
8.548152375E1,-2.564695179E-1,-4.797117412E-1,1.301558018E0
8.549150075E1,-2.188534439E-1,-4.800235927E-1,1.329900980E0
8.550147675E1,-2.066878676E-1,-4.954678714E-1,1.318438888E0
8.551145375E1,-2.374753356E-1,-5.054946542E-1,1.299619913E0
8.552143075E1,-2.756540179E-1,-4.853683412E-1,1.302685857E0
8.553140675E1,-2.986022234E-1,-4.436645806E-1,1.316987991E0
8.554138375E1,-2.947892845E-1,-4.189673066E-1,1.318173885E0
8.555136075E1,-2.917420864E-1,-4.352027178E-1,1.300863028E0
8.556133675E1,-2.976248860E-1,-4.428015351E-1,1.282116175E0
8.557131375E1,-3.196209967E-1,-4.028450847E-1,1.270002604E0
8.558129075E1,-3.512938321E-1,-3.510902524E-1,1.260414958E0
8.559126675E1,-3.749618828E-1,-3.131005168E-1,1.258903265E0
8.560124375E1,-3.538984954E-1,-3.020956218E-1,1.274891019E0
8.561122075E1,-3.154640198E-1,-2.972824872E-1,1.281239629E0
8.562119675E1,-2.995032668E-1,-2.848910689E-1,1.276007295E0
8.563117375E1,-3.180066645E-1,-2.871454358E-1,1.263685226E0
8.564115075E1,-3.415535986E-1,-2.860803902E-1,1.269933581E0
8.565112675E1,-3.390454352E-1,-2.761790454E-1,1.280305743E0
8.566110375E1,-3.385633230E-1,-2.690572441E-1,1.270825386E0
8.567108075E1,-3.527324200E-1,-2.803152204E-1,1.253117800E0
8.568105775E1,-3.626784682E-1,-2.793984413E-1,1.246915698E0
8.569103363E1,-3.817003667E-1,-2.758681476E-1,1.247586489E0
8.570101063E1,-4.072953761E-1,-2.662207782E-1,1.251715064E0
8.571098762E1,-4.208780229E-1,-2.566898465E-1,1.261301875E0
8.572096363E1,-4.172471166E-1,-2.359406501E-1,1.276861906E0
8.573094063E1,-4.077369571E-1,-2.149387002E-1,1.278779149E0
8.574091762E1,-4.341060221E-1,-2.196314186E-1,1.260012507E0
8.575089362E1,-4.566850960E-1,-2.461748719E-1,1.257800937E0
8.576087063E1,-4.568049610E-1,-2.479976267E-1,1.268940568E0
8.577084763E1,-4.468876123E-1,-2.169358432E-1,1.274719596E0
8.578082362E1,-4.525672793E-1,-1.961807460E-1,1.254065037E0
8.579080062E1,-4.707500041E-1,-1.992433816E-1,1.233752251E0
8.580077763E1,-4.723742604E-1,-1.963747740E-1,1.235452414E0
8.581075363E1,-4.759972394E-1,-1.883645207E-1,1.229622126E0
8.582073062E1,-4.893890619E-1,-1.728640050E-1,1.219365597E0
8.583070763E1,-4.889520407E-1,-1.519400775E-1,1.222132921E0
8.584068363E1,-4.818451107E-1,-1.248065159E-1,1.221781611E0
8.585066062E1,-4.771624804E-1,-1.038977727E-1,1.206583142E0
8.586063762E1,-5.024842620E-1,-1.121774539E-1,1.191228032E0
8.587061363E1,-5.235658288E-1,-1.016731486E-1,1.204975247E0
8.588059063E1,-5.242054462E-1,-6.777545065E-2,1.221843600E0
8.589056762E1,-5.176604390E-1,-2.108251303E-2,1.226843119E0
8.590054363E1,-5.243074894E-1,2.749009524E-3,1.214656830E0
8.591052063E1,-5.405647755E-1,4.775142763E-3,1.206584454E0
8.592049763E1,-5.591608286E-1,1.165904570E-3,1.210901260E0
8.593047362E1,-5.703357458E-1,1.542526670E-2,1.214270473E0
8.594045063E1,-5.853813887E-1,3.681833670E-2,1.214170337E0
8.595042763E1,-5.902687907E-1,6.520096958E-2,1.221582413E0
8.596040362E1,-5.873656273E-1,7.591610402E-2,1.220151663E0
8.597038062E1,-5.989594460E-1,6.816817075E-2,1.213398933E0
8.598035763E1,-6.221476197E-1,6.727797538E-2,1.212701559E0
8.599033463E1,-6.473549604E-1,7.560354471E-2,1.217801452E0
8.600031062E1,-6.544404626E-1,9.940166026E-2,1.225337744E0
8.601028763E1,-6.486089826E-1,1.302945912E-1,1.227313519E0
8.602026463E1,-6.598629951E-1,1.270066649E-1,1.214932561E0
8.603024062E1,-6.684322357E-1,1.232835650E-1,1.214045167E0
8.604021762E1,-6.738530397E-1,1.280961335E-1,1.214530945E0
8.605019463E1,-6.875196099E-1,1.546252072E-1,1.214712262E0
8.606017063E1,-6.957023740E-1,1.845774353E-1,1.209758997E0
8.607014762E1,-6.984113455E-1,1.835443974E-1,1.204036355E0
8.608012463E1,-6.919445395E-1,1.750294268E-1,1.193421364E0
8.609010063E1,-6.959043741E-1,1.789357513E-1,1.186039448E0
8.610007763E1,-7.133775949E-1,1.926551908E-1,1.179445863E0
8.611005462E1,-7.244880199E-1,2.257652134E-1,1.187183499E0
8.612003063E1,-7.186742425E-1,2.600913644E-1,1.196927071E0
8.613000763E1,-7.160326838E-1,2.715347111E-1,1.185376048E0
8.613998462E1,-7.189104557E-1,2.695071697E-1,1.165253401E0
8.614996062E1,-7.288941145E-1,2.643832266E-1,1.158620596E0
8.615993763E1,-7.273479700E-1,2.791152596E-1,1.168205261E0
8.616991463E1,-7.188420892E-1,3.129158318E-1,1.176456213E0
8.617989062E1,-7.077256441E-1,3.363336921E-1,1.177623749E0
8.618986763E1,-7.041122913E-1,3.337309957E-1,1.163310051E0
8.619984463E1,-7.122510076E-1,3.338167071E-1,1.152614474E0
8.620982062E1,-7.343581915E-1,3.405006826E-1,1.146815181E0
8.621979762E1,-7.509982586E-1,3.621620238E-1,1.148775220E0
8.622977463E1,-7.493159175E-1,3.966033459E-1,1.149220467E0
8.623975163E1,-7.481562495E-1,4.083166420E-1,1.126719356E0
8.624972762E1,-7.500044703E-1,3.824400306E-1,1.099693060E0
8.625970463E1,-7.600545287E-1,3.794625998E-1,1.100754023E0
8.626968163E1,-7.683620453E-1,4.023010731E-1,1.116793752E0
8.627965763E1,-7.741165161E-1,4.363796413E-1,1.136498928E0
8.628963462E1,-7.699388266E-1,4.657207429E-1,1.157948613E0
8.629961163E1,-7.694181204E-1,4.762695134E-1,1.171627045E0
8.630958763E1,-7.869539857E-1,4.825284779E-1,1.185072780E0
8.631956462E1,-8.146156073E-1,4.898371398E-1,1.195679188E0
8.632954162E1,-8.314790726E-1,4.936244190E-1,1.196121335E0
8.633951763E1,-8.378719091E-1,4.799799919E-1,1.186896801E0
8.634949463E1,-8.378018141E-1,4.564088881E-1,1.181293488E0
8.635947162E1,-8.399696350E-1,4.514608979E-1,1.178041697E0
8.636944763E1,-8.561645746E-1,4.671176076E-1,1.167628765E0
8.637942463E1,-8.920613527E-1,4.717611074E-1,1.149970055E0
8.638940162E1,-9.044690132E-1,4.755366743E-1,1.153711796E0
8.639937762E1,-8.913276196E-1,4.614166021E-1,1.157155514E0
8.640935463E1,-8.918455839E-1,4.384109080E-1,1.153682709E0
8.641933163E1,-9.086303115E-1,4.537895918E-1,1.151903868E0
8.642930762E1,-9.216454625E-1,4.764477611E-1,1.154803514E0
8.643928462E1,-9.205901623E-1,5.039909482E-1,1.164142251E0
8.644926163E1,-9.147176147E-1,5.145943165E-1,1.167667747E0
8.645923863E1,-9.285020828E-1,5.206926465E-1,1.168205380E0
8.646921462E1,-9.284778237E-1,5.590187311E-1,1.177006006E0
8.647919163E1,-9.199577570E-1,5.762426853E-1,1.177083492E0
8.648916863E1,-9.103402495E-1,5.478168726E-1,1.165334940E0
8.649914462E1,-9.052659869E-1,5.317412019E-1,1.153269053E0
8.650912162E1,-9.057005644E-1,5.317489505E-1,1.150722265E0
8.651909863E1,-9.045358300E-1,5.361571908E-1,1.137195706E0
8.652907463E1,-8.995623589E-1,5.144257545E-1,1.119374871E0
8.653905162E1,-8.889263272E-1,4.794423878E-1,1.110787749E0
8.654902863E1,-8.724927902E-1,4.550243914E-1,1.116560102E0
8.655900463E1,-8.611817360E-1,4.419078827E-1,1.123320699E0
8.656898162E1,-8.595982194E-1,4.258295596E-1,1.121025801E0
8.657895862E1,-8.580539227E-1,4.255199134E-1,1.120161533E0
8.658893463E1,-8.353933692E-1,4.112837315E-1,1.121325850E0
8.659891163E1,-8.099928498E-1,3.617528379E-1,1.113306403E0
8.660888862E1,-7.902614474E-1,3.283419013E-1,1.105803490E0
8.661886462E1,-7.810971737E-1,3.334961236E-1,1.107717872E0
8.662884163E1,-7.814378142E-1,3.422659039E-1,1.105445623E0
8.663881863E1,-7.732330561E-1,3.410284817E-1,1.108101964E0
8.664879562E1,-7.612797022E-1,3.025825620E-1,1.110482097E0
8.665877163E1,-7.457855940E-1,2.586326003E-1,1.117380619E0
8.666874863E1,-7.318884134E-1,2.390306890E-1,1.127987504E0
8.667872562E1,-7.379295826E-1,2.249298841E-1,1.132488847E0
8.668870162E1,-7.537114620E-1,2.267594784E-1,1.146040678E0
8.669867850E1,-7.618736625E-1,2.153525501E-1,1.161058426E0
8.670865550E1,-7.586227059E-1,1.886966974E-1,1.169068456E0
8.671863150E1,-7.570121288E-1,1.647736728E-1,1.163960099E0
8.672860850E1,-7.596888542E-1,1.552483439E-1,1.159991145E0
8.673858550E1,-7.595078945E-1,1.558713466E-1,1.170939207E0
8.674856150E1,-7.470725775E-1,1.663695276E-1,1.187549114E0
8.675853850E1,-7.250570655E-1,1.286307126E-1,1.191014290E0
8.676851550E1,-7.029283047E-1,8.971687406E-2,1.189680219E0
8.677849150E1,-6.820259690E-1,7.268872112E-2,1.188895464E0
8.678846850E1,-6.800799966E-1,5.098209530E-2,1.183788300E0
8.679844550E1,-6.729355454E-1,3.459571302E-2,1.186905026E0
8.680842150E1,-6.532949805E-1,2.564962581E-2,1.198126554E0
8.681839850E1,-6.401570439E-1,-4.344422836E-3,1.200977325E0
8.682837550E1,-6.257341504E-1,-3.345703334E-2,1.194919467E0
8.683835250E1,-6.084254384E-1,-7.498152554E-2,1.186242104E0
8.684832850E1,-5.875156522E-1,-9.196691215E-2,1.201585054E0
8.685830550E1,-5.757138729E-1,-7.524595410E-2,1.230932117E0
8.686828250E1,-5.817552805E-1,-6.396160275E-2,1.247500420E0
8.687825850E1,-5.983234644E-1,-4.769912362E-2,1.243637681E0
8.688823550E1,-5.904200077E-1,-1.537793502E-2,1.241708517E0
8.689821250E1,-5.726582408E-1,-1.886857487E-2,1.240928650E0
8.690818850E1,-5.398176908E-1,-3.623877838E-2,1.240596175E0
8.691816550E1,-5.046103001E-1,-6.006202474E-2,1.246698260E0
8.692814250E1,-4.725178778E-1,-8.079873025E-2,1.258399129E0
8.693811850E1,-4.475838840E-1,-7.952269167E-2,1.266976357E0
8.694809550E1,-4.400388896E-1,-8.977479488E-2,1.268476009E0
8.695807250E1,-4.353226423E-1,-8.537064493E-2,1.274363637E0
8.696804850E1,-4.195537865E-1,-8.265395463E-2,1.280834556E0
8.697802550E1,-4.015393555E-1,-1.185460538E-1,1.276836634E0
8.698800250E1,-3.820681870E-1,-1.701349467E-1,1.275843263E0
8.699797850E1,-3.700892627E-1,-1.840666384E-1,1.286297679E0
8.700795550E1,-3.659565449E-1,-1.933014244E-1,1.299274206E0
8.701793250E1,-3.533732891E-1,-1.799516678E-1,1.311862588E0
8.702790850E1,-3.372566402E-1,-2.122574002E-1,1.313354969E0
8.703788550E1,-3.178715408E-1,-2.440007478E-1,1.300975442E0
8.704786250E1,-3.024531603E-1,-2.514152527E-1,1.292298913E0
8.705783950E1,-2.808277309E-1,-2.596763074E-1,1.295901418E0
8.706781550E1,-2.662125528E-1,-2.481171340E-1,1.311308026E0
8.707779250E1,-2.520692647E-1,-2.415531576E-1,1.323113441E0
8.708776950E1,-2.422701567E-1,-2.628099918E-1,1.306697726E0
8.709774550E1,-2.364667952E-1,-2.726815343E-1,1.292554140E0
8.710772250E1,-2.238484621E-1,-2.642640769E-1,1.295395970E0
8.711769950E1,-2.013263851E-1,-2.387261540E-1,1.320830941E0
8.712767550E1,-1.682278216E-1,-2.298128158E-1,1.344248176E0
8.713765250E1,-1.446444541E-1,-2.484640777E-1,1.363033652E0
8.714762950E1,-1.379386187E-1,-2.588240504E-1,1.367308497E0
8.715760550E1,-1.384928226E-1,-2.400094867E-1,1.352918863E0
8.716758250E1,-1.089077666E-1,-2.456058562E-1,1.343872309E0
8.717755950E1,-7.137730718E-2,-2.752506137E-1,1.349314809E0
8.718753550E1,-4.214751720E-2,-3.078517020E-1,1.349573135E0
8.719751250E1,-3.891810775E-2,-3.288194835E-1,1.356601715E0
8.720748950E1,-3.166418895E-2,-3.245943785E-1,1.351542950E0
8.721746650E1,-6.122540217E-3,-3.244934082E-1,1.347562671E0
8.722744250E1,2.554084733E-2,-3.364954889E-1,1.351271987E0
8.723741950E1,4.747584462E-2,-3.614683449E-1,1.351216793E0
8.724739650E1,6.687378138E-2,-3.829078674E-1,1.346149325E0
8.725737250E1,8.000928164E-2,-3.849905431E-1,1.327524543E0
8.726734950E1,8.563201129E-2,-3.538187742E-1,1.315580368E0
8.727732650E1,1.006935984E-1,-3.242628872E-1,1.323741913E0
8.728730250E1,1.136370897E-1,-2.875381708E-1,1.343368411E0
8.729727950E1,1.304464191E-1,-2.950081825E-1,1.350464106E0
8.730725650E1,1.464544237E-1,-3.132670820E-1,1.341211677E0
8.731723250E1,1.636327505E-1,-3.080478609E-1,1.324950457E0
8.732720950E1,1.808357090E-1,-2.589466274E-1,1.331089616E0
8.733718650E1,1.824997067E-1,-1.781333983E-1,1.358288288E0
8.734716250E1,1.895903796E-1,-1.567799002E-1,1.373107433E0
8.735713950E1,2.018628865E-1,-1.889033765E-1,1.360828519E0
8.736711650E1,2.065681517E-1,-1.641607434E-1,1.346970677E0
8.737709250E1,2.157596648E-1,-1.007822677E-1,1.352966309E0
8.738706950E1,2.366279215E-1,-4.264946282E-2,1.380611181E0
8.739704650E1,2.484206557E-1,-2.915570140E-2,1.392875433E0
8.740702350E1,2.472547293E-1,-5.663206801E-2,1.383999586E0
8.741699950E1,2.455020547E-1,-4.744864255E-2,1.363512516E0
8.742697650E1,2.523216009E-1,-2.454811893E-2,1.355233550E0
8.743695350E1,2.648395896E-1,1.277136058E-2,1.368801117E0
8.744692950E1,2.833584249E-1,3.708815202E-2,1.390055060E0
8.745690650E1,2.916435599E-1,2.418956161E-2,1.393960476E0
8.746688350E1,2.943211198E-1,5.652894266E-3,1.380669951E0
8.747685950E1,2.994839251E-1,8.232284337E-3,1.365584016E0
8.748683650E1,2.983613908E-1,3.637656942E-2,1.369680405E0
8.749681350E1,3.004854023E-1,7.924740016E-2,1.390473485E0
8.750678950E1,3.096376061E-1,1.012144834E-1,1.406929493E0
8.751676650E1,3.096607029E-1,9.298491478E-2,1.397077084E0
8.752674350E1,3.027476966E-1,1.020015776E-1,1.375311852E0
8.753671950E1,3.032635450E-1,1.430082023E-1,1.366474390E0
8.754669650E1,3.126751482E-1,1.967667639E-1,1.379615664E0
8.755667350E1,3.384068012E-1,2.239327878E-1,1.396046758E0
8.756664950E1,3.579466939E-1,2.051692307E-1,1.389160872E0
8.757662650E1,3.624812663E-1,1.804642379E-1,1.371887922E0
8.758660350E1,3.632823527E-1,2.024049610E-1,1.360610485E0
8.759658050E1,3.672007024E-1,2.266904861E-1,1.363637090E0
8.760655650E1,3.801530004E-1,2.455978692E-1,1.374024272E0
8.761653350E1,3.837237060E-1,2.372722179E-1,1.369262218E0
8.762651050E1,3.854233325E-1,1.693576276E-1,1.349396706E0
8.763648650E1,3.848754466E-1,1.378794312E-1,1.338820815E0
8.764646350E1,3.767125905E-1,1.659872234E-1,1.345502973E0
8.765644050E1,3.691807687E-1,2.160653919E-1,1.368117809E0
8.766641650E1,3.670584857E-1,2.524029016E-1,1.394961953E0
8.767639350E1,3.636814654E-1,2.355574816E-1,1.386333108E0
8.768637050E1,3.588901460E-1,2.002484947E-1,1.372331977E0
8.769634637E1,3.701001108E-1,2.357554734E-1,1.371053696E0
8.770632337E1,3.846963644E-1,2.799692750E-1,1.380940676E0
8.771630038E1,4.026228786E-1,3.144623041E-1,1.398761511E0
8.772627638E1,4.010026157E-1,3.039659858E-1,1.390362859E0
8.773625337E1,3.878277540E-1,2.649064660E-1,1.370359182E0
8.774623038E1,3.844293058E-1,2.993515134E-1,1.360029101E0
8.775620738E1,3.864469826E-1,3.611923158E-1,1.361854076E0
8.776618337E1,3.995547891E-1,4.004121423E-1,1.367429972E0
8.777616037E1,4.085305035E-1,4.132101238E-1,1.365237236E0
8.778613738E1,4.076748490E-1,3.702426851E-1,1.344049692E0
8.779611338E1,4.006896913E-1,3.677676320E-1,1.341202259E0
8.780609037E1,3.993967175E-1,4.123833179E-1,1.345901966E0
8.781606738E1,4.041987956E-1,4.504558146E-1,1.360882759E0
8.782604338E1,4.112625420E-1,4.589920342E-1,1.370824099E0
8.783602038E1,4.033918083E-1,4.280426502E-1,1.364553809E0
8.784599737E1,3.707928360E-1,4.017617702E-1,1.348533511E0
8.785597338E1,3.471750021E-1,4.168820977E-1,1.345207810E0
8.786595038E1,3.498261869E-1,4.346539080E-1,1.355099320E0
8.787592737E1,3.648371696E-1,4.502546489E-1,1.367337227E0
8.788590337E1,3.708543181E-1,4.125450850E-1,1.364752054E0
8.789588038E1,3.660274744E-1,3.496918678E-1,1.353950262E0
8.790585738E1,3.550435305E-1,3.288798034E-1,1.352569938E0
8.791583437E1,3.507792652E-1,3.304625154E-1,1.352804303E0
8.792581038E1,3.665965796E-1,3.320865035E-1,1.361337066E0
8.793578738E1,3.832586408E-1,3.123919070E-1,1.360269189E0
8.794576437E1,3.841041923E-1,2.672763467E-1,1.358749270E0
8.795574037E1,3.803653121E-1,2.482448816E-1,1.352357864E0
8.796571738E1,3.782992065E-1,2.222500294E-1,1.341947556E0
8.797569438E1,3.872621357E-1,2.085432857E-1,1.337005377E0
8.798567037E1,3.843497038E-1,2.213829160E-1,1.341447592E0
8.799564738E1,3.644637764E-1,2.074903101E-1,1.341562390E0
8.800562438E1,3.339529932E-1,1.906703264E-1,1.327970386E0
8.801560038E1,3.131977320E-1,1.705211252E-1,1.332447529E0
8.802557737E1,3.053773642E-1,2.150574327E-1,1.350260854E0
8.803555438E1,3.102934659E-1,2.077357620E-1,1.353466511E0
8.804553038E1,3.310083449E-1,1.544672102E-1,1.348482609E0
8.805550737E1,3.262165785E-1,9.173537046E-2,1.341857076E0
8.806548437E1,3.082282543E-1,7.340297103E-2,1.341325521E0
8.807546038E1,2.939721048E-1,5.385125801E-2,1.339908123E0
8.808543738E1,2.895368636E-1,4.486308992E-2,1.348935962E0
8.809541437E1,2.840842605E-1,4.639033973E-2,1.358242512E0
8.810539138E1,2.621845603E-1,2.055394836E-2,1.349264741E0
8.811536738E1,2.479889542E-1,-6.336226128E-3,1.338614702E0
8.812534437E1,2.551192939E-1,-2.138654888E-2,1.336801171E0
8.813532137E1,2.593433559E-1,-2.536856756E-2,1.344969630E0
8.814529738E1,2.639418542E-1,-4.899054021E-2,1.348273993E0
8.815527438E1,2.610025108E-1,-9.246025234E-2,1.337162495E0
8.816525137E1,2.509386837E-1,-1.209944263E-1,1.339730620E0
8.817522738E1,2.428511977E-1,-1.341080964E-1,1.338239193E0
8.818520438E1,2.302110344E-1,-1.711912751E-1,1.332149863E0
8.819518137E1,2.415762097E-1,-2.072835714E-1,1.329972625E0
8.820515737E1,2.510157824E-1,-2.608295977E-1,1.321327209E0
8.821513438E1,2.452121526E-1,-3.028486073E-1,1.314079285E0
8.822511138E1,2.273362279E-1,-3.086995780E-1,1.312157750E0
8.823508737E1,2.095752060E-1,-3.059499264E-1,1.316588402E0
8.824506437E1,2.128921747E-1,-2.979516387E-1,1.333182096E0
8.825504138E1,2.123851627E-1,-3.211383224E-1,1.336985469E0
8.826501838E1,2.050012797E-1,-3.709966838E-1,1.325136304E0
8.827499437E1,2.107464522E-1,-4.026551545E-1,1.317150354E0
8.828497138E1,2.161161900E-1,-4.267799258E-1,1.311496258E0
8.829494838E1,2.223740816E-1,-4.470965862E-1,1.308197498E0
8.830492437E1,2.185868025E-1,-4.500438869E-1,1.301265121E0
8.831490137E1,2.160485983E-1,-4.744790792E-1,1.301225901E0
8.832487838E1,2.026949823E-1,-4.505037069E-1,1.307918429E0
8.833485438E1,1.922985315E-1,-4.531300068E-1,1.305434704E0
8.834483137E1,1.927315742E-1,-4.765538573E-1,1.294085622E0
8.835480838E1,2.103650719E-1,-4.986060262E-1,1.283848286E0
8.836478438E1,2.046054602E-1,-5.054745674E-1,1.277926207E0
8.837476138E1,1.870168746E-1,-5.109574795E-1,1.281357646E0
8.838473837E1,1.723527163E-1,-5.096608400E-1,1.276957870E0
8.839471438E1,1.661066115E-1,-5.171466470E-1,1.270669341E0
8.840469138E1,1.710291952E-1,-5.516638756E-1,1.256368637E0
8.841466837E1,1.692502797E-1,-5.762288570E-1,1.238678694E0
8.842464537E1,1.525381505E-1,-6.068924665E-1,1.242349863E0
8.843462138E1,1.520773470E-1,-5.834519863E-1,1.262879252E0
8.844459838E1,1.546142846E-1,-5.805523396E-1,1.276340008E0
8.845457537E1,1.558782607E-1,-6.311624050E-1,1.267755628E0
8.846455138E1,1.581837684E-1,-6.607498527E-1,1.260549903E0
8.847452838E1,1.509501636E-1,-6.645903587E-1,1.255386472E0
8.848450537E1,1.536005437E-1,-6.607093215E-1,1.278046250E0
8.849448137E1,1.564941257E-1,-6.573531628E-1,1.283425927E0
8.850445838E1,1.471434981E-1,-7.044642568E-1,1.266741037E0
8.851443538E1,1.442663074E-1,-7.129110098E-1,1.264809251E0
8.852441137E1,1.372275651E-1,-7.123674750E-1,1.255846858E0
8.853438838E1,1.342212409E-1,-7.084794641E-1,1.273966312E0
8.854436538E1,1.410189569E-1,-6.867009401E-1,1.274888396E0
8.855434138E1,1.290795654E-1,-7.053961158E-1,1.275994182E0
8.856431837E1,1.223585308E-1,-6.806260347E-1,1.263055682E0
8.857429538E1,9.483749419E-2,-7.020964622E-1,1.237185359E0
8.858427238E1,1.033598781E-1,-6.984468699E-1,1.254760027E0
8.859424837E1,1.083801389E-1,-6.745720506E-1,1.273100257E0
8.860422537E1,9.623532742E-2,-6.794221997E-1,1.264829278E0
8.861420238E1,5.590840429E-2,-6.747452617E-1,1.267007351E0
8.862417838E1,6.846360862E-2,-7.316178679E-1,1.255716085E0
8.863415537E1,5.691435188E-2,-7.305733562E-1,1.253569126E0
8.864413238E1,3.433180973E-2,-7.100044489E-1,1.260861039E0
8.865410838E1,2.998372912E-2,-6.942166090E-1,1.256952524E0
8.866408537E1,2.507792041E-2,-7.084013820E-1,1.258439422E0
8.867406237E1,1.648389921E-2,-7.213835120E-1,1.263332129E0
8.868403838E1,3.153447062E-3,-7.451407909E-1,1.255428195E0
8.869401587E1,-1.188276894E-2,-7.333987951E-1,1.266874194E0
8.870399288E1,-1.604565070E-3,-7.181550860E-1,1.276944637E0
8.871396988E1,-8.490043692E-3,-7.359511256E-1,1.260231733E0
8.872394587E1,-1.589230075E-2,-7.297105789E-1,1.275988340E0
8.873392288E1,-2.784753963E-2,-7.358575463E-1,1.266541839E0
8.874389988E1,-4.020647332E-2,-7.269767523E-1,1.271323562E0
8.875387587E1,-5.549848452E-2,-7.055024505E-1,1.267463446E0
8.876385287E1,-6.037020683E-2,-7.113973498E-1,1.258203626E0
8.877382988E1,-3.680030257E-2,-7.362723947E-1,1.250926733E0
8.878380588E1,-4.111967981E-2,-7.389933467E-1,1.249967217E0
8.879378287E1,-6.394476444E-2,-7.192280293E-1,1.240218043E0
8.880375988E1,-8.429717273E-2,-6.875633001E-1,1.251123190E0
8.881373588E1,-7.738035917E-2,-6.653676629E-1,1.255189896E0
8.882371288E1,-7.353103161E-2,-6.992198825E-1,1.238045335E0
8.883368987E1,-6.879698485E-2,-6.909875274E-1,1.238983989E0
8.884366588E1,-8.954434097E-2,-6.654379964E-1,1.242484450E0
8.885364288E1,-1.184457615E-1,-6.504194736E-1,1.235532641E0
8.886361987E1,-1.065462232E-1,-6.372256875E-1,1.235816479E0
8.887359587E1,-9.600350261E-2,-6.440017819E-1,1.224167705E0
8.888357288E1,-1.187647358E-1,-6.463296413E-1,1.212172031E0
8.889354988E1,-1.229314581E-1,-6.430317760E-1,1.215243101E0
8.890352687E1,-1.392928511E-1,-5.976933241E-1,1.234328389E0
8.891350288E1,-1.457376480E-1,-5.435850620E-1,1.251201510E0
8.892347988E1,-1.449054033E-1,-5.907301903E-1,1.227841258E0
8.893345687E1,-1.274549067E-1,-6.224812865E-1,1.213646889E0
8.894343287E1,-1.386899948E-1,-6.385641098E-1,1.204915643E0
8.895340988E1,-1.659870446E-1,-6.034398675E-1,1.215852976E0
8.896338688E1,-1.997524649E-1,-5.826717615E-1,1.222982049E0
8.897336287E1,-2.142820656E-1,-5.800153017E-1,1.228986382E0
8.898333988E1,-2.068640888E-1,-5.799258351E-1,1.228364825E0
8.899331688E1,-2.321792692E-1,-5.747783184E-1,1.214849114E0
8.900329288E1,-2.595086396E-1,-5.712296367E-1,1.212403536E0
8.901326987E1,-2.565753162E-1,-5.359047055E-1,1.234667778E0
8.902324688E1,-2.638076842E-1,-5.313073397E-1,1.235665917E0
8.903322388E1,-2.753050029E-1,-5.152801871E-1,1.237683654E0
8.904319987E1,-3.019150496E-1,-5.288178325E-1,1.230025530E0
8.905317687E1,-2.954778075E-1,-5.177062154E-1,1.234629512E0
8.906315388E1,-3.169655204E-1,-4.945990145E-1,1.232200980E0
8.907312988E1,-3.284046650E-1,-4.954673946E-1,1.226986170E0
8.908310687E1,-3.473152220E-1,-4.832490683E-1,1.224873185E0
8.909308388E1,-3.355374038E-1,-4.859826565E-1,1.226430535E0
8.910305988E1,-3.332662582E-1,-4.917404056E-1,1.215519071E0
8.911303687E1,-3.407331705E-1,-4.673741758E-1,1.215670228E0
8.912301387E1,-3.469130397E-1,-4.439146519E-1,1.222192526E0
8.913298988E1,-3.527728021E-1,-4.334433675E-1,1.221538424E0
8.914296688E1,-3.340286613E-1,-4.588935971E-1,1.230241179E0
8.915294387E1,-3.376062214E-1,-4.408195615E-1,1.241120458E0
8.916292088E1,-3.662293255E-1,-4.039699435E-1,1.240136266E0
8.917289688E1,-3.958968818E-1,-4.078158736E-1,1.229005098E0
8.918287388E1,-3.927128017E-1,-4.019041657E-1,1.223951459E0
8.919285087E1,-4.029676914E-1,-4.031995535E-1,1.223548532E0
8.920282688E1,-4.222260714E-1,-3.665379584E-1,1.231688738E0
8.921280388E1,-4.269881248E-1,-3.712706864E-1,1.233217835E0
8.922278087E1,-4.286456704E-1,-3.557601571E-1,1.228864551E0
8.923275687E1,-4.316781759E-1,-3.323051035E-1,1.225342631E0
8.924273388E1,-4.320992231E-1,-3.006326556E-1,1.230455995E0
8.925271088E1,-4.541808665E-1,-2.783680558E-1,1.225860715E0
8.926268687E1,-4.655006230E-1,-2.756284773E-1,1.223440528E0
8.927266388E1,-4.646090865E-1,-2.706058919E-1,1.230511308E0
8.928264088E1,-4.631683230E-1,-2.554199994E-1,1.231589079E0
8.929261787E1,-4.640417993E-1,-2.608107030E-1,1.225644827E0
8.930259387E1,-4.842855334E-1,-2.443310618E-1,1.215560794E0
8.931257088E1,-5.004924536E-1,-2.295314968E-1,1.209276199E0
8.932254788E1,-5.102002025E-1,-2.316500396E-1,1.203350186E0
8.933252387E1,-5.219798088E-1,-2.222041339E-1,1.192557216E0
8.934250088E1,-5.270832181E-1,-2.181649059E-1,1.191205740E0
8.935247788E1,-5.277776122E-1,-2.067344934E-1,1.199531794E0
8.936245388E1,-5.333124995E-1,-1.701059043E-1,1.203704119E0
8.937243087E1,-5.514456630E-1,-1.502814889E-1,1.209013581E0
8.938240788E1,-5.583602786E-1,-1.643291116E-1,1.209009886E0
8.939238388E1,-5.568294525E-1,-1.621602476E-1,1.214860201E0
8.940236087E1,-5.750271082E-1,-1.334841251E-1,1.208947182E0
8.941233787E1,-6.046282053E-1,-1.306133121E-1,1.205011487E0
8.942231388E1,-6.008622050E-1,-1.249671504E-1,1.213322163E0
8.943229088E1,-5.950948000E-1,-1.059387922E-1,1.216254592E0
8.944226787E1,-6.116039753E-1,-9.746327996E-2,1.197620749E0
8.945224488E1,-6.310225129E-1,-9.769341350E-2,1.194136143E0
8.946222088E1,-6.442192793E-1,-7.414947450E-2,1.208383799E0
8.947219787E1,-6.486234665E-1,-3.477090225E-2,1.225876570E0
8.948217487E1,-6.515969038E-1,1.025676075E-2,1.229228616E0
8.949215088E1,-6.670309305E-1,2.084235102E-2,1.211284161E0
8.950212788E1,-6.762470603E-1,2.500087768E-2,1.202872276E0
8.951210487E1,-6.705101728E-1,2.843162045E-2,1.196571946E0
8.952208088E1,-6.647542715E-1,3.974526003E-2,1.194833517E0
8.953205788E1,-6.600733399E-1,4.418713227E-2,1.200203061E0
8.954203488E1,-6.613849401E-1,6.615235656E-2,1.195919394E0
8.955201187E1,-6.729177833E-1,1.029213965E-1,1.189117312E0
8.956198788E1,-6.827214360E-1,1.147199944E-1,1.173416615E0
8.957196488E1,-6.953895688E-1,1.078594550E-1,1.163301468E0
8.958194187E1,-6.929807067E-1,9.712319076E-2,1.168218017E0
8.959191787E1,-6.803824902E-1,1.205918342E-1,1.171094060E0
8.960189488E1,-6.810562611E-1,1.491012424E-1,1.166932583E0
8.961187188E1,-6.933003068E-1,1.630401760E-1,1.156465769E0
8.962184787E1,-7.049673200E-1,1.595429033E-1,1.146704555E0
8.963182488E1,-7.050997615E-1,1.596793681E-1,1.148066044E0
8.964180188E1,-7.075437307E-1,1.747485995E-1,1.152349234E0
8.965177787E1,-7.145603299E-1,1.936961561E-1,1.156850576E0
8.966175487E1,-7.149893641E-1,2.110682279E-1,1.151061416E0
8.967173188E1,-7.198998332E-1,2.353887111E-1,1.152604580E0
8.968170888E1,-7.354670763E-1,2.440751493E-1,1.157051802E0
8.969168487E1,-7.383971214E-1,2.440389693E-1,1.168624640E0
8.970166192E1,-7.334540486E-1,2.519206107E-1,1.170083046E0
8.971163892E1,-7.458565831E-1,2.869877219E-1,1.163582563E0
8.972161492E1,-7.712373137E-1,3.204149306E-1,1.163086653E0
8.973159192E1,-7.781016231E-1,3.378946483E-1,1.171268225E0
8.974156892E1,-7.678921223E-1,3.495686352E-1,1.173934102E0
8.975154492E1,-7.664434910E-1,3.716650307E-1,1.169815898E0
8.976152192E1,-7.921347022E-1,3.872109652E-1,1.159894347E0
8.977149892E1,-8.054232597E-1,4.004354477E-1,1.163092613E0
8.978147492E1,-8.045926094E-1,4.201369882E-1,1.164465904E0
8.979145192E1,-8.011410236E-1,4.370083511E-1,1.153056145E0
8.980142892E1,-8.062702417E-1,4.260590374E-1,1.133120298E0
8.981140592E1,-8.048610091E-1,4.182999134E-1,1.120035291E0
8.982138192E1,-7.894777656E-1,4.512426853E-1,1.116625309E0
8.983135892E1,-7.927533388E-1,4.726040661E-1,1.101631284E0
8.984133592E1,-7.910747528E-1,4.703680575E-1,1.096202135E0
8.985131192E1,-7.669010162E-1,4.704488516E-1,1.102940440E0
8.986128892E1,-7.517809272E-1,4.923852980E-1,1.105815291E0
8.987126592E1,-7.686655521E-1,5.204313993E-1,1.103950739E0
8.988124192E1,-7.941299081E-1,5.180364251E-1,1.103957176E0
8.989121892E1,-8.009526134E-1,5.354417562E-1,1.116228342E0
8.990119592E1,-8.011829257E-1,5.605314374E-1,1.118939996E0
8.991117292E1,-8.137198687E-1,5.486215949E-1,1.104259014E0
8.992114892E1,-8.282580972E-1,5.099916458E-1,1.080039978E0
8.993112592E1,-8.400399089E-1,4.940363169E-1,1.071977258E0
8.994110292E1,-8.458831310E-1,4.991557002E-1,1.082603455E0
8.995107892E1,-8.432206511E-1,5.021955371E-1,1.090963960E0
8.996105592E1,-8.517142534E-1,4.817333817E-1,1.085114837E0
8.997103292E1,-8.584043384E-1,4.704133570E-1,1.082470775E0
8.998100892E1,-8.602342010E-1,4.585731924E-1,1.087681293E0
8.999098592E1,-8.557578921E-1,4.407547116E-1,1.093372226E0
9.000096292E1,-8.585917354E-1,4.461228549E-1,1.113004804E0
9.001093892E1,-8.646326661E-1,4.705117047E-1,1.127913952E0
9.002091592E1,-8.645897508E-1,4.636553824E-1,1.132079959E0
9.003089292E1,-8.588895798E-1,4.181610644E-1,1.127790809E0
9.004086992E1,-8.467708826E-1,3.877040744E-1,1.130591154E0
9.005084592E1,-8.457051516E-1,3.997190297E-1,1.145313501E0
9.006082292E1,-8.572901487E-1,4.105474353E-1,1.147591829E0
9.007079992E1,-8.667327762E-1,3.998264372E-1,1.141161919E0
9.008077592E1,-8.579981327E-1,3.603767753E-1,1.131050348E0
9.009075292E1,-8.365004659E-1,3.253526390E-1,1.129005909E0
9.010072992E1,-8.229649067E-1,3.148190379E-1,1.131954312E0
9.011070592E1,-8.197467327E-1,3.059644699E-1,1.133061051E0
9.012068292E1,-8.168745041E-1,3.131595254E-1,1.138298154E0
9.013065992E1,-8.026065230E-1,3.015374243E-1,1.143422127E0
9.014063692E1,-7.825819254E-1,2.725744843E-1,1.138753533E0
9.015061292E1,-7.797966599E-1,2.647499442E-1,1.130074143E0
9.016058992E1,-7.937484384E-1,2.765200436E-1,1.124767780E0
9.017056692E1,-7.937055230E-1,2.908901274E-1,1.127109647E0
9.018054292E1,-7.757353187E-1,2.805940807E-1,1.124981165E0
9.019051992E1,-7.551919818E-1,2.506777942E-1,1.122236133E0
9.020049692E1,-7.435536981E-1,2.422419935E-1,1.125313640E0
9.021047292E1,-7.368493080E-1,2.386426777E-1,1.128109932E0
9.022044992E1,-7.260291576E-1,2.412230223E-1,1.138353467E0
9.023042692E1,-7.099460363E-1,2.426715493E-1,1.149933219E0
9.024040292E1,-6.893573999E-1,2.362820953E-1,1.161246061E0
9.025037992E1,-6.728590131E-1,2.332755923E-1,1.165561199E0
9.026035692E1,-6.695050001E-1,2.285628617E-1,1.159991980E0
9.027033392E1,-6.683078408E-1,2.473389059E-1,1.163195610E0
9.028030992E1,-6.619713902E-1,2.514148653E-1,1.171184301E0
9.029028692E1,-6.441562772E-1,2.285984606E-1,1.176707387E0
9.030026392E1,-6.345867515E-1,1.947949529E-1,1.176720738E0
9.031023992E1,-6.448330879E-1,1.668360978E-1,1.176181674E0
9.032021692E1,-6.502350569E-1,1.421429962E-1,1.178469300E0
9.033019392E1,-6.444395185E-1,1.223099604E-1,1.183332205E0
9.034017092E1,-6.363024712E-1,8.411331475E-2,1.188542485E0
9.035014692E1,-6.233482361E-1,5.723934621E-2,1.199612379E0
9.036012392E1,-6.178402305E-1,4.206518829E-2,1.207064509E0
9.037010092E1,-6.123849154E-1,1.420628652E-2,1.208689094E0
9.038007692E1,-5.920128226E-1,-1.254170388E-2,1.208710909E0
9.039005392E1,-5.571541190E-1,-5.131963268E-2,1.213275909E0
9.040003092E1,-5.190544128E-1,-8.139470965E-2,1.223376751E0
9.041000692E1,-5.012732148E-1,-6.277740002E-2,1.230865598E0
9.041998392E1,-5.138284564E-1,-1.795932651E-2,1.230129480E0
9.042996092E1,-5.133171678E-1,2.212953568E-2,1.233840108E0
9.043993792E1,-4.861170053E-1,4.129204527E-2,1.235652208E0
9.044991392E1,-4.499978423E-1,1.371228136E-3,1.229609370E0
9.045989092E1,-4.271383286E-1,-3.989178687E-2,1.224139690E0
9.046986792E1,-4.215059578E-1,-2.473820187E-2,1.236252785E0
9.047984392E1,-4.180542231E-1,-7.631653920E-3,1.254421115E0
9.048982092E1,-3.993900418E-1,-2.226424776E-2,1.264236927E0
9.049979792E1,-3.806456625E-1,-6.339170784E-2,1.263435483E0
9.050977392E1,-3.729246855E-1,-9.373231977E-2,1.264643312E0
9.051975092E1,-3.682265878E-1,-9.757206589E-2,1.271472692E0
9.052972792E1,-3.615028560E-1,-1.205602735E-1,1.285704255E0
9.053970492E1,-3.435209095E-1,-1.348161697E-1,1.306054592E0
9.054968092E1,-3.295769989E-1,-1.684550941E-1,1.310843706E0
9.055965792E1,-3.222269416E-1,-2.184498161E-1,1.298097610E0
9.056963492E1,-3.074087799E-1,-2.376258373E-1,1.295335174E0
9.057961092E1,-2.911520600E-1,-2.281239331E-1,1.300629258E0
9.058958792E1,-2.719850242E-1,-2.302834988E-1,1.302197099E0
9.059956492E1,-2.410934120E-1,-2.610097229E-1,1.294021487E0
9.060954092E1,-2.020961791E-1,-3.040009439E-1,1.289079189E0
9.061951792E1,-1.814242005E-1,-2.947525978E-1,1.288927078E0
9.062949492E1,-1.748353392E-1,-2.742530107E-1,1.297302127E0
9.063947092E1,-1.472026557E-1,-2.597385347E-1,1.314059019E0
9.064944792E1,-1.114527136E-1,-2.508574724E-1,1.328594327E0
9.065942492E1,-9.424522519E-2,-2.605924010E-1,1.325554609E0
9.066940192E1,-8.344731480E-2,-2.345227152E-1,1.321308255E0
9.067937792E1,-7.030142099E-2,-1.998233199E-1,1.334994197E0
9.068935492E1,-5.938971043E-2,-1.827388108E-1,1.343852401E0
9.069933129E1,-4.617164284E-2,-1.811158806E-1,1.342311144E0
9.070930729E1,-3.742869198E-2,-1.933105588E-1,1.327031136E0
9.071928429E1,-1.963291690E-2,-1.949984729E-1,1.323049068E0
9.072926129E1,-2.829750767E-3,-1.731678694E-1,1.329827070E0
9.073923729E1,8.403462358E-3,-1.661285907E-1,1.338410974E0
9.074921429E1,1.885979809E-2,-1.409717053E-1,1.342438698E0
9.075919129E1,3.414846957E-2,-1.391455680E-1,1.343019009E0
9.076916829E1,4.597530887E-2,-1.483557373E-1,1.333119631E0
9.077914429E1,6.049805880E-2,-1.312609017E-1,1.328500032E0
9.078912129E1,6.949529797E-2,-1.014616564E-1,1.341471434E0
9.079909829E1,7.987576723E-2,-9.149237722E-2,1.351196289E0
9.080907429E1,1.079253778E-1,-1.185236722E-1,1.351287365E0
9.081905129E1,1.260130405E-1,-1.598370224E-1,1.328478932E0
9.082902829E1,1.375478506E-1,-1.500361413E-1,1.324136972E0
9.083900429E1,1.477040946E-1,-1.062394008E-1,1.340219736E0
9.084898129E1,1.646449864E-1,-1.077985317E-1,1.354579806E0
9.085895829E1,1.801022440E-1,-1.198509336E-1,1.356888294E0
9.086893529E1,1.827146411E-1,-1.472840160E-1,1.334263086E0
9.087891129E1,1.943891495E-1,-1.401459575E-1,1.327671409E0
9.088888829E1,2.040897757E-1,-9.077931195E-2,1.344275355E0
9.089886529E1,2.174372822E-1,-7.888350636E-2,1.361062646E0
9.090884129E1,2.150161266E-1,-7.092677802E-2,1.363059878E0
9.091881829E1,2.169631571E-1,-7.724433392E-2,1.356196404E0
9.092879529E1,2.248507887E-1,-7.117348909E-2,1.347951174E0
9.093877129E1,2.429083586E-1,-3.064603359E-2,1.354920745E0
9.094874829E1,2.528809607E-1,-4.072042648E-3,1.369230032E0
9.095872529E1,2.621647418E-1,8.424041793E-3,1.385794163E0
9.096870229E1,2.774365246E-1,1.331256237E-2,1.381342173E0
9.097867829E1,2.810618877E-1,1.093713567E-3,1.364598870E0
9.098865529E1,2.743601501E-1,6.223549321E-2,1.357226253E0
9.099863229E1,2.761226296E-1,1.031498984E-1,1.360905409E0
9.100860829E1,2.962531447E-1,1.124374792E-1,1.366489887E0
9.101858529E1,3.050090671E-1,1.141597405E-1,1.360891581E0
9.102856229E1,3.030700088E-1,1.226141751E-1,1.345280528E0
9.103853929E1,3.041928113E-1,1.758281291E-1,1.347999334E0
9.104851529E1,3.225542307E-1,2.311330438E-1,1.364619851E0
9.105849229E1,3.431535363E-1,2.260701060E-1,1.366562009E0
9.106846929E1,3.494202197E-1,2.186325192E-1,1.352361441E0
9.107844529E1,3.497366011E-1,2.232549638E-1,1.340516210E0
9.108842229E1,3.596239090E-1,2.632511258E-1,1.341458917E0
9.109839929E1,3.688941002E-1,3.084244728E-1,1.351235747E0
9.110837529E1,3.773711026E-1,3.090125322E-1,1.357753515E0
9.111835229E1,3.845046461E-1,3.062242270E-1,1.358226299E0
9.112832929E1,3.844657540E-1,2.810447514E-1,1.347084284E0
9.113830629E1,3.828119338E-1,2.300896943E-1,1.337152600E0
9.114828229E1,3.804777861E-1,2.322012484E-1,1.348359466E0
9.115825929E1,3.826442659E-1,2.475860715E-1,1.368942499E0
9.116823629E1,3.688614070E-1,2.403735965E-1,1.382545829E0
9.117821229E1,3.465337455E-1,2.455379963E-1,1.383635759E0
9.118818929E1,3.291957378E-1,2.531422377E-1,1.376668811E0
9.119816629E1,3.318820894E-1,2.916164100E-1,1.375272751E0
9.120814229E1,3.451602161E-1,3.177919984E-1,1.380921841E0
9.121811929E1,3.701915443E-1,3.178082407E-1,1.389224529E0
9.122809629E1,3.723271787E-1,3.144521117E-1,1.378695607E0
9.123807329E1,3.580422401E-1,3.031405807E-1,1.365909696E0
9.124804929E1,3.522871137E-1,3.371945918E-1,1.361942649E0
9.125802629E1,3.675243855E-1,3.792738914E-1,1.356947780E0
9.126800329E1,3.971228600E-1,3.678182960E-1,1.347067714E0
9.127797929E1,4.146656394E-1,3.630813360E-1,1.341358781E0
9.128795629E1,4.109923542E-1,3.614122570E-1,1.333824396E0
9.129793329E1,4.036529362E-1,3.918237090E-1,1.332681298E0
9.130790929E1,4.015502334E-1,4.325092435E-1,1.335263014E0
9.131788629E1,4.138657451E-1,4.173547924E-1,1.340115547E0
9.132786329E1,4.170009494E-1,4.214797020E-1,1.337679029E0
9.133784029E1,3.991572559E-1,4.112007022E-1,1.331527114E0
9.134781629E1,3.814072311E-1,4.104313850E-1,1.333018899E0
9.135779329E1,3.830163181E-1,4.416047633E-1,1.344077468E0
9.136777029E1,3.833090365E-1,4.346852601E-1,1.348270178E0
9.137774629E1,3.844664693E-1,4.117066860E-1,1.348402262E0
9.138772329E1,3.742257357E-1,3.938109577E-1,1.345799446E0
9.139770029E1,3.579929769E-1,3.835338056E-1,1.348629355E0
9.140767729E1,3.570728004E-1,4.009629786E-1,1.354527593E0
9.141765329E1,3.609578311E-1,3.801202774E-1,1.354447722E0
9.142763029E1,3.643023670E-1,3.374874592E-1,1.349838257E0
9.143760729E1,3.573792279E-1,3.053444326E-1,1.342658281E0
9.144758329E1,3.406038582E-1,2.801781595E-1,1.336391568E0
9.145756029E1,3.298851848E-1,2.861958444E-1,1.343678474E0
9.146753729E1,3.311870992E-1,2.904374301E-1,1.349058270E0
9.147751329E1,3.324033618E-1,2.553044558E-1,1.350539804E0
9.148749029E1,3.301102221E-1,2.324230969E-1,1.347590327E0
9.149746729E1,3.170780540E-1,2.096946090E-1,1.344613433E0
9.150744429E1,3.163236380E-1,2.178121656E-1,1.352451086E0
9.151742029E1,3.186837137E-1,2.148893327E-1,1.353881240E0
9.152739729E1,3.186435103E-1,1.799367368E-1,1.349241972E0
9.153737429E1,3.190490901E-1,1.473119408E-1,1.342523098E0
9.154735029E1,3.127159476E-1,1.213078126E-1,1.340339065E0
9.155732729E1,3.017615676E-1,1.215405688E-1,1.346687555E0
9.156730429E1,2.995470762E-1,1.149718016E-1,1.350443840E0
9.157728029E1,3.042020202E-1,9.962905943E-2,1.354665756E0
9.158725729E1,3.016071022E-1,6.931183487E-2,1.347481966E0
9.159723429E1,2.929957509E-1,3.301268443E-2,1.338520408E0
9.160721129E1,2.812156379E-1,1.762069762E-2,1.335326552E0
9.161718729E1,2.740360200E-1,3.910477739E-3,1.333693981E0
9.162716429E1,2.708464265E-1,-2.062433586E-2,1.336217284E0
9.163714129E1,2.680476904E-1,-4.718643799E-2,1.332802653E0
9.164711729E1,2.658418119E-1,-8.863074332E-2,1.329257011E0
9.165709429E1,2.565503120E-1,-1.012980714E-1,1.330798745E0
9.166707129E1,2.450993955E-1,-1.120578647E-1,1.332111716E0
9.167704729E1,2.454051226E-1,-1.372511089E-1,1.338293433E0
9.168702429E1,2.499960810E-1,-1.626800746E-1,1.339735627E0
9.169700200E1,2.492232323E-1,-2.151739150E-1,1.329514742E0
9.170697900E1,2.451132238E-1,-2.414114475E-1,1.326483369E0
9.171695500E1,2.331545651E-1,-2.686068714E-1,1.317700267E0
9.172693200E1,2.223254889E-1,-2.924027443E-1,1.316667795E0
9.173690900E1,2.175456434E-1,-3.028013110E-1,1.316722393E0
9.174688500E1,2.088746876E-1,-3.313177824E-1,1.310757637E0
9.175686200E1,2.126158923E-1,-3.476544023E-1,1.310021281E0
9.176683900E1,2.091217488E-1,-3.638206720E-1,1.307415485E0
9.177681600E1,2.066109180E-1,-3.904466927E-1,1.306603551E0
9.178679200E1,2.074003071E-1,-3.917917311E-1,1.308293223E0
9.179676900E1,2.079952657E-1,-4.227848053E-1,1.301721692E0
9.180674600E1,2.094208002E-1,-4.486115575E-1,1.295583129E0
9.181672200E1,2.106157690E-1,-4.527250826E-1,1.288608313E0
9.182669900E1,2.116858214E-1,-4.762666225E-1,1.286175013E0
9.183667600E1,2.169929743E-1,-4.763151109E-1,1.289754868E0
9.184665200E1,2.083145380E-1,-4.940987825E-1,1.281919479E0
9.185662900E1,1.993223727E-1,-4.875290394E-1,1.277277350E0
9.186660600E1,1.998577863E-1,-4.926732183E-1,1.272100806E0
9.187658300E1,2.043172568E-1,-5.136544108E-1,1.260562897E0
9.188655900E1,2.090120167E-1,-5.389485359E-1,1.254536629E0
9.189653600E1,2.010172158E-1,-5.548073649E-1,1.248954058E0
9.190651300E1,2.020312101E-1,-5.761952400E-1,1.250801325E0
9.191648900E1,2.018956691E-1,-5.839194655E-1,1.246386290E0
9.192646600E1,1.946408153E-1,-6.359594464E-1,1.231901646E0
9.193644300E1,1.872031391E-1,-6.765923500E-1,1.232718706E0
9.194642000E1,1.700648665E-1,-6.918697357E-1,1.234355807E0
9.195639600E1,1.536970884E-1,-7.112727165E-1,1.240248799E0
9.196637300E1,1.481425911E-1,-7.146374583E-1,1.247562289E0
9.197635000E1,1.482056975E-1,-7.356604338E-1,1.247819543E0
9.198632600E1,1.517344117E-1,-7.433724403E-1,1.257295847E0
9.199630300E1,1.519999206E-1,-7.393726707E-1,1.265158296E0
9.200628000E1,1.459735930E-1,-7.466418147E-1,1.265692234E0
9.201625600E1,1.473730803E-1,-7.357923985E-1,1.269269705E0
9.202623300E1,1.502297819E-1,-7.342364192E-1,1.265254021E0
9.203621000E1,1.484728903E-1,-7.636254430E-1,1.254064679E0
9.204618700E1,1.377841681E-1,-7.493115664E-1,1.247592211E0
9.205616300E1,1.233239993E-1,-7.337414026E-1,1.245488524E0
9.206614000E1,1.172561124E-1,-7.201381922E-1,1.246654749E0
9.207611700E1,1.168451831E-1,-7.289628386E-1,1.238859177E0
9.208609300E1,1.080529913E-1,-7.522264123E-1,1.229738712E0
9.209607000E1,1.015143916E-1,-7.427088618E-1,1.232253432E0
9.210604700E1,1.027198657E-1,-7.478368282E-1,1.234839797E0
9.211602400E1,1.095844284E-1,-7.637001872E-1,1.236946344E0
9.212600000E1,1.089515835E-1,-7.635406852E-1,1.238317728E0
9.213597700E1,9.727495164E-2,-7.810506821E-1,1.244889975E0
9.214595400E1,8.955231309E-2,-7.910850644E-1,1.249852419E0
9.215593000E1,7.189688087E-2,-7.862911224E-1,1.246090651E0
9.216590700E1,5.249188468E-2,-7.683479190E-1,1.245435119E0
9.217588400E1,4.951793328E-2,-7.563884854E-1,1.243381500E0
9.218586000E1,5.248085037E-2,-7.836832404E-1,1.235356927E0
9.219583700E1,4.453903809E-2,-7.976978421E-1,1.238867521E0
9.220581400E1,3.157279268E-2,-7.831640840E-1,1.241908431E0
9.221579100E1,1.482736878E-2,-7.660849094E-1,1.241275191E0
9.222576700E1,1.108653843E-2,-7.571821213E-1,1.246305108E0
9.223574400E1,2.018389665E-2,-7.750961185E-1,1.243053436E0
9.224572100E1,1.880105957E-2,-7.929643989E-1,1.242634177E0
9.225569700E1,6.894333288E-3,-7.847932577E-1,1.236395478E0
9.226567400E1,-7.678274065E-3,-7.800927758E-1,1.231913209E0
9.227565100E1,-1.248075254E-2,-7.572947741E-1,1.239012957E0
9.228562800E1,-4.049371928E-3,-7.545230985E-1,1.242413044E0
9.229560400E1,-1.334353816E-2,-7.607690096E-1,1.236580968E0
9.230558100E1,-3.998176008E-2,-7.513337135E-1,1.226530194E0
9.231555800E1,-6.952527165E-2,-7.381989956E-1,1.226929903E0
9.232553400E1,-8.114692569E-2,-6.959020495E-1,1.242678881E0
9.233551100E1,-7.909949124E-2,-6.849346161E-1,1.242022395E0
9.234548800E1,-8.903398365E-2,-7.089290023E-1,1.233252168E0
9.235546400E1,-9.735183418E-2,-7.082334161E-1,1.229157567E0
9.236544100E1,-1.032537147E-1,-6.862581968E-1,1.222767711E0
9.237541800E1,-1.120544001E-1,-6.520272493E-1,1.225985050E0
9.238539500E1,-1.056930199E-1,-6.325272322E-1,1.224509358E0
9.239537100E1,-1.050956696E-1,-6.558604836E-1,1.218866706E0
9.240534800E1,-1.092560068E-1,-6.534474492E-1,1.225821137E0
9.241532500E1,-1.143474355E-1,-6.234804988E-1,1.217029214E0
9.242530100E1,-1.395123452E-1,-6.019158959E-1,1.211905718E0
9.243527800E1,-1.431997567E-1,-5.983659029E-1,1.213654876E0
9.244525500E1,-1.357082129E-1,-6.156795025E-1,1.209442139E0
9.245523200E1,-1.494589150E-1,-6.049807668E-1,1.215636849E0
9.246520800E1,-1.719173640E-1,-5.888410211E-1,1.212210774E0
9.247518500E1,-2.033293545E-1,-5.780158043E-1,1.208448291E0
9.248516200E1,-2.097290605E-1,-5.496565104E-1,1.220382094E0
9.249513800E1,-2.106443942E-1,-5.514349937E-1,1.214176416E0
9.250511500E1,-2.293469906E-1,-5.636628270E-1,1.204438329E0
9.251509200E1,-2.381492704E-1,-5.635129213E-1,1.207076192E0
9.252506800E1,-2.418790907E-1,-5.371728539E-1,1.218045712E0
9.253504500E1,-2.438242584E-1,-5.076186657E-1,1.227754235E0
9.254502200E1,-2.491799742E-1,-5.256955624E-1,1.216237187E0
9.255499900E1,-2.613487542E-1,-5.724625587E-1,1.207662344E0
9.256497500E1,-2.602607608E-1,-5.855265856E-1,1.213567972E0
9.257495200E1,-2.834667265E-1,-5.835539699E-1,1.221191287E0
9.258492900E1,-3.133889437E-1,-5.598648190E-1,1.226445079E0
9.259490500E1,-3.198138177E-1,-5.513251424E-1,1.237088084E0
9.260488200E1,-3.266835213E-1,-5.443605781E-1,1.240513086E0
9.261485900E1,-3.365747631E-1,-5.319982171E-1,1.234430671E0
9.262483600E1,-3.582565486E-1,-5.315766931E-1,1.223041654E0
9.263481200E1,-3.736381829E-1,-5.086535215E-1,1.235362530E0
9.264478900E1,-3.611229956E-1,-4.759674072E-1,1.252621651E0
9.265476600E1,-3.604941964E-1,-4.529209733E-1,1.245470285E0
9.266474200E1,-3.741367161E-1,-4.485947788E-1,1.235656023E0
9.267471900E1,-3.849622011E-1,-4.489788115E-1,1.234857321E0
9.268469600E1,-3.985730410E-1,-4.359665811E-1,1.236464739E0
9.269467300E1,-4.025813639E-1,-4.009939432E-1,1.237844467E0
9.270464829E1,-4.137071967E-1,-3.985541165E-1,1.224187732E0
9.271462529E1,-4.138869643E-1,-3.908573091E-1,1.226985097E0
9.272460229E1,-4.036044776E-1,-3.711293042E-1,1.230144143E0
9.273457829E1,-4.202575088E-1,-3.503385484E-1,1.219320536E0
9.274455529E1,-4.395624399E-1,-3.297176063E-1,1.214217305E0
9.275453229E1,-4.462685585E-1,-3.160350919E-1,1.215758204E0
9.276450829E1,-4.494746625E-1,-2.920892835E-1,1.218329549E0
9.277448529E1,-4.495604336E-1,-2.700534761E-1,1.209059119E0
9.278446229E1,-4.702661037E-1,-2.734627724E-1,1.202107191E0
9.279443929E1,-4.685736597E-1,-2.599216700E-1,1.216747403E0
9.280441529E1,-4.590908587E-1,-2.372952104E-1,1.224964976E0
9.281439229E1,-4.737385213E-1,-2.260848880E-1,1.211213708E0
9.282436929E1,-4.823299944E-1,-2.291141450E-1,1.202103615E0
9.283434529E1,-4.885061383E-1,-2.380927354E-1,1.203330040E0
9.284432229E1,-4.892900586E-1,-2.229561806E-1,1.207631350E0
9.285429929E1,-4.975261390E-1,-2.134502977E-1,1.192682266E0
9.286427629E1,-5.223898292E-1,-2.185299695E-1,1.184824824E0
9.287425229E1,-5.170009136E-1,-2.032591403E-1,1.190868378E0
9.288422929E1,-5.195412040E-1,-1.861763746E-1,1.186941862E0
9.289420629E1,-5.332237482E-1,-1.682559550E-1,1.179354191E0
9.290418229E1,-5.440956950E-1,-1.576858312E-1,1.180283308E0
9.291415929E1,-5.511493087E-1,-1.465652734E-1,1.187832594E0
9.292413629E1,-5.389025807E-1,-1.231196821E-1,1.194973230E0
9.293411329E1,-5.524415374E-1,-1.188868508E-1,1.181176662E0
9.294408929E1,-5.737873316E-1,-1.112909019E-1,1.181654930E0
9.295406629E1,-5.756875277E-1,-1.018193662E-1,1.191193581E0
9.296404329E1,-5.814089775E-1,-8.537016809E-2,1.191369295E0
9.297401929E1,-5.887963176E-1,-6.593655050E-2,1.187205553E0
9.298399629E1,-5.985534191E-1,-5.231093243E-2,1.182454944E0
9.299397329E1,-6.136921644E-1,-3.200699389E-2,1.185074329E0
9.300395029E1,-6.229965091E-1,-7.028722670E-3,1.183506370E0
9.301392629E1,-6.348363757E-1,1.146400161E-2,1.179835200E0
9.302390329E1,-6.402197480E-1,2.532000095E-2,1.182546973E0
9.303388029E1,-6.389667392E-1,3.461789340E-2,1.184453011E0
9.304385629E1,-6.381700635E-1,5.354916304E-2,1.181453466E0
9.305383329E1,-6.478950977E-1,6.418396533E-2,1.177058697E0
9.306381029E1,-6.641228199E-1,7.150927186E-2,1.170717001E0
9.307378729E1,-6.684080958E-1,8.703923225E-2,1.169804931E0
9.308376329E1,-6.632052064E-1,9.916776419E-2,1.165101886E0
9.309374029E1,-6.675294042E-1,1.150772274E-1,1.157083631E0
9.310371729E1,-6.765965223E-1,1.297136396E-1,1.153845787E0
9.311369329E1,-6.835316420E-1,1.420041323E-1,1.149603605E0
9.312367029E1,-6.864297390E-1,1.535460651E-1,1.146725535E0
9.313364729E1,-6.907104850E-1,1.584587991E-1,1.139946699E0
9.314362429E1,-6.959462762E-1,1.717474908E-1,1.138268471E0
9.315360029E1,-7.016971111E-1,1.974440664E-1,1.144147635E0
9.316357729E1,-7.079702020E-1,2.127488852E-1,1.140586257E0
9.317355429E1,-7.112749219E-1,2.251746655E-1,1.140688777E0
9.318353029E1,-7.130038738E-1,2.325014025E-1,1.135893822E0
9.319350729E1,-7.132169008E-1,2.406011522E-1,1.135549188E0
9.320348429E1,-7.161490321E-1,2.594144344E-1,1.142928123E0
9.321346129E1,-7.263875604E-1,2.832356095E-1,1.153072357E0
9.322343729E1,-7.414686084E-1,3.106436729E-1,1.161023259E0
9.323341429E1,-7.509046793E-1,3.343846798E-1,1.171506286E0
9.324339129E1,-7.558532953E-1,3.373632133E-1,1.166111827E0
9.325336729E1,-7.659800053E-1,3.411726058E-1,1.158495665E0
9.326334429E1,-7.811692357E-1,3.447038829E-1,1.156030536E0
9.327332129E1,-7.900594473E-1,3.522552550E-1,1.164817095E0
9.328329729E1,-7.911314368E-1,3.763325214E-1,1.171259999E0
9.329327429E1,-7.896496058E-1,3.852922022E-1,1.167582989E0
9.330325129E1,-7.939202189E-1,3.856216669E-1,1.153883815E0
9.331322829E1,-8.087689877E-1,3.836365342E-1,1.144233346E0
9.332320429E1,-8.225670457E-1,3.954561949E-1,1.145571351E0
9.333318129E1,-8.250153065E-1,4.188365936E-1,1.148428917E0
9.334315829E1,-8.249288201E-1,4.434642196E-1,1.153388977E0
9.335313429E1,-8.211745620E-1,4.382548034E-1,1.150535107E0
9.336311129E1,-8.165169358E-1,4.249316454E-1,1.137439728E0
9.337308829E1,-8.153731227E-1,4.102091491E-1,1.120392084E0
9.338306529E1,-8.244121671E-1,4.093620181E-1,1.118474126E0
9.339304129E1,-8.253682256E-1,4.285252988E-1,1.128557920E0
9.340301829E1,-8.257250190E-1,4.347252250E-1,1.127249360E0
9.341299529E1,-8.313347101E-1,4.412686229E-1,1.115821719E0
9.342297229E1,-8.333995938E-1,4.381070733E-1,1.108081937E0
9.343294829E1,-8.264953494E-1,4.443008006E-1,1.103398323E0
9.344292529E1,-8.181254268E-1,4.530199170E-1,1.097579002E0
9.345290229E1,-8.123351932E-1,4.519796968E-1,1.091087580E0
9.346287829E1,-7.979875803E-1,4.445376992E-1,1.097447276E0
9.347285529E1,-7.804863453E-1,4.460024536E-1,1.095302343E0
9.348283229E1,-7.833563685E-1,4.315543771E-1,1.084725976E0
9.349280829E1,-8.013291955E-1,4.363677800E-1,1.086400032E0
9.350278529E1,-8.151848912E-1,4.571706951E-1,1.095305204E0
9.351276229E1,-8.230167627E-1,4.893299639E-1,1.103637457E0
9.352273929E1,-8.348637819E-1,4.920948744E-1,1.101602197E0
9.353271529E1,-8.450415730E-1,4.774869084E-1,1.099712729E0
9.354269229E1,-8.501047492E-1,4.969505966E-1,1.104709029E0
9.355266929E1,-8.570314050E-1,4.979040325E-1,1.102124453E0
9.356264629E1,-8.581992388E-1,4.793503881E-1,1.097280025E0
9.357262229E1,-8.439577222E-1,4.562107325E-1,1.099133015E0
9.358259929E1,-8.326361775E-1,4.257830083E-1,1.100790739E0
9.359257629E1,-8.274033070E-1,4.225608706E-1,1.101865292E0
9.360255229E1,-8.322421908E-1,4.049963057E-1,1.099036813E0
9.361252929E1,-8.187426329E-1,3.925236464E-1,1.109524846E0
9.362250629E1,-7.875249982E-1,3.834757209E-1,1.121980429E0
9.363248329E1,-7.675721049E-1,3.441765010E-1,1.120149255E0
9.364245929E1,-7.671790123E-1,3.246288896E-1,1.123073220E0
9.365243629E1,-7.672863603E-1,3.297048807E-1,1.126277804E0
9.366241329E1,-7.613705397E-1,3.170682490E-1,1.126669288E0
9.367238929E1,-7.503247857E-1,2.847065926E-1,1.115631223E0
9.368236629E1,-7.409541607E-1,2.303988189E-1,1.103448510E0
9.369234329E1,-7.354600430E-1,2.262373567E-1,1.109423280E0
9.370231950E1,-7.402315140E-1,2.354694754E-1,1.115905762E0
9.371229650E1,-7.435133457E-1,2.237933725E-1,1.120571852E0
9.372227350E1,-7.353105545E-1,2.207881659E-1,1.128978014E0
9.373225050E1,-7.237346172E-1,2.168062031E-1,1.144183278E0
9.374222650E1,-7.207080722E-1,2.322836369E-1,1.156141639E0
9.375220350E1,-7.277888656E-1,2.437469512E-1,1.158967257E0
9.376218050E1,-7.312068939E-1,2.431616485E-1,1.159570813E0
9.377215750E1,-7.121655941E-1,2.635457516E-1,1.167771459E0
9.378213350E1,-6.976420283E-1,2.513518333E-1,1.166106462E0
9.379211050E1,-6.882466674E-1,2.434627712E-1,1.166800737E0
9.380208750E1,-6.762866378E-1,2.568904161E-1,1.172550082E0
9.381206350E1,-6.730817556E-1,2.442803383E-1,1.179844975E0
9.382204050E1,-6.596924067E-1,2.333796322E-1,1.186408639E0
9.383201750E1,-6.497955918E-1,2.037626207E-1,1.190396428E0
9.384199450E1,-6.336698532E-1,1.788543165E-1,1.194767356E0
9.385197050E1,-6.177423000E-1,1.679646522E-1,1.202207446E0
9.386194750E1,-6.168123484E-1,1.311945766E-1,1.197264791E0
9.387192450E1,-6.051194668E-1,9.588478506E-2,1.199737191E0
9.388190050E1,-5.864933729E-1,6.270612031E-2,1.209472775E0
9.389187750E1,-5.724316239E-1,2.721177600E-2,1.216378331E0
9.390185450E1,-5.574565530E-1,9.838214144E-3,1.217081785E0
9.391183150E1,-5.414866805E-1,-4.690869153E-2,1.218212485E0
9.392180750E1,-5.162172914E-1,-6.351951510E-2,1.232617378E0
9.393178450E1,-5.069263577E-1,-4.560842738E-2,1.243972301E0
9.394176150E1,-5.131585598E-1,-3.307378292E-2,1.245871186E0
9.395173750E1,-5.071496367E-1,4.537508823E-3,1.257664442E0
9.396171450E1,-4.855660796E-1,3.690246493E-3,1.249997497E0
9.397169150E1,-4.567432106E-1,-1.217819843E-2,1.237775445E0
9.398166850E1,-4.318934381E-1,-1.216933876E-2,1.233880043E0
9.399164450E1,-4.090283215E-1,-3.279072791E-2,1.239596009E0
9.400162150E1,-3.878647387E-1,-2.118680160E-3,1.256102562E0
9.401159850E1,-3.771713376E-1,8.459128439E-3,1.261774063E0
9.402157450E1,-3.716736734E-1,-1.127192844E-2,1.253763199E0
9.403155150E1,-3.473826945E-1,-9.992012754E-3,1.251646757E0
9.404152850E1,-3.321554959E-1,-4.080553353E-2,1.254468441E0
9.405150550E1,-3.048080206E-1,-6.386158615E-2,1.266638517E0
9.406148150E1,-2.882171273E-1,-4.536188021E-2,1.277030587E0
9.407145850E1,-2.997576594E-1,-5.660787597E-2,1.287795901E0
9.408143550E1,-2.917134464E-1,-4.263916239E-2,1.297748089E0
9.409141150E1,-2.797521055E-1,-5.987594277E-2,1.302960396E0
9.410138850E1,-2.710338235E-1,-7.791194320E-2,1.302329659E0
9.411136550E1,-2.621817291E-1,-7.469404489E-2,1.311092615E0
9.412134250E1,-2.655723691E-1,-7.488180697E-2,1.316184998E0
9.413131850E1,-2.470969409E-1,-7.929039747E-2,1.320662379E0
9.414129550E1,-2.102752924E-1,-1.266700923E-1,1.317694068E0
9.415127250E1,-1.870948672E-1,-1.628749520E-1,1.316503286E0
9.416124950E1,-1.741964072E-1,-1.629651487E-1,1.315467000E0
9.417122550E1,-1.547281742E-1,-1.723954082E-1,1.316319942E0
9.418120250E1,-1.183713153E-1,-1.702549309E-1,1.326358438E0
9.419117950E1,-8.795109391E-2,-1.651179641E-1,1.339656353E0
9.420115550E1,-7.689499110E-2,-1.861421466E-1,1.330190182E0
9.421113250E1,-6.628016382E-2,-1.797659993E-1,1.327030063E0
9.422110950E1,-5.443425849E-2,-2.011865228E-1,1.311617136E0
9.423108650E1,-3.635432571E-2,-1.847287267E-1,1.316606641E0
9.424106250E1,-1.313487906E-2,-1.814035922E-1,1.324383020E0
9.425103950E1,-7.710552309E-3,-2.001549155E-1,1.316191077E0
9.426101650E1,-7.916460745E-3,-1.551441252E-1,1.317512989E0
9.427099250E1,-2.683082828E-3,-1.398642361E-1,1.319579840E0
9.428096950E1,1.227429509E-2,-1.407372206E-1,1.322586656E0
9.429094650E1,3.749256581E-2,-1.056066677E-1,1.336539984E0
9.430092350E1,4.955646023E-2,-1.127428934E-1,1.339439988E0
9.431089950E1,4.974474385E-2,-8.329845220E-2,1.342170835E0
9.432087650E1,6.681133807E-2,-6.077007949E-2,1.346588969E0
9.433085350E1,8.772407472E-2,-7.136014104E-2,1.345033407E0
9.434082950E1,1.133785695E-1,-5.501499027E-2,1.351582170E0
9.435080650E1,1.327727735E-1,-7.248958945E-2,1.356599212E0
9.436078350E1,1.382413805E-1,-6.359287351E-2,1.351099730E0
9.437076050E1,1.329547465E-1,-3.309461474E-2,1.344449520E0
9.438073650E1,1.458856463E-1,-4.457326606E-2,1.342917323E0
9.439071350E1,1.690490246E-1,-5.328073725E-2,1.346613526E0
9.440069050E1,1.853265464E-1,-5.150434375E-2,1.347406864E0
9.441066650E1,1.783453375E-1,-4.342404753E-2,1.339942336E0
9.442064350E1,1.731613576E-1,-1.441340335E-2,1.336037874E0
9.443062050E1,1.895267516E-1,-1.149351336E-2,1.337050915E0
9.444059750E1,2.116817087E-1,-1.543200109E-2,1.336829901E0
9.445057350E1,2.325278670E-1,-1.771353185E-2,1.334739566E0
9.446055050E1,2.473598272E-1,-1.872014254E-2,1.331209540E0
9.447052750E1,2.549849749E-1,2.505476773E-2,1.335926533E0
9.448050450E1,2.658074200E-1,4.560605809E-2,1.337921023E0
9.449048050E1,2.731473446E-1,7.601163536E-2,1.349747300E0
9.450045750E1,2.797791064E-1,9.253384173E-2,1.357644677E0
9.451043450E1,2.708117068E-1,1.021758169E-1,1.354905128E0
9.452041050E1,2.578381598E-1,1.262555122E-1,1.350852489E0
9.453038750E1,2.623314559E-1,1.608680934E-1,1.352422118E0
9.454036450E1,2.834060490E-1,1.686162353E-1,1.362213969E0
9.455034150E1,3.031224906E-1,1.840306222E-1,1.364366531E0
9.456031750E1,3.041290939E-1,1.683195233E-1,1.355634689E0
9.457029450E1,2.954181433E-1,2.126494348E-1,1.351138949E0
9.458027150E1,2.959347665E-1,2.539168894E-1,1.346079350E0
9.459024750E1,3.160418868E-1,2.651277483E-1,1.345939279E0
9.460022450E1,3.261371255E-1,2.813509405E-1,1.351392746E0
9.461020150E1,3.287675381E-1,2.698298395E-1,1.344861269E0
9.462017850E1,3.200727999E-1,2.690462172E-1,1.337487340E0
9.463015450E1,3.204744160E-1,2.828661501E-1,1.330903411E0
9.464013150E1,3.334399760E-1,2.641317546E-1,1.328700066E0
9.465010850E1,3.624396622E-1,2.390445024E-1,1.338490963E0
9.466008450E1,3.780550361E-1,2.040776163E-1,1.345491648E0
9.467006150E1,3.652329743E-1,1.872264594E-1,1.350818276E0
9.468003850E1,3.484647870E-1,2.299615741E-1,1.364088297E0
9.469001550E1,3.372147977E-1,2.654955983E-1,1.375060201E0
9.469999125E1,3.402144313E-1,2.923215628E-1,1.382680893E0
9.470996825E1,3.346486688E-1,2.845161259E-1,1.375772953E0
9.471994525E1,3.280660510E-1,3.056858778E-1,1.375882864E0
9.472992225E1,3.281525970E-1,3.510738909E-1,1.380309343E0
9.473989825E1,3.319120705E-1,3.463805020E-1,1.378748178E0
9.474987525E1,3.416917324E-1,3.472966254E-1,1.370947957E0
9.475985225E1,3.416965008E-1,3.638693988E-1,1.364794016E0
9.476982825E1,3.499360383E-1,3.711169064E-1,1.356773615E0
9.477980525E1,3.633957803E-1,3.809876442E-1,1.348875165E0
9.478978225E1,3.716427982E-1,3.788765371E-1,1.341914535E0
9.479975925E1,3.737651408E-1,3.869645596E-1,1.340860844E0
9.480973525E1,3.797676563E-1,4.064242840E-1,1.340126514E0
9.481971225E1,3.844325244E-1,4.052206278E-1,1.339189053E0
9.482968925E1,3.821515441E-1,4.179694653E-1,1.333798766E0
9.483966625E1,3.701294065E-1,4.166888893E-1,1.324582219E0
9.484964225E1,3.684020638E-1,4.163323045E-1,1.322243929E0
9.485961925E1,3.748506010E-1,4.074260592E-1,1.324180245E0
9.486959625E1,3.761885762E-1,3.892928660E-1,1.329606175E0
9.487957225E1,3.664560616E-1,4.001114666E-1,1.336520553E0
9.488954925E1,3.476195037E-1,3.934999108E-1,1.334093928E0
9.489952625E1,3.434813917E-1,3.832187653E-1,1.342580438E0
9.490950325E1,3.416310251E-1,3.736234009E-1,1.349548101E0
9.491947925E1,3.319637477E-1,3.541792631E-1,1.346008420E0
9.492945625E1,3.289027214E-1,3.570935726E-1,1.352302790E0
9.493943325E1,3.310100734E-1,3.313582540E-1,1.350495934E0
9.494940925E1,3.297386765E-1,3.047399819E-1,1.353640556E0
9.495938625E1,3.178122044E-1,2.903752029E-1,1.348991632E0
9.496936325E1,3.037504256E-1,2.613267601E-1,1.340733171E0
9.497934025E1,3.048319519E-1,2.544999421E-1,1.350072622E0
9.498931625E1,3.060945570E-1,2.435322255E-1,1.349976778E0
9.499929325E1,3.067614734E-1,2.193500847E-1,1.348068714E0
9.500927025E1,3.089684248E-1,1.895852685E-1,1.345036626E0
9.501924725E1,3.130925894E-1,1.623752266E-1,1.349071383E0
9.502922325E1,3.051936626E-1,1.576054990E-1,1.355163097E0
9.503920025E1,2.998010814E-1,1.381562352E-1,1.342947125E0
9.504917725E1,2.940689027E-1,1.162290871E-1,1.343283415E0
9.505915325E1,3.016214967E-1,1.220116690E-1,1.346774817E0
9.506913025E1,3.009906113E-1,7.679944485E-2,1.341335654E0
9.507910725E1,3.021110594E-1,6.412071735E-2,1.342936873E0
9.508908425E1,2.942113280E-1,5.057987571E-2,1.342367411E0
9.509906025E1,2.840442359E-1,2.956726961E-2,1.347929001E0
9.510903725E1,2.671286166E-1,3.949686885E-2,1.348479748E0
9.511901425E1,2.623281777E-1,-6.541567855E-3,1.339554906E0
9.512899125E1,2.829665840E-1,-3.422699124E-2,1.342736840E0
9.513896725E1,2.788158059E-1,-4.717497155E-2,1.336485863E0
9.514894425E1,2.608224452E-1,-7.380925119E-2,1.328969717E0
9.515892125E1,2.551813722E-1,-7.599750906E-2,1.331185102E0
9.516889725E1,2.566343844E-1,-9.941308945E-2,1.328802586E0
9.517887425E1,2.610286772E-1,-1.223304272E-1,1.328507662E0
9.518885125E1,2.576288879E-1,-1.284346581E-1,1.322336316E0
9.519882825E1,2.466959655E-1,-1.579236686E-1,1.328865528E0
9.520880425E1,2.450842112E-1,-1.642822325E-1,1.336171627E0
9.521878125E1,2.378222346E-1,-1.976882368E-1,1.322611213E0
9.522875825E1,2.361316532E-1,-2.279095352E-1,1.317010522E0
9.523873425E1,2.450994849E-1,-2.448009998E-1,1.317103028E0
9.524871125E1,2.389672995E-1,-2.762718499E-1,1.316148281E0
9.525868825E1,2.326126099E-1,-2.853845954E-1,1.319801331E0
9.526866525E1,2.206725925E-1,-3.267607987E-1,1.305845499E0
9.527864125E1,2.146002650E-1,-3.358800411E-1,1.311508536E0
9.528861825E1,2.231370211E-1,-3.538052440E-1,1.307306886E0
9.529859525E1,2.272656262E-1,-4.160418510E-1,1.298282623E0
9.530857225E1,2.317812890E-1,-4.386086762E-1,1.296398163E0
9.531854825E1,2.262473851E-1,-4.425935745E-1,1.288326383E0
9.532852525E1,2.292666137E-1,-4.646953940E-1,1.298334599E0
9.533850225E1,2.298877984E-1,-4.396995008E-1,1.294568300E0
9.534847825E1,2.188721597E-1,-4.693913460E-1,1.285739899E0
9.535845525E1,2.236447036E-1,-4.702663720E-1,1.290775895E0
9.536843225E1,2.100631148E-1,-4.700282812E-1,1.270640612E0
9.537840925E1,1.957185715E-1,-4.715452492E-1,1.271854877E0
9.538838525E1,1.911613643E-1,-4.440348148E-1,1.285867929E0
9.539836225E1,1.914259493E-1,-4.717068374E-1,1.277443290E0
9.540833925E1,1.903436333E-1,-5.082909465E-1,1.277022481E0
9.541831625E1,1.787244081E-1,-5.268409848E-1,1.265223622E0
9.542829225E1,1.628892422E-1,-5.423498750E-1,1.260917306E0
9.543826925E1,1.751597971E-1,-5.589557290E-1,1.266078830E0
9.544824625E1,1.923856586E-1,-5.980019569E-1,1.259274125E0
9.545822225E1,1.827242076E-1,-6.272742152E-1,1.254444480E0
9.546819925E1,1.593999714E-1,-6.252259612E-1,1.258172989E0
9.547817625E1,1.359962225E-1,-6.409218907E-1,1.257474184E0
9.548815325E1,1.292887926E-1,-6.542347670E-1,1.264757156E0
9.549812925E1,1.271875948E-1,-6.789985299E-1,1.259340644E0
9.550810625E1,1.200231463E-1,-7.051515579E-1,1.252307773E0
9.551808325E1,1.202032715E-1,-7.203046679E-1,1.252776146E0
9.552806025E1,1.119059324E-1,-7.181488276E-1,1.254868031E0
9.553803625E1,1.059583649E-1,-7.212855220E-1,1.258381128E0
9.554801325E1,1.129289269E-1,-7.249217629E-1,1.259086847E0
9.555799025E1,1.109179705E-1,-7.555696964E-1,1.252333879E0
9.556796625E1,1.124927029E-1,-7.689568996E-1,1.251263738E0
9.557794325E1,1.007894874E-1,-7.626255155E-1,1.240568399E0
9.558792025E1,9.414862841E-2,-7.375978827E-1,1.241014719E0
9.559789725E1,1.063116714E-1,-7.267286777E-1,1.241267562E0
9.560787325E1,1.122193635E-1,-7.454235554E-1,1.232245326E0
9.561785025E1,1.076585427E-1,-7.481955290E-1,1.233834147E0
9.562782725E1,9.058661014E-2,-7.371109724E-1,1.224668384E0
9.563780425E1,6.034375355E-2,-7.033790946E-1,1.230135798E0
9.564778025E1,6.971781701E-2,-7.147188187E-1,1.234154224E0
9.565775725E1,8.275990188E-2,-7.539548874E-1,1.224233627E0
9.566773425E1,8.946415037E-2,-7.689971924E-1,1.230415940E0
9.567771025E1,7.531366497E-2,-7.803063989E-1,1.211579204E0
9.568768725E1,6.304315478E-2,-7.839751840E-1,1.204963803E0
9.569766425E1,6.027438492E-2,-7.710297108E-1,1.210148215E0
9.570764138E1,6.729447842E-2,-7.892079353E-1,1.212516665E0
9.571761738E1,6.151063368E-2,-7.967632413E-1,1.223844171E0
9.572759437E1,4.264906049E-2,-8.089306355E-1,1.219663501E0
9.573757137E1,1.585022546E-2,-8.203522563E-1,1.219116926E0
9.574754838E1,-1.789202541E-2,-7.632666230E-1,1.245970368E0
9.575752438E1,-3.209097683E-2,-7.555634975E-1,1.250736713E0
9.576750137E1,-1.819646545E-2,-7.981761694E-1,1.247198462E0
9.577747838E1,-4.442341626E-3,-8.180909753E-1,1.243972898E0
9.578745438E1,-2.010039613E-2,-8.265861869E-1,1.230790734E0
9.579743138E1,-4.229287431E-2,-7.870790362E-1,1.232658386E0
9.580740837E1,-4.846235365E-2,-7.583786845E-1,1.229267120E0
9.581738538E1,-4.621206969E-2,-7.584989071E-1,1.233495116E0
9.582736138E1,-4.515053332E-2,-7.495357394E-1,1.231509209E0
9.583733837E1,-6.917603314E-2,-7.495086193E-1,1.220717311E0
9.584731537E1,-7.559025288E-2,-7.185885310E-1,1.225330114E0
9.585729238E1,-6.601717323E-2,-6.955558062E-1,1.233426094E0
9.586726838E1,-6.919085979E-2,-7.072995305E-1,1.236597300E0
9.587724537E1,-7.883955538E-2,-6.993560791E-1,1.228837490E0
9.588722238E1,-1.003571004E-1,-7.032903433E-1,1.204420924E0
9.589719838E1,-1.141680926E-1,-6.655482054E-1,1.201061726E0
9.590717537E1,-1.114258319E-1,-6.343828440E-1,1.201580524E0
9.591715237E1,-1.064185798E-1,-6.303997636E-1,1.202603698E0
9.592712938E1,-8.724088967E-2,-6.271967888E-1,1.204471707E0
9.593710538E1,-9.083163738E-2,-6.357669234E-1,1.196583986E0
9.594708237E1,-1.222585365E-1,-6.099283695E-1,1.206177235E0
9.595705938E1,-1.258872896E-1,-5.748270154E-1,1.212232351E0
9.596703638E1,-1.221186519E-1,-5.900464654E-1,1.200856090E0
9.597701237E1,-1.100082174E-1,-5.984451771E-1,1.205889463E0
9.598698937E1,-1.209333017E-1,-6.098621488E-1,1.200193524E0
9.599696638E1,-1.567388922E-1,-5.955843925E-1,1.201596379E0
9.600694238E1,-1.680765003E-1,-5.520744920E-1,1.210681438E0
9.601691937E1,-1.771910042E-1,-5.526456237E-1,1.214008212E0
9.602689637E1,-1.839738041E-1,-5.594148636E-1,1.217148542E0
9.603687338E1,-1.885647476E-1,-5.781062841E-1,1.214642882E0
9.604684938E1,-2.205352038E-1,-5.761523247E-1,1.212378144E0
9.605682637E1,-2.385372967E-1,-5.599861145E-1,1.217357159E0
9.606680338E1,-2.495486587E-1,-5.720813870E-1,1.219911337E0
9.607678038E1,-2.568772733E-1,-5.823271871E-1,1.223704934E0
9.608675637E1,-2.741326988E-1,-5.888013244E-1,1.225832820E0
9.609673337E1,-3.033556938E-1,-5.801273584E-1,1.231090546E0
9.610671038E1,-3.293966055E-1,-5.472285151E-1,1.240948677E0
9.611668738E1,-3.486369848E-1,-5.166693926E-1,1.245384097E0
9.612666337E1,-3.555982113E-1,-4.935577214E-1,1.253222585E0
9.613664038E1,-3.563552797E-1,-4.916740060E-1,1.248804450E0
9.614661738E1,-3.697429895E-1,-5.054268241E-1,1.243950844E0
9.615659337E1,-3.802964389E-1,-4.839609265E-1,1.255496979E0
9.616657037E1,-3.759448230E-1,-4.723886847E-1,1.263968587E0
9.617654738E1,-3.623311818E-1,-4.634766281E-1,1.258887291E0
9.618652438E1,-3.649711609E-1,-4.504860044E-1,1.253121972E0
9.619650037E1,-3.787261248E-1,-4.545809329E-1,1.245783448E0
9.620647738E1,-4.024951160E-1,-4.244568348E-1,1.247014403E0
9.621645438E1,-4.252077043E-1,-3.883098662E-1,1.246734977E0
9.622643137E1,-4.371117651E-1,-3.784833252E-1,1.243780732E0
9.623640737E1,-4.391734600E-1,-3.608702123E-1,1.238467932E0
9.624638438E1,-4.488564730E-1,-3.549230993E-1,1.221891046E0
9.625636138E1,-4.739830196E-1,-3.410138786E-1,1.226188898E0
9.626633737E1,-4.756954312E-1,-3.252849877E-1,1.242807031E0
9.627631437E1,-4.653328061E-1,-3.062720597E-1,1.247127056E0
9.628629138E1,-4.498023391E-1,-2.900502086E-1,1.229177952E0
9.629626838E1,-4.579765499E-1,-2.989561856E-1,1.215033412E0
9.630624437E1,-4.728993177E-1,-2.760631144E-1,1.224947810E0
9.631622138E1,-4.911742210E-1,-2.304824293E-1,1.230008721E0
9.632619838E1,-5.135727525E-1,-2.003650069E-1,1.224777579E0
9.633617537E1,-5.133075118E-1,-1.887091994E-1,1.212128401E0
9.634615137E1,-5.062589645E-1,-1.789934635E-1,1.212409377E0
9.635612838E1,-5.112578869E-1,-1.692825705E-1,1.204485774E0
9.636610538E1,-5.103921294E-1,-1.658295095E-1,1.190642357E0
9.637608237E1,-5.206896663E-1,-1.690836102E-1,1.190238714E0
9.638605838E1,-5.145342946E-1,-1.544697881E-1,1.199350715E0
9.639603538E1,-5.090842843E-1,-1.356142312E-1,1.202073812E0
9.640601237E1,-5.309485793E-1,-1.192949191E-1,1.190236330E0
9.641598837E1,-5.538679361E-1,-1.135473326E-1,1.190833807E0
9.642596538E1,-5.686950684E-1,-1.117595583E-1,1.193169475E0
9.643594238E1,-5.878554583E-1,-9.231134504E-2,1.190557957E0
9.644591937E1,-6.098105907E-1,-8.443557471E-2,1.180480838E0
9.645589537E1,-6.243949533E-1,-8.699898422E-2,1.181995153E0
9.646587238E1,-6.185232401E-1,-8.245962113E-2,1.185387969E0
9.647584938E1,-6.233224869E-1,-7.913599163E-2,1.178205371E0
9.648582637E1,-6.397297382E-1,-7.460302860E-2,1.173897743E0
9.649580238E1,-6.362771392E-1,-6.523647904E-2,1.179264665E0
9.650577938E1,-6.383780837E-1,-4.636691511E-2,1.185203314E0
9.651575637E1,-6.427618265E-1,-1.570492610E-2,1.184558630E0
9.652573237E1,-6.495041847E-1,-2.372530103E-2,1.185871243E0
9.653570938E1,-6.417513490E-1,-2.388248406E-2,1.191003799E0
9.654568638E1,-6.304587722E-1,2.970169764E-3,1.204425335E0
9.655566337E1,-6.278956532E-1,1.735853404E-2,1.195974946E0
9.656563938E1,-6.356545091E-1,1.547914185E-2,1.179233789E0
9.657561638E1,-6.469769478E-1,1.361269131E-2,1.178633571E0
9.658559337E1,-6.552996039E-1,5.311775208E-2,1.193458080E0
9.659557037E1,-6.569770575E-1,9.458045661E-2,1.198674798E0
9.660554638E1,-6.664283276E-1,1.069745421E-1,1.189103127E0
9.661552338E1,-6.775149107E-1,1.203766838E-1,1.189213037E0
9.662550037E1,-6.865217090E-1,1.231319904E-1,1.185757041E0
9.663547738E1,-6.876733303E-1,1.413112730E-1,1.179454565E0
9.664545338E1,-6.944654584E-1,1.526155919E-1,1.166380048E0
9.665543038E1,-7.038702369E-1,1.593009830E-1,1.158879995E0
9.666540737E1,-6.977268457E-1,1.836595833E-1,1.160196304E0
9.667538438E1,-6.989778876E-1,2.168519348E-1,1.152366996E0
9.668536038E1,-7.169286609E-1,2.271628976E-1,1.140653610E0
9.669533737E1,-7.367831469E-1,2.439117283E-1,1.136466980E0
9.670531488E1,-7.430841923E-1,2.628515959E-1,1.132792354E0
9.671529087E1,-7.464191914E-1,2.920204103E-1,1.134444356E0
9.672526788E1,-7.533439398E-1,3.076137304E-1,1.131357789E0
9.673524488E1,-7.597275972E-1,3.116911054E-1,1.128786683E0
9.674522187E1,-7.560684085E-1,3.319726586E-1,1.126542330E0
9.675519787E1,-7.668237090E-1,3.537418246E-1,1.120155096E0
9.676517488E1,-7.863220572E-1,3.675215542E-1,1.113056421E0
9.677515188E1,-8.000189662E-1,3.728680611E-1,1.109636664E0
9.678512887E1,-8.080071211E-1,3.851686716E-1,1.098509192E0
9.679510487E1,-8.303987980E-1,3.922911286E-1,1.087337852E0
9.680508188E1,-8.502001762E-1,3.930589259E-1,1.085147500E0
9.681505888E1,-8.452745676E-1,3.903200924E-1,1.088451743E0
9.682503587E1,-8.250479102E-1,3.975910544E-1,1.083809137E0
9.683501188E1,-8.158419728E-1,3.982417881E-1,1.069735885E0
9.684498888E1,-8.107894063E-1,3.968023658E-1,1.067091107E0
9.685496587E1,-7.962391973E-1,4.063245356E-1,1.079498649E0
9.686494287E1,-7.943758368E-1,4.228262901E-1,1.096111178E0
9.687491888E1,-8.093773127E-1,4.467828572E-1,1.116951227E0
9.688489588E1,-8.255104423E-1,4.608571231E-1,1.134786725E0
9.689487287E1,-8.410097957E-1,4.583411217E-1,1.145627379E0
9.690484888E1,-8.595387340E-1,4.615494311E-1,1.158870220E0
9.691482588E1,-8.861536980E-1,4.459836185E-1,1.153038144E0
9.692480287E1,-9.061172605E-1,4.416786134E-1,1.148143530E0
9.693477987E1,-9.180836678E-1,4.629215598E-1,1.146437049E0
9.694475588E1,-9.280471206E-1,4.733012319E-1,1.137746930E0
9.695473288E1,-9.309141636E-1,4.753333926E-1,1.122649193E0
9.696470987E1,-9.239941835E-1,4.798746109E-1,1.116345525E0
9.697468688E1,-9.169446826E-1,5.016753078E-1,1.115593433E0
9.698466288E1,-9.097123742E-1,5.112062097E-1,1.114838481E0
9.699463988E1,-8.969659805E-1,4.844427407E-1,1.104634047E0
9.700461687E1,-8.757629395E-1,4.774554074E-1,1.100023627E0
9.701459388E1,-8.618459702E-1,4.772214890E-1,1.099403024E0
9.702456988E1,-8.454926014E-1,4.817483127E-1,1.105028629E0
9.703454687E1,-8.354035020E-1,4.876515865E-1,1.103878260E0
9.704452387E1,-8.308556676E-1,4.710260034E-1,1.099354625E0
9.705450088E1,-8.241204619E-1,4.646230638E-1,1.097598433E0
9.706447688E1,-8.235140443E-1,4.539520442E-1,1.093647599E0
9.707445387E1,-8.271362185E-1,4.558388293E-1,1.089525580E0
9.708443088E1,-8.321480155E-1,4.576916099E-1,1.089562178E0
9.709440788E1,-8.242073655E-1,4.293246865E-1,1.084934115E0
9.710438387E1,-8.113186955E-1,4.015873373E-1,1.082683563E0
9.711436087E1,-8.144463897E-1,3.683915436E-1,1.075930595E0
9.712433788E1,-8.216741681E-1,3.586859107E-1,1.076828122E0
9.713431488E1,-8.153393865E-1,3.486594558E-1,1.091079831E0
9.714429087E1,-8.081781268E-1,3.005110919E-1,1.088580728E0
9.715426788E1,-8.070266247E-1,2.787902355E-1,1.090006828E0
9.716424488E1,-8.132355213E-1,2.702755630E-1,1.095179796E0
9.717422087E1,-8.146485090E-1,2.732178867E-1,1.101871967E0
9.718419787E1,-8.093895316E-1,2.700375617E-1,1.104180098E0
9.719417488E1,-7.979038358E-1,2.272529155E-1,1.100249290E0
9.720415188E1,-7.746150494E-1,2.079098374E-1,1.110360980E0
9.721412787E1,-7.630736828E-1,1.940014809E-1,1.118532419E0
9.722410488E1,-7.658599019E-1,1.840734780E-1,1.120298386E0
9.723408188E1,-7.666904330E-1,2.078771293E-1,1.134368181E0
9.724405888E1,-7.569661736E-1,2.014988661E-1,1.143379211E0
9.725403487E1,-7.335720658E-1,1.899955571E-1,1.147961855E0
9.726401188E1,-7.220256925E-1,1.894645244E-1,1.146277666E0
9.727398888E1,-7.308312654E-1,1.990952641E-1,1.147588968E0
9.728396587E1,-7.300616503E-1,2.280435562E-1,1.153218865E0
9.729394187E1,-7.192035317E-1,2.409840077E-1,1.155591249E0
9.730391888E1,-6.992092729E-1,2.191372961E-1,1.155429006E0
9.731389588E1,-6.812908053E-1,2.137427032E-1,1.156885266E0
9.732387287E1,-6.775192022E-1,2.067801356E-1,1.165811658E0
9.733384888E1,-6.681314111E-1,2.090502083E-1,1.173998117E0
9.734382588E1,-6.536840200E-1,1.984867752E-1,1.179440260E0
9.735380287E1,-6.346251965E-1,1.600674242E-1,1.184418559E0
9.736377987E1,-6.208372116E-1,1.376864910E-1,1.186394811E0
9.737375588E1,-6.197046638E-1,1.062061116E-1,1.183348894E0
9.738373288E1,-6.208697557E-1,8.716478199E-2,1.186779261E0
9.739370987E1,-6.128040552E-1,6.882689893E-2,1.194085240E0
9.740368688E1,-5.942522287E-1,2.255340666E-2,1.196508408E0
9.741366288E1,-5.767437816E-1,-1.383139472E-2,1.201329231E0
9.742363987E1,-5.598361492E-1,-4.395813867E-2,1.210830927E0
9.743361687E1,-5.434707403E-1,-4.263832793E-2,1.226151943E0
9.744359388E1,-5.427660346E-1,-6.543975789E-3,1.233410358E0
9.745356988E1,-5.330861807E-1,-1.793197170E-2,1.230039477E0
9.746354687E1,-5.065808296E-1,-7.244172972E-3,1.235566378E0
9.747352387E1,-4.832711518E-1,1.896569878E-2,1.241063476E0
9.748350088E1,-4.759993851E-1,5.864010192E-3,1.231510639E0
9.749347688E1,-4.615407288E-1,1.521944068E-2,1.228554487E0
9.750345387E1,-4.427587986E-1,7.146334741E-3,1.239506960E0
9.751343088E1,-4.147445560E-1,1.332405675E-2,1.252288938E0
9.752340688E1,-3.961932361E-1,1.547559164E-3,1.251805782E0
9.753338387E1,-3.944656551E-1,-2.576081268E-2,1.244787335E0
9.754336087E1,-3.802587390E-1,-3.159446642E-2,1.248437524E0
9.755333788E1,-3.570214212E-1,-4.136097059E-2,1.254192472E0
9.756331388E1,-3.310723901E-1,-6.225986034E-2,1.258568525E0
9.757329087E1,-3.099648654E-1,-7.868304104E-2,1.268821955E0
9.758326788E1,-3.112253547E-1,-9.321245551E-2,1.278328657E0
9.759324488E1,-3.143617213E-1,-9.309335798E-2,1.286514878E0
9.760322087E1,-3.054558337E-1,-1.123333648E-1,1.286036015E0
9.761319787E1,-2.852872908E-1,-1.429649889E-1,1.288963795E0
9.762317488E1,-2.768820822E-1,-1.466446668E-1,1.291932464E0
9.763315188E1,-2.867430449E-1,-1.513908058E-1,1.286556482E0
9.764312787E1,-2.790499926E-1,-1.399216354E-1,1.292672157E0
9.765310488E1,-2.385461181E-1,-1.488632411E-1,1.300232291E0
9.766308188E1,-2.035900056E-1,-1.699727923E-1,1.300075412E0
9.767305887E1,-1.888272911E-1,-1.714611202E-1,1.295149446E0
9.768303487E1,-1.686690301E-1,-1.753296405E-1,1.296214700E0
9.769301188E1,-1.403456032E-1,-1.636861861E-1,1.306995392E0
9.770298812E1,-1.156679541E-1,-1.451724172E-1,1.317062974E0
9.771296512E1,-9.555891901E-2,-1.555394828E-1,1.309338808E0
9.772294113E1,-7.540944219E-2,-1.428825408E-1,1.308017850E0
9.773291813E1,-5.702270940E-2,-1.446775049E-1,1.311845660E0
9.774289512E1,-4.683079198E-2,-1.315806210E-1,1.315093637E0
9.775287213E1,-3.054879606E-2,-1.139074489E-1,1.319041133E0
9.776284813E1,-1.459593046E-2,-1.215667054E-1,1.317689896E0
9.777282512E1,1.164737623E-4,-1.350933313E-1,1.306948304E0
9.778280212E1,1.695462037E-3,-1.213942841E-1,1.302209496E0
9.779277913E1,6.451772060E-3,-1.046610102E-1,1.310536146E0
9.780275513E1,1.937103271E-2,-6.093163788E-2,1.327925801E0
9.781273212E1,3.808458149E-2,-7.438198477E-2,1.320963621E0
9.782270913E1,5.130424723E-2,-8.884960413E-2,1.310385823E0
9.783268613E1,6.217535213E-2,-7.253694534E-2,1.309190392E0
9.784266213E1,6.831339747E-2,-4.961724952E-2,1.318719745E0
9.785263912E1,8.374511451E-2,-2.832261100E-2,1.328667164E0
9.786261613E1,1.098571420E-1,-4.341368005E-2,1.330982208E0
9.787259313E1,1.373655945E-1,-7.858629525E-2,1.327729464E0
9.788256912E1,1.467425823E-1,-6.315940619E-2,1.323645830E0
9.789254612E1,1.502050459E-1,-3.654320538E-2,1.324895144E0
9.790252313E1,1.563763916E-1,-8.399718441E-3,1.338320136E0
9.791250013E1,1.667060256E-1,2.771183383E-3,1.340871334E0
9.792247612E1,1.694000661E-1,-1.260777283E-2,1.337013841E0
9.793245313E1,1.728813350E-1,1.060362440E-3,1.330420732E0
9.794243013E1,1.841302663E-1,2.773192152E-2,1.329552293E0
9.795240712E1,1.958805025E-1,4.728708789E-2,1.337393403E0
9.796238312E1,1.972927898E-1,5.006662756E-2,1.344787955E0
9.797236013E1,1.985138953E-1,5.437877029E-2,1.348171353E0
9.798233713E1,2.035864294E-1,4.789716750E-2,1.343801379E0
9.799231412E1,2.140537053E-1,8.577157557E-2,1.346235275E0
9.800229013E1,2.279847115E-1,1.134700552E-1,1.355552673E0
9.801226713E1,2.482570559E-1,1.038333476E-1,1.357717037E0
9.802224412E1,2.584420443E-1,7.368530333E-2,1.354507446E0
9.803222112E1,2.509030998E-1,9.348867089E-2,1.349770546E0
9.804219713E1,2.529758215E-1,1.390047520E-1,1.353918433E0
9.805217413E1,2.647384405E-1,1.709767580E-1,1.361375570E0
9.806215112E1,2.689928412E-1,1.849503666E-1,1.361926913E0
9.807212813E1,2.692005336E-1,1.633026451E-1,1.351079106E0
9.808210413E1,2.716929913E-1,1.878007948E-1,1.346525669E0
9.809208113E1,2.775124013E-1,2.207886130E-1,1.345541000E0
9.810205812E1,2.934687138E-1,2.450753152E-1,1.350320816E0
9.811203513E1,3.016253412E-1,2.607572675E-1,1.352561474E0
9.812201113E1,3.043654561E-1,2.444201261E-1,1.345006824E0
9.813198812E1,2.972480059E-1,2.328149229E-1,1.338423133E0
9.814196512E1,2.908212841E-1,2.587996423E-1,1.342821956E0
9.815194213E1,2.846401632E-1,2.759943306E-1,1.343309760E0
9.816191813E1,3.004580140E-1,2.617733181E-1,1.353441477E0
9.817189512E1,3.251211047E-1,2.024004608E-1,1.362480879E0
9.818187213E1,3.298228979E-1,1.741208881E-1,1.365867257E0
9.819184913E1,3.107219040E-1,2.202007622E-1,1.375707984E0
9.820182512E1,3.044863939E-1,2.649123073E-1,1.394338608E0
9.821180212E1,3.164706230E-1,3.024015129E-1,1.401805758E0
9.822177913E1,3.199338019E-1,2.700531781E-1,1.388050318E0
9.823175613E1,3.170362115E-1,2.565825582E-1,1.377840519E0
9.824173212E1,3.124313354E-1,2.981119156E-1,1.379749894E0
9.825170913E1,3.173972368E-1,3.355834484E-1,1.390504241E0
9.826168613E1,3.251006901E-1,3.344998062E-1,1.389735341E0
9.827166312E1,3.293683529E-1,3.130340874E-1,1.373526931E0
9.828163912E1,3.316536248E-1,3.064344823E-1,1.366788626E0
9.829161613E1,3.351442218E-1,3.423133194E-1,1.363477230E0
9.830159313E1,3.421307504E-1,3.738142550E-1,1.363774180E0
9.831157012E1,3.553604186E-1,3.950937092E-1,1.361083508E0
9.832154612E1,3.582251966E-1,3.791413605E-1,1.358056307E0
9.833152313E1,3.521375060E-1,3.594108224E-1,1.347487330E0
9.834150013E1,3.395612538E-1,3.715772033E-1,1.341546297E0
9.835147712E1,3.419398963E-1,4.021880329E-1,1.345938087E0
9.836145313E1,3.593029082E-1,4.060197771E-1,1.354238033E0
9.837143013E1,3.690235615E-1,3.813040555E-1,1.353718042E0
9.838140712E1,3.565775156E-1,3.555305004E-1,1.345484018E0
9.839138412E1,3.394650221E-1,3.535293043E-1,1.338885903E0
9.840136013E1,3.423271179E-1,3.753456473E-1,1.341160774E0
9.841133713E1,3.582685888E-1,3.706265986E-1,1.347393632E0
9.842131412E1,3.658058941E-1,3.482059538E-1,1.344570160E0
9.843129113E1,3.558777273E-1,3.105105162E-1,1.331568956E0
9.844126713E1,3.369623721E-1,3.037775159E-1,1.331714392E0
9.845124412E1,3.323558867E-1,3.194512129E-1,1.340347886E0
9.846122112E1,3.500715196E-1,3.068518043E-1,1.350115895E0
9.847119813E1,3.610101342E-1,2.810384631E-1,1.354822278E0
9.848117413E1,3.516712189E-1,2.460575700E-1,1.345239758E0
9.849115112E1,3.301506639E-1,2.290525734E-1,1.344521761E0
9.850112813E1,3.206493258E-1,2.409326732E-1,1.347340107E0
9.851110513E1,3.262961209E-1,2.415399700E-1,1.351724744E0
9.852108113E1,3.379282653E-1,2.106499672E-1,1.351110935E0
9.853105812E1,3.355289102E-1,1.620613933E-1,1.340954185E0
9.854103513E1,3.183938563E-1,1.384338289E-1,1.339955211E0
9.855101213E1,3.052209914E-1,1.419214010E-1,1.341112971E0
9.856098812E1,3.097481132E-1,1.413259208E-1,1.346024394E0
9.857096512E1,3.141548932E-1,1.239962503E-1,1.347140908E0
9.858094213E1,3.096530735E-1,8.725314587E-2,1.342674255E0
9.859091913E1,2.927461565E-1,5.254895985E-2,1.338887572E0
9.860089512E1,2.828018963E-1,4.904291034E-2,1.340448141E0
9.861087213E1,2.893746495E-1,3.362033889E-2,1.343620300E0
9.862084913E1,3.040473461E-1,1.393824536E-2,1.346915245E0
9.863082612E1,3.047046065E-1,-3.848486021E-2,1.335009336E0
9.864080212E1,2.943736613E-1,-8.771152794E-2,1.324099660E0
9.865077913E1,2.778981328E-1,-9.971950948E-2,1.317219138E0
9.866075613E1,2.727843225E-1,-1.033467352E-1,1.322515130E0
9.867073312E1,2.770569026E-1,-1.024438664E-1,1.333819866E0
9.868070913E1,2.759658098E-1,-1.430999488E-1,1.328760147E0
9.869068613E1,2.561514676E-1,-1.820702404E-1,1.324319839E0
9.870066375E1,2.421195358E-1,-2.119304091E-1,1.318203330E0
9.871064075E1,2.462033927E-1,-2.018181235E-1,1.317579985E0
9.872061675E1,2.616150975E-1,-2.201627791E-1,1.325116396E0
9.873059375E1,2.751123607E-1,-2.603018284E-1,1.321488738E0
9.874057075E1,2.675229013E-1,-2.992678881E-1,1.312188625E0
9.875054775E1,2.526771724E-1,-3.157742620E-1,1.304763675E0
9.876052375E1,2.469787896E-1,-3.144117892E-1,1.311205864E0
9.877050075E1,2.529118061E-1,-3.129477501E-1,1.317667723E0
9.878047775E1,2.554766834E-1,-3.558166623E-1,1.304415584E0
9.879045475E1,2.565784156E-1,-4.091217220E-1,1.298277497E0
9.880043075E1,2.461420000E-1,-4.092660844E-1,1.296307325E0
9.881040775E1,2.342559844E-1,-4.059443176E-1,1.299124837E0
9.882038475E1,2.344786227E-1,-4.010419548E-1,1.303739309E0
9.883036175E1,2.433992028E-1,-4.359567463E-1,1.297380924E0
9.884033775E1,2.415512353E-1,-4.636384547E-1,1.291260481E0
9.885031475E1,2.241504788E-1,-4.638999701E-1,1.282931805E0
9.886029175E1,2.106410563E-1,-4.591107965E-1,1.282191157E0
9.887026875E1,2.241444290E-1,-4.551041722E-1,1.285969973E0
9.888024475E1,2.328116894E-1,-4.712322950E-1,1.274592996E0
9.889022175E1,2.317032367E-1,-5.124399662E-1,1.260676503E0
9.890019875E1,2.197805345E-1,-5.062241554E-1,1.256718278E0
9.891017575E1,2.087562829E-1,-5.007008314E-1,1.260840178E0
9.892015175E1,2.123603374E-1,-4.973822534E-1,1.272597551E0
9.893012875E1,2.154058367E-1,-5.152037740E-1,1.266415119E0
9.894010575E1,2.105548829E-1,-5.527932048E-1,1.259109020E0
9.895008275E1,2.056171298E-1,-5.700625181E-1,1.258928180E0
9.896005875E1,1.917037070E-1,-5.898476839E-1,1.250045776E0
9.897003575E1,1.821582913E-1,-6.122324467E-1,1.247756004E0
9.898001275E1,1.913983971E-1,-6.281507015E-1,1.244230151E0
9.898998975E1,1.954878122E-1,-6.557458639E-1,1.243917584E0
9.899996575E1,1.952835470E-1,-6.603933573E-1,1.245968223E0
9.900994275E1,1.808316112E-1,-6.605774760E-1,1.243660569E0
9.901991975E1,1.757535040E-1,-6.721598506E-1,1.245508075E0
9.902989675E1,1.813939959E-1,-6.765412688E-1,1.249954939E0
9.903987275E1,1.781180501E-1,-6.952049732E-1,1.251248598E0
9.904984975E1,1.658222228E-1,-6.944294572E-1,1.248983383E0
9.905982675E1,1.516547501E-1,-6.929479241E-1,1.246605396E0
9.906980375E1,1.357496232E-1,-6.901500225E-1,1.247796178E0
9.907977975E1,1.310174614E-1,-6.971088648E-1,1.242946863E0
9.908975675E1,1.261316389E-1,-7.176747322E-1,1.234146595E0
9.909973375E1,1.270102113E-1,-7.192404270E-1,1.237271309E0
9.910971075E1,1.329716593E-1,-7.193008065E-1,1.237315416E0
9.911968675E1,1.208660007E-1,-7.264223695E-1,1.231304169E0
9.912966375E1,1.132254452E-1,-7.204893827E-1,1.233743668E0
9.913964075E1,1.082988679E-1,-7.243757248E-1,1.236643553E0
9.914961775E1,1.056055576E-1,-7.279457450E-1,1.245295048E0
9.915959475E1,9.969120473E-2,-7.297998071E-1,1.240275502E0
9.916957075E1,8.103084564E-2,-7.397238016E-1,1.236237049E0
9.917954775E1,7.204507291E-2,-7.419629693E-1,1.238757372E0
9.918952475E1,6.118487939E-2,-7.425301075E-1,1.238090277E0
9.919950075E1,4.915751144E-2,-7.501693964E-1,1.239420533E0
9.920947775E1,3.960769996E-2,-7.451232076E-1,1.235704780E0
9.921945475E1,3.112500347E-2,-7.374780774E-1,1.233663678E0
9.922943175E1,2.583724819E-2,-7.367852926E-1,1.237582922E0
9.923940875E1,2.142598853E-2,-7.364013195E-1,1.240978479E0
9.924938475E1,1.757284068E-2,-7.422271967E-1,1.241924405E0
9.925936175E1,2.424725518E-2,-7.296224236E-1,1.245138526E0
9.926933875E1,1.766643859E-2,-7.280002832E-1,1.238987207E0
9.927931575E1,1.016857475E-2,-7.362805605E-1,1.235447049E0
9.928929175E1,1.825674623E-2,-7.503490448E-1,1.234592080E0
9.929926875E1,1.463378221E-2,-7.477487326E-1,1.234158039E0
9.930924575E1,5.788660143E-3,-7.345367670E-1,1.236047506E0
9.931922275E1,-1.891642064E-2,-7.268735170E-1,1.236190438E0
9.932919875E1,-3.324383497E-2,-7.152722478E-1,1.242717624E0
9.933917575E1,-5.330808833E-2,-6.944314241E-1,1.240469337E0
9.934915275E1,-6.914735585E-2,-7.009952068E-1,1.241708279E0
9.935912975E1,-6.866239756E-2,-7.040530443E-1,1.239076495E0
9.936910575E1,-6.134012714E-2,-6.905607581E-1,1.238935113E0
9.937908275E1,-5.646494403E-2,-6.914086938E-1,1.230540514E0
9.938905975E1,-7.512047887E-2,-6.742780805E-1,1.224181533E0
9.939903675E1,-8.525353670E-2,-6.779151559E-1,1.219358563E0
9.940901275E1,-9.705198556E-2,-6.655563712E-1,1.230311513E0
9.941898975E1,-9.758675098E-2,-6.408169270E-1,1.231987953E0
9.942896675E1,-1.077573225E-1,-6.558672786E-1,1.217342973E0
9.943894375E1,-1.149973944E-1,-6.660810113E-1,1.213528872E0
9.944891975E1,-1.159478948E-1,-6.539025903E-1,1.212213278E0
9.945889675E1,-1.274053454E-1,-6.262440681E-1,1.213654876E0
9.946887375E1,-1.431347877E-1,-5.887966156E-1,1.213422656E0
9.947885075E1,-1.591664851E-1,-5.968220830E-1,1.203642726E0
9.948882675E1,-1.604455560E-1,-5.928018689E-1,1.199692845E0
9.949880375E1,-1.647244692E-1,-5.776263475E-1,1.205603242E0
9.950878075E1,-1.763015836E-1,-5.759656429E-1,1.205058217E0
9.951875775E1,-1.818361729E-1,-5.662459135E-1,1.213397741E0
9.952873375E1,-1.981732398E-1,-5.770659447E-1,1.200999498E0
9.953871075E1,-2.172302902E-1,-5.658057928E-1,1.198579788E0
9.954868775E1,-2.249430865E-1,-5.364552736E-1,1.206366301E0
9.955866475E1,-2.410003543E-1,-5.340735912E-1,1.211005569E0
9.956864075E1,-2.448679358E-1,-5.229797959E-1,1.221291184E0
9.957861775E1,-2.384872735E-1,-5.452161431E-1,1.213211894E0
9.958859475E1,-2.513469160E-1,-5.795906186E-1,1.207195401E0
9.959857175E1,-2.535155118E-1,-5.882701278E-1,1.216884732E0
9.960854775E1,-2.565665245E-1,-5.746877193E-1,1.227106452E0
9.961852475E1,-2.742517889E-1,-5.587529540E-1,1.235809684E0
9.962850175E1,-2.922904193E-1,-5.687085390E-1,1.228543401E0
9.963847875E1,-3.196299076E-1,-5.916545987E-1,1.221761465E0
9.964845475E1,-3.288280070E-1,-5.727867484E-1,1.229751348E0
9.965843175E1,-3.348454237E-1,-5.408946276E-1,1.233873487E0
9.966840875E1,-3.469161093E-1,-5.142310262E-1,1.237518907E0
9.967838575E1,-3.486226499E-1,-5.068532825E-1,1.238605976E0
9.968836275E1,-3.511427045E-1,-5.086730123E-1,1.231526494E0
9.969833875E1,-3.601111770E-1,-4.959119558E-1,1.229565859E0
9.970831567E1,-3.674851060E-1,-4.906841516E-1,1.227891564E0
9.971829267E1,-3.710108697E-1,-4.780964553E-1,1.235399604E0
9.972826967E1,-3.623110354E-1,-4.506398141E-1,1.238123417E0
9.973824567E1,-3.752185702E-1,-4.351631105E-1,1.223429203E0
9.974822267E1,-4.023590684E-1,-4.289357066E-1,1.212123513E0
9.975819967E1,-4.152945578E-1,-4.088576138E-1,1.215545416E0
9.976817667E1,-4.233344495E-1,-3.750851452E-1,1.223184705E0
9.977815267E1,-4.293763638E-1,-3.416701853E-1,1.223359346E0
9.978812967E1,-4.462659955E-1,-3.337649107E-1,1.217434883E0
9.979810667E1,-4.600438774E-1,-3.210877478E-1,1.221694589E0
9.980808367E1,-4.558510780E-1,-2.977262139E-1,1.231278658E0
9.981805967E1,-4.635769129E-1,-2.766265273E-1,1.229809761E0
9.982803667E1,-4.732615054E-1,-2.712575197E-1,1.223415971E0
9.983801367E1,-4.757725894E-1,-2.687237859E-1,1.228668332E0
9.984799067E1,-4.796752930E-1,-2.615024745E-1,1.228342056E0
9.985796667E1,-4.872690439E-1,-2.515513003E-1,1.222130179E0
9.986794367E1,-5.062195063E-1,-2.453660220E-1,1.223768115E0
9.987792067E1,-5.154236555E-1,-2.321735173E-1,1.228432417E0
9.988789767E1,-5.137405992E-1,-2.107778788E-1,1.222572327E0
9.989787367E1,-5.333079100E-1,-2.032816112E-1,1.209736466E0
9.990785067E1,-5.514358878E-1,-1.976857781E-1,1.208319068E0
9.991782767E1,-5.580104589E-1,-1.841380149E-1,1.217074990E0
9.992780467E1,-5.544386506E-1,-1.557811052E-1,1.219547033E0
9.993778067E1,-5.656529665E-1,-1.343612969E-1,1.211428642E0
9.994775767E1,-5.877493620E-1,-1.267864257E-1,1.206753254E0
9.995773467E1,-5.904511213E-1,-1.172358021E-1,1.213708043E0
9.996771167E1,-5.925084352E-1,-9.925182909E-2,1.213340759E0
9.997768767E1,-6.020249724E-1,-9.388662875E-2,1.201136351E0
9.998766467E1,-6.126111150E-1,-8.460056037E-2,1.198776484E0
9.999764167E1,-6.201785207E-1,-7.079260051E-2,1.200176716E0
1.000076187E2,-6.239952445E-1,-5.130390823E-2,1.202129841E0
1.000175957E2,-6.326031089E-1,-3.820355237E-2,1.196718812E0
1.000275717E2,-6.470062733E-1,-2.595643327E-2,1.194249511E0
1.000375487E2,-6.478206515E-1,-6.918292493E-3,1.198702574E0
1.000475257E2,-6.554206014E-1,3.632848617E-3,1.200478673E0
1.000575027E2,-6.617218852E-1,2.115591615E-2,1.198401093E0
1.000674787E2,-6.715552211E-1,3.242730349E-2,1.196623087E0
1.000774557E2,-6.805105805E-1,4.589038342E-2,1.193448305E0
1.000874327E2,-6.876409054E-1,5.364876240E-2,1.189763188E0
1.000974097E2,-7.021221519E-1,5.588395149E-2,1.182775855E0
1.001073857E2,-7.064453363E-1,6.426586956E-2,1.179994106E0
1.001173627E2,-7.069149017E-1,7.559682429E-2,1.180609107E0
1.001273397E2,-7.080374360E-1,8.565957844E-2,1.173524976E0
1.001373167E2,-7.169323564E-1,9.532472491E-2,1.165622234E0
1.001472927E2,-7.277202606E-1,1.050290093E-1,1.162137389E0
1.001572697E2,-7.286867499E-1,1.152675375E-1,1.162442327E0
1.001672467E2,-7.267240286E-1,1.129862145E-1,1.165560484E0
1.001772237E2,-7.320024371E-1,1.177226454E-1,1.165420413E0
1.001871997E2,-7.382431030E-1,1.328826398E-1,1.165533066E0
1.001971767E2,-7.449843287E-1,1.520320922E-1,1.165051579E0
1.002071537E2,-7.540593147E-1,1.641487926E-1,1.161122561E0
1.002171307E2,-7.560388446E-1,1.633128375E-1,1.154539704E0
1.002271067E2,-7.518007159E-1,1.629768908E-1,1.148852944E0
1.002370837E2,-7.501447797E-1,1.779747456E-1,1.146152020E0
1.002470607E2,-7.500945926E-1,2.006593496E-1,1.148680329E0
1.002570377E2,-7.493166924E-1,2.253804058E-1,1.149462700E0
1.002670147E2,-7.415089011E-1,2.377786636E-1,1.148589969E0
1.002769907E2,-7.406913042E-1,2.518912852E-1,1.146905422E0
1.002869677E2,-7.470369339E-1,2.601524889E-1,1.141197681E0
1.002969447E2,-7.504031658E-1,2.775719762E-1,1.134134769E0
1.003069217E2,-7.626607418E-1,2.915975153E-1,1.127773285E0
1.003168977E2,-7.716039419E-1,3.149054945E-1,1.127812982E0
1.003268747E2,-7.693575025E-1,3.325761557E-1,1.127941966E0
1.003368517E2,-7.654964328E-1,3.442703485E-1,1.123771191E0
1.003468287E2,-7.670885324E-1,3.509724736E-1,1.116468310E0
1.003568047E2,-7.751280665E-1,3.543999791E-1,1.110484719E0
1.003667817E2,-7.775753736E-1,3.639467061E-1,1.110200167E0
1.003767587E2,-7.723880410E-1,3.696378767E-1,1.105398536E0
1.003867357E2,-7.793429494E-1,3.650156856E-1,1.098313451E0
1.003967117E2,-7.853076458E-1,3.586819172E-1,1.097311258E0
1.004066887E2,-7.892627716E-1,3.615478873E-1,1.097465396E0
1.004166657E2,-8.004011512E-1,3.736487627E-1,1.101622820E0
1.004266427E2,-8.124681711E-1,3.886063993E-1,1.117986202E0
1.004366187E2,-8.111903667E-1,3.945638835E-1,1.133164167E0
1.004465957E2,-8.073371649E-1,4.033992589E-1,1.141457677E0
1.004565727E2,-8.237904310E-1,3.983959854E-1,1.131520391E0
1.004665497E2,-8.342790008E-1,3.965324163E-1,1.140223503E0
1.004765257E2,-8.302667141E-1,4.254626036E-1,1.156846166E0
1.004865027E2,-8.323558569E-1,4.382220805E-1,1.148058653E0
1.004964797E2,-8.421187401E-1,4.355450571E-1,1.139362931E0
1.005064567E2,-8.459721208E-1,4.154842198E-1,1.129658103E0
1.005164337E2,-8.357743025E-1,4.101986289E-1,1.132741809E0
1.005264097E2,-8.224164844E-1,4.035733640E-1,1.127970815E0
1.005363867E2,-8.146456480E-1,3.866260946E-1,1.113027811E0
1.005463637E2,-8.110621572E-1,3.733132780E-1,1.111613512E0
1.005563407E2,-7.986688614E-1,3.701654077E-1,1.110912561E0
1.005663167E2,-7.938528061E-1,3.628222644E-1,1.111177802E0
1.005762937E2,-7.938925028E-1,3.573760986E-1,1.118391037E0
1.005862707E2,-7.914689779E-1,3.645536602E-1,1.131510019E0
1.005962477E2,-7.877730727E-1,3.676961958E-1,1.133748174E0
1.006062237E2,-7.902740240E-1,3.431154191E-1,1.127130628E0
1.006162007E2,-7.917978764E-1,3.196029067E-1,1.126681447E0
1.006261777E2,-7.911788225E-1,3.305238783E-1,1.133545995E0
1.006361547E2,-7.913777828E-1,3.328229785E-1,1.137021661E0
1.006461307E2,-7.934756875E-1,3.137691021E-1,1.130596519E0
1.006561077E2,-7.921299934E-1,2.876466811E-1,1.124529839E0
1.006660847E2,-7.852473855E-1,2.857406437E-1,1.130720258E0
1.006760617E2,-7.879600525E-1,2.942854166E-1,1.135426283E0
1.006860387E2,-7.938866615E-1,2.750138044E-1,1.138618350E0
1.006960147E2,-7.866125107E-1,2.637337148E-1,1.146879435E0
1.007059919E2,-7.589265108E-1,2.617432773E-1,1.158324838E0
1.007159689E2,-7.358728647E-1,2.279946208E-1,1.156379223E0
1.007259459E2,-7.305516005E-1,2.286988199E-1,1.152659535E0
1.007359219E2,-7.314330935E-1,2.446852475E-1,1.156514168E0
1.007458989E2,-7.231006622E-1,2.550756335E-1,1.166916966E0
1.007558759E2,-7.041461468E-1,2.504177690E-1,1.166238904E0
1.007658529E2,-6.943631768E-1,2.381633371E-1,1.161817193E0
1.007758289E2,-6.874163151E-1,2.664862871E-1,1.168954253E0
1.007858059E2,-6.820852160E-1,2.994435132E-1,1.172545671E0
1.007957829E2,-6.799653172E-1,2.967108488E-1,1.166256905E0
1.008057599E2,-6.623157859E-1,2.842473686E-1,1.165221334E0
1.008157359E2,-6.386213899E-1,2.771897316E-1,1.167339683E0
1.008257129E2,-6.198658347E-1,2.807042301E-1,1.173915744E0
1.008356899E2,-6.164218187E-1,2.861080468E-1,1.171584487E0
1.008456669E2,-6.192833781E-1,2.699657083E-1,1.172858477E0
1.008556429E2,-6.063380241E-1,2.545657158E-1,1.181037784E0
1.008656199E2,-5.908803344E-1,2.059541643E-1,1.180701375E0
1.008755969E2,-5.787783861E-1,1.802160442E-1,1.176159620E0
1.008855739E2,-5.742983222E-1,1.751879901E-1,1.178897738E0
1.008955509E2,-5.778430104E-1,1.748084873E-1,1.191937447E0
1.009055269E2,-5.708925724E-1,1.762413830E-1,1.204872370E0
1.009155039E2,-5.565184355E-1,1.364180744E-1,1.209368348E0
1.009254809E2,-5.409108996E-1,9.525026381E-2,1.211222887E0
1.009354579E2,-5.312779546E-1,7.685661316E-2,1.213945508E0
1.009454339E2,-5.313068628E-1,4.496975243E-2,1.215067863E0
1.009554109E2,-5.272127986E-1,2.728263848E-2,1.230659127E0
1.009653879E2,-5.158920884E-1,9.210212156E-3,1.244279027E0
1.009753649E2,-4.996859729E-1,-3.958054353E-3,1.255787611E0
1.009853409E2,-4.946696460E-1,4.175643623E-2,1.264383316E0
1.009953179E2,-4.982784986E-1,4.890010133E-2,1.260318995E0
1.010052949E2,-4.773356318E-1,6.497167796E-2,1.265252829E0
1.010152719E2,-4.370662272E-1,7.903183997E-2,1.266608596E0
1.010252479E2,-4.046686888E-1,5.421468616E-2,1.256000638E0
1.010352249E2,-3.865455985E-1,5.727279559E-2,1.247546792E0
1.010452019E2,-3.815050423E-1,6.951135397E-2,1.250898600E0
1.010551789E2,-3.545205593E-1,6.771638244E-2,1.262196302E0
1.010651559E2,-3.159639537E-1,4.972109944E-2,1.266405940E0
1.010751319E2,-3.065821826E-1,8.970743045E-3,1.260291338E0
1.010851089E2,-3.046584725E-1,7.544535678E-3,1.261657000E0
1.010950859E2,-3.039607406E-1,2.051253244E-2,1.267325282E0
1.011050629E2,-2.916091979E-1,-4.343680106E-3,1.276529193E0
1.011150389E2,-2.702232301E-1,-2.413176745E-2,1.283455729E0
1.011250159E2,-2.716388702E-1,-4.264453053E-2,1.287106276E0
1.011349929E2,-2.766932845E-1,-4.381285980E-2,1.297522426E0
1.011449699E2,-2.597104907E-1,-4.887305945E-2,1.297552109E0
1.011549459E2,-2.437072694E-1,-4.957107455E-2,1.304401994E0
1.011649229E2,-2.340112776E-1,-4.802443087E-2,1.306824207E0
1.011748999E2,-2.168703675E-1,-8.439148962E-2,1.309247375E0
1.011848769E2,-2.060904950E-1,-8.754260093E-2,1.309991241E0
1.011948539E2,-1.945110559E-1,-6.569030136E-2,1.315580487E0
1.012048299E2,-1.777038574E-1,-8.405385911E-2,1.319576502E0
1.012148069E2,-1.425605118E-1,-8.543311059E-2,1.319818616E0
1.012247839E2,-1.118806452E-1,-1.089457273E-1,1.319015145E0
1.012347609E2,-9.157244116E-2,-1.205850691E-1,1.319300413E0
1.012447369E2,-6.964356452E-2,-7.591776550E-2,1.327540517E0
1.012547139E2,-5.819836631E-2,-6.365977228E-2,1.335357070E0
1.012646909E2,-3.410853073E-2,-7.949330658E-2,1.338232636E0
1.012746679E2,-1.331377216E-2,-1.018340290E-1,1.325504541E0
1.012846439E2,-2.084111422E-2,-1.154332012E-1,1.311343789E0
1.012946209E2,-2.618767507E-2,-7.511800528E-2,1.307761073E0
1.013045979E2,-2.208458260E-2,-6.411652267E-2,1.315193534E0
1.013145749E2,-7.840665989E-3,-6.593892723E-2,1.321176291E0
1.013245509E2,1.289249212E-2,-7.571777701E-2,1.321503520E0
1.013345279E2,2.095840871E-2,-7.477261871E-2,1.322166443E0
1.013445049E2,3.392605111E-2,-2.772939205E-2,1.335878730E0
1.013544819E2,5.984686315E-2,-1.273233257E-2,1.345376849E0
1.013644589E2,8.759823442E-2,-2.644158155E-2,1.345618486E0
1.013744349E2,1.015971452E-1,-2.685889974E-2,1.341141462E0
1.013844119E2,9.885375202E-2,-4.297783971E-2,1.335574627E0
1.013943889E2,1.050352156E-1,-2.871581353E-2,1.333343506E0
1.014043659E2,1.163612157E-1,-2.752651460E-2,1.330481052E0
1.014143419E2,1.351641864E-1,-5.043236166E-2,1.333433747E0
1.014243189E2,1.554666609E-1,-5.845598504E-2,1.332961321E0
1.014342959E2,1.555601507E-1,-7.493695617E-2,1.327222228E0
1.014442729E2,1.468596756E-1,-3.869675100E-2,1.326095462E0
1.014542489E2,1.536278427E-1,7.619880140E-3,1.339677334E0
1.014642259E2,1.739719361E-1,7.407466881E-3,1.351012707E0
1.014742029E2,2.021550983E-1,-1.233933959E-2,1.351115465E0
1.014841799E2,1.999973953E-1,-3.217413276E-2,1.340007544E0
1.014941569E2,1.961858720E-1,-1.445319131E-2,1.333447337E0
1.015041329E2,2.105493248E-1,3.127625957E-2,1.340976715E0
1.015141099E2,2.321680635E-1,2.839711681E-2,1.355787396E0
1.015240869E2,2.382419407E-1,1.687814295E-2,1.357909322E0
1.015340639E2,2.356051505E-1,2.836542204E-2,1.351581931E0
1.015440399E2,2.294849902E-1,5.097182468E-2,1.348266244E0
1.015540169E2,2.440458238E-1,1.086814627E-1,1.355867386E0
1.015639939E2,2.578358948E-1,1.317031085E-1,1.367602944E0
1.015739709E2,2.749104798E-1,1.246230900E-1,1.368623734E0
1.015839469E2,2.886911631E-1,1.407788843E-1,1.366012454E0
1.015939239E2,2.834295630E-1,1.539620608E-1,1.360565424E0
1.016039009E2,2.821845114E-1,2.144906074E-1,1.361417770E0
1.016138779E2,2.886168361E-1,2.236526757E-1,1.357987642E0
1.016238539E2,3.047161698E-1,2.249325216E-1,1.358171105E0
1.016338309E2,3.087034523E-1,2.149312794E-1,1.352133512E0
1.016438079E2,3.096790612E-1,2.092656642E-1,1.339596272E0
1.016537849E2,3.059639335E-1,2.311195731E-1,1.333620667E0
1.016637619E2,3.147938550E-1,2.445213348E-1,1.326649904E0
1.016737379E2,3.302524388E-1,2.158702463E-1,1.334882498E0
1.016837149E2,3.435729444E-1,1.911719739E-1,1.332029343E0
1.016936919E2,3.472494185E-1,1.498876512E-1,1.335397005E0
1.017036690E2,3.496336341E-1,1.505467296E-1,1.341016650E0
1.017136450E2,3.450071812E-1,1.680679321E-1,1.349795222E0
1.017236220E2,3.488705456E-1,1.686813682E-1,1.364368916E0
1.017335990E2,3.552027345E-1,2.023812681E-1,1.375548840E0
1.017435760E2,3.475993574E-1,1.903892606E-1,1.368658781E0
1.017535520E2,3.381454051E-1,2.254950553E-1,1.366383910E0
1.017635290E2,3.348365128E-1,2.706933320E-1,1.361960769E0
1.017735060E2,3.490223885E-1,2.685534954E-1,1.366977692E0
1.017834830E2,3.632600605E-1,2.706976533E-1,1.368501782E0
1.017934600E2,3.611108661E-1,2.676075995E-1,1.358024597E0
1.018034360E2,3.557168841E-1,2.887261510E-1,1.350221872E0
1.018134130E2,3.574484885E-1,3.336614072E-1,1.341142893E0
1.018233900E2,3.713401258E-1,3.302195370E-1,1.336424708E0
1.018333670E2,3.952721059E-1,3.191671371E-1,1.333785057E0
1.018433430E2,4.059331715E-1,3.180420399E-1,1.327141404E0
1.018533200E2,3.894213140E-1,3.637426794E-1,1.327966928E0
1.018632970E2,3.752703667E-1,3.935682774E-1,1.325538874E0
1.018732740E2,3.850867748E-1,3.578310609E-1,1.324329853E0
1.018832510E2,4.033969939E-1,3.369261920E-1,1.325210214E0
1.018932270E2,3.959220350E-1,3.444373608E-1,1.329180121E0
1.019032040E2,3.795101643E-1,3.607772291E-1,1.336721063E0
1.019131810E2,3.788057566E-1,3.690745831E-1,1.340754747E0
1.019231580E2,3.828451633E-1,3.461956382E-1,1.337189674E0
1.019331340E2,3.806706965E-1,3.206106424E-1,1.326138616E0
1.019431110E2,3.840955794E-1,3.028654754E-1,1.321146607E0
1.019530880E2,3.798145652E-1,3.127180934E-1,1.337511539E0
1.019630650E2,3.760394454E-1,3.191104233E-1,1.341872454E0
1.019730410E2,3.614258766E-1,2.975939214E-1,1.334157825E0
1.019830180E2,3.628345728E-1,2.619601786E-1,1.333340168E0
1.019929950E2,3.590222597E-1,2.340918034E-1,1.324860334E0
1.020029720E2,3.447591960E-1,2.374434918E-1,1.329350948E0
1.020129490E2,3.375478983E-1,2.533960938E-1,1.339620352E0
1.020229250E2,3.418143988E-1,2.357502133E-1,1.346518517E0
1.020329020E2,3.470557630E-1,1.964864284E-1,1.346122503E0
1.020428790E2,3.291233182E-1,1.904500723E-1,1.331231713E0
1.020528560E2,3.259626925E-1,1.790083349E-1,1.332113981E0
1.020628320E2,3.423165977E-1,1.862863600E-1,1.345590353E0
1.020728090E2,3.496823609E-1,1.515933573E-1,1.341527104E0
1.020827860E2,3.372848928E-1,1.241497621E-1,1.334415674E0
1.020927630E2,3.294197917E-1,1.093670875E-1,1.330589294E0
1.021027390E2,3.278187811E-1,9.610570222E-2,1.336514354E0
1.021127160E2,3.308598697E-1,7.743774354E-2,1.336222172E0
1.021226930E2,3.225725293E-1,4.532871395E-2,1.324267149E0
1.021326700E2,3.224894404E-1,9.353136644E-3,1.322558165E0
1.021426470E2,3.216212690E-1,4.479177296E-4,1.324014902E0
1.021526230E2,3.140214086E-1,-1.620109938E-2,1.316923976E0
1.021626000E2,3.176612258E-1,-3.197663277E-2,1.314779520E0
1.021725770E2,3.147996664E-1,-6.779162586E-2,1.308365822E0
1.021825540E2,3.053998053E-1,-9.095241129E-2,1.315237761E0
1.021925300E2,2.976659834E-1,-8.018871397E-2,1.311399698E0
1.022025070E2,3.037321270E-1,-1.177307516E-1,1.305920362E0
1.022124840E2,3.159658909E-1,-1.382352263E-1,1.312641978E0
1.022224610E2,2.923251987E-1,-1.574882120E-1,1.305010438E0
1.022324380E2,2.757033110E-1,-1.957333386E-1,1.306354284E0
1.022424140E2,2.741475701E-1,-2.069458812E-1,1.301195502E0
1.022523910E2,2.825085819E-1,-2.228761166E-1,1.311770916E0
1.022623680E2,2.834500074E-1,-2.187140286E-1,1.320459723E0
1.022723450E2,2.828686237E-1,-2.495728731E-1,1.309313655E0
1.022823210E2,2.743417621E-1,-3.045656979E-1,1.305198789E0
1.022922980E2,2.629474103E-1,-2.984454930E-1,1.309741497E0
1.023022750E2,2.486205399E-1,-3.315474987E-1,1.291867495E0
1.023122520E2,2.565900385E-1,-3.472692072E-1,1.294467568E0
1.023222280E2,2.583808303E-1,-3.470363319E-1,1.293859124E0
1.023322050E2,2.501039803E-1,-3.839996755E-1,1.293872476E0
1.023421820E2,2.378073633E-1,-4.049559534E-1,1.288649559E0
1.023521590E2,2.228137553E-1,-4.305174947E-1,1.274405360E0
1.023621360E2,2.200893760E-1,-4.182691574E-1,1.278705955E0
1.023721120E2,2.362907231E-1,-4.271848798E-1,1.274862528E0
1.023820890E2,2.430343330E-1,-4.612565935E-1,1.260382891E0
1.023920660E2,2.411299050E-1,-4.671027660E-1,1.259351492E0
1.024020430E2,2.237518430E-1,-4.466989934E-1,1.261800051E0
1.024120190E2,2.327360213E-1,-4.539073706E-1,1.259319901E0
1.024219960E2,2.672966123E-1,-4.710065424E-1,1.243823767E0
1.024319730E2,2.675355077E-1,-4.981079400E-1,1.231364250E0
1.024419500E2,2.447807491E-1,-4.765814841E-1,1.234893441E0
1.024519270E2,2.311219275E-1,-4.862580597E-1,1.233114958E0
1.024619030E2,2.324469686E-1,-5.020110011E-1,1.233731508E0
1.024718800E2,2.475886345E-1,-5.245218873E-1,1.231810808E0
1.024818570E2,2.527081072E-1,-5.669355989E-1,1.225332499E0
1.024918340E2,2.357871979E-1,-5.819635987E-1,1.223554134E0
1.025018100E2,2.129621059E-1,-5.961487889E-1,1.225208402E0
1.025117870E2,2.077284604E-1,-5.984221101E-1,1.230366945E0
1.025217640E2,2.163177729E-1,-5.917798877E-1,1.238315225E0
1.025317410E2,2.122788280E-1,-6.334533095E-1,1.230562568E0
1.025417180E2,1.799891591E-1,-6.416393518E-1,1.234153628E0
1.025516940E2,1.505029052E-1,-6.275594831E-1,1.237099886E0
1.025616710E2,1.369148344E-1,-6.098595262E-1,1.249713302E0
1.025716480E2,1.567985266E-1,-6.149759889E-1,1.263530016E0
1.025816250E2,1.664503813E-1,-6.431460381E-1,1.256320477E0
1.025916010E2,1.423908621E-1,-6.545283794E-1,1.258549571E0
1.026015780E2,1.336808056E-1,-6.553707123E-1,1.259775281E0
1.026115550E2,1.294011027E-1,-6.650462747E-1,1.258228779E0
1.026215320E2,1.264986992E-1,-6.630004048E-1,1.262361646E0
1.026315080E2,1.242171675E-1,-6.763727069E-1,1.251231790E0
1.026414850E2,1.082119569E-1,-6.922183037E-1,1.246441483E0
1.026514620E2,9.272407740E-2,-6.980019212E-1,1.246551514E0
1.026614390E2,8.560875803E-2,-6.940032840E-1,1.243638635E0
1.026714160E2,8.423803002E-2,-6.516696811E-1,1.252081037E0
1.026813920E2,9.622977674E-2,-6.499382257E-1,1.246881127E0
1.026913690E2,9.496823698E-2,-6.891031861E-1,1.237105727E0
1.027013460E2,8.309149742E-2,-7.095521092E-1,1.230739355E0
1.027113223E2,6.498093903E-2,-7.048883438E-1,1.222048402E0
1.027212982E2,5.288656801E-2,-6.693773270E-1,1.223975301E0
1.027312752E2,5.369963124E-2,-6.624736190E-1,1.222414494E0
1.027412523E2,5.376671255E-2,-6.861062646E-1,1.227668047E0
1.027512293E2,4.482275248E-2,-6.761103272E-1,1.233426094E0
1.027612062E2,1.935453713E-2,-6.693217158E-1,1.229228139E0
1.027711822E2,1.438654261E-3,-6.542066932E-1,1.234935641E0
1.027811593E2,1.534431707E-3,-6.649941206E-1,1.235494018E0
1.027911363E2,1.204465982E-3,-7.061767578E-1,1.237510204E0
1.028011132E2,-4.310643708E-4,-7.136073709E-1,1.243120193E0
1.028110893E2,-1.397270616E-2,-7.145237923E-1,1.235297680E0
1.028210663E2,-3.778688982E-2,-7.051607966E-1,1.232578158E0
1.028310432E2,-3.991369158E-2,-6.923075914E-1,1.241463780E0
1.028410202E2,-3.807860613E-2,-7.062348723E-1,1.238324046E0
1.028509973E2,-5.546931177E-2,-6.981052756E-1,1.239192486E0
1.028609733E2,-6.334172934E-2,-7.040956616E-1,1.229198217E0
1.028709502E2,-7.785542309E-2,-7.126220465E-1,1.224957347E0
1.028809273E2,-7.544674724E-2,-6.808365583E-1,1.229946613E0
1.028909043E2,-7.153536379E-2,-6.886590719E-1,1.227903962E0
1.029008802E2,-8.221295476E-2,-6.846780181E-1,1.241055489E0
1.029108572E2,-9.642438591E-2,-6.738381386E-1,1.242959142E0
1.029208343E2,-1.207414418E-1,-6.506317854E-1,1.239066601E0
1.029308113E2,-1.345752329E-1,-6.219722033E-1,1.240381956E0
1.029407872E2,-1.319180131E-1,-6.260982156E-1,1.235577822E0
1.029507643E2,-1.352227330E-1,-6.340208650E-1,1.238635421E0
1.029607413E2,-1.393344402E-1,-6.088913679E-1,1.235989094E0
1.029707182E2,-1.508161277E-1,-5.822168589E-1,1.231165051E0
1.029806952E2,-1.554709226E-1,-5.502780080E-1,1.237192392E0
1.029906713E2,-1.412032992E-1,-5.575915575E-1,1.225844383E0
1.030006483E2,-1.420811713E-1,-5.886593461E-1,1.217386365E0
1.030106252E2,-1.379809678E-1,-5.955337286E-1,1.215157032E0
1.030206023E2,-1.503941864E-1,-5.845897198E-1,1.209086418E0
1.030305783E2,-1.614782661E-1,-5.527992845E-1,1.219424367E0
1.030405553E2,-1.621251553E-1,-5.489132404E-1,1.226485848E0
1.030505322E2,-1.816935241E-1,-5.366528630E-1,1.230914593E0
1.030605093E2,-2.017838657E-1,-5.523139834E-1,1.219407320E0
1.030704863E2,-2.312597334E-1,-5.580786467E-1,1.208012462E0
1.030804622E2,-2.557690442E-1,-5.419505239E-1,1.218410730E0
1.030904392E2,-2.500970662E-1,-5.341080427E-1,1.224739552E0
1.031004163E2,-2.528742850E-1,-5.552058816E-1,1.223510861E0
1.031103933E2,-2.645796835E-1,-5.452629924E-1,1.229079962E0
1.031203692E2,-2.864177823E-1,-5.371414423E-1,1.231949925E0
1.031303463E2,-3.115276694E-1,-5.066314936E-1,1.239781857E0
1.031403233E2,-3.238834441E-1,-4.999297261E-1,1.238116622E0
1.031503002E2,-3.295503855E-1,-5.288356543E-1,1.229988575E0
1.031602772E2,-3.310805857E-1,-5.415669084E-1,1.227331996E0
1.031702533E2,-3.361986279E-1,-5.349596143E-1,1.228793621E0
1.031802303E2,-3.596898615E-1,-5.235115886E-1,1.228303909E0
1.031902072E2,-3.744855821E-1,-5.149929523E-1,1.231661916E0
1.032001843E2,-3.717533648E-1,-5.044189692E-1,1.241830349E0
1.032101603E2,-3.727949262E-1,-4.922690988E-1,1.249419093E0
1.032201372E2,-3.821029365E-1,-4.822320640E-1,1.239804149E0
1.032301142E2,-4.154531658E-1,-4.944389462E-1,1.225803375E0
1.032400913E2,-4.213671982E-1,-4.756864905E-1,1.235118032E0
1.032500683E2,-4.080652297E-1,-4.510458708E-1,1.235528111E0
1.032600442E2,-4.142152369E-1,-4.398307204E-1,1.222548366E0
1.032700213E2,-4.224723577E-1,-4.412595034E-1,1.211882710E0
1.032799983E2,-4.351634979E-1,-4.391735494E-1,1.209063888E0
1.032899752E2,-4.369187653E-1,-4.105155468E-1,1.211203456E0
1.032999512E2,-4.413103461E-1,-3.865089715E-1,1.208569646E0
1.033099283E2,-4.512612522E-1,-3.767146468E-1,1.205525160E0
1.033199053E2,-4.357103109E-1,-3.589499891E-1,1.207849622E0
1.033298822E2,-4.347292185E-1,-3.419744670E-1,1.203475714E0
1.033398593E2,-4.551813602E-1,-3.216767907E-1,1.197062612E0
1.033498353E2,-4.632893503E-1,-3.102326393E-1,1.198141694E0
1.033598123E2,-4.634335339E-1,-2.914538383E-1,1.202650309E0
1.033697892E2,-4.586398602E-1,-2.588085234E-1,1.204791784E0
1.033797663E2,-4.777492881E-1,-2.573558986E-1,1.196445107E0
1.033897423E2,-4.958518744E-1,-2.440110743E-1,1.200672269E0
1.033997192E2,-4.948890507E-1,-2.256087810E-1,1.205299258E0
1.034096962E2,-5.010030866E-1,-2.061895430E-1,1.197757721E0
1.034196733E2,-5.151202083E-1,-2.034930736E-1,1.190068603E0
1.034296503E2,-5.300192833E-1,-2.052725852E-1,1.190757871E0
1.034396262E2,-5.371416807E-1,-1.857413501E-1,1.194293022E0
1.034496033E2,-5.513504744E-1,-1.681988388E-1,1.187483907E0
1.034595803E2,-5.762284994E-1,-1.696605384E-1,1.181727171E0
1.034695572E2,-5.874731541E-1,-1.602433324E-1,1.186112285E0
1.034795332E2,-5.959233046E-1,-1.413329989E-1,1.185322523E0
1.034895103E2,-6.132990718E-1,-1.221824884E-1,1.181686521E0
1.034994873E2,-6.296393275E-1,-1.247137710E-1,1.186010003E0
1.035094642E2,-6.326262951E-1,-1.110126078E-1,1.196552753E0
1.035194413E2,-6.271105409E-1,-9.091334790E-2,1.196094275E0
1.035294173E2,-6.408588290E-1,-8.796150237E-2,1.182093263E0
1.035393942E2,-6.657963395E-1,-9.097523987E-2,1.182957172E0
1.035493712E2,-6.707008481E-1,-7.556033134E-2,1.198919415E0
1.035593483E2,-6.652806997E-1,-5.212931708E-2,1.200827599E0
1.035693243E2,-6.711571813E-1,-3.900578991E-2,1.191894889E0
1.035793012E2,-6.768860221E-1,-4.271339253E-2,1.189616323E0
1.035892783E2,-6.787409186E-1,-2.908546478E-2,1.197133303E0
1.035992553E2,-6.832438111E-1,7.443637587E-4,1.200854063E0
1.036092323E2,-6.938684583E-1,1.795344427E-2,1.198223591E0
1.036192082E2,-7.032640576E-1,3.088075854E-2,1.198915958E0
1.036291853E2,-6.984916329E-1,5.284438282E-2,1.200713038E0
1.036391623E2,-7.019800544E-1,7.289281487E-2,1.190941572E0
1.036491392E2,-7.195252180E-1,7.272849977E-2,1.180549979E0
1.036591152E2,-7.283354402E-1,7.684846222E-2,1.184777737E0
1.036690923E2,-7.196791172E-1,1.014603302E-1,1.189964771E0
1.036790693E2,-7.111024857E-1,1.442770809E-1,1.186698914E0
1.036890462E2,-7.248963118E-1,1.502382904E-1,1.169478416E0
1.036990233E2,-7.350900769E-1,1.532826275E-1,1.163095474E0
1.037089997E2,-7.357113957E-1,1.528514475E-1,1.163658500E0
1.037189768E2,-7.336705327E-1,1.738960892E-1,1.162520170E0
1.037289538E2,-7.403209805E-1,1.932892352E-1,1.155956507E0
1.037389307E2,-7.505595684E-1,1.971715689E-1,1.150439143E0
1.037489078E2,-7.476814985E-1,2.151383311E-1,1.150584817E0
1.037588838E2,-7.545398474E-1,2.360433340E-1,1.146609545E0
1.037688608E2,-7.725625038E-1,2.453718632E-1,1.146451354E0
1.037788377E2,-7.764338851E-1,2.646261156E-1,1.154584646E0
1.037888148E2,-7.810429931E-1,2.716978788E-1,1.149051666E0
1.037987908E2,-7.889701128E-1,2.850762010E-1,1.139138341E0
1.038087677E2,-8.001066446E-1,2.835611403E-1,1.131035566E0
1.038187447E2,-7.972240448E-1,2.792886496E-1,1.132585287E0
1.038287218E2,-7.856611013E-1,2.927996516E-1,1.131033659E0
1.038386988E2,-7.857491970E-1,3.024096489E-1,1.117659688E0
1.038486747E2,-7.955214381E-1,2.970154285E-1,1.111757398E0
1.038586518E2,-7.986716032E-1,2.944110632E-1,1.116352201E0
1.038686288E2,-7.945905924E-1,2.984116673E-1,1.121796250E0
1.038786057E2,-8.011551499E-1,3.264518082E-1,1.126677752E0
1.038885827E2,-8.136208653E-1,3.465727866E-1,1.124654770E0
1.038985588E2,-8.173416257E-1,3.526750207E-1,1.119528651E0
1.039085358E2,-8.237209320E-1,3.725597858E-1,1.120118260E0
1.039185127E2,-8.320401907E-1,3.950301409E-1,1.118841410E0
1.039284898E2,-8.409359455E-1,4.080735147E-1,1.126578450E0
1.039384658E2,-8.297016621E-1,4.291749895E-1,1.137354016E0
1.039484427E2,-8.149592280E-1,4.462730289E-1,1.146023631E0
1.039584197E2,-8.150088787E-1,4.573655427E-1,1.148468852E0
1.039683968E2,-8.285856843E-1,4.584747553E-1,1.150093198E0
1.039783738E2,-8.358603120E-1,4.591726363E-1,1.154973030E0
1.039883497E2,-8.337050080E-1,4.722852409E-1,1.161508918E0
1.039983268E2,-8.298140764E-1,4.558534920E-1,1.144706249E0
1.040083038E2,-8.312442303E-1,4.399496317E-1,1.127947569E0
1.040182807E2,-8.393768668E-1,4.363916814E-1,1.121951342E0
1.040282567E2,-8.462957144E-1,4.262258708E-1,1.109919667E0
1.040382338E2,-8.451436162E-1,4.230011106E-1,1.102297664E0
1.040482108E2,-8.398726583E-1,4.110400081E-1,1.095996618E0
1.040581877E2,-8.319500685E-1,4.305607975E-1,1.109709620E0
1.040681648E2,-8.180025816E-1,4.306092858E-1,1.119711041E0
1.040781408E2,-8.200064301E-1,4.167724550E-1,1.116382003E0
1.040881178E2,-8.363118768E-1,4.307340682E-1,1.124543548E0
1.040980947E2,-8.462404609E-1,4.349024892E-1,1.131994605E0
1.041080718E2,-8.434219956E-1,4.433258176E-1,1.140078545E0
1.041180488E2,-8.388029933E-1,4.393937290E-1,1.139269114E0
1.041280247E2,-8.442438245E-1,4.181893766E-1,1.129950762E0
1.041380017E2,-8.403583169E-1,4.159305394E-1,1.129531741E0
1.041479788E2,-8.359161615E-1,4.010053873E-1,1.121150255E0
1.041579558E2,-8.333427906E-1,3.917321265E-1,1.110161304E0
1.041679317E2,-8.150732517E-1,3.818592727E-1,1.108668327E0
1.041779088E2,-7.999969721E-1,3.475735486E-1,1.107307673E0
1.041878858E2,-7.941899300E-1,3.331586421E-1,1.111577511E0
1.041978627E2,-7.964811325E-1,3.096097112E-1,1.102731466E0
1.042078397E2,-7.930459380E-1,2.980878353E-1,1.104481697E0
1.042178158E2,-7.721017003E-1,2.950965464E-1,1.115818858E0
1.042277928E2,-7.585981488E-1,2.544670701E-1,1.118196607E0
1.042377697E2,-7.582971454E-1,2.435096949E-1,1.120914459E0
1.042477468E2,-7.566414475E-1,2.311395705E-1,1.120870829E0
1.042577238E2,-7.492156029E-1,2.238544226E-1,1.130043983E0
1.042676997E2,-7.373323441E-1,2.259130329E-1,1.139669538E0
1.042776767E2,-7.326549888E-1,1.987781972E-1,1.141177535E0
1.042876538E2,-7.241128683E-1,1.967579126E-1,1.148903966E0
1.042976308E2,-7.118744850E-1,2.096078396E-1,1.157268405E0
1.043076067E2,-7.087633610E-1,1.932989061E-1,1.155690193E0
1.043175838E2,-7.078009248E-1,2.121142894E-1,1.158846736E0
1.043275608E2,-6.972090006E-1,2.137452066E-1,1.163813710E0
1.043375378E2,-6.834562421E-1,2.211725712E-1,1.176760077E0
1.043475147E2,-6.793792248E-1,2.406850159E-1,1.180154204E0
1.043574908E2,-6.853477359E-1,2.418830544E-1,1.173330903E0
1.043674678E2,-6.776168346E-1,2.492376268E-1,1.180790424E0
1.043774447E2,-6.646175385E-1,2.432900518E-1,1.186552644E0
1.043874217E2,-6.556634307E-1,2.226223201E-1,1.192226291E0
1.043973988E2,-6.381286383E-1,2.149541676E-1,1.196308136E0
1.044073748E2,-6.273638606E-1,1.853105277E-1,1.193870544E0
1.044173517E2,-6.186024547E-1,1.674088389E-1,1.198750854E0
1.044273288E2,-6.083833575E-1,1.526565254E-1,1.204242826E0
1.044373058E2,-5.901760459E-1,1.074270532E-1,1.207803488E0
1.044472827E2,-5.723541975E-1,9.106831998E-2,1.216935515E0
1.044572587E2,-5.655325055E-1,5.954961106E-2,1.219777465E0
1.044672358E2,-5.605247021E-1,3.217498213E-2,1.216990471E0
1.044772128E2,-5.465043187E-1,1.516211871E-2,1.226271987E0
1.044871897E2,-5.379832387E-1,-5.143951159E-3,1.241246700E0
1.044971658E2,-5.315640569E-1,2.384017594E-2,1.261039734E0
1.045071428E2,-5.302138329E-1,4.814897478E-2,1.256493807E0
1.045171197E2,-5.161161423E-1,5.583260208E-2,1.252682567E0
1.045270967E2,-4.922651947E-1,9.069603682E-2,1.249398112E0
1.045370738E2,-4.769462645E-1,6.742099673E-2,1.237362981E0
1.045470498E2,-4.518512785E-1,3.596825898E-2,1.230649948E0
1.045570267E2,-4.139586687E-1,5.191552266E-2,1.242254257E0
1.045670038E2,-3.866873682E-1,4.788509384E-2,1.245340824E0
1.045769808E2,-3.653742969E-1,4.843199998E-2,1.243390441E0
1.045869577E2,-3.534028530E-1,1.743653417E-2,1.236860156E0
1.045969337E2,-3.371317983E-1,-1.586848870E-3,1.238706112E0
1.046069108E2,-3.157679141E-1,-5.668409169E-3,1.245239615E0
1.046168878E2,-3.040737510E-1,-3.782707453E-2,1.251662374E0
1.046268647E2,-2.886836231E-1,-4.663174972E-2,1.265275121E0
1.046368407E2,-2.771073580E-1,-3.703352436E-2,1.281695962E0
1.046468178E2,-2.812253833E-1,-6.642550230E-2,1.287451506E0
1.046567948E2,-2.753824294E-1,-7.817526907E-2,1.300674558E0
1.046667717E2,-2.649976909E-1,-9.252917767E-2,1.309174657E0
1.046767488E2,-2.483367771E-1,-1.036906019E-1,1.315774679E0
1.046867248E2,-2.373856008E-1,-1.183869913E-1,1.315426111E0
1.046967017E2,-2.520984411E-1,-1.187364757E-1,1.314571619E0
1.047066783E2,-2.557205856E-1,-1.044645905E-1,1.316201448E0
1.047166552E2,-2.472360730E-1,-1.105622277E-1,1.312015057E0
1.047266323E2,-2.237134427E-1,-1.314091831E-1,1.309725523E0
1.047366083E2,-1.846165061E-1,-1.356654018E-1,1.318630934E0
1.047465853E2,-1.569076478E-1,-1.587124020E-1,1.327548742E0
1.047565622E2,-1.392834187E-1,-1.433878243E-1,1.333039999E0
1.047665393E2,-1.183296740E-1,-1.276405603E-1,1.341877699E0
1.047765163E2,-8.378636092E-2,-1.349204034E-1,1.347869396E0
1.047864922E2,-5.206704512E-2,-1.281107068E-1,1.347998500E0
1.047964692E2,-4.644224048E-2,-1.582681239E-1,1.335865736E0
1.048064463E2,-5.116775259E-2,-1.563802063E-1,1.323215723E0
1.048164233E2,-3.530826792E-2,-1.666426957E-1,1.315745115E0
1.048263992E2,-2.143639326E-2,-1.683521718E-1,1.312474966E0
1.048363763E2,-5.809372291E-3,-1.487758607E-1,1.319229960E0
1.048463533E2,4.213967361E-3,-1.432082504E-1,1.332696795E0
1.048563302E2,2.275949158E-2,-1.313050836E-1,1.336586833E0
1.048663072E2,3.831075504E-2,-9.524402767E-2,1.342935085E0
1.048762833E2,5.247608572E-2,-7.595328242E-2,1.352207899E0
1.048862603E2,7.003963739E-2,-5.979695171E-2,1.365770578E0
1.048962372E2,7.677506655E-2,-5.114224926E-2,1.364156485E0
1.049062143E2,7.598384470E-2,-6.674331427E-2,1.346964955E0
1.049161913E2,7.421440631E-2,-3.885358572E-2,1.343411803E0
1.049261672E2,9.639454633E-2,-3.464206308E-2,1.345384121E0
1.049361442E2,1.171990857E-1,-2.896995470E-2,1.351294756E0
1.049461213E2,1.218193993E-1,-2.652570605E-2,1.359734058E0
1.049560983E2,1.365272552E-1,-4.014001787E-2,1.355698466E0
1.049660752E2,1.481972188E-1,-1.524239220E-2,1.350371361E0
1.049760513E2,1.551261395E-1,5.927416496E-4,1.353459716E0
1.049860283E2,1.653308421E-1,3.644724842E-3,1.351189375E0
1.049960052E2,1.763810813E-1,2.314909827E-3,1.348686576E0
1.050059822E2,1.955625117E-1,-1.508432068E-2,1.341101885E0
1.050159593E2,2.063822746E-1,-1.337202033E-3,1.334161162E0
1.050259353E2,2.060653567E-1,4.205714166E-2,1.341368198E0
1.050359122E2,2.225441337E-1,6.886516511E-2,1.354710698E0
1.050458893E2,2.480087429E-1,9.043890238E-2,1.358616710E0
1.050558663E2,2.537031770E-1,6.365448236E-2,1.350327849E0
1.050658423E2,2.571996450E-1,7.842703909E-2,1.346768856E0
1.050758192E2,2.560104430E-1,1.176120043E-1,1.346470237E0
1.050857963E2,2.601774931E-1,1.642181128E-1,1.363534212E0
1.050957733E2,2.733995318E-1,1.741939187E-1,1.373952508E0
1.051057502E2,2.802270651E-1,1.426051110E-1,1.364649296E0
1.051157262E2,2.800570726E-1,1.562008262E-1,1.350773573E0
1.051257033E2,2.771736681E-1,1.910330951E-1,1.342783332E0
1.051356803E2,2.840890884E-1,2.107635736E-1,1.348335624E0
1.051456572E2,2.993455529E-1,2.358441502E-1,1.353009462E0
1.051556343E2,3.120100200E-1,2.282929122E-1,1.346346378E0
1.051656103E2,3.092853129E-1,2.293778807E-1,1.347358227E0
1.051755872E2,3.155708313E-1,2.535012662E-1,1.346328259E0
1.051855642E2,3.191104233E-1,2.506492734E-1,1.343339920E0
1.051955413E2,3.227542937E-1,2.784029841E-1,1.350109220E0
1.052055183E2,3.285509348E-1,2.346448600E-1,1.356526136E0
1.052154942E2,3.353781700E-1,1.879544109E-1,1.357711554E0
1.052254713E2,3.257582784E-1,1.893099695E-1,1.359177113E0
1.052354483E2,3.108875751E-1,2.067313641E-1,1.366062284E0
1.052454252E2,3.077964485E-1,2.614585161E-1,1.389690042E0
1.052554022E2,3.135817945E-1,2.621345222E-1,1.393369555E0
1.052653783E2,3.170295358E-1,2.321787328E-1,1.385739326E0
1.052753553E2,3.143997788E-1,2.530903220E-1,1.376140356E0
1.052853322E2,3.087221980E-1,2.801924944E-1,1.378313184E0
1.052953093E2,3.253640831E-1,3.142533898E-1,1.390096188E0
1.053052863E2,3.387312889E-1,3.043184578E-1,1.383325934E0
1.053152623E2,3.420746624E-1,2.871600389E-1,1.373413086E0
1.053252392E2,3.387638330E-1,3.027837276E-1,1.362922072E0
1.053352163E2,3.397597969E-1,3.179388344E-1,1.356437445E0
1.053451933E2,3.499245346E-1,3.316130936E-1,1.354108214E0
1.053551692E2,3.568821847E-1,3.302987516E-1,1.350550413E0
1.053651462E2,3.598257601E-1,3.108254373E-1,1.343634486E0
1.053751233E2,3.534275889E-1,3.244570494E-1,1.339763165E0
1.053851003E2,3.505803943E-1,3.586738706E-1,1.339777350E0
1.053950772E2,3.603756428E-1,3.796520233E-1,1.342021823E0
1.054050533E2,3.755817711E-1,3.617550731E-1,1.340911508E0
1.054150303E2,3.746846020E-1,3.333230615E-1,1.339576602E0
1.054250072E2,3.598984480E-1,3.300540447E-1,1.336769938E0
1.054349842E2,3.437189758E-1,3.356100023E-1,1.337132096E0
1.054449613E2,3.444105983E-1,3.473095298E-1,1.345351458E0
1.054549373E2,3.527482748E-1,3.264862895E-1,1.346233368E0
1.054649142E2,3.539426923E-1,2.907301486E-1,1.340802312E0
1.054748913E2,3.406202197E-1,2.798385620E-1,1.335793614E0
1.054848683E2,3.312086165E-1,2.924962938E-1,1.336740375E0
1.054948452E2,3.364366293E-1,3.000563383E-1,1.342998147E0
1.055048212E2,3.479065895E-1,2.720372081E-1,1.343536615E0
1.055147983E2,3.465814292E-1,2.234439105E-1,1.336992145E0
1.055247753E2,3.369114995E-1,2.191255987E-1,1.338952422E0
1.055347522E2,3.276996017E-1,2.231858820E-1,1.340875268E0
1.055447293E2,3.254417777E-1,2.161397040E-1,1.344008446E0
1.055547053E2,3.279403746E-1,2.160730809E-1,1.351580143E0
1.055646822E2,3.280802071E-1,1.653467864E-1,1.342895508E0
1.055746592E2,3.241282701E-1,1.292432249E-1,1.340591788E0
1.055846363E2,3.097741008E-1,1.367978156E-1,1.336105108E0
1.055946133E2,3.000059426E-1,1.370272636E-1,1.337560177E0
1.056045892E2,3.144807518E-1,1.468926817E-1,1.341787100E0
1.056145663E2,3.240377307E-1,1.060822085E-1,1.333052039E0
1.056245433E2,3.233730197E-1,8.932906389E-2,1.332769513E0
1.056345202E2,3.069175184E-1,9.187968075E-2,1.330054760E0
1.056444972E2,3.016361892E-1,5.634166300E-2,1.332921147E0
1.056544733E2,3.013888896E-1,4.406584054E-2,1.338841438E0
1.056644503E2,2.871143520E-1,1.455109194E-2,1.329022646E0
1.056744272E2,2.669728994E-1,-1.296892203E-2,1.323472261E0
1.056844043E2,2.575913966E-1,-2.689272538E-2,1.323783875E0
1.056943813E2,2.524840236E-1,-5.524068326E-2,1.332609177E0
1.057043573E2,2.538939118E-1,-5.900932476E-2,1.336003423E0
1.057143345E2,2.467217445E-1,-9.374043345E-2,1.332866549E0
1.057243115E2,2.594985068E-1,-1.341334134E-1,1.332216501E0
1.057342885E2,2.763716280E-1,-1.692110449E-1,1.325379014E0
1.057442655E2,2.758896053E-1,-2.106072158E-1,1.315898418E0
1.057542415E2,2.689730227E-1,-1.980781257E-1,1.321718097E0
1.057642185E2,2.513349056E-1,-2.272035331E-1,1.317102075E0
1.057741955E2,2.316031158E-1,-2.561407983E-1,1.322610617E0
1.057841725E2,2.186612189E-1,-2.534025311E-1,1.316841364E0
1.057941485E2,2.179277241E-1,-2.857831717E-1,1.312194586E0
1.058041255E2,2.328984141E-1,-2.935209870E-1,1.323453069E0
1.058141025E2,2.293734252E-1,-3.068279922E-1,1.319826484E0
1.058240795E2,2.212875336E-1,-3.379963040E-1,1.321138382E0
1.058340565E2,2.207881063E-1,-3.471287489E-1,1.316053867E0
1.058440325E2,2.163704634E-1,-3.959815204E-1,1.310826063E0
1.058540095E2,2.151505500E-1,-4.048328102E-1,1.317591071E0
1.058639865E2,2.127638310E-1,-4.237731993E-1,1.307915330E0
1.058739635E2,2.142269015E-1,-4.569259882E-1,1.302480936E0
1.058839405E2,2.193489522E-1,-4.413680732E-1,1.301437497E0
1.058939165E2,2.145648599E-1,-4.523810148E-1,1.283666015E0
1.059038935E2,2.116945088E-1,-4.691136479E-1,1.278708816E0
1.059138705E2,2.172377408E-1,-4.874563813E-1,1.264123082E0
1.059238475E2,2.151615322E-1,-5.092703104E-1,1.254727244E0
1.059338245E2,2.128971219E-1,-4.985621572E-1,1.252393126E0
1.059438005E2,2.081694752E-1,-5.025465488E-1,1.246291995E0
1.059537775E2,2.192128450E-1,-5.167556405E-1,1.252603173E0
1.059637545E2,2.228824049E-1,-5.267888308E-1,1.250637770E0
1.059737315E2,2.102996260E-1,-5.651343465E-1,1.239185929E0
1.059837085E2,1.997729540E-1,-5.706212521E-1,1.236382365E0
1.059936845E2,1.956792027E-1,-5.887895823E-1,1.231275558E0
1.060036615E2,2.075126916E-1,-6.068636775E-1,1.235832572E0
1.060136385E2,2.065627724E-1,-6.068722010E-1,1.236311078E0
1.060236155E2,1.914844960E-1,-6.266456842E-1,1.234176040E0
1.060335925E2,1.800304353E-1,-6.291864514E-1,1.243472219E0
1.060435685E2,1.717823595E-1,-6.335899830E-1,1.241709471E0
1.060535455E2,1.681385487E-1,-6.592393517E-1,1.237468481E0
1.060635225E2,1.659813970E-1,-6.695939898E-1,1.233436942E0
1.060734995E2,1.636419445E-1,-7.008112073E-1,1.231956363E0
1.060834765E2,1.719312966E-1,-7.228803039E-1,1.238801479E0
1.060934525E2,1.796516627E-1,-7.323396802E-1,1.240272284E0
1.061034295E2,1.745852679E-1,-7.478222251E-1,1.242762327E0
1.061134065E2,1.626055390E-1,-7.490637302E-1,1.244220257E0
1.061233835E2,1.356572807E-1,-7.477185726E-1,1.239567399E0
1.061333605E2,9.468041360E-2,-7.204957008E-1,1.241645455E0
1.061433365E2,9.836409986E-2,-7.204927802E-1,1.239401698E0
1.061533135E2,1.262008101E-1,-7.805631757E-1,1.233441114E0
1.061632905E2,1.237656102E-1,-7.753683925E-1,1.244778752E0
1.061732675E2,1.085978821E-1,-7.797110677E-1,1.238550782E0
1.061832445E2,7.726232708E-2,-7.543790340E-1,1.233371735E0
1.061932205E2,8.072569221E-2,-7.443135977E-1,1.240438104E0
1.062031975E2,9.409156442E-2,-7.534942627E-1,1.244807005E0
1.062131745E2,1.122079045E-1,-7.671192288E-1,1.253597617E0
1.062231515E2,1.003578976E-1,-7.638163567E-1,1.250817895E0
1.062331285E2,8.924109489E-2,-7.778375149E-1,1.247857928E0
1.062431045E2,6.868068874E-2,-7.566305399E-1,1.248958707E0
1.062530815E2,5.514450744E-2,-7.624465823E-1,1.230888844E0
1.062630585E2,4.848234355E-2,-7.770566940E-1,1.209394455E0
1.062730355E2,6.413713843E-2,-7.992606759E-1,1.199105978E0
1.062830125E2,4.987750575E-2,-7.833107114E-1,1.203081250E0
1.062929885E2,2.552497946E-2,-7.506798506E-1,1.231953144E0
1.063029655E2,-1.211720426E-2,-7.279782295E-1,1.230652094E0
1.063129425E2,-4.804913886E-3,-7.409696579E-1,1.228775263E0
1.063229195E2,-3.055483568E-3,-7.487514019E-1,1.214732885E0
1.063328965E2,-1.487994660E-2,-7.411727309E-1,1.219646573E0
1.063428725E2,-3.637618572E-2,-6.975693703E-1,1.232794642E0
1.063528495E2,-2.084647678E-2,-7.061789632E-1,1.226045251E0
1.063628265E2,-1.851487905E-2,-7.021770477E-1,1.233453631E0
1.063728035E2,-1.334738918E-2,-7.219759226E-1,1.229066849E0
1.063827805E2,-3.191095218E-2,-6.912267804E-1,1.222211123E0
1.063927565E2,-4.123073444E-2,-7.199205160E-1,1.216480017E0
1.064027335E2,-6.542474777E-2,-6.734430194E-1,1.220129132E0
1.064127105E2,-5.521586910E-2,-6.740229726E-1,1.221832633E0
1.064226875E2,-6.623070687E-2,-6.843472719E-1,1.212200999E0
1.064326645E2,-8.930646628E-2,-6.538426280E-1,1.213647366E0
1.064426405E2,-1.004933417E-1,-6.769900322E-1,1.216453791E0
1.064526175E2,-1.294209957E-1,-5.821540952E-1,1.225013494E0
1.064625945E2,-1.086744443E-1,-6.172233820E-1,1.215222120E0
1.064725715E2,-1.277894676E-1,-5.899055600E-1,1.208965063E0
1.064825485E2,-1.373419613E-1,-6.195185781E-1,1.191736817E0
1.064925245E2,-1.289440691E-1,-6.118565798E-1,1.213832617E0
1.065025015E2,-1.533745676E-1,-5.063788891E-1,1.238811493E0
1.065124785E2,-1.754737049E-1,-5.415725708E-1,1.213885546E0
1.065224555E2,-1.657728702E-1,-5.674901605E-1,1.210959315E0
1.065324325E2,-1.676937342E-1,-5.768038034E-1,1.200819135E0
1.065424085E2,-1.966952831E-1,-5.819484591E-1,1.182525873E0
1.065523855E2,-1.999977529E-1,-5.577662587E-1,1.188482165E0
1.065623625E2,-1.939465106E-1,-5.869835615E-1,1.215723157E0
1.065723395E2,-2.267814577E-1,-5.407463908E-1,1.235299349E0
1.065823165E2,-2.190313786E-1,-5.761078596E-1,1.223920941E0
1.065922925E2,-2.334295660E-1,-5.587374568E-1,1.220626712E0
1.066022695E2,-2.605237663E-1,-5.233501792E-1,1.206226468E0
1.066122465E2,-2.718506753E-1,-5.729664564E-1,1.187599540E0
1.066222235E2,-2.735295296E-1,-5.308001041E-1,1.207472324E0
1.066322005E2,-2.807716429E-1,-5.529882312E-1,1.211082578E0
1.066421765E2,-2.845980525E-1,-5.658419728E-1,1.215589166E0
1.066521535E2,-2.958137691E-1,-5.651727319E-1,1.227188110E0
1.066621305E2,-3.083679080E-1,-5.431012511E-1,1.227927327E0
1.066721075E2,-3.205292225E-1,-5.325564146E-1,1.220542789E0
1.066820845E2,-3.362008631E-1,-5.499276519E-1,1.217270017E0
1.066920605E2,-3.399817646E-1,-5.320602655E-1,1.227194786E0
1.067020375E2,-3.516384363E-1,-5.083453059E-1,1.226387262E0
1.067120144E2,-3.579526842E-1,-4.922898412E-1,1.225582838E0
1.067219914E2,-3.616744578E-1,-5.037017465E-1,1.222957850E0
1.067319684E2,-3.633174300E-1,-4.908551276E-1,1.234504342E0
1.067419444E2,-3.863660395E-1,-4.680744410E-1,1.234223127E0
1.067519214E2,-3.975361884E-1,-4.655299783E-1,1.235002756E0
1.067618984E2,-4.012294412E-1,-4.556800127E-1,1.235354781E0
1.067718754E2,-4.023317099E-1,-4.531918466E-1,1.219181180E0
1.067818524E2,-3.987007439E-1,-4.629025161E-1,1.206489086E0
1.067918284E2,-4.128130674E-1,-4.656561613E-1,1.199097753E0
1.068018054E2,-4.284769595E-1,-4.547659755E-1,1.210283637E0
1.068117824E2,-4.266534150E-1,-4.136614203E-1,1.225967288E0
1.068217594E2,-4.352540970E-1,-4.063616991E-1,1.220750451E0
1.068317364E2,-4.432611465E-1,-3.911382556E-1,1.217279077E0
1.068417134E2,-4.509600997E-1,-3.819602132E-1,1.213954806E0
1.068516894E2,-4.623073339E-1,-3.581458330E-1,1.215628266E0
1.068616664E2,-4.718388021E-1,-3.270888329E-1,1.213746428E0
1.068716434E2,-4.798685610E-1,-3.205780089E-1,1.206128716E0
1.068816204E2,-4.894870818E-1,-3.034762442E-1,1.208411813E0
1.068915974E2,-4.892782867E-1,-2.774274349E-1,1.214118719E0
1.069015734E2,-4.952136874E-1,-2.541934848E-1,1.209676504E0
1.069115504E2,-5.114271045E-1,-2.405333817E-1,1.206533074E0
1.069215274E2,-5.165733695E-1,-2.261533737E-1,1.205591083E0
1.069315044E2,-5.193284750E-1,-2.153789848E-1,1.203652143E0
1.069414814E2,-5.269991755E-1,-1.985203773E-1,1.196759582E0
1.069514574E2,-5.376219749E-1,-1.977014542E-1,1.197572947E0
1.069614344E2,-5.399951339E-1,-1.817669719E-1,1.200577855E0
1.069714114E2,-5.380766988E-1,-1.587886810E-1,1.197161198E0
1.069813884E2,-5.566439629E-1,-1.485600024E-1,1.188655019E0
1.069913654E2,-5.708828568E-1,-1.366513371E-1,1.182700276E0
1.070013414E2,-5.808263421E-1,-1.256021559E-1,1.187494516E0
1.070113184E2,-5.869264007E-1,-9.623199701E-2,1.190370917E0
1.070212954E2,-5.986427069E-1,-8.523207903E-2,1.181161404E0
1.070312724E2,-6.103955507E-1,-7.277204841E-2,1.173962951E0
1.070412494E2,-6.126208305E-1,-6.386990100E-2,1.174969912E0
1.070512254E2,-6.159480810E-1,-4.619001970E-2,1.175837517E0
1.070612024E2,-6.223010421E-1,-3.139403090E-2,1.175114512E0
1.070711794E2,-6.325609088E-1,-2.416609973E-2,1.176325321E0
1.070811564E2,-6.426388621E-1,-1.354621165E-2,1.177412629E0
1.070911334E2,-6.440894604E-1,2.958211116E-4,1.177012205E0
1.071011094E2,-6.486844420E-1,1.361085568E-3,1.172456384E0
1.071110864E2,-6.554960608E-1,5.987541284E-3,1.172187567E0
1.071210634E2,-6.601715088E-1,2.028525434E-2,1.173224807E0
1.071310404E2,-6.703289747E-1,4.686437547E-2,1.165927410E0
1.071410174E2,-6.863028407E-1,6.086701155E-2,1.158142686E0
1.071509934E2,-6.913894415E-1,6.003974006E-2,1.151392221E0
1.071609704E2,-6.884344220E-1,7.467406988E-2,1.156344891E0
1.071709474E2,-6.861646175E-1,9.194844216E-2,1.156775236E0
1.071809244E2,-6.908344626E-1,1.051297560E-1,1.150611401E0
1.071909014E2,-7.026098371E-1,1.124789268E-1,1.141545296E0
1.072008784E2,-7.062063813E-1,1.185085922E-1,1.139401436E0
1.072108544E2,-7.129448652E-1,1.120534390E-1,1.137157083E0
1.072208314E2,-7.189473510E-1,1.141602695E-1,1.135724068E0
1.072308084E2,-7.261905074E-1,1.198930368E-1,1.130889058E0
1.072407854E2,-7.385039330E-1,1.392654032E-1,1.130145788E0
1.072507624E2,-7.496420741E-1,1.516345143E-1,1.129232168E0
1.072607384E2,-7.545531988E-1,1.614157706E-1,1.131724358E0
1.072707154E2,-7.563374043E-1,1.649833918E-1,1.129484177E0
1.072806924E2,-7.528468370E-1,1.842833161E-1,1.130103111E0
1.072906694E2,-7.559282184E-1,2.001823336E-1,1.128538251E0
1.073006464E2,-7.606561184E-1,2.195072919E-1,1.131628036E0
1.073106224E2,-7.622982860E-1,2.356445938E-1,1.129050016E0
1.073205994E2,-7.633768320E-1,2.538070679E-1,1.129327536E0
1.073305764E2,-7.646682858E-1,2.659956217E-1,1.126667023E0
1.073405534E2,-7.622365355E-1,2.870050073E-1,1.125468850E0
1.073505304E2,-7.626894712E-1,3.161581457E-1,1.126511574E0
1.073605064E2,-7.762233615E-1,3.335387409E-1,1.126342177E0
1.073704834E2,-7.889060378E-1,3.447504044E-1,1.126943707E0
1.073804604E2,-7.958781719E-1,3.630449772E-1,1.132655978E0
1.073904374E2,-8.068846464E-1,3.841422200E-1,1.140958190E0
1.074004144E2,-8.094351292E-1,3.914059699E-1,1.144706130E0
1.074103914E2,-8.056252599E-1,3.887321651E-1,1.144610286E0
1.074203674E2,-8.024641275E-1,3.950712979E-1,1.137523413E0
1.074303444E2,-8.154770136E-1,3.993360996E-1,1.128991008E0
1.074403214E2,-8.315076828E-1,3.895995915E-1,1.121512294E0
1.074502984E2,-8.394223452E-1,3.913141489E-1,1.122675657E0
1.074602754E2,-8.416644931E-1,4.006434679E-1,1.126539588E0
1.074702514E2,-8.428578377E-1,4.125841856E-1,1.132543206E0
1.074802284E2,-8.352385759E-1,4.239028990E-1,1.141023040E0
1.074902054E2,-8.236780763E-1,4.339690208E-1,1.138439178E0
1.075001824E2,-8.316720724E-1,4.357967377E-1,1.134607434E0
1.075101594E2,-8.399703503E-1,4.435057044E-1,1.144529581E0
1.075201354E2,-8.377985358E-1,4.709115028E-1,1.152270913E0
1.075301124E2,-8.401865959E-1,4.876330793E-1,1.145696402E0
1.075400894E2,-8.500626683E-1,4.814747870E-1,1.122432351E0
1.075500664E2,-8.606994748E-1,4.638690352E-1,1.116022110E0
1.075600434E2,-8.608781695E-1,4.706641138E-1,1.118937492E0
1.075700204E2,-8.528363109E-1,4.817236066E-1,1.114389539E0
1.075799964E2,-8.484490514E-1,4.839915633E-1,1.107267141E0
1.075899734E2,-8.348312378E-1,4.657944441E-1,1.104712367E0
1.075999504E2,-8.110404015E-1,4.572696686E-1,1.111879230E0
1.076099274E2,-7.981364131E-1,4.403011501E-1,1.116846442E0
1.076199044E2,-7.983238697E-1,4.330240488E-1,1.121182561E0
1.076298804E2,-8.027342558E-1,4.382351339E-1,1.129676819E0
1.076398574E2,-7.981506586E-1,4.314960241E-1,1.134963632E0
1.076498344E2,-8.013110757E-1,4.181385040E-1,1.136623144E0
1.076598114E2,-8.139909506E-1,3.926432431E-1,1.140158176E0
1.076697884E2,-8.237645626E-1,3.752318025E-1,1.148088098E0
1.076797644E2,-8.225848079E-1,3.703054786E-1,1.152437210E0
1.076897414E2,-8.293384314E-1,3.477861881E-1,1.147545338E0
1.076997184E2,-8.319550157E-1,3.192224503E-1,1.146318436E0
1.077096959E2,-8.241500258E-1,3.118864000E-1,1.155548573E0
1.077196729E2,-8.212320209E-1,3.126699030E-1,1.157740951E0
1.077296489E2,-8.280051947E-1,3.075518310E-1,1.149771094E0
1.077396259E2,-8.230831623E-1,2.884409726E-1,1.146471381E0
1.077496029E2,-7.992585301E-1,2.674645185E-1,1.152469754E0
1.077595799E2,-7.842995524E-1,2.342163026E-1,1.150733471E0
1.077695569E2,-7.785490155E-1,2.112128288E-1,1.145983100E0
1.077795339E2,-7.622627020E-1,1.983311176E-1,1.147512317E0
1.077895099E2,-7.438912988E-1,1.903572679E-1,1.147452712E0
1.077994869E2,-7.332221270E-1,1.720003635E-1,1.146974444E0
1.078094639E2,-7.298537493E-1,1.578451693E-1,1.144671202E0
1.078194409E2,-7.223556638E-1,1.674123108E-1,1.153228521E0
1.078294179E2,-7.216304541E-1,2.034212202E-1,1.164027572E0
1.078393939E2,-7.241694927E-1,2.064511031E-1,1.176642179E0
1.078493709E2,-7.124500871E-1,2.055700272E-1,1.186928749E0
1.078593479E2,-6.957693696E-1,2.242049575E-1,1.201960444E0
1.078693249E2,-6.813631058E-1,2.410192639E-1,1.212553382E0
1.078793019E2,-6.780330539E-1,2.399047315E-1,1.213411212E0
1.078892789E2,-6.641726494E-1,2.234858721E-1,1.212079525E0
1.078992549E2,-6.466546059E-1,2.064016908E-1,1.217887402E0
1.079092319E2,-6.398473382E-1,1.837279797E-1,1.220080614E0
1.079192089E2,-6.456993818E-1,1.634107232E-1,1.218674779E0
1.079291859E2,-6.476472020E-1,1.458334923E-1,1.221007586E0
1.079391629E2,-6.354502439E-1,1.359654218E-1,1.229278564E0
1.079491389E2,-6.147195697E-1,1.028598621E-1,1.238697290E0
1.079591159E2,-5.959706903E-1,7.152004540E-2,1.245584488E0
1.079690929E2,-5.811206102E-1,5.903195590E-2,1.259173751E0
1.079790699E2,-5.641784072E-1,3.757939115E-2,1.264431119E0
1.079890469E2,-5.396087170E-1,2.110422961E-2,1.273144484E0
1.079990229E2,-5.146343708E-1,2.640658244E-2,1.282407165E0
1.080089999E2,-5.139569640E-1,6.194144115E-2,1.286158681E0
1.080189769E2,-5.260666013E-1,9.920306504E-2,1.286622047E0
1.080289539E2,-5.226844549E-1,1.246487722E-1,1.276680589E0
1.080389309E2,-5.022979975E-1,1.314033419E-1,1.265845060E0
1.080489079E2,-4.819257855E-1,1.096030474E-1,1.255868912E0
1.080588839E2,-4.582433701E-1,7.892849296E-2,1.254916549E0
1.080688609E2,-4.299275279E-1,7.537945360E-2,1.264499545E0
1.080788379E2,-4.126478732E-1,7.160148770E-2,1.270421624E0
1.080888149E2,-4.116065204E-1,6.669308245E-2,1.268252730E0
1.080987919E2,-3.978254497E-1,6.220805272E-2,1.271701813E0
1.081087679E2,-3.678878248E-1,3.419509158E-2,1.276009440E0
1.081187449E2,-3.452112675E-1,4.587010480E-4,1.279850483E0
1.081287219E2,-3.386905193E-1,2.385327592E-3,1.273173213E0
1.081386989E2,-3.429459929E-1,-1.895032078E-2,1.294518948E0
1.081486759E2,-3.319675326E-1,-3.430482745E-2,1.294536114E0
1.081586529E2,-3.140010536E-1,-8.144810796E-2,1.299934864E0
1.081686289E2,-2.995049655E-1,-9.377336502E-2,1.299179554E0
1.081786059E2,-2.828951180E-1,-1.028350368E-1,1.294877529E0
1.081885829E2,-2.860037982E-1,-1.098933518E-1,1.300914168E0
1.081985599E2,-2.814772427E-1,-1.010644361E-1,1.326471686E0
1.082085369E2,-2.666038275E-1,-9.543223679E-2,1.324408174E0
1.082185129E2,-2.413725108E-1,-1.188534126E-1,1.321056366E0
1.082284899E2,-2.300583720E-1,-1.318303794E-1,1.317062736E0
1.082384669E2,-2.218944430E-1,-1.306087822E-1,1.322620511E0
1.082484439E2,-1.993289590E-1,-1.234776825E-1,1.324969411E0
1.082584209E2,-1.699628085E-1,-1.209743097E-1,1.306673527E0
1.082683969E2,-1.504432708E-1,-1.301339865E-1,1.336549282E0
1.082783739E2,-1.294463724E-1,-1.105245873E-1,1.330921173E0
1.082883509E2,-1.134959832E-1,-1.152964309E-1,1.318906069E0
1.082983279E2,-9.079759568E-2,-1.300567389E-1,1.339351058E0
1.083083049E2,-6.340941042E-2,-1.260622293E-1,1.334046841E0
1.083182819E2,-4.543946683E-2,-1.480548680E-1,1.326122642E0
1.083282579E2,-3.701622412E-2,-1.532191634E-1,1.316171885E0
1.083382349E2,-2.245858870E-2,-1.398753971E-1,1.295620203E0
1.083482119E2,-1.700714976E-2,-1.614776552E-1,1.320585728E0
1.083581889E2,-1.661353558E-2,-1.535105407E-1,1.326858997E0
1.083681659E2,-1.333550364E-2,-1.382586360E-1,1.323720098E0
1.083781419E2,-3.132667625E-3,-1.169727817E-1,1.343234062E0
1.083881189E2,2.258682810E-2,-7.706233114E-2,1.347659111E0
1.083980959E2,4.073467478E-2,-8.372981846E-2,1.354461074E0
1.084080729E2,5.443518236E-2,-1.049437150E-1,1.351361513E0
1.084180499E2,6.070719287E-2,-1.083949059E-1,1.348897815E0
1.084280269E2,6.787398458E-2,-8.261706680E-2,1.356515050E0
1.084380029E2,8.325986564E-2,-6.277545542E-2,1.360248327E0
1.084479799E2,9.758744389E-2,-7.854273915E-2,1.361447692E0
1.084579569E2,1.183625013E-1,-7.509021461E-2,1.360322237E0
1.084679339E2,1.395264417E-1,-7.157734782E-2,1.361243844E0
1.084779109E2,1.524068266E-1,-6.363207102E-2,1.354898334E0
1.084878869E2,1.601188481E-1,-2.012954280E-2,1.353878379E0
1.084978639E2,1.710058600E-1,1.746648923E-4,1.354778886E0
1.085078409E2,1.881527007E-1,5.474938080E-4,1.350958586E0
1.085178179E2,2.129392773E-1,-1.574359462E-2,1.344594717E0
1.085277949E2,2.119749784E-1,-1.699810382E-3,1.334666014E0
1.085377719E2,2.125297040E-1,3.349359706E-2,1.337079048E0
1.085477479E2,2.273257077E-1,8.113835007E-2,1.354811192E0
1.085577249E2,2.427720279E-1,6.934640557E-2,1.361190319E0
1.085677019E2,2.550576925E-1,6.029984728E-2,1.351819158E0
1.085776789E2,2.526605725E-1,8.374924958E-2,1.346848726E0
1.085876559E2,2.579821348E-1,1.078494862E-1,1.350791931E0
1.085976319E2,2.707306743E-1,1.546164602E-1,1.366867304E0
1.086076089E2,2.766834199E-1,1.592402607E-1,1.352254152E0
1.086175859E2,2.623848915E-1,1.703030318E-1,1.386275530E0
1.086275629E2,2.563049793E-1,1.826430708E-1,1.371942282E0
1.086375399E2,2.717305422E-1,1.987991482E-1,1.359165549E0
1.086475169E2,2.827829123E-1,2.233427763E-1,1.332374692E0
1.086574929E2,2.828577459E-1,2.279007733E-1,1.379514694E0
1.086674699E2,2.970455289E-1,2.238617688E-1,1.370716810E0
1.086774469E2,3.024820983E-1,2.299020737E-1,1.364947915E0
1.086874239E2,2.984837592E-1,2.436135113E-1,1.358174205E0
1.086974009E2,3.128307462E-1,2.648588717E-1,1.363863587E0
1.087073769E2,3.200505078E-1,2.401981503E-1,1.361584544E0
1.087173536E2,3.175814748E-1,2.010446191E-1,1.360452652E0
1.087273306E2,3.136816323E-1,1.708518714E-1,1.358981371E0
1.087373076E2,3.115034401E-1,1.615925878E-1,1.362055540E0
1.087472846E2,3.147065938E-1,1.943506598E-1,1.370800138E0
1.087572616E2,3.153862357E-1,2.031196654E-1,1.385514021E0
1.087672376E2,3.166081011E-1,2.200096846E-1,1.386456251E0
1.087772146E2,3.162986338E-1,2.095967233E-1,1.370504737E0
1.087871916E2,3.211413622E-1,2.204928547E-1,1.357689857E0
1.087971686E2,3.333972394E-1,2.744290531E-1,1.364780784E0
1.088071456E2,3.490770459E-1,2.982081473E-1,1.370077372E0
1.088171226E2,3.572715819E-1,2.930362821E-1,1.371078014E0
1.088270986E2,3.466139436E-1,2.838726640E-1,1.350884438E0
1.088370756E2,3.321790695E-1,2.778848112E-1,1.334292412E0
1.088470526E2,3.385238051E-1,3.319109678E-1,1.332986355E0
1.088570296E2,3.541043699E-1,3.549917936E-1,1.337406158E0
1.088670066E2,3.785759509E-1,3.611193299E-1,1.340785503E0
1.088769826E2,3.815565705E-1,3.443491459E-1,1.338552475E0
1.088869596E2,3.687803745E-1,3.363792598E-1,1.338351369E0
1.088969366E2,3.627376556E-1,3.800015748E-1,1.343963504E0
1.089069136E2,3.731900752E-1,4.131881893E-1,1.353353620E0
1.089168906E2,3.769102693E-1,3.910937905E-1,1.353619933E0
1.089268676E2,3.708083332E-1,3.605965972E-1,1.348093271E0
1.089368436E2,3.552506864E-1,3.509828448E-1,1.348946333E0
1.089468206E2,3.552009761E-1,3.668651581E-1,1.354657054E0
1.089567976E2,3.627680838E-1,3.825530410E-1,1.356546283E0
1.089667746E2,3.661871850E-1,3.716009557E-1,1.357059360E0
1.089767516E2,3.674705625E-1,3.417333364E-1,1.346249104E0
1.089867276E2,3.581283689E-1,3.057497442E-1,1.340098739E0
1.089967046E2,3.491391540E-1,3.130236268E-1,1.348224759E0
1.090066816E2,3.464101851E-1,3.193686903E-1,1.349370718E0
1.090166586E2,3.483169973E-1,3.032035530E-1,1.357284307E0
1.090266356E2,3.413229585E-1,2.676862180E-1,1.351070762E0
1.090366126E2,3.253647685E-1,2.406516522E-1,1.330764771E0
1.090465886E2,3.188903630E-1,2.484215498E-1,1.339593649E0
1.090565656E2,3.301052153E-1,2.808391452E-1,1.340347052E0
1.090665426E2,3.358902633E-1,2.599329948E-1,1.365736723E0
1.090765196E2,3.296579421E-1,2.156523615E-1,1.355455875E0
1.090864966E2,3.131930232E-1,1.768119633E-1,1.341332912E0
1.090964736E2,2.946563661E-1,1.614915878E-1,1.342094660E0
1.091064496E2,2.958358526E-1,1.889971495E-1,1.346830249E0
1.091164266E2,3.053904772E-1,1.656460166E-1,1.345206261E0
1.091264036E2,3.057004213E-1,1.166338921E-1,1.343088508E0
1.091363806E2,2.937151194E-1,8.109986782E-2,1.335300326E0
1.091463576E2,2.761146426E-1,7.224009186E-2,1.338548660E0
1.091563346E2,2.703123987E-1,9.179648757E-2,1.348709941E0
1.091663106E2,2.775729001E-1,6.884555519E-2,1.343209863E0
1.091762876E2,2.926461399E-1,1.615278609E-2,1.339485407E0
1.091862646E2,2.778694034E-1,-3.213664144E-2,1.328349829E0
1.091962416E2,2.507261932E-1,-6.616571546E-2,1.320363522E0
1.092062186E2,2.449119687E-1,-6.742472947E-2,1.324256182E0
1.092161946E2,2.556895316E-1,-8.431476355E-2,1.327586532E0
1.092261716E2,2.577718794E-1,-1.114003807E-1,1.323545337E0
1.092361486E2,2.452427894E-1,-1.677179933E-1,1.306904554E0
1.092461256E2,2.346468568E-1,-1.984810531E-1,1.304681420E0
1.092561026E2,2.377520949E-1,-1.934543252E-1,1.317048907E0
1.092660796E2,2.448993474E-1,-2.073260397E-1,1.324243903E0
1.092760556E2,2.478346825E-1,-2.228253633E-1,1.324888945E0
1.092860326E2,2.435435653E-1,-2.614289820E-1,1.315544963E0
1.092960096E2,2.301132381E-1,-2.861420512E-1,1.315611005E0
1.093059866E2,2.198751867E-1,-2.925696969E-1,1.305651784E0
1.093159636E2,2.202501595E-1,-3.222500980E-1,1.308163643E0
1.093259406E2,2.299143076E-1,-3.206244111E-1,1.318717360E0
1.093359166E2,2.249674797E-1,-3.487372696E-1,1.309140325E0
1.093458936E2,2.098537385E-1,-3.652919233E-1,1.301516533E0
1.093558706E2,2.015084624E-1,-3.689204752E-1,1.294566512E0
1.093658476E2,2.043698579E-1,-3.819649220E-1,1.300125122E0
1.093758246E2,2.142618895E-1,-3.944053650E-1,1.303867102E0
1.093858016E2,2.166260630E-1,-4.308703840E-1,1.293191433E0
1.093957776E2,2.106568664E-1,-4.604647756E-1,1.289110422E0
1.094057546E2,2.133933604E-1,-4.509081841E-1,1.292244673E0
1.094157316E2,2.126689851E-1,-4.647856653E-1,1.285474420E0
1.094257086E2,2.158561200E-1,-4.753547311E-1,1.278482914E0
1.094356856E2,2.137290537E-1,-4.873543978E-1,1.268714070E0
1.094456616E2,2.146835476E-1,-4.900925159E-1,1.262310505E0
1.094556386E2,2.225912660E-1,-4.754938781E-1,1.257231116E0
1.094656156E2,2.253477424E-1,-4.934964776E-1,1.246127009E0
1.094755926E2,2.288623154E-1,-4.994955361E-1,1.250640512E0
1.094855696E2,2.233714908E-1,-5.146631598E-1,1.256919622E0
1.094955466E2,2.197200358E-1,-5.413815975E-1,1.240067959E0
1.095055226E2,2.189296186E-1,-5.485495925E-1,1.247277379E0
1.095154996E2,2.169777900E-1,-5.542381406E-1,1.226058364E0
1.095254766E2,2.086932957E-1,-5.731898546E-1,1.249899626E0
1.095354536E2,1.978041679E-1,-5.825604200E-1,1.241873145E0
1.095454306E2,1.818336397E-1,-6.091291904E-1,1.229293823E0
1.095554076E2,1.633584797E-1,-6.110879779E-1,1.254701972E0
1.095653836E2,1.524104327E-1,-6.331771612E-1,1.245124340E0
1.095753606E2,1.551524252E-1,-6.691814661E-1,1.244334698E0
1.095853376E2,1.489467919E-1,-6.647455692E-1,1.246789813E0
1.095953146E2,1.315917671E-1,-6.903601289E-1,1.260233641E0
1.096052916E2,1.360178739E-1,-6.946988106E-1,1.260137916E0
1.096152686E2,1.448209584E-1,-7.059192657E-1,1.252274394E0
1.096252446E2,1.419753134E-1,-7.147341967E-1,1.220328569E0
1.096352216E2,1.111710593E-1,-7.280981541E-1,1.256197453E0
1.096451986E2,1.093701795E-1,-6.974065900E-1,1.234850049E0
1.096551756E2,1.054734364E-1,-7.368983626E-1,1.262599230E0
1.096651526E2,1.035739854E-1,-7.195441127E-1,1.242512703E0
1.096751296E2,8.966269344E-2,-7.252805829E-1,1.233287334E0
1.096851056E2,7.036214322E-2,-7.260792255E-1,1.235256076E0
1.096950826E2,5.946102738E-2,-7.335467339E-1,1.237454295E0
1.097050596E2,6.022045389E-2,-7.413864136E-1,1.244838357E0
1.097150360E2,6.058717147E-2,-7.491175532E-1,1.241506219E0
1.097250130E2,5.352402478E-2,-7.588950992E-1,1.236035347E0
1.097349890E2,4.056215659E-2,-7.564793825E-1,1.236329913E0
1.097449660E2,3.597045317E-2,-7.626568675E-1,1.238130212E0
1.097549430E2,3.164015338E-2,-7.685898542E-1,1.235004902E0
1.097649200E2,2.829627134E-2,-7.635354996E-1,1.229023814E0
1.097748970E2,1.548673306E-2,-7.725058198E-1,1.218578100E0
1.097848740E2,5.029654596E-3,-7.739421129E-1,1.218692422E0
1.097948500E2,4.042421002E-3,-7.732363939E-1,1.215721130E0
1.098048270E2,-2.317581093E-3,-7.668702006E-1,1.221747875E0
1.098148040E2,1.991413534E-3,-7.627066374E-1,1.230047822E0
1.098247810E2,1.813744428E-3,-7.785304785E-1,1.227293611E0
1.098347580E2,-7.280684076E-3,-7.715269327E-1,1.228142977E0
1.098447350E2,-1.573444530E-2,-7.539522052E-1,1.219603419E0
1.098547110E2,-1.866232418E-2,-7.563167810E-1,1.220337629E0
1.098646880E2,-1.497041993E-2,-7.397170067E-1,1.230155468E0
1.098746650E2,-1.940191910E-2,-7.513449192E-1,1.222582817E0
1.098846420E2,-3.605496511E-2,-7.545469999E-1,1.217328548E0
1.098946190E2,-4.371581599E-2,-7.511882186E-1,1.210893989E0
1.099045960E2,-5.698869005E-2,-7.194933891E-1,1.204866648E0
1.099145720E2,-6.995748729E-2,-6.898018122E-1,1.213573217E0
1.099245490E2,-5.382537097E-2,-6.897177696E-1,1.211233139E0
1.099345260E2,-5.564004928E-2,-7.228744030E-1,1.212531924E0
1.099445030E2,-7.789701223E-2,-7.050556540E-1,1.207002640E0
1.099544800E2,-1.005844772E-1,-6.814560294E-1,1.203884363E0
1.099644570E2,-1.120926887E-1,-6.571943164E-1,1.212684035E0
1.099744330E2,-9.215972573E-2,-6.638982892E-1,1.214065909E0
1.099844100E2,-8.765353262E-2,-6.932812333E-1,1.202138543E0
1.099943870E2,-1.011190116E-1,-6.895408630E-1,1.198735237E0
1.100043640E2,-1.144852042E-1,-6.668614745E-1,1.203326106E0
1.100143410E2,-1.306231618E-1,-6.267870069E-1,1.210718274E0
1.100243180E2,-1.409229040E-1,-6.106815934E-1,1.211945891E0
1.100342940E2,-1.486987919E-1,-6.347696185E-1,1.200633526E0
1.100442710E2,-1.600290388E-1,-6.193110347E-1,1.202660680E0
1.100542480E2,-1.673833579E-1,-5.810512304E-1,1.205591202E0
1.100642250E2,-1.790888906E-1,-5.483639836E-1,1.209818006E0
1.100742020E2,-1.829989403E-1,-5.366404653E-1,1.220715642E0
1.100841790E2,-1.857011318E-1,-5.635353923E-1,1.213736773E0
1.100941550E2,-1.937430799E-1,-5.827373266E-1,1.196928263E0
1.101041320E2,-2.025752366E-1,-6.113395095E-1,1.186526418E0
1.101141090E2,-2.179427445E-1,-6.031401753E-1,1.187454462E0
1.101240860E2,-2.231918871E-1,-5.748260021E-1,1.200294971E0
1.101340630E2,-2.371415347E-1,-5.828072429E-1,1.198837161E0
1.101440400E2,-2.708759606E-1,-5.883454680E-1,1.196909904E0
1.101540160E2,-2.859832644E-1,-5.706525445E-1,1.203150988E0
1.101639930E2,-2.994096279E-1,-5.529773831E-1,1.219540119E0
1.101739700E2,-3.027822673E-1,-5.254158378E-1,1.228724599E0
1.101839470E2,-3.137570918E-1,-5.421348810E-1,1.223409534E0
1.101939240E2,-3.280952871E-1,-5.563191175E-1,1.221702218E0
1.102039010E2,-3.338050544E-1,-5.474427342E-1,1.229268074E0
1.102138770E2,-3.539305627E-1,-5.333053470E-1,1.228481054E0
1.102238540E2,-3.786621690E-1,-5.199829340E-1,1.232368708E0
1.102338310E2,-3.785777390E-1,-5.260200500E-1,1.239449263E0
1.102438080E2,-3.727284968E-1,-5.231613517E-1,1.249134421E0
1.102537850E2,-3.689017892E-1,-5.086782575E-1,1.248018265E0
1.102637620E2,-3.862501681E-1,-5.071096420E-1,1.239713788E0
1.102737380E2,-4.021183252E-1,-4.976437688E-1,1.239168525E0
1.102837150E2,-4.029503167E-1,-4.830941260E-1,1.238310218E0
1.102936920E2,-4.141073525E-1,-4.703333080E-1,1.228317857E0
1.103036690E2,-4.293810427E-1,-4.656655490E-1,1.217740059E0
1.103136460E2,-4.440689087E-1,-4.574270546E-1,1.222889304E0
1.103236230E2,-4.524477422E-1,-4.262441099E-1,1.230891585E0
1.103335990E2,-4.559867978E-1,-3.881310821E-1,1.227875233E0
1.103435760E2,-4.728383720E-1,-3.814610541E-1,1.217139363E0
1.103535530E2,-4.749393463E-1,-3.723642528E-1,1.221213460E0
1.103635300E2,-4.696748853E-1,-3.525477350E-1,1.231440663E0
1.103735070E2,-4.742920101E-1,-3.232921064E-1,1.234593868E0
1.103834840E2,-4.773770869E-1,-3.065327704E-1,1.237443209E0
1.103934600E2,-4.808948636E-1,-2.953988910E-1,1.238043308E0
1.104034370E2,-4.858949482E-1,-2.841010690E-1,1.230391979E0
1.104134140E2,-5.001082420E-1,-2.784250677E-1,1.215342999E0
1.104233910E2,-5.190487504E-1,-2.862237990E-1,1.210392475E0
1.104333680E2,-5.187965631E-1,-2.693904936E-1,1.219821930E0
1.104433450E2,-5.149765611E-1,-2.390111387E-1,1.217910647E0
1.104533210E2,-5.340245366E-1,-2.221757025E-1,1.204976201E0
1.104632980E2,-5.423318148E-1,-2.146767378E-1,1.199653506E0
1.104732750E2,-5.485793352E-1,-2.064153403E-1,1.204241037E0
1.104832520E2,-5.452246070E-1,-1.758358330E-1,1.208360195E0
1.104932290E2,-5.503224134E-1,-1.611391902E-1,1.200264931E0
1.105032060E2,-5.613105893E-1,-1.613992304E-1,1.196641445E0
1.105131820E2,-5.555722713E-1,-1.513207704E-1,1.195922375E0
1.105231590E2,-5.673634410E-1,-1.403629184E-1,1.181499958E0
1.105331360E2,-5.828750134E-1,-1.388182938E-1,1.172233582E0
1.105431130E2,-5.920752287E-1,-1.315854192E-1,1.177151203E0
1.105530900E2,-5.925681591E-1,-1.154831499E-1,1.187060118E0
1.105630670E2,-5.889765024E-1,-8.370178938E-2,1.185963511E0
1.105730430E2,-6.075437665E-1,-7.642230392E-2,1.173566818E0
1.105830200E2,-6.221937537E-1,-7.522923499E-2,1.178136468E0
1.105929970E2,-6.254228354E-1,-5.890991911E-2,1.193007350E0
1.106029740E2,-6.328398585E-1,-3.623903915E-2,1.193790793E0
1.106129510E2,-6.454755068E-1,-2.321591601E-2,1.186408520E0
1.106229280E2,-6.602565050E-1,-1.607006043E-2,1.188233972E0
1.106329040E2,-6.665197611E-1,6.101023406E-3,1.190196991E0
1.106428810E2,-6.712869406E-1,3.055864573E-2,1.185546875E0
1.106528580E2,-6.824271679E-1,3.575101122E-2,1.182549238E0
1.106628350E2,-6.866841912E-1,4.953946546E-2,1.190885305E0
1.106728120E2,-6.820809245E-1,6.453280151E-2,1.194011569E0
1.106827890E2,-6.907573938E-1,8.718251437E-2,1.187597513E0
1.106927650E2,-7.024968863E-1,9.295012057E-2,1.182297468E0
1.107027420E2,-7.209105492E-1,9.343547374E-2,1.182392120E0
1.107127190E2,-7.180740237E-1,1.111561507E-1,1.176924586E0
1.107226960E2,-7.158411741E-1,1.153626069E-1,1.162879944E0
1.107326730E2,-7.193365693E-1,1.176140457E-1,1.150712490E0
1.107426500E2,-7.158262134E-1,1.343509853E-1,1.152230501E0
1.107526260E2,-7.123818994E-1,1.530839354E-1,1.153898120E0
1.107626030E2,-7.142613530E-1,1.804353297E-1,1.155583501E0
1.107725800E2,-7.206987143E-1,1.821637303E-1,1.151396990E0
1.107825570E2,-7.275103927E-1,1.845835000E-1,1.151144743E0
1.107925340E2,-7.303125858E-1,2.081042677E-1,1.151424050E0
1.108025110E2,-7.400906682E-1,2.259199172E-1,1.143676996E0
1.108124870E2,-7.542616129E-1,2.460563481E-1,1.143701434E0
1.108224640E2,-7.580897212E-1,2.504783571E-1,1.141388535E0
1.108324410E2,-7.566212416E-1,2.643563449E-1,1.130761504E0
1.108424180E2,-7.667264342E-1,2.765069306E-1,1.114059806E0
1.108523950E2,-7.811189890E-1,2.919167578E-1,1.109918833E0
1.108623720E2,-7.789395452E-1,3.220126629E-1,1.115936160E0
1.108723490E2,-7.606343031E-1,3.602298200E-1,1.118747950E0
1.108823250E2,-7.582902312E-1,3.822534978E-1,1.114992976E0
1.108923020E2,-7.604705691E-1,3.911676109E-1,1.118893504E0
1.109022790E2,-7.600904107E-1,3.950902820E-1,1.128903031E0
1.109122560E2,-7.591587901E-1,4.180272818E-1,1.133980870E0
1.109222330E2,-7.717506886E-1,4.335473478E-1,1.134448528E0
1.109322100E2,-7.814384699E-1,4.179473519E-1,1.125543356E0
1.109421860E2,-7.933626175E-1,4.086172283E-1,1.117640495E0
1.109521630E2,-8.109791875E-1,4.152652919E-1,1.106168866E0
1.109621400E2,-8.364112973E-1,4.216072261E-1,1.097718596E0
1.109721170E2,-8.375021815E-1,4.213851094E-1,1.101228476E0
1.109820940E2,-8.193911910E-1,4.326861799E-1,1.113225460E0
1.109920710E2,-8.105036616E-1,4.321125150E-1,1.124193430E0
1.110020470E2,-8.198555708E-1,4.289861321E-1,1.125911355E0
1.110120240E2,-8.419275880E-1,4.129213989E-1,1.127900720E0
1.110220010E2,-8.560999632E-1,4.384482801E-1,1.150953889E0
1.110319780E2,-8.585239649E-1,4.413346052E-1,1.162012935E0
1.110419550E2,-8.629393578E-1,4.060106874E-1,1.142692924E0
1.110519320E2,-8.698155880E-1,3.917534351E-1,1.125481367E0
1.110619080E2,-8.709645271E-1,3.868160546E-1,1.114297748E0
1.110718850E2,-8.719989061E-1,4.132692218E-1,1.114481807E0
1.110818620E2,-8.695139885E-1,4.254988432E-1,1.118781686E0
1.110918390E2,-8.605543375E-1,4.358803630E-1,1.119991779E0
1.111018160E2,-8.395316005E-1,4.553079009E-1,1.129201531E0
1.111117930E2,-8.331261873E-1,4.622406363E-1,1.125929117E0
1.111217700E2,-8.414323926E-1,4.727527499E-1,1.126047134E0
1.111317460E2,-8.471616507E-1,4.865756631E-1,1.131931424E0
1.111417230E2,-8.439058065E-1,4.882164598E-1,1.139488459E0
1.111517000E2,-8.364609480E-1,4.899054468E-1,1.135903835E0
1.111616770E2,-8.387129903E-1,4.627965093E-1,1.119877338E0
1.111716540E2,-8.374498487E-1,4.600452185E-1,1.118013382E0
1.111816310E2,-8.207067847E-1,4.517281651E-1,1.120727658E0
1.111916070E2,-8.119761348E-1,4.308614731E-1,1.110003710E0
1.112015840E2,-7.960111499E-1,4.152414799E-1,1.108293295E0
1.112115610E2,-7.751149535E-1,3.803665936E-1,1.108754039E0
1.112215380E2,-7.597067356E-1,3.569503725E-1,1.109542489E0
1.112315150E2,-7.623373866E-1,3.491004407E-1,1.108444691E0
1.112414920E2,-7.689288855E-1,3.232925832E-1,1.101136088E0
1.112514690E2,-7.505224347E-1,3.295654058E-1,1.111656904E0
1.112614450E2,-7.289009094E-1,2.986600697E-1,1.116929889E0
1.112714220E2,-7.267578840E-1,2.742828131E-1,1.112187862E0
1.112813990E2,-7.444118857E-1,2.834916115E-1,1.111043453E0
1.112913760E2,-7.495270371E-1,2.662971616E-1,1.115861654E0
1.113013530E2,-7.298244834E-1,2.621956766E-1,1.126572609E0
1.113113300E2,-7.178493142E-1,2.357376963E-1,1.133865714E0
1.113213060E2,-7.194858789E-1,2.289145291E-1,1.135064244E0
1.113312830E2,-7.194650769E-1,2.470876873E-1,1.148846626E0
1.113412600E2,-7.257807851E-1,2.396675348E-1,1.153712153E0
1.113512370E2,-7.201015949E-1,2.369537801E-1,1.156973481E0
1.113612140E2,-7.044457197E-1,2.355100513E-1,1.167623281E0
1.113711910E2,-6.877679825E-1,2.204232514E-1,1.176414132E0
1.113811670E2,-6.779028177E-1,2.290882915E-1,1.178278923E0
1.113911440E2,-6.814759374E-1,2.172161788E-1,1.168175340E0
1.114011210E2,-6.703948379E-1,2.088102102E-1,1.174844861E0
1.114110980E2,-6.479502916E-1,2.099305987E-1,1.184536576E0
1.114210750E2,-6.436915398E-1,1.679687500E-1,1.182910800E0
1.114310520E2,-6.425327659E-1,1.594247967E-1,1.182615757E0
1.114410290E2,-6.338468790E-1,1.312681288E-1,1.183596015E0
1.114510050E2,-6.165139675E-1,1.165701449E-1,1.192613244E0
1.114609820E2,-5.962460041E-1,1.030171365E-1,1.198979855E0
1.114709590E2,-5.879026055E-1,6.863146275E-2,1.203727365E0
1.114809360E2,-5.674909353E-1,6.162583455E-2,1.216582417E0
1.114909130E2,-5.536693931E-1,4.395202920E-2,1.221431494E0
1.115008900E2,-5.520438552E-1,1.562521048E-2,1.210568547E0
1.115108660E2,-5.359644890E-1,1.662362926E-2,1.214545488E0
1.115208430E2,-5.161887407E-1,-1.851006225E-2,1.230013132E0
1.115308200E2,-4.993232191E-1,-2.786734700E-2,1.239538193E0
1.115407970E2,-5.096425414E-1,5.418269429E-3,1.240155101E0
1.115507740E2,-5.169209838E-1,2.034502104E-2,1.237049341E0
1.115607510E2,-4.884075820E-1,6.291383505E-2,1.248507500E0
1.115707280E2,-4.594747126E-1,5.720907450E-2,1.248476624E0
1.115807040E2,-4.538883567E-1,2.942124382E-2,1.240008831E0
1.115906810E2,-4.414162338E-1,3.762431070E-2,1.240757227E0
1.116006580E2,-4.178668857E-1,2.659423836E-2,1.248003483E0
1.116106350E2,-3.865078986E-1,4.498922452E-2,1.258329391E0
1.116206120E2,-3.651025891E-1,1.881342009E-2,1.262482882E0
1.116305890E2,-3.658035398E-1,-1.612059586E-2,1.257156491E0
1.116405650E2,-3.568722606E-1,1.578427479E-2,1.261930585E0
1.116505420E2,-3.444017470E-1,-1.601120457E-2,1.266813993E0
1.116605190E2,-3.111282587E-1,-4.134684429E-2,1.283658266E0
1.116704960E2,-2.819756866E-1,-3.442848101E-2,1.297877073E0
1.116804730E2,-2.964462042E-1,-5.609945208E-2,1.299760580E0
1.116904500E2,-2.810305059E-1,-3.953538835E-2,1.306536198E0
1.117004270E2,-2.597447932E-1,-5.665719509E-2,1.314091682E0
1.117104030E2,-2.434784472E-1,-7.306440175E-2,1.307294726E0
1.117203801E2,-2.326840460E-1,-9.844762832E-2,1.293340206E0
1.117303571E2,-2.202995569E-1,-1.321770847E-1,1.285346389E0
1.117403341E2,-2.003125846E-1,-1.101902276E-1,1.289956450E0
1.117503111E2,-1.920530498E-1,-1.045174301E-1,1.292431593E0
1.117602881E2,-1.714996994E-1,-1.119905636E-1,1.290866971E0
1.117702651E2,-1.304417551E-1,-1.161024868E-1,1.302510381E0
1.117802411E2,-1.084601656E-1,-1.451719999E-1,1.303666830E0
1.117902181E2,-9.902911633E-2,-1.453419179E-1,1.299747944E0
1.118001951E2,-9.140729904E-2,-1.300920397E-1,1.309516430E0
1.118101721E2,-7.218753546E-2,-1.288502067E-1,1.320080400E0
1.118201491E2,-5.823729560E-2,-1.003284007E-1,1.333075166E0
1.118301261E2,-6.529094279E-2,-1.237085536E-1,1.323266983E0
1.118401021E2,-6.042161584E-2,-1.392265707E-1,1.319947600E0
1.118500791E2,-4.407939687E-2,-1.253722906E-1,1.324672103E0
1.118600561E2,-4.483087361E-2,-1.122296453E-1,1.329624534E0
1.118700331E2,-3.308979422E-2,-1.039418876E-1,1.328333735E0
1.118800101E2,-1.211441308E-2,-1.237909421E-1,1.325206518E0
1.118899871E2,8.208168671E-3,-9.940997511E-2,1.331234574E0
1.118999641E2,3.072328866E-2,-8.580428362E-2,1.333522677E0
1.119099401E2,5.031137168E-2,-9.311306477E-2,1.336356044E0
1.119199171E2,7.026398927E-2,-6.320902705E-2,1.345256567E0
1.119298941E2,8.290494978E-2,-7.210931182E-2,1.346442223E0
1.119398711E2,9.292776883E-2,-8.390435576E-2,1.336194634E0
1.119498481E2,1.033130363E-1,-5.338905752E-2,1.336170077E0
1.119598251E2,1.089577898E-1,-4.967925698E-2,1.340757370E0
1.119698021E2,1.306734681E-1,-4.306503385E-2,1.344010353E0
1.119797781E2,1.503158361E-1,-4.267392308E-2,1.347971201E0
1.119897551E2,1.465019137E-1,-3.761444986E-2,1.339719415E0
1.119997321E2,1.487911493E-1,4.641804844E-4,1.342527151E0
1.120097091E2,1.654273868E-1,5.958814640E-3,1.344477654E0
1.120196861E2,1.824514270E-1,-3.604051424E-3,1.344764352E0
1.120296631E2,1.976727247E-1,1.851243712E-2,1.346792936E0
1.120396401E2,2.058193982E-1,2.063837834E-2,1.345148563E0
1.120496161E2,2.088213116E-1,4.590405524E-2,1.346867323E0
1.120595931E2,2.139145583E-1,5.887145549E-2,1.345304966E0
1.120695701E2,2.200574130E-1,5.913803726E-2,1.347353220E0
1.120795471E2,2.302837074E-1,9.454473108E-2,1.353531718E0
1.120895241E2,2.382902354E-1,9.446830302E-2,1.351770282E0
1.120995011E2,2.382081449E-1,1.042773128E-1,1.343335629E0
1.121094771E2,2.443094403E-1,1.258776784E-1,1.334814072E0
1.121194541E2,2.594158053E-1,1.397757232E-1,1.335103273E0
1.121294311E2,2.787719369E-1,1.689416021E-1,1.342146039E0
1.121394081E2,2.893488705E-1,1.711178273E-1,1.338968754E0
1.121493851E2,2.904516757E-1,1.971393079E-1,1.328875422E0
1.121593621E2,2.914749384E-1,2.315203547E-1,1.327073097E0
1.121693391E2,3.089601696E-1,2.483230382E-1,1.331303000E0
1.121793151E2,3.181101382E-1,2.579429448E-1,1.333657026E0
1.121892921E2,3.122671843E-1,2.467819154E-1,1.331563711E0
1.121992691E2,3.003020287E-1,2.480636090E-1,1.328779221E0
1.122092461E2,3.036285937E-1,2.618768811E-1,1.334944963E0
1.122192231E2,3.121323586E-1,2.515518665E-1,1.336641431E0
1.122292001E2,3.179596066E-1,2.540091574E-1,1.341853738E0
1.122391771E2,3.247429132E-1,2.155839056E-1,1.340460896E0
1.122491531E2,3.272782266E-1,1.794485450E-1,1.348398805E0
1.122591301E2,3.283727765E-1,1.712080985E-1,1.357938528E0
1.122691071E2,3.204975426E-1,1.605834067E-1,1.369470000E0
1.122790841E2,3.218786418E-1,1.894986033E-1,1.388671517E0
1.122890611E2,3.215470612E-1,2.023819089E-1,1.395851135E0
1.122990381E2,3.113724887E-1,1.878164262E-1,1.384460211E0
1.123090151E2,3.031925857E-1,2.190566361E-1,1.372391224E0
1.123189911E2,3.038200736E-1,2.361867130E-1,1.372580290E0
1.123289681E2,3.226912320E-1,2.521449029E-1,1.379839778E0
1.123389451E2,3.344978690E-1,2.418756336E-1,1.373671770E0
1.123489221E2,3.311225772E-1,2.329857498E-1,1.364939332E0
1.123588991E2,3.284603059E-1,2.837485075E-1,1.354436159E0
1.123688761E2,3.355456591E-1,3.136137128E-1,1.344659925E0
1.123788531E2,3.601490259E-1,3.322395682E-1,1.343340874E0
1.123888291E2,3.765623569E-1,3.256597221E-1,1.332296968E0
1.123988061E2,3.800882697E-1,3.354603946E-1,1.331086516E0
1.124087831E2,3.739299774E-1,3.674055338E-1,1.324924231E0
1.124187601E2,3.780723214E-1,3.769035339E-1,1.322523236E0
1.124287371E2,3.851305246E-1,3.892877698E-1,1.322289109E0
1.124387141E2,3.835838139E-1,3.777821958E-1,1.324275494E0
1.124486911E2,3.827731609E-1,3.715530634E-1,1.334320307E0
1.124586671E2,3.761329055E-1,3.848526776E-1,1.343366146E0
1.124686441E2,3.666265011E-1,3.517077565E-1,1.337471485E0
1.124786211E2,3.574743569E-1,3.392134607E-1,1.333133578E0
1.124885981E2,3.484414518E-1,3.331049681E-1,1.335493445E0
1.124985751E2,3.470993340E-1,3.043153882E-1,1.340646505E0
1.125085521E2,3.483435810E-1,3.082251549E-1,1.351896763E0
1.125185291E2,3.411079347E-1,2.798081636E-1,1.351329327E0
1.125285051E2,3.414586782E-1,2.612081170E-1,1.355316639E0
1.125384821E2,3.437621593E-1,2.520211637E-1,1.352574348E0
1.125484591E2,3.414441347E-1,2.206001133E-1,1.353317380E0
1.125584361E2,3.411922753E-1,2.467667907E-1,1.365375757E0
1.125684131E2,3.272394240E-1,2.302576005E-1,1.359635830E0
1.125783901E2,3.293499947E-1,1.907626539E-1,1.358446002E0
1.125883671E2,3.211144209E-1,1.757315099E-1,1.345498681E0
1.125983431E2,3.049324751E-1,1.578315347E-1,1.339793921E0
1.126083201E2,3.127483130E-1,1.795131415E-1,1.350937605E0
1.126182971E2,3.143323958E-1,1.639292091E-1,1.353701711E0
1.126282741E2,3.147020340E-1,1.299850941E-1,1.348703742E0
1.126382511E2,3.143969774E-1,1.283957660E-1,1.335819006E0
1.126482281E2,3.124477863E-1,9.851429611E-2,1.329824448E0
1.126582051E2,3.222169578E-1,1.059456766E-1,1.337841630E0
1.126681811E2,3.181937039E-1,1.032923758E-1,1.335915208E0
1.126781581E2,3.043141663E-1,6.632243842E-2,1.330046535E0
1.126881351E2,3.054015338E-1,6.901675463E-2,1.322726607E0
1.126981121E2,2.912551463E-1,2.706372552E-2,1.321735382E0
1.127080891E2,2.916330695E-1,8.243164979E-3,1.326946139E0
1.127180668E2,2.910504043E-1,-7.685886696E-3,1.318545699E0
1.127280438E2,2.773343325E-1,-5.942258239E-2,1.328441739E0
1.127380198E2,2.674551010E-1,-6.734476984E-2,1.324308991E0
1.127479968E2,2.592461705E-1,-1.029339209E-1,1.310876250E0
1.127579738E2,2.762399316E-1,-1.247591600E-1,1.320621610E0
1.127679508E2,2.905693352E-1,-1.345225722E-1,1.330944061E0
1.127779278E2,2.791744471E-1,-1.790433526E-1,1.334006429E0
1.127879048E2,2.616191506E-1,-2.022093982E-1,1.325533032E0
1.127978818E2,2.460598350E-1,-2.441004515E-1,1.305914998E0
1.128078578E2,2.433596551E-1,-2.558865249E-1,1.320325136E0
1.128178348E2,2.483131588E-1,-2.406587005E-1,1.319391847E0
1.128278118E2,2.443943173E-1,-2.813661993E-1,1.306855559E0
1.128377888E2,2.375150025E-1,-2.999750674E-1,1.314513683E0
1.128477658E2,2.161103785E-1,-3.142269552E-1,1.306966782E0
1.128577428E2,2.092510462E-1,-3.243762553E-1,1.313555956E0
1.128677198E2,2.328597158E-1,-3.316906095E-1,1.306339264E0
1.128776958E2,2.567531168E-1,-3.966431320E-1,1.302125216E0
1.128876728E2,2.629628181E-1,-4.007313550E-1,1.304000378E0
1.128976498E2,2.417519987E-1,-4.097084403E-1,1.289211988E0
1.129076268E2,2.369553894E-1,-4.234738052E-1,1.289638877E0
1.129176038E2,2.477399707E-1,-4.146695435E-1,1.288451672E0
1.129275808E2,2.453631014E-1,-4.563075304E-1,1.277312160E0
1.129375578E2,2.335654646E-1,-4.752031863E-1,1.277577162E0
1.129475338E2,2.177910358E-1,-4.793134928E-1,1.265763283E0
1.129575108E2,2.177630067E-1,-4.891660511E-1,1.270896912E0
1.129674878E2,2.265852541E-1,-4.708304405E-1,1.274686575E0
1.129774648E2,2.301779091E-1,-4.918078482E-1,1.264657855E0
1.129874418E2,2.214094549E-1,-4.979376495E-1,1.262766004E0
1.129974188E2,2.033336759E-1,-5.107483864E-1,1.256585836E0
1.130073958E2,1.863562912E-1,-5.264424086E-1,1.262941718E0
1.130173718E2,1.867568493E-1,-5.082035661E-1,1.268431306E0
1.130273488E2,1.896652877E-1,-5.261186361E-1,1.263896108E0
1.130373258E2,1.948345006E-1,-5.624257326E-1,1.265574932E0
1.130473028E2,1.910517514E-1,-5.849507451E-1,1.256759882E0
1.130572798E2,1.696783304E-1,-6.093286872E-1,1.247710705E0
1.130672568E2,1.669075787E-1,-6.076149344E-1,1.255517483E0
1.130772338E2,1.786228269E-1,-6.134103537E-1,1.256532073E0
1.130872108E2,1.722219139E-1,-6.367401481E-1,1.251677394E0
1.130971868E2,1.583265811E-1,-6.364730597E-1,1.245241284E0
1.131071638E2,1.469282508E-1,-6.466114521E-1,1.242488146E0
1.131171408E2,1.513429433E-1,-6.562491059E-1,1.249036431E0
1.131271178E2,1.600208580E-1,-6.669259667E-1,1.241248369E0
1.131370948E2,1.464861929E-1,-6.909449697E-1,1.234274030E0
1.131470718E2,1.382288039E-1,-7.005360723E-1,1.237146139E0
1.131570488E2,1.349187493E-1,-7.084643245E-1,1.234370351E0
1.131670248E2,1.223020330E-1,-7.125672102E-1,1.236247897E0
1.131770018E2,1.128774956E-1,-6.964970231E-1,1.232663751E0
1.131869788E2,1.130711064E-1,-7.096575499E-1,1.232937813E0
1.131969558E2,1.150785387E-1,-7.120642662E-1,1.240043163E0
1.132069328E2,1.075007766E-1,-7.192257643E-1,1.232554078E0
1.132169098E2,8.630200475E-2,-7.133509517E-1,1.230090976E0
1.132268868E2,8.396321535E-2,-7.006633878E-1,1.233737111E0
1.132368628E2,9.658286721E-2,-7.290462852E-1,1.231508374E0
1.132468398E2,9.314499050E-2,-7.404108047E-1,1.230185032E0
1.132568168E2,7.412146032E-2,-7.459346056E-1,1.220511198E0
1.132667938E2,4.785444215E-2,-7.377076149E-1,1.219753027E0
1.132767708E2,4.935836047E-2,-7.252495885E-1,1.218044519E0
1.132867478E2,4.883132130E-2,-7.522698045E-1,1.215292931E0
1.132967248E2,4.678701237E-2,-7.517802119E-1,1.221728325E0
1.133067008E2,3.421263024E-2,-7.537781596E-1,1.214480519E0
1.133166778E2,1.342500746E-2,-7.504590750E-1,1.215558171E0
1.133266548E2,1.057915390E-2,-7.295593619E-1,1.222278357E0
1.133366318E2,1.469488814E-2,-7.319650054E-1,1.224626660E0
1.133466088E2,1.781957410E-2,-7.396650314E-1,1.223472953E0
1.133565858E2,9.150186554E-3,-7.509011626E-1,1.213363886E0
1.133665628E2,-2.114353701E-2,-7.457543015E-1,1.212516189E0
1.133765388E2,-4.091320932E-2,-7.119826078E-1,1.221391797E0
1.133865158E2,-2.698594145E-2,-7.226027846E-1,1.221276164E0
1.133964928E2,-6.812852807E-3,-7.453381419E-1,1.225705743E0
1.134064698E2,-1.761250384E-2,-7.411756516E-1,1.224123359E0
1.134164468E2,-4.677207023E-2,-7.299576402E-1,1.220522046E0
1.134264238E2,-5.839943141E-2,-6.968523860E-1,1.225425243E0
1.134364008E2,-5.665488914E-2,-6.941457391E-1,1.223539114E0
1.134463778E2,-4.915010184E-2,-7.267308831E-1,1.225337505E0
1.134563538E2,-4.893152416E-2,-7.197235227E-1,1.233539104E0
1.134663308E2,-7.320491225E-2,-6.991268992E-1,1.227339864E0
1.134763078E2,-1.086756513E-1,-6.790624857E-1,1.217702627E0
1.134862848E2,-1.179900616E-1,-6.602187753E-1,1.215887666E0
1.134962618E2,-1.232288405E-1,-6.734744310E-1,1.216851115E0
1.135062388E2,-1.183741614E-1,-6.660149097E-1,1.210881829E0
1.135162158E2,-1.421513408E-1,-6.741341949E-1,1.193825483E0
1.135261918E2,-1.564037800E-1,-6.586346030E-1,1.189955711E0
1.135361688E2,-1.571373194E-1,-6.331803799E-1,1.194947243E0
1.135461458E2,-1.555231810E-1,-6.422423124E-1,1.195793867E0
1.135561228E2,-1.575123221E-1,-6.395323873E-1,1.200698376E0
1.135660998E2,-1.608255506E-1,-6.667504311E-1,1.189398408E0
1.135760768E2,-1.774107218E-1,-6.605734229E-1,1.191893101E0
1.135860538E2,-1.693796813E-1,-6.118324995E-1,1.199109435E0
1.135960298E2,-1.746883988E-1,-6.289111972E-1,1.195232034E0
1.136060068E2,-1.716143191E-1,-6.546127796E-1,1.196171880E0
1.136159838E2,-1.753720194E-1,-6.469992399E-1,1.197140694E0
1.136259608E2,-1.909887940E-1,-6.310016513E-1,1.202347875E0
1.136359378E2,-2.049482316E-1,-6.014105082E-1,1.211031556E0
1.136459148E2,-2.262772173E-1,-6.066832542E-1,1.212423921E0
1.136558918E2,-2.305376381E-1,-6.064370275E-1,1.220266700E0
1.136658688E2,-2.396461815E-1,-6.080639362E-1,1.210704565E0
1.136758448E2,-2.682922781E-1,-6.066974998E-1,1.205531120E0
1.136858218E2,-2.794509232E-1,-5.873123407E-1,1.213983655E0
1.136957988E2,-2.880902886E-1,-5.749102831E-1,1.213040352E0
1.137057758E2,-2.974806130E-1,-5.535341501E-1,1.208564043E0
1.137157525E2,-3.009527624E-1,-5.595355630E-1,1.202147603E0
1.137257295E2,-3.086628616E-1,-5.584921241E-1,1.202689767E0
1.137357065E2,-3.070037067E-1,-5.210252404E-1,1.209604859E0
1.137456825E2,-3.164763153E-1,-4.965322018E-1,1.213287473E0
1.137556595E2,-3.278301656E-1,-4.815449119E-1,1.208115935E0
1.137656365E2,-3.403600752E-1,-4.848621488E-1,1.207552671E0
1.137756135E2,-3.531741500E-1,-4.900990725E-1,1.209073782E0
1.137855905E2,-3.578695655E-1,-4.753683209E-1,1.214694738E0
1.137955675E2,-3.655988276E-1,-4.632501006E-1,1.214085340E0
1.138055445E2,-3.787708282E-1,-4.614354372E-1,1.210979819E0
1.138155215E2,-3.852782547E-1,-4.535628557E-1,1.210755825E0
1.138254975E2,-4.031243622E-1,-4.544342458E-1,1.203606009E0
1.138354745E2,-4.191646576E-1,-4.420397282E-1,1.206287980E0
1.138454515E2,-4.179947078E-1,-4.184721112E-1,1.208364964E0
1.138554285E2,-4.287507832E-1,-3.996390104E-1,1.204668641E0
1.138654055E2,-4.415182471E-1,-3.811287284E-1,1.205174923E0
1.138753825E2,-4.554360807E-1,-3.868428171E-1,1.204928041E0
1.138853595E2,-4.545396566E-1,-3.758503497E-1,1.211395264E0
1.138953355E2,-4.488482177E-1,-3.462731838E-1,1.218868732E0
1.139053125E2,-4.561039805E-1,-3.415471315E-1,1.216933846E0
1.139152895E2,-4.578897059E-1,-3.317896426E-1,1.219311237E0
1.139252665E2,-4.561855495E-1,-3.268177807E-1,1.215905547E0
1.139352435E2,-4.761215448E-1,-3.134502172E-1,1.206852078E0
1.139452205E2,-4.932057261E-1,-3.020774424E-1,1.204808831E0
1.139551975E2,-5.065287352E-1,-2.951723337E-1,1.204195499E0
1.139651745E2,-5.060786605E-1,-2.787416875E-1,1.208466172E0
1.139751505E2,-5.125901699E-1,-2.546671927E-1,1.199039936E0
1.139851275E2,-5.342578888E-1,-2.470497489E-1,1.192002773E0
1.139951045E2,-5.432683229E-1,-2.408357561E-1,1.199965358E0
1.140050815E2,-5.465202928E-1,-2.255012691E-1,1.208261967E0
1.140150585E2,-5.564330220E-1,-2.014438808E-1,1.207457781E0
1.140250355E2,-5.673559904E-1,-1.951455176E-1,1.197998405E0
1.140350125E2,-5.806538463E-1,-1.921233982E-1,1.196088672E0
1.140449885E2,-5.876366496E-1,-1.817213595E-1,1.196059108E0
1.140549655E2,-5.973681211E-1,-1.692909747E-1,1.193565249E0
1.140649425E2,-6.122775674E-1,-1.630716920E-1,1.196201205E0
1.140749195E2,-6.155796051E-1,-1.395865530E-1,1.204380870E0
1.140848965E2,-6.219450831E-1,-1.178602129E-1,1.208485961E0
1.140948735E2,-6.258867979E-1,-9.409057349E-2,1.208764553E0
1.141048505E2,-6.281001568E-1,-8.062589914E-2,1.215076447E0
1.141148275E2,-6.254602671E-1,-6.051404029E-2,1.222858906E0
1.141248035E2,-6.168630719E-1,-3.931048140E-2,1.225323677E0
1.141347805E2,-6.180502176E-1,-2.489395998E-2,1.216005564E0
1.141447575E2,-6.266591549E-1,-1.755482145E-2,1.210055828E0
1.141547345E2,-6.303581595E-1,-1.184920035E-2,1.208801389E0
1.141647115E2,-6.346618533E-1,6.553507876E-3,1.209052205E0
1.141746885E2,-6.373076439E-1,3.115062043E-2,1.201235175E0
1.141846655E2,-6.510967016E-1,3.294159845E-2,1.189856291E0
1.141946425E2,-6.589598060E-1,5.079024285E-2,1.189710140E0
1.142046185E2,-6.589035988E-1,6.712260842E-2,1.192185283E0
1.142145955E2,-6.691094637E-1,7.993049920E-2,1.186762214E0
1.142245725E2,-6.748941541E-1,9.059566259E-2,1.182391405E0
1.142345495E2,-6.784892678E-1,8.951020986E-2,1.176261425E0
1.142445265E2,-6.754178405E-1,1.153316870E-1,1.171757460E0
1.142545035E2,-6.807616353E-1,1.241814941E-1,1.159347415E0
1.142644805E2,-6.881921291E-1,1.404201090E-1,1.155422449E0
1.142744565E2,-6.908260584E-1,1.538096517E-1,1.153291345E0
1.142844335E2,-6.883149743E-1,1.712150127E-1,1.155159473E0
1.142944105E2,-6.850740910E-1,1.831802279E-1,1.154580712E0
1.143043875E2,-6.879599094E-1,1.852079481E-1,1.152988672E0
1.143143645E2,-6.910908222E-1,1.805434972E-1,1.150651097E0
1.143243415E2,-6.894452572E-1,1.894222200E-1,1.159118652E0
1.143343185E2,-6.928433180E-1,1.858285666E-1,1.161870003E0
1.143442955E2,-6.927141547E-1,1.921024323E-1,1.163863897E0
1.143542715E2,-7.030986547E-1,2.155368328E-1,1.161844730E0
1.143642485E2,-7.187929153E-1,2.450646311E-1,1.159851551E0
1.143742255E2,-7.377702594E-1,2.747949362E-1,1.161266565E0
1.143842025E2,-7.515100241E-1,2.937715650E-1,1.156939507E0
1.143941795E2,-7.579520345E-1,3.066556454E-1,1.149461865E0
1.144041565E2,-7.648677230E-1,3.147087991E-1,1.145176411E0
1.144141335E2,-7.687279582E-1,3.216873407E-1,1.144725800E0
1.144241105E2,-7.667412758E-1,3.550711274E-1,1.152642012E0
1.144340865E2,-7.697654366E-1,3.866924644E-1,1.158952594E0
1.144440635E2,-7.663432956E-1,3.885606527E-1,1.163319349E0
1.144540405E2,-7.578958273E-1,3.877674341E-1,1.157625318E0
1.144640175E2,-7.625212073E-1,3.980666697E-1,1.143391848E0
1.144739945E2,-7.826108932E-1,4.018960595E-1,1.135156870E0
1.144839715E2,-7.942950130E-1,3.980360925E-1,1.135742545E0
1.144939485E2,-7.861486077E-1,4.043622017E-1,1.141080499E0
1.145039245E2,-7.901116610E-1,4.064480066E-1,1.138963342E0
1.145139015E2,-8.093470335E-1,3.948203921E-1,1.139052391E0
1.145238785E2,-8.235754967E-1,3.844093084E-1,1.143742800E0
1.145338555E2,-8.308875561E-1,3.988381922E-1,1.150777221E0
1.145438325E2,-8.454265594E-1,4.007197022E-1,1.149269104E0
1.145538095E2,-8.455550075E-1,4.001645744E-1,1.151259661E0
1.145637865E2,-8.359764218E-1,4.018988013E-1,1.150076151E0
1.145737635E2,-8.373758197E-1,4.170573950E-1,1.143810630E0
1.145837395E2,-8.506798744E-1,4.430818260E-1,1.139206290E0
1.145937165E2,-8.496224880E-1,4.417820573E-1,1.147790551E0
1.146036935E2,-8.301001787E-1,4.650788605E-1,1.156055212E0
1.146136705E2,-8.093429804E-1,4.863969088E-1,1.146394849E0
1.146236475E2,-8.005031347E-1,4.821925759E-1,1.130884647E0
1.146336245E2,-7.895315289E-1,4.934309721E-1,1.128647804E0
1.146436015E2,-7.854683399E-1,5.010675788E-1,1.127297044E0
1.146535785E2,-7.935804129E-1,5.130622387E-1,1.120991468E0
1.146635545E2,-8.088040948E-1,4.988939166E-1,1.119967818E0
1.146735315E2,-8.157097101E-1,4.797725976E-1,1.120000243E0
1.146835085E2,-8.093482256E-1,4.798524976E-1,1.121551037E0
1.146934855E2,-8.090653419E-1,4.756282866E-1,1.116420984E0
1.147034625E2,-8.103175759E-1,4.681498706E-1,1.113384962E0
1.147134395E2,-7.946689129E-1,4.610636830E-1,1.120705962E0
1.147234165E2,-7.826330066E-1,4.258822501E-1,1.119251251E0
1.147333935E2,-7.919644713E-1,4.100435674E-1,1.118589044E0
1.147433695E2,-8.089583516E-1,3.918840289E-1,1.126299143E0
1.147533465E2,-8.320145011E-1,3.863235116E-1,1.144019485E0
1.147633235E2,-8.349138498E-1,3.559831977E-1,1.150752187E0
1.147733005E2,-8.270460963E-1,2.936324179E-1,1.143522024E0
1.147832775E2,-8.081305027E-1,2.647618651E-1,1.141339064E0
1.147932545E2,-7.879316807E-1,2.290101200E-1,1.149113536E0
1.148032315E2,-7.790977359E-1,2.252321541E-1,1.147272587E0
1.148132085E2,-7.725820541E-1,2.158794105E-1,1.153841972E0
1.148231845E2,-7.629046440E-1,1.765397191E-1,1.151345849E0
1.148331615E2,-7.547364831E-1,1.673112810E-1,1.168341041E0
1.148431385E2,-7.466433644E-1,1.753076911E-1,1.166361809E0
1.148531155E2,-7.467448115E-1,1.719019711E-1,1.169465184E0
1.148630925E2,-7.406525612E-1,2.153565139E-1,1.177155375E0
1.148730695E2,-7.213655114E-1,2.045679986E-1,1.175048590E0
1.148830465E2,-6.994999051E-1,2.057911903E-1,1.174224973E0
1.148930235E2,-6.767594814E-1,2.396198362E-1,1.160531878E0
1.149029995E2,-6.729455590E-1,2.395125031E-1,1.188213587E0
1.149129765E2,-6.590334177E-1,2.597518861E-1,1.187826753E0
1.149229535E2,-6.443277597E-1,2.159189284E-1,1.188712478E0
1.149329305E2,-6.256054640E-1,2.035359442E-1,1.188929200E0
1.149429075E2,-6.065779328E-1,2.069533169E-1,1.185745835E0
1.149528845E2,-6.044430137E-1,1.858816892E-1,1.178170443E0
1.149628615E2,-5.996690392E-1,1.599960327E-1,1.200881362E0
1.149728385E2,-5.828664899E-1,1.642560810E-1,1.212156296E0
1.149828145E2,-5.591033697E-1,1.485948265E-1,1.217625856E0
1.149927915E2,-5.419614315E-1,1.276718825E-1,1.215521812E0
1.150027685E2,-5.381160975E-1,7.544330508E-2,1.206207037E0
1.150127455E2,-5.384652615E-1,6.706452370E-2,1.226958752E0
1.150227225E2,-5.144504905E-1,5.452635884E-2,1.230899453E0
1.150326995E2,-4.939051270E-1,3.522756509E-3,1.229475498E0
1.150426765E2,-4.898999929E-1,-3.072070144E-2,1.253577352E0
1.150526535E2,-4.920190275E-1,-5.389977992E-2,1.258565784E0
1.150626295E2,-4.857185185E-1,-2.723141573E-2,1.271884203E0
1.150726065E2,-4.779309332E-1,-1.204785518E-2,1.273401856E0
1.150825835E2,-4.715590477E-1,3.160126507E-3,1.265369177E0
1.150925605E2,-4.466107488E-1,2.798289992E-2,1.273876548E0
1.151025375E2,-4.321423173E-1,2.489390038E-2,1.259625196E0
1.151125145E2,-4.261861145E-1,2.803010121E-2,1.248411536E0
1.151224915E2,-4.081493020E-1,3.015610203E-2,1.247498155E0
1.151324685E2,-3.763195276E-1,1.966504939E-2,1.257106066E0
1.151424445E2,-3.376413882E-1,2.334846742E-2,1.267758965E0
1.151524215E2,-3.187594712E-1,7.013976574E-3,1.266476631E0
1.151623985E2,-3.166148067E-1,-5.695161410E-3,1.257436037E0
1.151723755E2,-3.038188219E-1,2.166331746E-2,1.268293500E0
1.151823525E2,-2.707692683E-1,-4.176801071E-3,1.275207877E0
1.151923295E2,-2.454002649E-1,-2.369217947E-2,1.278612971E0
1.152023065E2,-2.435118109E-1,-4.362993687E-2,1.278056622E0
1.152122835E2,-2.638627887E-1,-4.620634392E-2,1.285422802E0
1.152222595E2,-2.551156282E-1,-3.357603773E-2,1.292781830E0
1.152322365E2,-2.369931042E-1,-4.451332241E-2,1.298434973E0
1.152422135E2,-2.231814116E-1,-5.665573850E-2,1.297795534E0
1.152521905E2,-2.099930197E-1,-7.910493016E-2,1.291263700E0
1.152621675E2,-1.959733367E-1,-9.073548764E-2,1.294443011E0
1.152721445E2,-1.739595979E-1,-9.496058524E-2,1.304238319E0
1.152821215E2,-1.522180885E-1,-1.232129931E-1,1.305251122E0
1.152920985E2,-1.273058802E-1,-1.522455364E-1,1.305477858E0
1.153020755E2,-1.135136411E-1,-1.537446380E-1,1.303135872E0
1.153120515E2,-9.953537583E-2,-1.609648317E-1,1.302511454E0
1.153220285E2,-7.404039800E-2,-1.557354480E-1,1.304212213E0
1.153320055E2,-6.131969020E-2,-1.491891891E-1,1.310355783E0
1.153419825E2,-4.742411524E-2,-1.575903893E-1,1.309721947E0
1.153519595E2,-3.771575913E-2,-1.702122837E-1,1.310198307E0
1.153619365E2,-3.400810435E-2,-1.589290053E-1,1.311731696E0
1.153719135E2,-2.135825157E-2,-1.259424388E-1,1.323452592E0
1.153818905E2,-4.735066090E-3,-1.140010804E-1,1.333772659E0
1.153918665E2,1.080753095E-2,-1.199596897E-1,1.335795522E0
1.154018435E2,2.474412136E-2,-1.033772454E-1,1.333132863E0
1.154118205E2,2.823758312E-2,-6.805962324E-2,1.339407563E0
1.154217975E2,4.733564332E-2,-5.041192472E-2,1.348098993E0
1.154317745E2,7.224601507E-2,-4.290678352E-2,1.356035829E0
1.154417515E2,7.805623114E-2,-5.023926497E-2,1.355973482E0
1.154517285E2,8.495555073E-2,-4.392101616E-2,1.348561406E0
1.154617055E2,9.919413924E-2,-2.409484796E-2,1.348541975E0
1.154716815E2,1.157943383E-1,-1.027227938E-2,1.359754086E0
1.154816585E2,1.220397204E-1,-1.101290435E-2,1.361043334E0
1.154916355E2,1.304755360E-1,-3.486279026E-2,1.357303143E0
1.155016125E2,1.506599039E-1,-5.057091266E-2,1.356212616E0
1.155115895E2,1.593564153E-1,-3.911662847E-2,1.350070596E0
1.155215665E2,1.607045084E-1,-3.088373318E-2,1.356578827E0
1.155315435E2,1.650549918E-1,-1.436003949E-2,1.367597699E0
1.155415205E2,1.740282476E-1,-2.798503824E-2,1.355813742E0
1.155514965E2,1.910177320E-1,-4.947558418E-2,1.349470735E0
1.155614735E2,2.049359530E-1,-5.522506777E-3,1.347275972E0
1.155714505E2,2.224391401E-1,3.438041359E-2,1.347270727E0
1.155814275E2,2.367280573E-1,4.290040210E-2,1.368475676E0
1.155914045E2,2.458838075E-1,4.865284264E-2,1.364568710E0
1.156013815E2,2.562421858E-1,4.241012409E-2,1.353978634E0
1.156113585E2,2.526222467E-1,8.011768013E-2,1.356953502E0
1.156213355E2,2.659668326E-1,1.339963675E-1,1.360600710E0
1.156313125E2,2.801690698E-1,1.425148845E-1,1.371193647E0
1.156412885E2,2.843957841E-1,1.416067481E-1,1.365925908E0
1.156512655E2,2.819449306E-1,1.383547038E-1,1.354234099E0
1.156612425E2,2.787749767E-1,1.746900678E-1,1.352407694E0
1.156712195E2,2.850848734E-1,2.236430794E-1,1.363916755E0
1.156811965E2,3.061712682E-1,2.290868461E-1,1.358250022E0
1.156911735E2,3.196986318E-1,2.191638649E-1,1.343844771E0
1.157011505E2,3.215407431E-1,1.853971183E-1,1.346610188E0
1.157111275E2,3.192426264E-1,2.141904235E-1,1.344508648E0
1.157211032E2,3.140944541E-1,2.285195589E-1,1.354021788E0
1.157310802E2,3.173800111E-1,2.604199052E-1,1.357595086E0
1.157410572E2,3.292672932E-1,2.658575475E-1,1.346261024E0
1.157510342E2,3.292558789E-1,2.239220887E-1,1.346219301E0
1.157610112E2,3.252720535E-1,2.024223953E-1,1.344966531E0
1.157709882E2,3.322986960E-1,2.002084851E-1,1.346063733E0
1.157809652E2,3.327890038E-1,2.160234004E-1,1.356357336E0
1.157909422E2,3.311180472E-1,2.578177452E-1,1.374059558E0
1.158009182E2,3.330805302E-1,2.553319633E-1,1.376943469E0
1.158108952E2,3.264415860E-1,2.538484037E-1,1.371021390E0
1.158208722E2,3.250015974E-1,2.843330801E-1,1.369908452E0
1.158308492E2,3.402689099E-1,3.043957651E-1,1.373086810E0
1.158408262E2,3.647979498E-1,3.267103732E-1,1.380451202E0
1.158508032E2,3.757474720E-1,3.083871007E-1,1.375642538E0
1.158607802E2,3.671979308E-1,2.995685935E-1,1.363827467E0
1.158707572E2,3.584110439E-1,3.437170088E-1,1.351591349E0
1.158807342E2,3.665501773E-1,3.827243149E-1,1.350801706E0
1.158907102E2,3.804562986E-1,4.074914157E-1,1.348901749E0
1.159006872E2,3.912282586E-1,4.118794799E-1,1.342657685E0
1.159106642E2,3.841663897E-1,3.935884237E-1,1.330497980E0
1.159206412E2,3.747007251E-1,4.123077989E-1,1.325959086E0
1.159306182E2,3.748257458E-1,4.340102673E-1,1.328312635E0
1.159405952E2,3.830993772E-1,4.320113063E-1,1.339352489E0
1.159505722E2,3.841589689E-1,4.170986712E-1,1.340123653E0
1.159605492E2,3.708229065E-1,3.897397518E-1,1.336266279E0
1.159705252E2,3.614552021E-1,3.913053572E-1,1.334556580E0
1.159805022E2,3.647676408E-1,4.083767533E-1,1.343146920E0
1.159904792E2,3.745357394E-1,4.043818712E-1,1.355402350E0
1.160004562E2,3.731314540E-1,3.697778285E-1,1.350006819E0
1.160104332E2,3.579048812E-1,3.195530772E-1,1.339627385E0
1.160204102E2,3.404313326E-1,3.086991012E-1,1.343341231E0
1.160303872E2,3.369903862E-1,3.236768544E-1,1.353505969E0
1.160403642E2,3.392681777E-1,3.067572713E-1,1.360892773E0
1.160503412E2,3.434539139E-1,2.691218257E-1,1.362426639E0
1.160603172E2,3.308092058E-1,2.328088135E-1,1.357369781E0
1.160702942E2,3.199055195E-1,2.281825244E-1,1.359287739E0
1.160802712E2,3.194956779E-1,2.544897795E-1,1.365886211E0
1.160902482E2,3.225091398E-1,2.666534185E-1,1.374503732E0
1.161002252E2,3.311998546E-1,2.301388234E-1,1.365950227E0
1.161102022E2,3.271784484E-1,1.814299971E-1,1.355185628E0
1.161201792E2,3.133300245E-1,1.712490022E-1,1.344077587E0
1.161301562E2,3.028591573E-1,1.917306036E-1,1.351363897E0
1.161401322E2,3.079175651E-1,1.860159785E-1,1.361472487E0
1.161501092E2,3.205942512E-1,1.552850753E-1,1.359674096E0
1.161600862E2,3.150210679E-1,1.234738752E-1,1.345750570E0
1.161700632E2,2.976074219E-1,9.965037555E-2,1.348459244E0
1.161800402E2,2.882762253E-1,9.689667076E-2,1.345346332E0
1.161900172E2,2.970269322E-1,1.062223911E-1,1.352813363E0
1.161999942E2,3.042289019E-1,7.862378657E-2,1.335699558E0
1.162099712E2,2.922875285E-1,3.145979345E-2,1.337282777E0
1.162199472E2,2.849081755E-1,2.787384391E-2,1.329851985E0
1.162299242E2,2.732706964E-1,1.309726760E-2,1.339023352E0
1.162399012E2,2.728251517E-1,1.238247566E-2,1.340543747E0
1.162498782E2,2.867302001E-1,-2.697047591E-2,1.337799072E0
1.162598552E2,2.888010740E-1,-7.507222146E-2,1.328644156E0
1.162698322E2,2.726786435E-1,-1.087671816E-1,1.316471696E0
1.162798092E2,2.584104836E-1,-1.384108216E-1,1.308364511E0
1.162897862E2,2.599611878E-1,-1.396794915E-1,1.327620745E0
1.162997632E2,2.724069357E-1,-1.535574943E-1,1.331314325E0
1.163097392E2,2.764925659E-1,-1.954298019E-1,1.321307540E0
1.163197162E2,2.665957212E-1,-2.380875200E-1,1.305317879E0
1.163296932E2,2.583419085E-1,-2.530144751E-1,1.299796700E0
1.163396702E2,2.514600456E-1,-2.648096085E-1,1.305352569E0
1.163496472E2,2.524548471E-1,-2.840801477E-1,1.306881905E0
1.163596242E2,2.493229955E-1,-3.243183792E-1,1.299993634E0
1.163696012E2,2.395822108E-1,-3.570201397E-1,1.292457700E0
1.163795782E2,2.286384851E-1,-3.746079206E-1,1.292502165E0
1.163895552E2,2.260356992E-1,-3.709198534E-1,1.300489545E0
1.163995312E2,2.375091314E-1,-3.882026970E-1,1.305141330E0
1.164095082E2,2.434501052E-1,-4.284261763E-1,1.299614310E0
1.164194852E2,2.342502177E-1,-4.497796595E-1,1.295289159E0
1.164294622E2,2.204261124E-1,-4.508585036E-1,1.284879684E0
1.164394392E2,2.248589545E-1,-4.468142390E-1,1.292376041E0
1.164494162E2,2.285270542E-1,-4.377430379E-1,1.298503041E0
1.164593932E2,2.293244004E-1,-4.682034552E-1,1.302277803E0
1.164693702E2,2.157199234E-1,-4.691822231E-1,1.298528671E0
1.164793462E2,1.941227466E-1,-4.536325634E-1,1.293627620E0
1.164893232E2,1.881717741E-1,-4.634346962E-1,1.290326118E0
1.164993002E2,2.001274973E-1,-4.742189050E-1,1.284657359E0
1.165092772E2,1.997332871E-1,-5.139124990E-1,1.276909828E0
1.165192542E2,1.952807456E-1,-5.298661590E-1,1.273377061E0
1.165292312E2,1.933341622E-1,-5.467913747E-1,1.266215801E0
1.165392082E2,1.934801042E-1,-5.672521591E-1,1.267068505E0
1.165491852E2,1.955288202E-1,-5.712498426E-1,1.268828630E0
1.165591612E2,1.972992867E-1,-5.878447890E-1,1.261822939E0
1.165691382E2,1.946403682E-1,-6.023702621E-1,1.263982534E0
1.165791152E2,1.852143705E-1,-6.146599650E-1,1.263583899E0
1.165890922E2,1.709677130E-1,-6.360170245E-1,1.256912589E0
1.165990692E2,1.632629335E-1,-6.607521772E-1,1.258531213E0
1.166090462E2,1.577160358E-1,-6.664690375E-1,1.260476589E0
1.166190232E2,1.502701044E-1,-6.750297546E-1,1.266387463E0
1.166290002E2,1.607753783E-1,-6.783458591E-1,1.267624736E0
1.166389772E2,1.582965106E-1,-6.910225153E-1,1.260257125E0
1.166489532E2,1.487514675E-1,-6.877956390E-1,1.259483576E0
1.166589302E2,1.280310005E-1,-6.866723299E-1,1.255784750E0
1.166689072E2,1.218125895E-1,-6.944816709E-1,1.257964730E0
1.166788842E2,1.370908916E-1,-7.012529969E-1,1.260212183E0
1.166888612E2,1.427919567E-1,-7.306188345E-1,1.248873115E0
1.166988382E2,1.378709674E-1,-7.547963262E-1,1.245551705E0
1.167088152E2,1.188000515E-1,-7.498950362E-1,1.242352724E0
1.167187929E2,9.591018409E-2,-7.468329668E-1,1.247340322E0
1.167287699E2,9.675066918E-2,-7.481034398E-1,1.252288103E0
1.167387459E2,9.439510107E-2,-7.657434344E-1,1.249613762E0
1.167487229E2,8.249749243E-2,-7.747187018E-1,1.246273518E0
1.167586999E2,6.973455846E-2,-7.733636498E-1,1.244523525E0
1.167686769E2,6.285359710E-2,-7.947977185E-1,1.246221423E0
1.167786539E2,6.816580147E-2,-7.977964282E-1,1.258796573E0
1.167886309E2,6.745605171E-2,-7.930108905E-1,1.260576367E0
1.167986079E2,4.435206577E-2,-7.948495150E-1,1.260017633E0
1.168085849E2,3.575544804E-2,-7.892332077E-1,1.252671003E0
1.168185619E2,2.305696346E-2,-8.018395901E-1,1.244472384E0
1.168285379E2,2.226755582E-2,-8.001589775E-1,1.246413589E0
1.168385149E2,1.653243788E-2,-7.829480171E-1,1.249635220E0
1.168484919E2,8.686993271E-3,-7.974602580E-1,1.241362572E0
1.168584689E2,6.745814811E-3,-8.088160157E-1,1.234958410E0
1.168684459E2,3.613736248E-3,-8.097029328E-1,1.234860659E0
1.168784229E2,-3.315009642E-3,-7.937745452E-1,1.246842384E0
1.168883999E2,-4.447827581E-3,-7.582695484E-1,1.250124812E0
1.168983769E2,-1.060984936E-2,-7.770634890E-1,1.235955834E0
1.169083539E2,3.707187250E-3,-7.964281440E-1,1.227156878E0
1.169183299E2,-2.554437146E-3,-7.635415792E-1,1.233700514E0
1.169283069E2,-3.083750047E-2,-7.201954722E-1,1.240756869E0
1.169382839E2,-4.618822411E-2,-7.060596347E-1,1.224724650E0
1.169482609E2,-5.194243044E-2,-7.104959488E-1,1.212375879E0
1.169582379E2,-6.031461060E-2,-7.189278007E-1,1.212050200E0
1.169682149E2,-5.003965273E-2,-7.141253948E-1,1.224804521E0
1.169781919E2,-5.214061961E-2,-7.086161375E-1,1.233211637E0
1.169881689E2,-4.450104013E-2,-7.091605067E-1,1.229433060E0
1.169981449E2,-4.654262215E-2,-7.348839641E-1,1.202829361E0
1.170081219E2,-6.875003874E-2,-7.223215699E-1,1.211457729E0
1.170180989E2,-8.241631836E-2,-7.001779079E-1,1.218255162E0
1.170280759E2,-1.039165407E-1,-7.035461664E-1,1.199105382E0
1.170380529E2,-1.169071719E-1,-6.592809558E-1,1.223978043E0
1.170480299E2,-1.387290955E-1,-6.011541486E-1,1.233316898E0
1.170580069E2,-1.450349241E-1,-6.317235231E-1,1.221197844E0
1.170679839E2,-1.540771723E-1,-6.470779777E-1,1.197672844E0
1.170779609E2,-1.534774303E-1,-6.317352057E-1,1.212830544E0
1.170879369E2,-1.391459554E-1,-6.335827708E-1,1.218317032E0
1.170979139E2,-1.142922714E-1,-6.374891400E-1,1.219908476E0
1.171078909E2,-1.419783682E-1,-6.443761587E-1,1.208584070E0
1.171178679E2,-1.631781906E-1,-6.304742098E-1,1.210933447E0
1.171278449E2,-1.697230786E-1,-6.254841089E-1,1.217656970E0
1.171378219E2,-1.924845725E-1,-5.908480883E-1,1.224245548E0
1.171477989E2,-2.160281539E-1,-5.699653029E-1,1.217983246E0
1.171577759E2,-2.351901382E-1,-5.815750957E-1,1.202760339E0
1.171677529E2,-2.426816672E-1,-5.758835673E-1,1.207434773E0
1.171777289E2,-2.492673993E-1,-5.551585555E-1,1.202484488E0
1.171877059E2,-2.696829140E-1,-5.798220634E-1,1.191889286E0
1.171976829E2,-2.601498663E-1,-5.417314172E-1,1.201292992E0
1.172076599E2,-2.729883492E-1,-5.200109482E-1,1.209038377E0
1.172176369E2,-2.823245823E-1,-5.254192948E-1,1.219524264E0
1.172276139E2,-2.981247008E-1,-5.730023384E-1,1.198093891E0
1.172375909E2,-2.978520095E-1,-5.882042646E-1,1.213330030E0
1.172475679E2,-3.064464629E-1,-5.837008357E-1,1.218715549E0
1.172575449E2,-3.277435005E-1,-5.470656157E-1,1.219227910E0
1.172675209E2,-3.596417606E-1,-5.571929216E-1,1.213653207E0
1.172774979E2,-3.721881807E-1,-5.453365445E-1,1.220749497E0
1.172874749E2,-3.677835763E-1,-5.364296436E-1,1.231420159E0
1.172974519E2,-3.659217358E-1,-5.302351117E-1,1.229058146E0
1.173074289E2,-3.875333369E-1,-5.348860025E-1,1.221434951E0
1.173174059E2,-4.078428447E-1,-5.307973027E-1,1.228357553E0
1.173273829E2,-4.074288011E-1,-5.133116841E-1,1.238384485E0
1.173373599E2,-4.171645343E-1,-4.986382127E-1,1.236799121E0
1.173473369E2,-4.368252456E-1,-5.008537769E-1,1.228214860E0
1.173573129E2,-4.444549382E-1,-4.825181663E-1,1.228992224E0
1.173672899E2,-4.459361434E-1,-4.666388333E-1,1.229854941E0
1.173772669E2,-4.461372197E-1,-4.497386813E-1,1.224282026E0
1.173872439E2,-4.547933042E-1,-4.337266684E-1,1.223769069E0
1.173972209E2,-4.637026489E-1,-4.035898149E-1,1.231776237E0
1.174071979E2,-4.581868947E-1,-3.661077023E-1,1.230895638E0
1.174171749E2,-4.680781364E-1,-3.550020456E-1,1.212038398E0
1.174271519E2,-4.848283231E-1,-3.486484587E-1,1.205713153E0
1.174371289E2,-4.783302248E-1,-3.320979774E-1,1.215105653E0
1.174471049E2,-4.718499482E-1,-3.089050353E-1,1.222639680E0
1.174570819E2,-4.729631543E-1,-2.907316387E-1,1.217903018E0
1.174670589E2,-4.851589501E-1,-2.872434258E-1,1.211016655E0
1.174770359E2,-4.853869379E-1,-2.808800638E-1,1.216812015E0
1.174870129E2,-4.780884683E-1,-2.611861527E-1,1.216486454E0
1.174969899E2,-4.864731729E-1,-2.549144030E-1,1.209960580E0
1.175069669E2,-4.940414429E-1,-2.515014708E-1,1.209753633E0
1.175169439E2,-5.025630593E-1,-2.307426631E-1,1.212599754E0
1.175269209E2,-5.182253718E-1,-2.151232213E-1,1.204765558E0
1.175368969E2,-5.313020349E-1,-2.049110681E-1,1.198003173E0
1.175468739E2,-5.412461162E-1,-2.033339888E-1,1.204152226E0
1.175568509E2,-5.403670073E-1,-1.782222390E-1,1.210210204E0
1.175668279E2,-5.450202227E-1,-1.542843431E-1,1.203027964E0
1.175768049E2,-5.661215186E-1,-1.468906105E-1,1.195138812E0
1.175867819E2,-5.730417967E-1,-1.297245026E-1,1.203464150E0
1.175967589E2,-5.749959946E-1,-1.186622530E-1,1.208446145E0
1.176067359E2,-5.816708207E-1,-9.926078469E-2,1.207404137E0
1.176167129E2,-5.925070047E-1,-9.150672704E-2,1.201751828E0
1.176266889E2,-6.034615040E-1,-7.525625080E-2,1.206112385E0
1.176366659E2,-5.989351869E-1,-4.995115846E-2,1.211363673E0
1.176466429E2,-6.053565145E-1,-3.974092007E-2,1.200963497E0
1.176566199E2,-6.152656078E-1,-4.748672619E-2,1.192117333E0
1.176665969E2,-6.088041067E-1,-3.206097335E-2,1.197590590E0
1.176765739E2,-6.100755334E-1,-1.281058043E-2,1.193082929E0
1.176865509E2,-6.203771234E-1,1.621124521E-2,1.189784527E0
1.176965279E2,-6.388719678E-1,2.267180756E-2,1.187866449E0
1.177065049E2,-6.474558115E-1,4.329557717E-2,1.192941785E0
1.177164809E2,-6.415441036E-1,5.997149274E-2,1.182690978E0
1.177264568E2,-6.433050036E-1,6.360782683E-2,1.171322227E0
1.177364338E2,-6.383507252E-1,6.898315251E-2,1.170921683E0
1.177464108E2,-6.243711114E-1,8.876059949E-2,1.179578781E0
1.177563878E2,-6.136417985E-1,1.185091734E-1,1.179620385E0
1.177663648E2,-6.187060475E-1,1.324891448E-1,1.169570565E0
1.177763418E2,-6.332328320E-1,1.228927076E-1,1.164649248E0
1.177863188E2,-6.321287751E-1,1.320038736E-1,1.173341393E0
1.177962958E2,-6.260564923E-1,1.453806758E-1,1.171886206E0
1.178062718E2,-6.314540505E-1,1.568490565E-1,1.163587213E0
1.178162488E2,-6.480561495E-1,1.577271074E-1,1.159897447E0
1.178262258E2,-6.531853676E-1,1.583679169E-1,1.163697004E0
1.178362028E2,-6.611783504E-1,1.645624340E-1,1.163040280E0
1.178461798E2,-6.738022566E-1,1.522200406E-1,1.153216243E0
1.178561568E2,-6.811541915E-1,1.436529160E-1,1.150194645E0
1.178661338E2,-6.748632789E-1,1.521500498E-1,1.157277822E0
1.178761108E2,-6.711004972E-1,1.817321777E-1,1.164369822E0
1.178860878E2,-6.814583540E-1,2.056322694E-1,1.166901946E0
1.178960638E2,-6.846174002E-1,2.106970698E-1,1.174974561E0
1.179060408E2,-6.775403023E-1,2.154053748E-1,1.183381677E0
1.179160178E2,-6.782314181E-1,2.302333117E-1,1.190177083E0
1.179259948E2,-6.933355927E-1,2.399745882E-1,1.196135998E0
1.179359718E2,-7.063832283E-1,2.457326055E-1,1.200684667E0
1.179459488E2,-6.988177896E-1,2.550535202E-1,1.205980301E0
1.179559258E2,-6.942301989E-1,2.598716915E-1,1.200163960E0
1.179659028E2,-7.076449990E-1,2.527197897E-1,1.190422535E0
1.179758798E2,-7.131074071E-1,2.397283614E-1,1.189071536E0
1.179858558E2,-7.164109945E-1,2.483135909E-1,1.189304471E0
1.179958328E2,-7.123467326E-1,2.739198804E-1,1.194126725E0
1.180058098E2,-7.084780931E-1,2.807462513E-1,1.183687568E0
1.180157868E2,-7.067595124E-1,2.766984999E-1,1.179043055E0
1.180257638E2,-6.995706558E-1,2.808326781E-1,1.184150457E0
1.180357408E2,-6.973314881E-1,2.806787491E-1,1.184141397E0
1.180457178E2,-6.917946935E-1,2.986758947E-1,1.196982145E0
1.180556948E2,-6.835487485E-1,3.127126098E-1,1.203455567E0
1.180656718E2,-6.837721467E-1,3.246959746E-1,1.201764703E0
1.180756488E2,-6.916776896E-1,3.196298182E-1,1.179357409E0
1.180856248E2,-7.004248500E-1,3.041012585E-1,1.150114179E0
1.180956018E2,-6.948013306E-1,3.255386353E-1,1.152692676E0
1.181055788E2,-6.708499789E-1,3.547495902E-1,1.169727325E0
1.181155558E2,-6.588180661E-1,3.835514188E-1,1.175678611E0
1.181255328E2,-6.539912224E-1,3.891181350E-1,1.181230068E0
1.181355098E2,-6.534034610E-1,3.767432272E-1,1.184443951E0
1.181454868E2,-6.446543336E-1,3.742431402E-1,1.192777514E0
1.181554638E2,-6.417903900E-1,3.872678578E-1,1.193480253E0
1.181654408E2,-6.497257948E-1,3.829973042E-1,1.189937353E0
1.181754168E2,-6.481981874E-1,3.824740052E-1,1.202318907E0
1.181853938E2,-6.425255537E-1,3.798478842E-1,1.200684190E0
1.181953708E2,-6.546509266E-1,3.718882203E-1,1.185192108E0
1.182053478E2,-6.703139544E-1,3.741882145E-1,1.177595377E0
1.182153248E2,-6.611428261E-1,3.699684441E-1,1.187578797E0
1.182253018E2,-6.380255818E-1,3.613087237E-1,1.193658829E0
1.182352788E2,-6.271396279E-1,3.394106328E-1,1.189868331E0
1.182452558E2,-6.325005293E-1,3.429852426E-1,1.201015592E0
1.182552328E2,-6.203415990E-1,3.522623479E-1,1.224342465E0
1.182652088E2,-6.063456535E-1,3.520737886E-1,1.229465723E0
1.182751858E2,-6.096295714E-1,3.395704925E-1,1.217826128E0
1.182851628E2,-6.189125776E-1,3.239316344E-1,1.216755867E0
1.182951398E2,-6.135723591E-1,3.267178237E-1,1.224891305E0
1.183051168E2,-6.186262965E-1,3.442358673E-1,1.220488429E0
1.183150938E2,-6.206324697E-1,3.406941295E-1,1.207407832E0
1.183250708E2,-6.076817513E-1,3.398507833E-1,1.212324381E0
1.183350478E2,-5.824738741E-1,3.320384026E-1,1.219642520E0
1.183450248E2,-5.685985088E-1,3.211694062E-1,1.208022118E0
1.183550018E2,-5.741522908E-1,3.530719578E-1,1.207739830E0
1.183649778E2,-5.676966906E-1,3.713809550E-1,1.222291470E0
1.183749548E2,-5.444324017E-1,3.757128417E-1,1.238201618E0
1.183849318E2,-5.341652632E-1,3.619975150E-1,1.231978416E0
1.183949088E2,-5.348174572E-1,3.346082270E-1,1.223627448E0
1.184048858E2,-5.158699751E-1,3.277166486E-1,1.232410073E0
1.184148628E2,-4.968419671E-1,3.227655590E-1,1.242622495E0
1.184248398E2,-4.917210639E-1,2.973532677E-1,1.248637080E0
1.184348168E2,-4.856133461E-1,2.944336534E-1,1.258733153E0
1.184447938E2,-4.861238599E-1,2.920739055E-1,1.268846989E0
1.184547708E2,-4.938438237E-1,2.951498628E-1,1.267141819E0
1.184647468E2,-5.050325990E-1,2.976039052E-1,1.255447626E0
1.184747238E2,-5.081008077E-1,3.000524342E-1,1.253213406E0
1.184847008E2,-4.907635450E-1,3.262378871E-1,1.263714671E0
1.184946778E2,-4.834457040E-1,3.167559803E-1,1.264871716E0
1.185046548E2,-4.862018228E-1,3.203977942E-1,1.262382984E0
1.185146318E2,-4.874372482E-1,3.476760387E-1,1.273786187E0
1.185246088E2,-4.753992260E-1,3.594361544E-1,1.283425212E0
1.185345858E2,-4.546888769E-1,3.496605158E-1,1.284268141E0
1.185445628E2,-4.365061224E-1,3.272640407E-1,1.278331637E0
1.185545388E2,-4.192781448E-1,3.345576525E-1,1.278080583E0
1.185645158E2,-4.056250751E-1,3.337660730E-1,1.280456185E0
1.185744928E2,-3.957929611E-1,3.189027011E-1,1.283273458E0
1.185844698E2,-3.828365505E-1,3.305474818E-1,1.288824797E0
1.185944468E2,-3.667787611E-1,3.187094629E-1,1.291956425E0
1.186044238E2,-3.531962037E-1,2.955247462E-1,1.292713761E0
1.186144008E2,-3.498121202E-1,2.876564264E-1,1.284150362E0
1.186243778E2,-3.542124033E-1,2.781025171E-1,1.275335193E0
1.186343548E2,-3.419786394E-1,2.774814665E-1,1.273737073E0
1.186443318E2,-3.192273080E-1,2.780188322E-1,1.273043871E0
1.186543078E2,-3.024944067E-1,2.561612129E-1,1.273422837E0
1.186642848E2,-2.873763740E-1,2.570338845E-1,1.280148864E0
1.186742618E2,-2.773548961E-1,2.477857769E-1,1.288687468E0
1.186842388E2,-2.602023780E-1,2.310789376E-1,1.304388046E0
1.186942158E2,-2.456979901E-1,2.151284665E-1,1.303997636E0
1.187041928E2,-2.432589382E-1,1.833905280E-1,1.294860005E0
1.187141698E2,-2.378817499E-1,1.756460518E-1,1.290992856E0
1.187241472E2,-2.311605364E-1,1.681397110E-1,1.292101502E0
1.187341243E2,-2.275330424E-1,1.564188749E-1,1.303018332E0
1.187441013E2,-2.117986083E-1,1.390944123E-1,1.312413692E0
1.187540772E2,-1.995262355E-1,1.200996861E-1,1.318051338E0
1.187640542E2,-1.838440448E-1,1.106338874E-1,1.326424599E0
1.187740313E2,-1.760087609E-1,1.041360423E-1,1.326261044E0
1.187840083E2,-1.653040349E-1,9.608833492E-2,1.326730490E0
1.187939852E2,-1.504550576E-1,9.876774251E-2,1.324559808E0
1.188039623E2,-1.357109845E-1,8.727895468E-2,1.325328112E0
1.188139393E2,-1.221805215E-1,9.394804388E-2,1.328888774E0
1.188239162E2,-1.067989022E-1,9.237464517E-2,1.326832533E0
1.188338932E2,-9.769888222E-2,9.395869076E-2,1.331517100E0
1.188438703E2,-7.794311643E-2,9.559847414E-2,1.339851618E0
1.188538463E2,-6.628433615E-2,7.937583327E-2,1.336788893E0
1.188638232E2,-6.806164980E-2,1.175252348E-1,1.330729246E0
1.188738003E2,-6.549516320E-2,1.539162695E-1,1.332150817E0
1.188837773E2,-4.398493469E-2,1.534952670E-1,1.332551122E0
1.188937542E2,-1.935682073E-2,1.474171430E-1,1.336481690E0
1.189037312E2,-2.804868296E-2,1.311458796E-1,1.323414326E0
1.189137083E2,-2.780234069E-2,1.404951811E-1,1.322895050E0
1.189236853E2,-8.754893206E-3,1.588700563E-1,1.329894423E0
1.189336622E2,1.255279221E-2,1.352059990E-1,1.328626752E0
1.189436382E2,2.577919886E-2,1.404599249E-1,1.324124455E0
1.189536153E2,3.337879851E-2,1.297004819E-1,1.319381714E0
1.189635923E2,5.131016672E-2,1.316005737E-1,1.327528119E0
1.189735692E2,7.578461617E-2,1.549682021E-1,1.331847548E0
1.189835463E2,8.420513570E-2,1.474064738E-1,1.333202362E0
1.189935233E2,9.085638076E-2,1.446080208E-1,1.332174063E0
1.190035002E2,9.011724591E-2,1.312900186E-1,1.326491833E0
1.190134773E2,8.098047227E-2,1.161400899E-1,1.323672295E0
1.190234543E2,8.516313136E-2,1.207783893E-1,1.323882699E0
1.190334313E2,8.327335119E-2,1.172449142E-1,1.334579587E0
1.190434072E2,9.456790984E-2,1.187865958E-1,1.351825476E0
1.190533843E2,9.769925475E-2,1.210934296E-1,1.354088902E0
1.190633613E2,1.074532270E-1,1.074279398E-1,1.350449681E0
1.190733382E2,1.165681630E-1,1.402489990E-1,1.353999138E0
1.190833152E2,1.271888763E-1,1.461184174E-1,1.355864048E0
1.190932923E2,1.394418180E-1,1.536101550E-1,1.360107064E0
1.191032693E2,1.397326589E-1,1.764578670E-1,1.359108090E0
1.191132462E2,1.314070970E-1,1.792579144E-1,1.356605172E0
1.191232233E2,1.380114406E-1,2.157080919E-1,1.354896545E0
1.191332003E2,1.445401758E-1,2.343230546E-1,1.354096770E0
1.191431762E2,1.627448350E-1,2.358586192E-1,1.359508991E0
1.191531532E2,1.796026528E-1,2.210242748E-1,1.354327798E0
1.191631303E2,1.925764382E-1,1.760669202E-1,1.346503377E0
1.191731073E2,1.934179962E-1,1.922490895E-1,1.346549630E0
1.191830842E2,1.882420778E-1,2.055622935E-1,1.343619704E0
1.191930613E2,1.982393116E-1,1.880514771E-1,1.344031692E0
1.192030383E2,2.147601843E-1,1.841730177E-1,1.343478322E0
1.192130152E2,2.024928629E-1,1.607302725E-1,1.336936831E0
1.192229922E2,1.749595255E-1,1.848184764E-1,1.345962048E0
1.192329693E2,1.707927436E-1,1.889644861E-1,1.352223873E0
1.192429453E2,1.947973371E-1,1.540622711E-1,1.347446918E0
1.192529222E2,2.153659910E-1,1.382199228E-1,1.345850110E0
1.192628993E2,2.103800923E-1,1.145353019E-1,1.343197346E0
1.192728763E2,2.034066021E-1,1.312109679E-1,1.352639079E0
1.192828532E2,2.004936486E-1,1.673015356E-1,1.361560941E0
1.192928302E2,2.082956433E-1,1.243591309E-1,1.365858793E0
1.193028073E2,2.245954871E-1,1.154740974E-1,1.366533995E0
1.193127843E2,2.086311728E-1,1.232760996E-1,1.361702204E0
1.193227612E2,2.084569633E-1,1.337875426E-1,1.361352921E0
1.193327383E2,2.141702324E-1,1.785944402E-1,1.364843726E0
1.193427143E2,2.241930366E-1,1.587785184E-1,1.360493898E0
1.193526912E2,2.367125601E-1,1.544633955E-1,1.353525639E0
1.193626682E2,2.346487939E-1,1.487331688E-1,1.346424937E0
1.193726453E2,2.330154777E-1,1.456108838E-1,1.348698497E0
1.193826223E2,2.397067547E-1,1.696745753E-1,1.343937635E0
1.193925992E2,2.382875532E-1,1.698897481E-1,1.344184160E0
1.194025763E2,2.421605140E-1,1.749314517E-1,1.352686048E0
1.194125533E2,2.440702766E-1,1.539587826E-1,1.350486755E0
1.194225302E2,2.431424558E-1,1.377476156E-1,1.343210936E0
1.194325072E2,2.391674221E-1,1.529223025E-1,1.338468194E0
1.194424833E2,2.389655113E-1,1.541331261E-1,1.338665962E0
1.194524603E2,2.413522303E-1,1.574868411E-1,1.341408968E0
1.194624372E2,2.328544855E-1,1.557405591E-1,1.335459709E0
1.194724143E2,2.269004583E-1,1.263962537E-1,1.339033604E0
1.194823913E2,2.343608588E-1,1.270460486E-1,1.337729335E0
1.194923682E2,2.404994518E-1,1.107688099E-1,1.332260013E0
1.195023452E2,2.463551611E-1,9.607238322E-2,1.326063991E0
1.195123223E2,2.469397336E-1,8.033017069E-2,1.323535562E0
1.195222993E2,2.401084453E-1,6.465300173E-2,1.324810147E0
1.195322762E2,2.457716614E-1,5.133293942E-2,1.325423241E0
1.195422523E2,2.479862422E-1,2.861184254E-2,1.320165277E0
1.195522293E2,2.445020229E-1,2.356222272E-2,1.327882528E0
1.195622062E2,2.375225872E-1,1.264839247E-2,1.320232511E0
1.195721832E2,2.327949405E-1,-1.107664406E-2,1.316102743E0
1.195821603E2,2.339737415E-1,-1.480603218E-2,1.317524433E0
1.195921373E2,2.310000509E-1,-2.066578530E-2,1.313338757E0
1.196021142E2,2.269344926E-1,-2.790709585E-2,1.306074142E0
1.196120913E2,2.269219756E-1,-3.539830074E-2,1.301545501E0
1.196220683E2,2.200699300E-1,-4.562868923E-2,1.304417372E0
1.196320452E2,2.066129744E-1,-3.935960680E-2,1.314551353E0
1.196420212E2,2.136876434E-1,-5.800623447E-2,1.316489339E0
1.196519983E2,2.278218269E-1,-8.063298464E-2,1.314904451E0
1.196619753E2,2.220775336E-1,-1.006295457E-1,1.308178425E0
1.196719522E2,2.061693966E-1,-1.134183109E-1,1.304913163E0
1.196819293E2,1.977464855E-1,-1.176202893E-1,1.313489556E0
1.196919063E2,1.958444566E-1,-1.234092116E-1,1.313314319E0
1.197018832E2,1.933037490E-1,-1.336284727E-1,1.313513398E0
1.197118602E2,1.908339411E-1,-1.551308483E-1,1.301131248E0
1.197218371E2,1.919008642E-1,-1.698929965E-1,1.299159527E0
1.197318141E2,1.991800815E-1,-1.759103984E-1,1.302406669E0
1.197417911E2,1.932445168E-1,-1.955216229E-1,1.296778202E0
1.197517671E2,1.918127984E-1,-2.041553259E-1,1.297183275E0
1.197617441E2,1.855067611E-1,-2.099540234E-1,1.294424176E0
1.197717211E2,1.901763529E-1,-2.313210964E-1,1.291826844E0
1.197816981E2,1.985727996E-1,-2.215764076E-1,1.294520736E0
1.197916751E2,1.762363315E-1,-2.270598561E-1,1.297710180E0
1.198016521E2,1.675852537E-1,-2.414497882E-1,1.299187541E0
1.198116291E2,1.470770538E-1,-2.592703104E-1,1.285584927E0
1.198216061E2,1.451213658E-1,-2.973235846E-1,1.274910927E0
1.198315831E2,1.478114277E-1,-2.982250750E-1,1.276415110E0
1.198415601E2,1.422304511E-1,-2.995029092E-1,1.282598376E0
1.198515361E2,1.529749781E-1,-3.246117234E-1,1.278852820E0
1.198615131E2,1.442712396E-1,-3.343173563E-1,1.272286773E0
1.198714901E2,1.317016482E-1,-3.635215759E-1,1.263721347E0
1.198814671E2,1.298964322E-1,-3.584958911E-1,1.269090891E0
1.198914441E2,1.252385676E-1,-3.605569303E-1,1.265378475E0
1.199014211E2,1.346355677E-1,-3.833611012E-1,1.256703496E0
1.199113981E2,1.305603981E-1,-3.857907057E-1,1.254926920E0
1.199213751E2,1.292072386E-1,-4.136563838E-1,1.249366522E0
1.199313521E2,1.244609579E-1,-4.096560478E-1,1.259609580E0
1.199413291E2,1.225523278E-1,-4.045667350E-1,1.259115100E0
1.199513061E2,1.162749901E-1,-4.212900400E-1,1.255572796E0
1.199612821E2,1.231404021E-1,-4.329501092E-1,1.254050732E0
1.199712591E2,1.130835116E-1,-4.464315474E-1,1.242102981E0
1.199812361E2,1.037800759E-1,-4.424833655E-1,1.240253925E0
1.199912131E2,1.015544683E-1,-4.440429211E-1,1.239608288E0
1.200011901E2,1.082592681E-1,-4.561882317E-1,1.238486052E0
1.200111671E2,9.482841939E-2,-4.522872269E-1,1.231741548E0
1.200211441E2,7.954417169E-2,-4.731998742E-1,1.220245242E0
1.200311211E2,8.057241887E-2,-4.927450716E-1,1.216970801E0
1.200410981E2,8.183448017E-2,-4.831738472E-1,1.219777822E0
1.200510751E2,7.683013380E-2,-4.855568409E-1,1.224691629E0
1.200610511E2,7.422420382E-2,-4.901383221E-1,1.221581817E0
1.200710281E2,6.750717759E-2,-4.991627038E-1,1.216828942E0
1.200810051E2,6.831564754E-2,-5.045195818E-1,1.224017501E0
1.200909821E2,5.439078063E-2,-4.976957440E-1,1.220852375E0
1.201009591E2,3.808271140E-2,-5.170308948E-1,1.221320271E0
1.201109361E2,3.431540355E-2,-5.398725271E-1,1.221889496E0
1.201209131E2,2.719624341E-2,-5.402510166E-1,1.214348674E0
1.201308901E2,9.503797628E-3,-5.523313284E-1,1.207690239E0
1.201408671E2,1.202835049E-2,-5.576560497E-1,1.208022714E0
1.201508441E2,1.117241103E-2,-5.721942186E-1,1.207692146E0
1.201608201E2,7.936696638E-4,-5.785156488E-1,1.206164837E0
1.201707971E2,-1.437489688E-2,-5.863221288E-1,1.201134086E0
1.201807741E2,-1.792705432E-2,-5.887866020E-1,1.202228546E0
1.201907511E2,-1.112294290E-2,-5.852733850E-1,1.204000235E0
1.202007281E2,-3.881275654E-3,-5.943286419E-1,1.205210924E0
1.202107051E2,-1.012079511E-2,-5.795502663E-1,1.212787390E0
1.202206821E2,-2.633776329E-2,-5.791590214E-1,1.202663541E0
1.202306591E2,-4.119394347E-2,-5.803949833E-1,1.200656533E0
1.202406361E2,-3.758670762E-2,-5.818421841E-1,1.198081255E0
1.202506131E2,-4.846811667E-2,-5.914458036E-1,1.191312313E0
1.202605901E2,-6.693171710E-2,-5.834860206E-1,1.187928319E0
1.202705661E2,-7.068384439E-2,-5.820087790E-1,1.184604168E0
1.202805431E2,-7.562206686E-2,-5.825436711E-1,1.187615037E0
1.202905201E2,-6.649328023E-2,-5.880777240E-1,1.186217904E0
1.203004971E2,-6.971067935E-2,-5.971657634E-1,1.177886724E0
1.203104741E2,-7.864372432E-2,-6.050795913E-1,1.178406000E0
1.203204511E2,-8.687186986E-2,-6.012068987E-1,1.176159620E0
1.203304281E2,-1.129508689E-1,-5.925191641E-1,1.177001953E0
1.203404051E2,-1.173513308E-1,-5.807030201E-1,1.182362556E0
1.203503821E2,-1.162557080E-1,-6.119994521E-1,1.174617052E0
1.203603591E2,-1.249448657E-1,-6.248593330E-1,1.173854351E0
1.203703351E2,-1.389783919E-1,-6.160333157E-1,1.169543028E0
1.203803121E2,-1.504134238E-1,-6.255369782E-1,1.169610500E0
1.203902891E2,-1.469023079E-1,-6.218200326E-1,1.177906752E0
1.204002661E2,-1.518909484E-1,-6.140522361E-1,1.182985187E0
1.204102431E2,-1.644648015E-1,-6.114175916E-1,1.187896371E0
1.204202201E2,-1.713309735E-1,-6.192141771E-1,1.185649157E0
1.204301971E2,-1.775270849E-1,-6.362336278E-1,1.183609247E0
1.204401741E2,-1.905550659E-1,-6.383979917E-1,1.179774284E0
1.204501511E2,-2.056163102E-1,-6.337324381E-1,1.173528671E0
1.204601281E2,-2.162460685E-1,-6.239939332E-1,1.177912593E0
1.204701051E2,-2.190719545E-1,-6.134161353E-1,1.179160357E0
1.204800811E2,-2.248642147E-1,-6.251444221E-1,1.171031594E0
1.204900581E2,-2.315948308E-1,-6.213313341E-1,1.169195056E0
1.205000351E2,-2.321788073E-1,-6.005040407E-1,1.175928473E0
1.205100121E2,-2.431531549E-1,-6.023975611E-1,1.175219893E0
1.205199891E2,-2.399659455E-1,-6.091592312E-1,1.170244098E0
1.205299661E2,-2.472459674E-1,-6.043239832E-1,1.163973093E0
1.205399431E2,-2.549269497E-1,-5.755175352E-1,1.168125629E0
1.205499201E2,-2.599627376E-1,-5.604317784E-1,1.167653084E0
1.205598971E2,-2.616269886E-1,-5.587826371E-1,1.161633253E0
1.205698741E2,-2.716948092E-1,-5.472425818E-1,1.153162837E0
1.205798501E2,-2.814172208E-1,-5.379297733E-1,1.143264651E0
1.205898271E2,-2.848580182E-1,-5.136984587E-1,1.151107073E0
1.205998041E2,-2.820085585E-1,-5.025203228E-1,1.152617335E0
1.206097811E2,-2.814168036E-1,-5.207081437E-1,1.146464348E0
1.206197581E2,-2.727387547E-1,-5.387499928E-1,1.141220331E0
1.206297351E2,-2.791484594E-1,-5.422406197E-1,1.138264060E0
1.206397121E2,-3.062603474E-1,-5.332212448E-1,1.141595483E0
1.206496891E2,-3.197990358E-1,-5.283130407E-1,1.141210198E0
1.206596661E2,-3.270127177E-1,-5.296844244E-1,1.145077586E0
1.206696431E2,-3.298953474E-1,-5.057836175E-1,1.148982525E0
1.206796201E2,-3.464719355E-1,-4.953391850E-1,1.144135118E0
1.206895961E2,-3.632663488E-1,-4.805594385E-1,1.144450426E0
1.206995731E2,-3.631846011E-1,-4.624930024E-1,1.149914742E0
1.207095501E2,-3.624234796E-1,-4.728931785E-1,1.149946451E0
1.207195271E2,-3.672925830E-1,-4.723692536E-1,1.153445601E0
1.207295044E2,-3.797612488E-1,-4.767323136E-1,1.144837260E0
1.207394814E2,-3.911198378E-1,-4.713308513E-1,1.145021439E0
1.207494584E2,-3.891547024E-1,-4.527273178E-1,1.148125052E0
1.207594354E2,-3.958473802E-1,-4.510368407E-1,1.140761256E0
1.207694124E2,-4.060792625E-1,-4.365138412E-1,1.139316797E0
1.207793894E2,-4.178754985E-1,-4.208720922E-1,1.129441261E0
1.207893664E2,-4.302772880E-1,-4.201567769E-1,1.128677726E0
1.207993424E2,-4.300310910E-1,-4.033932090E-1,1.131445885E0
1.208093194E2,-4.264132082E-1,-4.085120559E-1,1.131193161E0
1.208192964E2,-4.249298573E-1,-4.020821154E-1,1.139248371E0
1.208292734E2,-4.345648885E-1,-3.928414583E-1,1.137898922E0
1.208392504E2,-4.557357728E-1,-3.878991306E-1,1.135012031E0
1.208492274E2,-4.629170001E-1,-3.807048798E-1,1.136503100E0
1.208592044E2,-4.664460421E-1,-3.806322217E-1,1.131965041E0
1.208691814E2,-4.675808251E-1,-3.839345276E-1,1.135991931E0
1.208791584E2,-4.693945348E-1,-3.729587793E-1,1.135131478E0
1.208891354E2,-4.936298132E-1,-3.643237352E-1,1.132060051E0
1.208991124E2,-5.036336780E-1,-3.428199291E-1,1.134739757E0
1.209090884E2,-5.055758953E-1,-3.388768435E-1,1.133409858E0
1.209190654E2,-5.051899552E-1,-3.414437175E-1,1.131857038E0
1.209290424E2,-4.971181452E-1,-3.276925087E-1,1.129050612E0
1.209390194E2,-5.125865340E-1,-3.303058743E-1,1.126854539E0
1.209489964E2,-5.115223527E-1,-3.119609654E-1,1.135015249E0
1.209589734E2,-5.065420866E-1,-2.981872857E-1,1.129397988E0
1.209689504E2,-5.120766759E-1,-2.997633517E-1,1.125325799E0
1.209789274E2,-5.114892125E-1,-2.938988507E-1,1.128474116E0
1.209889044E2,-5.236808658E-1,-2.847762108E-1,1.126067638E0
1.209988814E2,-5.365929604E-1,-2.658458054E-1,1.129063725E0
1.210088584E2,-5.414846539E-1,-2.465714514E-1,1.122895598E0
1.210188344E2,-5.482099056E-1,-2.449799329E-1,1.124090672E0
1.210288114E2,-5.457320809E-1,-2.207947075E-1,1.126948714E0
1.210387884E2,-5.545532107E-1,-2.100315094E-1,1.116934061E0
1.210487654E2,-5.672482252E-1,-2.059110552E-1,1.115503073E0
1.210587424E2,-5.662875175E-1,-1.920591742E-1,1.116556764E0
1.210687194E2,-5.641181469E-1,-1.787300557E-1,1.120072961E0
1.210786964E2,-5.590188503E-1,-1.613741070E-1,1.115367413E0
1.210886734E2,-5.649704933E-1,-1.687803566E-1,1.104865789E0
1.210986504E2,-5.729802251E-1,-1.615714580E-1,1.105693698E0
1.211086274E2,-5.744029284E-1,-1.490335613E-1,1.105436087E0
1.211186044E2,-5.727218390E-1,-1.442533731E-1,1.108121634E0
1.211285814E2,-5.663928390E-1,-1.363965124E-1,1.108116388E0
1.211385574E2,-5.689931512E-1,-1.329084039E-1,1.106128931E0
1.211485344E2,-5.768350959E-1,-1.172641963E-1,1.108311892E0
1.211585114E2,-5.865659118E-1,-1.081931591E-1,1.104094744E0
1.211684884E2,-5.931507945E-1,-1.065843478E-1,1.107286453E0
1.211784654E2,-5.835709572E-1,-8.409557492E-2,1.111839533E0
1.211884424E2,-5.859915018E-1,-8.793185651E-2,1.103051305E0
1.211984194E2,-5.912230611E-1,-8.417441696E-2,1.107772470E0
1.212083964E2,-5.889028907E-1,-6.687931716E-2,1.109403372E0
1.212183734E2,-5.913633108E-1,-5.562649667E-2,1.110863686E0
1.212283504E2,-5.873991847E-1,-4.464095831E-2,1.111568689E0
1.212383274E2,-5.902944207E-1,-5.269105360E-2,1.105172396E0
1.212483034E2,-5.874373317E-1,-5.007769167E-2,1.110355973E0
1.212582804E2,-5.874625444E-1,-3.770984709E-2,1.112157464E0
1.212682574E2,-5.904870629E-1,-3.165062144E-2,1.117726922E0
1.212782344E2,-5.878685713E-1,-2.245680988E-2,1.118676543E0
1.212882114E2,-5.973595381E-1,-2.491650730E-2,1.111870527E0
1.212981884E2,-6.050511599E-1,-7.459891029E-3,1.112438083E0
1.213081654E2,-6.105250120E-1,-2.162064426E-3,1.110197306E0
1.213181424E2,-6.030333042E-1,1.587768458E-2,1.118339539E0
1.213281194E2,-5.944635272E-1,3.711905330E-2,1.121067643E0
1.213380964E2,-6.021108627E-1,3.338922560E-2,1.117185593E0
1.213480734E2,-6.037806869E-1,5.027633160E-2,1.121564627E0
1.213580504E2,-6.088500619E-1,5.900173262E-2,1.117282391E0
1.213680264E2,-6.047024131E-1,5.911358818E-2,1.122520804E0
1.213780034E2,-5.961116552E-1,8.818209916E-2,1.131360292E0
1.213879804E2,-5.911169052E-1,9.631725401E-2,1.130152583E0
1.213979574E2,-5.913370848E-1,1.023970544E-1,1.129722357E0
1.214079344E2,-5.956751108E-1,1.086679995E-1,1.124237537E0
1.214179114E2,-6.029777527E-1,1.067597643E-1,1.126116633E0
1.214278884E2,-6.023417711E-1,1.270253509E-1,1.138522625E0
1.214378654E2,-5.961959958E-1,1.312949359E-1,1.138575435E0
1.214478424E2,-5.938271284E-1,1.477519274E-1,1.141266465E0
1.214578194E2,-6.020863652E-1,1.628145427E-1,1.137789369E0
1.214677964E2,-6.112021208E-1,1.445111781E-1,1.127540946E0
1.214777734E2,-6.034391522E-1,1.547755301E-1,1.135324001E0
1.214877494E2,-6.016692519E-1,1.600456536E-1,1.131198525E0
1.214977264E2,-5.992354751E-1,1.704941988E-1,1.133988261E0
1.215077034E2,-5.864706635E-1,1.755195856E-1,1.135649562E0
1.215176804E2,-5.787287951E-1,1.594629437E-1,1.121531725E0
1.215276574E2,-5.801983476E-1,1.808739603E-1,1.125355005E0
1.215376344E2,-5.765832067E-1,1.852945685E-1,1.123333097E0
1.215476114E2,-5.641009808E-1,1.908216774E-1,1.131115437E0
1.215575884E2,-5.509535670E-1,2.044987082E-1,1.134385705E0
1.215675654E2,-5.583976507E-1,1.958306581E-1,1.130182505E0
1.215775424E2,-5.623254776E-1,2.150068283E-1,1.145018220E0
1.215875194E2,-5.614040494E-1,2.126813531E-1,1.145538807E0
1.215974964E2,-5.647943616E-1,2.072408646E-1,1.142175555E0
1.216074724E2,-5.691305399E-1,2.137602866E-1,1.141706586E0
1.216174494E2,-5.743154287E-1,2.022891045E-1,1.140265346E0
1.216274264E2,-5.604925752E-1,2.137737125E-1,1.147951245E0
1.216374034E2,-5.559228063E-1,2.051473558E-1,1.139662385E0
1.216473804E2,-5.543363690E-1,2.136503011E-1,1.145628095E0
1.216573574E2,-5.464699864E-1,2.303914726E-1,1.149019837E0
1.216673344E2,-5.392152667E-1,2.159411609E-1,1.146438718E0
1.216773114E2,-5.319536328E-1,2.227995992E-1,1.146494627E0
1.216872884E2,-5.299080610E-1,2.297576368E-1,1.144354463E0
1.216972654E2,-5.254948139E-1,2.386065274E-1,1.152116656E0
1.217072424E2,-5.146573782E-1,2.422798276E-1,1.155790567E0
1.217172194E2,-5.134252906E-1,2.272201926E-1,1.156668782E0
1.217271951E2,-5.151499510E-1,2.434463054E-1,1.167930484E0
1.217371721E2,-5.121759772E-1,2.445761412E-1,1.166642904E0
1.217471491E2,-5.101251006E-1,2.388330400E-1,1.170457959E0
1.217571261E2,-5.039029121E-1,2.468423247E-1,1.171364188E0
1.217671031E2,-5.031324625E-1,2.371532023E-1,1.165951252E0
1.217770801E2,-4.987864792E-1,2.360435426E-1,1.168834567E0
1.217870571E2,-4.853159487E-1,2.197985351E-1,1.166189790E0
1.217970341E2,-4.723471701E-1,2.109676898E-1,1.169870853E0
1.218070111E2,-4.624314308E-1,2.492703348E-1,1.178639531E0
1.218169881E2,-4.587099254E-1,2.438375652E-1,1.177948236E0
1.218269651E2,-4.441152811E-1,2.385144383E-1,1.179412127E0
1.218369421E2,-4.365001321E-1,2.296743542E-1,1.174443722E0
1.218469181E2,-4.397441149E-1,2.247048914E-1,1.174800396E0
1.218568951E2,-4.341744781E-1,2.399191856E-1,1.182791114E0
1.218668721E2,-4.366738498E-1,2.329518199E-1,1.182990670E0
1.218768491E2,-4.386616051E-1,2.441015989E-1,1.189256549E0
1.218868261E2,-4.428571463E-1,2.596712410E-1,1.187321186E0
1.218968031E2,-4.345443547E-1,2.469368875E-1,1.188622117E0
1.219067801E2,-4.174452722E-1,2.388392687E-1,1.190980315E0
1.219167571E2,-4.094187319E-1,2.345693260E-1,1.190001249E0
1.219267341E2,-4.063811302E-1,2.628880441E-1,1.207189083E0
1.219367111E2,-3.965335190E-1,2.792940736E-1,1.213782668E0
1.219466881E2,-3.848725855E-1,2.671061158E-1,1.213101983E0
1.219566651E2,-3.775589764E-1,2.790879905E-1,1.207825541E0
1.219666421E2,-3.750364184E-1,2.760400176E-1,1.200294852E0
1.219766181E2,-3.677201867E-1,2.899512649E-1,1.204804420E0
1.219865951E2,-3.510461152E-1,2.938541174E-1,1.199348092E0
1.219965721E2,-3.468944728E-1,3.024391830E-1,1.192919493E0
1.220065491E2,-3.421937227E-1,3.218536377E-1,1.192781806E0
1.220165261E2,-3.312579393E-1,3.118524551E-1,1.192688227E0
1.220265031E2,-3.116011322E-1,3.016451001E-1,1.196477175E0
1.220364801E2,-2.950089574E-1,3.028646111E-1,1.199540019E0
1.220464571E2,-2.907111645E-1,3.060803711E-1,1.205758691E0
1.220564341E2,-2.806633115E-1,3.182494342E-1,1.212236524E0
1.220664111E2,-2.800262868E-1,2.991495132E-1,1.210764408E0
1.220763881E2,-2.816181183E-1,2.942939699E-1,1.209022284E0
1.220863651E2,-2.854136527E-1,3.054640591E-1,1.212203503E0
1.220963411E2,-2.860194147E-1,3.005969524E-1,1.220488071E0
1.221063181E2,-2.610815763E-1,3.068812191E-1,1.227937937E0
1.221162951E2,-2.565490007E-1,2.966921926E-1,1.223664403E0
1.221262721E2,-2.550280690E-1,2.937249243E-1,1.228315115E0
1.221362491E2,-2.508111298E-1,3.050282300E-1,1.228978515E0
1.221462261E2,-2.544055879E-1,2.925113738E-1,1.225528955E0
1.221562031E2,-2.362849861E-1,3.061074913E-1,1.232001901E0
1.221661801E2,-2.305394858E-1,3.052893579E-1,1.226749897E0
1.221761571E2,-2.232906818E-1,2.998556495E-1,1.232730627E0
1.221861341E2,-2.140756100E-1,3.179132044E-1,1.232702732E0
1.221961111E2,-2.206580490E-1,3.042212129E-1,1.232090473E0
1.222060881E2,-2.069235891E-1,3.186928332E-1,1.237414956E0
1.222160651E2,-1.954517961E-1,2.972173989E-1,1.230790973E0
1.222260411E2,-1.873659045E-1,2.660512328E-1,1.233590245E0
1.222360181E2,-1.800395399E-1,2.908881307E-1,1.238410234E0
1.222459951E2,-1.839109808E-1,2.976741195E-1,1.239721537E0
1.222559721E2,-1.701886058E-1,3.034580350E-1,1.251403213E0
1.222659491E2,-1.575713456E-1,2.951508164E-1,1.257103443E0
1.222759261E2,-1.582815945E-1,2.701518238E-1,1.254426837E0
1.222859031E2,-1.482103169E-1,2.614512742E-1,1.253504038E0
1.222958801E2,-1.542449445E-1,2.654549181E-1,1.258967042E0
1.223058571E2,-1.557919681E-1,2.815646529E-1,1.263392448E0
1.223158341E2,-1.436920315E-1,2.993505895E-1,1.260178089E0
1.223258111E2,-1.239995584E-1,2.693836391E-1,1.251379848E0
1.223357881E2,-1.106596366E-1,2.594985068E-1,1.253845811E0
1.223457651E2,-1.234036610E-1,2.688866556E-1,1.258265376E0
1.223557411E2,-1.166454405E-1,2.715885937E-1,1.259517670E0
1.223657181E2,-9.640621394E-2,2.607215643E-1,1.258010864E0
1.223756951E2,-9.393885732E-2,2.439343482E-1,1.260488629E0
1.223856721E2,-8.977606893E-2,2.539393008E-1,1.260042787E0
1.223956491E2,-9.005638212E-2,2.486164570E-1,1.259527206E0
1.224056261E2,-8.767312020E-2,2.597405016E-1,1.268973708E0
1.224156031E2,-7.810885459E-2,2.527889013E-1,1.274551153E0
1.224255801E2,-7.901779562E-2,2.480636537E-1,1.277847052E0
1.224355571E2,-7.244718820E-2,2.846808136E-1,1.283216834E0
1.224455341E2,-6.717465818E-2,2.621368766E-1,1.277134657E0
1.224555111E2,-5.702130497E-2,2.506267726E-1,1.278570056E0
1.224654881E2,-4.799452052E-2,2.443515360E-1,1.276299238E0
1.224754651E2,-4.911747202E-2,2.274691015E-1,1.274544001E0
1.224854411E2,-4.110934585E-2,2.599484921E-1,1.283652782E0
1.224954181E2,-3.721012175E-2,2.615522742E-1,1.283468008E0
1.225053951E2,-3.645138815E-2,2.682439983E-1,1.283836126E0
1.225153721E2,-3.551633283E-2,2.764466107E-1,1.273397565E0
1.225253491E2,-2.157521807E-2,2.457470298E-1,1.266093254E0
1.225353261E2,1.168150548E-2,2.454852760E-1,1.269438028E0
1.225453031E2,1.033873949E-2,2.553445697E-1,1.266663313E0
1.225552801E2,-2.752698958E-3,2.765996754E-1,1.266850233E0
1.225652571E2,4.530513659E-3,2.921805084E-1,1.264338255E0
1.225752341E2,1.590447873E-2,2.695751488E-1,1.261399269E0
1.225852111E2,2.891801484E-2,2.619108558E-1,1.264542580E0
1.225951881E2,2.838664316E-2,2.655754685E-1,1.264403224E0
1.226051651E2,2.846227773E-2,2.530522346E-1,1.267583847E0
1.226151421E2,3.096405230E-2,2.633541226E-1,1.276245475E0
1.226251181E2,2.453038655E-2,2.639376223E-1,1.272078156E0
1.226350951E2,2.284852974E-2,2.476003021E-1,1.267071486E0
1.226450721E2,2.446054108E-2,2.447946668E-1,1.268359661E0
1.226550491E2,1.869824529E-2,2.438448370E-1,1.276617169E0
1.226650261E2,1.619487256E-2,2.489908636E-1,1.279672623E0
1.226750031E2,2.247520722E-2,2.443859279E-1,1.275372028E0
1.226849801E2,2.778288722E-2,2.296405435E-1,1.272739410E0
1.226949571E2,4.102140665E-2,2.252665013E-1,1.274752378E0
1.227049341E2,5.159175768E-2,2.255197763E-1,1.277205586E0
1.227149111E2,5.390899256E-2,2.282336801E-1,1.278277755E0
1.227248889E2,5.649305880E-2,2.155913860E-1,1.275252461E0
1.227348659E2,5.153856426E-2,2.155783921E-1,1.276146889E0
1.227448429E2,4.462606087E-2,2.112584859E-1,1.272215843E0
1.227548189E2,4.537627846E-2,2.030417919E-1,1.269257307E0
1.227647959E2,5.412023515E-2,2.005059272E-1,1.263954401E0
1.227747729E2,6.301647425E-2,1.728891432E-1,1.260392189E0
1.227847499E2,6.632731855E-2,1.741362959E-1,1.267110825E0
1.227947269E2,5.670646578E-2,1.788248271E-1,1.262219310E0
1.228047039E2,5.928200856E-2,1.670866758E-1,1.262765527E0
1.228146809E2,6.259667873E-2,1.770787984E-1,1.265263319E0
1.228246579E2,6.162701920E-2,1.713953465E-1,1.261562586E0
1.228346349E2,6.178141758E-2,1.461970806E-1,1.258731604E0
1.228446119E2,5.867324024E-2,1.340735853E-1,1.258830667E0
1.228545889E2,5.804408714E-2,1.325763315E-1,1.266323328E0
1.228645659E2,5.759188160E-2,1.448063701E-1,1.269021392E0
1.228745429E2,5.739617348E-2,1.387873441E-1,1.266952991E0
1.228845189E2,6.617102027E-2,1.276678443E-1,1.268590569E0
1.228944959E2,7.016931474E-2,1.213643849E-1,1.266409516E0
1.229044729E2,5.790812522E-2,1.214522719E-1,1.265876055E0
1.229144499E2,5.351290479E-2,1.173954234E-1,1.262426853E0
1.229244269E2,4.928646982E-2,1.222839132E-1,1.259908557E0
1.229344039E2,5.097566172E-2,1.142562926E-1,1.260623932E0
1.229443809E2,5.299247429E-2,9.041673690E-2,1.258289218E0
1.229543579E2,5.823524669E-2,7.977458835E-2,1.263188243E0
1.229643349E2,5.060369149E-2,8.542528003E-2,1.264103770E0
1.229743119E2,5.122823641E-2,6.852775812E-2,1.257833838E0
1.229842889E2,5.301761627E-2,7.049717009E-2,1.256833553E0
1.229942659E2,5.125296861E-2,6.118550897E-2,1.245846033E0
1.230042429E2,5.174165592E-2,3.880297020E-2,1.239331365E0
1.230142199E2,4.469298571E-2,4.880896211E-2,1.247580647E0
1.230241969E2,5.292055383E-2,3.553337231E-2,1.245920181E0
1.230341729E2,5.690002441E-2,1.719752513E-2,1.246255398E0
1.230441499E2,5.551358312E-2,2.704868559E-3,1.240769506E0
1.230541269E2,4.961483181E-2,6.317155436E-3,1.249706745E0
1.230641039E2,4.166236892E-2,1.646699384E-2,1.250159979E0
1.230740809E2,4.161842912E-2,-5.427435506E-3,1.247184277E0
1.230840579E2,5.245296657E-2,-5.223728716E-2,1.247251630E0
1.230940349E2,4.462194070E-2,-5.492361635E-2,1.248390675E0
1.231040119E2,3.554668650E-2,-5.242210999E-2,1.243605852E0
1.231139889E2,2.689370885E-2,-7.115463912E-2,1.237623930E0
1.231239659E2,3.098245896E-2,-6.693193316E-2,1.243654966E0
1.231339429E2,1.941301301E-2,-6.219874695E-2,1.241489530E0
1.231439199E2,1.237507723E-2,-6.945160031E-2,1.249555469E0
1.231538969E2,2.139699645E-2,-1.035290286E-1,1.236732721E0
1.231638739E2,7.466000970E-3,-1.043420956E-1,1.248263717E0
1.231738499E2,-4.325391725E-3,-1.153496429E-1,1.248278022E0
1.231838269E2,2.517067827E-3,-1.316183656E-1,1.233219743E0
1.231938039E2,8.717362769E-3,-1.572023928E-1,1.237378120E0
1.232037809E2,2.037428506E-2,-1.667466313E-1,1.232802510E0
1.232137579E2,1.077501196E-2,-1.787529737E-1,1.225744963E0
1.232237349E2,4.870517179E-3,-1.841916889E-1,1.224653840E0
1.232337119E2,1.767511712E-3,-1.815683842E-1,1.219982624E0
1.232436889E2,-1.420293283E-2,-2.097669989E-1,1.225643158E0
1.232536659E2,-2.101021074E-2,-2.034949809E-1,1.217563748E0
1.232636429E2,-3.030597419E-2,-2.303795815E-1,1.218438148E0
1.232736199E2,-2.218875848E-2,-2.585030198E-1,1.215507746E0
1.232835969E2,-8.881209418E-3,-2.701391578E-1,1.211138844E0
1.232935739E2,-1.200726628E-2,-2.932910025E-1,1.200897694E0
1.233035509E2,-2.234965190E-2,-2.861358821E-1,1.190029025E0
1.233135269E2,-3.041054122E-2,-3.013483584E-1,1.201079726E0
1.233235039E2,-2.533881739E-2,-3.134052753E-1,1.200326324E0
1.233334809E2,-1.102358475E-2,-3.120878339E-1,1.194129229E0
1.233434579E2,4.047777038E-3,-3.302820325E-1,1.183294892E0
1.233534349E2,2.790970029E-3,-3.308495283E-1,1.183447480E0
1.233634119E2,-1.056664716E-2,-3.496248126E-1,1.174033165E0
1.233733889E2,-2.001520991E-2,-3.558532000E-1,1.174494505E0
1.233833659E2,-3.203405812E-2,-3.426604569E-1,1.174733877E0
1.233933429E2,-3.052589484E-2,-3.637389541E-1,1.165279508E0
1.234033199E2,-2.152760513E-2,-3.701947331E-1,1.157961965E0
1.234132969E2,-2.777506411E-2,-3.789503574E-1,1.151475310E0
1.234232739E2,-3.093836643E-2,-3.725505173E-1,1.156888962E0
1.234332509E2,-4.298005626E-2,-3.569670022E-1,1.153854847E0
1.234432279E2,-5.127846822E-2,-3.765737116E-1,1.152628899E0
1.234532049E2,-5.428785831E-2,-3.619945943E-1,1.159551620E0
1.234631809E2,-7.189960778E-2,-3.766113520E-1,1.144733787E0
1.234731579E2,-7.866393030E-2,-4.073473513E-1,1.147205830E0
1.234831349E2,-7.246222347E-2,-4.170492589E-1,1.143595815E0
1.234931119E2,-7.553761452E-2,-4.298899174E-1,1.141867638E0
1.235030889E2,-7.084059715E-2,-4.257543087E-1,1.147721529E0
1.235130659E2,-6.989891827E-2,-4.376625717E-1,1.136630297E0
1.235230429E2,-7.054340094E-2,-4.529869258E-1,1.145590544E0
1.235330199E2,-7.429458946E-2,-4.391439855E-1,1.146547914E0
1.235429969E2,-9.338892251E-2,-4.641214907E-1,1.134532571E0
1.235529739E2,-9.967637062E-2,-4.836505949E-1,1.134260893E0
1.235629509E2,-1.086461619E-1,-4.851422310E-1,1.128840566E0
1.235729279E2,-1.200169697E-1,-4.912557900E-1,1.134543538E0
1.235829049E2,-1.071309969E-1,-4.998798966E-1,1.129205227E0
1.235928819E2,-9.733482450E-2,-5.031598806E-1,1.130935431E0
1.236028589E2,-9.810474515E-2,-4.925650060E-1,1.136293769E0
1.236128349E2,-1.122970134E-1,-4.843931794E-1,1.139515877E0
1.236228119E2,-1.550663114E-1,-4.674941003E-1,1.146504283E0
1.236327889E2,-1.474514306E-1,-4.817094505E-1,1.154109597E0
1.236427659E2,-1.308420897E-1,-4.917695522E-1,1.154735684E0
1.236527429E2,-1.640576422E-1,-4.855994582E-1,1.134197474E0
1.236627199E2,-1.539591998E-1,-4.956965744E-1,1.129055977E0
1.236726969E2,-1.587498933E-1,-5.051152110E-1,1.137231827E0
1.236826739E2,-1.555801928E-1,-5.184339285E-1,1.122675538E0
1.236926509E2,-1.509009749E-1,-5.401242971E-1,1.118927479E0
1.237026279E2,-1.376043558E-1,-5.539945960E-1,1.116802812E0
1.237126049E2,-1.416038871E-1,-5.555634499E-1,1.127182007E0
1.237225819E2,-1.940204948E-1,-5.546795726E-1,1.102124572E0
1.237325579E2,-1.771191657E-1,-5.976641774E-1,1.106385708E0
1.237425349E2,-1.846982539E-1,-5.504732728E-1,1.120147586E0
1.237525109E2,-2.091953903E-1,-5.420990586E-1,1.123205066E0
1.237624879E2,-2.249770164E-1,-5.680741668E-1,1.107130408E0
1.237724649E2,-2.036533654E-1,-5.949025750E-1,1.102046967E0
1.237824419E2,-2.048925310E-1,-5.758375525E-1,1.102351665E0
1.237924189E2,-2.258708924E-1,-5.607832074E-1,1.087339878E0
1.238023959E2,-2.339011282E-1,-5.753741264E-1,1.112478733E0
1.238123729E2,-2.294921130E-1,-5.491945744E-1,1.106256247E0
1.238223499E2,-2.325922996E-1,-5.587167144E-1,1.106708169E0
1.238323269E2,-2.425751388E-1,-5.515608788E-1,1.106020570E0
1.238423039E2,-2.356101722E-1,-5.519470572E-1,1.094911695E0
1.238522809E2,-2.401909083E-1,-5.518897772E-1,1.094867468E0
1.238622579E2,-2.490078360E-1,-5.518152118E-1,1.074769378E0
1.238722349E2,-2.435403615E-1,-5.572262406E-1,1.069270134E0
1.238822119E2,-2.405770570E-1,-5.439320207E-1,1.079975486E0
1.238921889E2,-2.430792749E-1,-5.597192049E-1,1.081349850E0
1.239021659E2,-2.598798573E-1,-5.540043116E-1,1.075597644E0
1.239121419E2,-2.571951151E-1,-5.621251464E-1,1.075814724E0
1.239221189E2,-2.487443388E-1,-5.584182739E-1,1.073174715E0
1.239320959E2,-2.437148690E-1,-5.570489168E-1,1.074893594E0
1.239420729E2,-2.578834295E-1,-5.660887957E-1,1.077486992E0
1.239520499E2,-2.749622464E-1,-5.778549910E-1,1.067069173E0
1.239620269E2,-2.699834704E-1,-5.806702375E-1,1.073911428E0
1.239720039E2,-2.806904018E-1,-5.492781997E-1,1.078774810E0
1.239819809E2,-2.971681654E-1,-5.463761687E-1,1.068020701E0
1.239919579E2,-3.089568317E-1,-5.413062572E-1,1.071403503E0
1.240019349E2,-3.180374205E-1,-5.403725505E-1,1.062839866E0
1.240119119E2,-3.154766262E-1,-5.613930225E-1,1.059900641E0
1.240218889E2,-3.220479786E-1,-5.526338816E-1,1.058531761E0
1.240318659E2,-3.329724371E-1,-5.467770696E-1,1.060440540E0
1.240418429E2,-3.318166137E-1,-5.622939467E-1,1.064431310E0
1.240518199E2,-3.247580230E-1,-5.382470489E-1,1.074078083E0
1.240617959E2,-3.450728655E-1,-5.466343760E-1,1.064726233E0
1.240717729E2,-3.443318307E-1,-5.271177888E-1,1.082557201E0
1.240817499E2,-3.419866264E-1,-5.264674425E-1,1.078363776E0
1.240917269E2,-3.454682827E-1,-5.225396156E-1,1.072579384E0
1.241017039E2,-3.615276814E-1,-5.303876400E-1,1.065419197E0
1.241116809E2,-3.629080653E-1,-5.293678641E-1,1.072124958E0
1.241216579E2,-3.657339513E-1,-5.259947181E-1,1.070837498E0
1.241316349E2,-3.568932712E-1,-5.075880289E-1,1.077258110E0
1.241416119E2,-3.825847805E-1,-5.030542612E-1,1.051255584E0
1.241515889E2,-3.903928399E-1,-4.955535531E-1,1.057199001E0
1.241615659E2,-3.879896104E-1,-4.889387786E-1,1.057298064E0
1.241715429E2,-3.822669089E-1,-4.827610552E-1,1.056032062E0
1.241815199E2,-3.841633499E-1,-4.811005592E-1,1.062528849E0
1.241914969E2,-3.877193034E-1,-4.730049372E-1,1.056996346E0
1.242014739E2,-3.894676566E-1,-4.764960706E-1,1.059920192E0
1.242114509E2,-4.039339125E-1,-4.604808688E-1,1.053794384E0
1.242214269E2,-4.002901912E-1,-4.745237231E-1,1.051846981E0
1.242314039E2,-4.055298865E-1,-4.617293477E-1,1.052063942E0
1.242413809E2,-3.999138176E-1,-4.541670382E-1,1.059647918E0
1.242513579E2,-4.147852957E-1,-4.473212361E-1,1.052506566E0
1.242613349E2,-4.176513851E-1,-4.675764441E-1,1.056232810E0
1.242713119E2,-4.274219871E-1,-4.501608312E-1,1.054655552E0
1.242812889E2,-4.274808466E-1,-4.437149167E-1,1.068566084E0
1.242912659E2,-4.213554859E-1,-4.554292560E-1,1.070763111E0
1.243012429E2,-4.249997735E-1,-4.457076788E-1,1.062638164E0
1.243112199E2,-4.292747974E-1,-4.575548470E-1,1.057619333E0
1.243211969E2,-4.288601577E-1,-4.348620474E-1,1.065565944E0
1.243311739E2,-4.412517846E-1,-4.296515584E-1,1.062144637E0
1.243411509E2,-4.541007578E-1,-4.109135568E-1,1.063624263E0
1.243511279E2,-4.654566944E-1,-4.270043969E-1,1.070700407E0
1.243611049E2,-4.590400755E-1,-4.173064828E-1,1.068733454E0
1.243710819E2,-4.557735026E-1,-4.052765071E-1,1.065069795E0
1.243810579E2,-4.591919184E-1,-3.869723380E-1,1.066241860E0
1.243910349E2,-4.733529091E-1,-3.701024652E-1,1.066924572E0
1.244010119E2,-4.697563052E-1,-3.517849743E-1,1.063045621E0
1.244109889E2,-4.684600532E-1,-3.435761929E-1,1.061141491E0
1.244209659E2,-4.667719007E-1,-3.330686986E-1,1.053938746E0
1.244309429E2,-4.740990996E-1,-3.516847789E-1,1.069458365E0
1.244409199E2,-4.852654636E-1,-3.314285278E-1,1.070452213E0
1.244508969E2,-4.817774594E-1,-3.216691613E-1,1.059443712E0
1.244608739E2,-4.803385437E-1,-3.152874112E-1,1.057363272E0
1.244708509E2,-4.905158281E-1,-2.904720008E-1,1.049589992E0
1.244808279E2,-4.860443771E-1,-2.961967289E-1,1.056110501E0
1.244908049E2,-4.935944974E-1,-2.893774807E-1,1.057352662E0
1.245007819E2,-4.867501855E-1,-2.766688764E-1,1.058694124E0
1.245107589E2,-4.882946014E-1,-2.643191516E-1,1.056510210E0
1.245207359E2,-4.888903499E-1,-2.564750612E-1,1.054273129E0
1.245307129E2,-4.840634167E-1,-2.589720190E-1,1.046942115E0
1.245406889E2,-4.921604693E-1,-2.492887676E-1,1.044819832E0
1.245506659E2,-4.829397202E-1,-2.481063306E-1,1.045803070E0
1.245606429E2,-4.910871089E-1,-2.273568362E-1,1.048797011E0
1.245706199E2,-4.919780493E-1,-2.171008587E-1,1.050045371E0
1.245805969E2,-4.944444001E-1,-1.957100779E-1,1.049555898E0
1.245905739E2,-5.009493232E-1,-1.874606162E-1,1.052960634E0
1.246005509E2,-4.882037044E-1,-2.001457810E-1,1.053104997E0
1.246105279E2,-4.813492894E-1,-2.137340605E-1,1.046379447E0
1.246205049E2,-4.881899059E-1,-2.022574246E-1,1.048031688E0
1.246304819E2,-4.930986166E-1,-1.886317879E-1,1.053812623E0
1.246404589E2,-4.921889007E-1,-1.780563742E-1,1.061656117E0
1.246504359E2,-4.963510633E-1,-1.650070697E-1,1.066804647E0
1.246604129E2,-5.079118609E-1,-1.559499204E-1,1.064947844E0
1.246703899E2,-5.163837075E-1,-1.481100619E-1,1.063662410E0
1.246803669E2,-5.199347734E-1,-1.408769190E-1,1.062289476E0
1.246903439E2,-5.229414701E-1,-1.245620772E-1,1.062692404E0
1.247003209E2,-5.293447971E-1,-1.179979146E-1,1.059074283E0
1.247102969E2,-5.198384523E-1,-1.119373962E-1,1.058275223E0
1.247202739E2,-5.081967115E-1,-1.106212661E-1,1.053007722E0
1.247302510E2,-5.056669712E-1,-9.984256327E-2,1.047802329E0
1.247402280E2,-5.070433021E-1,-9.118276089E-2,1.046037197E0
1.247502050E2,-5.102283955E-1,-8.476503938E-2,1.049666882E0
1.247601820E2,-5.058895350E-1,-7.302289456E-2,1.058038235E0
1.247701590E2,-5.066060424E-1,-6.407089531E-2,1.066654682E0
1.247801360E2,-4.980855286E-1,-4.946425557E-2,1.070974112E0
1.247901130E2,-4.949199855E-1,-4.552940279E-2,1.072003722E0
1.248000900E2,-4.917921126E-1,-4.291311279E-2,1.069242597E0
1.248100670E2,-4.913680553E-1,-3.313400224E-2,1.070240021E0
1.248200440E2,-4.935230911E-1,-2.311199717E-2,1.068756580E0
1.248300210E2,-4.863979518E-1,-1.460512914E-2,1.072843075E0
1.248399980E2,-4.782963693E-1,-6.042798981E-3,1.080042124E0
1.248499750E2,-4.740945995E-1,7.073303685E-3,1.085193276E0
1.248599520E2,-4.772706926E-1,1.255222503E-2,1.086946964E0
1.248699290E2,-4.865660071E-1,2.059317380E-2,1.083501339E0
1.248799060E2,-4.952657819E-1,2.001979388E-2,1.081073523E0
1.248898820E2,-5.049512386E-1,2.345734090E-2,1.081689119E0
1.248998590E2,-5.015748739E-1,2.938101068E-2,1.086520910E0
1.249098360E2,-4.949051440E-1,3.510567546E-2,1.090646744E0
1.249198130E2,-4.896294177E-1,3.383294865E-2,1.089023471E0
1.249297900E2,-4.925909936E-1,2.884538472E-2,1.085332632E0
1.249397670E2,-4.948948920E-1,4.522915184E-2,1.089068532E0
1.249497440E2,-4.903949499E-1,5.124813318E-2,1.092429399E0
1.249597210E2,-4.843202531E-1,4.853517190E-2,1.096848607E0
1.249696980E2,-4.799141288E-1,6.708934903E-2,1.102552891E0
1.249796750E2,-4.858593643E-1,7.056024671E-2,1.099148393E0
1.249896520E2,-4.824145436E-1,8.567031473E-2,1.100219369E0
1.249996290E2,-4.815548658E-1,8.213657141E-2,1.097392440E0
1.250096060E2,-4.821950197E-1,8.949041367E-2,1.098029494E0
1.250195830E2,-4.823843837E-1,9.752437472E-2,1.098686934E0
1.250295600E2,-4.760754704E-1,9.726570547E-2,1.099366069E0
1.250395370E2,-4.671435058E-1,1.031952351E-1,1.102522492E0
1.250495130E2,-4.673098326E-1,1.044305786E-1,1.099314928E0
1.250594900E2,-4.620521963E-1,1.122259125E-1,1.099241614E0
1.250694670E2,-4.511868954E-1,1.272860467E-1,1.105628490E0
1.250794440E2,-4.469439387E-1,1.492906809E-1,1.105612040E0
1.250894210E2,-4.522524178E-1,1.452712715E-1,1.102190614E0
1.250993980E2,-4.512670636E-1,1.413678676E-1,1.099389434E0
1.251093750E2,-4.394226372E-1,1.544450372E-1,1.103046417E0
1.251193520E2,-4.424106777E-1,1.543720663E-1,1.099700451E0
1.251293290E2,-4.412425458E-1,1.547173560E-1,1.101616144E0
1.251393060E2,-4.339849055E-1,1.575906426E-1,1.101459026E0
1.251492830E2,-4.211985767E-1,1.582304835E-1,1.110036492E0
1.251592600E2,-4.140762091E-1,1.705633104E-1,1.111108661E0
1.251692370E2,-4.231123030E-1,1.733860224E-1,1.103924155E0
1.251792140E2,-4.139411747E-1,1.839955300E-1,1.106786251E0
1.251891910E2,-4.058408141E-1,1.934020221E-1,1.109836221E0
1.251991680E2,-4.011113048E-1,1.816012859E-1,1.107092142E0
1.252091450E2,-3.931884468E-1,1.931326389E-1,1.111562729E0
1.252191220E2,-3.841768205E-1,2.128147185E-1,1.113304734E0
1.252290990E2,-3.836263120E-1,2.099018395E-1,1.112692237E0
1.252390750E2,-3.860141039E-1,2.034817636E-1,1.110571265E0
1.252490520E2,-3.862687349E-1,2.088049650E-1,1.110533953E0
1.252590290E2,-3.764092028E-1,2.200328559E-1,1.113656282E0
1.252690060E2,-3.668114245E-1,2.389163673E-1,1.116212010E0
1.252789830E2,-3.722216189E-1,2.398343533E-1,1.106690168E0
1.252889600E2,-3.726253211E-1,2.577807009E-1,1.109717488E0
1.252989370E2,-3.624443412E-1,2.618049979E-1,1.112890601E0
1.253089140E2,-3.510899842E-1,2.483903021E-1,1.113483906E0
1.253188910E2,-3.409441411E-1,2.477175742E-1,1.114076495E0
1.253288680E2,-3.372102380E-1,2.588820755E-1,1.116112471E0
1.253388450E2,-3.311653733E-1,2.658052444E-1,1.121912837E0
1.253488220E2,-3.301942050E-1,2.553106844E-1,1.120626926E0
1.253587990E2,-3.333598971E-1,2.456780076E-1,1.114078164E0
1.253687760E2,-3.312738240E-1,2.565231323E-1,1.117155552E0
1.253787530E2,-3.279459178E-1,2.721334994E-1,1.118288159E0
1.253887300E2,-3.297336698E-1,2.712320983E-1,1.108004928E0
1.253987070E2,-3.232462108E-1,2.663979232E-1,1.103680849E0
1.254086840E2,-3.161055148E-1,2.792319059E-1,1.109060764E0
1.254186600E2,-3.140777647E-1,2.817368805E-1,1.113553286E0
1.254286370E2,-3.086730242E-1,2.787294686E-1,1.118849754E0
1.254386140E2,-3.022321761E-1,2.829207480E-1,1.127099633E0
1.254485910E2,-3.007149994E-1,2.889382839E-1,1.136509180E0
1.254585680E2,-3.060010970E-1,2.923953533E-1,1.136699915E0
1.254685450E2,-3.136695623E-1,2.880212367E-1,1.131048441E0
1.254785220E2,-3.139302731E-1,2.947329283E-1,1.138600111E0
1.254884990E2,-3.086682260E-1,3.131864965E-1,1.140104651E0
1.254984760E2,-3.049666882E-1,3.060699999E-1,1.131590247E0
1.255084530E2,-2.944567502E-1,3.147541881E-1,1.139215827E0
1.255184300E2,-2.838102281E-1,3.339979053E-1,1.145154953E0
1.255284070E2,-2.854219377E-1,3.449787796E-1,1.146983743E0
1.255383840E2,-2.812745869E-1,3.562356830E-1,1.145892382E0
1.255483610E2,-2.709019482E-1,3.625933528E-1,1.144506097E0
1.255583380E2,-2.619084716E-1,3.732395768E-1,1.151230097E0
1.255683150E2,-2.571482360E-1,3.798474669E-1,1.146545291E0
1.255782920E2,-2.561365068E-1,3.762109280E-1,1.137695432E0
1.255882690E2,-2.471470982E-1,3.846999705E-1,1.142668843E0
1.255982460E2,-2.409541756E-1,3.902771771E-1,1.147205830E0
1.256082220E2,-2.408835888E-1,3.908196986E-1,1.142655730E0
1.256181990E2,-2.363780439E-1,4.016552866E-1,1.144839168E0
1.256281760E2,-2.261909842E-1,4.028936327E-1,1.147262931E0
1.256381530E2,-2.258418500E-1,4.014009535E-1,1.149091125E0
1.256481300E2,-2.241706997E-1,3.977096677E-1,1.145186067E0
1.256581070E2,-2.194952518E-1,3.931641877E-1,1.145202041E0
1.256680840E2,-2.134746909E-1,3.972072899E-1,1.155938387E0
1.256780610E2,-2.098426670E-1,4.048356414E-1,1.161548018E0
1.256880380E2,-2.119378150E-1,4.062509835E-1,1.159702420E0
1.256980150E2,-2.127144039E-1,4.141446054E-1,1.162240148E0
1.257079920E2,-2.100594193E-1,4.153884053E-1,1.167865157E0
1.257179690E2,-2.126224488E-1,4.080825448E-1,1.171223044E0
1.257279463E2,-2.149002254E-1,4.106941819E-1,1.164473772E0
1.257379233E2,-2.148168683E-1,4.088962674E-1,1.161192179E0
1.257479003E2,-2.136376947E-1,4.131358862E-1,1.169951797E0
1.257578773E2,-2.174856961E-1,4.225365818E-1,1.171639085E0
1.257678543E2,-2.245116234E-1,4.271072745E-1,1.171796083E0
1.257778313E2,-2.239843160E-1,4.427131414E-1,1.177740097E0
1.257878083E2,-2.205078453E-1,4.521510899E-1,1.180719614E0
1.257977843E2,-2.197416574E-1,4.495025575E-1,1.174369335E0
1.258077613E2,-2.106069475E-1,4.483829737E-1,1.170091152E0
1.258177383E2,-1.959766001E-1,4.487662017E-1,1.163056731E0
1.258277153E2,-1.840209365E-1,4.448886514E-1,1.160530806E0
1.258376923E2,-1.803998351E-1,4.514591992E-1,1.157648921E0
1.258476693E2,-1.839828640E-1,4.596297741E-1,1.153019905E0
1.258576463E2,-1.834728569E-1,4.559617937E-1,1.154251814E0
1.258676233E2,-1.781316996E-1,4.538531899E-1,1.154700160E0
1.258776003E2,-1.786558032E-1,4.528784752E-1,1.153086543E0
1.258875773E2,-1.738069057E-1,4.521166384E-1,1.152489066E0
1.258975543E2,-1.674419641E-1,4.593577981E-1,1.149862885E0
1.259075313E2,-1.658055186E-1,4.534360468E-1,1.151553869E0
1.259175083E2,-1.619689614E-1,4.518554807E-1,1.155152321E0
1.259274853E2,-1.618944108E-1,4.465878308E-1,1.152995467E0
1.259374623E2,-1.615250111E-1,4.472794533E-1,1.161221504E0
1.259474393E2,-1.646806300E-1,4.505541027E-1,1.166786551E0
1.259574163E2,-1.818819940E-1,4.513666332E-1,1.165984631E0
1.259673933E2,-1.935156137E-1,4.590248168E-1,1.169330359E0
1.259773703E2,-1.985988021E-1,4.594341516E-1,1.168604136E0
1.259873473E2,-1.982049793E-1,4.571457505E-1,1.173407316E0
1.259973243E2,-1.942051798E-1,4.546913803E-1,1.175623059E0
1.260073003E2,-1.915638894E-1,4.450107813E-1,1.171956897E0
1.260172773E2,-1.895412207E-1,4.398953617E-1,1.175266743E0
1.260272543E2,-1.860575974E-1,4.361158311E-1,1.178461432E0
1.260372313E2,-1.893993318E-1,4.329549074E-1,1.175653577E0
1.260472083E2,-1.927651018E-1,4.454705417E-1,1.175397277E0
1.260571853E2,-1.940894872E-1,4.375236630E-1,1.169506073E0
1.260671623E2,-1.902380437E-1,4.280546308E-1,1.171775937E0
1.260771393E2,-1.909824014E-1,4.248886704E-1,1.167596102E0
1.260871163E2,-1.948370934E-1,4.079000652E-1,1.164023399E0
1.260970933E2,-1.950101852E-1,4.006043375E-1,1.167709231E0
1.261070703E2,-1.901808083E-1,3.903245032E-1,1.171203017E0
1.261170473E2,-1.904154271E-1,3.840469122E-1,1.173827648E0
1.261270243E2,-1.883100271E-1,3.721644580E-1,1.171320677E0
1.261370013E2,-1.858295500E-1,3.569761813E-1,1.171731830E0
1.261469783E2,-1.866348237E-1,3.499013484E-1,1.176555037E0
1.261569553E2,-1.910207868E-1,3.355074823E-1,1.175179482E0
1.261669323E2,-1.928880215E-1,3.229219913E-1,1.178114533E0
1.261769093E2,-1.875622422E-1,3.105864823E-1,1.179495096E0
1.261868863E2,-1.886312068E-1,3.004939854E-1,1.180598617E0
1.261968633E2,-1.886226833E-1,2.902373672E-1,1.179631114E0
1.262068393E2,-1.903304160E-1,2.830267251E-1,1.177974582E0
1.262168163E2,-1.898957789E-1,2.799523771E-1,1.181900382E0
1.262267933E2,-1.866604388E-1,2.760670483E-1,1.180796027E0
1.262367703E2,-1.848303229E-1,2.669547796E-1,1.175060034E0
1.262467473E2,-1.829981804E-1,2.636901438E-1,1.169113040E0
1.262567243E2,-1.802023947E-1,2.641295493E-1,1.167093039E0
1.262667013E2,-1.809568554E-1,2.575490773E-1,1.164773941E0
1.262766783E2,-1.803642958E-1,2.434849292E-1,1.153736830E0
1.262866553E2,-1.877051294E-1,2.398756891E-1,1.147864461E0
1.262966323E2,-1.926274598E-1,2.511310279E-1,1.146741629E0
1.263066093E2,-1.921339929E-1,2.518962026E-1,1.146015167E0
1.263165863E2,-1.810589731E-1,2.155254334E-1,1.147796631E0
1.263265633E2,-1.677019596E-1,1.763078272E-1,1.146899462E0
1.263365403E2,-1.746874303E-1,1.500333399E-1,1.147330642E0
1.263465173E2,-1.877712309E-1,1.274566352E-1,1.149065495E0
1.263564943E2,-1.909726113E-1,1.109226644E-1,1.146738052E0
1.263664713E2,-1.972302794E-1,9.985997528E-2,1.148961306E0
1.263764483E2,-1.991690695E-1,9.204013646E-2,1.152043343E0
1.263864253E2,-2.057200074E-1,8.273315430E-2,1.155959249E0
1.263964023E2,-2.143390626E-1,6.712728739E-2,1.156879544E0
1.264063793E2,-2.130731791E-1,5.358660966E-2,1.151946545E0
1.264163553E2,-2.125791609E-1,3.531359509E-2,1.147750974E0
1.264263323E2,-2.020392120E-1,1.678472944E-2,1.150605679E0
1.264363093E2,-1.889979690E-1,-4.819099326E-3,1.147560954E0
1.264462863E2,-1.890239120E-1,-2.114173956E-2,1.143447399E0
1.264562633E2,-1.934836358E-1,-2.875545062E-2,1.140521407E0
1.264662403E2,-1.941077709E-1,-3.265888989E-2,1.140948772E0
1.264762173E2,-1.945234835E-1,-3.960707784E-2,1.137986064E0
1.264861943E2,-1.974722594E-1,-5.431962013E-2,1.130320549E0
1.264961713E2,-2.027248144E-1,-5.634788424E-2,1.126139164E0
1.265061483E2,-2.028674185E-1,-6.827746332E-2,1.125990510E0
1.265161253E2,-1.962145865E-1,-7.612100244E-2,1.128843069E0
1.265261023E2,-1.950085610E-1,-1.012339890E-1,1.117768049E0
1.265360793E2,-1.915464550E-1,-1.231973469E-1,1.113900423E0
1.265460563E2,-1.909146160E-1,-1.189345643E-1,1.120711684E0
1.265560333E2,-1.972886324E-1,-1.332040578E-1,1.118867636E0
1.265660103E2,-1.903808266E-1,-1.555784643E-1,1.117599010E0
1.265759873E2,-1.915811002E-1,-1.760200858E-1,1.115991950E0
1.265859643E2,-1.967828870E-1,-1.874626279E-1,1.119188786E0
1.265959413E2,-1.994697452E-1,-1.949439794E-1,1.117500544E0
1.266059183E2,-2.072153836E-1,-2.103254497E-1,1.107742190E0
1.266158953E2,-2.048222721E-1,-2.208981961E-1,1.110062122E0
1.266258723E2,-1.998027861E-1,-2.108623534E-1,1.116478562E0
1.266358493E2,-2.039506733E-1,-2.065096796E-1,1.114234328E0
1.266458253E2,-2.027338445E-1,-2.158496082E-1,1.110365748E0
1.266558023E2,-1.986346990E-1,-2.209271938E-1,1.108261108E0
1.266657793E2,-1.979146451E-1,-2.311591208E-1,1.105421185E0
1.266757563E2,-1.924660802E-1,-2.442512214E-1,1.100535035E0
1.266857333E2,-1.871870458E-1,-2.592592239E-1,1.088236928E0
1.266957103E2,-1.886682957E-1,-2.679318190E-1,1.090544343E0
1.267056873E2,-1.914523244E-1,-2.605908811E-1,1.087363601E0
1.267156643E2,-1.950635761E-1,-2.694554627E-1,1.076807857E0
1.267256413E2,-1.913757622E-1,-2.951086164E-1,1.077962399E0
1.267356183E2,-1.874026060E-1,-3.069525063E-1,1.071726561E0
1.267455953E2,-1.940301806E-1,-3.160325587E-1,1.065439224E0
1.267555723E2,-1.975503415E-1,-3.293488920E-1,1.061850548E0
1.267655493E2,-2.008222640E-1,-3.305427730E-1,1.060268521E0
1.267755263E2,-1.996155828E-1,-3.384358585E-1,1.058911443E0
1.267855033E2,-1.999654621E-1,-3.418888152E-1,1.065176368E0
1.267954803E2,-1.982719600E-1,-3.483677506E-1,1.064495683E0
1.268054573E2,-1.975389868E-1,-3.539490402E-1,1.068744898E0
1.268154343E2,-2.043457478E-1,-3.468767703E-1,1.072425365E0
1.268254113E2,-2.119575292E-1,-3.589036763E-1,1.063506603E0
1.268353883E2,-2.141533047E-1,-3.719478548E-1,1.061992884E0
1.268453653E2,-2.151780725E-1,-3.809824884E-1,1.063026071E0
1.268553423E2,-2.244314998E-1,-3.894814253E-1,1.063805103E0
1.268653183E2,-2.316702604E-1,-3.799905181E-1,1.069644928E0
1.268752953E2,-2.404427081E-1,-3.853533268E-1,1.067835093E0
1.268852723E2,-2.453032881E-1,-3.868837059E-1,1.068447590E0
1.268952493E2,-2.522661090E-1,-4.135291874E-1,1.058497310E0
1.269052263E2,-2.466156632E-1,-4.398532808E-1,1.062624335E0
1.269152033E2,-2.358527631E-1,-4.309551418E-1,1.069434285E0
1.269251803E2,-2.366656214E-1,-4.349129498E-1,1.065776587E0
1.269351573E2,-2.393375784E-1,-4.302715957E-1,1.067974210E0
1.269451343E2,-2.485175878E-1,-4.403291643E-1,1.059687257E0
1.269551113E2,-2.479490042E-1,-4.569967985E-1,1.062934160E0
1.269650883E2,-2.455638498E-1,-4.625603259E-1,1.061537981E0
1.269750653E2,-2.497772276E-1,-4.562534094E-1,1.058858275E0
1.269850423E2,-2.488692850E-1,-4.434134066E-1,1.062468886E0
1.269950193E2,-2.501215041E-1,-4.315460920E-1,1.059076548E0
1.270049963E2,-2.533641458E-1,-4.623472691E-1,1.049072623E0
1.270149733E2,-2.489009649E-1,-4.870142639E-1,1.045840383E0
1.270249503E2,-2.451091558E-1,-4.857201278E-1,1.046571970E0
1.270349273E2,-2.460066527E-1,-4.797551930E-1,1.055367351E0
1.270449043E2,-2.467035353E-1,-4.742315710E-1,1.051505923E0
1.270548813E2,-2.580088973E-1,-4.823472798E-1,1.038521647E0
1.270648583E2,-2.647929490E-1,-4.814028442E-1,1.038547993E0
1.270748353E2,-2.684593201E-1,-4.948004186E-1,1.035194278E0
1.270848123E2,-2.642591000E-1,-5.040428638E-1,1.034033418E0
1.270947883E2,-2.627885044E-1,-5.061174631E-1,1.035099268E0
1.271047653E2,-2.667169571E-1,-5.075508952E-1,1.040203094E0
1.271147423E2,-2.757575810E-1,-5.077477098E-1,1.040385842E0
1.271247193E2,-2.832214832E-1,-5.154963136E-1,1.035504103E0
1.271346963E2,-2.896013558E-1,-5.266943574E-1,1.037704110E0
1.271446733E2,-2.884348035E-1,-5.339653492E-1,1.040693521E0
1.271546503E2,-2.837782800E-1,-5.316010118E-1,1.039998531E0
1.271646273E2,-2.913515866E-1,-5.349943638E-1,1.036134362E0
1.271746043E2,-2.958326340E-1,-5.330651999E-1,1.036320567E0
1.271845813E2,-2.954575419E-1,-5.384732485E-1,1.033060074E0
1.271945583E2,-2.940289974E-1,-5.571691394E-1,1.026857018E0
1.272045353E2,-2.889773846E-1,-5.661955476E-1,1.034391403E0
1.272145123E2,-2.921433449E-1,-5.621252060E-1,1.035315871E0
1.272244893E2,-3.053587079E-1,-5.573595762E-1,1.035405397E0
1.272344663E2,-3.181560040E-1,-5.546130538E-1,1.027829051E0
1.272444433E2,-3.193691075E-1,-5.795613527E-1,1.022556305E0
1.272544203E2,-3.224280179E-1,-5.575982332E-1,1.029425383E0
1.272643973E2,-3.269929290E-1,-5.306783319E-1,1.032320976E0
1.272743743E2,-3.161280155E-1,-5.227621198E-1,1.027672648E0
1.272843513E2,-3.051848412E-1,-5.236608386E-1,1.022042274E0
1.272943283E2,-3.043347597E-1,-5.340391994E-1,1.011269569E0
1.273043053E2,-3.094985783E-1,-5.469650030E-1,1.010904670E0
1.273142823E2,-3.137194216E-1,-5.456773639E-1,1.008203387E0
1.273242593E2,-3.093183339E-1,-5.396727920E-1,1.007604003E0
1.273342363E2,-3.116757572E-1,-5.376279950E-1,1.000447273E0
1.273442123E2,-3.163422346E-1,-5.536884665E-1,9.915617108E-1
1.273541893E2,-3.128979504E-1,-5.736454129E-1,9.943377972E-1
1.273641663E2,-3.027153611E-1,-5.857287049E-1,9.961469173E-1
1.273741433E2,-3.022218645E-1,-5.982130766E-1,1.000959754E0
1.273841203E2,-3.087962568E-1,-5.868853331E-1,1.001347184E0
1.273940973E2,-3.160972893E-1,-5.754203796E-1,1.004868865E0
1.274040743E2,-3.183055818E-1,-5.796303153E-1,1.007902265E0
1.274140513E2,-3.233112693E-1,-5.790681243E-1,1.006961107E0
1.274240283E2,-3.357172906E-1,-5.818355083E-1,1.006432414E0
1.274340053E2,-3.433610797E-1,-5.900487304E-1,1.011680484E0
1.274439823E2,-3.392038047E-1,-5.970679522E-1,1.009408236E0
1.274539593E2,-3.375827372E-1,-6.068888903E-1,1.007818103E0
1.274639363E2,-3.434769511E-1,-5.839563012E-1,1.012892723E0
1.274739133E2,-3.440777659E-1,-5.681067705E-1,1.016106606E0
1.274838903E2,-3.364887238E-1,-5.738012791E-1,1.016321063E0
1.274938673E2,-3.241361976E-1,-5.961380601E-1,1.009156346E0
1.275038443E2,-3.259729147E-1,-5.983766913E-1,1.006120205E0
1.275138213E2,-3.346172869E-1,-5.733333826E-1,1.012177587E0
1.275237983E2,-3.376642466E-1,-5.558925271E-1,1.013598442E0
1.275337753E2,-3.371063173E-1,-5.711748004E-1,1.007437706E0
1.275437523E2,-3.447069228E-1,-5.776583552E-1,1.001310349E0
1.275537293E2,-3.503035605E-1,-5.692384839E-1,1.004529834E0
1.275637063E2,-3.518770337E-1,-5.588972569E-1,1.009426475E0
1.275736833E2,-3.472934663E-1,-5.587156415E-1,1.009312987E0
1.275836603E2,-3.484365940E-1,-5.737265348E-1,1.006060958E0
1.275936363E2,-3.537818193E-1,-5.812577009E-1,1.002345562E0
1.276036133E2,-3.570472598E-1,-5.737107396E-1,1.004747748E0
1.276135903E2,-3.606481254E-1,-5.562438965E-1,1.014728546E0
1.276235673E2,-3.586869538E-1,-5.523456931E-1,1.013153434E0
1.276335443E2,-3.590225279E-1,-5.578568578E-1,1.006892920E0
1.276435213E2,-3.658093512E-1,-5.683727264E-1,1.019800782E0
1.276534983E2,-3.643113077E-1,-5.534725785E-1,1.010584950E0
1.276634753E2,-3.615398407E-1,-5.526847243E-1,1.007754326E0
1.276734523E2,-3.582028747E-1,-5.467474461E-1,1.007310987E0
1.276834293E2,-3.525786698E-1,-5.353732109E-1,1.012512088E0
1.276934063E2,-3.528372645E-1,-5.293869972E-1,1.008930087E0
1.277033833E2,-3.604645133E-1,-5.197295547E-1,1.009733796E0
1.277133603E2,-3.620562851E-1,-4.950266182E-1,1.014364958E0
1.277233373E2,-3.600975573E-1,-4.945811629E-1,1.013221860E0
1.277333143E2,-3.559401035E-1,-5.017991662E-1,1.014182210E0
1.277432913E2,-3.570772707E-1,-4.995577633E-1,1.009034753E0
1.277532683E2,-3.630952239E-1,-4.911461771E-1,1.012553334E0
1.277632453E2,-3.574114144E-1,-4.782562256E-1,1.020577431E0
1.277732223E2,-3.544598520E-1,-4.912327528E-1,1.016653061E0
1.277831993E2,-3.545186818E-1,-5.032622814E-1,1.009244084E0
1.277931763E2,-3.545868397E-1,-5.006353259E-1,1.006412387E0
1.278031533E2,-3.530794084E-1,-4.911242127E-1,1.012797952E0
1.278131303E2,-3.567718863E-1,-4.688657820E-1,1.016305089E0
1.278231073E2,-3.589383662E-1,-4.812065363E-1,1.011339903E0
1.278330843E2,-3.534876704E-1,-4.922005832E-1,1.013706923E0
1.278430613E2,-3.548845649E-1,-4.967807531E-1,1.013226271E0
1.278530373E2,-3.644338548E-1,-4.929756224E-1,1.014713287E0
1.278630143E2,-3.706626594E-1,-4.829668701E-1,1.019443274E0
1.278729913E2,-3.697044551E-1,-4.842326641E-1,1.019498944E0
1.278829683E2,-3.696748614E-1,-4.740603864E-1,1.024615884E0
1.278929453E2,-3.749417961E-1,-4.556012154E-1,1.025098801E0
1.279029223E2,-3.802001178E-1,-4.462713599E-1,1.020590901E0
1.279128993E2,-3.792104721E-1,-4.415884614E-1,1.033811688E0
1.279228763E2,-3.704733253E-1,-4.213785827E-1,1.039098024E0
1.279328533E2,-3.672831357E-1,-4.169329703E-1,1.032576919E0
1.279428303E2,-3.712722957E-1,-4.124288261E-1,1.031121135E0
1.279528073E2,-3.688259125E-1,-4.126423895E-1,1.032970428E0
1.279627843E2,-3.624765575E-1,-3.936096132E-1,1.037251472E0
1.279727613E2,-3.595944941E-1,-3.712028563E-1,1.037423015E0
1.279827383E2,-3.619195521E-1,-3.808316290E-1,1.032748580E0
1.279927153E2,-3.619400561E-1,-3.749303520E-1,1.031964302E0
1.280026923E2,-3.553273380E-1,-3.549807072E-1,1.030280113E0
1.280126693E2,-3.545651436E-1,-3.347449303E-1,1.032500744E0
1.280226463E2,-3.520847261E-1,-3.408627212E-1,1.034552217E0
1.280326233E2,-3.451692760E-1,-3.417207897E-1,1.035218835E0
1.280426003E2,-3.418022692E-1,-3.403509855E-1,1.033481956E0
1.280525773E2,-3.439977765E-1,-3.336307704E-1,1.033477187E0
1.280625543E2,-3.426760435E-1,-3.251831830E-1,1.038166165E0
1.280725313E2,-3.436883092E-1,-3.169854581E-1,1.045270681E0
1.280825083E2,-3.440935016E-1,-3.005300164E-1,1.042886019E0
1.280924853E2,-3.498728275E-1,-3.089597225E-1,1.036519170E0
1.281024623E2,-3.537808359E-1,-2.994092405E-1,1.040759444E0
1.281124393E2,-3.517749608E-1,-2.785393894E-1,1.043497443E0
1.281224153E2,-3.526935577E-1,-2.804742754E-1,1.044270754E0
1.281323923E2,-3.415690064E-1,-2.753921747E-1,1.049559712E0
1.281423693E2,-3.417680860E-1,-2.622063160E-1,1.045203209E0
1.281523463E2,-3.510329425E-1,-2.414283454E-1,1.046090007E0
1.281623233E2,-3.471385241E-1,-2.317469865E-1,1.047364712E0
1.281723003E2,-3.342219293E-1,-2.404896021E-1,1.049269915E0
1.281822773E2,-3.241548836E-1,-2.321171463E-1,1.049309611E0
1.281922543E2,-3.276500106E-1,-2.198599428E-1,1.047137022E0
1.282022313E2,-3.324430585E-1,-2.080641091E-1,1.052666783E0
1.282122083E2,-3.229137361E-1,-1.939003468E-1,1.059538007E0
1.282221853E2,-3.245330453E-1,-1.856684983E-1,1.052371860E0
1.282321623E2,-3.378677666E-1,-1.897892058E-1,1.049921751E0
1.282421393E2,-3.307309449E-1,-1.859398186E-1,1.051796317E0
1.282521163E2,-3.229324222E-1,-1.831938326E-1,1.062549353E0
1.282620933E2,-3.302160501E-1,-1.515333354E-1,1.067116857E0
1.282720703E2,-3.291923404E-1,-1.484240890E-1,1.059398413E0
1.282820473E2,-3.206153810E-1,-1.623410285E-1,1.057217479E0
1.282920243E2,-3.214753270E-1,-1.538641900E-1,1.070346117E0
1.283020013E2,-3.189386725E-1,-1.372877955E-1,1.060146570E0
1.283119783E2,-3.254796565E-1,-1.255437881E-1,1.073016286E0
1.283219553E2,-3.190542459E-1,-1.036863700E-1,1.073764443E0
1.283319323E2,-3.066750765E-1,-8.125376701E-2,1.073126316E0
1.283419093E2,-3.112534881E-1,-7.114344835E-2,1.064089298E0
1.283518863E2,-3.145025373E-1,-5.192261562E-2,1.061645865E0
1.283618633E2,-3.074873388E-1,-4.842879996E-2,1.063307047E0
1.283718403E2,-2.931283712E-1,-4.359223321E-2,1.068369746E0
1.283818173E2,-2.957807481E-1,-2.571363188E-2,1.055679202E0
1.283917943E2,-3.012122810E-1,-1.918702386E-2,1.055657864E0
1.284017713E2,-2.953485250E-1,2.228815295E-2,1.066331029E0
1.284117483E2,-3.023276031E-1,4.648776352E-2,1.064689755E0
1.284217243E2,-3.065518737E-1,5.134741962E-2,1.063236356E0
1.284317013E2,-3.001413941E-1,5.645003915E-2,1.054650068E0
1.284416783E2,-2.969231308E-1,5.898784101E-2,1.056187272E0
1.284516553E2,-3.005066812E-1,7.436013967E-2,1.064265013E0
1.284616323E2,-3.089546859E-1,8.699220419E-2,1.058413625E0
1.284716093E2,-3.059447706E-1,7.733504474E-2,1.058427215E0
1.284815863E2,-2.930585146E-1,5.621535331E-2,1.063194394E0
1.284915633E2,-2.929389477E-1,4.394830018E-2,1.061618328E0
1.285015403E2,-2.932482064E-1,4.516755790E-2,1.067522287E0
1.285115173E2,-2.918111682E-1,6.160725281E-2,1.070838690E0
1.285214943E2,-2.918714881E-1,5.203243345E-2,1.067915797E0
1.285314713E2,-3.051630557E-1,6.258947402E-2,1.082965851E0
1.285414483E2,-2.998690605E-1,8.501130342E-2,1.075305462E0
1.285514253E2,-3.012387156E-1,9.835214168E-2,1.087476134E0
1.285614023E2,-3.028734922E-1,1.202166453E-1,1.101831436E0
1.285713793E2,-3.042516708E-1,1.224606261E-1,1.097142935E0
1.285813563E2,-2.975282967E-1,1.192830577E-1,1.093040347E0
1.285913333E2,-3.010500669E-1,1.335434914E-1,1.085849643E0
1.286013103E2,-2.990273833E-1,1.413322687E-1,1.088217854E0
1.286112873E2,-2.878232002E-1,1.381969154E-1,1.090453386E0
1.286212643E2,-2.808924615E-1,1.548081636E-1,1.088686943E0
1.286312413E2,-2.735597193E-1,1.610234529E-1,1.082785368E0
1.286412183E2,-2.763104737E-1,1.921986043E-1,1.086247444E0
1.286511953E2,-2.770633399E-1,2.057439685E-1,1.087728143E0
1.286611723E2,-2.682126164E-1,2.110841870E-1,1.084598899E0
1.286711493E2,-2.633182406E-1,2.180448771E-1,1.074923158E0
1.286811263E2,-2.631724179E-1,2.314939499E-1,1.073670864E0
1.286911033E2,-2.572223842E-1,2.527345121E-1,1.074688196E0
1.287010803E2,-2.615842223E-1,2.703127265E-1,1.070138097E0
1.287110573E2,-2.670665979E-1,2.793296576E-1,1.073895216E0
1.287210343E2,-2.577655017E-1,2.859539986E-1,1.076742649E0
1.287310110E2,-2.484902442E-1,2.785565257E-1,1.076647043E0
1.287409880E2,-2.452568412E-1,2.980134487E-1,1.079911470E0
1.287509650E2,-2.455234230E-1,3.082985878E-1,1.077931404E0
1.287609420E2,-2.449001670E-1,3.141340315E-1,1.080809593E0
1.287709190E2,-2.470277697E-1,3.323830664E-1,1.084325314E0
1.287808960E2,-2.521644831E-1,3.490507007E-1,1.079910278E0
1.287908730E2,-2.544204593E-1,3.625939190E-1,1.079291940E0
1.288008500E2,-2.483447343E-1,3.566898108E-1,1.071936131E0
1.288108270E2,-2.491407543E-1,3.721918166E-1,1.072419524E0
1.288208040E2,-2.557665706E-1,3.908205330E-1,1.067751408E0
1.288307810E2,-2.572318316E-1,3.982600868E-1,1.071049571E0
1.288407580E2,-2.464226931E-1,4.051811099E-1,1.074849486E0
1.288507350E2,-2.414186150E-1,4.192487299E-1,1.074921131E0
1.288607120E2,-2.400510162E-1,4.237618744E-1,1.069422364E0
1.288706890E2,-2.400896251E-1,4.232068658E-1,1.069144845E0
1.288806660E2,-2.249751389E-1,4.140180647E-1,1.069227219E0
1.288906430E2,-2.258595824E-1,4.302210212E-1,1.072512507E0
1.289006200E2,-2.415551990E-1,4.618866742E-1,1.076839089E0
1.289105970E2,-2.397437096E-1,4.630829692E-1,1.078914523E0
1.289205740E2,-2.372883707E-1,4.466704428E-1,1.077402711E0
1.289305510E2,-2.419987023E-1,4.591380358E-1,1.080325484E0
1.289405280E2,-2.669087946E-1,4.743119478E-1,1.072048306E0
1.289505050E2,-2.600620985E-1,4.621402323E-1,1.079062581E0
1.289604820E2,-2.453093678E-1,5.022881627E-1,1.097204804E0
1.289704590E2,-2.595644593E-1,5.177432895E-1,1.084204912E0
1.289804360E2,-2.675761282E-1,5.192400217E-1,1.080477715E0
1.289904130E2,-2.669212520E-1,5.321912766E-1,1.082751513E0
1.290003900E2,-2.705460787E-1,5.325614810E-1,1.084055424E0
1.290103670E2,-2.726505101E-1,5.549560189E-1,1.087123632E0
1.290203440E2,-2.652330995E-1,5.589146614E-1,1.076738954E0
1.290303210E2,-2.499260455E-1,5.413812399E-1,1.078621626E0
1.290402980E2,-2.501727641E-1,5.441470742E-1,1.074524641E0
1.290502750E2,-2.676590681E-1,5.489886999E-1,1.074668527E0
1.290602520E2,-2.626217008E-1,5.799406171E-1,1.094507098E0
1.290702290E2,-2.462131530E-1,5.520282984E-1,1.075821638E0
1.290802060E2,-2.602583170E-1,5.616018176E-1,1.079634309E0
1.290901820E2,-2.765254378E-1,5.727016330E-1,1.080656886E0
1.291001590E2,-3.068911433E-1,6.049451232E-1,1.082563758E0
1.291101360E2,-2.873579264E-1,6.057547331E-1,1.086012006E0
1.291201130E2,-2.689609528E-1,5.870793462E-1,1.081035972E0
1.291300900E2,-2.613818645E-1,5.849948525E-1,1.077536583E0
1.291400670E2,-2.684913576E-1,5.887658000E-1,1.081579804E0
1.291500440E2,-2.893455029E-1,6.077525020E-1,1.076876879E0
1.291600210E2,-2.920161784E-1,6.251199245E-1,1.075515389E0
1.291699980E2,-2.861569524E-1,6.234615445E-1,1.078294873E0
1.291799750E2,-2.760347426E-1,6.132193804E-1,1.077971578E0
1.291899520E2,-2.846173048E-1,6.109942794E-1,1.063601971E0
1.291999290E2,-2.964477241E-1,6.186328530E-1,1.061957359E0
1.292099060E2,-3.086982667E-1,6.237866282E-1,1.067841411E0
1.292198830E2,-3.006912768E-1,6.458763480E-1,1.071334839E0
1.292298600E2,-2.955172956E-1,6.254541874E-1,1.063221455E0
1.292398370E2,-2.809841931E-1,5.913677812E-1,1.062960625E0
1.292498140E2,-2.837642729E-1,6.191224456E-1,1.085035682E0
1.292597910E2,-3.171083927E-1,6.506398916E-1,1.091089368E0
1.292697680E2,-3.403937519E-1,6.521576643E-1,1.090384722E0
1.292797450E2,-3.263106942E-1,6.205095053E-1,1.085084081E0
1.292897220E2,-3.199901879E-1,6.228355169E-1,1.084904432E0
1.292996990E2,-3.435107470E-1,6.308463216E-1,1.079184294E0
1.293096760E2,-3.564749956E-1,6.227444410E-1,1.080431700E0
1.293196530E2,-3.434357941E-1,6.171461940E-1,1.086937547E0
1.293296300E2,-3.326923251E-1,6.196165085E-1,1.086172342E0
1.293396070E2,-3.416851759E-1,6.093135476E-1,1.076525450E0
1.293495840E2,-3.424668014E-1,5.963923931E-1,1.070108771E0
1.293595610E2,-3.260137439E-1,5.995727777E-1,1.074803472E0
1.293695380E2,-3.272584975E-1,6.228339076E-1,1.077678919E0
1.293795150E2,-3.415933251E-1,6.182328463E-1,1.064945221E0
1.293894920E2,-3.375389278E-1,6.067748070E-1,1.061041355E0
1.293994690E2,-3.350340724E-1,6.212121248E-1,1.062394738E0
1.294094460E2,-3.418320715E-1,6.044856310E-1,1.052850842E0
1.294194230E2,-3.552698195E-1,5.841893554E-1,1.044955730E0
1.294294000E2,-3.584847748E-1,5.789306760E-1,1.051072478E0
1.294393770E2,-3.522090316E-1,5.784910917E-1,1.061001539E0
1.294493540E2,-3.527176976E-1,5.656540990E-1,1.054433942E0
1.294593300E2,-3.613362908E-1,5.401533246E-1,1.039274573E0
1.294693070E2,-3.612372279E-1,5.454964042E-1,1.048627257E0
1.294792840E2,-3.631406128E-1,5.529629588E-1,1.055990458E0
1.294892610E2,-3.692613542E-1,5.358654261E-1,1.049376965E0
1.294992380E2,-3.760715127E-1,5.079922676E-1,1.038172007E0
1.295092150E2,-3.763295710E-1,4.948713779E-1,1.043692470E0
1.295191920E2,-3.774813414E-1,4.920872152E-1,1.048690200E0
1.295291690E2,-3.875475526E-1,4.591396749E-1,1.040938854E0
1.295391460E2,-3.849523365E-1,4.334846437E-1,1.037927985E0
1.295491230E2,-3.772355616E-1,4.336993098E-1,1.046743870E0
1.295591000E2,-3.795205057E-1,4.406254590E-1,1.053196549E0
1.295690770E2,-3.935889006E-1,4.203324318E-1,1.043424129E0
1.295790540E2,-3.936291337E-1,3.943296373E-1,1.039826393E0
1.295890310E2,-3.937196732E-1,4.044315219E-1,1.046961188E0
1.295990080E2,-4.017056525E-1,3.954994977E-1,1.043844581E0
1.296089850E2,-4.047275484E-1,3.717920482E-1,1.036870003E0
1.296189620E2,-3.959413767E-1,3.521664143E-1,1.035062313E0
1.296289390E2,-3.905708492E-1,3.495834172E-1,1.041228533E0
1.296389160E2,-3.982165754E-1,3.387025297E-1,1.035237074E0
1.296488930E2,-3.985036612E-1,3.068971932E-1,1.026671767E0
1.296588700E2,-3.945418000E-1,2.978741527E-1,1.031101942E0
1.296688470E2,-3.950283527E-1,2.870966196E-1,1.029616952E0
1.296788240E2,-4.019841850E-1,2.619332373E-1,1.023774862E0
1.296888010E2,-4.021261334E-1,2.370779365E-1,1.018647552E0
1.296987780E2,-3.995580971E-1,2.368339300E-1,1.019443870E0
1.297087550E2,-4.002699554E-1,2.384406179E-1,1.019477129E0
1.297187320E2,-4.016839266E-1,2.221807092E-1,1.011092424E0
1.297287090E2,-3.969493508E-1,1.942305714E-1,1.006702662E0
1.297386852E2,-3.940444589E-1,1.894956529E-1,1.010180712E0
1.297486622E2,-4.000957012E-1,1.781836152E-1,1.011121392E0
1.297586392E2,-4.055568576E-1,1.545266509E-1,1.002978086E0
1.297686162E2,-4.071875215E-1,1.249639541E-1,9.995582104E-1
1.297785932E2,-4.050920010E-1,1.326317787E-1,1.003060579E0
1.297885702E2,-4.108521640E-1,1.198861524E-1,9.987630248E-1
1.297985472E2,-4.053575397E-1,9.095195681E-2,9.960757494E-1
1.298085242E2,-3.993100226E-1,6.824771315E-2,9.996435642E-1
1.298185012E2,-3.977431357E-1,5.961296335E-2,1.006864309E0
1.298284782E2,-4.054282010E-1,4.054898769E-2,1.001925826E0
1.298384552E2,-4.097560048E-1,2.858419437E-3,9.910748005E-1
1.298484322E2,-4.056683183E-1,-1.408008486E-2,9.882223010E-1
1.298584092E2,-4.087125659E-1,-2.060673013E-2,9.912640452E-1
1.298683862E2,-4.238052368E-1,-3.914845735E-2,9.808649421E-1
1.298783632E2,-4.154050052E-1,-5.778244138E-2,9.862332344E-1
1.298883392E2,-4.054210782E-1,-5.552513897E-2,9.995312095E-1
1.298983162E2,-3.996194601E-1,-7.753833383E-2,1.000455737E0
1.299082932E2,-3.975568414E-1,-1.091489866E-1,9.974898100E-1
1.299182702E2,-4.014540911E-1,-1.204636246E-1,9.969061613E-1
1.299282472E2,-4.094299972E-1,-1.094450653E-1,1.001326561E0
1.299382242E2,-4.160153866E-1,-1.268240362E-1,9.920612574E-1
1.299482012E2,-4.117588699E-1,-1.612648368E-1,9.822707176E-1
1.299581782E2,-4.064692855E-1,-1.749992371E-1,9.799867272E-1
1.299681552E2,-4.023863971E-1,-1.622842401E-1,9.841098189E-1
1.299781322E2,-4.000425637E-1,-1.497497857E-1,9.838098288E-1
1.299881092E2,-3.928653598E-1,-1.585664451E-1,9.796944261E-1
1.299980862E2,-3.763756752E-1,-1.531882137E-1,9.826953411E-1
1.300080632E2,-3.687286675E-1,-1.552516371E-1,9.817744493E-1
1.300180402E2,-3.675937951E-1,-1.759890169E-1,9.730452299E-1
1.300280172E2,-3.707938492E-1,-1.893365085E-1,9.587811232E-1
1.300379942E2,-3.746334314E-1,-1.844343692E-1,9.586278796E-1
1.300479712E2,-3.784747720E-1,-1.803485453E-1,9.520911574E-1
1.300579482E2,-3.818902671E-1,-2.074811012E-1,9.397513866E-1
1.300679252E2,-3.825757802E-1,-2.320277244E-1,9.387378097E-1
1.300779022E2,-3.788394034E-1,-2.357989252E-1,9.465761185E-1
1.300878792E2,-3.772300780E-1,-2.465274632E-1,9.503967166E-1
1.300978562E2,-3.679746687E-1,-2.657480240E-1,9.447920918E-1
1.301078332E2,-3.635790944E-1,-2.889289558E-1,9.379520416E-1
1.301178102E2,-3.601629436E-1,-2.888920009E-1,9.458539486E-1
1.301277872E2,-3.682909310E-1,-2.920180261E-1,9.529041052E-1
1.301377642E2,-3.816667199E-1,-2.985373139E-1,9.521716237E-1
1.301477412E2,-3.869163394E-1,-3.046713769E-1,9.590564370E-1
1.301577182E2,-3.927052617E-1,-2.895792127E-1,9.665439129E-1
1.301676952E2,-4.012425542E-1,-2.901501954E-1,9.651779532E-1
1.301776722E2,-4.028659761E-1,-3.050884902E-1,9.593842030E-1
1.301876492E2,-4.062306285E-1,-3.053644001E-1,9.593889713E-1
1.301976262E2,-4.060854614E-1,-2.941047549E-1,9.683432579E-1
1.302076032E2,-4.036833048E-1,-2.866079509E-1,9.648846388E-1
1.302175802E2,-4.062335193E-1,-3.077754080E-1,9.651607871E-1
1.302275572E2,-4.003868103E-1,-3.173524141E-1,9.583670497E-1
1.302375342E2,-3.967452943E-1,-3.195457757E-1,9.585608244E-1
1.302475112E2,-3.996771574E-1,-3.211644590E-1,9.569160342E-1
1.302574882E2,-3.956020474E-1,-3.243963420E-1,9.498915672E-1
1.302674652E2,-3.907465935E-1,-3.403199315E-1,9.459993839E-1
1.302774422E2,-3.944353163E-1,-3.430134952E-1,9.483978152E-1
1.302874192E2,-3.937426209E-1,-3.476108909E-1,9.469703436E-1
1.302973962E2,-3.931263089E-1,-3.603036106E-1,9.504261613E-1
1.303073732E2,-3.911071122E-1,-3.630501330E-1,9.478729963E-1
1.303173502E2,-3.921999037E-1,-3.667635918E-1,9.424829483E-1
1.303273272E2,-3.858013749E-1,-3.839724064E-1,9.435860515E-1
1.303373042E2,-3.892725408E-1,-3.899076879E-1,9.395182729E-1
1.303472812E2,-3.991951942E-1,-3.968100548E-1,9.387187958E-1
1.303572582E2,-3.977143168E-1,-3.962102234E-1,9.438978434E-1
1.303672352E2,-4.022773802E-1,-3.859029710E-1,9.477570057E-1
1.303772122E2,-4.112963974E-1,-4.046567082E-1,9.402265549E-1
1.303871892E2,-4.079336226E-1,-4.158507884E-1,9.383881688E-1
1.303971652E2,-4.045024216E-1,-4.212211668E-1,9.394924045E-1
1.304071422E2,-4.003737271E-1,-4.174117744E-1,9.465265870E-1
1.304171192E2,-3.964170218E-1,-4.215740561E-1,9.444805980E-1
1.304270962E2,-3.971869648E-1,-4.319387972E-1,9.451485276E-1
1.304370732E2,-3.988543749E-1,-4.416084886E-1,9.459168911E-1
1.304470502E2,-4.018624127E-1,-4.472474456E-1,9.456388354E-1
1.304570272E2,-4.057864547E-1,-4.499035776E-1,9.441728592E-1
1.304670042E2,-4.094869196E-1,-4.438661933E-1,9.522430897E-1
1.304769812E2,-4.036254585E-1,-4.380086660E-1,9.541965127E-1
1.304869582E2,-3.985473514E-1,-4.566390812E-1,9.451758265E-1
1.304969352E2,-3.988440931E-1,-4.752188921E-1,9.389418364E-1
1.305069122E2,-4.020409584E-1,-4.854539633E-1,9.424161911E-1
1.305168892E2,-3.999610245E-1,-4.781289995E-1,9.548566341E-1
1.305268662E2,-4.005016685E-1,-4.658938944E-1,9.558017850E-1
1.305368432E2,-4.125430882E-1,-4.497375190E-1,9.499195218E-1
1.305468202E2,-4.148283303E-1,-4.321236312E-1,9.517003894E-1
1.305567972E2,-4.124655724E-1,-4.176167548E-1,9.496790767E-1
1.305667742E2,-4.038489163E-1,-4.497627020E-1,9.371560812E-1
1.305767512E2,-3.899318278E-1,-4.812334478E-1,9.252888560E-1
1.305867282E2,-3.869182169E-1,-4.797726870E-1,9.345457554E-1
1.305967052E2,-3.952078521E-1,-4.534038007E-1,9.448964596E-1
1.306066822E2,-3.964310288E-1,-4.651528597E-1,9.398273826E-1
1.306166592E2,-3.903925717E-1,-4.935954511E-1,9.337961078E-1
1.306266362E2,-3.906114697E-1,-4.946697652E-1,9.385601878E-1
1.306366132E2,-4.012384117E-1,-4.916263223E-1,9.315469861E-1
1.306465902E2,-4.106715918E-1,-5.056209564E-1,9.319658875E-1
1.306565672E2,-4.081166089E-1,-5.098146796E-1,9.365333319E-1
1.306665442E2,-4.103752375E-1,-5.021322370E-1,9.317324758E-1
1.306765212E2,-4.137739837E-1,-5.174545050E-1,9.247336984E-1
1.306864982E2,-4.066396356E-1,-5.395329595E-1,9.255547523E-1
1.306964752E2,-3.918364644E-1,-5.338927507E-1,9.346870780E-1
1.307064522E2,-3.899371028E-1,-5.142868161E-1,9.459652901E-1
1.307164292E2,-3.911891282E-1,-5.116146207E-1,9.377577305E-1
1.307264062E2,-3.922493160E-1,-5.181156993E-1,9.263104200E-1
1.307363835E2,-3.930279911E-1,-5.280991793E-1,9.265027046E-1
1.307463605E2,-3.902806640E-1,-5.292315483E-1,9.294619560E-1
1.307563375E2,-3.914069831E-1,-5.391365290E-1,9.292842150E-1
1.307663145E2,-3.878684342E-1,-5.376152992E-1,9.327161908E-1
1.307762915E2,-3.835435510E-1,-5.260860920E-1,9.356521964E-1
1.307862685E2,-3.855686188E-1,-5.302624702E-1,9.320710897E-1
1.307962455E2,-3.849258125E-1,-5.467934608E-1,9.273326993E-1
1.308062225E2,-3.803875148E-1,-5.681679845E-1,9.274253249E-1
1.308161995E2,-3.696192801E-1,-5.693948865E-1,9.369192719E-1
1.308261765E2,-3.673119247E-1,-5.722244978E-1,9.404529929E-1
1.308361535E2,-3.706001937E-1,-5.780338049E-1,9.432235956E-1
1.308461305E2,-3.742244840E-1,-5.775004029E-1,9.482721686E-1
1.308561075E2,-3.775689006E-1,-5.685639977E-1,9.476796985E-1
1.308660845E2,-3.890623152E-1,-5.733060241E-1,9.365692139E-1
1.308760615E2,-3.912659585E-1,-5.943776369E-1,9.297260046E-1
1.308860385E2,-3.810647130E-1,-5.828490853E-1,9.385005832E-1
1.308960155E2,-3.779627085E-1,-5.740275383E-1,9.395390153E-1
1.309059925E2,-3.736342788E-1,-5.888310075E-1,9.366068840E-1
1.309159695E2,-3.610683084E-1,-5.951628089E-1,9.366468787E-1
1.309259465E2,-3.594192863E-1,-5.972459316E-1,9.391800761E-1
1.309359235E2,-3.495858908E-1,-6.056763530E-1,9.436489940E-1
1.309459005E2,-3.454436064E-1,-6.216087341E-1,9.417946339E-1
1.309558775E2,-3.461477458E-1,-6.167359352E-1,9.486736059E-1
1.309658545E2,-3.490804434E-1,-6.006512642E-1,9.565048814E-1
1.309758315E2,-3.535234630E-1,-6.098942757E-1,9.515885711E-1
1.309858085E2,-3.521223664E-1,-6.337370276E-1,9.429378510E-1
1.309957855E2,-3.534127772E-1,-6.544144750E-1,9.406055808E-1
1.310057625E2,-3.532713652E-1,-6.540957093E-1,9.443635345E-1
1.310157385E2,-3.503701985E-1,-6.508413553E-1,9.469909668E-1
1.310257155E2,-3.492194414E-1,-6.439996958E-1,9.501805902E-1
1.310356925E2,-3.477837741E-1,-6.189680696E-1,9.644781947E-1
1.310456695E2,-3.486018777E-1,-6.112174392E-1,9.676177502E-1
1.310556465E2,-3.436559141E-1,-6.250460744E-1,9.665324092E-1
1.310656235E2,-3.328176439E-1,-6.484739184E-1,9.621102214E-1
1.310756005E2,-3.301279843E-1,-6.484844089E-1,9.649896026E-1
1.310855775E2,-3.313996494E-1,-6.319813132E-1,9.719548225E-1
1.310955545E2,-3.365393579E-1,-6.222395301E-1,9.728195071E-1
1.311055315E2,-3.378075659E-1,-6.174026728E-1,9.729057550E-1
1.311155085E2,-3.369792104E-1,-6.332541108E-1,9.636704326E-1
1.311254855E2,-3.333474398E-1,-6.438918114E-1,9.586591125E-1
1.311354625E2,-3.258380592E-1,-6.470074654E-1,9.658016562E-1
1.311454395E2,-3.215961754E-1,-6.357386112E-1,9.706789255E-1
1.311554165E2,-3.178903162E-1,-6.140522957E-1,9.777172208E-1
1.311653935E2,-3.163802922E-1,-6.096128225E-1,9.786275029E-1
1.311753705E2,-3.058698773E-1,-6.249759197E-1,9.769135714E-1
1.311853475E2,-2.980673313E-1,-6.320136189E-1,9.755138159E-1
1.311953245E2,-2.996973097E-1,-6.220975518E-1,9.776485562E-1
1.312053015E2,-3.046870232E-1,-6.074826717E-1,9.835757017E-1
1.312152785E2,-3.042245805E-1,-6.132615209E-1,9.805452824E-1
1.312252555E2,-3.000519276E-1,-6.111317873E-1,9.835807681E-1
1.312352325E2,-2.978309393E-1,-6.040511727E-1,9.805957675E-1
1.312452095E2,-2.930516303E-1,-6.077401638E-1,9.819316268E-1
1.312551865E2,-2.796128094E-1,-6.122152805E-1,9.870572090E-1
1.312651635E2,-2.689681649E-1,-6.073096991E-1,9.931225777E-1
1.312751405E2,-2.711169720E-1,-5.994805694E-1,9.956439137E-1
1.312851175E2,-2.730608284E-1,-5.956711769E-1,9.955900908E-1
1.312950945E2,-2.654533684E-1,-5.897315145E-1,1.000194192E0
1.313050715E2,-2.622855604E-1,-5.823516846E-1,9.981322885E-1
1.313150485E2,-2.666712999E-1,-5.785185099E-1,9.980078340E-1
1.313250255E2,-2.629311681E-1,-5.752971768E-1,9.979410172E-1
1.313350025E2,-2.597351372E-1,-5.701959133E-1,1.007416606E0
1.313449795E2,-2.574093938E-1,-5.614069700E-1,1.009512186E0
1.313549565E2,-2.591495812E-1,-5.726560354E-1,1.007970810E0
1.313649335E2,-2.579447627E-1,-5.697878003E-1,1.005077004E0
1.313749105E2,-2.444828749E-1,-5.662596822E-1,1.001882911E0
1.313848875E2,-2.438474447E-1,-5.639594793E-1,1.009789824E0
1.313948645E2,-2.382853925E-1,-5.488985777E-1,1.008411288E0
1.314048415E2,-2.329907566E-1,-5.453736186E-1,1.009595871E0
1.314148185E2,-2.262953520E-1,-5.431267619E-1,1.013154507E0
1.314247955E2,-2.241685539E-1,-5.353758931E-1,1.012940049E0
1.314347725E2,-2.255203277E-1,-5.360826850E-1,1.009935260E0
1.314447495E2,-2.211998850E-1,-5.264463425E-1,1.013101697E0
1.314547265E2,-2.163592875E-1,-5.204377770E-1,1.013324499E0
1.314647035E2,-2.149664611E-1,-5.092490315E-1,1.016616940E0
1.314746805E2,-2.176023275E-1,-5.071574450E-1,1.012469888E0
1.314846575E2,-2.160859257E-1,-4.984001517E-1,1.019576550E0
1.314946345E2,-2.067236155E-1,-4.733375311E-1,1.025967956E0
1.315046115E2,-2.060881853E-1,-4.644319117E-1,1.023955584E0
1.315145885E2,-2.086975574E-1,-4.632136226E-1,1.018013358E0
1.315245655E2,-2.137415856E-1,-4.498504400E-1,1.011008739E0
1.315345425E2,-2.122037411E-1,-4.392976463E-1,1.017365694E0
1.315445195E2,-1.932537407E-1,-4.327396154E-1,1.025915742E0
1.315544965E2,-1.774955690E-1,-4.434378147E-1,1.029949069E0
1.315644735E2,-1.722323596E-1,-4.401011467E-1,1.031817794E0
1.315744505E2,-1.762545407E-1,-4.288005531E-1,1.030043364E0
1.315844275E2,-1.799022704E-1,-4.098793268E-1,1.035487175E0
1.315944045E2,-1.805185229E-1,-3.881793618E-1,1.038206220E0
1.316043815E2,-1.798657775E-1,-3.902174830E-1,1.036294103E0
1.316143585E2,-1.792096943E-1,-3.848766983E-1,1.034951091E0
1.316243355E2,-1.852604002E-1,-3.640124500E-1,1.032498598E0
1.316343125E2,-1.951085776E-1,-3.393982947E-1,1.030737281E0
1.316442895E2,-1.955378801E-1,-3.330831230E-1,1.040360093E0
1.316542665E2,-1.798463017E-1,-3.310880661E-1,1.044324756E0
1.316642435E2,-1.616686285E-1,-3.239944577E-1,1.046673179E0
1.316742205E2,-1.549222618E-1,-3.198626339E-1,1.043101549E0
1.316841975E2,-1.507674605E-1,-3.075106144E-1,1.045370817E0
1.316941745E2,-1.456473768E-1,-2.891922295E-1,1.049429893E0
1.317041515E2,-1.445469558E-1,-2.744582891E-1,1.053734422E0
1.317141285E2,-1.506807804E-1,-2.660625875E-1,1.053950429E0
1.317241055E2,-1.567389518E-1,-2.513459623E-1,1.049575448E0
1.317340811E2,-1.579086185E-1,-2.348174006E-1,1.047537088E0
1.317440581E2,-1.543564945E-1,-2.273118198E-1,1.044422269E0
1.317540351E2,-1.518040299E-1,-2.226627618E-1,1.041225553E0
1.317640121E2,-1.471288502E-1,-2.115179598E-1,1.039522409E0
1.317739891E2,-1.444589049E-1,-1.978820413E-1,1.039738178E0
1.317839661E2,-1.387158036E-1,-1.821331680E-1,1.040301681E0
1.317939431E2,-1.318847537E-1,-1.726576686E-1,1.039739609E0
1.318039201E2,-1.235983297E-1,-1.661100239E-1,1.045325875E0
1.318138971E2,-1.180616468E-1,-1.607271731E-1,1.049021840E0
1.318238741E2,-1.207351983E-1,-1.443593800E-1,1.047304630E0
1.318338511E2,-1.304235309E-1,-1.053204611E-1,1.050679207E0
1.318438281E2,-1.337365061E-1,-7.977861166E-2,1.052011013E0
1.318538051E2,-1.264846027E-1,-6.576125324E-2,1.049389124E0
1.318637821E2,-1.248323768E-1,-5.966900662E-2,1.038820386E0
1.318737591E2,-1.275283843E-1,-3.886433691E-2,1.031900167E0
1.318837361E2,-1.249328703E-1,-1.754999533E-2,1.030639648E0
1.318937131E2,-1.189864948E-1,7.071045693E-3,1.030939698E0
1.319036901E2,-1.106017977E-1,1.760411263E-2,1.032336712E0
1.319136671E2,-1.063032374E-1,2.746075578E-2,1.034263372E0
1.319236441E2,-1.040733755E-1,4.017069191E-2,1.036267161E0
1.319336211E2,-1.068950966E-1,4.391067848E-2,1.036342144E0
1.319435981E2,-1.162087098E-1,5.893143639E-2,1.038830042E0
1.319535751E2,-1.176119968E-1,7.854839414E-2,1.035347342E0
1.319635521E2,-1.135131270E-1,6.826405972E-2,1.032663345E0
1.319735291E2,-1.081383228E-1,3.869001940E-2,1.030898809E0
1.319835061E2,-1.155461669E-1,2.986962907E-2,1.036439061E0
1.319934831E2,-1.218617633E-1,4.934211820E-2,1.051528811E0
1.320034601E2,-1.283992976E-1,7.475826144E-2,1.066792488E0
1.320134371E2,-1.293536723E-1,8.803787827E-2,1.075816751E0
1.320234141E2,-1.302277297E-1,8.690976351E-2,1.082844496E0
1.320333911E2,-1.341817677E-1,1.040365845E-1,1.083447218E0
1.320433681E2,-1.376028657E-1,1.156495661E-1,1.083273530E0
1.320533451E2,-1.455363631E-1,1.359799653E-1,1.092156172E0
1.320633221E2,-1.567248404E-1,1.571193337E-1,1.098983765E0
1.320732991E2,-1.632249355E-1,1.779524982E-1,1.097808123E0
1.320832761E2,-1.670883745E-1,1.921335757E-1,1.093488812E0
1.320932531E2,-1.730422229E-1,1.924599111E-1,1.092615724E0
1.321032301E2,-1.653328985E-1,2.130996734E-1,1.087372303E0
1.321132071E2,-1.616836637E-1,2.330861837E-1,1.082911491E0
1.321231841E2,-1.533679366E-1,2.365704030E-1,1.074129224E0
1.321331611E2,-1.416375339E-1,2.577575147E-1,1.072725296E0
1.321431381E2,-1.341242194E-1,2.792242169E-1,1.069718957E0
1.321531151E2,-1.289410442E-1,2.990882993E-1,1.062412500E0
1.321630921E2,-1.340537667E-1,3.086967170E-1,1.049095869E0
1.321730691E2,-1.325181723E-1,3.123869002E-1,1.046734691E0
1.321830461E2,-1.219214499E-1,3.231047988E-1,1.049921393E0
1.321930231E2,-1.215079874E-1,3.474634290E-1,1.047094941E0
1.322030001E2,-1.319494396E-1,3.510030210E-1,1.045478225E0
1.322129771E2,-1.251630932E-1,3.608316481E-1,1.051381707E0
1.322229541E2,-1.204580888E-1,3.657132387E-1,1.050267100E0
1.322329311E2,-1.250792444E-1,3.762891889E-1,1.051245689E0
1.322429081E2,-1.363793164E-1,3.959843516E-1,1.051039577E0
1.322528851E2,-1.456739157E-1,4.049780965E-1,1.061849713E0
1.322628621E2,-1.430051625E-1,4.172664583E-1,1.061112761E0
1.322728391E2,-1.510470808E-1,4.288341105E-1,1.058008909E0
1.322828161E2,-1.549131870E-1,4.138074815E-1,1.053097248E0
1.322927931E2,-1.521512568E-1,4.406069815E-1,1.058579326E0
1.323027701E2,-1.492185742E-1,4.603588283E-1,1.054690003E0
1.323127471E2,-1.553260088E-1,4.660683572E-1,1.046173453E0
1.323227241E2,-1.585212797E-1,4.712338150E-1,1.044983625E0
1.323327011E2,-1.558302641E-1,4.747807682E-1,1.045685291E0
1.323426781E2,-1.638410538E-1,4.989981949E-1,1.047924280E0
1.323526551E2,-1.803684086E-1,5.150474310E-1,1.039474368E0
1.323626321E2,-1.823407412E-1,5.030125976E-1,1.033034325E0
1.323726091E2,-1.671225429E-1,5.167682171E-1,1.041786909E0
1.323825861E2,-1.690221727E-1,5.313982964E-1,1.039234281E0
1.323925631E2,-1.954148859E-1,5.486274362E-1,1.037499428E0
1.324025401E2,-1.971115917E-1,5.537995696E-1,1.040231824E0
1.324125171E2,-1.870152652E-1,5.428771973E-1,1.042128444E0
1.324224941E2,-1.906121224E-1,5.516925454E-1,1.043093324E0
1.324324711E2,-2.150819302E-1,5.541398525E-1,1.032333136E0
1.324424481E2,-2.334870398E-1,5.676867962E-1,1.043124318E0
1.324524251E2,-2.233364135E-1,5.613607168E-1,1.049111605E0
1.324624021E2,-2.278467417E-1,5.726743340E-1,1.047614217E0
1.324723791E2,-2.499163151E-1,6.013684869E-1,1.048075318E0
1.324823561E2,-2.472110838E-1,5.996547937E-1,1.047873259E0
1.324923331E2,-2.274237722E-1,5.996629000E-1,1.051053524E0
1.325023101E2,-2.394751012E-1,6.149132252E-1,1.053703904E0
1.325122871E2,-2.581257522E-1,6.061653495E-1,1.043310881E0
1.325222641E2,-2.580226958E-1,5.914937258E-1,1.035304070E0
1.325322411E2,-2.519957721E-1,5.961025357E-1,1.027969122E0
1.325422181E2,-2.680104375E-1,6.181594133E-1,1.021330357E0
1.325521951E2,-2.702576816E-1,6.345100403E-1,1.028055191E0
1.325621721E2,-2.688730955E-1,6.616733074E-1,1.039146185E0
1.325721491E2,-2.780236602E-1,6.731376052E-1,1.039928317E0
1.325821261E2,-2.935110033E-1,6.851710677E-1,1.039463878E0
1.325921031E2,-3.010435998E-1,6.854788661E-1,1.028312922E0
1.326020801E2,-2.963873148E-1,6.858812571E-1,1.026593804E0
1.326120571E2,-2.958367765E-1,6.951927543E-1,1.029857397E0
1.326220341E2,-2.978533208E-1,6.968976855E-1,1.028704762E0
1.326320111E2,-2.930454016E-1,6.943433881E-1,1.029835820E0
1.326419881E2,-2.948811054E-1,7.072346807E-1,1.025059700E0
1.326519641E2,-3.176336884E-1,7.055279016E-1,1.016388178E0
1.326619411E2,-3.340422213E-1,7.002984881E-1,1.018663287E0
1.326719181E2,-3.328599930E-1,7.077499032E-1,1.018082619E0
1.326818951E2,-3.410236239E-1,7.278610468E-1,1.014012694E0
1.326918721E2,-3.627578914E-1,7.394220829E-1,1.002819419E0
1.327018491E2,-3.740108311E-1,7.376247048E-1,9.979509115E-1
1.327118261E2,-3.633839786E-1,7.395868897E-1,9.995484352E-1
1.327218031E2,-3.598196208E-1,7.427573800E-1,1.002457619E0
1.327317801E2,-3.573885262E-1,7.207198739E-1,9.973715544E-1
1.327417568E2,-3.585222363E-1,7.067443728E-1,9.955177307E-1
1.327517338E2,-3.689009249E-1,7.152041793E-1,9.956763387E-1
1.327617108E2,-3.883696795E-1,7.179331183E-1,9.914403558E-1
1.327716878E2,-4.073360860E-1,7.194938660E-1,9.938300252E-1
1.327816648E2,-4.158193171E-1,7.254228592E-1,9.989078641E-1
1.327916418E2,-4.222142398E-1,7.168254852E-1,9.913290739E-1
1.328016188E2,-4.329768717E-1,6.974427700E-1,9.869961143E-1
1.328115958E2,-4.339185059E-1,6.856777668E-1,9.864439368E-1
1.328215728E2,-4.318548143E-1,6.761236787E-1,9.912996292E-1
1.328315498E2,-4.355134964E-1,6.773585677E-1,9.905500412E-1
1.328415268E2,-4.404336810E-1,6.552897096E-1,9.829483032E-1
1.328515038E2,-4.358172417E-1,6.395187974E-1,9.867097735E-1
1.328614808E2,-4.429907501E-1,6.405473351E-1,9.827941656E-1
1.328714578E2,-4.623016715E-1,6.405302882E-1,9.775532484E-1
1.328814348E2,-4.725553691E-1,6.439092755E-1,9.780791998E-1
1.328914118E2,-4.685782194E-1,6.459497213E-1,9.748543501E-1
1.329013888E2,-4.701396227E-1,6.369609833E-1,9.683066607E-1
1.329113658E2,-4.791172445E-1,6.268827319E-1,9.608883262E-1
1.329213428E2,-4.906415343E-1,6.228983998E-1,9.578110576E-1
1.329313198E2,-4.873193502E-1,6.155500412E-1,9.586356282E-1
1.329412968E2,-4.907958508E-1,6.230289936E-1,9.537835717E-1
1.329512738E2,-5.016229749E-1,6.265087128E-1,9.505159259E-1
1.329612508E2,-5.011952519E-1,6.230657697E-1,9.487404227E-1
1.329712278E2,-5.042715669E-1,6.175539494E-1,9.482567310E-1
1.329812048E2,-5.089233518E-1,6.088193655E-1,9.435924292E-1
1.329911818E2,-5.124746561E-1,5.807672739E-1,9.306225777E-1
1.330011588E2,-5.158222318E-1,5.660895109E-1,9.331573844E-1
1.330111358E2,-5.267590284E-1,5.661066175E-1,9.324340820E-1
1.330211128E2,-5.365280509E-1,5.578151345E-1,9.256443381E-1
1.330310898E2,-5.420705676E-1,5.405024290E-1,9.181528091E-1
1.330410668E2,-5.371199846E-1,5.272009969E-1,9.165239930E-1
1.330510438E2,-5.288236737E-1,5.214896798E-1,9.176852107E-1
1.330610208E2,-5.282121897E-1,5.136752129E-1,9.158364534E-1
1.330709978E2,-5.324360728E-1,5.021460056E-1,9.088549614E-1
1.330809748E2,-5.296469331E-1,4.888523519E-1,9.084712267E-1
1.330909518E2,-5.274884701E-1,4.755136073E-1,9.046279788E-1
1.331009288E2,-5.399714708E-1,4.386160374E-1,8.877784610E-1
1.331109058E2,-5.540824533E-1,4.135476351E-1,8.837450147E-1
1.331208828E2,-5.675364733E-1,4.166145325E-1,8.886657357E-1
1.331308598E2,-5.792726874E-1,4.204457402E-1,8.962054253E-1
1.331408368E2,-5.788380504E-1,4.095009267E-1,8.925257325E-1
1.331508138E2,-5.840715766E-1,3.885342181E-1,8.833490610E-1
1.331607908E2,-5.841546655E-1,3.794693649E-1,8.832132220E-1
1.331707678E2,-5.888329148E-1,3.827925622E-1,8.761734962E-1
1.331807448E2,-5.925222039E-1,3.551857173E-1,8.722133636E-1
1.331907218E2,-5.817010999E-1,3.320800364E-1,8.733116388E-1
1.332006988E2,-5.859498978E-1,3.096010983E-1,8.706897497E-1
1.332106758E2,-5.938947201E-1,2.877328992E-1,8.654008508E-1
1.332206528E2,-6.033044457E-1,2.738160193E-1,8.640817404E-1
1.332306298E2,-6.009953022E-1,2.536588907E-1,8.632093668E-1
1.332406068E2,-6.031737328E-1,2.587119639E-1,8.644373417E-1
1.332505838E2,-6.080933809E-1,2.530779839E-1,8.624319434E-1
1.332605608E2,-6.011568904E-1,2.297500521E-1,8.559442163E-1
1.332705378E2,-6.007041931E-1,2.126858681E-1,8.548380136E-1
1.332805148E2,-6.110132933E-1,2.006646246E-1,8.476184011E-1
1.332904918E2,-6.248219609E-1,1.714243889E-1,8.360013366E-1
1.333004688E2,-6.225228310E-1,1.513939500E-1,8.367558122E-1
1.333104458E2,-6.206255555E-1,1.323665828E-1,8.318381310E-1
1.333204228E2,-6.180915236E-1,1.082114428E-1,8.280854821E-1
1.333303998E2,-6.184372902E-1,8.288395405E-2,8.199080825E-1
1.333403768E2,-6.160415411E-1,7.396609336E-2,8.174310327E-1
1.333503538E2,-6.191437840E-1,8.341474831E-2,8.149760962E-1
1.333603308E2,-6.248937845E-1,8.256226778E-2,8.010565639E-1
1.333703078E2,-6.219724417E-1,7.602905482E-2,7.958801389E-1
1.333802848E2,-6.098329425E-1,6.735939533E-2,8.018586636E-1
1.333902618E2,-5.982202888E-1,3.603084385E-2,7.991324663E-1
1.334002388E2,-5.983443856E-1,-1.292577945E-2,7.966237664E-1
1.334102158E2,-6.044402719E-1,-4.387824982E-2,8.001860380E-1
1.334201928E2,-6.064914465E-1,-6.972768903E-2,8.094863296E-1
1.334301698E2,-6.106411219E-1,-6.770318747E-2,8.114868402E-1
1.334401468E2,-6.275732517E-1,-1.049552262E-1,7.931461930E-1
1.334501238E2,-6.353913546E-1,-1.195468605E-1,7.932993174E-1
1.334601008E2,-6.385157704E-1,-1.098686680E-1,7.973470688E-1
1.334700778E2,-6.406741142E-1,-1.201423332E-1,7.971576452E-1
1.334800548E2,-6.357232928E-1,-1.537860334E-1,7.897242308E-1
1.334900318E2,-6.262938380E-1,-1.932059228E-1,7.911866307E-1
1.335000088E2,-6.137460470E-1,-1.982342303E-1,8.036153316E-1
1.335099858E2,-6.099676490E-1,-1.928059161E-1,8.092807531E-1
1.335199628E2,-6.110049486E-1,-2.029680014E-1,8.023837209E-1
1.335299398E2,-6.026709080E-1,-1.944247633E-1,8.069010377E-1
1.335399168E2,-6.018623710E-1,-1.770777404E-1,8.031880856E-1
1.335498938E2,-6.105517745E-1,-1.762785614E-1,7.900661826E-1
1.335598708E2,-6.175017953E-1,-1.864843220E-1,7.751064301E-1
1.335698478E2,-6.209719181E-1,-1.871919483E-1,7.691215277E-1
1.335798248E2,-6.172722578E-1,-1.774980426E-1,7.725673914E-1
1.335898018E2,-6.082504988E-1,-1.909530759E-1,7.646827698E-1
1.335997788E2,-6.036355495E-1,-2.254327536E-1,7.582184672E-1
1.336097558E2,-5.867149234E-1,-2.343780696E-1,7.662925124E-1
1.336197328E2,-5.816514492E-1,-2.371749133E-1,7.659295201E-1
1.336297098E2,-5.875545740E-1,-2.497828454E-1,7.541697621E-1
1.336396868E2,-5.871284604E-1,-2.622669637E-1,7.472794056E-1
1.336496638E2,-5.844804049E-1,-2.649762928E-1,7.544662356E-1
1.336596408E2,-5.821933150E-1,-2.669145465E-1,7.610673904E-1
1.336696178E2,-5.844326615E-1,-2.979035974E-1,7.574338317E-1
1.336795948E2,-5.874582529E-1,-3.235605061E-1,7.537088990E-1
1.336895718E2,-5.933260918E-1,-3.229314685E-1,7.584329844E-1
1.336995488E2,-5.924286246E-1,-3.147398531E-1,7.640599608E-1
1.337095258E2,-5.908156037E-1,-3.348688483E-1,7.637485266E-1
1.337195028E2,-5.836066604E-1,-3.456871212E-1,7.678303719E-1
1.337294798E2,-5.760239959E-1,-3.502940238E-1,7.719510794E-1
1.337394570E2,-5.742663145E-1,-3.577441871E-1,7.736166120E-1
1.337494340E2,-5.774798989E-1,-3.573135138E-1,7.779579759E-1
1.337594110E2,-5.771491528E-1,-3.491663635E-1,7.872835994E-1
1.337693880E2,-5.787417293E-1,-3.503459692E-1,7.858226299E-1
1.337793650E2,-5.825263262E-1,-3.698938191E-1,7.817474604E-1
1.337893420E2,-5.816285014E-1,-3.836863935E-1,7.790068984E-1
1.337993190E2,-5.843724012E-1,-3.932540715E-1,7.885471582E-1
1.338092960E2,-5.795882344E-1,-3.884138763E-1,8.025936484E-1
1.338192730E2,-5.782201290E-1,-3.988420069E-1,7.974241972E-1
1.338292500E2,-5.821980238E-1,-4.260253310E-1,7.940658331E-1
1.338392270E2,-5.845860839E-1,-4.150964916E-1,7.989695072E-1
1.338492040E2,-5.925489664E-1,-4.066419005E-1,7.942293882E-1
1.338591810E2,-5.974236131E-1,-3.922997117E-1,7.954632640E-1
1.338691580E2,-5.919416547E-1,-3.817448020E-1,7.966166735E-1
1.338791350E2,-5.833404660E-1,-3.875885606E-1,7.917383313E-1
1.338891120E2,-5.760877132E-1,-4.043140411E-1,7.856839895E-1
1.338990890E2,-5.707392693E-1,-4.211241603E-1,7.801036239E-1
1.339090660E2,-5.679620504E-1,-4.215234816E-1,7.876749039E-1
1.339190430E2,-5.566212535E-1,-4.177140892E-1,7.910059690E-1
1.339290200E2,-5.515350103E-1,-4.317991436E-1,7.822489738E-1
1.339389970E2,-5.509302020E-1,-4.526967108E-1,7.822207212E-1
1.339489740E2,-5.546470284E-1,-4.503256083E-1,7.891373038E-1
1.339589510E2,-5.582745671E-1,-4.589366913E-1,7.906188369E-1
1.339689280E2,-5.540173054E-1,-4.750505686E-1,7.882270813E-1
1.339789050E2,-5.549246073E-1,-5.048870444E-1,7.852507234E-1
1.339888820E2,-5.543858409E-1,-5.069937706E-1,7.928618789E-1
1.339988590E2,-5.558849573E-1,-5.069072247E-1,7.984662056E-1
1.340088360E2,-5.609446764E-1,-5.174597502E-1,8.029697537E-1
1.340188130E2,-5.574597120E-1,-5.138903260E-1,8.113984466E-1
1.340287900E2,-5.534995198E-1,-5.148084164E-1,8.093826175E-1
1.340387670E2,-5.503111482E-1,-5.286848545E-1,8.092896342E-1
1.340487440E2,-5.523689389E-1,-5.352158546E-1,8.074799180E-1
1.340587210E2,-5.538070798E-1,-5.241174102E-1,8.169975281E-1
1.340686980E2,-5.487089157E-1,-5.257054567E-1,8.206163645E-1
1.340786750E2,-5.473182201E-1,-5.375903249E-1,8.212891221E-1
1.340886520E2,-5.493552685E-1,-5.524183512E-1,8.211562634E-1
1.340986290E2,-5.476119518E-1,-5.378703475E-1,8.307609558E-1
1.341086060E2,-5.402010083E-1,-5.204883218E-1,8.385579586E-1
1.341185830E2,-5.378174782E-1,-5.393275023E-1,8.348697424E-1
1.341285600E2,-5.359998941E-1,-5.654844046E-1,8.336775303E-1
1.341385370E2,-5.371173620E-1,-5.570666790E-1,8.398576379E-1
1.341485140E2,-5.341655016E-1,-5.564842224E-1,8.448559046E-1
1.341584910E2,-5.257405639E-1,-5.486215353E-1,8.488250971E-1
1.341684680E2,-5.260785818E-1,-5.459055305E-1,8.425160646E-1
1.341784450E2,-5.182286501E-1,-5.566758513E-1,8.434449434E-1
1.341884220E2,-5.101935863E-1,-5.532723665E-1,8.466159701E-1
1.341983990E2,-5.045319796E-1,-5.635588169E-1,8.415368199E-1
1.342083760E2,-4.926593900E-1,-5.687395930E-1,8.397430182E-1
1.342183530E2,-4.832057059E-1,-5.617831349E-1,8.402788639E-1
1.342283310E2,-4.753237665E-1,-5.651628971E-1,8.400135040E-1
1.342383080E2,-4.736952186E-1,-5.661349297E-1,8.418497443E-1
1.342482850E2,-4.805785716E-1,-5.555473566E-1,8.380954862E-1
1.342582620E2,-4.814185500E-1,-5.640654564E-1,8.318237662E-1
1.342682390E2,-4.701329172E-1,-5.925222039E-1,8.274730444E-1
1.342782160E2,-4.612928331E-1,-6.169865131E-1,8.299905062E-1
1.342881930E2,-4.558349550E-1,-6.167422533E-1,8.428598046E-1
1.342981700E2,-4.473173618E-1,-6.204085946E-1,8.516431451E-1
1.343081470E2,-4.325172007E-1,-6.364008188E-1,8.609819412E-1
1.343181240E2,-4.199204445E-1,-6.483711600E-1,8.703565598E-1
1.343281010E2,-4.143565595E-1,-6.502012610E-1,8.753952384E-1
1.343380780E2,-4.192456007E-1,-6.580136418E-1,8.810999990E-1
1.343480550E2,-4.178818762E-1,-6.610558033E-1,8.851372600E-1
1.343580320E2,-4.281177521E-1,-6.605018973E-1,8.825633526E-1
1.343680090E2,-4.399926662E-1,-6.585602164E-1,8.731770515E-1
1.343779860E2,-4.399785399E-1,-6.482313871E-1,8.749078512E-1
1.343879630E2,-4.307066500E-1,-6.466242671E-1,8.789578080E-1
1.343979400E2,-4.139274061E-1,-6.456846595E-1,8.855056763E-1
1.344079170E2,-3.986425102E-1,-6.667678952E-1,8.820173144E-1
1.344178940E2,-3.823535740E-1,-6.807971597E-1,8.856073022E-1
1.344278710E2,-3.646100461E-1,-6.678969264E-1,8.923510909E-1
1.344378480E2,-3.529960215E-1,-6.778891087E-1,8.963141441E-1
1.344478250E2,-3.439121544E-1,-6.833930612E-1,9.011560678E-1
1.344578020E2,-3.479638994E-1,-6.982918978E-1,8.994290233E-1
1.344677790E2,-3.458049595E-1,-7.204103470E-1,9.038325548E-1
1.344777560E2,-3.461985886E-1,-7.247435451E-1,9.063993096E-1
1.344877330E2,-3.503053784E-1,-7.390342355E-1,9.068606496E-1
1.344977100E2,-3.455282152E-1,-7.585170865E-1,9.108865261E-1
1.345076870E2,-3.446612060E-1,-7.744333148E-1,9.097096920E-1
1.345176640E2,-3.465259671E-1,-7.773507833E-1,9.100210071E-1
1.345276410E2,-3.312796950E-1,-7.724540830E-1,9.193954468E-1
1.345376180E2,-3.179348707E-1,-7.579409480E-1,9.328311086E-1
1.345475950E2,-3.084196746E-1,-7.574833035E-1,9.414803386E-1
1.345575720E2,-3.049285114E-1,-7.613224983E-1,9.399112463E-1
1.345675490E2,-3.054024279E-1,-7.574141622E-1,9.428244233E-1
1.345775260E2,-2.993993759E-1,-7.413385510E-1,9.516724944E-1
1.345875030E2,-2.883416116E-1,-7.321634293E-1,9.573034048E-1
1.345974800E2,-2.861711383E-1,-7.339546680E-1,9.589239359E-1
1.346074570E2,-2.857588828E-1,-7.288905382E-1,9.576325417E-1
1.346174340E2,-2.892446816E-1,-7.117602825E-1,9.513000846E-1
1.346274110E2,-2.851453424E-1,-7.135748267E-1,9.538307190E-1
1.346373880E2,-2.641716301E-1,-7.152909636E-1,9.601432085E-1
1.346473650E2,-2.606214881E-1,-7.198539972E-1,9.553340673E-1
1.346573420E2,-2.540682256E-1,-7.131412029E-1,9.554291368E-1
1.346673190E2,-2.414291501E-1,-6.995931864E-1,9.544991255E-1
1.346772960E2,-2.217475921E-1,-7.010696530E-1,9.618534446E-1
1.346872730E2,-2.013727576E-1,-7.188709378E-1,9.632504582E-1
1.346972500E2,-2.030337751E-1,-7.401032448E-1,9.539962411E-1
1.347072270E2,-2.061651796E-1,-7.448427677E-1,9.535784721E-1
1.347172040E2,-1.971538365E-1,-7.225387692E-1,9.630697370E-1
1.347271810E2,-1.863069087E-1,-7.111755013E-1,9.725695252E-1
1.347371586E2,-1.803134680E-1,-7.235576510E-1,9.733410478E-1
1.347471356E2,-1.815796196E-1,-7.372863889E-1,9.696031809E-1
1.347571126E2,-1.786586642E-1,-7.424156666E-1,9.693986177E-1
1.347670896E2,-1.763160676E-1,-7.255971432E-1,9.733016491E-1
1.347770666E2,-1.696805358E-1,-7.231837511E-1,9.784250259E-1
1.347870436E2,-1.571704149E-1,-7.240839005E-1,9.875577092E-1
1.347970206E2,-1.491740197E-1,-7.250279784E-1,9.902517796E-1
1.348069976E2,-1.539643705E-1,-7.186267376E-1,9.839717150E-1
1.348169746E2,-1.509858817E-1,-7.190728188E-1,9.868556857E-1
1.348269516E2,-1.331804246E-1,-7.130303383E-1,9.953823090E-1
1.348369286E2,-1.247869432E-1,-7.036109567E-1,1.005768776E0
1.348469056E2,-1.301775128E-1,-6.986808181E-1,1.003531218E0
1.348568826E2,-1.356092989E-1,-6.941755414E-1,9.969109297E-1
1.348668596E2,-1.271550059E-1,-6.827030182E-1,1.001484394E0
1.348768366E2,-1.117491573E-1,-6.713283658E-1,1.009054780E0
1.348868136E2,-1.051593497E-1,-6.680266261E-1,1.007184267E0
1.348967906E2,-1.064933315E-1,-6.602603197E-1,1.003449678E0
1.349067676E2,-9.819289297E-2,-6.427189112E-1,1.009431839E0
1.349167446E2,-8.698844165E-2,-6.229239106E-1,1.015689731E0
1.349267216E2,-7.752211392E-2,-6.235783100E-1,1.009600759E0
1.349366986E2,-7.791679353E-2,-6.321422458E-1,1.002810717E0
1.349466756E2,-7.334876060E-2,-6.101765037E-1,1.005515695E0
1.349566526E2,-6.347801536E-2,-5.850328207E-1,1.009407401E0
1.349666296E2,-5.856407806E-2,-5.700548291E-1,1.021183491E0
1.349766066E2,-5.133812502E-2,-5.736852288E-1,1.020920157E0
1.349865836E2,-4.816154018E-2,-5.845056176E-1,1.022240043E0
1.349965606E2,-5.065852031E-2,-5.637977123E-1,1.020397186E0
1.350065376E2,-6.254204363E-2,-5.558013320E-1,1.015533328E0
1.350165146E2,-5.661171675E-2,-5.338286757E-1,1.024504423E0
1.350264916E2,-4.237113521E-2,-5.154049993E-1,1.036138296E0
1.350364686E2,-3.930770233E-2,-5.144164562E-1,1.036528468E0
1.350464456E2,-4.693176225E-2,-4.962877929E-1,1.036005616E0
1.350564226E2,-4.662469774E-2,-4.782251716E-1,1.034409285E0
1.350663996E2,-3.369371220E-2,-4.545581043E-1,1.042178512E0
1.350763766E2,-2.496306971E-2,-4.362840354E-1,1.042225122E0
1.350863536E2,-2.692169324E-2,-4.375730157E-1,1.031273365E0
1.350963306E2,-2.184703946E-2,-4.149758220E-1,1.035526991E0
1.351063076E2,-7.094286382E-3,-3.828493357E-1,1.044242620E0
1.351162846E2,-1.877420000E-3,-3.612726927E-1,1.048277378E0
1.351262616E2,-7.369907107E-3,-3.537840247E-1,1.043481231E0
1.351362386E2,-1.094786357E-2,-3.530650139E-1,1.036984682E0
1.351462156E2,-1.159511507E-2,-3.330407739E-1,1.037632346E0
1.351561926E2,-6.797696929E-3,-3.080632687E-1,1.044809580E0
1.351661696E2,3.024479956E-4,-2.990403175E-1,1.049280405E0
1.351761476E2,6.497227121E-3,-2.898345888E-1,1.048493981E0
1.351861246E2,-1.353027299E-3,-2.746229172E-1,1.037881374E0
1.351961016E2,-1.762088854E-3,-2.637508512E-1,1.036172152E0
1.352060786E2,1.097094640E-2,-2.497970909E-1,1.043511152E0
1.352160556E2,2.337994613E-2,-2.326207608E-1,1.046859503E0
1.352260326E2,2.373998798E-2,-2.283355594E-1,1.042701006E0
1.352360096E2,2.043580450E-2,-2.098217905E-1,1.041373491E0
1.352459866E2,1.954524405E-2,-1.908752620E-1,1.041889071E0
1.352559636E2,2.328165807E-2,-1.690472066E-1,1.053042889E0
1.352659406E2,2.311038598E-2,-1.583795696E-1,1.056659222E0
1.352759176E2,1.822907850E-2,-1.555606127E-1,1.050349116E0
1.352858946E2,1.132335328E-2,-1.118688807E-1,1.047107100E0
1.352958716E2,6.143771112E-3,-7.706482708E-2,1.041486740E0
1.353058486E2,1.167265698E-2,-5.430980027E-2,1.040079236E0
1.353158256E2,2.456821501E-2,-3.885255009E-2,1.038360715E0
1.353258026E2,3.441451862E-2,-2.628976479E-2,1.031883240E0
1.353357796E2,3.681136295E-2,-6.091284566E-3,1.028935671E0
1.353457566E2,3.535155207E-2,1.090313122E-2,1.030176163E0
1.353557336E2,3.909568861E-2,2.593241446E-2,1.033270955E0
1.353657106E2,4.002705216E-2,3.359625489E-2,1.031867862E0
1.353756876E2,3.330976143E-2,3.615022823E-2,1.029121876E0
1.353856646E2,2.409164980E-2,3.793815523E-2,1.023302555E0
1.353956416E2,2.004497685E-2,4.604081810E-2,1.023679376E0
1.354056186E2,2.477371879E-2,2.976510674E-2,1.023259997E0
1.354155956E2,2.098111063E-2,1.267267112E-2,1.027072310E0
1.354255726E2,1.635587402E-2,8.861735463E-3,1.032591701E0
1.354355496E2,1.112302952E-2,3.020457551E-2,1.047403455E0
1.354455266E2,5.391004495E-3,8.356731385E-2,1.064425945E0
1.354555036E2,-2.807270736E-3,9.552890062E-2,1.065613985E0
1.354654806E2,-3.599707736E-3,8.916466683E-2,1.064308763E0
1.354754576E2,-9.796901140E-4,1.116420105E-1,1.064870954E0
1.354854346E2,-6.231595296E-3,1.344081908E-1,1.064872980E0
1.354954116E2,-6.478203926E-3,1.584613323E-1,1.072943330E0
1.355053886E2,4.704974126E-3,1.685367972E-1,1.078736901E0
1.355153656E2,5.115605309E-4,1.816241145E-1,1.067394495E0
1.355253426E2,-1.147953328E-2,1.972159147E-1,1.054084301E0
1.355353196E2,-1.485216059E-2,2.202695608E-1,1.046846867E0
1.355452966E2,-3.173314268E-3,2.308124751E-1,1.045975804E0
1.355552736E2,1.085275598E-2,2.417940199E-1,1.037155151E0
1.355652506E2,1.200949214E-2,2.431567162E-1,1.024071336E0
1.355752276E2,1.446412783E-2,2.526775002E-1,1.018320799E0
1.355852046E2,1.639480703E-2,2.844789624E-1,1.016115069E0
1.355951816E2,1.618867740E-2,2.957497239E-1,1.014435410E0
1.356051586E2,2.270435542E-2,2.981622219E-1,1.011301160E0
1.356151356E2,2.671640739E-2,2.876960039E-1,1.006622076E0
1.356251126E2,2.174260095E-2,2.902593017E-1,1.008364439E0
1.356350896E2,6.574567407E-3,2.979819179E-1,1.013215423E0
1.356450666E2,-1.098520216E-2,3.121246994E-1,1.020048499E0
1.356550436E2,-1.890704222E-2,3.250548542E-1,1.027277589E0
1.356650206E2,-2.871039696E-2,3.377456367E-1,1.032611251E0
1.356749976E2,-4.423396289E-2,3.467047811E-1,1.030775905E0
1.356849746E2,-5.340958759E-2,3.629004657E-1,1.036763668E0
1.356949516E2,-5.910236016E-2,3.778762221E-1,1.037398815E0
1.357049286E2,-6.139580533E-2,3.792324364E-1,1.037162542E0
1.357149056E2,-6.246666238E-2,3.728421926E-1,1.031902552E0
1.357248826E2,-6.429007649E-2,3.746143281E-1,1.029942274E0
1.357348596E2,-6.895779818E-2,3.937174380E-1,1.033407569E0
1.357448362E2,-7.056795806E-2,4.033180177E-1,1.034602880E0
1.357548132E2,-6.580063701E-2,4.048453271E-1,1.034189463E0
1.357647902E2,-7.041113079E-2,4.017942250E-1,1.026072621E0
1.357747672E2,-7.942540199E-2,4.221412838E-1,1.024301291E0
1.357847442E2,-8.424620330E-2,4.384723902E-1,1.027569413E0
1.357947212E2,-8.206960559E-2,4.468813241E-1,1.029796004E0
1.358046982E2,-8.619061112E-2,4.579324424E-1,1.026639223E0
1.358146752E2,-9.966860712E-2,4.668172598E-1,1.019912839E0
1.358246532E2,-1.091958433E-1,4.720178843E-1,1.012974143E0
1.358346302E2,-1.081910282E-1,4.745225906E-1,1.015139222E0
1.358446072E2,-1.041934490E-1,4.935021400E-1,1.022207141E0
1.358545842E2,-1.065647304E-1,5.060855746E-1,1.020937681E0
1.358645612E2,-1.110370457E-1,5.073312521E-1,1.019571900E0
1.358745382E2,-1.152006388E-1,5.123702288E-1,1.023130655E0
1.358845152E2,-1.238045171E-1,5.205274224E-1,1.021691442E0
1.358944922E2,-1.391155571E-1,5.388163924E-1,1.024956465E0
1.359044692E2,-1.461478174E-1,5.374288559E-1,1.024314642E0
1.359144462E2,-1.476991177E-1,5.324716568E-1,1.023462653E0
1.359244232E2,-1.580900848E-1,5.422897935E-1,1.015259981E0
1.359344002E2,-1.857289076E-1,5.665192008E-1,1.013518095E0
1.359443772E2,-1.958520114E-1,5.654663444E-1,1.005533695E0
1.359543542E2,-1.798091233E-1,5.419918895E-1,1.003108859E0
1.359643312E2,-1.739953160E-1,5.475961566E-1,1.005523324E0
1.359743082E2,-1.863393337E-1,5.540087819E-1,9.982251525E-1
1.359842852E2,-1.906106323E-1,5.529872775E-1,9.956812859E-1
1.359942622E2,-1.872012615E-1,5.485451221E-1,9.971404672E-1
1.360042392E2,-1.929688603E-1,5.379948020E-1,9.940168262E-1
1.360142162E2,-2.120293677E-1,5.653212070E-1,9.989825487E-1
1.360241932E2,-2.413433939E-1,5.612817407E-1,9.920883775E-1
1.360341702E2,-2.516775429E-1,5.685891509E-1,1.001678586E0
1.360441472E2,-2.630478740E-1,5.987181664E-1,1.001582503E0
1.360541242E2,-2.891175747E-1,5.887997746E-1,9.866397381E-1
1.360641012E2,-2.831487060E-1,5.828881264E-1,1.004866600E0
1.360740782E2,-2.701892555E-1,5.910094380E-1,1.020784378E0
1.360840552E2,-2.831403911E-1,6.005083323E-1,1.022416949E0
1.360940322E2,-2.961802781E-1,6.058980227E-1,1.018802404E0
1.361040092E2,-2.992580831E-1,5.777350068E-1,1.010269165E0
1.361139862E2,-3.008940816E-1,5.849271417E-1,1.010565519E0
1.361239632E2,-3.198880255E-1,5.939111710E-1,1.001082659E0
1.361339402E2,-3.440791368E-1,6.049281359E-1,9.940484762E-1
1.361439172E2,-3.370907307E-1,6.008189917E-1,9.966306090E-1
1.361538942E2,-3.275760412E-1,6.034083962E-1,9.860051274E-1
1.361638712E2,-3.504211605E-1,6.084414721E-1,9.720909595E-1
1.361738482E2,-3.736681640E-1,6.290730238E-1,9.685359001E-1
1.361838252E2,-3.656441569E-1,6.336199641E-1,9.688684940E-1
1.361938022E2,-3.472747207E-1,6.435551643E-1,9.650439024E-1
1.362037792E2,-3.515580297E-1,6.407260895E-1,9.533113241E-1
1.362137562E2,-3.670131564E-1,6.454851627E-1,9.573130012E-1
1.362237332E2,-3.707538247E-1,6.545929313E-1,9.681621790E-1
1.362337102E2,-3.888057768E-1,6.569391489E-1,9.668782949E-1
1.362436872E2,-4.198442996E-1,6.321545839E-1,9.567255974E-1
1.362536642E2,-4.392776489E-1,6.193860173E-1,9.565607309E-1
1.362636412E2,-4.468165040E-1,6.345903873E-1,9.598819017E-1
1.362736182E2,-4.643760622E-1,6.598401070E-1,9.549550414E-1
1.362835952E2,-4.885426462E-1,6.281962395E-1,9.459676743E-1
1.362935722E2,-4.813348055E-1,6.152207851E-1,9.510298371E-1
1.363035492E2,-4.694836438E-1,6.311903596E-1,9.549628496E-1
1.363135262E2,-4.719348252E-1,6.219902039E-1,9.486078024E-1
1.363235032E2,-4.716297090E-1,5.975449681E-1,9.390243292E-1
1.363334802E2,-4.507113993E-1,5.884510279E-1,9.360167980E-1
1.363434582E2,-4.530445337E-1,5.858449340E-1,9.346832633E-1
1.363534352E2,-4.739692807E-1,5.811101198E-1,9.270309806E-1
1.363634122E2,-4.998522997E-1,5.841639042E-1,9.264845252E-1
1.363733892E2,-5.062667727E-1,6.013362408E-1,9.287596941E-1
1.363833662E2,-5.163540840E-1,6.271668673E-1,9.174199700E-1
1.363933432E2,-5.402224064E-1,6.249511242E-1,9.024162889E-1
1.364033202E2,-5.523887873E-1,6.250786781E-1,9.000767469E-1
1.364132972E2,-5.521405935E-1,6.278262734E-1,9.071053863E-1
1.364232742E2,-5.529664159E-1,6.264984012E-1,9.043479562E-1
1.364332512E2,-5.603292584E-1,6.024071574E-1,8.924337626E-1
1.364432282E2,-5.645101070E-1,5.909596086E-1,8.906972408E-1
1.364532052E2,-5.668843389E-1,6.109384298E-1,8.949175477E-1
1.364631822E2,-5.796735883E-1,6.220823526E-1,8.885746002E-1
1.364731592E2,-5.971654654E-1,6.028929949E-1,8.781075478E-1
1.364831362E2,-5.981004834E-1,5.917718410E-1,8.780220151E-1
1.364931132E2,-5.986360908E-1,5.998241901E-1,8.779889941E-1
1.365030902E2,-6.084708571E-1,6.001655459E-1,8.647135496E-1
1.365130672E2,-6.158430576E-1,5.798464417E-1,8.508570790E-1
1.365230442E2,-6.165522933E-1,5.628039837E-1,8.434609771E-1
1.365330212E2,-6.175134182E-1,5.739895105E-1,8.424758911E-1
1.365429982E2,-6.288355589E-1,5.721697807E-1,8.286511898E-1
1.365529752E2,-6.363670230E-1,5.663383007E-1,8.252601624E-1
1.365629522E2,-6.248435378E-1,5.611057878E-1,8.317615986E-1
1.365729292E2,-6.246590018E-1,5.602442622E-1,8.264139891E-1
1.365829062E2,-6.413348317E-1,5.498540998E-1,8.147632480E-1
1.365928832E2,-6.578917503E-1,5.256627202E-1,8.045162559E-1
1.366028602E2,-6.629984975E-1,5.217194557E-1,8.084689975E-1
1.366128372E2,-6.632299423E-1,5.377482176E-1,8.109523654E-1
1.366228142E2,-6.773635745E-1,5.245243311E-1,7.953541875E-1
1.366327912E2,-6.891773939E-1,5.077219009E-1,7.880536914E-1
1.366427682E2,-6.951518059E-1,5.054616928E-1,7.898327708E-1
1.366527452E2,-7.012565732E-1,5.094508529E-1,7.842352986E-1
1.366627222E2,-7.121296525E-1,4.878888428E-1,7.769849300E-1
1.366726992E2,-7.074872255E-1,4.480988085E-1,7.741103172E-1
1.366826762E2,-7.009633780E-1,4.345704317E-1,7.746781707E-1
1.366926532E2,-7.138499022E-1,4.373441041E-1,7.671954632E-1
1.367026302E2,-7.380111814E-1,4.242417812E-1,7.595778108E-1
1.367126072E2,-7.398341298E-1,4.113848209E-1,7.582939267E-1
1.367225842E2,-7.313516736E-1,4.108524621E-1,7.603083253E-1
1.367325612E2,-7.299135923E-1,4.043301046E-1,7.552754879E-1
1.367425385E2,-7.383887768E-1,3.822667599E-1,7.482675314E-1
1.367525155E2,-7.415986657E-1,3.548548520E-1,7.466408610E-1
1.367624925E2,-7.481837869E-1,3.457598388E-1,7.479928732E-1
1.367724695E2,-7.565178871E-1,3.301715553E-1,7.376353145E-1
1.367824465E2,-7.644928098E-1,2.960245013E-1,7.257084846E-1
1.367924245E2,-7.597020864E-1,2.662780583E-1,7.235265374E-1
1.368024015E2,-7.566403151E-1,2.560222745E-1,7.193847299E-1
1.368123785E2,-7.653771043E-1,2.506234944E-1,7.105680704E-1
1.368223555E2,-7.758612037E-1,2.385345697E-1,7.050034404E-1
1.368323325E2,-7.763426900E-1,2.118028253E-1,7.027716637E-1
1.368423095E2,-7.714967132E-1,2.038667202E-1,6.979892254E-1
1.368522865E2,-7.806524038E-1,1.942172945E-1,6.801362038E-1
1.368622635E2,-7.971117496E-1,1.585600823E-1,6.577131152E-1
1.368722405E2,-7.973914146E-1,1.308533549E-1,6.482474208E-1
1.368822175E2,-7.971499562E-1,1.412858069E-1,6.471049190E-1
1.368921945E2,-7.966578007E-1,1.492856741E-1,6.440688968E-1
1.369021715E2,-7.834896445E-1,1.146870703E-1,6.425173879E-1
1.369121485E2,-7.594471574E-1,7.031295449E-2,6.488320231E-1
1.369221255E2,-7.530707717E-1,4.263497517E-2,6.499208808E-1
1.369321025E2,-7.686675191E-1,6.663923617E-3,6.443058252E-1
1.369420795E2,-7.816442251E-1,-3.615688533E-2,6.485694051E-1
1.369520565E2,-7.843784690E-1,-4.461641610E-2,6.561031938E-1
1.369620335E2,-7.908536196E-1,-4.046859220E-2,6.548065543E-1
1.369720105E2,-7.993820906E-1,-5.994002894E-2,6.384004354E-1
1.369819875E2,-8.023879528E-1,-9.714408964E-2,6.257460713E-1
1.369919645E2,-8.042151332E-1,-1.303808689E-1,6.240504384E-1
1.370019415E2,-8.002353907E-1,-1.332943588E-1,6.254116893E-1
1.370119185E2,-7.960315943E-1,-1.554563940E-1,6.180089116E-1
1.370218955E2,-7.798269391E-1,-1.983463913E-1,6.171711087E-1
1.370318725E2,-7.576803565E-1,-2.142414600E-1,6.222220659E-1
1.370418495E2,-7.490451336E-1,-2.206887752E-1,6.258540154E-1
1.370518265E2,-7.456003428E-1,-2.092217356E-1,6.289715171E-1
1.370618035E2,-7.477886081E-1,-2.040607333E-1,6.255877614E-1
1.370717805E2,-7.555565238E-1,-1.856681406E-1,6.236441731E-1
1.370817575E2,-7.592217922E-1,-1.708379239E-1,6.135773659E-1
1.370917345E2,-7.582162023E-1,-1.755839437E-1,5.981555581E-1
1.371017115E2,-7.548277974E-1,-1.912331283E-1,5.857444406E-1
1.371116885E2,-7.457261682E-1,-1.973786354E-1,5.834589005E-1
1.371216655E2,-7.358030677E-1,-2.025638521E-1,5.832030773E-1
1.371316425E2,-7.311958075E-1,-2.236877829E-1,5.823420882E-1
1.371416195E2,-7.288951278E-1,-2.338163555E-1,5.847288966E-1
1.371515965E2,-7.282008529E-1,-2.437073290E-1,5.866825581E-1
1.371615735E2,-7.277494073E-1,-2.652450204E-1,5.846335292E-1
1.371715505E2,-7.304841876E-1,-2.864629626E-1,5.826782584E-1
1.371815285E2,-7.379983664E-1,-3.086249828E-1,5.766170025E-1
1.371915055E2,-7.442333698E-1,-3.205735087E-1,5.803366303E-1
1.372014825E2,-7.394302487E-1,-3.331315219E-1,5.886563659E-1
1.372114595E2,-7.383127809E-1,-3.580102623E-1,5.935869217E-1
1.372214365E2,-7.320531607E-1,-3.831116557E-1,5.943840146E-1
1.372314135E2,-7.314518094E-1,-4.070894420E-1,5.945182443E-1
1.372413905E2,-7.268175483E-1,-4.203768969E-1,5.993596911E-1
1.372513675E2,-7.263309956E-1,-4.232419133E-1,6.010665298E-1
1.372613445E2,-7.226828933E-1,-4.320898354E-1,5.992106199E-1
1.372713215E2,-7.161770463E-1,-4.410191476E-1,6.040256023E-1
1.372812985E2,-7.075240612E-1,-4.400649071E-1,6.158037782E-1
1.372912755E2,-7.071698308E-1,-4.275059700E-1,6.224784255E-1
1.373012525E2,-7.172656655E-1,-4.089155793E-1,6.246795654E-1
1.373112295E2,-7.325758934E-1,-3.949872255E-1,6.287100315E-1
1.373212065E2,-7.235575318E-1,-3.814651966E-1,6.212952137E-1
1.373311835E2,-7.055369616E-1,-3.786047101E-1,6.156437397E-1
1.373411605E2,-6.852984428E-1,-3.905960321E-1,6.110354662E-1
1.373511375E2,-6.737414002E-1,-3.975447416E-1,6.177477241E-1
1.373611145E2,-6.760208607E-1,-3.824562430E-1,6.253468990E-1
1.373710915E2,-6.846654415E-1,-3.802103996E-1,6.225370169E-1
1.373810685E2,-6.862800717E-1,-3.929368556E-1,6.210939288E-1
1.373910455E2,-6.763845682E-1,-4.150901139E-1,6.250590682E-1
1.374010225E2,-6.649283171E-1,-4.165969491E-1,6.296679974E-1
1.374109995E2,-6.604345441E-1,-4.208047390E-1,6.279417276E-1
1.374209765E2,-6.715800166E-1,-4.366035461E-1,6.328476071E-1
1.374309535E2,-6.673367620E-1,-4.548983872E-1,6.406895518E-1
1.374409305E2,-6.534754634E-1,-4.557146430E-1,6.455473900E-1
1.374509075E2,-6.458202004E-1,-4.745594263E-1,6.482515931E-1
1.374608845E2,-6.481254101E-1,-4.859599769E-1,6.566576362E-1
1.374708615E2,-6.525928378E-1,-4.718681276E-1,6.726453900E-1
1.374808385E2,-6.553522348E-1,-4.505712092E-1,6.897995472E-1
1.374908155E2,-6.577256918E-1,-4.562163353E-1,7.015416622E-1
1.375007925E2,-6.642562151E-1,-4.621064067E-1,7.120517492E-1
1.375107695E2,-6.735333800E-1,-4.503560066E-1,7.164151073E-1
1.375207475E2,-6.872265935E-1,-4.380171597E-1,7.129964828E-1
1.375307245E2,-6.954187751E-1,-4.623459280E-1,7.095532417E-1
1.375407015E2,-6.866000891E-1,-4.851762056E-1,7.105714083E-1
1.375506785E2,-6.720291376E-1,-4.972174168E-1,7.165592909E-1
1.375606555E2,-6.604902744E-1,-5.154976249E-1,7.197014689E-1
1.375706325E2,-6.553660631E-1,-5.237262249E-1,7.320862412E-1
1.375806095E2,-6.381476521E-1,-5.150183439E-1,7.513186932E-1
1.375905865E2,-6.164416075E-1,-5.075564384E-1,7.660840750E-1
1.376005635E2,-6.060711145E-1,-5.464501977E-1,7.658324838E-1
1.376105405E2,-6.068929434E-1,-5.828252435E-1,7.626481652E-1
1.376205175E2,-6.006193161E-1,-5.831208229E-1,7.698396444E-1
1.376304945E2,-5.957619548E-1,-5.897438526E-1,7.779516578E-1
1.376404715E2,-6.016878486E-1,-5.987855196E-1,7.808998227E-1
1.376504485E2,-6.104168892E-1,-6.103867888E-1,7.817637324E-1
1.376604255E2,-6.185588241E-1,-6.095145345E-1,7.893948555E-1
1.376704025E2,-6.186190248E-1,-6.158081293E-1,7.884573936E-1
1.376803795E2,-6.178833842E-1,-6.410853267E-1,7.862613797E-1
1.376903565E2,-6.060573459E-1,-6.400698423E-1,7.935022712E-1
1.377003335E2,-5.961809754E-1,-6.249105930E-1,8.042557240E-1
1.377103105E2,-5.967082381E-1,-6.322396398E-1,8.033524156E-1
1.377202875E2,-5.867130160E-1,-6.382821798E-1,8.062021136E-1
1.377302645E2,-5.696930289E-1,-6.241096258E-1,8.163183928E-1
1.377402417E2,-5.582526326E-1,-6.069551706E-1,8.328202963E-1
1.377502187E2,-5.603011250E-1,-6.066095233E-1,8.306945562E-1
1.377601958E2,-5.611868501E-1,-6.154422760E-1,8.241478801E-1
1.377701728E2,-5.510140657E-1,-6.209807992E-1,8.285279870E-1
1.377801497E2,-5.374524593E-1,-6.102495193E-1,8.332164288E-1
1.377901268E2,-5.305191875E-1,-6.189447641E-1,8.299918771E-1
1.378001038E2,-5.207144618E-1,-6.215154529E-1,8.297643661E-1
1.378100807E2,-5.003532171E-1,-6.187359095E-1,8.341087699E-1
1.378200577E2,-4.837986827E-1,-6.242144108E-1,8.363871574E-1
1.378300348E2,-4.716594517E-1,-6.385443807E-1,8.317450285E-1
1.378400128E2,-4.588681459E-1,-6.523255706E-1,8.338798285E-1
1.378499897E2,-4.398187995E-1,-6.552678347E-1,8.433066010E-1
1.378599668E2,-4.329359531E-1,-6.598200798E-1,8.426948190E-1
1.378699438E2,-4.323367476E-1,-6.714168191E-1,8.447307944E-1
1.378799207E2,-4.199253321E-1,-6.734938622E-1,8.587831259E-1
1.378898977E2,-4.009119570E-1,-6.784055233E-1,8.766987324E-1
1.378998748E2,-3.941180706E-1,-6.900715232E-1,8.802700043E-1
1.379098518E2,-3.984246552E-1,-7.081781030E-1,8.767021894E-1
1.379198287E2,-3.949348927E-1,-6.872711778E-1,8.857913613E-1
1.379298058E2,-3.874261081E-1,-6.761141419E-1,8.866240978E-1
1.379397828E2,-3.811497688E-1,-7.035092711E-1,8.814669847E-1
1.379497597E2,-3.707623780E-1,-7.243314981E-1,8.789212704E-1
1.379597367E2,-3.499058187E-1,-7.347949147E-1,8.859400749E-1
1.379697138E2,-3.249533474E-1,-7.392389178E-1,8.981171250E-1
1.379796908E2,-3.077770174E-1,-7.612720132E-1,9.028186798E-1
1.379896677E2,-2.973243892E-1,-7.706903219E-1,9.087734818E-1
1.379996448E2,-2.863649726E-1,-7.526568770E-1,9.256209731E-1
1.380096218E2,-2.840008736E-1,-7.399381399E-1,9.356179833E-1
1.380195987E2,-2.834492922E-1,-7.504009008E-1,9.405132532E-1
1.380295757E2,-2.897287607E-1,-7.611520886E-1,9.528900385E-1
1.380395528E2,-2.895771265E-1,-7.579741478E-1,9.509835839E-1
1.380495298E2,-2.987599671E-1,-7.618197203E-1,9.516254067E-1
1.380595067E2,-3.007881641E-1,-7.654301524E-1,9.548550844E-1
1.380694838E2,-2.996794879E-1,-7.513071895E-1,9.655042887E-1
1.380794608E2,-2.931339741E-1,-7.503260970E-1,9.732349515E-1
1.380894377E2,-2.778290510E-1,-7.540843487E-1,9.743220210E-1
1.380994148E2,-2.598805726E-1,-7.537979484E-1,9.769439697E-1
1.381093918E2,-2.450265288E-1,-7.387268543E-1,9.811602831E-1
1.381193688E2,-2.282541543E-1,-7.235494256E-1,9.797611833E-1
1.381293457E2,-2.131071538E-1,-7.229549885E-1,9.780996442E-1
1.381393238E2,-1.961603910E-1,-7.155104280E-1,9.756852388E-1
1.381493008E2,-1.876745075E-1,-7.290089130E-1,9.688190818E-1
1.381592777E2,-1.773850173E-1,-7.340435982E-1,9.692854881E-1
1.381692548E2,-1.650905311E-1,-7.394032478E-1,9.688519239E-1
1.381792318E2,-1.504056156E-1,-7.451429963E-1,9.714967608E-1
1.381892087E2,-1.404595077E-1,-7.344924808E-1,9.756329060E-1
1.381991857E2,-1.386390924E-1,-7.366902828E-1,9.778440595E-1
1.382091628E2,-1.280426383E-1,-7.385976315E-1,9.867608547E-1
1.382191398E2,-1.129059345E-1,-7.420157790E-1,9.881194234E-1
1.382291167E2,-1.081798822E-1,-7.553249002E-1,9.961727858E-1
1.382390938E2,-1.133832261E-1,-7.395811677E-1,1.006949902E0
1.382490708E2,-1.058265120E-1,-7.421439290E-1,1.003799200E0
1.382590477E2,-9.051936120E-2,-7.377749681E-1,1.013203621E0
1.382690247E2,-8.477278799E-2,-7.338063121E-1,1.010418773E0
1.382790018E2,-8.244715631E-2,-7.416209579E-1,1.007405996E0
1.382889788E2,-7.074629515E-2,-7.415235043E-1,1.018511057E0
1.382989557E2,-5.887031183E-2,-7.234543562E-1,1.030471802E0
1.383089328E2,-6.395854801E-2,-7.157796621E-1,1.033701897E0
1.383189098E2,-6.448177248E-2,-7.083164454E-1,1.029947996E0
1.383288867E2,-5.791494995E-2,-6.996760964E-1,1.028015375E0
1.383388637E2,-4.985147342E-2,-6.895602942E-1,1.028208852E0
1.383488408E2,-4.934041202E-2,-6.689088345E-1,1.030571818E0
1.383588178E2,-4.151828215E-2,-6.569598913E-1,1.030294776E0
1.383687947E2,-2.573133074E-2,-6.506149173E-1,1.040727019E0
1.383787718E2,-8.903400972E-3,-6.436201334E-1,1.042050838E0
1.383887488E2,-2.528059995E-3,-6.547852159E-1,1.034346581E0
1.383987257E2,8.687330410E-3,-6.559752226E-1,1.027022123E0
1.384087027E2,2.291926369E-2,-6.504936218E-1,1.020991087E0
1.384186798E2,2.919881046E-2,-6.337475181E-1,1.021254897E0
1.384286578E2,3.445429355E-2,-6.105071902E-1,1.021113753E0
1.384386347E2,3.570452332E-2,-6.036899090E-1,1.017926335E0
1.384486118E2,4.746717215E-2,-5.960711241E-1,1.018077612E0
1.384585888E2,5.366886407E-2,-5.964770913E-1,1.012742162E0
1.384685657E2,5.574719608E-2,-5.944775939E-1,1.010426998E0
1.384785428E2,5.912367254E-2,-5.835101604E-1,1.013365746E0
1.384885198E2,6.931452453E-2,-5.559459329E-1,1.025663495E0
1.384984967E2,7.360122353E-2,-5.438321233E-1,1.031738281E0
1.385084737E2,7.246192545E-2,-5.475538969E-1,1.028969646E0
1.385184508E2,6.909465790E-2,-5.428095460E-1,1.030498147E0
1.385284278E2,6.940491498E-2,-5.301837921E-1,1.032751203E0
1.385384047E2,7.328580320E-2,-5.190895796E-1,1.038932323E0
1.385483818E2,7.230762392E-2,-5.148072243E-1,1.040480614E0
1.385583588E2,7.093425095E-2,-5.154739618E-1,1.040537000E0
1.385683357E2,7.253960520E-2,-5.078434944E-1,1.040624857E0
1.385783127E2,7.719863951E-2,-4.849449992E-1,1.044015169E0
1.385882898E2,7.790570706E-2,-4.561602175E-1,1.050370812E0
1.385982668E2,8.016353846E-2,-4.217718840E-1,1.054416418E0
1.386082437E2,9.099062532E-2,-4.043332338E-1,1.055247068E0
1.386182208E2,9.888751060E-2,-3.827389777E-1,1.054701209E0
1.386281978E2,9.770400077E-2,-3.633208275E-1,1.049862742E0
1.386381747E2,1.020922512E-1,-3.512842357E-1,1.042522788E0
1.386481517E2,1.067344099E-1,-3.271679878E-1,1.042379975E0
1.386581288E2,1.132725924E-1,-3.106306791E-1,1.041119576E0
1.386681058E2,1.109401956E-1,-2.999170423E-1,1.027060032E0
1.386780827E2,1.157028079E-1,-2.857953906E-1,1.021497011E0
1.386880598E2,1.272697151E-1,-2.725757360E-1,1.020670652E0
1.386980368E2,1.392251849E-1,-2.695407867E-1,1.022965431E0
1.387080147E2,1.377569735E-1,-2.706217766E-1,1.017675638E0
1.387179917E2,1.331638247E-1,-2.744633853E-1,1.012715936E0
1.387279688E2,1.312356889E-1,-2.674379647E-1,1.016239643E0
1.387379458E2,1.334399432E-1,-2.537447810E-1,1.020893097E0
1.387479235E2,1.293469369E-1,-2.545357645E-1,1.020471692E0
1.387579005E2,1.281103492E-1,-2.496415228E-1,1.023900747E0
1.387678775E2,1.263161898E-1,-2.506726980E-1,1.023090243E0
1.387778545E2,1.236398444E-1,-2.382746339E-1,1.030069113E0
1.387878315E2,1.198866516E-1,-2.138853967E-1,1.037289977E0
1.387978085E2,1.145380661E-1,-2.037809938E-1,1.036321998E0
1.388077855E2,1.114384159E-1,-1.886454523E-1,1.050749660E0
1.388177625E2,1.094790325E-1,-1.603301913E-1,1.049745321E0
1.388277395E2,1.085179001E-1,-1.373311430E-1,1.044911146E0
1.388377165E2,1.049206033E-1,-1.114632413E-1,1.043704033E0
1.388476935E2,1.118240505E-1,-8.573097736E-2,1.043918371E0
1.388576705E2,1.151934043E-1,-5.522568896E-2,1.042365432E0
1.388676475E2,1.088580117E-1,-4.599464312E-2,1.031476021E0
1.388776245E2,1.124434024E-1,-4.103922844E-2,1.022900581E0
1.388876015E2,1.221452951E-1,-3.075037152E-2,1.021293163E0
1.388975785E2,1.277948171E-1,-2.199664898E-2,1.018468261E0
1.389075555E2,1.290654093E-1,-1.965253428E-2,1.020272255E0
1.389175325E2,1.302595139E-1,-1.861086488E-2,1.018378139E0
1.389275095E2,1.301753521E-1,-3.520182520E-2,1.016148210E0
1.389374865E2,1.199994460E-1,-6.164548546E-2,1.008726001E0
1.389474635E2,1.054958701E-1,-8.277953416E-2,1.011702418E0
1.389574405E2,1.007254571E-1,-8.455707133E-2,1.020033836E0
1.389674175E2,1.008604839E-1,-7.452814281E-2,1.032967448E0
1.389773955E2,9.272821248E-2,-4.768290371E-2,1.044409275E0
1.389873725E2,8.214800805E-2,-4.187881202E-2,1.044015408E0
1.389973495E2,8.019845188E-2,-4.432244971E-2,1.046260476E0
1.390073265E2,7.967007905E-2,-2.470960096E-2,1.055524230E0
1.390173035E2,7.371363044E-2,-1.402060129E-2,1.059641480E0
1.390272805E2,6.984565407E-2,-3.881452139E-4,1.070205212E0
1.390372575E2,7.866456360E-2,3.736478742E-3,1.076034665E0
1.390472345E2,7.442348450E-2,1.615826041E-2,1.071585298E0
1.390572115E2,5.769801885E-2,2.553222328E-2,1.058159471E0
1.390671885E2,5.403910205E-2,3.286843002E-2,1.053196192E0
1.390771655E2,6.501255184E-2,6.340281665E-2,1.053936243E0
1.390871425E2,7.257406414E-2,8.967144042E-2,1.044552565E0
1.390971195E2,6.450836360E-2,1.058391631E-1,1.029626966E0
1.391070965E2,6.948900968E-2,1.206788272E-1,1.023608446E0
1.391170735E2,7.947330922E-2,1.452820301E-1,1.020049691E0
1.391270505E2,7.363912463E-2,1.551474482E-1,1.017956734E0
1.391370275E2,6.921290606E-2,1.643998325E-1,1.017317176E0
1.391470045E2,8.045198023E-2,1.709578633E-1,1.019973636E0
1.391569815E2,8.794709295E-2,1.780621409E-1,1.016572475E0
1.391669585E2,6.716378778E-2,1.708228588E-1,1.006209016E0
1.391769355E2,4.538721964E-2,1.795450598E-1,1.006189585E0
1.391869125E2,4.093867540E-2,1.962428242E-1,1.018461943E0
1.391968895E2,4.685136303E-2,2.047395110E-1,1.022713900E0
1.392068665E2,4.900053144E-2,1.912058592E-1,1.020394802E0
1.392168435E2,4.154397175E-2,1.836583614E-1,1.015547037E0
1.392268205E2,3.776973858E-2,1.796875894E-1,1.021981239E0
1.392367975E2,2.922986075E-2,1.758823842E-1,1.023871899E0
1.392467755E2,1.941797510E-2,1.807237417E-1,1.026121020E0
1.392567525E2,1.692989469E-2,1.775666922E-1,1.030899286E0
1.392667295E2,1.851340942E-2,1.821396053E-1,1.033654571E0
1.392767065E2,1.254923549E-2,1.876090765E-1,1.032817006E0
1.392866835E2,-8.548858576E-3,1.954914927E-1,1.029594421E0
1.392966605E2,-1.733265631E-2,1.827507168E-1,1.028062463E0
1.393066375E2,-1.170912664E-2,1.884107292E-1,1.034201860E0
1.393166145E2,-1.422277838E-2,1.993389130E-1,1.037769556E0
1.393265915E2,-3.098098561E-2,2.125721574E-1,1.036579132E0
1.393365685E2,-3.394508734E-2,2.125632912E-1,1.033659339E0
1.393465455E2,-2.790903486E-2,2.132293433E-1,1.023741722E0
1.393565225E2,-3.177753463E-2,2.145109326E-1,1.022960782E0
1.393664995E2,-3.643833473E-2,2.078333199E-1,1.022970080E0
1.393764765E2,-3.791756928E-2,2.198487818E-1,1.030175805E0
1.393864535E2,-4.375734925E-2,2.362751663E-1,1.033183098E0
1.393964305E2,-6.000358611E-2,2.381597310E-1,1.028811812E0
1.394064075E2,-7.125863433E-2,2.422977537E-1,1.026593685E0
1.394163845E2,-7.556769252E-2,2.731504142E-1,1.036850333E0
1.394263615E2,-7.895576209E-2,2.873951495E-1,1.038132429E0
1.394363385E2,-8.991676569E-2,2.964775562E-1,1.035714626E0
1.394463155E2,-1.012474522E-1,2.990240753E-1,1.027309775E0
1.394562925E2,-1.087043062E-1,3.010549545E-1,1.025436044E0
1.394662695E2,-1.154961661E-1,3.182427287E-1,1.026245117E0
1.394762465E2,-1.226187944E-1,3.268337846E-1,1.025462151E0
1.394862235E2,-1.196717396E-1,3.230912387E-1,1.023021340E0
1.394962005E2,-1.061970294E-1,3.208691478E-1,1.025422096E0
1.395061785E2,-1.134903654E-1,3.171250224E-1,1.017904997E0
1.395161555E2,-1.266098320E-1,3.163495660E-1,1.013748765E0
1.395261325E2,-1.400372237E-1,3.239845634E-1,1.016025186E0
1.395361095E2,-1.326963902E-1,3.071372211E-1,1.014023185E0
1.395460865E2,-1.422518045E-1,3.147152662E-1,1.008361578E0
1.395560635E2,-1.676360965E-1,3.355072737E-1,1.000347733E0
1.395660405E2,-1.790448129E-1,3.412695527E-1,1.000747800E0
1.395760175E2,-1.682484895E-1,3.347514868E-1,1.009088039E0
1.395859945E2,-1.685036123E-1,3.603481948E-1,1.018304110E0
1.395959715E2,-2.010281533E-1,3.781001568E-1,1.015733361E0
1.396059485E2,-2.265010178E-1,3.722201586E-1,1.011625528E0
1.396159255E2,-2.272049338E-1,3.857928216E-1,1.018018961E0
1.396259025E2,-2.312026024E-1,4.026809931E-1,1.018629074E0
1.396358795E2,-2.438521832E-1,4.129140973E-1,1.014546752E0
1.396458565E2,-2.405213714E-1,4.111151099E-1,1.013328552E0
1.396558335E2,-2.413650155E-1,4.443414807E-1,1.030737877E0
1.396658105E2,-2.576971352E-1,4.698593616E-1,1.034596205E0
1.396757875E2,-2.817281485E-1,4.599888921E-1,1.035992026E0
1.396857645E2,-2.849716246E-1,4.769319296E-1,1.048018813E0
1.396957415E2,-2.832396924E-1,4.966988564E-1,1.050591826E0
1.397057185E2,-3.054983914E-1,4.778183699E-1,1.031163812E0
1.397156955E2,-3.276703656E-1,4.639043510E-1,1.015141964E0
1.397256725E2,-3.474981189E-1,4.761703312E-1,1.007911205E0
1.397356495E2,-3.520369828E-1,4.959719777E-1,1.006574512E0
1.397456253E2,-3.523525596E-1,5.091633797E-1,9.946185350E-1
1.397556033E2,-3.613574207E-1,5.157930851E-1,9.849209189E-1
1.397655802E2,-3.536089659E-1,4.961504042E-1,9.803810716E-1
1.397755573E2,-3.293085098E-1,4.984006286E-1,9.842615724E-1
1.397855343E2,-3.357847929E-1,5.096330643E-1,9.883084893E-1
1.397955112E2,-3.524695337E-1,5.030882955E-1,9.838320613E-1
1.398054882E2,-3.547896743E-1,5.032491684E-1,9.817955494E-1
1.398154653E2,-3.594694138E-1,5.224605203E-1,9.831743240E-1
1.398254423E2,-3.830895424E-1,5.308763385E-1,9.825937748E-1
1.398354192E2,-4.038387239E-1,5.278134942E-1,9.781126380E-1
1.398453963E2,-4.181026220E-1,5.193041563E-1,9.722249508E-1
1.398553733E2,-4.220619500E-1,5.316768289E-1,9.688160419E-1
1.398653502E2,-4.349889159E-1,5.449388027E-1,9.576478004E-1
1.398753272E2,-4.535859227E-1,5.741673112E-1,9.572433233E-1
1.398853043E2,-4.628875256E-1,5.911899805E-1,9.524538517E-1
1.398952813E2,-4.601268768E-1,5.957520604E-1,9.486870170E-1
1.399052582E2,-4.537041485E-1,6.173349023E-1,9.596632719E-1
1.399152353E2,-4.551764131E-1,6.254395247E-1,9.630446434E-1
1.399252123E2,-4.569564760E-1,6.156249642E-1,9.524964094E-1
1.399351892E2,-4.546085000E-1,6.123516560E-1,9.523922801E-1
1.399451662E2,-4.676910341E-1,5.967386365E-1,9.449120164E-1
1.399551433E2,-4.852149487E-1,5.973271728E-1,9.495195746E-1
1.399651203E2,-5.186740756E-1,6.126997471E-1,9.460513592E-1
1.399750972E2,-5.485278368E-1,6.205351353E-1,9.450454712E-1
1.399850753E2,-5.538544655E-1,6.266380548E-1,9.489595294E-1
1.399950523E2,-5.583427548E-1,6.259614825E-1,9.394561648E-1
1.400050292E2,-5.785095692E-1,6.322273612E-1,9.323260784E-1
1.400150063E2,-5.946198702E-1,6.313468218E-1,9.285082817E-1
1.400249833E2,-5.875115991E-1,6.437954903E-1,9.317608476E-1
1.400349602E2,-5.834347010E-1,6.546561718E-1,9.271892309E-1
1.400449372E2,-5.868325830E-1,6.603630185E-1,9.162641168E-1
1.400549143E2,-5.954660177E-1,6.581147909E-1,9.090256691E-1
1.400648913E2,-5.982769728E-1,6.612972617E-1,9.057017565E-1
1.400748682E2,-6.040578485E-1,6.738897562E-1,9.024696350E-1
1.400848453E2,-6.172295809E-1,6.806989312E-1,8.925626874E-1
1.400948223E2,-6.214905977E-1,6.840174794E-1,8.908981085E-1
1.401047992E2,-6.163227558E-1,6.908823252E-1,8.898286223E-1
1.401147762E2,-6.331190467E-1,7.000953555E-1,8.714879751E-1
1.401247533E2,-6.579548717E-1,7.079638839E-1,8.566877246E-1
1.401347303E2,-6.707245708E-1,7.106314301E-1,8.500840664E-1
1.401447072E2,-6.634211540E-1,7.169198990E-1,8.525626659E-1
1.401546843E2,-6.580787301E-1,7.270657420E-1,8.417367339E-1
1.401646613E2,-6.724651456E-1,7.077400088E-1,8.179261684E-1
1.401746382E2,-6.800080538E-1,6.955817342E-1,8.162860870E-1
1.401846152E2,-6.760735512E-1,7.001982927E-1,8.196871877E-1
1.401945923E2,-6.866570115E-1,7.185129523E-1,8.144758344E-1
1.402045693E2,-6.926006079E-1,7.154079676E-1,8.042932153E-1
1.402145462E2,-6.936413050E-1,7.012281418E-1,8.009895682E-1
1.402245233E2,-6.900351048E-1,7.026153803E-1,8.000899553E-1
1.402345013E2,-7.056946158E-1,7.057683468E-1,7.799308300E-1
1.402444782E2,-7.291187048E-1,6.929616928E-1,7.667697668E-1
1.402544552E2,-7.281965017E-1,6.912437081E-1,7.745105624E-1
1.402644323E2,-7.226469517E-1,7.056319714E-1,7.738351822E-1
1.402744093E2,-7.313924432E-1,7.200700045E-1,7.599726915E-1
1.402843862E2,-7.566242814E-1,6.991194487E-1,7.482329607E-1
1.402943633E2,-7.630081773E-1,6.746913195E-1,7.517633438E-1
1.403043403E2,-7.626851797E-1,6.665236950E-1,7.540960312E-1
1.403143172E2,-7.715384364E-1,6.487579942E-1,7.374283671E-1
1.403242942E2,-7.887398005E-1,6.092452407E-1,7.293680310E-1
1.403342713E2,-7.942976952E-1,5.946320891E-1,7.395093441E-1
1.403442483E2,-7.947943211E-1,6.056274772E-1,7.437605262E-1
1.403542252E2,-8.106361628E-1,5.926046371E-1,7.312692404E-1
1.403642023E2,-8.299859166E-1,5.592328310E-1,7.194908857E-1
1.403741793E2,-8.236331344E-1,5.346045494E-1,7.259607315E-1
1.403841562E2,-8.182256222E-1,5.298784971E-1,7.260946631E-1
1.403941332E2,-8.276780248E-1,5.108850002E-1,7.094315886E-1
1.404041103E2,-8.347399235E-1,4.599118233E-1,6.982076764E-1
1.404140873E2,-8.306217790E-1,4.405837059E-1,7.110322714E-1
1.404240642E2,-8.252014518E-1,4.570929110E-1,7.155910730E-1
1.404340413E2,-8.358154297E-1,4.538985789E-1,6.976354718E-1
1.404440183E2,-8.385592699E-1,4.285071790E-1,6.903682351E-1
1.404539962E2,-8.319499493E-1,4.124024212E-1,6.910068393E-1
1.404639733E2,-8.310562372E-1,4.131406546E-1,6.922337413E-1
1.404739503E2,-8.401088119E-1,4.066262841E-1,6.765596867E-1
1.404839272E2,-8.448370099E-1,3.631671965E-1,6.634026170E-1
1.404939042E2,-8.425821662E-1,3.369410038E-1,6.559170485E-1
1.405038813E2,-8.514225483E-1,3.368147612E-1,6.358794570E-1
1.405138583E2,-8.683329821E-1,3.133423924E-1,6.089142561E-1
1.405238352E2,-8.656341434E-1,2.860178053E-1,6.024693847E-1
1.405338123E2,-8.446812034E-1,2.529514432E-1,6.068844199E-1
1.405437893E2,-8.180679679E-1,2.267768234E-1,6.103276014E-1
1.405537662E2,-8.095059395E-1,1.802241951E-1,6.120454669E-1
1.405637432E2,-8.167947531E-1,1.119593754E-1,6.218813658E-1
1.405737203E2,-8.305885792E-1,7.127784938E-2,6.367214918E-1
1.405836973E2,-8.438849449E-1,5.574949086E-2,6.346607208E-1
1.405936742E2,-8.582875729E-1,2.045029029E-2,6.202399135E-1
1.406036513E2,-8.684187531E-1,-2.114961669E-2,6.147205234E-1
1.406136283E2,-8.755519986E-1,-3.624188900E-2,6.144320369E-1
1.406236052E2,-8.899647593E-1,-4.744660482E-2,6.077395082E-1
1.406335822E2,-8.931464553E-1,-9.060868621E-2,6.058316827E-1
1.406435593E2,-8.772100806E-1,-1.431382000E-1,6.088256240E-1
1.406535363E2,-8.524789214E-1,-1.798234582E-1,6.179865003E-1
1.406635132E2,-8.417362571E-1,-2.096703053E-1,6.232632995E-1
1.406734913E2,-8.351469040E-1,-2.400894314E-1,6.318208575E-1
1.406834683E2,-8.292429447E-1,-2.302682251E-1,6.480535865E-1
1.406934452E2,-8.379742503E-1,-1.756343096E-1,6.539003253E-1
1.407034222E2,-8.543993235E-1,-1.485230625E-1,6.412034035E-1
1.407133993E2,-8.569555879E-1,-1.487685442E-1,6.244035363E-1
1.407233763E2,-8.484012485E-1,-1.473685205E-1,6.120246649E-1
1.407333532E2,-8.333869576E-1,-1.491756588E-1,5.977414846E-1
1.407433304E2,-8.171108365E-1,-1.671136469E-1,5.867729783E-1
1.407533074E2,-8.029094338E-1,-1.928348392E-1,5.778999925E-1
1.407632844E2,-7.836079001E-1,-2.127925605E-1,5.678955913E-1
1.407732614E2,-7.698237300E-1,-2.188826352E-1,5.609015226E-1
1.407832384E2,-7.615913749E-1,-2.507167161E-1,5.499916673E-1
1.407932154E2,-7.495346069E-1,-2.789278626E-1,5.570226312E-1
1.408031924E2,-7.412055731E-1,-3.030944467E-1,5.626642704E-1
1.408131694E2,-7.435531020E-1,-3.339569867E-1,5.603402853E-1
1.408231464E2,-7.423245907E-1,-3.779356480E-1,5.619989038E-1
1.408331234E2,-7.308577299E-1,-4.221642315E-1,5.651909113E-1
1.408431004E2,-7.191667557E-1,-4.560066164E-1,5.779141188E-1
1.408530774E2,-7.152268291E-1,-4.701887369E-1,5.895295143E-1
1.408630544E2,-7.264307737E-1,-4.743280709E-1,5.956529379E-1
1.408730314E2,-7.385135293E-1,-4.371997118E-1,6.072776318E-1
1.408830084E2,-7.404291630E-1,-4.053019583E-1,6.042959690E-1
1.408929854E2,-7.344040871E-1,-4.256987870E-1,5.935140252E-1
1.409029634E2,-7.175918221E-1,-4.576583207E-1,5.923651457E-1
1.409129404E2,-6.993681192E-1,-4.744404256E-1,5.951641798E-1
1.409229174E2,-6.888880730E-1,-4.807824790E-1,5.962195992E-1
1.409328944E2,-6.888813376E-1,-4.792998731E-1,5.998458862E-1
1.409428714E2,-6.917218566E-1,-4.899953902E-1,6.050710082E-1
1.409528484E2,-6.795048118E-1,-4.922082424E-1,6.155677438E-1
1.409628254E2,-6.622885466E-1,-5.017660856E-1,6.206210852E-1
1.409728024E2,-6.662814617E-1,-5.209320784E-1,6.275365949E-1
1.409827794E2,-6.734312177E-1,-5.291242003E-1,6.335912943E-1
1.409927564E2,-6.744967103E-1,-5.262632966E-1,6.425109506E-1
1.410027334E2,-6.756863594E-1,-5.300950408E-1,6.516224146E-1
1.410127104E2,-6.783089042E-1,-5.403707027E-1,6.595309377E-1
1.410226874E2,-6.776716113E-1,-5.449010134E-1,6.668781042E-1
1.410326644E2,-6.721013188E-1,-5.425255299E-1,6.772078872E-1
1.410426414E2,-6.669903994E-1,-5.472412109E-1,6.828889251E-1
1.410526184E2,-6.661050320E-1,-5.567094684E-1,6.866987348E-1
1.410625954E2,-6.608181000E-1,-5.617641807E-1,6.974695921E-1
1.410725724E2,-6.508832574E-1,-5.388078690E-1,7.095099688E-1
1.410825494E2,-6.490321159E-1,-5.308993459E-1,7.150751352E-1
1.410925264E2,-6.402929425E-1,-5.319689512E-1,7.204813957E-1
1.411025044E2,-6.326081157E-1,-5.296280384E-1,7.193079591E-1
1.411124814E2,-6.248885393E-1,-5.464393497E-1,7.176110148E-1
1.411224584E2,-6.234778762E-1,-5.580467582E-1,7.169790864E-1
1.411324354E2,-6.221418977E-1,-5.835714340E-1,7.128767371E-1
1.411424124E2,-6.166262627E-1,-5.840598941E-1,7.203391790E-1
1.411523894E2,-6.166571975E-1,-5.832541585E-1,7.263710499E-1
1.411623664E2,-6.147085428E-1,-5.971111059E-1,7.284669876E-1
1.411723434E2,-6.019317508E-1,-6.048632860E-1,7.328760624E-1
1.411823204E2,-5.928450227E-1,-6.200782061E-1,7.389842868E-1
1.411922974E2,-5.798901320E-1,-6.465296149E-1,7.472724915E-1
1.412022744E2,-5.622866750E-1,-6.776233315E-1,7.551040053E-1
1.412122514E2,-5.543980002E-1,-7.000681162E-1,7.647355795E-1
1.412222284E2,-5.560795069E-1,-6.965101361E-1,7.809435725E-1
1.412322054E2,-5.604807734E-1,-6.899043918E-1,7.862947583E-1
1.412421824E2,-5.609596372E-1,-7.029740810E-1,7.882915735E-1
1.412521594E2,-5.595454574E-1,-7.071446180E-1,7.959076166E-1
1.412621364E2,-5.587995052E-1,-7.098692656E-1,8.100524545E-1
1.412721134E2,-5.581971407E-1,-7.169433832E-1,8.239731789E-1
1.412820904E2,-5.540871024E-1,-7.141034007E-1,8.329453468E-1
1.412920674E2,-5.473777652E-1,-7.004454136E-1,8.412253857E-1
1.413020444E2,-5.385400653E-1,-6.904788017E-1,8.443838954E-1
1.413120224E2,-5.274085402E-1,-6.851565242E-1,8.473973870E-1
1.413219994E2,-5.199250579E-1,-6.773252487E-1,8.553125262E-1
1.413319764E2,-5.137492418E-1,-6.708815694E-1,8.615580201E-1
1.413419534E2,-5.035493374E-1,-6.778470278E-1,8.657956719E-1
1.413519304E2,-4.979861975E-1,-6.924517155E-1,8.639768958E-1
1.413619074E2,-4.915328324E-1,-6.953622699E-1,8.704851270E-1
1.413718844E2,-4.905186594E-1,-6.633777022E-1,8.803153038E-1
1.413818614E2,-4.929527938E-1,-6.658049226E-1,8.877646923E-1
1.413918384E2,-4.740788341E-1,-6.757918000E-1,8.882758021E-1
1.414018154E2,-4.607659578E-1,-6.989003420E-1,8.820407987E-1
1.414117924E2,-4.499033689E-1,-7.109887600E-1,8.913731575E-1
1.414217694E2,-4.279749095E-1,-7.137776613E-1,8.953130245E-1
1.414317464E2,-4.257244170E-1,-7.064934969E-1,9.005286098E-1
1.414417234E2,-4.247467816E-1,-7.247268558E-1,9.119175673E-1
1.414517004E2,-4.143838286E-1,-7.298053503E-1,9.093956947E-1
1.414616774E2,-4.061011374E-1,-7.314746380E-1,9.041324854E-1
1.414716544E2,-3.946765959E-1,-7.338607907E-1,9.111324549E-1
1.414816314E2,-3.756043613E-1,-7.469707131E-1,9.274533391E-1
1.414916084E2,-3.655248880E-1,-7.555048466E-1,9.377670884E-1
1.415015854E2,-3.619248271E-1,-7.634349465E-1,9.362288713E-1
1.415115634E2,-3.686531484E-1,-7.575314045E-1,9.326013327E-1
1.415215404E2,-3.707194924E-1,-7.132936120E-1,9.352197647E-1
1.415315174E2,-3.714062572E-1,-6.886985302E-1,9.409464002E-1
1.415414944E2,-3.598622382E-1,-7.010143399E-1,9.410430789E-1
1.415514714E2,-3.306390643E-1,-7.243009806E-1,9.421228766E-1
1.415614484E2,-3.082652986E-1,-7.316344976E-1,9.486023188E-1
1.415714254E2,-2.845122516E-1,-7.395241261E-1,9.539053440E-1
1.415814024E2,-2.656530738E-1,-7.389891148E-1,9.623206854E-1
1.415913794E2,-2.446285784E-1,-7.376916409E-1,9.695524573E-1
1.416013564E2,-2.409385145E-1,-7.305722237E-1,9.746090174E-1
1.416113334E2,-2.430863082E-1,-7.318714857E-1,9.751303792E-1
1.416213104E2,-2.408215553E-1,-7.383078337E-1,9.791027308E-1
1.416312874E2,-2.467985302E-1,-7.466148138E-1,9.833108783E-1
1.416412644E2,-2.452890426E-1,-7.596366405E-1,9.860896468E-1
1.416512414E2,-2.490595728E-1,-7.774851322E-1,9.802672267E-1
1.416612184E2,-2.478923053E-1,-7.690647840E-1,9.786424041E-1
1.416711954E2,-2.354983836E-1,-7.534580231E-1,9.859935641E-1
1.416811724E2,-2.198067605E-1,-7.391251922E-1,1.002146482E0
1.416911494E2,-2.068402916E-1,-7.136819363E-1,1.018633604E0
1.417011264E2,-2.063702494E-1,-7.177520394E-1,1.014182925E0
1.417111034E2,-2.027988285E-1,-7.059541345E-1,1.014243484E0
1.417210814E2,-1.899586618E-1,-6.863604188E-1,1.016037583E0
1.417310584E2,-1.744132787E-1,-6.897770762E-1,1.019564271E0
1.417410354E2,-1.639888734E-1,-6.926665902E-1,1.010789752E0
1.417510123E2,-1.611898094E-1,-6.941891909E-1,1.002081513E0
1.417609892E2,-1.480995715E-1,-6.806669831E-1,1.014706492E0
1.417709662E2,-1.346999407E-1,-6.648905277E-1,1.021075368E0
1.417809433E2,-1.292833388E-1,-6.712887287E-1,1.015664577E0
1.417909203E2,-1.173506454E-1,-6.868948936E-1,1.012761950E0
1.418008972E2,-9.302639961E-2,-6.954575181E-1,1.017841339E0
1.418108743E2,-7.546138763E-2,-7.023455501E-1,1.020780206E0
1.418208513E2,-7.148902118E-2,-7.091176510E-1,1.019920826E0
1.418308282E2,-6.776594371E-2,-7.122501135E-1,1.026821971E0
1.418408052E2,-5.817856640E-2,-7.015002370E-1,1.031626225E0
1.418507823E2,-5.992706865E-2,-7.047013044E-1,1.028625727E0
1.418607593E2,-6.418226659E-2,-7.092316151E-1,1.025843024E0
1.418707362E2,-5.705301464E-2,-6.963021159E-1,1.028960228E0
1.418807133E2,-4.759799689E-2,-6.872543097E-1,1.039853334E0
1.418906903E2,-4.548155144E-2,-6.847028136E-1,1.038369417E0
1.419006672E2,-5.084782094E-2,-6.756249070E-1,1.035766959E0
1.419106442E2,-4.257894307E-2,-6.467994452E-1,1.045521975E0
1.419206223E2,-2.961360849E-2,-6.191790104E-1,1.058808804E0
1.419305993E2,-2.671796829E-2,-6.162333488E-1,1.063643575E0
1.419405762E2,-2.675046027E-2,-6.108300686E-1,1.057118297E0
1.419505533E2,-1.917122118E-2,-5.965531468E-1,1.056910038E0
1.419605303E2,-1.595689333E-3,-5.875064135E-1,1.063585043E0
1.419705072E2,7.313666865E-3,-5.869120955E-1,1.061716795E0
1.419804843E2,6.046001799E-3,-5.911821723E-1,1.053053975E0
1.419904613E2,1.296088472E-2,-5.830593705E-1,1.047578216E0
1.420004383E2,2.694194764E-2,-5.757143497E-1,1.045805693E0
1.420104152E2,3.462439775E-2,-5.744934082E-1,1.039027929E0
1.420203923E2,3.727078065E-2,-5.680072308E-1,1.034705520E0
1.420303693E2,4.466698319E-2,-5.561504364E-1,1.035725236E0
1.420403462E2,5.579606816E-2,-5.432279706E-1,1.043639779E0
1.420503233E2,6.192167476E-2,-5.459101796E-1,1.041624188E0
1.420603003E2,5.980392918E-2,-5.509342551E-1,1.037743211E0
1.420702772E2,6.568737328E-2,-5.327337384E-1,1.048248768E0
1.420802542E2,7.537648082E-2,-5.178186893E-1,1.055655360E0
1.420902313E2,7.463861257E-2,-5.303211212E-1,1.056918859E0
1.421002083E2,7.182711363E-2,-5.314825773E-1,1.057462931E0
1.421101852E2,6.793587655E-2,-5.231474042E-1,1.059825778E0
1.421201633E2,6.514169276E-2,-5.058411360E-1,1.068071246E0
1.421301403E2,6.404887885E-2,-4.911038578E-1,1.072612643E0
1.421401172E2,6.649951637E-2,-4.781047106E-1,1.077934504E0
1.421500942E2,6.716494262E-2,-4.674361646E-1,1.081011534E0
1.421600713E2,6.766907871E-2,-4.597292542E-1,1.082080245E0
1.421700483E2,6.848953664E-2,-4.456145763E-1,1.079113126E0
1.421800252E2,7.378842682E-2,-4.181397855E-1,1.080649972E0
1.421900023E2,8.050440997E-2,-3.852525651E-1,1.080036640E0
1.421999793E2,8.620277792E-2,-3.635741770E-1,1.078596115E0
1.422099562E2,9.600529820E-2,-3.450298309E-1,1.075267196E0
1.422199332E2,1.021108553E-1,-3.315502405E-1,1.071748972E0
1.422299103E2,1.033572033E-1,-3.078649640E-1,1.069639325E0
1.422398873E2,1.038975567E-1,-3.009143770E-1,1.058750749E0
1.422498642E2,1.065381318E-1,-2.963611484E-1,1.054228902E0
1.422598413E2,1.126982868E-1,-2.805566192E-1,1.051451802E0
1.422698183E2,1.162250116E-1,-2.700848877E-1,1.048195720E0
1.422797952E2,1.240451187E-1,-2.674084008E-1,1.046904683E0
1.422897722E2,1.331212670E-1,-2.616255581E-1,1.043776035E0
1.422997493E2,1.365602165E-1,-2.455504239E-1,1.042896390E0
1.423097263E2,1.347282976E-1,-2.269345075E-1,1.042152405E0
1.423197042E2,1.396721900E-1,-2.158341855E-1,1.043478966E0
1.423296813E2,1.404725462E-1,-2.027754635E-1,1.043477535E0
1.423396583E2,1.331576407E-1,-1.927321404E-1,1.048603535E0
1.423496352E2,1.250414550E-1,-1.768835336E-1,1.051024199E0
1.423596123E2,1.168269292E-1,-1.739873588E-1,1.056497574E0
1.423695893E2,1.115330681E-1,-1.514321715E-1,1.059674501E0
1.423795663E2,1.049715653E-1,-1.320108026E-1,1.059038520E0
1.423895432E2,1.007745713E-1,-1.149556115E-1,1.058717132E0
1.423995203E2,1.050350964E-1,-9.698352963E-2,1.063033223E0
1.424094973E2,1.081479490E-1,-8.034721762E-2,1.062750101E0
1.424194742E2,1.064874679E-1,-6.649985164E-2,1.057764888E0
1.424294513E2,1.039555222E-1,-5.591982603E-2,1.052955270E0
1.424394283E2,1.109250188E-1,-3.766093031E-2,1.054003716E0
1.424494052E2,1.178300232E-1,-2.858614177E-2,1.050395131E0
1.424593822E2,1.121779978E-1,-3.017072007E-2,1.043734074E0
1.424693593E2,1.087333784E-1,-4.502372444E-2,1.034594178E0
1.424793363E2,1.117246374E-1,-6.094143540E-2,1.034707665E0
1.424893132E2,1.151204333E-1,-6.918791682E-2,1.039021492E0
1.424992913E2,1.074500009E-1,-7.508255541E-2,1.040607691E0
1.425092683E2,1.059867963E-1,-6.528624892E-2,1.055539846E0
1.425192452E2,1.116204485E-1,-4.453942180E-2,1.067087293E0
1.425292222E2,1.043920964E-1,-4.061418772E-2,1.072079420E0
1.425391993E2,9.185686707E-2,-4.788915068E-2,1.068952322E0
1.425491763E2,7.861959189E-2,-4.468282685E-2,1.067278028E0
1.425591532E2,7.179284096E-2,-2.880159952E-2,1.070066333E0
1.425691303E2,6.846899539E-2,-2.930684201E-2,1.071931601E0
1.425791073E2,6.606868654E-2,-2.472407371E-2,1.073678851E0
1.425890842E2,6.596579403E-2,-1.562433690E-2,1.072913766E0
1.425990612E2,6.108129397E-2,3.601821605E-3,1.066992164E0
1.426090383E2,5.683839694E-2,2.481848560E-2,1.062778354E0
1.426190153E2,5.935002491E-2,4.037320986E-2,1.056695938E0
1.426289922E2,7.131354511E-2,5.144279823E-2,1.051406026E0
1.426389693E2,7.574585080E-2,5.509452522E-2,1.039692879E0
1.426489463E2,7.338026911E-2,7.024962455E-2,1.036335468E0
1.426589232E2,7.519867271E-2,9.345322102E-2,1.033747196E0
1.426689002E2,7.711571455E-2,1.057565063E-1,1.029035568E0
1.426788773E2,7.814076543E-2,1.085712016E-1,1.023465633E0
1.426888553E2,7.953502983E-2,1.094125062E-1,1.020404696E0
1.426988322E2,7.508089393E-2,1.189263836E-1,1.019498706E0
1.427088093E2,7.175592333E-2,1.364710629E-1,1.017822742E0
1.427187863E2,6.385485828E-2,1.433548033E-1,1.018182516E0
1.427287632E2,6.189252809E-2,1.565601677E-1,1.023504496E0
1.427387403E2,6.281558424E-2,1.587729901E-1,1.026536822E0
1.427487175E2,5.443492159E-2,1.645541340E-1,1.028408885E0
1.427586945E2,4.523183778E-2,1.774917841E-1,1.035810113E0
1.427686715E2,4.325337335E-2,1.888855845E-1,1.036181927E0
1.427786485E2,6.044594571E-2,1.908323467E-1,1.041032314E0
1.427886255E2,7.967423648E-2,1.527915597E-1,1.041162848E0
1.427986025E2,7.600386441E-2,1.000716314E-1,1.040588379E0
1.428085795E2,4.711619020E-2,6.813864410E-2,1.040866017E0
1.428185565E2,2.515700879E-3,5.301321298E-2,1.036918998E0
1.428285335E2,-2.780004591E-2,5.917222798E-2,1.028731227E0
1.428385105E2,-3.476713970E-2,4.619836807E-2,1.012130976E0
1.428484875E2,-2.263108641E-2,3.371979296E-2,1.003365517E0
1.428584655E2,-1.203809679E-2,2.604163438E-2,1.004961252E0
1.428684425E2,-8.787989616E-3,4.742165655E-2,1.026991844E0
1.428784195E2,-9.121683426E-3,8.717492968E-2,1.049444914E0
1.428883965E2,-1.299064048E-2,1.221647933E-1,1.052380204E0
1.428983735E2,-8.775655180E-3,1.266037375E-1,1.044345737E0
1.429083505E2,4.312576260E-3,1.132615954E-1,1.040022612E0
1.429183275E2,1.564805582E-2,1.121324152E-1,1.042738795E0
1.429283045E2,1.158135198E-2,1.196936071E-1,1.052383423E0
1.429382815E2,-5.115335342E-3,1.566375047E-1,1.063806057E0
1.429482585E2,-3.324123099E-2,2.005794942E-1,1.065951109E0
1.429582355E2,-5.554254353E-2,2.487185299E-1,1.066542029E0
1.429682125E2,-6.881633401E-2,2.838774323E-1,1.069926381E0
1.429781895E2,-8.377797902E-2,2.990028560E-1,1.071192980E0
1.429881665E2,-9.546609968E-2,3.128699660E-1,1.075052500E0
1.429981435E2,-1.090586036E-1,3.396722972E-1,1.077581882E0
1.430081205E2,-1.282784790E-1,3.669524789E-1,1.065817714E0
1.430180975E2,-1.455344409E-1,3.736915886E-1,1.053012729E0
1.430280745E2,-1.551069021E-1,3.743443489E-1,1.038874507E0
1.430380525E2,-1.497291774E-1,3.961865306E-1,1.035413146E0
1.430480295E2,-1.253169626E-1,4.219803214E-1,1.033786535E0
1.430580065E2,-1.034590602E-1,4.336279035E-1,1.032135367E0
1.430679835E2,-9.779033810E-2,4.426413774E-1,1.030699253E0
1.430779605E2,-1.066296399E-1,4.510662854E-1,1.025860548E0
1.430879375E2,-1.295762956E-1,4.490158558E-1,1.008874893E0
1.430979145E2,-1.499012709E-1,4.486291707E-1,1.003361821E0
1.431078915E2,-1.712972075E-1,4.591648579E-1,9.954399467E-1
1.431178685E2,-1.896730214E-1,4.750202596E-1,9.955491424E-1
1.431278455E2,-1.881732941E-1,5.057364106E-1,1.007772326E0
1.431378225E2,-1.842536628E-1,5.212016106E-1,1.012824059E0
1.431477995E2,-1.852196902E-1,5.194811225E-1,1.017332196E0
1.431577765E2,-1.941074580E-1,5.175353885E-1,1.019814849E0
1.431677535E2,-2.210156173E-1,5.197885633E-1,1.015486598E0
1.431777305E2,-2.406670749E-1,5.216019154E-1,1.012005568E0
1.431877075E2,-2.486984879E-1,5.331210494E-1,1.007713914E0
1.431976845E2,-2.544544041E-1,5.378958583E-1,1.001913548E0
1.432076625E2,-2.521378100E-1,5.489392877E-1,1.004678369E0
1.432176395E2,-2.539088130E-1,5.567404628E-1,9.997251034E-1
1.432276165E2,-2.659538686E-1,5.647826791E-1,9.952346683E-1
1.432375935E2,-2.717286646E-1,5.713990331E-1,9.921755195E-1
1.432475705E2,-2.713113427E-1,5.671038628E-1,9.851194620E-1
1.432575475E2,-2.733140290E-1,5.593117476E-1,9.748143554E-1
1.432675245E2,-2.815805376E-1,5.537375212E-1,9.667072296E-1
1.432775015E2,-2.929889858E-1,5.571274757E-1,9.594842196E-1
1.432874785E2,-3.144174218E-1,5.695580840E-1,9.460147023E-1
1.432974555E2,-3.325274587E-1,5.816283226E-1,9.359617829E-1
1.433074325E2,-3.400088847E-1,6.000432968E-1,9.318508506E-1
1.433174095E2,-3.421889544E-1,6.177812815E-1,9.315046668E-1
1.433273865E2,-3.438796997E-1,6.183452606E-1,9.353586435E-1
1.433373635E2,-3.396244943E-1,6.175450087E-1,9.474605918E-1
1.433473405E2,-3.442686796E-1,6.293507814E-1,9.554407001E-1
1.433573175E2,-3.616290092E-1,6.491543055E-1,9.595707655E-1
1.433672945E2,-3.868637681E-1,6.687231660E-1,9.568611979E-1
1.433772725E2,-4.112631083E-1,6.819713712E-1,9.562507868E-1
1.433872495E2,-4.386705160E-1,7.062352896E-1,9.586381316E-1
1.433972265E2,-4.583451450E-1,7.259014249E-1,9.606977701E-1
1.434072035E2,-4.737018943E-1,7.400345206E-1,9.602285028E-1
1.434171805E2,-4.890017509E-1,7.555535436E-1,9.569206238E-1
1.434271575E2,-5.096634626E-1,7.635568380E-1,9.421054125E-1
1.434371345E2,-5.269492269E-1,7.502083182E-1,9.268577695E-1
1.434471115E2,-5.270631313E-1,7.552295923E-1,9.206691980E-1
1.434570885E2,-5.146937966E-1,7.704772353E-1,9.119006991E-1
1.434670655E2,-4.962583780E-1,7.982891798E-1,9.043158293E-1
1.434770425E2,-4.851602018E-1,8.333289623E-1,8.961005211E-1
1.434870195E2,-4.777235687E-1,8.589851856E-1,8.895858526E-1
1.434969965E2,-4.782221019E-1,8.839911819E-1,8.831846714E-1
1.435069735E2,-4.898241162E-1,8.794485927E-1,8.670423627E-1
1.435169505E2,-5.051324964E-1,8.656326532E-1,8.524775505E-1
1.435269275E2,-5.231578946E-1,8.462529182E-1,8.398320079E-1
1.435369045E2,-5.393528342E-1,8.340157270E-1,8.283031583E-1
1.435468825E2,-5.553739071E-1,8.408323526E-1,8.266205788E-1
1.435568595E2,-5.692687035E-1,8.455344439E-1,8.216319680E-1
1.435668365E2,-5.750117302E-1,8.522531986E-1,8.259609938E-1
1.435768135E2,-5.760461092E-1,8.516225219E-1,8.257716298E-1
1.435867905E2,-5.802504420E-1,8.359425068E-1,8.203444481E-1
1.435967675E2,-5.928157568E-1,8.169533610E-1,8.139474988E-1
1.436067445E2,-6.056353450E-1,8.019707799E-1,8.060739636E-1
1.436167215E2,-6.139800549E-1,7.945924997E-1,8.039194942E-1
1.436266985E2,-6.209150553E-1,7.864080071E-1,7.959073186E-1
1.436366755E2,-6.242346764E-1,7.711598277E-1,7.883918881E-1
1.436466525E2,-6.310949922E-1,7.571635842E-1,7.829099894E-1
1.436566295E2,-6.452885866E-1,7.625982761E-1,7.832642198E-1
1.436666065E2,-6.575356126E-1,7.807779312E-1,7.782797813E-1
1.436765835E2,-6.714157462E-1,7.869532704E-1,7.716304064E-1
1.436865605E2,-6.780235171E-1,7.856692672E-1,7.580727339E-1
1.436965375E2,-6.844827533E-1,7.786787748E-1,7.455419898E-1
1.437065145E2,-6.864785552E-1,7.772967815E-1,7.390853763E-1
1.437164925E2,-6.931555867E-1,7.922000885E-1,7.385506034E-1
1.437264695E2,-6.994608641E-1,8.174632788E-1,7.383788228E-1
1.437364465E2,-7.079739571E-1,8.420655727E-1,7.353731990E-1
1.437464231E2,-7.161287069E-1,8.597105742E-1,7.226022482E-1
1.437564001E2,-7.265605330E-1,8.505916595E-1,7.059867382E-1
1.437663771E2,-7.320592999E-1,8.313096166E-1,6.901203990E-1
1.437763541E2,-7.344127297E-1,8.111177683E-1,6.733677983E-1
1.437863311E2,-7.352036834E-1,8.037967086E-1,6.607025862E-1
1.437963081E2,-7.348452210E-1,7.963271141E-1,6.543618441E-1
1.438062851E2,-7.304421067E-1,7.830250263E-1,6.497766376E-1
1.438162621E2,-7.269160748E-1,7.591255307E-1,6.459634900E-1
1.438262391E2,-7.233468294E-1,7.234799266E-1,6.382501125E-1
1.438362161E2,-7.257907987E-1,6.828579307E-1,6.248077750E-1
1.438461931E2,-7.378222942E-1,6.471536756E-1,6.161400080E-1
1.438561701E2,-7.464237213E-1,6.309834719E-1,6.082496047E-1
1.438661471E2,-7.531648874E-1,6.104587913E-1,6.026297808E-1
1.438761241E2,-7.559590936E-1,5.893162489E-1,6.007876992E-1
1.438861021E2,-7.576434016E-1,5.719983578E-1,6.001589894E-1
1.438960791E2,-7.665846944E-1,5.417475104E-1,5.818199515E-1
1.439060561E2,-7.787510753E-1,4.921495914E-1,5.600679517E-1
1.439160331E2,-7.939041853E-1,4.656894803E-1,5.554444194E-1
1.439260101E2,-7.957935333E-1,4.503599107E-1,5.568869710E-1
1.439359871E2,-7.874716520E-1,4.210981429E-1,5.570829511E-1
1.439459641E2,-7.622780800E-1,3.626768589E-1,5.627337098E-1
1.439559411E2,-7.478714585E-1,3.046756089E-1,5.678840280E-1
1.439659181E2,-7.617810965E-1,2.606270909E-1,5.763677955E-1
1.439758951E2,-7.806791663E-1,2.337379456E-1,5.853348970E-1
1.439858721E2,-8.004049063E-1,2.293131948E-1,5.923695564E-1
1.439958491E2,-8.158270121E-1,2.180144638E-1,5.915591717E-1
1.440058261E2,-8.273968101E-1,1.982782781E-1,5.806175470E-1
1.440158031E2,-8.439283967E-1,1.662439108E-1,5.667219758E-1
1.440257801E2,-8.562690020E-1,1.367490739E-1,5.595046282E-1
1.440357571E2,-8.533722758E-1,1.118250862E-1,5.542627573E-1
1.440457351E2,-8.328381777E-1,8.108956367E-2,5.521994233E-1
1.440557121E2,-8.077868819E-1,3.981802613E-2,5.537422299E-1
1.440656891E2,-7.888049483E-1,-1.570405904E-3,5.519373417E-1
1.440756661E2,-7.823272943E-1,-2.930696309E-2,5.505967140E-1
1.440856431E2,-7.764342427E-1,-3.112156130E-2,5.430822968E-1
1.440956201E2,-7.736530900E-1,-3.307232633E-2,5.269046426E-1
1.441055971E2,-7.620759010E-1,-4.577699304E-2,5.090035200E-1
1.441155741E2,-7.533465624E-1,-6.276476383E-2,4.913114011E-1
1.441255511E2,-7.482535839E-1,-8.658710122E-2,4.696254730E-1
1.441355281E2,-7.395488024E-1,-1.140624061E-1,4.573799968E-1
1.441455051E2,-7.263377309E-1,-1.371884644E-1,4.498574436E-1
1.441554821E2,-7.123364210E-1,-1.576450020E-1,4.466270208E-1
1.441654591E2,-7.007537484E-1,-1.686505526E-1,4.421413839E-1
1.441754361E2,-7.004557252E-1,-1.679203063E-1,4.409679770E-1
1.441854131E2,-7.034139633E-1,-1.565119326E-1,4.335299730E-1
1.441953901E2,-6.999042034E-1,-1.506905258E-1,4.208213687E-1
1.442053681E2,-6.807805300E-1,-1.547062397E-1,4.115425646E-1
1.442153451E2,-6.594608426E-1,-1.766978204E-1,4.046236873E-1
1.442253221E2,-6.487672925E-1,-2.029057443E-1,3.939725459E-1
1.442352991E2,-6.394526362E-1,-2.397990525E-1,3.879639208E-1
1.442452761E2,-6.289026141E-1,-2.767074406E-1,3.856791556E-1
1.442552531E2,-6.140187383E-1,-3.068326116E-1,3.868307173E-1
1.442652301E2,-6.045665145E-1,-3.231036961E-1,3.898465037E-1
1.442752071E2,-6.068174243E-1,-3.493502140E-1,3.822626173E-1
1.442851841E2,-6.114237309E-1,-3.819286823E-1,3.782457411E-1
1.442951611E2,-6.126070023E-1,-4.092404544E-1,3.747562170E-1
1.443051381E2,-6.051860452E-1,-4.461713731E-1,3.768451214E-1
1.443151151E2,-5.988775492E-1,-4.852162302E-1,3.869369030E-1
1.443250921E2,-5.957728028E-1,-5.109011531E-1,4.064002633E-1
1.443350691E2,-6.027761102E-1,-5.060259700E-1,4.221169055E-1
1.443450461E2,-6.129493117E-1,-4.811351001E-1,4.351489246E-1
1.443550231E2,-6.223084331E-1,-4.579863548E-1,4.387873411E-1
1.443650011E2,-6.193538308E-1,-4.657992721E-1,4.396840334E-1
1.443749781E2,-6.103951931E-1,-4.773645699E-1,4.420079291E-1
1.443849551E2,-6.039265990E-1,-4.898877740E-1,4.423825145E-1
1.443949321E2,-6.000440121E-1,-4.898491502E-1,4.465056360E-1
1.444049091E2,-6.028603911E-1,-4.850057662E-1,4.453359246E-1
1.444148861E2,-6.005559564E-1,-4.820126593E-1,4.425321519E-1
1.444248631E2,-5.895332694E-1,-4.869870543E-1,4.376460910E-1
1.444348401E2,-5.737642050E-1,-4.915122986E-1,4.359283447E-1
1.444448171E2,-5.660915971E-1,-5.022943616E-1,4.307825863E-1
1.444547941E2,-5.588667393E-1,-5.062054992E-1,4.356878698E-1
1.444647711E2,-5.588626862E-1,-4.979799092E-1,4.313859940E-1
1.444747481E2,-5.585958362E-1,-4.958475232E-1,4.339487553E-1
1.444847251E2,-5.458278656E-1,-4.967456162E-1,4.372574091E-1
1.444947021E2,-5.397683382E-1,-4.952792823E-1,4.392465353E-1
1.445046791E2,-5.354830623E-1,-4.916845262E-1,4.403165877E-1
1.445146561E2,-5.365278125E-1,-4.837632477E-1,4.425919950E-1
1.445246341E2,-5.376343727E-1,-4.727193713E-1,4.497375190E-1
1.445346111E2,-5.329160690E-1,-4.570783675E-1,4.539573193E-1
1.445445881E2,-5.260595679E-1,-4.548361003E-1,4.607624412E-1
1.445545651E2,-5.195915103E-1,-4.532626867E-1,4.643664956E-1
1.445645421E2,-5.245695114E-1,-4.508343041E-1,4.697356522E-1
1.445745191E2,-5.294841528E-1,-4.470624626E-1,4.759386778E-1
1.445844961E2,-5.301807523E-1,-4.403002262E-1,4.810747802E-1
1.445944731E2,-5.326095223E-1,-4.375191033E-1,4.834503233E-1
1.446044501E2,-5.304839611E-1,-4.353324473E-1,4.853556454E-1
1.446144271E2,-5.329436660E-1,-4.239780605E-1,4.903629124E-1
1.446244041E2,-5.408757925E-1,-4.122659862E-1,4.924463332E-1
1.446343811E2,-5.419447422E-1,-4.025212228E-1,4.970727563E-1
1.446443581E2,-5.372430682E-1,-4.021539688E-1,5.043300390E-1
1.446543351E2,-5.319132805E-1,-4.022631645E-1,5.094273090E-1
1.446643121E2,-5.315178633E-1,-4.031024575E-1,5.163211226E-1
1.446742891E2,-5.305668116E-1,-4.057097137E-1,5.207656622E-1
1.446842671E2,-5.259465575E-1,-4.089273512E-1,5.272389650E-1
1.446942441E2,-5.149368048E-1,-4.147357047E-1,5.298925638E-1
1.447042211E2,-5.056930780E-1,-4.194303751E-1,5.374466181E-1
1.447141981E2,-5.082294941E-1,-4.215062857E-1,5.405771136E-1
1.447241751E2,-5.135725737E-1,-4.121728539E-1,5.425996184E-1
1.447341521E2,-5.158365369E-1,-3.918047249E-1,5.467061996E-1
1.447441291E2,-5.200732350E-1,-3.697947860E-1,5.494702458E-1
1.447541064E2,-5.198644400E-1,-3.658778071E-1,5.423899889E-1
1.447640834E2,-5.173181295E-1,-3.641135395E-1,5.442153811E-1
1.447740604E2,-5.178885460E-1,-3.605978787E-1,5.457629561E-1
1.447840374E2,-5.139852762E-1,-3.499134183E-1,5.541852117E-1
1.447940144E2,-5.074512362E-1,-3.375664651E-1,5.610868335E-1
1.448039914E2,-5.074698329E-1,-3.264196217E-1,5.618758798E-1
1.448139684E2,-5.091295242E-1,-3.103466332E-1,5.648247600E-1
1.448239454E2,-5.084092021E-1,-2.810983360E-1,5.699369311E-1
1.448339234E2,-5.063146353E-1,-2.598657608E-1,5.745623112E-1
1.448439004E2,-5.025430918E-1,-2.502970099E-1,5.781650543E-1
1.448538774E2,-4.949648082E-1,-2.422678471E-1,5.811104774E-1
1.448638544E2,-4.884289503E-1,-2.462678105E-1,5.840954781E-1
1.448738314E2,-4.766284823E-1,-2.428949177E-1,5.905590057E-1
1.448838084E2,-4.623219073E-1,-2.323855609E-1,5.917010903E-1
1.448937854E2,-4.602653980E-1,-2.263247371E-1,5.942313671E-1
1.449037624E2,-4.573639035E-1,-2.119155079E-1,5.991001129E-1
1.449137394E2,-4.565348625E-1,-1.993874609E-1,6.041893959E-1
1.449237164E2,-4.520875812E-1,-2.110718787E-1,6.040737629E-1
1.449336934E2,-4.491344094E-1,-2.415317744E-1,5.989756584E-1
1.449436704E2,-4.465065598E-1,-2.740629017E-1,5.874418616E-1
1.449536474E2,-4.410223067E-1,-2.856961489E-1,5.795794129E-1
1.449636244E2,-4.429138899E-1,-2.632944882E-1,5.786204934E-1
1.449736014E2,-4.511038959E-1,-2.306771725E-1,5.802834034E-1
1.449835784E2,-4.546104670E-1,-2.111885846E-1,5.837720633E-1
1.449935564E2,-4.490625858E-1,-2.034153491E-1,5.847960711E-1
1.450035334E2,-4.403204918E-1,-2.217602730E-1,5.790750384E-1
1.450135104E2,-4.338223636E-1,-2.349565029E-1,5.845710039E-1
1.450234874E2,-4.291504025E-1,-2.226530612E-1,5.913637280E-1
1.450334644E2,-4.313307106E-1,-2.140587866E-1,5.969552994E-1
1.450434414E2,-4.310488403E-1,-2.038800716E-1,6.013175845E-1
1.450534184E2,-4.316443205E-1,-1.898510754E-1,6.037144661E-1
1.450633954E2,-4.346450567E-1,-1.900873333E-1,6.033560038E-1
1.450733724E2,-4.368083477E-1,-1.857767403E-1,6.030020714E-1
1.450833494E2,-4.337857068E-1,-1.900730133E-1,6.042829156E-1
1.450933264E2,-4.248388410E-1,-2.084882408E-1,5.964271426E-1
1.451033034E2,-4.167537391E-1,-2.384314984E-1,5.860708952E-1
1.451132804E2,-4.133377075E-1,-2.512133420E-1,5.841965675E-1
1.451232574E2,-4.099851251E-1,-2.320164740E-1,5.924727321E-1
1.451332344E2,-4.088911116E-1,-2.111905664E-1,5.984227657E-1
1.451432124E2,-4.026563466E-1,-2.146077156E-1,6.004695892E-1
1.451531894E2,-3.922676146E-1,-2.419804782E-1,5.936226249E-1
1.451631664E2,-3.813972175E-1,-2.708680630E-1,5.894386768E-1
1.451731434E2,-3.700702786E-1,-2.870081365E-1,5.903052688E-1
1.451831204E2,-3.687575758E-1,-2.798834443E-1,5.990510583E-1
1.451930974E2,-3.715682626E-1,-2.515519261E-1,6.171845198E-1
1.452030744E2,-3.796195686E-1,-2.314090729E-1,6.205726862E-1
1.452130514E2,-3.863842487E-1,-2.501148582E-1,6.130300760E-1
1.452230284E2,-3.903110027E-1,-2.770844102E-1,6.010466814E-1
1.452330054E2,-3.902524114E-1,-2.940980196E-1,5.965379477E-1
1.452429824E2,-3.865954876E-1,-3.023239076E-1,5.986309052E-1
1.452529594E2,-3.833357692E-1,-2.961613536E-1,6.028112769E-1
1.452629364E2,-3.815183938E-1,-2.749227285E-1,6.105988622E-1
1.452729134E2,-3.783585429E-1,-2.624018788E-1,6.092691422E-1
1.452828904E2,-3.653969467E-1,-2.602596283E-1,6.078931093E-1
1.452928684E2,-3.561232984E-1,-2.516371310E-1,6.055260897E-1
1.453028454E2,-3.508767486E-1,-2.543436289E-1,6.077418327E-1
1.453128224E2,-3.481336832E-1,-2.533830404E-1,6.107703447E-1
1.453227994E2,-3.484725952E-1,-2.456816882E-1,6.079893112E-1
1.453327764E2,-3.455502987E-1,-2.529886067E-1,6.034419537E-1
1.453427534E2,-3.360773921E-1,-2.642590404E-1,5.966169834E-1
1.453527304E2,-3.346491456E-1,-2.721430659E-1,5.956185460E-1
1.453627074E2,-3.296900094E-1,-2.678734958E-1,5.997084379E-1
1.453726844E2,-3.322349191E-1,-2.617354393E-1,6.018871665E-1
1.453826614E2,-3.247946501E-1,-2.575302124E-1,6.047507524E-1
1.453926384E2,-3.170799911E-1,-2.653346062E-1,6.077361107E-1
1.454026154E2,-3.042231500E-1,-3.061619997E-1,6.028563976E-1
1.454125924E2,-2.924810052E-1,-3.441482782E-1,5.991562009E-1
1.454225694E2,-2.916667163E-1,-3.494259715E-1,6.030355692E-1
1.454325464E2,-2.954172492E-1,-3.315244913E-1,6.099019647E-1
1.454425234E2,-3.046225607E-1,-3.057795167E-1,6.169313788E-1
1.454525014E2,-3.078268766E-1,-2.962387502E-1,6.187812090E-1
1.454624784E2,-3.017841876E-1,-2.976785898E-1,6.188076138E-1
1.454724554E2,-2.931283712E-1,-3.281400800E-1,6.135992408E-1
1.454824324E2,-2.817570269E-1,-3.621123433E-1,6.090797782E-1
1.454924094E2,-2.770999670E-1,-3.700387180E-1,6.139786839E-1
1.455023864E2,-2.806439400E-1,-3.540576994E-1,6.178199053E-1
1.455123634E2,-2.850378752E-1,-3.240616918E-1,6.245257258E-1
1.455223404E2,-2.811709940E-1,-3.040160239E-1,6.274547577E-1
1.455323174E2,-2.761914134E-1,-3.039792776E-1,6.275104284E-1
1.455422944E2,-2.709619701E-1,-3.188244104E-1,6.212656498E-1
1.455522714E2,-2.691576779E-1,-3.386508226E-1,6.166269779E-1
1.455622484E2,-2.677157819E-1,-3.379435837E-1,6.152031422E-1
1.455722254E2,-2.682816982E-1,-3.296102881E-1,6.138638258E-1
1.455822024E2,-2.624522746E-1,-3.299874663E-1,6.103284359E-1
1.455921794E2,-2.518635392E-1,-3.359515965E-1,6.089411974E-1
1.456021574E2,-2.445603013E-1,-3.342628777E-1,6.141566038E-1
1.456121344E2,-2.428428382E-1,-3.292345405E-1,6.172717214E-1
1.456221114E2,-2.456787825E-1,-3.267497718E-1,6.200327277E-1
1.456320884E2,-2.439772785E-1,-3.190108836E-1,6.203650832E-1
1.456420654E2,-2.408458143E-1,-3.285708725E-1,6.149368286E-1
1.456520424E2,-2.286570519E-1,-3.605503738E-1,6.075150967E-1
1.456620194E2,-2.192503512E-1,-3.751449287E-1,6.049371958E-1
1.456719964E2,-2.164915949E-1,-3.751808703E-1,6.048359871E-1
1.456819734E2,-2.161487937E-1,-3.692833185E-1,6.087542176E-1
1.456919504E2,-2.130387574E-1,-3.473223746E-1,6.129838228E-1
1.457019274E2,-2.109066546E-1,-3.304260671E-1,6.144712567E-1
1.457119044E2,-2.012308538E-1,-3.437809944E-1,6.138272882E-1
1.457218814E2,-1.930340976E-1,-3.634413481E-1,6.105354428E-1
1.457318584E2,-1.862675399E-1,-3.839623332E-1,6.060272455E-1
1.457418354E2,-1.877135932E-1,-3.907678425E-1,6.032212973E-1
1.457518138E2,-1.868062615E-1,-3.756259084E-1,6.047699451E-1
1.457617908E2,-1.913475245E-1,-3.567848504E-1,6.096134782E-1
1.457717677E2,-1.924293041E-1,-3.401880264E-1,6.146261096E-1
1.457817447E2,-1.903879941E-1,-3.375733793E-1,6.192893386E-1
1.457917218E2,-1.794325560E-1,-3.479386866E-1,6.248534918E-1
1.458016988E2,-1.778947711E-1,-3.586989939E-1,6.245661974E-1
1.458116757E2,-1.815480888E-1,-3.687670827E-1,6.160787344E-1
1.458216528E2,-1.849759519E-1,-3.620570898E-1,6.124159694E-1
1.458316298E2,-1.862209886E-1,-3.308765292E-1,6.163630486E-1
1.458416067E2,-1.810832322E-1,-3.051177859E-1,6.253472567E-1
1.458515837E2,-1.753670126E-1,-3.024114966E-1,6.309404373E-1
1.458615608E2,-1.709970683E-1,-3.047235012E-1,6.311339140E-1
1.458715378E2,-1.764072776E-1,-3.136554956E-1,6.210860610E-1
1.458815147E2,-1.782809943E-1,-3.165121973E-1,6.157893538E-1
1.458914918E2,-1.750353873E-1,-3.007840812E-1,6.153720021E-1
1.459014698E2,-1.653210670E-1,-2.750086784E-1,6.246069670E-1
1.459114467E2,-1.567195952E-1,-2.590379715E-1,6.284741759E-1
1.459214237E2,-1.559589952E-1,-2.615358233E-1,6.270829439E-1
1.459314008E2,-1.588783413E-1,-2.670453787E-1,6.208522320E-1
1.459413778E2,-1.590754539E-1,-2.668004930E-1,6.117898226E-1
1.459513547E2,-1.531512588E-1,-2.626331747E-1,6.082469821E-1
1.459613318E2,-1.451923549E-1,-2.478749752E-1,6.101979613E-1
1.459713088E2,-1.435784698E-1,-2.339285314E-1,6.099313498E-1
1.459812857E2,-1.440653205E-1,-2.281833887E-1,6.044745445E-1
1.459912628E2,-1.395597756E-1,-2.280387878E-1,6.025269628E-1
1.460012398E2,-1.276492327E-1,-2.209606469E-1,6.064634919E-1
1.460112168E2,-1.166248247E-1,-2.290247083E-1,6.053939462E-1
1.460211937E2,-1.124202311E-1,-2.294195592E-1,6.068342328E-1
1.460311708E2,-1.163550541E-1,-2.220164984E-1,6.008362770E-1
1.460411478E2,-1.228522435E-1,-2.095827758E-1,5.990524888E-1
1.460511257E2,-1.274890751E-1,-1.957418025E-1,6.002016664E-1
1.460611028E2,-1.241917685E-1,-1.974322647E-1,6.024777889E-1
1.460710798E2,-1.187408119E-1,-2.079826444E-1,6.063862443E-1
1.460810567E2,-1.220826283E-1,-2.309546024E-1,6.033333540E-1
1.460910337E2,-1.286555827E-1,-2.336364090E-1,5.999999046E-1
1.461010108E2,-1.357257962E-1,-2.129586190E-1,6.054778695E-1
1.461109878E2,-1.361055672E-1,-1.891917735E-1,6.110510826E-1
1.461209647E2,-1.309163570E-1,-1.748304814E-1,6.174687147E-1
1.461309418E2,-1.276859492E-1,-1.779708713E-1,6.177083850E-1
1.461409188E2,-1.300839633E-1,-1.856866926E-1,6.184787154E-1
1.461508957E2,-1.342510134E-1,-1.798141450E-1,6.169602275E-1
1.461608727E2,-1.361410618E-1,-1.731000543E-1,6.117848754E-1
1.461708498E2,-1.328083724E-1,-1.504520029E-1,6.139289737E-1
1.461808268E2,-1.276354194E-1,-1.300160289E-1,6.108732224E-1
1.461908037E2,-1.262037009E-1,-1.257222146E-1,6.051391959E-1
1.462007818E2,-1.210866645E-1,-1.129651070E-1,6.018487811E-1
1.462107588E2,-1.180764958E-1,-1.015630513E-1,5.961242914E-1
1.462207357E2,-1.131564304E-1,-9.066887945E-2,5.946859121E-1
1.462307127E2,-1.087291911E-1,-8.161892742E-2,5.906224847E-1
1.462406898E2,-1.103721187E-1,-6.914301962E-2,5.798186064E-1
1.462506668E2,-1.112403125E-1,-4.362060875E-2,5.721990466E-1
1.462606437E2,-1.192845181E-1,-3.506534547E-2,5.457738042E-1
1.462706208E2,-1.086808816E-1,5.962515250E-3,5.670447350E-1
1.462805978E2,-1.023454443E-1,3.935717791E-2,5.747910142E-1
1.462905747E2,-1.022218764E-1,3.783918172E-2,5.734250546E-1
1.463005517E2,-9.965031594E-2,2.747035213E-2,5.731749535E-1
1.463105288E2,-1.011693850E-1,2.060392313E-2,5.689860582E-1
1.463205058E2,-1.062152907E-1,1.286680531E-2,5.660819411E-1
1.463304827E2,-1.054395139E-1,4.483174533E-3,5.617593527E-1
1.463404598E2,-1.018321812E-1,4.668335430E-3,5.644612312E-1
1.463504378E2,-1.067622229E-1,8.603954688E-3,5.715063214E-1
1.463604147E2,-1.094194651E-1,2.550987992E-3,5.745806098E-1
1.463703918E2,-1.106903255E-1,-1.593587734E-2,5.756019354E-1
1.463803688E2,-1.099933535E-1,-3.949042037E-2,5.705730319E-1
1.463903457E2,-1.158547029E-1,-4.970311001E-2,5.624759197E-1
1.464003227E2,-1.202374250E-1,-2.714503743E-2,5.629437566E-1
1.464102998E2,-1.179748029E-1,1.797398087E-3,5.748036504E-1
1.464202768E2,-1.152172685E-1,1.241790969E-2,5.802155137E-1
1.464302537E2,-1.131381392E-1,8.040471934E-3,5.842579603E-1
1.464402308E2,-1.165351197E-1,1.054783352E-3,5.826626420E-1
1.464502078E2,-1.198089495E-1,-4.235586151E-3,5.772807002E-1
1.464601847E2,-1.155077741E-1,-5.942231044E-3,5.743972063E-1
1.464701617E2,-1.150837988E-1,-2.363475040E-3,5.671778917E-1
1.464801388E2,-1.171086058E-1,1.249456592E-2,5.606837869E-1
1.464901158E2,-1.200801581E-1,2.652196959E-2,5.573172569E-1
1.465000937E2,-1.192265525E-1,2.709010057E-2,5.507309437E-1
1.465100708E2,-1.114495844E-1,1.157905161E-2,5.493780375E-1
1.465200478E2,-1.042759120E-1,-5.956445355E-3,5.479624867E-1
1.465300247E2,-1.022905260E-1,-1.036158018E-2,5.486745834E-1
1.465400017E2,-1.114274412E-1,3.733415622E-3,5.498381257E-1
1.465499788E2,-1.203575507E-1,2.068017423E-2,5.436108112E-1
1.465599558E2,-1.260821372E-1,4.382887483E-2,5.417210460E-1
1.465699327E2,-1.254155487E-1,6.027788669E-2,5.331930518E-1
1.465799098E2,-1.222732291E-1,5.079744011E-2,5.279606581E-1
1.465898868E2,-1.122488230E-1,4.211100563E-2,5.328941941E-1
1.465998637E2,-1.034124866E-1,4.683266580E-2,5.343746543E-1
1.466098407E2,-1.038364619E-1,5.169266835E-2,5.340673327E-1
1.466198178E2,-1.054390967E-1,6.283672154E-2,5.300019383E-1
1.466297948E2,-1.135095358E-1,8.034381270E-2,5.127893686E-1
1.466397717E2,-1.170971245E-1,9.441466630E-2,5.026505589E-1
1.466497498E2,-1.122616231E-1,1.120543852E-1,5.004150867E-1
1.466597268E2,-1.013873294E-1,1.205741838E-1,5.068227649E-1
1.466697037E2,-8.806433529E-2,1.216064170E-1,5.162754059E-1
1.466796808E2,-8.344090730E-2,1.085905731E-1,5.187137127E-1
1.466896578E2,-8.978136629E-2,1.012903154E-1,5.125652552E-1
1.466996347E2,-1.066429317E-1,1.076360792E-1,5.003253818E-1
1.467096117E2,-1.189331561E-1,1.247551516E-1,4.900714457E-1
1.467195888E2,-1.206739321E-1,1.539831012E-1,4.862168133E-1
1.467295658E2,-1.138383970E-1,1.637907177E-1,4.861438274E-1
1.467395427E2,-1.016578376E-1,1.534450054E-1,4.939731658E-1
1.467495193E2,-9.176766127E-2,1.272280514E-1,4.987844229E-1
1.467594963E2,-9.621369094E-2,1.085215211E-1,5.023025274E-1
1.467694733E2,-1.085734218E-1,1.052327827E-1,5.004489422E-1
1.467794503E2,-1.202431768E-1,1.125914082E-1,4.949865937E-1
1.467894273E2,-1.275476813E-1,1.281530559E-1,4.930033386E-1
1.467994053E2,-1.340771765E-1,1.406652480E-1,4.885882437E-1
1.468093823E2,-1.357970387E-1,1.450805068E-1,4.875544012E-1
1.468193593E2,-1.353988200E-1,1.445975155E-1,4.951551557E-1
1.468293363E2,-1.283773929E-1,1.330897212E-1,4.984465539E-1
1.468393133E2,-1.239406615E-1,1.095260605E-1,4.937689304E-1
1.468492903E2,-1.305351853E-1,1.042777672E-1,4.950498939E-1
1.468592673E2,-1.427458525E-1,1.171039343E-1,4.903525114E-1
1.468692443E2,-1.521015316E-1,1.327966154E-1,4.864938557E-1
1.468792213E2,-1.572776884E-1,1.545967460E-1,4.828478098E-1
1.468891983E2,-1.554041654E-1,1.715278029E-1,4.831703007E-1
1.468991753E2,-1.537389457E-1,1.670624167E-1,4.871348143E-1
1.469091523E2,-1.465771645E-1,1.507026106E-1,4.941184223E-1
1.469191293E2,-1.454580873E-1,1.331681907E-1,4.988747835E-1
1.469291063E2,-1.502517760E-1,1.331889778E-1,4.982497394E-1
1.469390833E2,-1.632432342E-1,1.449224949E-1,4.851456881E-1
1.469490603E2,-1.750341058E-1,1.568113714E-1,4.709808528E-1
1.469590383E2,-1.776982397E-1,1.752897203E-1,4.665188193E-1
1.469690153E2,-1.754294932E-1,1.887527853E-1,4.690261781E-1
1.469789923E2,-1.686127037E-1,1.970916688E-1,4.798374772E-1
1.469889693E2,-1.547229886E-1,1.934008002E-1,4.841688573E-1
1.469989463E2,-1.479370147E-1,1.738510430E-1,4.858208597E-1
1.470089233E2,-1.529850364E-1,1.688509583E-1,4.788894653E-1
1.470189003E2,-1.596256047E-1,1.728309840E-1,4.652566910E-1
1.470288773E2,-1.639585793E-1,1.766712666E-1,4.495182037E-1
1.470388543E2,-1.655833125E-1,1.898315996E-1,4.426657856E-1
1.470488313E2,-1.649004817E-1,2.064630389E-1,4.419158399E-1
1.470588083E2,-1.583768725E-1,2.160651684E-1,4.464034438E-1
1.470687853E2,-1.446267068E-1,2.109939754E-1,4.499289393E-1
1.470787623E2,-1.347898841E-1,1.886630058E-1,4.454195797E-1
1.470887393E2,-1.281695366E-1,1.810956299E-1,4.400559664E-1
1.470987163E2,-1.282467842E-1,1.879126728E-1,4.253402352E-1
1.471086943E2,-1.275884509E-1,1.943071783E-1,4.068150222E-1
1.471186713E2,-1.254826337E-1,2.027324438E-1,3.960247934E-1
1.471286483E2,-1.224117428E-1,2.099120617E-1,3.857313991E-1
1.471386253E2,-1.177581325E-1,2.152849883E-1,3.816359937E-1
1.471486023E2,-1.125087738E-1,2.102665305E-1,3.819305301E-1
1.471585793E2,-1.040128544E-1,2.038192600E-1,3.752182424E-1
1.471685563E2,-9.882262349E-2,1.956918240E-1,3.702810109E-1
1.471785333E2,-9.788537025E-2,1.987515241E-1,3.654163182E-1
1.471885103E2,-1.002582461E-1,2.078661919E-1,3.571272194E-1
1.471984873E2,-1.020553783E-1,2.136271298E-1,3.517034948E-1
1.472084643E2,-1.028623134E-1,2.209787965E-1,3.479175568E-1
1.472184413E2,-1.079721525E-1,2.240123451E-1,3.445148766E-1
1.472284183E2,-1.051241681E-1,2.235755920E-1,3.485415876E-1
1.472383953E2,-1.012659743E-1,2.211862952E-1,3.511824906E-1
1.472483723E2,-1.001330689E-1,2.124178261E-1,3.499148190E-1
1.472583503E2,-1.037201062E-1,2.025299221E-1,3.428055942E-1
1.472683273E2,-1.079904884E-1,2.017413527E-1,3.410689235E-1
1.472783043E2,-1.140377894E-1,2.158296853E-1,3.373650908E-1
1.472882813E2,-1.173014864E-1,2.251358330E-1,3.318049610E-1
1.472982583E2,-1.241111085E-1,2.206760943E-1,3.200392127E-1
1.473082353E2,-1.282057166E-1,2.104072124E-1,3.134268522E-1
1.473182123E2,-1.270399243E-1,2.096460313E-1,3.165315688E-1
1.473281893E2,-1.174805015E-1,2.090835720E-1,3.240337074E-1
1.473381663E2,-1.053516418E-1,2.110960484E-1,3.333547115E-1
1.473481433E2,-9.846311063E-2,2.126462758E-1,3.375859559E-1
1.473581203E2,-1.037756428E-1,2.117584348E-1,3.318075240E-1
1.473680973E2,-1.138716862E-1,2.103075534E-1,3.254875839E-1
1.473780743E2,-1.232636943E-1,2.215975523E-1,3.230549693E-1
1.473880513E2,-1.335605383E-1,2.314416617E-1,3.169510067E-1
1.473980283E2,-1.336122155E-1,2.299138755E-1,3.110862672E-1
1.474080063E2,-1.302829981E-1,2.233047038E-1,3.117065132E-1
1.474179833E2,-1.277901083E-1,2.150670141E-1,3.141439855E-1
1.474279603E2,-1.211564392E-1,2.026194036E-1,3.205060363E-1
1.474379373E2,-1.146145016E-1,1.986695677E-1,3.234349191E-1
1.474479143E2,-1.138581634E-1,2.040741891E-1,3.228714168E-1
1.474578913E2,-1.189026758E-1,2.063716352E-1,3.173213005E-1
1.474678683E2,-1.259645820E-1,2.000301182E-1,3.048624992E-1
1.474778453E2,-1.351473182E-1,1.949933767E-1,2.980946600E-1
1.474878223E2,-1.400376856E-1,1.917435229E-1,2.898359299E-1
1.474977993E2,-1.373598725E-1,1.812570840E-1,2.860294580E-1
1.475077763E2,-1.335960329E-1,1.712252200E-1,2.882207036E-1
1.475177533E2,-1.270836890E-1,1.660109460E-1,2.900396883E-1
1.475277303E2,-1.195522696E-1,1.579144150E-1,2.938844860E-1
1.475377073E2,-1.184509099E-1,1.523902565E-1,2.947494686E-1
1.475476843E2,-1.175827160E-1,1.574207097E-1,2.958461642E-1
1.475576623E2,-1.220664605E-1,1.683713943E-1,2.897734344E-1
1.475676393E2,-1.288399398E-1,1.718228459E-1,2.808552980E-1
1.475776163E2,-1.338983476E-1,1.745174378E-1,2.722711265E-1
1.475875933E2,-1.315262616E-1,1.663495153E-1,2.656497061E-1
1.475975703E2,-1.249589175E-1,1.606574804E-1,2.646696866E-1
1.476075473E2,-1.122604385E-1,1.545393914E-1,2.648148239E-1
1.476175243E2,-9.899498522E-2,1.552127749E-1,2.665656507E-1
1.476275013E2,-9.060975909E-2,1.539176852E-1,2.664748430E-1
1.476374783E2,-8.692271262E-2,1.518752277E-1,2.596133947E-1
1.476474553E2,-9.469114989E-2,1.541405022E-1,2.471013367E-1
1.476574323E2,-9.923311323E-2,1.634651721E-1,2.384691089E-1
1.476674093E2,-1.070148721E-1,1.746070385E-1,2.292196900E-1
1.476773863E2,-1.143633723E-1,1.775242239E-1,2.234524339E-1
1.476873633E2,-1.132057011E-1,1.682734787E-1,2.170741558E-1
1.476973403E2,-1.070043221E-1,1.572926641E-1,2.175794691E-1
1.477073183E2,-9.764863551E-2,1.471185982E-1,2.239984870E-1
1.477172953E2,-8.836374432E-2,1.376071423E-1,2.306648344E-1
1.477272723E2,-7.591586560E-2,1.356720924E-1,2.394703031E-1
1.477372493E2,-7.074306905E-2,1.341167092E-1,2.417965531E-1
1.477472263E2,-7.532130927E-2,1.317403615E-1,2.381616235E-1
1.477572028E2,-8.979523927E-2,1.344095320E-1,2.285836488E-1
1.477671797E2,-1.076618508E-1,1.439431161E-1,2.178809345E-1
1.477771567E2,-1.167509705E-1,1.480498016E-1,2.106358409E-1
1.477871338E2,-1.207297370E-1,1.459594816E-1,2.030242682E-1
1.477971108E2,-1.137525737E-1,1.393707544E-1,1.988173723E-1
1.478070877E2,-1.056365892E-1,1.298656762E-1,1.957707107E-1
1.478170648E2,-9.146178514E-2,1.255853921E-1,2.001886517E-1
1.478270418E2,-7.701174170E-2,1.215440407E-1,2.077815831E-1
1.478370187E2,-7.003975660E-2,1.181080490E-1,2.120357901E-1
1.478469957E2,-6.819631159E-2,1.179213598E-1,2.090932727E-1
1.478569738E2,-7.585544139E-2,1.140967458E-1,1.988550276E-1
1.478669508E2,-8.728545904E-2,1.105765775E-1,1.903307736E-1
1.478769277E2,-9.755928069E-2,1.125542745E-1,1.852510720E-1
1.478869048E2,-1.004195139E-1,1.174717993E-1,1.781742573E-1
1.478968818E2,-1.037668362E-1,1.089201272E-1,1.734966785E-1
1.479068587E2,-1.025300696E-1,9.727758169E-2,1.716460586E-1
1.479168357E2,-9.561992437E-2,8.896128088E-2,1.715237349E-1
1.479268128E2,-8.513212949E-2,8.671117574E-2,1.798881888E-1
1.479367898E2,-7.181330770E-2,8.591781557E-2,1.888623387E-1
1.479467667E2,-6.278013438E-2,8.614604920E-2,1.939849257E-1
1.479567438E2,-6.472580135E-2,8.624108136E-2,1.941867173E-1
1.479667208E2,-7.283352315E-2,8.248496056E-2,1.858379692E-1
1.479766977E2,-8.574995399E-2,7.788220048E-2,1.806886792E-1
1.479866747E2,-9.372372925E-2,8.420614153E-2,1.793461889E-1
1.479966518E2,-1.016752943E-1,8.985693753E-2,1.769976020E-1
1.480066298E2,-1.026297659E-1,9.217575192E-2,1.777627319E-1
1.480166067E2,-1.051985994E-1,8.569598943E-2,1.774829924E-1
1.480265838E2,-1.071618795E-1,7.126326114E-2,1.802028716E-1
1.480365608E2,-1.020596549E-1,5.534060672E-2,1.863614321E-1
1.480465377E2,-9.723933041E-2,4.843689501E-2,1.958974153E-1
1.480565148E2,-9.627096355E-2,5.299165845E-2,1.997242719E-1
1.480664918E2,-9.767764807E-2,5.489395559E-2,2.077329308E-1
1.480764688E2,-1.050350964E-1,5.896661803E-2,2.103938311E-1
1.480864457E2,-1.165612563E-1,6.537125260E-2,2.035236806E-1
1.480964228E2,-1.257929206E-1,6.141247600E-2,2.027211636E-1
1.481063998E2,-1.271359473E-1,6.973352283E-2,2.082315087E-1
1.481163767E2,-1.327482462E-1,7.679548115E-2,2.068002075E-1
1.481263538E2,-1.366425902E-1,7.827806473E-2,1.997215301E-1
1.481363308E2,-1.436748058E-1,6.852709502E-2,1.968360394E-1
1.481463077E2,-1.458868235E-1,5.457133055E-2,2.016401142E-1
1.481562857E2,-1.438639313E-1,4.183704406E-2,2.016335428E-1
1.481662628E2,-1.364600807E-1,4.992825910E-2,2.068456113E-1
1.481762398E2,-1.235305890E-1,5.046961084E-2,2.055020928E-1
1.481862167E2,-1.073990241E-1,5.968894064E-2,1.995145082E-1
1.481961938E2,-9.821572900E-2,6.389780343E-2,1.937539876E-1
1.482061708E2,-9.262495488E-2,6.984890997E-2,1.805361956E-1
1.482161477E2,-8.688648045E-2,7.138527185E-2,1.689817309E-1
1.482261247E2,-8.149464428E-2,7.275439799E-2,1.493385136E-1
1.482361018E2,-7.386270911E-2,7.193665951E-2,1.386848539E-1
1.482460788E2,-6.495577097E-2,6.025444344E-2,1.298381090E-1
1.482560557E2,-5.964798853E-2,4.938297719E-2,1.222276539E-1
1.482660328E2,-5.777685344E-2,3.588581085E-2,1.131883562E-1
1.482760098E2,-4.423781484E-2,2.857610118E-3,9.580393136E-2
1.482859867E2,-3.889365122E-2,-4.709317163E-2,8.004520833E-2
1.482959637E2,-6.259974837E-2,6.544129550E-2,1.094272733E-1
1.483059418E2,-7.414375991E-2,2.840364911E-2,1.076000780E-1
1.483159188E2,-7.234448195E-2,5.177931488E-2,1.037120372E-1
1.483258957E2,-6.869675219E-2,5.290289968E-2,9.885443747E-2
1.483358728E2,-5.963655189E-2,4.869338498E-2,9.796149284E-2
1.483458498E2,-5.484285951E-2,3.487797081E-2,9.955885261E-2
1.483558267E2,-5.396620557E-2,3.586594388E-2,1.077732220E-1
1.483658037E2,-6.094635278E-2,4.667545110E-2,1.167869568E-1
1.483757808E2,-6.432741135E-2,4.424104095E-2,1.239538938E-1
1.483857578E2,-6.925612688E-2,4.552096128E-2,1.352640688E-1
1.483957347E2,-7.076347619E-2,4.180524126E-2,1.324046254E-1
1.484057118E2,-7.582215220E-2,2.759301476E-2,1.229703799E-1
1.484156888E2,-8.267579228E-2,4.165058583E-2,1.183436736E-1
1.484256657E2,-8.595734090E-2,6.162589788E-2,1.125928462E-1
1.484356428E2,-8.667704463E-2,5.643786490E-2,1.036997065E-1
1.484456198E2,-8.026228845E-2,4.645979777E-2,9.917339683E-2
1.484555977E2,-7.479953766E-2,2.111925557E-2,9.169963002E-2
1.484655747E2,-6.755440682E-2,-3.236417659E-3,8.817519993E-2
1.484755518E2,-5.937635899E-2,-6.405288354E-3,8.509203047E-2
1.484855288E2,-5.934600160E-2,-5.145346746E-3,7.752519101E-2
1.484955057E2,-6.515145302E-2,1.873243041E-2,7.430548221E-2
1.485054828E2,-4.954825714E-2,1.604397036E-2,5.866554379E-2
1.485154598E2,-3.482518345E-2,1.863653772E-2,5.092841387E-2
1.485254367E2,-2.164519951E-2,1.628256962E-2,4.181267694E-2
1.485354137E2,3.185848705E-3,-2.422083728E-2,5.282511935E-2
1.485453908E2,9.993687272E-3,-1.621803828E-2,6.186228991E-2
1.485553678E2,2.992026508E-3,-1.965931617E-2,6.088133529E-2
1.485653447E2,-7.310678717E-3,1.229701750E-2,5.540001765E-2
1.485753218E2,-7.022453938E-3,3.535643220E-3,5.471171439E-2
1.485852988E2,-1.226616791E-3,1.428123191E-2,5.471650884E-2
1.485952757E2,-1.194452029E-2,3.553349897E-2,5.119104311E-2
1.486052537E2,-4.378926754E-2,9.155096114E-2,3.743315116E-2
1.486152308E2,-6.990369409E-2,1.232646778E-1,1.708926633E-2
1.486252078E2,-6.327881664E-2,7.530621439E-2,-6.726877764E-4
1.486351847E2,-2.490929514E-2,-5.190181080E-3,2.770430408E-2
1.486451618E2,-3.685570136E-2,1.949439198E-2,4.311442003E-2
1.486551388E2,-5.405455083E-2,4.068980366E-2,4.596484080E-2
1.486651157E2,-3.479456902E-2,3.887060285E-2,3.770690784E-2
1.486750927E2,-6.739977747E-3,1.187693793E-2,2.704004198E-2
1.486850698E2,2.286008094E-3,5.850470625E-3,1.229225472E-2
1.486950468E2,-4.087805282E-3,-1.068047481E-3,-9.732479230E-3
1.487050237E2,-1.520277467E-2,-5.431104451E-3,-2.223868296E-2
1.487150008E2,-1.661789417E-2,5.799626000E-3,-2.499708906E-2
1.487249778E2,-2.084486373E-2,4.519363493E-2,-2.678912878E-2
1.487349547E2,-3.821722418E-2,1.385768056E-1,-2.178179845E-2
1.487449317E2,-3.580147028E-2,7.932946086E-2,-1.541764289E-2
1.487549098E2,-3.144700453E-2,6.550509483E-2,9.332852438E-3
1.487648877E2,-2.816652134E-2,5.136344209E-2,1.729250699E-2
1.487748647E2,-2.213607542E-2,3.176860139E-2,9.663112462E-3
1.487848418E2,-1.659457013E-2,3.875007853E-2,4.692322109E-3
1.487948188E2,-8.830558509E-3,6.438035518E-2,4.086256959E-3
1.488047957E2,-1.890627318E-3,6.835858524E-2,-3.013464157E-3
1.488147728E2,-2.315483987E-3,6.408216804E-2,-8.206194267E-3
1.488247498E2,-2.080593258E-3,6.225869805E-2,-1.735175587E-2
1.488347267E2,-2.867117291E-5,6.039259210E-2,-2.716621757E-2
1.488447037E2,1.389462152E-3,6.298065186E-2,-3.904205188E-2
1.488546808E2,-1.270640874E-3,7.536836714E-2,-5.065528676E-2
1.488646578E2,-3.394778119E-3,8.774354309E-2,-5.434243381E-2
1.488746347E2,-3.818111494E-3,1.028003022E-1,-4.572173581E-2
1.488846118E2,2.418777440E-4,1.044879407E-1,-3.683876246E-2
1.488945888E2,7.351943292E-3,1.013907343E-1,-3.447299078E-2
1.489045667E2,4.074923694E-3,9.066778421E-2,-3.458511084E-2
1.489145437E2,-4.584582988E-3,9.802035987E-2,-3.867445514E-2
1.489245208E2,-1.207658835E-2,9.221306443E-2,-4.152323678E-2
1.489344978E2,-1.219214126E-2,7.356981188E-2,-4.908081144E-2
1.489444747E2,-2.628266066E-2,1.266937554E-1,-5.423482507E-2
1.489544518E2,-3.424049169E-2,1.720218509E-1,-6.618540734E-2
1.489644288E2,-2.008126490E-2,1.470115781E-1,-9.110407531E-2
1.489744057E2,-9.564175270E-3,1.354465336E-1,-8.435961604E-2
1.489843828E2,7.345299702E-3,9.933514148E-2,-6.661684066E-2
1.489943598E2,2.606863901E-2,7.423155010E-2,-5.769788474E-2
1.490043368E2,4.240340739E-2,6.053358316E-2,-6.180661172E-2
1.490143137E2,4.852994904E-2,4.751945660E-2,-7.687813044E-2
1.490242908E2,5.906940997E-2,2.846613340E-2,-9.711735696E-2
1.490342678E2,6.265610456E-2,3.741296381E-2,-1.090218350E-1
1.490442447E2,6.977446377E-2,3.743320704E-2,-1.126131117E-1
1.490542228E2,7.191499323E-2,3.476399556E-2,-1.112658605E-1
1.490641998E2,6.460648030E-2,2.409110963E-2,-1.150888279E-1
1.490741767E2,5.920541659E-2,1.923010871E-2,-1.236606389E-1
1.490841537E2,5.413475633E-2,1.741276681E-2,-1.253336370E-1
1.490941308E2,5.765384436E-2,1.921901479E-2,-1.250222921E-1
1.491041078E2,6.203500926E-2,1.940676570E-2,-1.175145730E-1
1.491140847E2,5.553117394E-2,2.537496015E-2,-1.103557423E-1
1.491240618E2,5.662333593E-2,3.139024228E-2,-1.010245606E-1
1.491340388E2,6.083154306E-2,4.069838300E-2,-9.471474588E-2
1.491440157E2,5.144815892E-2,5.739533901E-2,-9.141242504E-2
1.491539927E2,4.798593372E-2,6.643729657E-2,-7.972012460E-2
1.491639698E2,5.215937644E-2,8.589435369E-2,-7.514108717E-2
1.491739468E2,5.215865001E-2,8.548472822E-2,-8.023957908E-2
1.491839237E2,6.377535313E-2,9.915100783E-2,-7.908776402E-2
1.491939008E2,6.047673523E-2,1.175053120E-1,-7.650258392E-2
1.492038788E2,7.151447237E-2,1.216039211E-1,-7.983339578E-2
1.492138557E2,9.989025444E-2,1.274372786E-1,-9.752891213E-2
1.492238327E2,1.107871160E-1,1.077852771E-1,-1.207428873E-1
1.492338098E2,1.106683314E-1,7.150788605E-2,-1.308351904E-1
1.492437868E2,1.368959546E-1,-2.132431790E-2,-1.050800383E-1
1.492537637E2,1.571985334E-1,-6.252042204E-2,-1.442140639E-1
1.492637408E2,1.357925683E-1,-8.182834089E-2,-1.801062822E-1
1.492737178E2,1.121951044E-1,-1.120255813E-1,-2.083102316E-1
1.492836947E2,1.142643765E-1,-1.281637996E-1,-2.152083516E-1
1.492936717E2,1.029634550E-1,-1.243239492E-1,-2.174617648E-1
1.493036488E2,8.363742381E-2,-1.233401746E-1,-2.014665604E-1
1.493136258E2,8.329863846E-2,-1.270475090E-1,-1.841176152E-1
1.493236027E2,8.922629803E-2,-1.220143884E-1,-1.754753888E-1
1.493335798E2,9.760349989E-2,-1.009458899E-1,-1.592393368E-1
1.493435568E2,1.236468181E-1,-7.956284285E-2,-1.518349499E-1
1.493535347E2,1.075100675E-1,-9.171345830E-2,-1.776684225E-1
1.493635118E2,8.563406020E-2,-4.654331878E-2,-1.966807395E-1
1.493734888E2,6.629411876E-2,-4.327464104E-2,-1.705917269E-1
1.493834657E2,7.801309228E-2,-2.553265914E-2,-1.798331738E-1
1.493934427E2,6.992672384E-2,2.448023111E-2,-1.838128418E-1
1.494034198E2,5.587721989E-2,2.980122529E-2,-1.813214570E-1
1.494133968E2,6.855314225E-2,1.206313446E-2,-2.270685881E-1
1.494233737E2,8.931940049E-2,3.149355948E-2,-2.052626312E-1
1.494333508E2,1.056317538E-1,2.759446576E-2,-1.815044731E-1
1.494433278E2,1.426419616E-1,1.066208724E-2,-1.699157208E-1
1.494533047E2,1.566203237E-1,-1.963702217E-2,-1.726546884E-1
1.494632817E2,1.736184806E-1,-1.426622458E-2,-1.726080775E-1
1.494732588E2,1.892462075E-1,3.671948798E-4,-1.674671918E-1
1.494832358E2,1.850519925E-1,1.267792284E-2,-1.650338620E-1
1.494932127E2,1.656355411E-1,2.853707410E-2,-1.736840606E-1
1.495031908E2,1.479332447E-1,3.066973574E-2,-1.663680971E-1
1.495131678E2,1.389208287E-1,3.329356201E-3,-1.762939245E-1
1.495231447E2,1.453430355E-1,-1.010575891E-2,-1.741990894E-1
1.495331217E2,1.522879153E-1,5.356604233E-3,-1.717087775E-1
1.495430988E2,1.588416845E-1,2.138803527E-2,-1.726581901E-1
1.495530758E2,1.958719194E-1,-1.050202921E-2,-1.901429892E-1
1.495630527E2,1.956817657E-1,-4.414600879E-2,-1.963489652E-1
1.495730298E2,1.790454239E-1,-7.738050818E-2,-2.014987618E-1
1.495830068E2,1.793884337E-1,-6.852176785E-2,-1.939883828E-1
1.495929837E2,1.924895346E-1,-5.404827744E-2,-1.861950606E-1
1.496029607E2,1.991277337E-1,-2.610772289E-2,-1.840360463E-1
1.496129378E2,1.895372421E-1,1.188603695E-3,-1.869758070E-1
1.496229148E2,1.849262416E-1,3.853517771E-2,-1.804942042E-1
1.496328917E2,1.777273417E-1,6.166856363E-2,-1.684434563E-1
1.496428688E2,1.675082594E-1,8.126836270E-2,-1.578321010E-1
1.496528468E2,1.532989442E-1,6.419703364E-2,-1.455836296E-1
1.496628237E2,1.524102539E-1,2.945609763E-2,-1.403832734E-1
1.496728008E2,1.335293800E-1,2.595435828E-2,-1.249247044E-1
1.496827778E2,8.008665591E-2,2.874961123E-2,-1.317682415E-1
1.496927547E2,1.285795961E-2,8.942480199E-4,-1.502090394E-1
1.497027317E2,-4.195575416E-2,-4.198264703E-2,-1.677992195E-1
1.497127088E2,-2.755975723E-2,-7.524781674E-2,-2.411680073E-1
1.497226858E2,1.606441848E-2,-1.300106794E-1,-3.250147104E-1
1.497326627E2,-1.183572225E-2,-2.198710591E-1,-3.122670650E-1
1.497426398E2,-3.967774287E-2,-1.922876239E-1,-3.103099167E-1
1.497526161E2,-6.022030115E-2,-1.576347202E-1,-3.427602649E-1
1.497625931E2,-6.871072948E-2,-9.828059375E-2,-3.448162377E-1
1.497725701E2,-8.375500888E-2,-4.700446501E-2,-3.307034373E-1
1.497825471E2,-8.849942684E-2,6.570081227E-3,-3.921958208E-1
1.497925251E2,-1.728828400E-1,-1.495934650E-2,-6.142460108E-1
1.498025021E2,-2.126856595E-1,2.806668170E-2,-8.408258557E-1
1.498124791E2,-2.716313303E-1,8.315198123E-2,-1.075475812E0
1.498224561E2,-3.645506203E-1,7.665865868E-2,-1.174832463E0
1.498324331E2,-4.654268920E-1,4.882516712E-2,-1.205338478E0
1.498424101E2,-5.084081888E-1,3.348722309E-2,-1.221929431E0
1.498523871E2,-4.789333940E-1,1.094448194E-1,-1.190780044E0
1.498623641E2,-4.277223945E-1,1.973480433E-1,-1.131935596E0
1.498723411E2,-4.099809825E-1,2.516555190E-1,-1.068654537E0
1.498823181E2,-4.124622643E-1,2.826275527E-1,-1.051845193E0
1.498922951E2,-4.308778644E-1,3.207487762E-1,-1.062345266E0
1.499022721E2,-4.485346377E-1,3.574609756E-1,-1.094573259E0
1.499122491E2,-4.088556468E-1,4.247852266E-1,-1.194038630E0
1.499222261E2,-4.031327963E-1,4.520261586E-1,-1.278588653E0
1.499322031E2,-4.679500163E-1,3.308488131E-1,-1.224485517E0
1.499421801E2,-5.061043501E-1,1.904714555E-1,-1.011367559E0
1.499521581E2,-4.788308740E-1,1.542383879E-1,-8.132183552E-1
1.499621351E2,-4.239372611E-1,1.997667253E-1,-6.912578344E-1
1.499721121E2,-3.558798432E-1,2.660030425E-1,-6.655842662E-1
1.499820891E2,-2.857896984E-1,3.265782297E-1,-6.839233637E-1
1.499920661E2,-2.289826423E-1,3.318139017E-1,-7.009032965E-1
1.500020431E2,-1.883385479E-1,2.818074524E-1,-6.632446051E-1
1.500120201E2,-1.642254144E-1,1.915672123E-1,-5.527243614E-1
1.500219971E2,-9.277040511E-2,1.279655993E-1,-4.442365170E-1
1.500319741E2,1.097720000E-3,9.759593755E-2,-3.509887755E-1
1.500419511E2,7.970304787E-2,7.268259674E-2,-2.740907967E-1
1.500519281E2,1.410584599E-1,6.673460454E-2,-2.126892954E-1
1.500619051E2,1.999531984E-1,7.273044437E-2,-2.603846490E-1
1.500718821E2,1.969172657E-1,9.279708564E-2,-3.209895492E-1
1.500818591E2,1.162128448E-1,1.581095904E-2,-3.202713132E-1
1.500918371E2,2.953080460E-2,-3.398061544E-2,-2.994661629E-1
1.501018141E2,-5.719476938E-2,-4.232482985E-2,-2.952599525E-1
1.501117911E2,-1.389716715E-1,9.223289788E-3,-3.151180744E-1
1.501217681E2,-2.343208194E-1,5.963399634E-2,-3.695102036E-1
1.501317451E2,-3.779319823E-1,1.439098865E-1,-5.677038431E-1
1.501417221E2,-6.257215738E-1,4.932399467E-2,-7.501593828E-1
1.501516991E2,-3.580932915E-1,2.129408866E-1,-7.615976930E-1
1.501616761E2,-3.264072537E-1,2.008224428E-1,-7.609406710E-1
1.501716531E2,-3.162271380E-1,1.537738293E-1,-8.110401630E-1
1.501816301E2,-3.530799448E-1,1.015367284E-1,-9.787748456E-1
1.501916071E2,-3.398073614E-1,1.256680042E-1,-1.126955390E0
1.502015841E2,-3.668549359E-1,1.304742098E-1,-1.124852538E0
1.502115611E2,-3.874366581E-1,1.491941065E-1,-9.786794186E-1
1.502215381E2,-3.583706617E-1,2.307273149E-1,-8.332207203E-1
1.502315151E2,-3.881913424E-1,2.415140718E-1,-6.688441634E-1
1.502414931E2,-5.485551357E-1,1.613883525E-1,-5.181169510E-1
1.502514701E2,-6.773217916E-1,5.302767083E-2,-4.218312502E-1
1.502614471E2,-7.238959074E-1,1.427601278E-2,-3.913322091E-1
1.502714241E2,-6.858986616E-1,4.492571577E-2,-4.215877354E-1
1.502814011E2,-6.430817246E-1,5.232824013E-2,-4.529171586E-1
1.502913781E2,-5.762544870E-1,3.723022342E-2,-4.581473172E-1
1.503013551E2,-5.005027652E-1,7.093359530E-2,-4.599204659E-1
1.503113321E2,-4.108032882E-1,1.279458553E-1,-4.664842188E-1
1.503213091E2,-3.824749887E-1,1.376461536E-1,-4.418459833E-1
1.503312861E2,-3.678213060E-1,1.345831305E-1,-4.172163010E-1
1.503412631E2,-3.407492042E-1,1.352803409E-1,-4.303065240E-1
1.503512401E2,-3.286481798E-1,1.387690902E-1,-3.985354006E-1
1.503612171E2,-3.333361447E-1,8.037237078E-2,-3.526717722E-1
1.503711941E2,-3.137421906E-1,5.063185096E-2,-3.135346770E-1
1.503811721E2,-2.864597142E-1,3.783616051E-2,-2.747127116E-1
1.503911491E2,-2.743657827E-1,-5.004882812E-3,-2.088146508E-1
1.504011261E2,-2.408536375E-1,-5.909075215E-2,-1.866632700E-1
1.504111031E2,-2.082679272E-1,-7.196857780E-2,-1.850830913E-1
1.504210801E2,-1.162589043E-1,-2.612814903E-1,-1.676830649E-1
1.504310571E2,-9.336785227E-2,-5.090224743E-2,-3.176442683E-1
1.504410341E2,-1.896520555E-1,2.368490398E-2,-6.298158169E-1
1.504510111E2,-1.370870024E-1,9.383311495E-3,-6.780048609E-1
1.504609881E2,-8.526827395E-2,8.641621098E-3,-6.438133121E-1
1.504709651E2,-6.913436949E-2,1.573702320E-2,-6.804559231E-1
1.504809421E2,-8.950328827E-2,6.820395589E-2,-7.306405306E-1
1.504909191E2,-1.157174036E-1,7.533484697E-2,-7.272195220E-1
1.505008961E2,-1.600944400E-1,8.164946735E-2,-6.868910193E-1
1.505108731E2,-1.868802160E-1,1.088164076E-1,-6.460107565E-1
1.505208501E2,-2.034775764E-1,1.335888654E-1,-5.474780202E-1
1.505308281E2,-2.017228752E-1,1.475901157E-1,-3.915413320E-1
1.505408051E2,-1.812218577E-1,1.518338621E-1,-1.883152425E-1
1.505507821E2,-1.458019018E-1,9.652284533E-2,-1.049599648E-1
1.505607591E2,-4.909507185E-2,1.195011288E-1,-8.583714068E-2
1.505707361E2,5.910348520E-2,1.379147619E-1,-4.929813743E-2
1.505807131E2,1.788432002E-1,1.324433088E-1,-1.180349290E-2
1.505906901E2,3.047339916E-1,1.314193904E-1,4.096166231E-3
1.506006671E2,4.255496264E-1,1.389249712E-1,-4.056036007E-3
1.506106441E2,5.065531135E-1,1.469085366E-1,-1.162575185E-2
1.506206211E2,5.472605824E-1,1.446658969E-1,-1.835795678E-2
1.506305981E2,5.363785028E-1,1.358391792E-1,-2.826255746E-2
1.506405751E2,4.814313948E-1,1.190863103E-1,-5.902393162E-2
1.506505521E2,3.904736936E-1,1.065279096E-1,-1.031345055E-1
1.506605291E2,2.783647478E-1,9.263792634E-2,-1.562080979E-1
1.506705071E2,1.677702218E-1,8.318795264E-2,-2.099765837E-1
1.506804841E2,8.068858832E-2,8.044462651E-2,-2.381701469E-1
1.506904611E2,1.308521070E-2,6.311322004E-2,-2.143961936E-1
1.507004381E2,-5.321977660E-2,2.998988517E-2,-1.533522755E-1
1.507104151E2,-9.619373083E-2,-8.970970288E-3,-9.845308959E-2
1.507203921E2,-1.103124768E-1,-1.444536448E-2,-7.527772337E-2
1.507303691E2,-1.058855951E-1,-1.115802303E-2,-7.174646854E-2
1.507403461E2,-9.754110873E-2,-1.344541321E-3,-7.436728477E-2
1.507503231E2,-9.031549841E-2,2.241512761E-3,-8.719425648E-2
1.507603004E2,-7.950652391E-2,1.539832726E-2,-9.504392743E-2
1.507702774E2,-7.327415049E-2,3.342974931E-2,-1.017898023E-1
1.507802544E2,-7.446698099E-2,1.943457127E-2,-1.028199121E-1
1.507902314E2,-7.209988683E-2,4.401261918E-3,-1.012083068E-1
1.508002084E2,-5.188277364E-2,2.892581280E-3,-1.074717939E-1
1.508101854E2,-2.104308456E-2,1.177618653E-2,-1.070379913E-1
1.508201634E2,1.273591816E-2,2.161949687E-2,-9.870176762E-2
1.508301404E2,4.817405343E-2,2.357035130E-2,-9.332294762E-2
1.508401174E2,9.202779830E-2,3.751945868E-2,-9.650116414E-2
1.508500944E2,1.398244947E-1,4.853495210E-2,-9.522100538E-2
1.508600714E2,1.850340515E-1,4.184562340E-2,-6.749963015E-2
1.508700484E2,2.139011323E-1,3.188233078E-2,-2.355858870E-2
1.508800254E2,2.519033551E-1,3.773382679E-2,-4.124169704E-3
1.508900024E2,3.023185432E-1,5.343476683E-2,1.962918788E-3
1.508999794E2,3.500882089E-1,7.675287127E-2,6.745423656E-3
1.509099564E2,3.870931864E-1,8.614939451E-2,1.025127899E-2
1.509199334E2,4.120336771E-1,7.987712324E-2,1.274719276E-2
1.509299104E2,4.292506874E-1,6.938909739E-2,2.302175015E-2
1.509398874E2,4.373336434E-1,5.680593103E-2,1.368763857E-2
1.509498644E2,4.378881156E-1,5.682597309E-2,2.567935735E-5
1.509598424E2,4.246005416E-1,5.232150108E-2,-1.806996763E-2
1.509698194E2,3.985924721E-1,5.785068125E-2,-3.031381220E-2
1.509797964E2,3.618014455E-1,5.937666818E-2,-3.155910596E-2
1.509897734E2,3.008417785E-1,5.204423144E-2,-2.350060269E-2
1.509997504E2,2.283899784E-1,3.882456571E-2,-2.256396785E-2
1.510097274E2,1.536666900E-1,2.705220319E-2,-2.928359807E-2
1.510197044E2,8.490761369E-2,2.200178616E-2,-4.224387184E-2
1.510296814E2,2.551579475E-2,1.424750872E-2,-5.793762952E-2
1.510396584E2,-1.867084019E-2,1.168421656E-2,-6.892316788E-2
1.510496354E2,-4.578886926E-2,1.591869257E-2,-8.168691397E-2
1.510596124E2,-6.721746922E-2,2.425971441E-2,-8.468855917E-2
1.510695894E2,-8.529369533E-2,2.179688960E-2,-8.228127658E-2
1.510795664E2,-1.030093133E-1,2.293805405E-2,-8.187141269E-2
1.510895434E2,-1.168992743E-1,2.133919112E-2,-8.173642308E-2
1.510995214E2,-1.318721026E-1,1.558862813E-2,-8.564141393E-2
1.511094984E2,-1.400682479E-1,1.512310654E-2,-9.809328616E-2
1.511194754E2,-1.529196054E-1,1.784965023E-2,-1.147537604E-1
1.511294524E2,-1.713985950E-1,1.252684183E-2,-1.342118829E-1
1.511394294E2,-2.006206661E-1,6.318479776E-3,-1.449281871E-1
1.511494064E2,-2.435650826E-1,-1.482501626E-3,-1.412093490E-1
1.511593834E2,-2.766178548E-1,3.844886087E-3,-1.528050154E-1
1.511693604E2,-2.903722525E-1,2.186327428E-2,-1.693948805E-1
1.511793374E2,-2.975113988E-1,4.180795699E-2,-1.932842284E-1
1.511893144E2,-3.262284100E-1,4.924161360E-2,-1.921004653E-1
1.511992914E2,-3.566188216E-1,5.045415089E-2,-2.024460435E-1
1.512092684E2,-3.821280301E-1,6.464529037E-2,-2.204697728E-1
1.512192454E2,-4.165200889E-1,8.559424430E-2,-2.421641499E-1
1.512292224E2,-4.404189885E-1,1.024695635E-1,-2.745461166E-1
1.512391994E2,-4.660806954E-1,9.744045138E-2,-3.010917008E-1
1.512491774E2,-4.675822556E-1,1.354131401E-1,-4.509060681E-1
1.512591544E2,-5.090841651E-1,1.144655123E-1,-4.689170420E-1
1.512691314E2,-5.535512567E-1,5.646312982E-2,-4.719999433E-1
1.512791084E2,-5.869216919E-1,5.005001090E-3,-4.625553191E-1
1.512890854E2,-5.996866226E-1,-1.990103163E-2,-4.767874777E-1
1.512990624E2,-6.061837077E-1,-2.001181990E-2,-5.047434568E-1
1.513090394E2,-6.120312810E-1,-2.991387621E-2,-5.563668609E-1
1.513190164E2,-6.168334484E-1,-2.898736298E-2,-5.878225565E-1
1.513289934E2,-6.006484628E-1,-1.456027478E-1,-6.254093647E-1
1.513389704E2,-6.951786876E-1,2.486592159E-2,-7.659084201E-1
1.513489474E2,-7.417959571E-1,-1.564125530E-2,-8.230996728E-1
1.513589244E2,-7.746702433E-1,-1.286411099E-2,-8.039289117E-1
1.513689014E2,-8.537821770E-1,-2.290418744E-2,-8.087443113E-1
1.513788784E2,-9.383987784E-1,7.590871304E-3,-7.975835204E-1
1.513888564E2,-9.361856580E-1,1.753672026E-3,-7.219331264E-1
1.513988334E2,-9.345294237E-1,-1.242314205E-1,-5.956358910E-1
1.514088104E2,-9.636999965E-1,-2.982708514E-1,-4.575245678E-1
1.514187874E2,-1.138920069E0,-1.474174261E-1,-5.605064034E-1
1.514287644E2,-1.252996325E0,-8.066809177E-2,-7.292157412E-1
1.514387414E2,-1.444612145E0,-4.193934053E-2,-8.438419700E-1
1.514487184E2,-1.167094707E0,1.008021161E-1,-9.476460814E-1
1.514586954E2,-1.177080750E0,1.546517760E-1,-1.007753849E0
1.514686724E2,-9.633057117E-1,5.456416309E-2,-1.033424258E0
1.514786494E2,-6.383228302E-1,1.112695187E-1,-1.073756814E0
1.514886264E2,-5.663913488E-1,9.134996682E-2,-9.298882484E-1
1.514986034E2,-3.077315390E-1,-1.706225984E-2,-8.681114316E-1
1.515085804E2,-3.819482923E-1,-2.715839148E-1,-8.494819403E-1
1.515185574E2,-9.054182172E-1,-3.208039105E-1,-6.525348425E-1
1.515285354E2,-1.419620514E0,-1.343746036E-1,-4.893260002E-1
1.515385124E2,-1.750444531E0,2.119529843E-1,-6.441725492E-1
1.515484894E2,-2.001163006E0,3.409152925E-1,-8.580975533E-1
1.515584664E2,-2.100617647E0,4.064290524E-1,-1.065976977E0
1.515684434E2,-2.101756096E0,4.649303854E-1,-1.308011651E0
1.515784204E2,-1.913894773E0,4.274849892E-1,-1.422034025E0
1.515883974E2,-1.674556255E0,5.431579351E-1,-1.362411141E0
1.515983744E2,-1.437444687E0,6.104392409E-1,-1.130824089E0
1.516083514E2,-1.332168937E0,6.127720475E-1,-3.771927357E-1
1.516183284E2,-1.454244614E0,1.811721325E-1,9.364881516E-1
1.516283054E2,-1.626069427E0,-2.674189508E-1,2.203117847E0
1.516382824E2,-1.821784854E0,-6.176493764E-1,3.323472738E0
1.516482594E2,-2.018388033E0,-9.493798018E-1,4.098171711E0
1.516582364E2,-2.191393614E0,-1.210066080E0,4.450703621E0
1.516682144E2,-2.284954309E0,-1.261571407E0,4.569787502E0
1.516781914E2,-2.291427851E0,-1.134609461E0,4.518121719E0
1.516881684E2,-2.259631634E0,-9.754008651E-1,4.327328682E0
1.516981454E2,-2.179297447E0,-7.384501100E-1,4.115136623E0
1.517081224E2,-2.093514919E0,-5.091659427E-1,3.903330326E0
1.517180994E2,-2.044842958E0,-4.435696602E-1,3.710834026E0
1.517280764E2,-1.992690921E0,-5.193731785E-1,3.602517128E0
1.517380534E2,-1.913078308E0,-6.513066888E-1,3.611684084E0
1.517480304E2,-1.807439566E0,-8.832288980E-1,3.727550983E0
1.517580077E2,-1.644878268E0,-1.195172071E0,3.916886091E0
1.517679847E2,-1.465106487E0,-1.293285251E0,4.209996223E0
1.517779617E2,-1.240747929E0,-1.476109147E0,4.373685360E0
1.517879387E2,-1.029416442E0,-1.645899892E0,4.468640327E0
1.517979157E2,-8.114843369E-1,-1.759050965E0,4.478137493E0
1.518078937E2,-5.875580311E-1,-1.719525337E0,4.407878876E0
1.518178707E2,-3.518429697E-1,-1.656569839E0,4.232357025E0
1.518278477E2,-1.072333306E-1,-1.599840760E0,3.997941732E0
1.518378247E2,1.295275390E-1,-1.541987062E0,3.768182755E0
1.518478017E2,3.318623900E-1,-1.613853455E0,3.520947456E0
1.518577787E2,5.005869865E-1,-1.722864389E0,3.294690371E0
1.518677557E2,7.175925374E-1,-1.643659592E0,3.046593428E0
1.518777327E2,9.594655633E-1,-1.473891020E0,2.772041082E0
1.518877097E2,1.216031313E0,-1.264938354E0,2.532887936E0
1.518976867E2,1.449532151E0,-1.124030232E0,2.353870153E0
1.519076637E2,1.618750453E0,-1.135476708E0,2.255470276E0
1.519176407E2,1.712621331E0,-1.311874151E0,2.243284702E0
1.519276177E2,1.728278041E0,-1.609658599E0,2.324114561E0
1.519375947E2,1.673793793E0,-1.983960271E0,2.474165678E0
1.519475727E2,1.543689966E0,-2.344218493E0,2.628505945E0
1.519575497E2,1.389432192E0,-2.594435215E0,2.763788939E0
1.519675267E2,1.222516298E0,-2.767138720E0,2.831435919E0
1.519775037E2,1.012505293E0,-2.830752373E0,2.798815489E0
1.519874807E2,8.167873025E-1,-2.732912064E0,2.680435181E0
1.519974577E2,6.282051206E-1,-2.550032854E0,2.496620655E0
1.520074347E2,4.505033791E-1,-2.381545544E0,2.277756453E0
1.520174117E2,3.045456409E-1,-2.287772894E0,2.085980415E0
1.520273887E2,1.633348018E-1,-2.293259859E0,1.925193429E0
1.520373657E2,4.184087366E-2,-2.489942551E0,1.788111448E0
1.520473427E2,-5.198332667E-2,-2.733534336E0,1.710211635E0
1.520573197E2,-8.615115285E-2,-2.961651087E0,1.702841520E0
1.520672967E2,-5.924035609E-2,-3.214302301E0,1.727687001E0
1.520772737E2,2.182147279E-2,-3.378470421E0,1.765703678E0
1.520872507E2,1.494424939E-1,-3.399025202E0,1.767990947E0
1.520972287E2,2.952625453E-1,-3.333134890E0,1.719138741E0
1.521072057E2,4.190781116E-1,-3.146833897E0,1.593603611E0
1.521171827E2,5.031921864E-1,-2.851027489E0,1.368040085E0
1.521271597E2,5.356629491E-1,-2.486694098E0,1.080932975E0
1.521371367E2,4.830130041E-1,-2.137741089E0,7.671134472E-1
1.521471137E2,3.589816391E-1,-1.807828426E0,4.647021294E-1
1.521570907E2,1.760371327E-1,-1.543490052E0,1.925249547E-1
1.521670677E2,-1.559323166E-2,-1.368905187E0,-2.404901944E-2
1.521770447E2,-7.336624712E-2,-1.337074041E0,2.565888129E-2
1.521870217E2,-1.169780493E-1,-1.407068729E0,-2.649379894E-5
1.521969987E2,-5.299427360E-2,-1.512423396E0,9.757089615E-2
1.522069757E2,3.613090515E-2,-1.680700302E0,2.576253414E-1
1.522169527E2,1.095686331E-1,-1.834566474E0,4.293488860E-1
1.522269297E2,1.461143494E-1,-1.947282195E0,5.423378348E-1
1.522369077E2,1.212971509E-1,-1.976604342E0,6.551309824E-1
1.522468847E2,8.162264526E-2,-1.949073434E0,7.394148707E-1
1.522568617E2,2.806967124E-2,-1.894542813E0,6.810788512E-1
1.522668387E2,-4.199212417E-2,-1.724959373E0,5.720701218E-1
1.522768157E2,-1.216677800E-1,-1.488890648E0,4.095283151E-1
1.522867927E2,-1.895545870E-1,-1.242341518E0,2.048873752E-1
1.522967697E2,-2.169497162E-1,-1.029302835E0,-3.984966502E-2
1.523067467E2,-1.842953265E-1,-8.995297551E-1,-2.475308031E-1
1.523167237E2,-1.176593006E-1,-8.189119101E-1,-4.002654850E-1
1.523267007E2,-4.554416612E-2,-7.895156741E-1,-5.416661501E-1
1.523366777E2,1.117077842E-2,-9.663722515E-1,-6.261277795E-1
1.523466547E2,-8.480436169E-3,-1.191337466E0,-6.071055532E-1
1.523566317E2,-1.071071401E-1,-1.301890850E0,-5.839722753E-1
1.523666087E2,-2.632075846E-1,-1.350431800E0,-5.410419703E-1
1.523765867E2,-4.132231772E-1,-1.420354962E0,-5.211934447E-1
1.523865637E2,-5.447535515E-1,-1.658461094E0,-4.877640903E-1
1.523965407E2,-6.496906281E-1,-1.827220559E0,-4.423284233E-1
1.524065177E2,-6.775527000E-1,-2.014206886E0,-3.982222974E-1
1.524164947E2,-6.979978085E-1,-2.112714291E0,-3.035527766E-1
1.524264717E2,-6.897651553E-1,-1.949985266E0,-2.722001374E-1
1.524364487E2,-5.742838383E-1,-1.357346416E0,-4.038564265E-1
1.524464257E2,-2.743110657E-1,-5.225838423E-1,-7.888578176E-1
1.524564027E2,-2.475769073E-2,-4.155004919E-1,-1.243961811E0
1.524663797E2,-7.440698892E-2,-4.290833175E-1,-1.432377338E0
1.524763567E2,-1.899740696E-1,-3.768606186E-1,-1.425087810E0
1.524863337E2,-2.143077850E-1,-2.339078486E-1,-1.363526940E0
1.524963107E2,-2.007568330E-1,-6.034272909E-2,-1.333105326E0
1.525062877E2,9.394159913E-2,-2.535303533E-1,-1.625199676E0
1.525162647E2,5.150504708E-1,-2.981162071E-1,-1.998358607E0
1.525262427E2,9.842680097E-1,-4.018760920E-1,-2.326055050E0
1.525362197E2,1.452971339E0,-5.392970443E-1,-2.566586494E0
1.525461967E2,1.787183285E0,-9.527565241E-1,-2.743262768E0
1.525561737E2,2.022467375E0,-8.348658085E-1,-2.770654440E0
1.525661507E2,2.134868860E0,-6.233848929E-1,-2.675710678E0
1.525761277E2,2.136739969E0,-6.811290979E-1,-2.425911188E0
1.525861047E2,2.010762453E0,-1.022479773E0,-2.203867435E0
1.525960817E2,1.702254534E0,-1.217557311E0,-2.057625294E0
1.526060587E2,1.323886871E0,-1.304347038E0,-1.890457630E0
1.526160357E2,8.175917864E-1,-1.342815280E0,-1.842199564E0
1.526260127E2,3.371502161E-1,-1.263215780E0,-1.891223550E0
1.526359897E2,-1.033286452E-1,-1.251726866E0,-1.977063894E0
1.526459667E2,-4.751453996E-1,-1.254301429E0,-2.023990870E0
1.526559437E2,-7.385503650E-1,-1.289906859E0,-2.015509605E0
1.526659217E2,-8.741446733E-1,-1.360382557E0,-1.994669437E0
1.526758987E2,-9.419183731E-1,-1.527051806E0,-2.146246910E0
1.526858757E2,-8.663598895E-1,-1.630415320E0,-2.197186470E0
1.526958527E2,-6.436442733E-1,-1.575626016E0,-2.239768267E0
1.527058297E2,-3.582316935E-1,-1.433014631E0,-2.240722895E0
1.527158067E2,-2.240067115E-4,-1.294759035E0,-2.233577967E0
1.527257837E2,3.799039423E-1,-1.198427200E0,-2.214613914E0
1.527357607E2,7.226067185E-1,-1.164856791E0,-2.165381670E0
1.527457377E2,9.888674021E-1,-1.086438298E0,-2.103791237E0
1.527557144E2,1.161333442E0,-1.113973498E0,-2.046182871E0
1.527656914E2,1.227692246E0,-1.117422223E0,-1.967258334E0
1.527756684E2,1.194960713E0,-1.070219278E0,-1.836425543E0
1.527856454E2,1.077712178E0,-1.005161405E0,-1.648700953E0
1.527956224E2,8.871152401E-1,-1.043733001E0,-1.465345502E0
1.528055994E2,6.489037871E-1,-1.241783381E0,-1.296900749E0
1.528155774E2,4.519154131E-1,-1.089172244E0,-1.181845307E0
1.528255544E2,2.779539824E-1,-9.359855652E-1,-1.082920790E0
1.528355314E2,1.787048727E-1,-8.522669673E-1,-1.011061788E0
1.528455084E2,1.590203941E-1,-8.249144554E-1,-9.369868040E-1
1.528554854E2,2.133275717E-1,-8.257618546E-1,-8.621304035E-1
1.528654624E2,2.842976451E-1,-8.687430024E-1,-8.088086247E-1
1.528754394E2,3.357256651E-1,-9.539532065E-1,-7.832455039E-1
1.528854164E2,3.341614902E-1,-1.032212377E0,-7.818155885E-1
1.528953934E2,2.790710628E-1,-1.054063559E0,-7.866457701E-1
1.529053704E2,1.912809163E-1,-1.008629203E0,-7.832311392E-1
1.529153474E2,1.076432690E-1,-9.164973497E-1,-7.569851279E-1
1.529253244E2,3.583984450E-2,-7.639002204E-1,-6.849992275E-1
1.529353014E2,1.045246515E-2,-5.512984991E-1,-5.761222839E-1
1.529452784E2,4.237427935E-2,-3.983064592E-1,-4.365217090E-1
1.529552554E2,1.244321316E-1,-2.334224284E-1,-2.815030813E-1
1.529652334E2,2.375474572E-1,-9.087649733E-2,-1.808323115E-1
1.529752104E2,3.471410573E-1,5.452954210E-4,-1.336687952E-1
1.529851874E2,4.328961670E-1,3.289478645E-2,-1.405983567E-1
1.529951644E2,4.695463479E-1,3.236827999E-2,-1.839383692E-1
1.530051414E2,4.406432211E-1,-7.444636896E-3,-2.308439165E-1
1.530151184E2,3.531189561E-1,-6.015125662E-2,-2.599882483E-1
1.530250954E2,2.213843018E-1,-1.244303733E-1,-2.690920830E-1
1.530350724E2,7.307738066E-2,-1.673589200E-1,-2.529186904E-1
1.530450494E2,-5.761352926E-2,-1.897380948E-1,-2.151915282E-1
1.530550264E2,-8.753068745E-2,-2.495098263E-1,-1.442039013E-1
1.530650034E2,-5.575129390E-2,-2.721840739E-1,-4.949394986E-2
1.530749804E2,-1.149594784E-2,-2.698338330E-1,1.679559052E-2
1.530849574E2,3.110795654E-2,-2.655678391E-1,3.581751138E-2
1.530949344E2,4.502723739E-2,-2.527931929E-1,1.344136707E-2
1.531049124E2,3.222292289E-2,-2.304371148E-1,-2.504111454E-2
1.531148894E2,-1.193029457E-4,-1.978666484E-1,-7.023282349E-2
1.531248664E2,-3.446404263E-2,-1.727763861E-1,-1.039267033E-1
1.531348434E2,-3.273964673E-2,-1.493861079E-1,-1.160592660E-1
1.531448204E2,-7.191443001E-4,-1.301288903E-1,-1.130725071E-1
1.531547974E2,5.149425939E-2,-1.188610569E-1,-8.872722089E-2
1.531647744E2,1.012113988E-1,-1.160926968E-1,-5.995851755E-2
1.531747514E2,1.361435503E-1,-1.270870268E-1,-4.529515281E-2
1.531847284E2,1.441856325E-1,-1.303546727E-1,-4.084475711E-2
1.531947054E2,1.283462197E-1,-1.125309393E-1,-4.169350863E-2
1.532046824E2,9.606391191E-2,-8.652596921E-2,-4.150468856E-2
1.532146594E2,6.361623108E-2,-4.773542285E-2,-4.263360426E-2
1.532246364E2,4.544394836E-2,-2.595752478E-3,-4.898272082E-2
1.532346134E2,4.663438350E-2,3.716577590E-2,-4.679626599E-2
1.532445904E2,6.164303422E-2,5.341483653E-2,-3.463708609E-2
1.532545684E2,7.658709586E-2,4.199813306E-2,-1.368439943E-2
1.532645454E2,7.571489364E-2,2.475352958E-2,6.639808416E-3
1.532745224E2,5.706318095E-2,1.897749491E-3,1.531239226E-2
1.532844994E2,3.046204336E-2,-1.621981151E-2,1.122474670E-2
1.532944764E2,1.379252039E-2,-2.079911716E-2,7.779948413E-3
1.533044534E2,1.001094189E-2,-2.429226786E-2,1.903717220E-2
1.533144304E2,1.714102365E-2,-1.790627465E-2,3.398629650E-2
1.533244074E2,3.231798857E-2,1.013480313E-2,4.402532801E-2
1.533343844E2,5.385417491E-2,2.844004147E-2,4.395049065E-2
1.533443614E2,7.323116064E-2,2.606710792E-2,3.465666994E-2
1.533543384E2,7.282716036E-2,-3.267876338E-3,2.869465016E-2
1.533643154E2,5.055085570E-2,-3.806646168E-2,2.140323818E-2
1.533742924E2,1.232677139E-2,-6.693459302E-2,1.250961050E-2
1.533842694E2,-3.138639778E-2,-7.714305818E-2,3.346557729E-3
1.533942474E2,-6.200262904E-2,-8.896669000E-2,-3.996310290E-3
1.534042244E2,-6.466180086E-2,-9.366104752E-2,-8.680811152E-3
1.534142014E2,-3.897427768E-2,-9.798868001E-2,-2.027594857E-2
1.534241784E2,1.507875742E-3,-9.398154914E-2,-3.968394548E-2
1.534341554E2,4.421699047E-2,-5.580886453E-2,-5.312172323E-2
1.534441324E2,8.545871824E-2,-1.895149052E-2,-6.006754190E-2
1.534541094E2,1.191993728E-1,1.931307465E-2,-5.825898796E-2
1.534640864E2,1.370712817E-1,5.508346483E-2,-4.489438981E-2
1.534740634E2,1.343676448E-1,7.113912702E-2,-2.510870248E-2
1.534840404E2,1.077087000E-1,5.553868786E-2,-1.224503294E-2
1.534940174E2,6.867074966E-2,3.102508932E-2,-1.028467994E-2
1.535039944E2,3.047163039E-2,9.767524898E-4,-1.342360768E-2
1.535139714E2,-1.549951150E-3,-1.890108176E-2,-2.022532001E-2
1.535239484E2,-1.230804157E-2,-1.650280505E-2,-2.409146167E-2
1.535339254E2,2.377427183E-3,-8.061650209E-3,-2.426163666E-2
1.535439034E2,3.577736393E-2,1.305499673E-2,-2.517650090E-2
1.535538804E2,6.326224655E-2,4.001870006E-2,-3.250632063E-2
1.535638574E2,6.609991938E-2,5.079454184E-2,-3.738590330E-2
1.535738344E2,3.988482803E-2,4.474836588E-2,-3.493153304E-2
1.535838114E2,-5.803496577E-3,2.329623327E-2,-2.454641089E-2
1.535937884E2,-5.366342887E-2,-3.064269200E-3,-9.787172079E-3
1.536037654E2,-9.314029664E-2,-3.990237787E-2,2.718822565E-3
1.536137424E2,-1.201631203E-1,-7.192608714E-2,8.594022132E-3
1.536237194E2,-1.334962845E-1,-9.459090978E-2,7.415320724E-4
1.536336964E2,-1.261696666E-1,-1.031851992E-1,-1.307840832E-2
1.536436734E2,-1.033851951E-1,-9.480866790E-2,-2.267125063E-2
1.536536504E2,-6.360315531E-2,-7.386796921E-2,-2.256871946E-2
1.536636274E2,-1.159825642E-2,-4.897101596E-2,-1.286155358E-2
1.536736044E2,4.143087193E-2,-1.567617804E-2,-6.003380753E-3
1.536835814E2,8.387856930E-2,2.184918709E-2,2.324660774E-3
1.536935594E2,1.089407727E-1,4.977242649E-2,8.267238736E-3
1.537035364E2,1.158150285E-1,5.972635001E-2,2.009839937E-2
1.537135134E2,1.091145128E-1,5.991251022E-2,3.353964165E-2
1.537234904E2,8.676251024E-2,5.644321442E-2,4.180865735E-2
1.537334674E2,5.606505647E-2,4.986041412E-2,4.974247888E-2
1.537434444E2,2.490168437E-2,3.809541836E-2,4.714375362E-2
1.537534214E2,-1.712082187E-3,2.489466220E-2,3.817609325E-2
1.537633979E2,-2.241504751E-2,5.090871360E-3,2.468521893E-2
1.537733749E2,-2.276232466E-2,-1.370039396E-2,7.348041050E-3
1.537833519E2,-1.015650481E-2,-3.829066828E-2,-6.940645166E-3
1.537933289E2,1.137428684E-3,-4.040335119E-2,-1.521881483E-2
1.538033059E2,1.451772451E-2,-2.394977771E-2,-1.389291137E-2
1.538132829E2,2.472029626E-2,-1.636215718E-3,-7.416103501E-3
1.538232599E2,3.721646219E-2,1.377122849E-2,7.122722920E-3
1.538332379E2,4.935355484E-2,3.396597505E-2,2.639761567E-2
1.538432149E2,5.891226977E-2,6.015711650E-2,4.491145164E-2
1.538531919E2,6.869166344E-2,8.611388505E-2,5.742644519E-2
1.538631689E2,8.367489278E-2,1.048347503E-1,6.491895020E-2
1.538731459E2,9.889592230E-2,1.129139811E-1,6.553360820E-2
1.538831229E2,1.069392860E-1,1.134401411E-1,6.026571244E-2
1.538930999E2,1.028081924E-1,1.101825610E-1,5.117501318E-2
1.539030769E2,9.148012847E-2,9.675148129E-2,4.380213097E-2
1.539130539E2,7.929323614E-2,6.767269224E-2,3.206664696E-2
1.539230309E2,6.396518648E-2,2.681203745E-2,1.716937125E-2
1.539330079E2,3.512021899E-2,-9.901502170E-3,6.437632255E-3
1.539429849E2,-2.512080246E-4,-3.699637949E-2,-7.963698357E-3
1.539529619E2,-2.856274135E-2,-6.008492038E-2,-1.439842768E-2
1.539629389E2,-5.150778219E-2,-8.414075524E-2,-1.865273900E-2
1.539729169E2,-6.207893416E-2,-9.027827531E-2,-1.566254161E-2
1.539828939E2,-6.660011411E-2,-7.434522361E-2,-6.285958458E-3
1.539928709E2,-5.574959517E-2,-4.828113317E-2,2.669985872E-3
1.540028479E2,-3.167609125E-2,-2.443417348E-2,3.505966626E-3
1.540128249E2,-3.548583249E-3,2.466416918E-3,-3.142082132E-3
1.540228019E2,1.897350140E-2,2.631947771E-2,-1.169162616E-2
1.540327789E2,3.285096586E-2,3.982995823E-2,-1.338353194E-2
1.540427559E2,3.849975765E-2,4.310648888E-2,-1.059192233E-2
1.540527329E2,3.997701406E-2,4.060444981E-2,-3.862647805E-3
1.540627099E2,3.341441229E-2,4.003963247E-2,-1.434294041E-3
1.540726869E2,2.051219344E-2,3.050178662E-2,-1.251334790E-3
1.540826639E2,2.055560704E-3,1.855402440E-2,-7.867706008E-3
1.540926409E2,-1.570452750E-2,-5.740131252E-3,-1.257510949E-2
1.541026179E2,-2.836756408E-2,-2.313516662E-2,-1.489930507E-2
1.541125949E2,-3.446087614E-2,-3.192439675E-2,-1.699760929E-2
1.541225729E2,-2.961185016E-2,-4.041967541E-2,-1.321687363E-2
1.541325499E2,-1.967293210E-2,-3.936453164E-2,-1.319716685E-2
1.541425269E2,-7.998377085E-3,-2.507581189E-2,-1.459011342E-2
1.541525039E2,5.562705453E-3,-9.945860133E-3,-1.647882536E-2
1.541624809E2,2.151359618E-2,2.322596498E-3,-1.963205263E-2
1.541724579E2,3.185039014E-2,1.234247442E-2,-1.714226417E-2
1.541824349E2,3.164573386E-2,1.715333574E-2,-1.280904748E-2
1.541924119E2,2.438995242E-2,1.375966892E-2,-1.232887991E-2
1.542023889E2,1.258086320E-2,7.271850482E-3,-1.323042810E-2
1.542123659E2,-8.025857387E-4,-1.382091781E-3,-1.984944940E-2
1.542223429E2,-1.547475159E-2,2.328236587E-4,-1.680090278E-2
1.542323199E2,-2.365970984E-2,3.893071786E-3,-6.961587816E-3
1.542422969E2,-3.916327283E-2,1.847963315E-3,1.755678793E-3
1.542522739E2,-5.409987643E-2,-2.900985535E-3,7.149577141E-5
1.542622519E2,-6.443600357E-2,-1.226887200E-2,-7.210400421E-3
1.542722289E2,-6.113793701E-2,-1.584283449E-2,-1.509095915E-2
1.542822059E2,-4.459071159E-2,-1.639210805E-2,-2.448567748E-2
1.542921829E2,-2.645778283E-2,-1.228338294E-2,-2.843594551E-2
1.543021599E2,-4.403908271E-3,-8.383117616E-3,-3.414224461E-2
1.543121369E2,1.309092995E-2,-8.263981435E-4,-3.770422190E-2
1.543221139E2,2.434445359E-2,1.150259748E-2,-3.588755056E-2
1.543320909E2,3.127266467E-2,1.938635297E-2,-3.765615448E-2
1.543420679E2,4.104527831E-2,2.035179920E-2,-4.164585471E-2
1.543520449E2,5.433231965E-2,2.006204613E-2,-4.006739706E-2
1.543620219E2,6.017895415E-2,2.651526034E-2,-3.385144100E-2
1.543719989E2,6.227992475E-2,3.315878287E-2,-2.849422395E-2
1.543819759E2,5.520635843E-2,3.694966063E-2,-2.540001273E-2
1.543919529E2,5.143585429E-2,3.666922823E-2,-2.141512558E-2
1.544019309E2,4.083916172E-2,3.457104787E-2,-1.410826389E-2
1.544119079E2,3.106163070E-2,2.718903311E-2,-9.719640017E-3
1.544218849E2,1.747313142E-2,1.991622895E-2,-9.290632792E-3
1.544318619E2,6.603174377E-3,2.741435915E-2,-1.255034190E-2
1.544418389E2,5.470477976E-3,3.355163336E-2,-1.740357652E-2
1.544518159E2,6.320292596E-3,4.658301175E-2,-2.294108644E-2
1.544617929E2,1.169720013E-2,5.708348751E-2,-2.579170465E-2
1.544717699E2,1.748797670E-2,5.483284965E-2,-2.508809790E-2
1.544817469E2,1.908822916E-2,4.800907522E-2,-3.126708046E-2
1.544917239E2,1.396803744E-2,3.559368476E-2,-4.446331039E-2
1.545017009E2,2.244761027E-2,2.333017811E-2,-6.990755349E-2
1.545116779E2,3.880873695E-2,1.085540000E-2,-8.758775145E-2
1.545216549E2,5.294131115E-2,6.997952238E-3,-9.630581737E-2
1.545316319E2,6.567920744E-2,8.657101542E-3,-9.117630124E-2
1.545416089E2,7.365554571E-2,2.461341396E-2,-7.875726372E-2
1.545515869E2,7.104485482E-2,5.229617655E-2,-6.309361011E-2
1.545615639E2,6.445398182E-2,7.762633264E-2,-5.050630122E-2
1.545715409E2,4.523661360E-2,9.729777277E-2,-4.678586870E-2
1.545815179E2,3.232144937E-2,1.033576205E-1,-5.284582078E-2
1.545914949E2,3.461895883E-2,1.048138365E-1,-5.858732760E-2
1.546014719E2,4.516186193E-2,1.150128394E-1,-5.948211998E-2
1.546114489E2,6.412090361E-2,1.284266561E-1,-5.985389650E-2
1.546214259E2,7.408834249E-2,1.395471096E-1,-6.131760404E-2
1.546314029E2,7.764845341E-2,1.308074147E-1,-6.059562787E-2
1.546413799E2,6.036240608E-2,1.179394871E-1,-5.498567224E-2
1.546513569E2,2.682361938E-2,9.965049475E-2,-5.369350314E-2
1.546613339E2,-1.972846501E-2,7.256408781E-2,-5.983656272E-2
1.546713109E2,-6.858655810E-2,3.722047806E-2,-7.154728472E-2
1.546812879E2,-9.905041009E-2,1.479215920E-3,-8.474759012E-2
1.546912659E2,-1.067221761E-1,-1.574557647E-2,-9.968206286E-2
1.547012429E2,-9.534432739E-2,-6.494088098E-3,-1.126628965E-1
1.547112199E2,-6.892869622E-2,1.460666955E-2,-1.223903522E-1
1.547211969E2,-3.179264441E-2,3.964301944E-2,-1.189639494E-1
1.547311739E2,5.862325430E-3,6.254460663E-2,-1.065043509E-1
1.547411509E2,3.837220371E-2,9.479667991E-2,-9.500403702E-2
1.547511279E2,5.252930149E-2,1.136326864E-1,-8.541399240E-2
1.547611050E2,5.464023724E-2,1.232577264E-1,-7.973156869E-2
1.547710820E2,4.154254496E-2,1.174901277E-1,-6.956681609E-2
1.547810590E2,1.702054963E-2,1.044216752E-1,-6.831350923E-2
1.547910360E2,-2.255775221E-2,8.125910163E-2,-8.069854230E-2
1.548010130E2,-6.377874315E-2,4.757910967E-2,-8.938539773E-2
1.548109900E2,-9.538674355E-2,9.173929691E-3,-8.736938983E-2
1.548209670E2,-1.251050532E-1,-8.033037186E-3,-9.171706438E-2
1.548309450E2,-1.728265136E-1,-9.176865220E-3,-1.062363535E-1
1.548409220E2,-2.343153208E-1,-1.039194874E-2,-1.216959655E-1
1.548508990E2,-2.351518124E-1,-3.706829995E-2,-9.959544986E-2
1.548608760E2,-1.817972511E-1,-2.377912588E-2,-9.300093353E-2
1.548708530E2,-1.377435029E-1,-1.159034902E-3,-1.168673858E-1
1.548808300E2,-1.380400360E-1,3.315224778E-3,-1.420220435E-1
1.548908070E2,-1.613280475E-1,-2.751459181E-2,-1.396361142E-1
1.549007840E2,-1.738912463E-1,-1.165211648E-1,-1.249131039E-1
1.549107610E2,-1.743136197E-1,-2.289872617E-1,-1.098601148E-1
1.549207380E2,-1.763881147E-1,-2.996991575E-1,-1.133429334E-1
1.549307150E2,-1.993344426E-1,-3.111582100E-1,-1.236562952E-1
1.549406920E2,-2.273070961E-1,-2.893525362E-1,-1.297636926E-1
1.549506690E2,-2.215211242E-1,-2.803289592E-1,-1.431956142E-1
1.549606460E2,-2.000051141E-1,-2.498115450E-1,-1.568172574E-1
1.549706230E2,-1.744355708E-1,-2.030642927E-1,-1.430322081E-1
1.549806010E2,-1.350559890E-1,-1.385527402E-1,-1.110821590E-1
1.549905780E2,-8.773721755E-2,-6.669425219E-2,-7.156537473E-2
1.550005550E2,-4.995656013E-2,4.215097800E-2,-5.365745351E-2
1.550105320E2,-2.973810956E-2,1.478401273E-1,-5.591687933E-2
1.550205090E2,-5.417115055E-3,1.995881349E-1,-6.492863595E-2
1.550304860E2,4.929886013E-2,1.997979879E-1,-7.496529073E-2
1.550404630E2,9.240490198E-2,1.794909835E-1,-8.173340559E-2
1.550504400E2,8.277730644E-2,1.525222063E-1,-9.031037986E-2
1.550604170E2,1.577477902E-2,1.211607605E-1,-1.036127657E-1
1.550703940E2,-7.616153359E-2,7.021422684E-2,-1.233435869E-1
1.550803710E2,-1.486070752E-1,2.668166999E-3,-1.376948655E-1
1.550903480E2,-1.909151226E-1,-6.367676705E-2,-1.395513564E-1
1.551003250E2,-2.193775475E-1,-1.075797379E-1,-1.295391619E-1
1.551103020E2,-2.447713166E-1,-1.255829632E-1,-1.130597964E-1
1.551202790E2,-2.415814251E-1,-1.354102641E-1,-1.012091711E-1
1.551302570E2,-2.016060501E-1,-1.399141997E-1,-9.229477495E-2
1.551402340E2,-1.295962781E-1,-1.299329996E-1,-8.412691951E-2
1.551502110E2,-6.306092441E-2,-9.715667367E-2,-7.787328213E-2
1.551601880E2,-1.989949681E-2,-4.964451492E-2,-7.002543658E-2
1.551701650E2,5.927285529E-4,-3.230145201E-3,-6.117202342E-2
1.551801420E2,1.617624890E-3,3.319516778E-2,-5.447386205E-2
1.551901190E2,-2.702288795E-3,4.575889930E-2,-6.373340636E-2
1.552000960E2,-2.663130686E-2,5.570677295E-2,-5.920819566E-2
1.552100730E2,-5.821666494E-2,4.671381041E-2,-5.374845117E-2
1.552200500E2,-7.784317434E-2,1.905931719E-2,-4.685231671E-2
1.552300270E2,-9.359389544E-2,4.227822646E-4,-3.973874822E-2
1.552400040E2,-1.078618839E-1,-8.179777302E-3,-3.544527292E-2
1.552499810E2,-1.176745668E-1,-1.018167473E-2,-4.196229577E-2
1.552599580E2,-1.128685251E-1,-1.181516796E-2,-4.715485498E-2
1.552699350E2,-8.134388924E-2,-3.338326467E-3,-4.653194174E-2
1.552799130E2,-4.419871047E-2,5.868355744E-3,-3.353826329E-2
1.552898900E2,-4.380990751E-3,3.084294684E-2,-2.870036662E-2
1.552998670E2,3.332531825E-2,5.071665347E-2,-2.987657301E-2
1.553098440E2,6.563718617E-2,6.523647159E-2,-3.667163104E-2
1.553198210E2,9.349282831E-2,7.317965478E-2,-4.556853697E-2
1.553297980E2,1.116665006E-1,6.237121671E-2,-5.928301811E-2
1.553397750E2,1.016644239E-1,5.138941482E-2,-5.487458035E-2
1.553497520E2,7.992290705E-2,3.954607248E-2,-4.895330593E-2
1.553597290E2,5.434897169E-2,2.446749806E-2,-5.314672738E-2
1.553697060E2,1.948792674E-2,6.701284554E-3,-6.363479048E-2
1.553796830E2,-1.608144864E-2,-1.388905384E-2,-7.325001061E-2
1.553896600E2,-4.370375723E-2,-2.683201618E-2,-7.456400990E-2
1.553996370E2,-5.563460663E-2,-3.132278845E-2,-8.273268491E-2
1.554096140E2,-5.274454504E-2,-2.497328073E-2,-9.233604372E-2
1.554195920E2,-4.838717729E-2,-1.702996343E-2,-9.925287217E-2
1.554295690E2,-5.190627649E-2,-5.753072910E-3,-9.880786389E-2
1.554395460E2,-5.586604401E-2,-4.293859936E-3,-8.749092370E-2
1.554495230E2,-5.687245354E-2,-1.233394258E-2,-7.832432538E-2
1.554595000E2,-5.471700430E-2,-2.650081925E-2,-7.909560949E-2
1.554694770E2,-5.488824472E-2,-3.845601529E-2,-9.479441494E-2
1.554794540E2,-5.347101018E-2,-5.041415989E-2,-1.112664118E-1
1.554894310E2,-3.901270777E-2,-5.484033376E-2,-1.191142127E-1
1.554994080E2,-1.743954606E-2,-4.492054880E-2,-1.170326024E-1
1.555093850E2,2.010051860E-3,-2.413750626E-2,-1.030691192E-1
1.555193620E2,1.498600841E-2,-1.893362030E-2,-8.470016718E-2
1.555293390E2,3.578050062E-2,-2.827093005E-2,-7.794532925E-2
1.555393160E2,6.582296640E-2,-4.696581513E-2,-7.959862798E-2
1.555492930E2,1.144307181E-1,-7.417106628E-2,-1.084361374E-1
1.555592700E2,1.679074764E-1,-9.742461145E-2,-1.641533822E-1
1.555692480E2,2.193874568E-1,-1.326550245E-1,-2.293584794E-1
1.555792250E2,2.550334334E-1,-1.654658616E-1,-2.819862068E-1
1.555892020E2,2.612157166E-1,-1.971388459E-1,-3.243797421E-1
1.555991790E2,2.324813008E-1,-2.101888061E-1,-3.529097736E-1
1.556091560E2,1.798745543E-1,-2.044187933E-1,-3.436782062E-1
1.556191330E2,1.317247152E-1,-1.796629876E-1,-2.927601039E-1
1.556291100E2,1.108647138E-1,-1.534665376E-1,-2.183338255E-1
1.556390870E2,1.129910350E-1,-1.335354000E-1,-1.468669474E-1
1.556490640E2,1.206641346E-1,-1.056236029E-1,-1.023042649E-1
1.556590410E2,1.274411678E-1,-6.376846880E-2,-9.481699020E-2
1.556690180E2,1.293144375E-1,-2.530310303E-2,-1.094281524E-1
1.556789950E2,1.240761504E-1,7.973866537E-3,-1.228116229E-1
1.556889720E2,1.190494373E-1,2.704529837E-2,-1.265272498E-1
1.556989490E2,1.244131103E-1,2.705671638E-2,-1.182532310E-1
1.557089270E2,1.262286007E-1,1.905551367E-2,-1.028321981E-1
1.557189040E2,1.244748905E-1,7.806853391E-3,-8.476051688E-2
1.557288810E2,1.094765067E-1,1.159386896E-2,-6.693491340E-2
1.557388580E2,7.999738306E-2,2.951981500E-2,-3.997854888E-2
1.557488350E2,4.517069831E-2,2.892726287E-2,-9.762588888E-3
1.557588129E2,1.316041127E-2,4.879033193E-3,1.650980487E-2
1.557687899E2,-1.032547373E-2,-1.433167886E-2,2.851213887E-2
1.557787669E2,-2.363784239E-2,-3.008173965E-2,3.505105153E-2
1.557887439E2,-3.017430566E-2,-3.850691766E-2,4.463469982E-2
1.557987209E2,-2.412355132E-2,-4.824264720E-2,4.750495031E-2
1.558086979E2,-1.164957043E-2,-5.666675791E-2,4.439144582E-2
1.558186749E2,7.573420648E-3,-5.681729689E-2,3.417577222E-2
1.558286519E2,2.298406884E-2,-4.928880557E-2,3.026039153E-2
1.558386289E2,2.671090141E-2,-4.413072392E-2,3.054427914E-2
1.558486059E2,1.844897680E-2,-3.666029125E-2,3.003961034E-2
1.558585839E2,3.532760078E-3,-2.072206885E-2,3.043771721E-2
1.558685609E2,-1.783111878E-2,-8.785885293E-4,2.527544647E-2
1.558785379E2,-1.654079705E-1,2.397833616E-1,2.368810028E-1
1.558885149E2,-6.849166751E-1,8.597504497E-1,6.971745491E-1
1.558984919E2,-9.499141574E-1,1.093841553E0,7.574270964E-1
1.559084689E2,-1.138973117E0,8.215825558E-1,4.766246974E-1
1.559184459E2,-1.271102071E0,3.943835795E-1,3.047082387E-2
1.559284229E2,-1.346044660E0,-9.393072128E-2,-3.823167384E-1
1.559383999E2,-1.298218369E0,-2.266798019E-1,-5.903491378E-1
1.559483769E2,-1.243287802E0,-1.911074370E-1,-5.133517981E-1
1.559583539E2,-9.858544469E-1,-3.187302649E-1,-2.926078439E-1
1.559683309E2,-2.561885118E-1,-7.104027271E-1,-1.380472779E-1
1.559783079E2,8.240164518E-1,-9.861565828E-1,-1.563438326E-1
1.559882849E2,1.392543316E0,-1.010892868E0,-3.037082553E-1
1.559982619E2,1.524982452E0,-5.391332507E-1,-2.264792770E-1
1.560082389E2,1.262000084E0,6.887654960E-2,1.287311781E-2
1.560182169E2,8.563965559E-1,4.972637594E-1,2.964713871E-1
1.560281939E2,5.979256034E-1,6.040797234E-1,4.545273483E-1
1.560381709E2,5.654127598E-1,4.182185233E-1,4.040045738E-1
1.560481479E2,6.684246063E-1,6.283406168E-2,2.176959515E-1
1.560581249E2,7.381168604E-1,-2.743894160E-1,2.311356366E-2
1.560681019E2,6.780849099E-1,-4.745461941E-1,-8.890990913E-2
1.560780789E2,5.099561810E-1,-5.538744330E-1,-1.092321053E-1
1.560880559E2,3.083618283E-1,-5.622276664E-1,-6.365662813E-2
1.560980329E2,1.458351314E-1,-5.253843665E-1,7.342080586E-3
1.561080099E2,6.325529516E-2,-4.592151940E-1,7.870041579E-2
1.561179869E2,5.083244666E-2,-3.659873307E-1,1.354185641E-1
1.561279639E2,7.661477476E-2,-2.462723702E-1,1.713366061E-1
1.561379409E2,1.081936061E-1,-1.187687218E-1,1.960196048E-1
1.561479179E2,1.022467613E-1,7.358318195E-3,2.197683454E-1
1.561578959E2,4.927812144E-2,1.067937613E-1,2.457849681E-1
1.561678729E2,-3.418001905E-2,1.767531335E-1,2.736741304E-1
1.561778499E2,-1.174415797E-1,2.242479026E-1,3.044865429E-1
1.561878269E2,-1.706339717E-1,2.495934814E-1,3.338188827E-1
1.561978039E2,-1.778136939E-1,2.533978820E-1,3.438991606E-1
1.562077809E2,-1.419433057E-1,2.404328287E-1,3.188127279E-1
1.562177579E2,-8.637065440E-2,2.162624449E-1,2.552985847E-1
1.562277349E2,-2.520023845E-2,1.901469529E-1,1.611425132E-1
1.562377119E2,3.103826568E-2,1.581589282E-1,4.099586233E-2
1.562476889E2,7.919673622E-2,1.222589761E-1,-8.084429055E-2
1.562576659E2,1.143643484E-1,8.765086532E-2,-1.889939904E-1
1.562676429E2,1.297499537E-1,5.480850115E-2,-2.586553693E-1
1.562776199E2,1.203409359E-1,3.370199353E-2,-2.859741747E-1
1.562875969E2,8.457255363E-2,1.822982542E-2,-2.822628021E-1
1.562975739E2,2.422403730E-2,9.441619739E-3,-2.531494796E-1
1.563075509E2,-5.661461875E-2,-1.245646505E-3,-2.133336216E-1
1.563175289E2,-1.534249932E-1,-1.425326616E-2,-1.755914241E-1
1.563275059E2,-2.528692782E-1,-2.923567779E-2,-1.321762949E-1
1.563374829E2,-3.358718157E-1,-4.399710521E-2,-7.623755187E-2
1.563474599E2,-3.819652796E-1,-5.117832124E-2,-2.753845975E-2
1.563574369E2,-3.839296103E-1,-5.263347179E-2,3.872727277E-3
1.563674139E2,-3.547267318E-1,-4.050517082E-2,6.789953914E-3
1.563773909E2,-2.981466651E-1,-2.892716601E-2,1.994330669E-3
1.563873679E2,-2.281007171E-1,-8.318028413E-3,1.286242437E-2
1.563973449E2,-1.442446709E-1,2.516113594E-2,3.719351068E-2
1.564073219E2,-5.651507527E-2,5.529826507E-2,5.774698779E-2
1.564172989E2,3.536391631E-2,6.033714116E-2,7.640177011E-2
1.564272759E2,1.189536229E-1,3.228500485E-2,8.660540730E-2
1.564372529E2,1.728172749E-1,-9.956621565E-3,8.914200217E-2
1.564472299E2,1.923832595E-1,-5.830471218E-2,7.958018780E-2
1.564572069E2,1.685854197E-1,-1.141813099E-1,6.421048194E-2
1.564671849E2,1.229257956E-1,-1.665262729E-1,5.611260608E-2
1.564771619E2,6.185556576E-2,-1.989050061E-1,5.202507600E-2
1.564871389E2,-5.716552958E-3,-2.013013065E-1,5.310845003E-2
1.564971159E2,-8.011059463E-2,-1.915874928E-1,6.567771733E-2
1.565070929E2,-1.465319693E-1,-1.728199422E-1,8.279625326E-2
1.565170699E2,-1.975746602E-1,-1.421011984E-1,9.192851931E-2
1.565270469E2,-2.275983393E-1,-9.455232322E-2,9.824740142E-2
1.565370239E2,-2.248743773E-1,-3.540522605E-2,9.690263122E-2
1.565470009E2,-1.953689456E-1,3.082200140E-2,9.105645865E-2
1.565569779E2,-1.453898698E-1,9.305047244E-2,8.346734941E-2
1.565669549E2,-9.296633303E-2,1.568638086E-1,7.316411287E-2
1.565769319E2,-4.189681262E-2,2.237577587E-1,6.731992215E-2
1.565869089E2,-3.808018751E-3,2.778042257E-1,6.862726808E-2
1.565968859E2,9.012341499E-3,3.176570535E-1,8.018611372E-2
1.566068639E2,-8.020970039E-3,3.320687711E-1,1.004754007E-1
1.566168409E2,-5.204185843E-2,3.236263096E-1,1.394638866E-1
1.566268179E2,-1.104500443E-1,2.902137637E-1,1.844217777E-1
1.566367949E2,-1.693679541E-1,2.453954071E-1,2.240229696E-1
1.566467719E2,-2.153668702E-1,1.902980655E-1,2.539744973E-1
1.566567489E2,-2.512772679E-1,1.272856593E-1,2.744892240E-1
1.566667259E2,-2.703359127E-1,6.259427220E-2,2.824451625E-1
1.566767029E2,-2.675874829E-1,2.605533227E-2,2.781503797E-1
1.566866799E2,-2.401678264E-1,1.710604690E-2,2.655794621E-1
1.566966569E2,-1.846859604E-1,2.382124960E-2,2.500607967E-1
1.567066339E2,-1.010576487E-1,4.356379434E-2,2.404656857E-1
1.567166109E2,-2.589426469E-3,6.155883893E-2,2.427512705E-1
1.567265879E2,9.854172170E-2,8.092693985E-2,2.445680797E-1
1.567365649E2,1.921173781E-1,1.064709052E-1,2.354251146E-1
1.567465419E2,2.700137794E-1,1.096541807E-1,2.266880870E-1
1.567565192E2,3.218146265E-1,8.169062436E-2,2.196893096E-1
1.567664962E2,3.382002711E-1,4.305800796E-2,2.145968229E-1
1.567764732E2,3.112577796E-1,8.647847921E-3,2.138265371E-1
1.567864502E2,2.468084842E-1,-2.777594142E-2,2.212263942E-1
1.567964272E2,1.626511067E-1,-6.813675165E-2,2.301509529E-1
1.568064042E2,7.200483233E-2,-1.062109023E-1,2.332855016E-1
1.568163812E2,-1.139746699E-2,-1.428147107E-1,2.339932621E-1
1.568263582E2,-7.084641606E-2,-1.692838669E-1,2.269987464E-1
1.568363352E2,-1.025566533E-1,-1.831055731E-1,2.212145925E-1
1.568463122E2,-1.102928743E-1,-1.929739267E-1,2.130493373E-1
1.568562892E2,-1.045721993E-1,-2.078299671E-1,2.066594660E-1
1.568662662E2,-1.032816321E-1,-2.145962566E-1,2.059952766E-1
1.568762432E2,-1.196010560E-1,-2.107390463E-1,2.117066383E-1
1.568862202E2,-1.510804296E-1,-1.982054114E-1,2.206809521E-1
1.568961972E2,-1.863556653E-1,-1.676725149E-1,2.250976861E-1
1.569061752E2,-2.161649615E-1,-1.315435320E-1,2.224773914E-1
1.569161522E2,-2.352925539E-1,-1.019489840E-1,2.203902602E-1
1.569261292E2,-2.352571338E-1,-9.906344861E-2,2.253352106E-1
1.569361062E2,-2.119470686E-1,-9.665547311E-2,2.216473818E-1
1.569460832E2,-1.679860055E-1,-7.454644144E-2,2.055070251E-1
1.569560602E2,-1.072232127E-1,-6.211442500E-2,1.817671210E-1
1.569660372E2,-3.953258321E-2,-9.231226891E-2,1.510992199E-1
1.569760142E2,2.034926601E-2,-1.720876694E-1,1.109762862E-1
1.569859912E2,3.717245534E-2,-2.970066965E-1,6.081032008E-2
1.569959682E2,-2.500748076E-2,-4.475251734E-1,1.587996632E-2
1.570059452E2,-1.757125705E-1,-5.857147574E-1,-2.318807319E-2
1.570159222E2,-3.985170126E-1,-6.395899653E-1,-5.490766466E-2
1.570258992E2,-6.344549656E-1,-5.586155057E-1,-7.804627717E-2
1.570358762E2,-7.842112184E-1,-3.985451162E-1,-1.036231890E-1
1.570458532E2,-7.670713663E-1,-2.334794551E-1,-1.383960843E-1
1.570558312E2,-5.831179023E-1,-1.191072315E-1,-1.565563977E-1
1.570658082E2,-3.024548590E-1,-4.580611363E-2,-1.368202567E-1
1.570757852E2,-9.630193003E-3,2.620227262E-2,-8.000567555E-2
1.570857622E2,2.231127769E-1,9.324815124E-2,7.043206599E-3
1.570957392E2,3.502262235E-1,1.615791470E-1,1.038334519E-1
1.571057162E2,3.911811113E-1,2.190576196E-1,1.863293946E-1
1.571156932E2,3.722826540E-1,2.584397793E-1,2.328668237E-1
1.571256702E2,3.338734806E-1,2.949424088E-1,2.258126438E-1
1.571356472E2,3.097325861E-1,3.038672507E-1,1.725693792E-1
1.571456242E2,3.049948215E-1,2.782548368E-1,8.966623992E-2
1.571556012E2,3.015629947E-1,2.427522093E-1,5.522696301E-4
1.571655782E2,2.826582789E-1,2.015110254E-1,-7.782030106E-2
1.571755552E2,2.551661134E-1,1.423775256E-1,-1.265863925E-1
1.571855322E2,2.183175683E-1,7.900148630E-2,-1.382110864E-1
1.571955092E2,1.663629860E-1,2.737695165E-2,-1.292449385E-1
1.572054872E2,9.743611515E-2,1.151472796E-3,-1.168777570E-1
1.572154642E2,-3.023000900E-3,6.724327803E-3,-1.073678359E-1
1.572254412E2,-1.261838078E-1,3.126242757E-2,-1.029387265E-1
1.572354182E2,-2.492169738E-1,7.420501858E-2,-9.297574311E-2
1.572453952E2,-3.414411843E-1,1.241744384E-1,-7.922077924E-2
1.572553722E2,-3.820644021E-1,1.700594872E-1,-6.437309086E-2
1.572653492E2,-3.585409820E-1,2.107794881E-1,-5.732290074E-2
1.572753262E2,-2.872322202E-1,2.374295890E-1,-5.981947482E-2
1.572853032E2,-1.889709085E-1,2.492761314E-1,-7.387057692E-2
1.572952802E2,-7.922738045E-2,2.471702546E-1,-8.718209714E-2
1.573052572E2,2.001744695E-2,2.262114435E-1,-8.661404252E-2
1.573152342E2,1.019358262E-1,1.899945885E-1,-7.470428944E-2
1.573252112E2,1.549924016E-1,1.461530924E-1,-5.833463743E-2
1.573351882E2,1.777280420E-1,8.907583356E-2,-3.704873100E-2
1.573451662E2,1.791469753E-1,1.973298006E-2,-1.891420409E-2
1.573551432E2,1.649496704E-1,-5.015476048E-2,-1.132925507E-2
1.573651202E2,1.445634365E-1,-1.083847731E-1,-1.105628069E-2
1.573750972E2,1.058801040E-1,-1.453967839E-1,-9.089577943E-3
1.573850742E2,6.150171533E-2,-1.480208039E-1,1.168651972E-3
1.573950512E2,3.200839087E-2,-1.240456849E-1,1.846591942E-2
1.574050282E2,2.707062289E-2,-9.620393813E-2,4.299549386E-2
1.574150052E2,4.177536070E-2,-5.378462747E-2,6.633339077E-2
1.574249822E2,6.663863361E-2,-2.781899646E-3,8.754892647E-2
1.574349592E2,9.146361053E-2,4.700835049E-2,1.034420282E-1
1.574449362E2,1.156712174E-1,8.332667500E-2,1.078370437E-1
1.574549132E2,1.486212313E-1,1.077897325E-1,9.619119018E-2
1.574648902E2,1.889497340E-1,1.153842658E-1,5.747175962E-2
1.574748672E2,2.382750958E-1,1.248026863E-1,6.339557469E-3
1.574848442E2,2.943466306E-1,1.415241510E-1,-5.056979880E-2
1.574948222E2,3.528395593E-1,1.602142900E-1,-8.595935255E-2
1.575047992E2,4.017271996E-1,1.832996309E-1,-9.665567428E-2
1.575147762E2,4.356195927E-1,2.058402896E-1,-8.202279359E-2
1.575247532E2,4.475353956E-1,2.311384529E-1,-6.182751432E-2
1.575347302E2,4.373914301E-1,2.413139790E-1,-4.261818901E-2
1.575447072E2,4.097161293E-1,2.261637896E-1,-2.330654114E-2
1.575546842E2,3.664841354E-1,1.981518269E-1,-1.102914475E-2
1.575646612E2,3.075148165E-1,1.690187007E-1,2.548715333E-3
1.575746382E2,2.428620309E-1,1.295723170E-1,1.574337482E-2
1.575846152E2,1.876871884E-1,8.245753497E-2,3.401718661E-2
1.575945922E2,1.339093447E-1,2.334679663E-2,4.468521103E-2
1.576045692E2,9.094670415E-2,-3.625101596E-2,4.433713481E-2
1.576145462E2,6.004222110E-2,-8.732753247E-2,4.217297956E-2
1.576245232E2,4.197746888E-2,-1.043645740E-1,3.810446709E-2
1.576345012E2,3.422635049E-2,-1.049618199E-1,4.440414906E-2
1.576444782E2,3.611532971E-2,-1.095102280E-1,6.171522290E-2
1.576544552E2,4.082586244E-2,-1.092225835E-1,8.022833616E-2
1.576644322E2,4.076381028E-2,-9.200631082E-2,8.845110983E-2
1.576744092E2,3.274417296E-2,-7.317036390E-2,9.709477425E-2
1.576843862E2,4.351719469E-2,-4.251924157E-2,1.127967685E-1
1.576943632E2,2.186129391E-1,6.987760216E-2,1.590586454E-1
1.577043402E2,2.580420971E-1,9.868341684E-2,1.444392204E-1
1.577143172E2,3.644175231E-1,1.103693396E-1,1.381230354E-1
1.577242942E2,4.784285128E-1,1.625382751E-1,1.820247993E-2
1.577342712E2,4.943745732E-1,1.438733637E-1,-8.975722641E-2
1.577442482E2,4.765582979E-1,1.232010946E-1,-9.704949707E-2
1.577542252E2,5.323396921E-1,9.554212540E-2,-1.226143464E-1
1.577642025E2,5.761002302E-1,3.397489712E-2,-1.864074469E-1
1.577741795E2,5.589310527E-1,1.693203300E-2,-2.464013845E-1
1.577841575E2,4.729700685E-1,2.041198686E-2,-2.443089485E-1
1.577941345E2,3.541481495E-1,1.642788947E-2,-1.758781224E-1
1.578041115E2,2.443763763E-1,1.629899256E-2,-7.369209826E-2
1.578140885E2,1.431757063E-1,4.500047863E-2,2.854750305E-2
1.578240655E2,3.829854727E-2,8.582487702E-2,1.117308065E-1
1.578340425E2,-6.373840570E-2,1.234373301E-1,1.672610641E-1
1.578440195E2,-1.605698764E-1,1.345839947E-1,2.097765505E-1
1.578539965E2,-2.244090140E-1,1.136980876E-1,2.329430729E-1
1.578639735E2,-2.532563806E-1,5.223712698E-2,2.196578830E-1
1.578739505E2,-2.512029409E-1,-3.976208717E-2,1.699534655E-1
1.578839275E2,-2.201507688E-1,-1.267728806E-1,1.042543501E-1
1.578939045E2,-1.600418836E-1,-1.966125071E-1,4.008841142E-2
1.579038815E2,-6.137682870E-2,-2.212273031E-1,-2.779695205E-3
1.579138585E2,3.275114298E-2,-2.081603706E-1,-1.595703140E-2
1.579238365E2,7.848667353E-2,-1.431683153E-1,-1.403369475E-2
1.579338135E2,7.235809416E-2,-5.193527043E-2,4.310382996E-3
1.579437905E2,2.730832621E-2,3.401718661E-2,3.438279778E-2
1.579537675E2,-1.843023114E-2,1.005831510E-1,7.128056139E-2
1.579637445E2,-5.991295725E-2,1.296049505E-1,9.982325137E-2
1.579737215E2,-8.919176459E-2,1.167990342E-1,9.838357568E-2
1.579836985E2,-9.821322560E-2,4.998405278E-2,6.879266351E-2
1.579936755E2,-8.581156284E-2,-5.178845674E-2,2.004673332E-2
1.580036525E2,-6.304287165E-2,-1.395659745E-1,-2.901428565E-2
1.580136295E2,-5.088486895E-2,-1.938787103E-1,-7.663375139E-2
1.580236065E2,-5.007660016E-2,-2.147887796E-1,-9.305027127E-2
1.580335835E2,-4.667425901E-2,-1.898383498E-1,-6.772098690E-2
1.580435605E2,-4.621459544E-2,-1.431214511E-1,-1.247850619E-2
1.580535375E2,-5.173258483E-2,-7.581891865E-2,4.431056976E-2
1.580635145E2,-4.258409515E-2,-1.221437752E-2,9.208848327E-2
1.580734925E2,6.780920085E-3,2.809365653E-2,1.060876697E-1
1.580834695E2,7.846229523E-2,4.267686233E-2,8.477465808E-2
1.580934465E2,1.078858525E-1,5.182862282E-2,5.568836629E-2
1.581034235E2,1.005102322E-1,6.000132859E-2,2.601302788E-2
1.581134005E2,-5.692990497E-3,6.006338820E-2,1.614751667E-2
1.581233775E2,-2.494904846E-1,3.403365612E-2,3.321305290E-2
1.581333545E2,-2.942531705E-1,-3.746023402E-2,2.984228916E-2
1.581433315E2,-2.187477499E-1,-1.249131188E-1,2.919567376E-2
1.581533085E2,-1.409508884E-1,-1.101745218E-1,2.136986516E-2
1.581632855E2,-8.943017572E-2,-8.577277511E-2,4.165310878E-3
1.581732625E2,-3.780421987E-2,-7.686606050E-2,-1.374000497E-2
1.581832395E2,8.942511864E-3,-6.110760570E-2,-2.382459678E-2
1.581932165E2,2.909167670E-2,-2.167847566E-2,-4.308209568E-2
1.582031935E2,-2.728797495E-2,3.028618731E-2,-7.531806082E-2
1.582131715E2,-1.635902375E-1,6.289546192E-2,-4.852862656E-2